
 ===================================================
  XFOIL Version 6.99
  Copyright (C) 2000   Mark Drela, Harold Youngren

  This software comes with ABSOLUTELY NO WARRANTY,
    subject to the GNU General Public License.

  Caveat computor
 ===================================================

 File  xfoil.def  not found

   QUIT    Exit program

  .OPER    Direct operating point(s)
  .MDES    Complex mapping design routine
  .QDES    Surface speed design routine
  .GDES    Geometry design routine

   SAVE f  Write airfoil to labeled coordinate file
   PSAV f  Write airfoil to plain coordinate file
   ISAV f  Write airfoil to ISES coordinate file
   MSAV f  Write airfoil to MSES coordinate file
   REVE    Reverse written-airfoil node ordering
   DELI i  Change written-airfoil file delimiters

   LOAD f  Read buffer airfoil from coordinate file
   NACA i  Set NACA 4,5-digit airfoil and buffer airfoil
   INTE    Set buffer airfoil by interpolating two airfoils
   NORM    Buffer airfoil normalization toggle
   HALF    Halve the number of points in buffer airfoil
   XYCM rr Change CM reference location, currently  0.25000 0.00000

   BEND    Display structural properties of current airfoil

   PCOP    Set current-airfoil panel nodes directly from buffer airfoil points
   PANE    Set current-airfoil panel nodes ( 160 ) based on curvature
  .PPAR    Show/change paneling

  .PLOP    Plotting options

   WDEF f  Write  current-settings file
   RDEF f  Reread current-settings file
   NAME s  Specify new airfoil name
   NINC    Increment name version number

   Z       Zoom    | (available in all menus)
   U       Unzoom  | 

 XFOIL   c>  
 Labeled airfoil file.  Name:  Clark Y generated XFOIL input; source clarky.dat

 Number of input coordinate points: 122
 Counterclockwise ordering
 Max thickness =     0.117071  at x =   0.280
 Max camber    =     0.034331  at x =   0.420

  LE  x,y  =   0.00000   0.00000  |   Chord =   1.00000
  TE  x,y  =   1.00000   0.00000  |

 Current airfoil nodes set from buffer airfoil nodes ( 121 )

 XFOIL   c>  
 Sharp leading edge

 Blunt trailing edge.  Gap =  0.00120

 Paneling parameters used...
   Number of panel nodes       160
   Panel bunching parameter    1.000
   TE/LE panel density ratio   0.150
   Refined-area/LE panel density ratio    0.200
   Top    side refined area x/c limits  1.000 1.000
   Bottom side refined area x/c limits  1.000 1.000

 XFOIL   c>  
.OPERi   c>  
 M  =    0.0000
 Re =  0.4800E+06

.OPERv   c>  
 Xtr/c     =  1.0000    top    side
 Xtr/c     =  1.0000    bottom side
 NcritT    =    9.00   ( 0.070 % turb. level )
 NcritB    =    9.00   ( 0.070 % turb. level )
 Vacc      =  0.0100
 WakeL/c   =   1.000

 Klag  =  5.6000     Uxwt  =    1.00       Kdl =  0.9000
 A     =  6.7000     B     =  0.7500       KCt = 0.01485
 CtiniK=  1.8000     CtiniX=  3.3000

..VPAR   c>  
..VPAR   c>  
.OPERv   c>  
.OPERv   c>  
 Polar  1 newly created for accumulation
 Airfoil archived with polar: Clark Y generated XFOIL input; source clarky.dat

Enter  polar save filename  OR  <return> for no file   s>  
 New polar save file available

Enter  polar dump filename  OR  <return> for no file   s>  
 Polar dump file will NOT be written

 Polar accumulation enabled

.OPERva   c>   Calculating unit vorticity distributions ...
 Calculating wake trajectory ...
 Calculating source influence matrix ...

 Solving BL system ...

 Initializing BL ...
    side            1  ...
 MRCHUE: Inverse mode at  31     Hk =   4.203
 MRCHUE: Inverse mode at  32     Hk =   5.399
 MRCHUE: Convergence failed at  33  side 1    Res =  0.4737E+01
 MRCHUE: Inverse mode at  34     Hk =   4.811
 MRCHUE: Inverse mode at  35     Hk =   2.500
 MRCHUE: Inverse mode at  36     Hk =   2.500
 MRCHUE: Inverse mode at  87     Hk =   2.500
 MRCHUE: Inverse mode at  88     Hk =   2.500
 MRCHUE: Inverse mode at  89     Hk =   2.500
 MRCHUE: Inverse mode at  90     Hk =   2.500
 MRCHUE: Inverse mode at  91     Hk =   2.500
 MRCHUE: Inverse mode at  92     Hk =   2.500
 MRCHUE: Inverse mode at  93     Hk =   2.500
 MRCHUE: Inverse mode at  94     Hk =   2.500
 MRCHUE: Inverse mode at  95     Hk =   2.500
 MRCHUE: Inverse mode at  96     Hk =   2.500
 MRCHUE: Inverse mode at  97     Hk =   2.500
 MRCHUE: Inverse mode at  98     Hk =   2.500
 MRCHUE: Inverse mode at  99     Hk =   2.500
 MRCHUE: Inverse mode at 100     Hk =   2.500
 MRCHUE: Inverse mode at 101     Hk =   2.500
 MRCHUE: Inverse mode at 102     Hk =   2.500
 MRCHUE: Inverse mode at 103     Hk =   2.500
 MRCHUE: Convergence failed at 104  side 1    Res =  0.5248E+01
 MRCHUE: Inverse mode at 105     Hk =   2.500
 MRCHUE: Inverse mode at 106     Hk =   2.500
 MRCHUE: Convergence failed at 107  side 1    Res =  0.5202E+01
 MRCHUE: Convergence failed at 108  side 1    Res =  0.5634E+01
    side            2  ...
 MRCHUE: Inverse mode at  55     Hk =   3.182

 MRCHDU: Convergence failed at  35  side 1    Res =  0.7457E+01
 MRCHDU: Convergence failed at  36  side 1    Res =  0.5257E+01
 MRCHDU: Convergence failed at  37  side 1    Res =  0.1536E+02
 MRCHDU: Convergence failed at  38  side 1    Res =  0.1071E+03
 MRCHDU: Convergence failed at  39  side 1    Res =  0.1527E+02
 MRCHDU: Convergence failed at  40  side 1    Res =  0.8274E+01
 MRCHDU: Convergence failed at  41  side 1    Res =  0.6631E+01
 MRCHDU: Convergence failed at  42  side 1    Res =  0.6588E+01
 MRCHDU: Convergence failed at  43  side 1    Res =  0.7272E+01
 MRCHDU: Convergence failed at  44  side 1    Res =  0.8605E+01
 MRCHDU: Convergence failed at  45  side 1    Res =  0.1154E+02
 MRCHDU: Convergence failed at  46  side 1    Res =  0.1964E+02
 MRCHDU: Convergence failed at  47  side 1    Res =  0.6580E+02
 MRCHDU: Convergence failed at  48  side 1    Res =  0.6731E+02
 MRCHDU: Convergence failed at  49  side 1    Res =  0.2324E+02
 MRCHDU: Convergence failed at  50  side 1    Res =  0.1466E+02
 MRCHDU: Convergence failed at  51  side 1    Res =  0.1063E+02
 MRCHDU: Convergence failed at  52  side 1    Res =  0.8620E+01
 MRCHDU: Convergence failed at  53  side 1    Res =  0.8719E+01
 MRCHDU: Convergence failed at  54  side 1    Res =  0.1075E+02
 MRCHDU: Convergence failed at  55  side 1    Res =  0.1468E+02
 MRCHDU: Convergence failed at  56  side 1    Res =  0.9406E+02
 MRCHDU: Convergence failed at  57  side 1    Res =  0.1438E+04
 MRCHDU: Convergence failed at  58  side 1    Res =  0.1658E+02
 MRCHDU: Convergence failed at  59  side 1    Res =  0.2015E+02
 MRCHDU: Convergence failed at  60  side 1    Res =  0.2542E+02
 MRCHDU: Convergence failed at  61  side 1    Res =  0.3343E+02
 MRCHDU: Convergence failed at  62  side 1    Res =  0.4688E+02
 MRCHDU: Convergence failed at  63  side 1    Res =  0.7475E+02
 MRCHDU: Convergence failed at  64  side 1    Res =  0.1926E+03
 MRCHDU: Convergence failed at  65  side 1    Res =  0.1607E+02
 MRCHDU: Convergence failed at  66  side 1    Res =  0.4514E+03
 MRCHDU: Convergence failed at  67  side 1    Res =  0.2459E+03
 MRCHDU: Convergence failed at  68  side 1    Res =  0.1406E+02
 MRCHDU: Convergence failed at  69  side 1    Res =  0.1283E+02
 MRCHDU: Convergence failed at  70  side 1    Res =  0.1209E+02
 MRCHDU: Convergence failed at  71  side 1    Res =  0.2023E+03
 MRCHDU: Convergence failed at  72  side 1    Res =  0.5535E+02
 MRCHDU: Convergence failed at  73  side 1    Res =  0.3398E+02
 MRCHDU: Convergence failed at  74  side 1    Res =  0.2532E+02
 MRCHDU: Convergence failed at  75  side 1    Res =  0.2047E+02
 MRCHDU: Convergence failed at  76  side 1    Res =  0.1724E+02
 MRCHDU: Convergence failed at  77  side 1    Res =  0.1486E+02
 MRCHDU: Convergence failed at  78  side 1    Res =  0.1312E+02
 MRCHDU: Convergence failed at  79  side 1    Res =  0.1181E+02
 MRCHDU: Convergence failed at  80  side 1    Res =  0.1079E+02
 MRCHDU: Convergence failed at  81  side 1    Res =  0.9977E+01
 MRCHDU: Convergence failed at  82  side 1    Res =  0.9332E+01
 MRCHDU: Convergence failed at  83  side 1    Res =  0.8795E+01
 MRCHDU: Convergence failed at  84  side 1    Res =  0.8337E+01
 MRCHDU: Convergence failed at  85  side 1    Res =  0.7936E+01
 MRCHDU: Convergence failed at  86  side 1    Res =  0.7581E+01
 MRCHDU: Convergence failed at  87  side 1    Res =  0.3485E+02
 MRCHDU: Convergence failed at  88  side 1    Res =  0.2830E+02
 MRCHDU: Convergence failed at  89  side 1    Res =  0.2407E+02
 MRCHDU: Convergence failed at  90  side 1    Res =  0.2112E+02
 MRCHDU: Convergence failed at  91  side 1    Res =  0.1895E+02
 MRCHDU: Convergence failed at  92  side 1    Res =  0.1729E+02
 MRCHDU: Convergence failed at  93  side 1    Res =  0.1597E+02
 MRCHDU: Convergence failed at  94  side 1    Res =  0.1491E+02
 MRCHDU: Convergence failed at  95  side 1    Res =  0.1404E+02
 MRCHDU: Convergence failed at  96  side 1    Res =  0.1331E+02
 MRCHDU: Convergence failed at  97  side 1    Res =  0.1270E+02
 MRCHDU: Convergence failed at  98  side 1    Res =  0.1217E+02
 MRCHDU: Convergence failed at  99  side 1    Res =  0.1172E+02
 MRCHDU: Convergence failed at 100  side 1    Res =  0.1132E+02
 MRCHDU: Convergence failed at 101  side 1    Res =  0.1097E+02
 MRCHDU: Convergence failed at 102  side 1    Res =  0.1066E+02
 MRCHDU: Convergence failed at 103  side 1    Res =  0.1038E+02
 MRCHDU: Convergence failed at 104  side 1    Res =  0.6437E+01
 MRCHDU: Convergence failed at 105  side 1    Res =  0.6367E+01
 MRCHDU: Convergence failed at 106  side 1    Res =  0.6298E+01
 MRCHDU: Convergence failed at 107  side 1    Res =  0.6778E+01
 MRCHDU: Convergence failed at 108  side 1    Res =  0.1177E+02
 Side 1  free  transition at x/c =  0.5819   86
 Side 2 forced transition at x/c =  1.0000   55

   1   rms: 0.3082E+01   max: 0.3426E+01   C at   78  2   RLX: 0.110
       a = 18.000      CL = 14.2280
      Cm = -3.5967     CD =  0.00059   =>   CDf =  0.02778    CDp = -0.02720

 Side 1  free  transition at x/c =  0.0073   36
 Side 2 forced transition at x/c =  1.0000   55

   2   rms: 0.2761E+01   max: -.3004E+01   U at  108  1   RLX: 0.043
       a = 18.000      CL = 13.4717
      Cm = -3.3594     CD =  0.00188   =>   CDf =  0.05152    CDp = -0.04964

 Side 1  free  transition at x/c =  0.0066   35
 Side 2 forced transition at x/c =  1.0000   55

   3   rms: 0.2642E+01   max: -.2874E+01   U at  108  1   RLX: 0.045
       a = 18.000      CL = 12.7684
      Cm = -3.1362     CD =  0.00198   =>   CDf =  0.04897    CDp = -0.04699

 Side 1  free  transition at x/c =  0.0061   35
 Side 2 forced transition at x/c =  1.0000   55

   4   rms: 0.2514E+01   max: -.2741E+01   U at  108  1   RLX: 0.049
       a = 18.000      CL = 12.0710
      Cm = -2.9160     CD =  0.00209   =>   CDf =  0.04640    CDp = -0.04432

 Side 1  free  transition at x/c =  0.0058   35
 Side 2 forced transition at x/c =  1.0000   55

   5   rms: 0.2393E+01   max: -.2606E+01   U at  108  1   RLX: 0.052
       a = 18.000      CL = 11.3800
      Cm = -2.6990     CD =  0.00221   =>   CDf =  0.04385    CDp = -0.04163

 Side 1  free  transition at x/c =  0.0055   35
 Side 2 forced transition at x/c =  1.0000   55

   6   rms: 0.2273E+01   max: -.2467E+01   U at  108  1   RLX: 0.056
       a = 18.000      CL = 10.6957
      Cm = -2.4854     CD =  0.00236   =>   CDf =  0.04130    CDp = -0.03894

 Side 1  free  transition at x/c =  0.0053   35
 Side 2 forced transition at x/c =  1.0000   55

   7   rms: 0.2151E+01   max: -.2325E+01   U at  108  1   RLX: 0.061
       a = 18.000      CL = 10.0187
      Cm = -2.2754     CD =  0.00252   =>   CDf =  0.03876    CDp = -0.03623

 Side 1  free  transition at x/c =  0.0052   35
 Side 2 forced transition at x/c =  1.0000   55

   8   rms: 0.2028E+01   max: -.2180E+01   U at  108  1   RLX: 0.066
       a = 18.000      CL =  9.3494
      Cm = -2.0694     CD =  0.00272   =>   CDf =  0.03623    CDp = -0.03351

 Side 1  free  transition at x/c =  0.0051   35
 Side 2 forced transition at x/c =  1.0000   55

   9   rms: 0.1903E+01   max: -.2032E+01   U at  108  1   RLX: 0.072
       a = 18.000      CL =  8.6884
      Cm = -1.8675     CD =  0.00297   =>   CDf =  0.03372    CDp = -0.03075

 Side 1  free  transition at x/c =  0.0050   34
 Side 2 forced transition at x/c =  1.0000   55

  10   rms: 0.1777E+01   max: -.1879E+01   U at  108  1   RLX: 0.080
       a = 18.000      CL =  8.0362
      Cm = -1.6702     CD =  0.00326   =>   CDf =  0.03122    CDp = -0.02796

 Side 1  free  transition at x/c =  0.0049   34
 Side 2 forced transition at x/c =  1.0000   55

  11   rms: 0.1649E+01   max: -.1723E+01   U at  108  1   RLX: 0.089
       a = 18.000      CL =  7.3937
      Cm = -1.4778     CD =  0.00364   =>   CDf =  0.02872    CDp = -0.02509

 Side 1  free  transition at x/c =  0.0049   34
 Side 2 forced transition at x/c =  1.0000   55

  12   rms: 0.1519E+01   max: -.1562E+01   U at  108  1   RLX: 0.100
       a = 18.000      CL =  6.7615
      Cm = -1.2908     CD =  0.00412   =>   CDf =  0.02624    CDp = -0.02212

 Side 1  free  transition at x/c =  0.0048   34
 Side 2 forced transition at x/c =  1.0000   55

  13   rms: 0.1389E+01   max: 0.1399E+01   D at   59  2   RLX: 0.114
       a = 18.000      CL =  6.1406
      Cm = -1.1097     CD =  0.00476   =>   CDf =  0.02377    CDp = -0.01901

 Side 1  free  transition at x/c =  0.0048   34
 Side 2 forced transition at x/c =  1.0000   55

  14   rms: 0.1258E+01   max: 0.1443E+01   D at   59  2   RLX: 0.132
       a = 18.000      CL =  5.5320
      Cm = -0.9352     CD =  0.00565   =>   CDf =  0.02132    CDp = -0.01568

 Side 1  free  transition at x/c =  0.0047   34
 Side 2 forced transition at x/c =  1.0000   55

  15   rms: 0.1128E+01   max: 0.1491E+01   D at   59  2   RLX: 0.156
       a = 18.000      CL =  4.9368
      Cm = -0.7680     CD =  0.00692   =>   CDf =  0.01889    CDp = -0.01197

 Side 1  free  transition at x/c =  0.0047   34
 Side 2 forced transition at x/c =  1.0000   55

  16   rms: 0.1000E+01   max: 0.1540E+01   D at   60  2   RLX: 0.189
       a = 18.000      CL =  4.3560
      Cm = -0.6092     CD =  0.00886   =>   CDf =  0.01724    CDp = -0.00838

 Side 1  free  transition at x/c =  0.0047   33
 Side 2 forced transition at x/c =  1.0000   56

  17   rms: 0.8841E+00   max: 0.1589E+01   D at   61  2   RLX: 0.233
       a = 18.000      CL =  3.7907
      Cm = -0.4603     CD =  0.01197   =>   CDf =  0.01412    CDp = -0.00215

 Side 1  free  transition at x/c =  0.0047   33
 Side 2 forced transition at x/c =  1.0000   56

  18   rms: 0.7820E+00   max: 0.1654E+01   D at   62  2   RLX: 0.292
       a = 18.000      CL =  3.2413
      Cm = -0.3240     CD =  0.01714   =>   CDf =  0.01182    CDp =  0.00532

 Side 1  free  transition at x/c =  0.0048   33
 Side 2 forced transition at x/c =  1.0000   56

  19   rms: 0.7302E+00   max: 0.1778E+01   D at   63  2   RLX: 0.320
       a = 18.000      CL =  2.7720
      Cm = -0.2212     CD =  0.02413   =>   CDf =  0.01040    CDp =  0.01373

 Side 1  free  transition at x/c =  0.0049   32
 Side 2 forced transition at x/c =  1.0000   57

  20   rms: 0.9145E+00   max: 0.2357E+01   D at  104  1   RLX: 0.229
       a = 18.000      CL =  2.4525
      Cm = -0.1691     CD =  0.03161   =>   CDf =  0.00885    CDp =  0.02276

 Side 1  free  transition at x/c =  0.0053   32
 Side 2 forced transition at x/c =  1.0000   58

  21   rms: 0.8097E+00   max: 0.2421E+01   D at   63  2   RLX: 0.486
       a = 18.000      CL =  1.9323
      Cm = -0.0917     CD =  0.05556   =>   CDf =  0.00870    CDp =  0.04686

 MRCHDU: Convergence failed at  82  side 1    Res =  0.1409E+02
 MRCHDU: Convergence failed at  83  side 1    Res =  0.2526E+01
 MRCHDU: Convergence failed at  84  side 1    Res =  0.1640E+01
 MRCHDU: Convergence failed at  85  side 1    Res =  0.1046E+01
 MRCHDU: Convergence failed at  86  side 1    Res =  0.1769E+01
 Side 1  free  transition at x/c =  0.0060   30
 Side 2 forced transition at x/c =  1.0000   60

  22   rms: 0.3721E+00   max: 0.2360E+01   D at   87  1   RLX: 0.636
       a = 18.000      CL =  1.6926
      Cm = -0.0586     CD =  0.07284   =>   CDf =  0.00689    CDp =  0.06595

 MRCHDU: Convergence failed at  86  side 1    Res =  0.2114E+02
 Side 1  free  transition at x/c =  0.0062   29
 Side 2 forced transition at x/c =  1.0000   61

  23   rms: 0.4250E+00   max: 0.1893E+01   D at   86  1   RLX: 0.792
       a = 18.000      CL =  1.4718
      Cm = -0.0605     CD =  0.10944   =>   CDf =  0.00616    CDp =  0.10328

 Side 1  free  transition at x/c =  0.0068   29
 Side 2 forced transition at x/c =  1.0000   62

  24   rms: 0.1597E+00   max: 0.9302E+00   D at   70  1
       a = 18.000      CL =  1.3458
      Cm = -0.0445     CD =  0.11847   =>   CDf =  0.00554    CDp =  0.11293

 Side 1  free  transition at x/c =  0.0072   28
 Side 2 forced transition at x/c =  1.0000   63

  25   rms: 0.2368E-01   max: 0.2023E+00   D at   65  1
       a = 18.000      CL =  1.3485
      Cm = -0.0447     CD =  0.11220   =>   CDf =  0.00483    CDp =  0.10737

 Side 1  free  transition at x/c =  0.0071   28
 Side 2 forced transition at x/c =  1.0000   63

  26   rms: 0.2984E-02   max: 0.3615E-01   D at   78  2
       a = 18.000      CL =  1.3476
      Cm = -0.0445     CD =  0.11111   =>   CDf =  0.00480    CDp =  0.10631

 Side 1  free  transition at x/c =  0.0072   28
 Side 2 forced transition at x/c =  1.0000   63

  27   rms: 0.1401E-03   max: -.9426E-03   D at   64  1
       a = 18.000      CL =  1.3476
      Cm = -0.0445     CD =  0.11097   =>   CDf =  0.00480    CDp =  0.10617

 Side 1  free  transition at x/c =  0.0072   28
 Side 2 forced transition at x/c =  1.0000   63

  28   rms: 0.2100E-04   max: -.8982E-04   D at   81  2
       a = 18.000      CL =  1.3476
      Cm = -0.0445     CD =  0.11098   =>   CDf =  0.00480    CDp =  0.10617
      5.000   12.4323   0.110978   0.014694   0.002331  -0.012363    0.0072     #

 Point added to stored polar  1
 Point written to save file  clarky_re480000_realistic_model_reverse.polar   
 Dump file unspecified or not available
 Calculating wake trajectory ...
 Calculating source influence matrix ...

 Solving BL system ...

 Side 1  free  transition at x/c =  0.0072   28
 Side 2 forced transition at x/c =  1.0000   63

   1   rms: 0.2953E-01   max: -.1506E+00   D at   63  1   RLX: 0.436
       a = 17.750      CL =  1.3501
      Cm = -0.0434     CD =  0.10813   =>   CDf =  0.00480    CDp =  0.10333

 Side 1  free  transition at x/c =  0.0072   28
 Side 2 forced transition at x/c =  1.0000   63

   2   rms: 0.1911E-01   max: -.9666E-01   D at   64  1
       a = 17.750      CL =  1.3555
      Cm = -0.0421     CD =  0.10465   =>   CDf =  0.00484    CDp =  0.09981

 Side 1  free  transition at x/c =  0.0072   28
 Side 2 forced transition at x/c =  1.0000   63

   3   rms: 0.3087E-02   max: -.1545E-01   D at   81  2
       a = 17.750      CL =  1.3577
      Cm = -0.0423     CD =  0.10540   =>   CDf =  0.00491    CDp =  0.10049

 Side 1  free  transition at x/c =  0.0072   28
 Side 2 forced transition at x/c =  1.0000   63

   4   rms: 0.1188E-03   max: -.8059E-03   D at   78  2
       a = 17.750      CL =  1.3577
      Cm = -0.0423     CD =  0.10550   =>   CDf =  0.00491    CDp =  0.10059

 Side 1  free  transition at x/c =  0.0072   28
 Side 2 forced transition at x/c =  1.0000   63

   5   rms: 0.1149E-04   max: 0.4551E-04   D at   80  2
       a = 17.750      CL =  1.3577
      Cm = -0.0423     CD =  0.10550   =>   CDf =  0.00491    CDp =  0.10059
      5.000   12.2290   0.105502   0.015111   0.002320  -0.012791    0.0072     #

 Point added to stored polar  1
 Point written to save file  clarky_re480000_realistic_model_reverse.polar   
 Dump file unspecified or not available
 Calculating wake trajectory ...
 Calculating source influence matrix ...

 Solving BL system ...

 Side 1  free  transition at x/c =  0.0072   28
 Side 2 forced transition at x/c =  1.0000   63

   1   rms: 0.3064E-01   max: -.1563E+00   D at   64  1   RLX: 0.451
       a = 17.500      CL =  1.3606
      Cm = -0.0412     CD =  0.10256   =>   CDf =  0.00490    CDp =  0.09766

 Side 1  free  transition at x/c =  0.0073   28
 Side 2 forced transition at x/c =  1.0000   63

   2   rms: 0.1905E-01   max: -.9532E-01   D at   65  1
       a = 17.500      CL =  1.3660
      Cm = -0.0400     CD =  0.09925   =>   CDf =  0.00495    CDp =  0.09430

 Side 1  free  transition at x/c =  0.0073   28
 Side 2 forced transition at x/c =  1.0000   63

   3   rms: 0.3003E-02   max: -.1392E-01   D at   81  2
       a = 17.500      CL =  1.3681
      Cm = -0.0402     CD =  0.09991   =>   CDf =  0.00502    CDp =  0.09489

 Side 1  free  transition at x/c =  0.0073   28
 Side 2 forced transition at x/c =  1.0000   63

   4   rms: 0.1090E-03   max: -.7603E-03   D at   77  2
       a = 17.500      CL =  1.3682
      Cm = -0.0402     CD =  0.10001   =>   CDf =  0.00502    CDp =  0.09499

 Side 1  free  transition at x/c =  0.0073   28
 Side 2 forced transition at x/c =  1.0000   63

   5   rms: 0.1143E-04   max: 0.4535E-04   D at   80  2
       a = 17.500      CL =  1.3681
      Cm = -0.0402     CD =  0.10001   =>   CDf =  0.00502    CDp =  0.09499
      5.000   12.0248   0.100012   0.015550   0.002309  -0.013241    0.0073     #

 Point added to stored polar  1
 Point written to save file  clarky_re480000_realistic_model_reverse.polar   
 Dump file unspecified or not available
 Calculating wake trajectory ...
 Calculating source influence matrix ...

 Solving BL system ...

 Side 1  free  transition at x/c =  0.0073   28
 Side 2 forced transition at x/c =  1.0000   63

   1   rms: 0.3192E-01   max: -.1627E+00   D at   65  1   RLX: 0.468
       a = 17.250      CL =  1.3713
      Cm = -0.0392     CD =  0.09696   =>   CDf =  0.00501    CDp =  0.09195

 Side 1  free  transition at x/c =  0.0073   28
 Side 2 forced transition at x/c =  1.0000   63

   2   rms: 0.1808E-01   max: -.8583E-01   D at   67  1
       a = 17.250      CL =  1.3764
      Cm = -0.0381     CD =  0.09397   =>   CDf =  0.00507    CDp =  0.08891

 Side 1  free  transition at x/c =  0.0074   28
 Side 2 forced transition at x/c =  1.0000   63

   3   rms: 0.3365E-02   max: -.1481E-01   D at   81  2
       a = 17.250      CL =  1.3787
      Cm = -0.0382     CD =  0.09444   =>   CDf =  0.00513    CDp =  0.08931

 Side 1  free  transition at x/c =  0.0073   28
 Side 2 forced transition at x/c =  1.0000   63

   4   rms: 0.2065E-03   max: -.1195E-02   D at   77  2
       a = 17.250      CL =  1.3788
      Cm = -0.0382     CD =  0.09453   =>   CDf =  0.00513    CDp =  0.08940

 Side 1  free  transition at x/c =  0.0073   28
 Side 2 forced transition at x/c =  1.0000   63

   5   rms: 0.4392E-05   max: 0.2066E-04   T at   77  2
       a = 17.250      CL =  1.3788
      Cm = -0.0382     CD =  0.09453   =>   CDf =  0.00513    CDp =  0.08940
      5.000   11.8170   0.094533   0.016010   0.002296  -0.013714    0.0073     #

 Point added to stored polar  1
 Point written to save file  clarky_re480000_realistic_model_reverse.polar   
 Dump file unspecified or not available
 Calculating wake trajectory ...
 Calculating source influence matrix ...

 Solving BL system ...

 Side 1  free  transition at x/c =  0.0073   28
 Side 2 forced transition at x/c =  1.0000   63

   1   rms: 0.3328E-01   max: -.1694E+00   D at   66  1   RLX: 0.485
       a = 17.000      CL =  1.3824
      Cm = -0.0372     CD =  0.09136   =>   CDf =  0.00513    CDp =  0.08623

 Side 1  free  transition at x/c =  0.0074   28
 Side 2 forced transition at x/c =  1.0000   63

   2   rms: 0.1733E-01   max: -.8037E-01   D at   68  1
       a = 17.000      CL =  1.3872
      Cm = -0.0363     CD =  0.08868   =>   CDf =  0.00563    CDp =  0.08305

 Side 1  free  transition at x/c =  0.0074   27
 Side 2 forced transition at x/c =  1.0000   64

   3   rms: 0.1589E-01   max: 0.2766E+00   D at    2  2
       a = 17.000      CL =  1.3894
      Cm = -0.0364     CD =  0.08907   =>   CDf =  0.00479    CDp =  0.08428

 Side 1  free  transition at x/c =  0.0074   28
 Side 2 forced transition at x/c =  1.0000   63

   4   rms: 0.1215E-02   max: 0.1475E-01   D at    3  2
       a = 17.000      CL =  1.3895
      Cm = -0.0364     CD =  0.08915   =>   CDf =  0.00525    CDp =  0.08390

 Side 1  free  transition at x/c =  0.0074   28
 Side 2 forced transition at x/c =  1.0000   63

   5   rms: 0.2864E-03   max: -.3805E-02   D at    4  1
       a = 17.000      CL =  1.3895
      Cm = -0.0364     CD =  0.08915   =>   CDf =  0.00525    CDp =  0.08390

 Side 1  free  transition at x/c =  0.0074   28
 Side 2 forced transition at x/c =  1.0000   63

   6   rms: 0.4504E-06   max: 0.1534E-05   D at   79  2
       a = 17.000      CL =  1.3895
      Cm = -0.0364     CD =  0.08915   =>   CDf =  0.00525    CDp =  0.08390
      5.000   11.6022   0.089151   0.016454   0.002280  -0.014173    0.0074     #

 Point added to stored polar  1
 Point written to save file  clarky_re480000_realistic_model_reverse.polar   
 Dump file unspecified or not available
 Calculating wake trajectory ...
 Calculating source influence matrix ...

 Solving BL system ...

 Side 1  free  transition at x/c =  0.0074   28
 Side 2 forced transition at x/c =  1.0000   63

   1   rms: 0.3296E-01   max: -.1633E+00   D at   67  1   RLX: 0.504
       a = 16.750      CL =  1.3929
      Cm = -0.0355     CD =  0.08604   =>   CDf =  0.00569    CDp =  0.08035

 Side 1  free  transition at x/c =  0.0075   27
 Side 2 forced transition at x/c =  1.0000   64

   2   rms: 0.1823E-01   max: -.8303E-01   D at   68  1
       a = 16.750      CL =  1.3978
      Cm = -0.0346     CD =  0.08341   =>   CDf =  0.00531    CDp =  0.07810

 Side 1  free  transition at x/c =  0.0075   27
 Side 2 forced transition at x/c =  1.0000   64

   3   rms: 0.2395E-02   max: -.1057E-01   D at   77  2
       a = 16.750      CL =  1.3996
      Cm = -0.0348     CD =  0.08390   =>   CDf =  0.00537    CDp =  0.07853

 Side 1  free  transition at x/c =  0.0075   27
 Side 2 forced transition at x/c =  1.0000   64

   4   rms: 0.8665E-04   max: -.6718E-03   D at   77  2
       a = 16.750      CL =  1.3996
      Cm = -0.0348     CD =  0.08396   =>   CDf =  0.00537    CDp =  0.07859
      5.000   11.3800   0.083958   0.016863   0.002262  -0.014601    0.0075     #

 Point added to stored polar  1
 Point written to save file  clarky_re480000_realistic_model_reverse.polar   
 Dump file unspecified or not available
 Calculating wake trajectory ...
 Calculating source influence matrix ...

 Solving BL system ...

 Side 1  free  transition at x/c =  0.0075   27
 Side 2 forced transition at x/c =  1.0000   64

   1   rms: 0.3273E-01   max: -.1568E+00   D at   67  1   RLX: 0.524
       a = 16.500      CL =  1.4026
      Cm = -0.0339     CD =  0.08091   =>   CDf =  0.00537    CDp =  0.07555

 Side 1  free  transition at x/c =  0.0076   27
 Side 2 forced transition at x/c =  1.0000   64

   2   rms: 0.1788E-01   max: -.8344E-01   D at   67  1
       a = 16.500      CL =  1.4076
      Cm = -0.0332     CD =  0.07840   =>   CDf =  0.00543    CDp =  0.07297

 Side 1  free  transition at x/c =  0.0076   27
 Side 2 forced transition at x/c =  1.0000   64

   3   rms: 0.2238E-02   max: -.1078E-01   D at   77  2
       a = 16.500      CL =  1.4092
      Cm = -0.0334     CD =  0.07889   =>   CDf =  0.00549    CDp =  0.07340

 Side 1  free  transition at x/c =  0.0076   27
 Side 2 forced transition at x/c =  1.0000   64

   4   rms: 0.5365E-04   max: -.5127E-03   D at   77  2
       a = 16.500      CL =  1.4092
      Cm = -0.0334     CD =  0.07894   =>   CDf =  0.00549    CDp =  0.07344
      5.000   11.1516   0.078937   0.017271   0.002241  -0.015029    0.0076     #

 Point added to stored polar  1
 Point written to save file  clarky_re480000_realistic_model_reverse.polar   
 Dump file unspecified or not available
 Calculating wake trajectory ...
 Calculating source influence matrix ...

 Solving BL system ...

 Side 1  free  transition at x/c =  0.0076   27
 Side 2 forced transition at x/c =  1.0000   64

   1   rms: 0.3376E-01   max: -.1608E+00   D at   69  1   RLX: 0.546
       a = 16.250      CL =  1.4124
      Cm = -0.0325     CD =  0.07583   =>   CDf =  0.00549    CDp =  0.07034

 Side 1  free  transition at x/c =  0.0076   27
 Side 2 forced transition at x/c =  1.0000   64

   2   rms: 0.1601E-01   max: -.7198E-01   D at   68  1
       a = 16.250      CL =  1.4163
      Cm = -0.0320     CD =  0.07380   =>   CDf =  0.00556    CDp =  0.06824

 Side 1  free  transition at x/c =  0.0077   27
 Side 2 forced transition at x/c =  1.0000   64

   3   rms: 0.2514E-02   max: -.1019E-01   D at   81  2
       a = 16.250      CL =  1.4180
      Cm = -0.0321     CD =  0.07407   =>   CDf =  0.00561    CDp =  0.06846

 Side 1  free  transition at x/c =  0.0077   27
 Side 2 forced transition at x/c =  1.0000   64

   4   rms: 0.1491E-03   max: -.7838E-03   D at   76  2
       a = 16.250      CL =  1.4181
      Cm = -0.0321     CD =  0.07412   =>   CDf =  0.00561    CDp =  0.06850

 Side 1  free  transition at x/c =  0.0077   27
 Side 2 forced transition at x/c =  1.0000   64

   5   rms: 0.2791E-05   max: 0.3466E-04   C at   64  2
       a = 16.250      CL =  1.4181
      Cm = -0.0321     CD =  0.07412   =>   CDf =  0.00561    CDp =  0.06851
      5.000   10.9120   0.074120   0.017662   0.002218  -0.015444    0.0077     #

 Point added to stored polar  1
 Point written to save file  clarky_re480000_realistic_model_reverse.polar   
 Dump file unspecified or not available
 Calculating wake trajectory ...
 Calculating source influence matrix ...

 Solving BL system ...

 Side 1  free  transition at x/c =  0.0077   27
 Side 2 forced transition at x/c =  1.0000   64

   1   rms: 0.3415E-01   max: -.1598E+00   D at   70  1   RLX: 0.569
       a = 16.000      CL =  1.4212
      Cm = -0.0313     CD =  0.07104   =>   CDf =  0.00561    CDp =  0.06543

 Side 1  free  transition at x/c =  0.0077   27
 Side 2 forced transition at x/c =  1.0000   64

   2   rms: 0.1532E-01   max: -.6736E-01   D at   69  1
       a = 16.000      CL =  1.4247
      Cm = -0.0309     CD =  0.06923   =>   CDf =  0.00568    CDp =  0.06355

 Side 1  free  transition at x/c =  0.0078   27
 Side 2 forced transition at x/c =  1.0000   64

   3   rms: 0.1781E-02   max: -.8094E-02   D at   76  2
       a = 16.000      CL =  1.4259
      Cm = -0.0310     CD =  0.06953   =>   CDf =  0.00574    CDp =  0.06380

 Side 1  free  transition at x/c =  0.0078   27
 Side 2 forced transition at x/c =  1.0000   64

   4   rms: 0.6402E-04   max: -.4486E-03   D at   76  2
       a = 16.000      CL =  1.4259
      Cm = -0.0310     CD =  0.06956   =>   CDf =  0.00574    CDp =  0.06382
      5.000   10.6613   0.069562   0.018010   0.002190  -0.015821    0.0078     #

 Point added to stored polar  1
 Point written to save file  clarky_re480000_realistic_model_reverse.polar   
 Dump file unspecified or not available
 Calculating wake trajectory ...
 Calculating source influence matrix ...

 Solving BL system ...

 Side 1  free  transition at x/c =  0.0078   27
 Side 2 forced transition at x/c =  1.0000   64

   1   rms: 0.3318E-01   max: -.1475E+00   D at   71  1   RLX: 0.592
       a = 15.750      CL =  1.4281
      Cm = -0.0304     CD =  0.06667   =>   CDf =  0.00573    CDp =  0.06093

 Side 1  free  transition at x/c =  0.0079   27
 Side 2 forced transition at x/c =  1.0000   64

   2   rms: 0.1534E-01   max: -.6728E-01   D at   71  1
       a = 15.750      CL =  1.4316
      Cm = -0.0301     CD =  0.06495   =>   CDf =  0.00581    CDp =  0.05914

 Side 1  free  transition at x/c =  0.0079   27
 Side 2 forced transition at x/c =  1.0000   64

   3   rms: 0.1487E-02   max: 0.8384E-02   D at   73  1
       a = 15.750      CL =  1.4326
      Cm = -0.0302     CD =  0.06528   =>   CDf =  0.00586    CDp =  0.05942

 Side 1  free  transition at x/c =  0.0079   27
 Side 2 forced transition at x/c =  1.0000   64

   4   rms: 0.2178E-04   max: -.2270E-03   D at   76  2
       a = 15.750      CL =  1.4326
      Cm = -0.0302     CD =  0.06530   =>   CDf =  0.00586    CDp =  0.05944
      5.000   10.3982   0.065298   0.018339   0.002158  -0.016181    0.0079     #

 Point added to stored polar  1
 Point written to save file  clarky_re480000_realistic_model_reverse.polar   
 Dump file unspecified or not available
 Calculating wake trajectory ...
 Calculating source influence matrix ...

 Solving BL system ...

 Side 1  free  transition at x/c =  0.0079   27
 Side 2 forced transition at x/c =  1.0000   64

   1   rms: 0.3357E-01   max: -.1462E+00   D at   72  1   RLX: 0.618
       a = 15.500      CL =  1.4346
      Cm = -0.0296     CD =  0.06243   =>   CDf =  0.00585    CDp =  0.05658

 Side 1  free  transition at x/c =  0.0080   27
 Side 2 forced transition at x/c =  1.0000   64

   2   rms: 0.1360E-01   max: -.5769E-01   D at   72  1
       a = 15.500      CL =  1.4370
      Cm = -0.0295     CD =  0.06110   =>   CDf =  0.00593    CDp =  0.05516

 Side 1  free  transition at x/c =  0.0080   27
 Side 2 forced transition at x/c =  1.0000   64

   3   rms: 0.1634E-02   max: -.6715E-02   D at   75  2
       a = 15.500      CL =  1.4381
      Cm = -0.0296     CD =  0.06128   =>   CDf =  0.00598    CDp =  0.05530

 Side 1  free  transition at x/c =  0.0080   27
 Side 2 forced transition at x/c =  1.0000   64

   4   rms: 0.7643E-04   max: -.4322E-03   D at   75  2
       a = 15.500      CL =  1.4382
      Cm = -0.0296     CD =  0.06130   =>   CDf =  0.00598    CDp =  0.05532
      5.000   10.1233   0.061300   0.018634   0.002123  -0.016511    0.0080     #

 Point added to stored polar  1
 Point written to save file  clarky_re480000_realistic_model_reverse.polar   
 Dump file unspecified or not available
 Calculating wake trajectory ...
 Calculating source influence matrix ...

 Solving BL system ...

 Side 1  free  transition at x/c =  0.0080   27
 Side 2 forced transition at x/c =  1.0000   64

   1   rms: 0.3387E-01   max: -.1446E+00   D at   74  1   RLX: 0.644
       a = 15.250      CL =  1.4399
      Cm = -0.0291     CD =  0.05848   =>   CDf =  0.00597    CDp =  0.05250

 Side 1  free  transition at x/c =  0.0081   27
 Side 2 forced transition at x/c =  1.0000   64

   2   rms: 0.1230E-01   max: -.5091E-01   D at   73  1
       a = 15.250      CL =  1.4415
      Cm = -0.0291     CD =  0.05741   =>   CDf =  0.00606    CDp =  0.05136

 Side 1  free  transition at x/c =  0.0082   27
 Side 2 forced transition at x/c =  1.0000   64

   3   rms: 0.1199E-02   max: -.5585E-02   D at   75  2
       a = 15.250      CL =  1.4423
      Cm = -0.0292     CD =  0.05757   =>   CDf =  0.00610    CDp =  0.05147

 Side 1  free  transition at x/c =  0.0082   27
 Side 2 forced transition at x/c =  1.0000   64

   4   rms: 0.4808E-04   max: -.2910E-03   D at   75  2
       a = 15.250      CL =  1.4424
      Cm = -0.0292     CD =  0.05759   =>   CDf =  0.00610    CDp =  0.05149
      5.000    9.8395   0.057588   0.018883   0.002084  -0.016800    0.0082     #

 Point added to stored polar  1
 Point written to save file  clarky_re480000_realistic_model_reverse.polar   
 Dump file unspecified or not available
 Calculating wake trajectory ...
 Calculating source influence matrix ...

 Solving BL system ...

 Side 1  free  transition at x/c =  0.0082   27
 Side 2 forced transition at x/c =  1.0000   64

   1   rms: 0.3354E-01   max: -.1382E+00   D at   75  1   RLX: 0.672
       a = 15.000      CL =  1.4433
      Cm = -0.0288     CD =  0.05490   =>   CDf =  0.00610    CDp =  0.04880

 Side 1  free  transition at x/c =  0.0083   27
 Side 2 forced transition at x/c =  1.0000   64

   2   rms: 0.1147E-01   max: -.4644E-01   D at   74  1
       a = 15.000      CL =  1.4446
      Cm = -0.0289     CD =  0.05401   =>   CDf =  0.00663    CDp =  0.04738

 Side 1  free  transition at x/c =  0.0083   26
 Side 2 forced transition at x/c =  1.0000   65

   3   rms: 0.9079E-03   max: -.4777E-02   D at   76  2
       a = 15.000      CL =  1.4452
      Cm = -0.0290     CD =  0.05417   =>   CDf =  0.00622    CDp =  0.04795

 Side 1  free  transition at x/c =  0.0083   26
 Side 2 forced transition at x/c =  1.0000   65

   4   rms: 0.3824E-03   max: 0.4787E-02   D at    4  2
       a = 15.000      CL =  1.4452
      Cm = -0.0290     CD =  0.05418   =>   CDf =  0.00622    CDp =  0.04795

 Side 1  free  transition at x/c =  0.0083   26
 Side 2 forced transition at x/c =  1.0000   65

   5   rms: 0.2104E-06   max: 0.2423E-05   C at   65  2
       a = 15.000      CL =  1.4452
      Cm = -0.0290     CD =  0.05418   =>   CDf =  0.00622    CDp =  0.04795
      5.000    9.5465   0.054178   0.019104   0.002042  -0.017061    0.0083     #

 Point added to stored polar  1
 Point written to save file  clarky_re480000_realistic_model_reverse.polar   
 Dump file unspecified or not available
 Calculating wake trajectory ...
 Calculating source influence matrix ...

 Solving BL system ...

 Side 1  free  transition at x/c =  0.0083   26
 Side 2 forced transition at x/c =  1.0000   65

   1   rms: 0.3289E-01   max: -.1273E+00   D at   75  1   RLX: 0.700
       a = 14.750      CL =  1.4449
      Cm = -0.0288     CD =  0.05169   =>   CDf =  0.00622    CDp =  0.04547

 Side 1  free  transition at x/c =  0.0084   26
 Side 2 forced transition at x/c =  1.0000   65

   2   rms: 0.1067E-01   max: -.4275E-01   D at   74  1
       a = 14.750      CL =  1.4459
      Cm = -0.0289     CD =  0.05093   =>   CDf =  0.00630    CDp =  0.04463

 Side 1  free  transition at x/c =  0.0084   27
 Side 2 forced transition at x/c =  1.0000   65

   3   rms: 0.4383E-02   max: 0.3012E-01   D at   26  1
       a = 14.750      CL =  1.4474
      Cm = -0.0290     CD =  0.05097   =>   CDf =  0.00633    CDp =  0.04464

 Side 1  free  transition at x/c =  0.0084   27
 Side 2 forced transition at x/c =  1.0000   65

   4   rms: 0.2574E-03   max: 0.9858E-03   D at   77  1
       a = 14.750      CL =  1.4473
      Cm = -0.0290     CD =  0.05099   =>   CDf =  0.00634    CDp =  0.04465

 Side 1  free  transition at x/c =  0.0084   27
 Side 2 forced transition at x/c =  1.0000   65

   5   rms: 0.1339E-04   max: 0.8107E-04   D at   76  2
       a = 14.750      CL =  1.4473
      Cm = -0.0290     CD =  0.05099   =>   CDf =  0.00634    CDp =  0.04465
      5.000    9.2421   0.050985   0.019293   0.001998  -0.017295    0.0084     #

 Point added to stored polar  1
 Point written to save file  clarky_re480000_realistic_model_reverse.polar   
 Dump file unspecified or not available
 Calculating wake trajectory ...
 Calculating source influence matrix ...

 Solving BL system ...

 Side 1  free  transition at x/c =  0.0084   27
 Side 2 forced transition at x/c =  1.0000   65

   1   rms: 0.3688E-01   max: -.1508E+00   D at   76  1   RLX: 0.735
       a = 14.500      CL =  1.4498
      Cm = -0.0289     CD =  0.04808   =>   CDf =  0.00633    CDp =  0.04175

 Side 1  free  transition at x/c =  0.0086   27
 Side 2 forced transition at x/c =  1.0000   65

   2   rms: 0.9670E-02   max: -.3981E-01   D at   75  1
       a = 14.500      CL =  1.4510
      Cm = -0.0292     CD =  0.04755   =>   CDf =  0.00641    CDp =  0.04114

 Side 1  free  transition at x/c =  0.0086   27
 Side 2 forced transition at x/c =  1.0000   65

   3   rms: 0.7143E-03   max: -.3720E-02   D at   75  2
       a = 14.500      CL =  1.4515
      Cm = -0.0292     CD =  0.04765   =>   CDf =  0.00644    CDp =  0.04121

 Side 1  free  transition at x/c =  0.0086   27
 Side 2 forced transition at x/c =  1.0000   65

   4   rms: 0.1607E-04   max: -.1278E-03   D at   75  2
       a = 14.500      CL =  1.4515
      Cm = -0.0292     CD =  0.04766   =>   CDf =  0.00644    CDp =  0.04122
      5.000    8.8998   0.047655   0.019447   0.001944  -0.017503    0.0086     #

 Point added to stored polar  1
 Point written to save file  clarky_re480000_realistic_model_reverse.polar   
 Dump file unspecified or not available
 Calculating wake trajectory ...
 Calculating source influence matrix ...

 Solving BL system ...

 Side 1  free  transition at x/c =  0.0086   27
 Side 2 forced transition at x/c =  1.0000   65

   1   rms: 0.3556E-01   max: -.1384E+00   D at   77  1   RLX: 0.770
       a = 14.250      CL =  1.4523
      Cm = -0.0293     CD =  0.04501   =>   CDf =  0.00643    CDp =  0.03857

 Side 1  free  transition at x/c =  0.0087   27
 Side 2 forced transition at x/c =  1.0000   65

   2   rms: 0.8094E-02   max: -.3182E-01   D at   76  1
       a = 14.250      CL =  1.4526
      Cm = -0.0296     CD =  0.04471   =>   CDf =  0.00651    CDp =  0.03819

 Side 1  free  transition at x/c =  0.0088   27
 Side 2 forced transition at x/c =  1.0000   65

   3   rms: 0.4441E-03   max: -.2456E-02   D at   75  2
       a = 14.250      CL =  1.4529
      Cm = -0.0297     CD =  0.04478   =>   CDf =  0.00654    CDp =  0.03824

 Side 1  free  transition at x/c =  0.0088   27
 Side 2 forced transition at x/c =  1.0000   65

   4   rms: 0.9288E-05   max: -.6545E-04   D at   75  2
       a = 14.250      CL =  1.4529
      Cm = -0.0297     CD =  0.04478   =>   CDf =  0.00654    CDp =  0.03824
      5.000    8.5678   0.044781   0.019563   0.001903  -0.017660    0.0088     #

 Point added to stored polar  1
 Point written to save file  clarky_re480000_realistic_model_reverse.polar   
 Dump file unspecified or not available
 Calculating wake trajectory ...
 Calculating source influence matrix ...

 Solving BL system ...

 Side 1  free  transition at x/c =  0.0088   27
 Side 2 forced transition at x/c =  1.0000   65

   1   rms: 0.3435E-01   max: -.1250E+00   D at   78  1   RLX: 0.804
       a = 14.000      CL =  1.4518
      Cm = -0.0299     CD =  0.04240   =>   CDf =  0.00653    CDp =  0.03587

 Side 1  free  transition at x/c =  0.0090   27
 Side 2 forced transition at x/c =  1.0000   65

   2   rms: 0.6905E-02   max: -.2686E-01   D at   77  1
       a = 14.000      CL =  1.4518
      Cm = -0.0302     CD =  0.04219   =>   CDf =  0.00661    CDp =  0.03558

 Side 1  free  transition at x/c =  0.0090   27
 Side 2 forced transition at x/c =  1.0000   65

   3   rms: 0.3427E-03   max: -.1837E-02   D at   74  2
       a = 14.000      CL =  1.4520
      Cm = -0.0302     CD =  0.04224   =>   CDf =  0.00663    CDp =  0.03561

 Side 1  free  transition at x/c =  0.0090   27
 Side 2 forced transition at x/c =  1.0000   65

   4   rms: 0.7960E-05   max: -.5080E-04   D at   74  2
       a = 14.000      CL =  1.4520
      Cm = -0.0302     CD =  0.04224   =>   CDf =  0.00663    CDp =  0.03561
      5.000    8.2465   0.042244   0.019662   0.001885  -0.017777    0.0090     #

 Point added to stored polar  1
 Point written to save file  clarky_re480000_realistic_model_reverse.polar   
 Dump file unspecified or not available
 Calculating wake trajectory ...
 Calculating source influence matrix ...

 Solving BL system ...

 Side 1  free  transition at x/c =  0.0090   27
 Side 2 forced transition at x/c =  1.0000   65

   1   rms: 0.3386E-01   max: -.1160E+00   D at   79  1   RLX: 0.839
       a = 13.750      CL =  1.4493
      Cm = -0.0307     CD =  0.04004   =>   CDf =  0.00663    CDp =  0.03341

 Side 1  free  transition at x/c =  0.0092   27
 Side 2 forced transition at x/c =  1.0000   65

   2   rms: 0.5952E-02   max: -.2336E-01   D at   78  1
       a = 13.750      CL =  1.4493
      Cm = -0.0309     CD =  0.03991   =>   CDf =  0.00671    CDp =  0.03320

 Side 1  free  transition at x/c =  0.0093   27
 Side 2 forced transition at x/c =  1.0000   65

   3   rms: 0.2673E-03   max: -.1568E-02   D at   74  2
       a = 13.750      CL =  1.4495
      Cm = -0.0310     CD =  0.03995   =>   CDf =  0.00672    CDp =  0.03323

 Side 1  free  transition at x/c =  0.0093   27
 Side 2 forced transition at x/c =  1.0000   65

   4   rms: 0.5520E-05   max: -.3607E-04   D at   74  2
       a = 13.750      CL =  1.4495
      Cm = -0.0310     CD =  0.03995   =>   CDf =  0.00672    CDp =  0.03323
      5.000    7.9325   0.039951   0.019731   0.001859  -0.017872    0.0093     #

 Point added to stored polar  1
 Point written to save file  clarky_re480000_realistic_model_reverse.polar   
 Dump file unspecified or not available
 Calculating wake trajectory ...
 Calculating source influence matrix ...

 Solving BL system ...

 Side 1  free  transition at x/c =  0.0093   27
 Side 2 forced transition at x/c =  1.0000   65

   1   rms: 0.3366E-01   max: -.1104E+00   D at   80  1   RLX: 0.876
       a = 13.500      CL =  1.4457
      Cm = -0.0316     CD =  0.03786   =>   CDf =  0.00716    CDp =  0.03071

 Side 1  free  transition at x/c =  0.0096   26
 Side 2 forced transition at x/c =  1.0000   66

   2   rms: 0.5456E-02   max: 0.3538E-01   D at    3  2
       a = 13.500      CL =  1.4456
      Cm = -0.0318     CD =  0.03782   =>   CDf =  0.00681    CDp =  0.03101

 Side 1  free  transition at x/c =  0.0096   26
 Side 2 forced transition at x/c =  1.0000   66

   3   rms: 0.3977E-03   max: 0.4215E-02   D at    4  2
       a = 13.500      CL =  1.4458
      Cm = -0.0318     CD =  0.03785   =>   CDf =  0.00682    CDp =  0.03103

 Side 1  free  transition at x/c =  0.0096   26
 Side 2 forced transition at x/c =  1.0000   66

   4   rms: 0.3699E-05   max: 0.2939E-04   C at   66  2
       a = 13.500      CL =  1.4458
      Cm = -0.0318     CD =  0.03785   =>   CDf =  0.00682    CDp =  0.03103
      5.000    7.6222   0.037851   0.019775   0.001824  -0.017951    0.0096     #

 Point added to stored polar  1
 Point written to save file  clarky_re480000_realistic_model_reverse.polar   
 Dump file unspecified or not available
 Calculating wake trajectory ...
 Calculating source influence matrix ...

 Solving BL system ...

 Side 1  free  transition at x/c =  0.0096   26
 Side 2 forced transition at x/c =  1.0000   66

   1   rms: 0.3351E-01   max: -.1051E+00   D at   80  1   RLX: 0.915
       a = 13.250      CL =  1.4407
      Cm = -0.0326     CD =  0.03587   =>   CDf =  0.00682    CDp =  0.02906

 Side 1  free  transition at x/c =  0.0099   26
 Side 2 forced transition at x/c =  1.0000   66

   2   rms: 0.3403E-02   max: -.1475E-01   D at   79  1
       a = 13.250      CL =  1.4406
      Cm = -0.0328     CD =  0.03592   =>   CDf =  0.00691    CDp =  0.02901

 Side 1  free  transition at x/c =  0.0099   26
 Side 2 forced transition at x/c =  1.0000   66

   3   rms: 0.1318E-03   max: -.7134E-03   D at   74  2
       a = 13.250      CL =  1.4407
      Cm = -0.0328     CD =  0.03594   =>   CDf =  0.00692    CDp =  0.02902

 Side 1  free  transition at x/c =  0.0099   26
 Side 2 forced transition at x/c =  1.0000   66

   4   rms: 0.2925E-05   max: 0.2589E-04   C at   66  2
       a = 13.250      CL =  1.4407
      Cm = -0.0328     CD =  0.03594   =>   CDf =  0.00692    CDp =  0.02902
      5.000    7.3198   0.035936   0.019795   0.001778  -0.018017    0.0099     #

 Point added to stored polar  1
 Point written to save file  clarky_re480000_realistic_model_reverse.polar   
 Dump file unspecified or not available
 Calculating wake trajectory ...
 Calculating source influence matrix ...

 Solving BL system ...

 Side 1  free  transition at x/c =  0.0099   26
 Side 2 forced transition at x/c =  1.0000   66

   1   rms: 0.3349E-01   max: -.9995E-01   D at   81  1   RLX: 0.954
       a = 13.000      CL =  1.4343
      Cm = -0.0337     CD =  0.03406   =>   CDf =  0.00691    CDp =  0.02715

 Side 1  free  transition at x/c =  0.0102   26
 Side 2 forced transition at x/c =  1.0000   66

   2   rms: 0.2066E-02   max: -.9798E-02   D at   80  1
       a = 13.000      CL =  1.4342
      Cm = -0.0338     CD =  0.03420   =>   CDf =  0.00701    CDp =  0.02719

 Side 1  free  transition at x/c =  0.0103   26
 Side 2 forced transition at x/c =  1.0000   66

   3   rms: 0.5685E-04   max: -.3539E-03   D at   74  2
       a = 13.000      CL =  1.4342
      Cm = -0.0338     CD =  0.03421   =>   CDf =  0.00702    CDp =  0.02719
      5.000    7.0279   0.034208   0.019797   0.001726  -0.018071    0.0103     #

 Point added to stored polar  1
 Point written to save file  clarky_re480000_realistic_model_reverse.polar   
 Dump file unspecified or not available
 Calculating wake trajectory ...
 Calculating source influence matrix ...

 Solving BL system ...

 Side 1  free  transition at x/c =  0.0103   26
 Side 2 forced transition at x/c =  1.0000   66

   1   rms: 0.3340E-01   max: -.9328E-01   D at   82  1   RLX: 0.994
       a = 12.750      CL =  1.4261
      Cm = -0.0348     CD =  0.03247   =>   CDf =  0.00701    CDp =  0.02546

 Side 1  free  transition at x/c =  0.0106   27
 Side 2 forced transition at x/c =  1.0000   66

   2   rms: 0.6493E-02   max: 0.9407E-01   D at   27  1
       a = 12.750      CL =  1.4298
      Cm = -0.0351     CD =  0.03234   =>   CDf =  0.00710    CDp =  0.02524

 Side 1  free  transition at x/c =  0.0106   27
 Side 2 forced transition at x/c =  1.0000   66

   3   rms: 0.2292E-03   max: 0.2299E-02   D at   27  1
       a = 12.750      CL =  1.4298
      Cm = -0.0352     CD =  0.03236   =>   CDf =  0.00710    CDp =  0.02526

 Side 1  free  transition at x/c =  0.0106   27
 Side 2 forced transition at x/c =  1.0000   66

   4   rms: 0.5887E-05   max: -.3793E-04   C at   66  2
       a = 12.750      CL =  1.4298
      Cm = -0.0351     CD =  0.03236   =>   CDf =  0.00710    CDp =  0.02526
      5.000    6.7074   0.032357   0.019738   0.001661  -0.018078    0.0106     #

 Point added to stored polar  1
 Point written to save file  clarky_re480000_realistic_model_reverse.polar   
 Dump file unspecified or not available
 Calculating wake trajectory ...
 Calculating source influence matrix ...

 Solving BL system ...

 Side 1  free  transition at x/c =  0.0106   27
 Side 2 forced transition at x/c =  1.0000   66

   1   rms: 0.3564E-01   max: -.1067E+00   D at   83  1
       a = 12.500      CL =  1.4239
      Cm = -0.0364     CD =  0.03047   =>   CDf =  0.00751    CDp =  0.02296

 Side 1  free  transition at x/c =  0.0109   26
 Side 2 forced transition at x/c =  1.0000   67

   2   rms: 0.3374E-02   max: 0.4286E-01   D at    3  2
       a = 12.500      CL =  1.4235
      Cm = -0.0365     CD =  0.03072   =>   CDf =  0.00718    CDp =  0.02354

 Side 1  free  transition at x/c =  0.0109   26
 Side 2 forced transition at x/c =  1.0000   67

   3   rms: 0.5217E-03   max: 0.6309E-02   D at    4  2
       a = 12.500      CL =  1.4235
      Cm = -0.0365     CD =  0.03072   =>   CDf =  0.00718    CDp =  0.02354

 Side 1  free  transition at x/c =  0.0109   26
 Side 2 forced transition at x/c =  1.0000   67

   4   rms: 0.4784E-06   max: -.3337E-05   C at   67  2
       a = 12.500      CL =  1.4235
      Cm = -0.0365     CD =  0.03072   =>   CDf =  0.00718    CDp =  0.02354
      5.000    6.4060   0.030723   0.019662   0.001599  -0.018063    0.0109     #

 Point added to stored polar  1
 Point written to save file  clarky_re480000_realistic_model_reverse.polar   
 Dump file unspecified or not available
 Calculating wake trajectory ...
 Calculating source influence matrix ...

 Solving BL system ...

 Side 1  free  transition at x/c =  0.0109   26
 Side 2 forced transition at x/c =  1.0000   67

   1   rms: 0.3488E-01   max: -.9633E-01   D at   83  1
       a = 12.250      CL =  1.4154
      Cm = -0.0378     CD =  0.02910   =>   CDf =  0.00718    CDp =  0.02192

 Side 1  free  transition at x/c =  0.0114   26
 Side 2 forced transition at x/c =  1.0000   67

   2   rms: 0.1317E-02   max: -.1786E-01   D at   26  1
       a = 12.250      CL =  1.4153
      Cm = -0.0379     CD =  0.02929   =>   CDf =  0.00727    CDp =  0.02203

 Side 1  free  transition at x/c =  0.0114   26
 Side 2 forced transition at x/c =  1.0000   67

   3   rms: 0.9915E-05   max: 0.7009E-04   D at   26  1
       a = 12.250      CL =  1.4154
      Cm = -0.0379     CD =  0.02930   =>   CDf =  0.00727    CDp =  0.02203
      5.000    6.1236   0.029296   0.019580   0.001545  -0.018035    0.0114     #

 Point added to stored polar  1
 Point written to save file  clarky_re480000_realistic_model_reverse.polar   
 Dump file unspecified or not available
 Calculating wake trajectory ...
 Calculating source influence matrix ...

 Solving BL system ...

 Side 1  free  transition at x/c =  0.0114   26
 Side 2 forced transition at x/c =  1.0000   67

   1   rms: 0.3452E-01   max: -.9043E-01   D at   84  1
       a = 12.000      CL =  1.4061
      Cm = -0.0392     CD =  0.02786   =>   CDf =  0.00726    CDp =  0.02059

 Side 1  free  transition at x/c =  0.0118   26
 Side 2 forced transition at x/c =  1.0000   67

   2   rms: 0.1541E-02   max: -.1973E-01   D at   26  1
       a = 12.000      CL =  1.4060
      Cm = -0.0393     CD =  0.02801   =>   CDf =  0.00735    CDp =  0.02066

 Side 1  free  transition at x/c =  0.0119   26
 Side 2 forced transition at x/c =  1.0000   67

   3   rms: 0.1070E-04   max: 0.8462E-04   C at   26  1
       a = 12.000      CL =  1.4060
      Cm = -0.0393     CD =  0.02801   =>   CDf =  0.00735    CDp =  0.02066
      5.000    5.8552   0.028015   0.019488   0.001486  -0.018001    0.0119     #

 Point added to stored polar  1
 Point written to save file  clarky_re480000_realistic_model_reverse.polar   
 Dump file unspecified or not available
 Calculating wake trajectory ...
 Calculating source influence matrix ...

 Solving BL system ...

 Side 1  free  transition at x/c =  0.0119   26
 Side 2 forced transition at x/c =  1.0000   67

   1   rms: 0.3437E-01   max: -.8473E-01   D at   85  1
       a = 11.750      CL =  1.3954
      Cm = -0.0407     CD =  0.02673   =>   CDf =  0.00735    CDp =  0.01938

 Side 1  free  transition at x/c =  0.0123   26
 Side 2 forced transition at x/c =  1.0000   67

   2   rms: 0.1028E-02   max: -.1097E-01   C at   26  1
       a = 11.750      CL =  1.3951
      Cm = -0.0407     CD =  0.02688   =>   CDf =  0.00744    CDp =  0.01944

 Side 1  free  transition at x/c =  0.0123   26
 Side 2 forced transition at x/c =  1.0000   67

   3   rms: 0.5541E-02   max: -.8071E-01   C at   26  1
       a = 11.750      CL =  1.3950
      Cm = -0.0407     CD =  0.02687   =>   CDf =  0.00743    CDp =  0.01944

 Side 1  free  transition at x/c =  0.0123   26
 Side 2 forced transition at x/c =  1.0000   67

   4   rms: 0.5448E-02   max: -.8015E-01   C at   26  1
       a = 11.750      CL =  1.3950
      Cm = -0.0407     CD =  0.02687   =>   CDf =  0.00743    CDp =  0.01944

 Side 1  free  transition at x/c =  0.0123   26
 Side 2 forced transition at x/c =  1.0000   67

   5   rms: 0.5452E-02   max: -.8018E-01   C at   26  1
       a = 11.750      CL =  1.3950
      Cm = -0.0407     CD =  0.02687   =>   CDf =  0.00743    CDp =  0.01944

 Side 1  free  transition at x/c =  0.0123   26
 Side 2 forced transition at x/c =  1.0000   67

   6   rms: 0.5452E-02   max: -.8018E-01   C at   26  1
       a = 11.750      CL =  1.3950
      Cm = -0.0407     CD =  0.02687   =>   CDf =  0.00743    CDp =  0.01944

 Side 1  free  transition at x/c =  0.0123   26
 Side 2 forced transition at x/c =  1.0000   67

   7   rms: 0.5452E-02   max: -.8018E-01   C at   26  1
       a = 11.750      CL =  1.3950
      Cm = -0.0407     CD =  0.02687   =>   CDf =  0.00743    CDp =  0.01944

 Side 1  free  transition at x/c =  0.0123   26
 Side 2 forced transition at x/c =  1.0000   67

   8   rms: 0.5452E-02   max: -.8018E-01   C at   26  1
       a = 11.750      CL =  1.3950
      Cm = -0.0407     CD =  0.02687   =>   CDf =  0.00743    CDp =  0.01944

 Side 1  free  transition at x/c =  0.0123   26
 Side 2 forced transition at x/c =  1.0000   67

   9   rms: 0.5452E-02   max: -.8018E-01   C at   26  1
       a = 11.750      CL =  1.3950
      Cm = -0.0407     CD =  0.02687   =>   CDf =  0.00743    CDp =  0.01944

 Side 1  free  transition at x/c =  0.0123   26
 Side 2 forced transition at x/c =  1.0000   67

  10   rms: 0.5452E-02   max: -.8018E-01   C at   26  1
       a = 11.750      CL =  1.3950
      Cm = -0.0407     CD =  0.02687   =>   CDf =  0.00743    CDp =  0.01944

 Side 1  free  transition at x/c =  0.0123   26
 Side 2 forced transition at x/c =  1.0000   67

  11   rms: 0.5452E-02   max: -.8018E-01   C at   26  1
       a = 11.750      CL =  1.3950
      Cm = -0.0407     CD =  0.02687   =>   CDf =  0.00743    CDp =  0.01944

 Side 1  free  transition at x/c =  0.0123   26
 Side 2 forced transition at x/c =  1.0000   67

  12   rms: 0.5452E-02   max: -.8018E-01   C at   26  1
       a = 11.750      CL =  1.3950
      Cm = -0.0407     CD =  0.02687   =>   CDf =  0.00743    CDp =  0.01944

 Side 1  free  transition at x/c =  0.0123   26
 Side 2 forced transition at x/c =  1.0000   67

  13   rms: 0.5452E-02   max: -.8018E-01   C at   26  1
       a = 11.750      CL =  1.3950
      Cm = -0.0407     CD =  0.02687   =>   CDf =  0.00743    CDp =  0.01944

 Side 1  free  transition at x/c =  0.0123   26
 Side 2 forced transition at x/c =  1.0000   67

  14   rms: 0.5452E-02   max: -.8018E-01   C at   26  1
       a = 11.750      CL =  1.3950
      Cm = -0.0407     CD =  0.02687   =>   CDf =  0.00743    CDp =  0.01944

 Side 1  free  transition at x/c =  0.0123   26
 Side 2 forced transition at x/c =  1.0000   67

  15   rms: 0.5452E-02   max: -.8018E-01   C at   26  1
       a = 11.750      CL =  1.3950
      Cm = -0.0407     CD =  0.02687   =>   CDf =  0.00743    CDp =  0.01944

 Side 1  free  transition at x/c =  0.0123   26
 Side 2 forced transition at x/c =  1.0000   67

  16   rms: 0.5452E-02   max: -.8018E-01   C at   26  1
       a = 11.750      CL =  1.3950
      Cm = -0.0407     CD =  0.02687   =>   CDf =  0.00743    CDp =  0.01944

 Side 1  free  transition at x/c =  0.0123   26
 Side 2 forced transition at x/c =  1.0000   67

  17   rms: 0.5452E-02   max: -.8018E-01   C at   26  1
       a = 11.750      CL =  1.3950
      Cm = -0.0407     CD =  0.02687   =>   CDf =  0.00743    CDp =  0.01944

 Side 1  free  transition at x/c =  0.0123   26
 Side 2 forced transition at x/c =  1.0000   67

  18   rms: 0.5452E-02   max: -.8018E-01   C at   26  1
       a = 11.750      CL =  1.3950
      Cm = -0.0407     CD =  0.02687   =>   CDf =  0.00743    CDp =  0.01944

 Side 1  free  transition at x/c =  0.0123   26
 Side 2 forced transition at x/c =  1.0000   67

  19   rms: 0.5452E-02   max: -.8018E-01   C at   26  1
       a = 11.750      CL =  1.3950
      Cm = -0.0407     CD =  0.02687   =>   CDf =  0.00743    CDp =  0.01944

 Side 1  free  transition at x/c =  0.0123   26
 Side 2 forced transition at x/c =  1.0000   67

  20   rms: 0.5452E-02   max: -.8018E-01   C at   26  1
       a = 11.750      CL =  1.3950
      Cm = -0.0407     CD =  0.02687   =>   CDf =  0.00743    CDp =  0.01944

 Side 1  free  transition at x/c =  0.0123   26
 Side 2 forced transition at x/c =  1.0000   67

  21   rms: 0.5452E-02   max: -.8018E-01   C at   26  1
       a = 11.750      CL =  1.3950
      Cm = -0.0407     CD =  0.02687   =>   CDf =  0.00743    CDp =  0.01944

 Side 1  free  transition at x/c =  0.0123   26
 Side 2 forced transition at x/c =  1.0000   67

  22   rms: 0.5452E-02   max: -.8018E-01   C at   26  1
       a = 11.750      CL =  1.3950
      Cm = -0.0407     CD =  0.02687   =>   CDf =  0.00743    CDp =  0.01944

 Side 1  free  transition at x/c =  0.0123   26
 Side 2 forced transition at x/c =  1.0000   67

  23   rms: 0.5452E-02   max: -.8018E-01   C at   26  1
       a = 11.750      CL =  1.3950
      Cm = -0.0407     CD =  0.02687   =>   CDf =  0.00743    CDp =  0.01944

 Side 1  free  transition at x/c =  0.0123   26
 Side 2 forced transition at x/c =  1.0000   67

  24   rms: 0.5452E-02   max: -.8018E-01   C at   26  1
       a = 11.750      CL =  1.3950
      Cm = -0.0407     CD =  0.02687   =>   CDf =  0.00743    CDp =  0.01944

 Side 1  free  transition at x/c =  0.0123   26
 Side 2 forced transition at x/c =  1.0000   67

  25   rms: 0.5452E-02   max: -.8018E-01   C at   26  1
       a = 11.750      CL =  1.3950
      Cm = -0.0407     CD =  0.02687   =>   CDf =  0.00743    CDp =  0.01944

 Side 1  free  transition at x/c =  0.0123   26
 Side 2 forced transition at x/c =  1.0000   67

  26   rms: 0.5452E-02   max: -.8018E-01   C at   26  1
       a = 11.750      CL =  1.3950
      Cm = -0.0407     CD =  0.02687   =>   CDf =  0.00743    CDp =  0.01944

 Side 1  free  transition at x/c =  0.0123   26
 Side 2 forced transition at x/c =  1.0000   67

  27   rms: 0.5452E-02   max: -.8018E-01   C at   26  1
       a = 11.750      CL =  1.3950
      Cm = -0.0407     CD =  0.02687   =>   CDf =  0.00743    CDp =  0.01944

 Side 1  free  transition at x/c =  0.0123   26
 Side 2 forced transition at x/c =  1.0000   67

  28   rms: 0.5452E-02   max: -.8018E-01   C at   26  1
       a = 11.750      CL =  1.3950
      Cm = -0.0407     CD =  0.02687   =>   CDf =  0.00743    CDp =  0.01944

 Side 1  free  transition at x/c =  0.0123   26
 Side 2 forced transition at x/c =  1.0000   67

  29   rms: 0.5452E-02   max: -.8018E-01   C at   26  1
       a = 11.750      CL =  1.3950
      Cm = -0.0407     CD =  0.02687   =>   CDf =  0.00743    CDp =  0.01944

 Side 1  free  transition at x/c =  0.0123   26
 Side 2 forced transition at x/c =  1.0000   67

  30   rms: 0.5452E-02   max: -.8018E-01   C at   26  1
       a = 11.750      CL =  1.3950
      Cm = -0.0407     CD =  0.02687   =>   CDf =  0.00743    CDp =  0.01944

 Side 1  free  transition at x/c =  0.0123   26
 Side 2 forced transition at x/c =  1.0000   67

  31   rms: 0.5452E-02   max: -.8018E-01   C at   26  1
       a = 11.750      CL =  1.3950
      Cm = -0.0407     CD =  0.02687   =>   CDf =  0.00743    CDp =  0.01944

 Side 1  free  transition at x/c =  0.0123   26
 Side 2 forced transition at x/c =  1.0000   67

  32   rms: 0.5452E-02   max: -.8018E-01   C at   26  1
       a = 11.750      CL =  1.3950
      Cm = -0.0407     CD =  0.02687   =>   CDf =  0.00743    CDp =  0.01944

 Side 1  free  transition at x/c =  0.0123   26
 Side 2 forced transition at x/c =  1.0000   67

  33   rms: 0.5452E-02   max: -.8018E-01   C at   26  1
       a = 11.750      CL =  1.3950
      Cm = -0.0407     CD =  0.02687   =>   CDf =  0.00743    CDp =  0.01944

 Side 1  free  transition at x/c =  0.0123   26
 Side 2 forced transition at x/c =  1.0000   67

  34   rms: 0.5452E-02   max: -.8018E-01   C at   26  1
       a = 11.750      CL =  1.3950
      Cm = -0.0407     CD =  0.02687   =>   CDf =  0.00743    CDp =  0.01944

 Side 1  free  transition at x/c =  0.0123   26
 Side 2 forced transition at x/c =  1.0000   67

  35   rms: 0.5452E-02   max: -.8018E-01   C at   26  1
       a = 11.750      CL =  1.3950
      Cm = -0.0407     CD =  0.02687   =>   CDf =  0.00743    CDp =  0.01944

 Side 1  free  transition at x/c =  0.0123   26
 Side 2 forced transition at x/c =  1.0000   67

  36   rms: 0.5452E-02   max: -.8018E-01   C at   26  1
       a = 11.750      CL =  1.3950
      Cm = -0.0407     CD =  0.02687   =>   CDf =  0.00743    CDp =  0.01944

 Side 1  free  transition at x/c =  0.0123   26
 Side 2 forced transition at x/c =  1.0000   67

  37   rms: 0.5452E-02   max: -.8018E-01   C at   26  1
       a = 11.750      CL =  1.3950
      Cm = -0.0407     CD =  0.02687   =>   CDf =  0.00743    CDp =  0.01944

 Side 1  free  transition at x/c =  0.0123   26
 Side 2 forced transition at x/c =  1.0000   67

  38   rms: 0.5452E-02   max: -.8018E-01   C at   26  1
       a = 11.750      CL =  1.3950
      Cm = -0.0407     CD =  0.02687   =>   CDf =  0.00743    CDp =  0.01944

 Side 1  free  transition at x/c =  0.0123   26
 Side 2 forced transition at x/c =  1.0000   67

  39   rms: 0.5452E-02   max: -.8018E-01   C at   26  1
       a = 11.750      CL =  1.3950
      Cm = -0.0407     CD =  0.02687   =>   CDf =  0.00743    CDp =  0.01944

 Side 1  free  transition at x/c =  0.0123   26
 Side 2 forced transition at x/c =  1.0000   67

  40   rms: 0.5452E-02   max: -.8018E-01   C at   26  1
       a = 11.750      CL =  1.3950
      Cm = -0.0407     CD =  0.02687   =>   CDf =  0.00743    CDp =  0.01944

 Side 1  free  transition at x/c =  0.0123   26
 Side 2 forced transition at x/c =  1.0000   67

  41   rms: 0.5452E-02   max: -.8018E-01   C at   26  1
       a = 11.750      CL =  1.3950
      Cm = -0.0407     CD =  0.02687   =>   CDf =  0.00743    CDp =  0.01944

 Side 1  free  transition at x/c =  0.0123   26
 Side 2 forced transition at x/c =  1.0000   67

  42   rms: 0.5452E-02   max: -.8018E-01   C at   26  1
       a = 11.750      CL =  1.3950
      Cm = -0.0407     CD =  0.02687   =>   CDf =  0.00743    CDp =  0.01944

 Side 1  free  transition at x/c =  0.0123   26
 Side 2 forced transition at x/c =  1.0000   67

  43   rms: 0.5452E-02   max: -.8018E-01   C at   26  1
       a = 11.750      CL =  1.3950
      Cm = -0.0407     CD =  0.02687   =>   CDf =  0.00743    CDp =  0.01944

 Side 1  free  transition at x/c =  0.0123   26
 Side 2 forced transition at x/c =  1.0000   67

  44   rms: 0.5452E-02   max: -.8018E-01   C at   26  1
       a = 11.750      CL =  1.3950
      Cm = -0.0407     CD =  0.02687   =>   CDf =  0.00743    CDp =  0.01944

 Side 1  free  transition at x/c =  0.0123   26
 Side 2 forced transition at x/c =  1.0000   67

  45   rms: 0.5452E-02   max: -.8018E-01   C at   26  1
       a = 11.750      CL =  1.3950
      Cm = -0.0407     CD =  0.02687   =>   CDf =  0.00743    CDp =  0.01944

 Side 1  free  transition at x/c =  0.0123   26
 Side 2 forced transition at x/c =  1.0000   67

  46   rms: 0.5452E-02   max: -.8018E-01   C at   26  1
       a = 11.750      CL =  1.3950
      Cm = -0.0407     CD =  0.02687   =>   CDf =  0.00743    CDp =  0.01944

 Side 1  free  transition at x/c =  0.0123   26
 Side 2 forced transition at x/c =  1.0000   67

  47   rms: 0.5452E-02   max: -.8018E-01   C at   26  1
       a = 11.750      CL =  1.3950
      Cm = -0.0407     CD =  0.02687   =>   CDf =  0.00743    CDp =  0.01944

 Side 1  free  transition at x/c =  0.0123   26
 Side 2 forced transition at x/c =  1.0000   67

  48   rms: 0.5452E-02   max: -.8018E-01   C at   26  1
       a = 11.750      CL =  1.3950
      Cm = -0.0407     CD =  0.02687   =>   CDf =  0.00743    CDp =  0.01944

 Side 1  free  transition at x/c =  0.0123   26
 Side 2 forced transition at x/c =  1.0000   67

  49   rms: 0.5452E-02   max: -.8018E-01   C at   26  1
       a = 11.750      CL =  1.3950
      Cm = -0.0407     CD =  0.02687   =>   CDf =  0.00743    CDp =  0.01944

 Side 1  free  transition at x/c =  0.0123   26
 Side 2 forced transition at x/c =  1.0000   67

  50   rms: 0.5452E-02   max: -.8018E-01   C at   26  1
       a = 11.750      CL =  1.3950
      Cm = -0.0407     CD =  0.02687   =>   CDf =  0.00743    CDp =  0.01944

 Side 1  free  transition at x/c =  0.0123   26
 Side 2 forced transition at x/c =  1.0000   67

  51   rms: 0.5452E-02   max: -.8018E-01   C at   26  1
       a = 11.750      CL =  1.3950
      Cm = -0.0407     CD =  0.02687   =>   CDf =  0.00743    CDp =  0.01944

 Side 1  free  transition at x/c =  0.0123   26
 Side 2 forced transition at x/c =  1.0000   67

  52   rms: 0.5452E-02   max: -.8018E-01   C at   26  1
       a = 11.750      CL =  1.3950
      Cm = -0.0407     CD =  0.02687   =>   CDf =  0.00743    CDp =  0.01944

 Side 1  free  transition at x/c =  0.0123   26
 Side 2 forced transition at x/c =  1.0000   67

  53   rms: 0.5452E-02   max: -.8018E-01   C at   26  1
       a = 11.750      CL =  1.3950
      Cm = -0.0407     CD =  0.02687   =>   CDf =  0.00743    CDp =  0.01944

 Side 1  free  transition at x/c =  0.0123   26
 Side 2 forced transition at x/c =  1.0000   67

  54   rms: 0.5452E-02   max: -.8018E-01   C at   26  1
       a = 11.750      CL =  1.3950
      Cm = -0.0407     CD =  0.02687   =>   CDf =  0.00743    CDp =  0.01944

 Side 1  free  transition at x/c =  0.0123   26
 Side 2 forced transition at x/c =  1.0000   67

  55   rms: 0.5452E-02   max: -.8018E-01   C at   26  1
       a = 11.750      CL =  1.3950
      Cm = -0.0407     CD =  0.02687   =>   CDf =  0.00743    CDp =  0.01944

 Side 1  free  transition at x/c =  0.0123   26
 Side 2 forced transition at x/c =  1.0000   67

  56   rms: 0.5452E-02   max: -.8018E-01   C at   26  1
       a = 11.750      CL =  1.3950
      Cm = -0.0407     CD =  0.02687   =>   CDf =  0.00743    CDp =  0.01944

 Side 1  free  transition at x/c =  0.0123   26
 Side 2 forced transition at x/c =  1.0000   67

  57   rms: 0.5452E-02   max: -.8018E-01   C at   26  1
       a = 11.750      CL =  1.3950
      Cm = -0.0407     CD =  0.02687   =>   CDf =  0.00743    CDp =  0.01944

 Side 1  free  transition at x/c =  0.0123   26
 Side 2 forced transition at x/c =  1.0000   67

  58   rms: 0.5452E-02   max: -.8018E-01   C at   26  1
       a = 11.750      CL =  1.3950
      Cm = -0.0407     CD =  0.02687   =>   CDf =  0.00743    CDp =  0.01944

 Side 1  free  transition at x/c =  0.0123   26
 Side 2 forced transition at x/c =  1.0000   67

  59   rms: 0.5452E-02   max: -.8018E-01   C at   26  1
       a = 11.750      CL =  1.3950
      Cm = -0.0407     CD =  0.02687   =>   CDf =  0.00743    CDp =  0.01944

 Side 1  free  transition at x/c =  0.0123   26
 Side 2 forced transition at x/c =  1.0000   67

  60   rms: 0.5452E-02   max: -.8018E-01   C at   26  1
       a = 11.750      CL =  1.3950
      Cm = -0.0407     CD =  0.02687   =>   CDf =  0.00743    CDp =  0.01944

 Side 1  free  transition at x/c =  0.0123   26
 Side 2 forced transition at x/c =  1.0000   67

  61   rms: 0.5452E-02   max: -.8018E-01   C at   26  1
       a = 11.750      CL =  1.3950
      Cm = -0.0407     CD =  0.02687   =>   CDf =  0.00743    CDp =  0.01944

 Side 1  free  transition at x/c =  0.0123   26
 Side 2 forced transition at x/c =  1.0000   67

  62   rms: 0.5452E-02   max: -.8018E-01   C at   26  1
       a = 11.750      CL =  1.3950
      Cm = -0.0407     CD =  0.02687   =>   CDf =  0.00743    CDp =  0.01944

 Side 1  free  transition at x/c =  0.0123   26
 Side 2 forced transition at x/c =  1.0000   67

  63   rms: 0.5452E-02   max: -.8018E-01   C at   26  1
       a = 11.750      CL =  1.3950
      Cm = -0.0407     CD =  0.02687   =>   CDf =  0.00743    CDp =  0.01944

 Side 1  free  transition at x/c =  0.0123   26
 Side 2 forced transition at x/c =  1.0000   67

  64   rms: 0.5452E-02   max: -.8018E-01   C at   26  1
       a = 11.750      CL =  1.3950
      Cm = -0.0407     CD =  0.02687   =>   CDf =  0.00743    CDp =  0.01944

 Side 1  free  transition at x/c =  0.0123   26
 Side 2 forced transition at x/c =  1.0000   67

  65   rms: 0.5452E-02   max: -.8018E-01   C at   26  1
       a = 11.750      CL =  1.3950
      Cm = -0.0407     CD =  0.02687   =>   CDf =  0.00743    CDp =  0.01944

 Side 1  free  transition at x/c =  0.0123   26
 Side 2 forced transition at x/c =  1.0000   67

  66   rms: 0.5452E-02   max: -.8018E-01   C at   26  1
       a = 11.750      CL =  1.3950
      Cm = -0.0407     CD =  0.02687   =>   CDf =  0.00743    CDp =  0.01944

 Side 1  free  transition at x/c =  0.0123   26
 Side 2 forced transition at x/c =  1.0000   67

  67   rms: 0.5452E-02   max: -.8018E-01   C at   26  1
       a = 11.750      CL =  1.3950
      Cm = -0.0407     CD =  0.02687   =>   CDf =  0.00743    CDp =  0.01944

 Side 1  free  transition at x/c =  0.0123   26
 Side 2 forced transition at x/c =  1.0000   67

  68   rms: 0.5452E-02   max: -.8018E-01   C at   26  1
       a = 11.750      CL =  1.3950
      Cm = -0.0407     CD =  0.02687   =>   CDf =  0.00743    CDp =  0.01944

 Side 1  free  transition at x/c =  0.0123   26
 Side 2 forced transition at x/c =  1.0000   67

  69   rms: 0.5452E-02   max: -.8018E-01   C at   26  1
       a = 11.750      CL =  1.3950
      Cm = -0.0407     CD =  0.02687   =>   CDf =  0.00743    CDp =  0.01944

 Side 1  free  transition at x/c =  0.0123   26
 Side 2 forced transition at x/c =  1.0000   67

  70   rms: 0.5452E-02   max: -.8018E-01   C at   26  1
       a = 11.750      CL =  1.3950
      Cm = -0.0407     CD =  0.02687   =>   CDf =  0.00743    CDp =  0.01944

 Side 1  free  transition at x/c =  0.0123   26
 Side 2 forced transition at x/c =  1.0000   67

  71   rms: 0.5452E-02   max: -.8018E-01   C at   26  1
       a = 11.750      CL =  1.3950
      Cm = -0.0407     CD =  0.02687   =>   CDf =  0.00743    CDp =  0.01944

 Side 1  free  transition at x/c =  0.0123   26
 Side 2 forced transition at x/c =  1.0000   67

  72   rms: 0.5452E-02   max: -.8018E-01   C at   26  1
       a = 11.750      CL =  1.3950
      Cm = -0.0407     CD =  0.02687   =>   CDf =  0.00743    CDp =  0.01944

 Side 1  free  transition at x/c =  0.0123   26
 Side 2 forced transition at x/c =  1.0000   67

  73   rms: 0.5452E-02   max: -.8018E-01   C at   26  1
       a = 11.750      CL =  1.3950
      Cm = -0.0407     CD =  0.02687   =>   CDf =  0.00743    CDp =  0.01944

 Side 1  free  transition at x/c =  0.0123   26
 Side 2 forced transition at x/c =  1.0000   67

  74   rms: 0.5452E-02   max: -.8018E-01   C at   26  1
       a = 11.750      CL =  1.3950
      Cm = -0.0407     CD =  0.02687   =>   CDf =  0.00743    CDp =  0.01944

 Side 1  free  transition at x/c =  0.0123   26
 Side 2 forced transition at x/c =  1.0000   67

  75   rms: 0.5452E-02   max: -.8018E-01   C at   26  1
       a = 11.750      CL =  1.3950
      Cm = -0.0407     CD =  0.02687   =>   CDf =  0.00743    CDp =  0.01944

 Side 1  free  transition at x/c =  0.0123   26
 Side 2 forced transition at x/c =  1.0000   67

  76   rms: 0.5452E-02   max: -.8018E-01   C at   26  1
       a = 11.750      CL =  1.3950
      Cm = -0.0407     CD =  0.02687   =>   CDf =  0.00743    CDp =  0.01944

 Side 1  free  transition at x/c =  0.0123   26
 Side 2 forced transition at x/c =  1.0000   67

  77   rms: 0.5452E-02   max: -.8018E-01   C at   26  1
       a = 11.750      CL =  1.3950
      Cm = -0.0407     CD =  0.02687   =>   CDf =  0.00743    CDp =  0.01944

 Side 1  free  transition at x/c =  0.0123   26
 Side 2 forced transition at x/c =  1.0000   67

  78   rms: 0.5452E-02   max: -.8018E-01   C at   26  1
       a = 11.750      CL =  1.3950
      Cm = -0.0407     CD =  0.02687   =>   CDf =  0.00743    CDp =  0.01944

 Side 1  free  transition at x/c =  0.0123   26
 Side 2 forced transition at x/c =  1.0000   67

  79   rms: 0.5452E-02   max: -.8018E-01   C at   26  1
       a = 11.750      CL =  1.3950
      Cm = -0.0407     CD =  0.02687   =>   CDf =  0.00743    CDp =  0.01944

 Side 1  free  transition at x/c =  0.0123   26
 Side 2 forced transition at x/c =  1.0000   67

  80   rms: 0.5452E-02   max: -.8018E-01   C at   26  1
       a = 11.750      CL =  1.3950
      Cm = -0.0407     CD =  0.02687   =>   CDf =  0.00743    CDp =  0.01944

 Side 1  free  transition at x/c =  0.0123   26
 Side 2 forced transition at x/c =  1.0000   67

  81   rms: 0.5452E-02   max: -.8018E-01   C at   26  1
       a = 11.750      CL =  1.3950
      Cm = -0.0407     CD =  0.02687   =>   CDf =  0.00743    CDp =  0.01944

 Side 1  free  transition at x/c =  0.0123   26
 Side 2 forced transition at x/c =  1.0000   67

  82   rms: 0.5452E-02   max: -.8018E-01   C at   26  1
       a = 11.750      CL =  1.3950
      Cm = -0.0407     CD =  0.02687   =>   CDf =  0.00743    CDp =  0.01944

 Side 1  free  transition at x/c =  0.0123   26
 Side 2 forced transition at x/c =  1.0000   67

  83   rms: 0.5452E-02   max: -.8018E-01   C at   26  1
       a = 11.750      CL =  1.3950
      Cm = -0.0407     CD =  0.02687   =>   CDf =  0.00743    CDp =  0.01944

 Side 1  free  transition at x/c =  0.0123   26
 Side 2 forced transition at x/c =  1.0000   67

  84   rms: 0.5452E-02   max: -.8018E-01   C at   26  1
       a = 11.750      CL =  1.3950
      Cm = -0.0407     CD =  0.02687   =>   CDf =  0.00743    CDp =  0.01944

 Side 1  free  transition at x/c =  0.0123   26
 Side 2 forced transition at x/c =  1.0000   67

  85   rms: 0.5452E-02   max: -.8018E-01   C at   26  1
       a = 11.750      CL =  1.3950
      Cm = -0.0407     CD =  0.02687   =>   CDf =  0.00743    CDp =  0.01944

 Side 1  free  transition at x/c =  0.0123   26
 Side 2 forced transition at x/c =  1.0000   67

  86   rms: 0.5452E-02   max: -.8018E-01   C at   26  1
       a = 11.750      CL =  1.3950
      Cm = -0.0407     CD =  0.02687   =>   CDf =  0.00743    CDp =  0.01944

 Side 1  free  transition at x/c =  0.0123   26
 Side 2 forced transition at x/c =  1.0000   67

  87   rms: 0.5452E-02   max: -.8018E-01   C at   26  1
       a = 11.750      CL =  1.3950
      Cm = -0.0407     CD =  0.02687   =>   CDf =  0.00743    CDp =  0.01944

 Side 1  free  transition at x/c =  0.0123   26
 Side 2 forced transition at x/c =  1.0000   67

  88   rms: 0.5452E-02   max: -.8018E-01   C at   26  1
       a = 11.750      CL =  1.3950
      Cm = -0.0407     CD =  0.02687   =>   CDf =  0.00743    CDp =  0.01944

 Side 1  free  transition at x/c =  0.0123   26
 Side 2 forced transition at x/c =  1.0000   67

  89   rms: 0.5452E-02   max: -.8018E-01   C at   26  1
       a = 11.750      CL =  1.3950
      Cm = -0.0407     CD =  0.02687   =>   CDf =  0.00743    CDp =  0.01944

 Side 1  free  transition at x/c =  0.0123   26
 Side 2 forced transition at x/c =  1.0000   67

  90   rms: 0.5452E-02   max: -.8018E-01   C at   26  1
       a = 11.750      CL =  1.3950
      Cm = -0.0407     CD =  0.02687   =>   CDf =  0.00743    CDp =  0.01944

 Side 1  free  transition at x/c =  0.0123   26
 Side 2 forced transition at x/c =  1.0000   67

  91   rms: 0.5452E-02   max: -.8018E-01   C at   26  1
       a = 11.750      CL =  1.3950
      Cm = -0.0407     CD =  0.02687   =>   CDf =  0.00743    CDp =  0.01944

 Side 1  free  transition at x/c =  0.0123   26
 Side 2 forced transition at x/c =  1.0000   67

  92   rms: 0.5452E-02   max: -.8018E-01   C at   26  1
       a = 11.750      CL =  1.3950
      Cm = -0.0407     CD =  0.02687   =>   CDf =  0.00743    CDp =  0.01944

 Side 1  free  transition at x/c =  0.0123   26
 Side 2 forced transition at x/c =  1.0000   67

  93   rms: 0.5452E-02   max: -.8018E-01   C at   26  1
       a = 11.750      CL =  1.3950
      Cm = -0.0407     CD =  0.02687   =>   CDf =  0.00743    CDp =  0.01944

 Side 1  free  transition at x/c =  0.0123   26
 Side 2 forced transition at x/c =  1.0000   67

  94   rms: 0.5452E-02   max: -.8018E-01   C at   26  1
       a = 11.750      CL =  1.3950
      Cm = -0.0407     CD =  0.02687   =>   CDf =  0.00743    CDp =  0.01944

 Side 1  free  transition at x/c =  0.0123   26
 Side 2 forced transition at x/c =  1.0000   67

  95   rms: 0.5452E-02   max: -.8018E-01   C at   26  1
       a = 11.750      CL =  1.3950
      Cm = -0.0407     CD =  0.02687   =>   CDf =  0.00743    CDp =  0.01944

 Side 1  free  transition at x/c =  0.0123   26
 Side 2 forced transition at x/c =  1.0000   67

  96   rms: 0.5452E-02   max: -.8018E-01   C at   26  1
       a = 11.750      CL =  1.3950
      Cm = -0.0407     CD =  0.02687   =>   CDf =  0.00743    CDp =  0.01944

 Side 1  free  transition at x/c =  0.0123   26
 Side 2 forced transition at x/c =  1.0000   67

  97   rms: 0.5452E-02   max: -.8018E-01   C at   26  1
       a = 11.750      CL =  1.3950
      Cm = -0.0407     CD =  0.02687   =>   CDf =  0.00743    CDp =  0.01944

 Side 1  free  transition at x/c =  0.0123   26
 Side 2 forced transition at x/c =  1.0000   67

  98   rms: 0.5452E-02   max: -.8018E-01   C at   26  1
       a = 11.750      CL =  1.3950
      Cm = -0.0407     CD =  0.02687   =>   CDf =  0.00743    CDp =  0.01944

 Side 1  free  transition at x/c =  0.0123   26
 Side 2 forced transition at x/c =  1.0000   67

  99   rms: 0.5452E-02   max: -.8018E-01   C at   26  1
       a = 11.750      CL =  1.3950
      Cm = -0.0407     CD =  0.02687   =>   CDf =  0.00743    CDp =  0.01944

 Side 1  free  transition at x/c =  0.0123   26
 Side 2 forced transition at x/c =  1.0000   67

 100   rms: 0.5452E-02   max: -.8018E-01   C at   26  1
       a = 11.750      CL =  1.3950
      Cm = -0.0407     CD =  0.02687   =>   CDf =  0.00743    CDp =  0.01944

 Side 1  free  transition at x/c =  0.0123   26
 Side 2 forced transition at x/c =  1.0000   67

 101   rms: 0.5452E-02   max: -.8018E-01   C at   26  1
       a = 11.750      CL =  1.3950
      Cm = -0.0407     CD =  0.02687   =>   CDf =  0.00743    CDp =  0.01944

 Side 1  free  transition at x/c =  0.0123   26
 Side 2 forced transition at x/c =  1.0000   67

 102   rms: 0.5452E-02   max: -.8018E-01   C at   26  1
       a = 11.750      CL =  1.3950
      Cm = -0.0407     CD =  0.02687   =>   CDf =  0.00743    CDp =  0.01944

 Side 1  free  transition at x/c =  0.0123   26
 Side 2 forced transition at x/c =  1.0000   67

 103   rms: 0.5452E-02   max: -.8018E-01   C at   26  1
       a = 11.750      CL =  1.3950
      Cm = -0.0407     CD =  0.02687   =>   CDf =  0.00743    CDp =  0.01944

 Side 1  free  transition at x/c =  0.0123   26
 Side 2 forced transition at x/c =  1.0000   67

 104   rms: 0.5452E-02   max: -.8018E-01   C at   26  1
       a = 11.750      CL =  1.3950
      Cm = -0.0407     CD =  0.02687   =>   CDf =  0.00743    CDp =  0.01944

 Side 1  free  transition at x/c =  0.0123   26
 Side 2 forced transition at x/c =  1.0000   67

 105   rms: 0.5452E-02   max: -.8018E-01   C at   26  1
       a = 11.750      CL =  1.3950
      Cm = -0.0407     CD =  0.02687   =>   CDf =  0.00743    CDp =  0.01944

 Side 1  free  transition at x/c =  0.0123   26
 Side 2 forced transition at x/c =  1.0000   67

 106   rms: 0.5452E-02   max: -.8018E-01   C at   26  1
       a = 11.750      CL =  1.3950
      Cm = -0.0407     CD =  0.02687   =>   CDf =  0.00743    CDp =  0.01944

 Side 1  free  transition at x/c =  0.0123   26
 Side 2 forced transition at x/c =  1.0000   67

 107   rms: 0.5452E-02   max: -.8018E-01   C at   26  1
       a = 11.750      CL =  1.3950
      Cm = -0.0407     CD =  0.02687   =>   CDf =  0.00743    CDp =  0.01944

 Side 1  free  transition at x/c =  0.0123   26
 Side 2 forced transition at x/c =  1.0000   67

 108   rms: 0.5452E-02   max: -.8018E-01   C at   26  1
       a = 11.750      CL =  1.3950
      Cm = -0.0407     CD =  0.02687   =>   CDf =  0.00743    CDp =  0.01944

 Side 1  free  transition at x/c =  0.0123   26
 Side 2 forced transition at x/c =  1.0000   67

 109   rms: 0.5452E-02   max: -.8018E-01   C at   26  1
       a = 11.750      CL =  1.3950
      Cm = -0.0407     CD =  0.02687   =>   CDf =  0.00743    CDp =  0.01944

 Side 1  free  transition at x/c =  0.0123   26
 Side 2 forced transition at x/c =  1.0000   67

 110   rms: 0.5452E-02   max: -.8018E-01   C at   26  1
       a = 11.750      CL =  1.3950
      Cm = -0.0407     CD =  0.02687   =>   CDf =  0.00743    CDp =  0.01944

 Side 1  free  transition at x/c =  0.0123   26
 Side 2 forced transition at x/c =  1.0000   67

 111   rms: 0.5452E-02   max: -.8018E-01   C at   26  1
       a = 11.750      CL =  1.3950
      Cm = -0.0407     CD =  0.02687   =>   CDf =  0.00743    CDp =  0.01944

 Side 1  free  transition at x/c =  0.0123   26
 Side 2 forced transition at x/c =  1.0000   67

 112   rms: 0.5452E-02   max: -.8018E-01   C at   26  1
       a = 11.750      CL =  1.3950
      Cm = -0.0407     CD =  0.02687   =>   CDf =  0.00743    CDp =  0.01944

 Side 1  free  transition at x/c =  0.0123   26
 Side 2 forced transition at x/c =  1.0000   67

 113   rms: 0.5452E-02   max: -.8018E-01   C at   26  1
       a = 11.750      CL =  1.3950
      Cm = -0.0407     CD =  0.02687   =>   CDf =  0.00743    CDp =  0.01944

 Side 1  free  transition at x/c =  0.0123   26
 Side 2 forced transition at x/c =  1.0000   67

 114   rms: 0.5452E-02   max: -.8018E-01   C at   26  1
       a = 11.750      CL =  1.3950
      Cm = -0.0407     CD =  0.02687   =>   CDf =  0.00743    CDp =  0.01944

 Side 1  free  transition at x/c =  0.0123   26
 Side 2 forced transition at x/c =  1.0000   67

 115   rms: 0.5452E-02   max: -.8018E-01   C at   26  1
       a = 11.750      CL =  1.3950
      Cm = -0.0407     CD =  0.02687   =>   CDf =  0.00743    CDp =  0.01944

 Side 1  free  transition at x/c =  0.0123   26
 Side 2 forced transition at x/c =  1.0000   67

 116   rms: 0.5452E-02   max: -.8018E-01   C at   26  1
       a = 11.750      CL =  1.3950
      Cm = -0.0407     CD =  0.02687   =>   CDf =  0.00743    CDp =  0.01944

 Side 1  free  transition at x/c =  0.0123   26
 Side 2 forced transition at x/c =  1.0000   67

 117   rms: 0.5452E-02   max: -.8018E-01   C at   26  1
       a = 11.750      CL =  1.3950
      Cm = -0.0407     CD =  0.02687   =>   CDf =  0.00743    CDp =  0.01944

 Side 1  free  transition at x/c =  0.0123   26
 Side 2 forced transition at x/c =  1.0000   67

 118   rms: 0.5452E-02   max: -.8018E-01   C at   26  1
       a = 11.750      CL =  1.3950
      Cm = -0.0407     CD =  0.02687   =>   CDf =  0.00743    CDp =  0.01944

 Side 1  free  transition at x/c =  0.0123   26
 Side 2 forced transition at x/c =  1.0000   67

 119   rms: 0.5452E-02   max: -.8018E-01   C at   26  1
       a = 11.750      CL =  1.3950
      Cm = -0.0407     CD =  0.02687   =>   CDf =  0.00743    CDp =  0.01944

 Side 1  free  transition at x/c =  0.0123   26
 Side 2 forced transition at x/c =  1.0000   67

 120   rms: 0.5452E-02   max: -.8018E-01   C at   26  1
       a = 11.750      CL =  1.3950
      Cm = -0.0407     CD =  0.02687   =>   CDf =  0.00743    CDp =  0.01944

 Side 1  free  transition at x/c =  0.0123   26
 Side 2 forced transition at x/c =  1.0000   67

 121   rms: 0.5452E-02   max: -.8018E-01   C at   26  1
       a = 11.750      CL =  1.3950
      Cm = -0.0407     CD =  0.02687   =>   CDf =  0.00743    CDp =  0.01944

 Side 1  free  transition at x/c =  0.0123   26
 Side 2 forced transition at x/c =  1.0000   67

 122   rms: 0.5452E-02   max: -.8018E-01   C at   26  1
       a = 11.750      CL =  1.3950
      Cm = -0.0407     CD =  0.02687   =>   CDf =  0.00743    CDp =  0.01944

 Side 1  free  transition at x/c =  0.0123   26
 Side 2 forced transition at x/c =  1.0000   67

 123   rms: 0.5452E-02   max: -.8018E-01   C at   26  1
       a = 11.750      CL =  1.3950
      Cm = -0.0407     CD =  0.02687   =>   CDf =  0.00743    CDp =  0.01944

 Side 1  free  transition at x/c =  0.0123   26
 Side 2 forced transition at x/c =  1.0000   67

 124   rms: 0.5452E-02   max: -.8018E-01   C at   26  1
       a = 11.750      CL =  1.3950
      Cm = -0.0407     CD =  0.02687   =>   CDf =  0.00743    CDp =  0.01944

 Side 1  free  transition at x/c =  0.0123   26
 Side 2 forced transition at x/c =  1.0000   67

 125   rms: 0.5452E-02   max: -.8018E-01   C at   26  1
       a = 11.750      CL =  1.3950
      Cm = -0.0407     CD =  0.02687   =>   CDf =  0.00743    CDp =  0.01944

 Side 1  free  transition at x/c =  0.0123   26
 Side 2 forced transition at x/c =  1.0000   67

 126   rms: 0.5452E-02   max: -.8018E-01   C at   26  1
       a = 11.750      CL =  1.3950
      Cm = -0.0407     CD =  0.02687   =>   CDf =  0.00743    CDp =  0.01944

 Side 1  free  transition at x/c =  0.0123   26
 Side 2 forced transition at x/c =  1.0000   67

 127   rms: 0.5452E-02   max: -.8018E-01   C at   26  1
       a = 11.750      CL =  1.3950
      Cm = -0.0407     CD =  0.02687   =>   CDf =  0.00743    CDp =  0.01944

 Side 1  free  transition at x/c =  0.0123   26
 Side 2 forced transition at x/c =  1.0000   67

 128   rms: 0.5452E-02   max: -.8018E-01   C at   26  1
       a = 11.750      CL =  1.3950
      Cm = -0.0407     CD =  0.02687   =>   CDf =  0.00743    CDp =  0.01944

 Side 1  free  transition at x/c =  0.0123   26
 Side 2 forced transition at x/c =  1.0000   67

 129   rms: 0.5452E-02   max: -.8018E-01   C at   26  1
       a = 11.750      CL =  1.3950
      Cm = -0.0407     CD =  0.02687   =>   CDf =  0.00743    CDp =  0.01944

 Side 1  free  transition at x/c =  0.0123   26
 Side 2 forced transition at x/c =  1.0000   67

 130   rms: 0.5452E-02   max: -.8018E-01   C at   26  1
       a = 11.750      CL =  1.3950
      Cm = -0.0407     CD =  0.02687   =>   CDf =  0.00743    CDp =  0.01944

 Side 1  free  transition at x/c =  0.0123   26
 Side 2 forced transition at x/c =  1.0000   67

 131   rms: 0.5452E-02   max: -.8018E-01   C at   26  1
       a = 11.750      CL =  1.3950
      Cm = -0.0407     CD =  0.02687   =>   CDf =  0.00743    CDp =  0.01944

 Side 1  free  transition at x/c =  0.0123   26
 Side 2 forced transition at x/c =  1.0000   67

 132   rms: 0.5452E-02   max: -.8018E-01   C at   26  1
       a = 11.750      CL =  1.3950
      Cm = -0.0407     CD =  0.02687   =>   CDf =  0.00743    CDp =  0.01944

 Side 1  free  transition at x/c =  0.0123   26
 Side 2 forced transition at x/c =  1.0000   67

 133   rms: 0.5452E-02   max: -.8018E-01   C at   26  1
       a = 11.750      CL =  1.3950
      Cm = -0.0407     CD =  0.02687   =>   CDf =  0.00743    CDp =  0.01944

 Side 1  free  transition at x/c =  0.0123   26
 Side 2 forced transition at x/c =  1.0000   67

 134   rms: 0.5452E-02   max: -.8018E-01   C at   26  1
       a = 11.750      CL =  1.3950
      Cm = -0.0407     CD =  0.02687   =>   CDf =  0.00743    CDp =  0.01944

 Side 1  free  transition at x/c =  0.0123   26
 Side 2 forced transition at x/c =  1.0000   67

 135   rms: 0.5452E-02   max: -.8018E-01   C at   26  1
       a = 11.750      CL =  1.3950
      Cm = -0.0407     CD =  0.02687   =>   CDf =  0.00743    CDp =  0.01944

 Side 1  free  transition at x/c =  0.0123   26
 Side 2 forced transition at x/c =  1.0000   67

 136   rms: 0.5452E-02   max: -.8018E-01   C at   26  1
       a = 11.750      CL =  1.3950
      Cm = -0.0407     CD =  0.02687   =>   CDf =  0.00743    CDp =  0.01944

 Side 1  free  transition at x/c =  0.0123   26
 Side 2 forced transition at x/c =  1.0000   67

 137   rms: 0.5452E-02   max: -.8018E-01   C at   26  1
       a = 11.750      CL =  1.3950
      Cm = -0.0407     CD =  0.02687   =>   CDf =  0.00743    CDp =  0.01944

 Side 1  free  transition at x/c =  0.0123   26
 Side 2 forced transition at x/c =  1.0000   67

 138   rms: 0.5452E-02   max: -.8018E-01   C at   26  1
       a = 11.750      CL =  1.3950
      Cm = -0.0407     CD =  0.02687   =>   CDf =  0.00743    CDp =  0.01944

 Side 1  free  transition at x/c =  0.0123   26
 Side 2 forced transition at x/c =  1.0000   67

 139   rms: 0.5452E-02   max: -.8018E-01   C at   26  1
       a = 11.750      CL =  1.3950
      Cm = -0.0407     CD =  0.02687   =>   CDf =  0.00743    CDp =  0.01944

 Side 1  free  transition at x/c =  0.0123   26
 Side 2 forced transition at x/c =  1.0000   67

 140   rms: 0.5452E-02   max: -.8018E-01   C at   26  1
       a = 11.750      CL =  1.3950
      Cm = -0.0407     CD =  0.02687   =>   CDf =  0.00743    CDp =  0.01944

 Side 1  free  transition at x/c =  0.0123   26
 Side 2 forced transition at x/c =  1.0000   67

 141   rms: 0.5452E-02   max: -.8018E-01   C at   26  1
       a = 11.750      CL =  1.3950
      Cm = -0.0407     CD =  0.02687   =>   CDf =  0.00743    CDp =  0.01944

 Side 1  free  transition at x/c =  0.0123   26
 Side 2 forced transition at x/c =  1.0000   67

 142   rms: 0.5452E-02   max: -.8018E-01   C at   26  1
       a = 11.750      CL =  1.3950
      Cm = -0.0407     CD =  0.02687   =>   CDf =  0.00743    CDp =  0.01944

 Side 1  free  transition at x/c =  0.0123   26
 Side 2 forced transition at x/c =  1.0000   67

 143   rms: 0.5452E-02   max: -.8018E-01   C at   26  1
       a = 11.750      CL =  1.3950
      Cm = -0.0407     CD =  0.02687   =>   CDf =  0.00743    CDp =  0.01944

 Side 1  free  transition at x/c =  0.0123   26
 Side 2 forced transition at x/c =  1.0000   67

 144   rms: 0.5452E-02   max: -.8018E-01   C at   26  1
       a = 11.750      CL =  1.3950
      Cm = -0.0407     CD =  0.02687   =>   CDf =  0.00743    CDp =  0.01944

 Side 1  free  transition at x/c =  0.0123   26
 Side 2 forced transition at x/c =  1.0000   67

 145   rms: 0.5452E-02   max: -.8018E-01   C at   26  1
       a = 11.750      CL =  1.3950
      Cm = -0.0407     CD =  0.02687   =>   CDf =  0.00743    CDp =  0.01944

 Side 1  free  transition at x/c =  0.0123   26
 Side 2 forced transition at x/c =  1.0000   67

 146   rms: 0.5452E-02   max: -.8018E-01   C at   26  1
       a = 11.750      CL =  1.3950
      Cm = -0.0407     CD =  0.02687   =>   CDf =  0.00743    CDp =  0.01944

 Side 1  free  transition at x/c =  0.0123   26
 Side 2 forced transition at x/c =  1.0000   67

 147   rms: 0.5452E-02   max: -.8018E-01   C at   26  1
       a = 11.750      CL =  1.3950
      Cm = -0.0407     CD =  0.02687   =>   CDf =  0.00743    CDp =  0.01944

 Side 1  free  transition at x/c =  0.0123   26
 Side 2 forced transition at x/c =  1.0000   67

 148   rms: 0.5452E-02   max: -.8018E-01   C at   26  1
       a = 11.750      CL =  1.3950
      Cm = -0.0407     CD =  0.02687   =>   CDf =  0.00743    CDp =  0.01944

 Side 1  free  transition at x/c =  0.0123   26
 Side 2 forced transition at x/c =  1.0000   67

 149   rms: 0.5452E-02   max: -.8018E-01   C at   26  1
       a = 11.750      CL =  1.3950
      Cm = -0.0407     CD =  0.02687   =>   CDf =  0.00743    CDp =  0.01944

 Side 1  free  transition at x/c =  0.0123   26
 Side 2 forced transition at x/c =  1.0000   67

 150   rms: 0.5452E-02   max: -.8018E-01   C at   26  1
       a = 11.750      CL =  1.3950
      Cm = -0.0407     CD =  0.02687   =>   CDf =  0.00743    CDp =  0.01944

 Side 1  free  transition at x/c =  0.0123   26
 Side 2 forced transition at x/c =  1.0000   67

 151   rms: 0.5452E-02   max: -.8018E-01   C at   26  1
       a = 11.750      CL =  1.3950
      Cm = -0.0407     CD =  0.02687   =>   CDf =  0.00743    CDp =  0.01944

 Side 1  free  transition at x/c =  0.0123   26
 Side 2 forced transition at x/c =  1.0000   67

 152   rms: 0.5452E-02   max: -.8018E-01   C at   26  1
       a = 11.750      CL =  1.3950
      Cm = -0.0407     CD =  0.02687   =>   CDf =  0.00743    CDp =  0.01944

 Side 1  free  transition at x/c =  0.0123   26
 Side 2 forced transition at x/c =  1.0000   67

 153   rms: 0.5452E-02   max: -.8018E-01   C at   26  1
       a = 11.750      CL =  1.3950
      Cm = -0.0407     CD =  0.02687   =>   CDf =  0.00743    CDp =  0.01944

 Side 1  free  transition at x/c =  0.0123   26
 Side 2 forced transition at x/c =  1.0000   67

 154   rms: 0.5452E-02   max: -.8018E-01   C at   26  1
       a = 11.750      CL =  1.3950
      Cm = -0.0407     CD =  0.02687   =>   CDf =  0.00743    CDp =  0.01944

 Side 1  free  transition at x/c =  0.0123   26
 Side 2 forced transition at x/c =  1.0000   67

 155   rms: 0.5452E-02   max: -.8018E-01   C at   26  1
       a = 11.750      CL =  1.3950
      Cm = -0.0407     CD =  0.02687   =>   CDf =  0.00743    CDp =  0.01944

 Side 1  free  transition at x/c =  0.0123   26
 Side 2 forced transition at x/c =  1.0000   67

 156   rms: 0.5452E-02   max: -.8018E-01   C at   26  1
       a = 11.750      CL =  1.3950
      Cm = -0.0407     CD =  0.02687   =>   CDf =  0.00743    CDp =  0.01944

 Side 1  free  transition at x/c =  0.0123   26
 Side 2 forced transition at x/c =  1.0000   67

 157   rms: 0.5452E-02   max: -.8018E-01   C at   26  1
       a = 11.750      CL =  1.3950
      Cm = -0.0407     CD =  0.02687   =>   CDf =  0.00743    CDp =  0.01944

 Side 1  free  transition at x/c =  0.0123   26
 Side 2 forced transition at x/c =  1.0000   67

 158   rms: 0.5452E-02   max: -.8018E-01   C at   26  1
       a = 11.750      CL =  1.3950
      Cm = -0.0407     CD =  0.02687   =>   CDf =  0.00743    CDp =  0.01944

 Side 1  free  transition at x/c =  0.0123   26
 Side 2 forced transition at x/c =  1.0000   67

 159   rms: 0.5452E-02   max: -.8018E-01   C at   26  1
       a = 11.750      CL =  1.3950
      Cm = -0.0407     CD =  0.02687   =>   CDf =  0.00743    CDp =  0.01944

 Side 1  free  transition at x/c =  0.0123   26
 Side 2 forced transition at x/c =  1.0000   67

 160   rms: 0.5452E-02   max: -.8018E-01   C at   26  1
       a = 11.750      CL =  1.3950
      Cm = -0.0407     CD =  0.02687   =>   CDf =  0.00743    CDp =  0.01944

 Side 1  free  transition at x/c =  0.0123   26
 Side 2 forced transition at x/c =  1.0000   67

 161   rms: 0.5452E-02   max: -.8018E-01   C at   26  1
       a = 11.750      CL =  1.3950
      Cm = -0.0407     CD =  0.02687   =>   CDf =  0.00743    CDp =  0.01944

 Side 1  free  transition at x/c =  0.0123   26
 Side 2 forced transition at x/c =  1.0000   67

 162   rms: 0.5452E-02   max: -.8018E-01   C at   26  1
       a = 11.750      CL =  1.3950
      Cm = -0.0407     CD =  0.02687   =>   CDf =  0.00743    CDp =  0.01944

 Side 1  free  transition at x/c =  0.0123   26
 Side 2 forced transition at x/c =  1.0000   67

 163   rms: 0.5452E-02   max: -.8018E-01   C at   26  1
       a = 11.750      CL =  1.3950
      Cm = -0.0407     CD =  0.02687   =>   CDf =  0.00743    CDp =  0.01944

 Side 1  free  transition at x/c =  0.0123   26
 Side 2 forced transition at x/c =  1.0000   67

 164   rms: 0.5452E-02   max: -.8018E-01   C at   26  1
       a = 11.750      CL =  1.3950
      Cm = -0.0407     CD =  0.02687   =>   CDf =  0.00743    CDp =  0.01944

 Side 1  free  transition at x/c =  0.0123   26
 Side 2 forced transition at x/c =  1.0000   67

 165   rms: 0.5452E-02   max: -.8018E-01   C at   26  1
       a = 11.750      CL =  1.3950
      Cm = -0.0407     CD =  0.02687   =>   CDf =  0.00743    CDp =  0.01944

 Side 1  free  transition at x/c =  0.0123   26
 Side 2 forced transition at x/c =  1.0000   67

 166   rms: 0.5452E-02   max: -.8018E-01   C at   26  1
       a = 11.750      CL =  1.3950
      Cm = -0.0407     CD =  0.02687   =>   CDf =  0.00743    CDp =  0.01944

 Side 1  free  transition at x/c =  0.0123   26
 Side 2 forced transition at x/c =  1.0000   67

 167   rms: 0.5452E-02   max: -.8018E-01   C at   26  1
       a = 11.750      CL =  1.3950
      Cm = -0.0407     CD =  0.02687   =>   CDf =  0.00743    CDp =  0.01944

 Side 1  free  transition at x/c =  0.0123   26
 Side 2 forced transition at x/c =  1.0000   67

 168   rms: 0.5452E-02   max: -.8018E-01   C at   26  1
       a = 11.750      CL =  1.3950
      Cm = -0.0407     CD =  0.02687   =>   CDf =  0.00743    CDp =  0.01944

 Side 1  free  transition at x/c =  0.0123   26
 Side 2 forced transition at x/c =  1.0000   67

 169   rms: 0.5452E-02   max: -.8018E-01   C at   26  1
       a = 11.750      CL =  1.3950
      Cm = -0.0407     CD =  0.02687   =>   CDf =  0.00743    CDp =  0.01944

 Side 1  free  transition at x/c =  0.0123   26
 Side 2 forced transition at x/c =  1.0000   67

 170   rms: 0.5452E-02   max: -.8018E-01   C at   26  1
       a = 11.750      CL =  1.3950
      Cm = -0.0407     CD =  0.02687   =>   CDf =  0.00743    CDp =  0.01944

 Side 1  free  transition at x/c =  0.0123   26
 Side 2 forced transition at x/c =  1.0000   67

 171   rms: 0.5452E-02   max: -.8018E-01   C at   26  1
       a = 11.750      CL =  1.3950
      Cm = -0.0407     CD =  0.02687   =>   CDf =  0.00743    CDp =  0.01944

 Side 1  free  transition at x/c =  0.0123   26
 Side 2 forced transition at x/c =  1.0000   67

 172   rms: 0.5452E-02   max: -.8018E-01   C at   26  1
       a = 11.750      CL =  1.3950
      Cm = -0.0407     CD =  0.02687   =>   CDf =  0.00743    CDp =  0.01944

 Side 1  free  transition at x/c =  0.0123   26
 Side 2 forced transition at x/c =  1.0000   67

 173   rms: 0.5452E-02   max: -.8018E-01   C at   26  1
       a = 11.750      CL =  1.3950
      Cm = -0.0407     CD =  0.02687   =>   CDf =  0.00743    CDp =  0.01944

 Side 1  free  transition at x/c =  0.0123   26
 Side 2 forced transition at x/c =  1.0000   67

 174   rms: 0.5452E-02   max: -.8018E-01   C at   26  1
       a = 11.750      CL =  1.3950
      Cm = -0.0407     CD =  0.02687   =>   CDf =  0.00743    CDp =  0.01944

 Side 1  free  transition at x/c =  0.0123   26
 Side 2 forced transition at x/c =  1.0000   67

 175   rms: 0.5452E-02   max: -.8018E-01   C at   26  1
       a = 11.750      CL =  1.3950
      Cm = -0.0407     CD =  0.02687   =>   CDf =  0.00743    CDp =  0.01944

 Side 1  free  transition at x/c =  0.0123   26
 Side 2 forced transition at x/c =  1.0000   67

 176   rms: 0.5452E-02   max: -.8018E-01   C at   26  1
       a = 11.750      CL =  1.3950
      Cm = -0.0407     CD =  0.02687   =>   CDf =  0.00743    CDp =  0.01944

 Side 1  free  transition at x/c =  0.0123   26
 Side 2 forced transition at x/c =  1.0000   67

 177   rms: 0.5452E-02   max: -.8018E-01   C at   26  1
       a = 11.750      CL =  1.3950
      Cm = -0.0407     CD =  0.02687   =>   CDf =  0.00743    CDp =  0.01944

 Side 1  free  transition at x/c =  0.0123   26
 Side 2 forced transition at x/c =  1.0000   67

 178   rms: 0.5452E-02   max: -.8018E-01   C at   26  1
       a = 11.750      CL =  1.3950
      Cm = -0.0407     CD =  0.02687   =>   CDf =  0.00743    CDp =  0.01944

 Side 1  free  transition at x/c =  0.0123   26
 Side 2 forced transition at x/c =  1.0000   67

 179   rms: 0.5452E-02   max: -.8018E-01   C at   26  1
       a = 11.750      CL =  1.3950
      Cm = -0.0407     CD =  0.02687   =>   CDf =  0.00743    CDp =  0.01944

 Side 1  free  transition at x/c =  0.0123   26
 Side 2 forced transition at x/c =  1.0000   67

 180   rms: 0.5452E-02   max: -.8018E-01   C at   26  1
       a = 11.750      CL =  1.3950
      Cm = -0.0407     CD =  0.02687   =>   CDf =  0.00743    CDp =  0.01944

 Side 1  free  transition at x/c =  0.0123   26
 Side 2 forced transition at x/c =  1.0000   67

 181   rms: 0.5452E-02   max: -.8018E-01   C at   26  1
       a = 11.750      CL =  1.3950
      Cm = -0.0407     CD =  0.02687   =>   CDf =  0.00743    CDp =  0.01944

 Side 1  free  transition at x/c =  0.0123   26
 Side 2 forced transition at x/c =  1.0000   67

 182   rms: 0.5452E-02   max: -.8018E-01   C at   26  1
       a = 11.750      CL =  1.3950
      Cm = -0.0407     CD =  0.02687   =>   CDf =  0.00743    CDp =  0.01944

 Side 1  free  transition at x/c =  0.0123   26
 Side 2 forced transition at x/c =  1.0000   67

 183   rms: 0.5452E-02   max: -.8018E-01   C at   26  1
       a = 11.750      CL =  1.3950
      Cm = -0.0407     CD =  0.02687   =>   CDf =  0.00743    CDp =  0.01944

 Side 1  free  transition at x/c =  0.0123   26
 Side 2 forced transition at x/c =  1.0000   67

 184   rms: 0.5452E-02   max: -.8018E-01   C at   26  1
       a = 11.750      CL =  1.3950
      Cm = -0.0407     CD =  0.02687   =>   CDf =  0.00743    CDp =  0.01944

 Side 1  free  transition at x/c =  0.0123   26
 Side 2 forced transition at x/c =  1.0000   67

 185   rms: 0.5452E-02   max: -.8018E-01   C at   26  1
       a = 11.750      CL =  1.3950
      Cm = -0.0407     CD =  0.02687   =>   CDf =  0.00743    CDp =  0.01944

 Side 1  free  transition at x/c =  0.0123   26
 Side 2 forced transition at x/c =  1.0000   67

 186   rms: 0.5452E-02   max: -.8018E-01   C at   26  1
       a = 11.750      CL =  1.3950
      Cm = -0.0407     CD =  0.02687   =>   CDf =  0.00743    CDp =  0.01944

 Side 1  free  transition at x/c =  0.0123   26
 Side 2 forced transition at x/c =  1.0000   67

 187   rms: 0.5452E-02   max: -.8018E-01   C at   26  1
       a = 11.750      CL =  1.3950
      Cm = -0.0407     CD =  0.02687   =>   CDf =  0.00743    CDp =  0.01944

 Side 1  free  transition at x/c =  0.0123   26
 Side 2 forced transition at x/c =  1.0000   67

 188   rms: 0.5452E-02   max: -.8018E-01   C at   26  1
       a = 11.750      CL =  1.3950
      Cm = -0.0407     CD =  0.02687   =>   CDf =  0.00743    CDp =  0.01944

 Side 1  free  transition at x/c =  0.0123   26
 Side 2 forced transition at x/c =  1.0000   67

 189   rms: 0.5452E-02   max: -.8018E-01   C at   26  1
       a = 11.750      CL =  1.3950
      Cm = -0.0407     CD =  0.02687   =>   CDf =  0.00743    CDp =  0.01944

 Side 1  free  transition at x/c =  0.0123   26
 Side 2 forced transition at x/c =  1.0000   67

 190   rms: 0.5452E-02   max: -.8018E-01   C at   26  1
       a = 11.750      CL =  1.3950
      Cm = -0.0407     CD =  0.02687   =>   CDf =  0.00743    CDp =  0.01944

 Side 1  free  transition at x/c =  0.0123   26
 Side 2 forced transition at x/c =  1.0000   67

 191   rms: 0.5452E-02   max: -.8018E-01   C at   26  1
       a = 11.750      CL =  1.3950
      Cm = -0.0407     CD =  0.02687   =>   CDf =  0.00743    CDp =  0.01944

 Side 1  free  transition at x/c =  0.0123   26
 Side 2 forced transition at x/c =  1.0000   67

 192   rms: 0.5452E-02   max: -.8018E-01   C at   26  1
       a = 11.750      CL =  1.3950
      Cm = -0.0407     CD =  0.02687   =>   CDf =  0.00743    CDp =  0.01944

 Side 1  free  transition at x/c =  0.0123   26
 Side 2 forced transition at x/c =  1.0000   67

 193   rms: 0.5452E-02   max: -.8018E-01   C at   26  1
       a = 11.750      CL =  1.3950
      Cm = -0.0407     CD =  0.02687   =>   CDf =  0.00743    CDp =  0.01944

 Side 1  free  transition at x/c =  0.0123   26
 Side 2 forced transition at x/c =  1.0000   67

 194   rms: 0.5452E-02   max: -.8018E-01   C at   26  1
       a = 11.750      CL =  1.3950
      Cm = -0.0407     CD =  0.02687   =>   CDf =  0.00743    CDp =  0.01944

 Side 1  free  transition at x/c =  0.0123   26
 Side 2 forced transition at x/c =  1.0000   67

 195   rms: 0.5452E-02   max: -.8018E-01   C at   26  1
       a = 11.750      CL =  1.3950
      Cm = -0.0407     CD =  0.02687   =>   CDf =  0.00743    CDp =  0.01944

 Side 1  free  transition at x/c =  0.0123   26
 Side 2 forced transition at x/c =  1.0000   67

 196   rms: 0.5452E-02   max: -.8018E-01   C at   26  1
       a = 11.750      CL =  1.3950
      Cm = -0.0407     CD =  0.02687   =>   CDf =  0.00743    CDp =  0.01944

 Side 1  free  transition at x/c =  0.0123   26
 Side 2 forced transition at x/c =  1.0000   67

 197   rms: 0.5452E-02   max: -.8018E-01   C at   26  1
       a = 11.750      CL =  1.3950
      Cm = -0.0407     CD =  0.02687   =>   CDf =  0.00743    CDp =  0.01944

 Side 1  free  transition at x/c =  0.0123   26
 Side 2 forced transition at x/c =  1.0000   67

 198   rms: 0.5452E-02   max: -.8018E-01   C at   26  1
       a = 11.750      CL =  1.3950
      Cm = -0.0407     CD =  0.02687   =>   CDf =  0.00743    CDp =  0.01944

 Side 1  free  transition at x/c =  0.0123   26
 Side 2 forced transition at x/c =  1.0000   67

 199   rms: 0.5452E-02   max: -.8018E-01   C at   26  1
       a = 11.750      CL =  1.3950
      Cm = -0.0407     CD =  0.02687   =>   CDf =  0.00743    CDp =  0.01944

 Side 1  free  transition at x/c =  0.0123   26
 Side 2 forced transition at x/c =  1.0000   67

 200   rms: 0.5452E-02   max: -.8018E-01   C at   26  1
       a = 11.750      CL =  1.3950
      Cm = -0.0407     CD =  0.02687   =>   CDf =  0.00743    CDp =  0.01944

 Side 1  free  transition at x/c =  0.0123   26
 Side 2 forced transition at x/c =  1.0000   67

 201   rms: 0.5452E-02   max: -.8018E-01   C at   26  1
       a = 11.750      CL =  1.3950
      Cm = -0.0407     CD =  0.02687   =>   CDf =  0.00743    CDp =  0.01944

 Side 1  free  transition at x/c =  0.0123   26
 Side 2 forced transition at x/c =  1.0000   67

 202   rms: 0.5452E-02   max: -.8018E-01   C at   26  1
       a = 11.750      CL =  1.3950
      Cm = -0.0407     CD =  0.02687   =>   CDf =  0.00743    CDp =  0.01944

 Side 1  free  transition at x/c =  0.0123   26
 Side 2 forced transition at x/c =  1.0000   67

 203   rms: 0.5452E-02   max: -.8018E-01   C at   26  1
       a = 11.750      CL =  1.3950
      Cm = -0.0407     CD =  0.02687   =>   CDf =  0.00743    CDp =  0.01944

 Side 1  free  transition at x/c =  0.0123   26
 Side 2 forced transition at x/c =  1.0000   67

 204   rms: 0.5452E-02   max: -.8018E-01   C at   26  1
       a = 11.750      CL =  1.3950
      Cm = -0.0407     CD =  0.02687   =>   CDf =  0.00743    CDp =  0.01944

 Side 1  free  transition at x/c =  0.0123   26
 Side 2 forced transition at x/c =  1.0000   67

 205   rms: 0.5452E-02   max: -.8018E-01   C at   26  1
       a = 11.750      CL =  1.3950
      Cm = -0.0407     CD =  0.02687   =>   CDf =  0.00743    CDp =  0.01944
 VISCAL:  Convergence failed
      5.000    5.6103   0.026874   0.019387   0.001424  -0.017964    0.0123     #
 Calculating wake trajectory ...
 Calculating source influence matrix ...

 Solving BL system ...

 Side 1  free  transition at x/c =  0.0123   26
 Side 2 forced transition at x/c =  1.0000   67

   1   rms: 0.3592E-01   max: -.9206E-01   T at   26  1
       a = 11.500      CL =  1.3828
      Cm = -0.0420     CD =  0.02576   =>   CDf =  0.00783    CDp =  0.01793

 Side 1  free  transition at x/c =  0.0130   26
 Side 2 forced transition at x/c =  1.0000   68

   2   rms: 0.6480E-02   max: 0.8723E-01   D at   26  1
       a = 11.500      CL =  1.3861
      Cm = -0.0424     CD =  0.02563   =>   CDf =  0.00751    CDp =  0.01812

 Side 1  free  transition at x/c =  0.0130   26
 Side 2 forced transition at x/c =  1.0000   68

   3   rms: 0.7230E-03   max: 0.7583E-02   D at    4  2
       a = 11.500      CL =  1.3862
      Cm = -0.0424     CD =  0.02563   =>   CDf =  0.00751    CDp =  0.01812

 Side 1  free  transition at x/c =  0.0130   26
 Side 2 forced transition at x/c =  1.0000   68

   4   rms: 0.1879E-05   max: 0.9176E-05   D at   88  1
       a = 11.500      CL =  1.3862
      Cm = -0.0424     CD =  0.02563   =>   CDf =  0.00751    CDp =  0.01812
      5.000    5.4291   0.025633   0.019225   0.001363  -0.017862    0.0130     #

 Point added to stored polar  1
 Point written to save file  clarky_re480000_realistic_model_reverse.polar   
 Dump file unspecified or not available
 Calculating wake trajectory ...
 Calculating source influence matrix ...

 Solving BL system ...

 Side 1  free  transition at x/c =  0.0130   26
 Side 2 forced transition at x/c =  1.0000   68

   1   rms: 0.3645E-01   max: -.1289E+00   C at   26  1
       a = 11.250      CL =  1.3757
      Cm = -0.0441     CD =  0.02443   =>   CDf =  0.00751    CDp =  0.01692

 Side 1  free  transition at x/c =  0.0137   26
 Side 2 forced transition at x/c =  1.0000   68

   2   rms: 0.2444E-02   max: -.3570E-01   C at   26  1
       a = 11.250      CL =  1.3752
      Cm = -0.0441     CD =  0.02457   =>   CDf =  0.00758    CDp =  0.01699

 Side 1  free  transition at x/c =  0.0138   26
 Side 2 forced transition at x/c =  1.0000   68

   3   rms: 0.3376E-04   max: 0.5312E-03   C at   26  1
       a = 11.250      CL =  1.3752
      Cm = -0.0441     CD =  0.02457   =>   CDf =  0.00758    CDp =  0.01699
      5.000    5.2197   0.024567   0.019068   0.001298  -0.017770    0.0138     #

 Point added to stored polar  1
 Point written to save file  clarky_re480000_realistic_model_reverse.polar   
 Dump file unspecified or not available
 Calculating wake trajectory ...
 Calculating source influence matrix ...

 Solving BL system ...

 Side 1  free  transition at x/c =  0.0138   26
 Side 2 forced transition at x/c =  1.0000   68

   1   rms: 0.3608E-01   max: -.1512E+00   C at   26  1
       a = 11.000      CL =  1.3631
      Cm = -0.0456     CD =  0.02352   =>   CDf =  0.00758    CDp =  0.01594

 Side 1  free  transition at x/c =  0.0146   27
 Side 2 forced transition at x/c =  1.0000   68

   2   rms: 0.1139E-01   max: -.1496E+00   D at   26  1
       a = 11.000      CL =  1.3637
      Cm = -0.0458     CD =  0.02356   =>   CDf =  0.00765    CDp =  0.01590

 Side 1  free  transition at x/c =  0.0150   27
 Side 2 forced transition at x/c =  1.0000   68

   3   rms: 0.2279E-02   max: 0.3968E-01   C at   27  1
       a = 11.000      CL =  1.3637
      Cm = -0.0458     CD =  0.02357   =>   CDf =  0.00765    CDp =  0.01593

 Side 1  free  transition at x/c =  0.0149   27
 Side 2 forced transition at x/c =  1.0000   68

   4   rms: 0.3220E-04   max: -.5478E-03   D at   28  1
       a = 11.000      CL =  1.3637
      Cm = -0.0458     CD =  0.02357   =>   CDf =  0.00765    CDp =  0.01593
      5.000    4.9849   0.023573   0.018903   0.001240  -0.017663    0.0149     #

 Point added to stored polar  1
 Point written to save file  clarky_re480000_realistic_model_reverse.polar   
 Dump file unspecified or not available
 Calculating wake trajectory ...
 Calculating source influence matrix ...

 Solving BL system ...

 Side 1  free  transition at x/c =  0.0149   27
 Side 2 forced transition at x/c =  1.0000   68

   1   rms: 0.4054E-01   max: -.3245E+00   C at   27  1
       a = 10.750      CL =  1.3531
      Cm = -0.0476     CD =  0.02244   =>   CDf =  0.00803    CDp =  0.01441

 Side 1  free  transition at x/c =  0.0165   26
 Side 2 forced transition at x/c =  1.0000   69

   2   rms: 0.7234E-02   max: -.1349E+00   C at   26  1
       a = 10.750      CL =  1.3529
      Cm = -0.0476     CD =  0.02256   =>   CDf =  0.00770    CDp =  0.01485

 Side 1  free  transition at x/c =  0.0167   26
 Side 2 forced transition at x/c =  1.0000   69

   3   rms: 0.6421E-03   max: 0.6893E-02   C at   26  1
       a = 10.750      CL =  1.3529
      Cm = -0.0476     CD =  0.02256   =>   CDf =  0.00770    CDp =  0.01485

 Side 1  free  transition at x/c =  0.0167   26
 Side 2 forced transition at x/c =  1.0000   69

   4   rms: 0.1434E-05   max: 0.6479E-05   D at   36  1
       a = 10.750      CL =  1.3529
      Cm = -0.0476     CD =  0.02256   =>   CDf =  0.00770    CDp =  0.01485
      5.000    4.7488   0.022555   0.018683   0.001201  -0.017481    0.0167     #

 Point added to stored polar  1
 Point written to save file  clarky_re480000_realistic_model_reverse.polar   
 Dump file unspecified or not available
 Calculating wake trajectory ...
 Calculating source influence matrix ...

 Solving BL system ...

 Side 1  free  transition at x/c =  0.0167   26
 Side 2 forced transition at x/c =  1.0000   69

   1   rms: 0.5116E-01   max: -.7886E+00   C at   26  1   RLX: 0.634
       a = 10.500      CL =  1.3456
      Cm = -0.0488     CD =  0.02189   =>   CDf =  0.00770    CDp =  0.01419

 Side 1  free  transition at x/c =  0.0177   27
 Side 2 forced transition at x/c =  1.0000   69

   2   rms: 0.4439E-01   max: -.8678E+00   C at   27  1   RLX: 0.576
       a = 10.500      CL =  1.3445
      Cm = -0.0495     CD =  0.02165   =>   CDf =  0.00774    CDp =  0.01392

 Side 1  free  transition at x/c =  0.0189   27
 Side 2 forced transition at x/c =  1.0000   69

   3   rms: 0.3428E-01   max: -.7173E+00   C at   27  1   RLX: 0.697
       a = 10.500      CL =  1.3432
      Cm = -0.0497     CD =  0.02157   =>   CDf =  0.00774    CDp =  0.01383

 Side 1  free  transition at x/c =  0.0206   28
 Side 2 forced transition at x/c =  1.0000   69

   4   rms: 0.4260E-01   max: -.8800E+00   C at   28  1   RLX: 0.568
       a = 10.500      CL =  1.3451
      Cm = -0.0500     CD =  0.02137   =>   CDf =  0.00772    CDp =  0.01365

 Side 1  free  transition at x/c =  0.0218   28
 Side 2 forced transition at x/c =  1.0000   69

   5   rms: 0.2241E-01   max: -.4248E+00   C at   28  1
       a = 10.500      CL =  1.3465
      Cm = -0.0502     CD =  0.02125   =>   CDf =  0.00769    CDp =  0.01356

 Side 1  free  transition at x/c =  0.0317   32
 Side 2 forced transition at x/c =  1.0000   69

   6   rms: 0.4269E-01   max: 0.9118E+00   C at   32  1
       a = 10.500      CL =  1.3473
      Cm = -0.0503     CD =  0.02123   =>   CDf =  0.00759    CDp =  0.01364

 Side 1  free  transition at x/c =  0.0254   30
 Side 2 forced transition at x/c =  1.0000   69

   7   rms: 0.3966E-02   max: 0.7336E-01   C at   30  1
       a = 10.500      CL =  1.3475
      Cm = -0.0503     CD =  0.02120   =>   CDf =  0.00766    CDp =  0.01355

 Side 1  free  transition at x/c =  0.0249   30
 Side 2 forced transition at x/c =  1.0000   69

   8   rms: 0.7356E-04   max: -.1471E-02   C at   30  1
       a = 10.500      CL =  1.3475
      Cm = -0.0503     CD =  0.02120   =>   CDf =  0.00766    CDp =  0.01354
      5.000    4.5373   0.021202   0.018268   0.001165  -0.017103    0.0249     #

 Point added to stored polar  1
 Point written to save file  clarky_re480000_realistic_model_reverse.polar   
 Dump file unspecified or not available
 Calculating wake trajectory ...
 Calculating source influence matrix ...

 Solving BL system ...

 Side 1  free  transition at x/c =  0.0249   30
 Side 2 forced transition at x/c =  1.0000   69

   1   rms: 0.2862E+00   max: -.5880E+01   C at   30  1   RLX: 0.085
       a = 10.250      CL =  1.3482
      Cm = -0.0507     CD =  0.02100   =>   CDf =  0.00766    CDp =  0.01334

 Side 1  free  transition at x/c =  0.0287   31
 Side 2 forced transition at x/c =  1.0000   69

   2   rms: 0.2973E+00   max: -.6080E+01   C at   31  1   RLX: 0.082
       a = 10.250      CL =  1.3490
      Cm = -0.0510     CD =  0.02081   =>   CDf =  0.00762    CDp =  0.01318

 Side 1  free  transition at x/c =  0.0333   32
 Side 2 forced transition at x/c =  1.0000   69

   3   rms: 0.2955E+00   max: -.6050E+01   C at   32  1   RLX: 0.083
       a = 10.250      CL =  1.3499
      Cm = -0.0513     CD =  0.02063   =>   CDf =  0.00759    CDp =  0.01304

 Side 1  free  transition at x/c =  0.0369   33
 Side 2 forced transition at x/c =  1.0000   69

   4   rms: 0.1114E+00   max: -.2292E+01   C at   33  1   RLX: 0.218
       a = 10.250      CL =  1.3491
      Cm = -0.0518     CD =  0.02041   =>   CDf =  0.00756    CDp =  0.01285

 Side 1  free  transition at x/c =  0.0425   34
 Side 2 forced transition at x/c =  1.0000   69

   5   rms: 0.3717E-01   max: -.6434E+00   C at   34  1   RLX: 0.777
       a = 10.250      CL =  1.3433
      Cm = -0.0527     CD =  0.02000   =>   CDf =  0.00752    CDp =  0.01247

 Side 1  free  transition at x/c =  0.0527   37
 Side 2 forced transition at x/c =  1.0000   69

   6   rms: 0.7070E-02   max: 0.6421E-01   D at   34  1
       a = 10.250      CL =  1.3430
      Cm = -0.0532     CD =  0.01981   =>   CDf =  0.00746    CDp =  0.01235

 Side 1  free  transition at x/c =  0.0515   36
 Side 2 forced transition at x/c =  1.0000   69

   7   rms: 0.4679E-03   max: 0.9053E-02   C at   36  1
       a = 10.250      CL =  1.3431
      Cm = -0.0532     CD =  0.01982   =>   CDf =  0.00747    CDp =  0.01235

 Side 1  free  transition at x/c =  0.0514   36
 Side 2 forced transition at x/c =  1.0000   69

   8   rms: 0.1375E-05   max: -.1994E-04   D at   38  1
       a = 10.250      CL =  1.3431
      Cm = -0.0532     CD =  0.01982   =>   CDf =  0.00747    CDp =  0.01235
      5.000    4.2944   0.019818   0.000969   0.001120   0.000151    0.0514     #

 Point added to stored polar  1
 Point written to save file  clarky_re480000_realistic_model_reverse.polar   
 Dump file unspecified or not available
 Calculating wake trajectory ...
 Calculating source influence matrix ...

 Solving BL system ...

 Side 1  free  transition at x/c =  0.0514   36
 Side 2 forced transition at x/c =  1.0000   69

   1   rms: 0.5796E-01   max: -.9895E+00   C at   36  1   RLX: 0.505
       a = 10.000      CL =  1.3363
      Cm = -0.0541     CD =  0.01939   =>   CDf =  0.00747    CDp =  0.01192

 Side 1  free  transition at x/c =  0.0600   38
 Side 2 forced transition at x/c =  1.0000   69

   2   rms: 0.1975E-01   max: -.1441E+00   C at   38  1
       a = 10.000      CL =  1.3297
      Cm = -0.0551     CD =  0.01901   =>   CDf =  0.00741    CDp =  0.01160

 Side 1  free  transition at x/c =  0.0619   38
 Side 2 forced transition at x/c =  1.0000   69

   3   rms: 0.1403E-02   max: -.2676E-01   C at   38  1
       a = 10.000      CL =  1.3293
      Cm = -0.0550     CD =  0.01906   =>   CDf =  0.00743    CDp =  0.01163

 Side 1  free  transition at x/c =  0.0620   38
 Side 2 forced transition at x/c =  1.0000   69

   4   rms: 0.1133E-04   max: 0.2140E-03   C at   38  1
       a = 10.000      CL =  1.3293
      Cm = -0.0550     CD =  0.01906   =>   CDf =  0.00743    CDp =  0.01163
      5.000    4.0273   0.019062   0.001010   0.001035   0.000025    0.0620     #

 Point added to stored polar  1
 Point written to save file  clarky_re480000_realistic_model_reverse.polar   
 Dump file unspecified or not available
 Calculating wake trajectory ...
 Calculating source influence matrix ...

 Solving BL system ...

 Side 1  free  transition at x/c =  0.0620   38
 Side 2 forced transition at x/c =  1.0000   69

   1   rms: 0.4232E-01   max: -.4680E+00   C at   38  1
       a =  9.750      CL =  1.3132
      Cm = -0.0566     CD =  0.01841   =>   CDf =  0.00773    CDp =  0.01068

 Side 1  free  transition at x/c =  0.0703   38
 Side 2 forced transition at x/c =  1.0000   70

   2   rms: 0.4163E-02   max: 0.5325E-01   D at   37  1
       a =  9.750      CL =  1.3135
      Cm = -0.0566     CD =  0.01844   =>   CDf =  0.00742    CDp =  0.01102

 Side 1  free  transition at x/c =  0.0691   38
 Side 2 forced transition at x/c =  1.0000   70

   3   rms: 0.6566E-03   max: 0.7161E-02   D at    4  2
       a =  9.750      CL =  1.3133
      Cm = -0.0566     CD =  0.01845   =>   CDf =  0.00743    CDp =  0.01102

 Side 1  free  transition at x/c =  0.0691   38
 Side 2 forced transition at x/c =  1.0000   70

   4   rms: 0.9939E-06   max: 0.5919E-05   C at   70  2
       a =  9.750      CL =  1.3133
      Cm = -0.0566     CD =  0.01845   =>   CDf =  0.00743    CDp =  0.01102
      5.000    3.8097   0.018450   0.000000   0.000000   0.000000    0.0691     #

 Point added to stored polar  1
 Point written to save file  clarky_re480000_realistic_model_reverse.polar   
 Dump file unspecified or not available
 Calculating wake trajectory ...
 Calculating source influence matrix ...

 Solving BL system ...

 Side 1  free  transition at x/c =  0.0691   38
 Side 2 forced transition at x/c =  1.0000   70

   1   rms: 0.3920E-01   max: -.3202E+00   C at   38  1
       a =  9.500      CL =  1.2958
      Cm = -0.0580     CD =  0.01790   =>   CDf =  0.00743    CDp =  0.01047

 Side 1  free  transition at x/c =  0.0764   39
 Side 2 forced transition at x/c =  1.0000   70

   2   rms: 0.3988E-02   max: -.5991E-01   C at   39  1
       a =  9.500      CL =  1.2969
      Cm = -0.0582     CD =  0.01786   =>   CDf =  0.00743    CDp =  0.01044

 Side 1  free  transition at x/c =  0.0756   39
 Side 2 forced transition at x/c =  1.0000   70

   3   rms: 0.2032E-03   max: -.2998E-02   C at   39  1
       a =  9.500      CL =  1.2968
      Cm = -0.0582     CD =  0.01787   =>   CDf =  0.00743    CDp =  0.01045

 Side 1  free  transition at x/c =  0.0757   39
 Side 2 forced transition at x/c =  1.0000   70

   4   rms: 0.5982E-06   max: 0.4290E-05   C at   39  1
       a =  9.500      CL =  1.2968
      Cm = -0.0582     CD =  0.01787   =>   CDf =  0.00743    CDp =  0.01045
      5.000    3.6369   0.017873   0.000000   0.000000   0.000000    0.0757     #

 Point added to stored polar  1
 Point written to save file  clarky_re480000_realistic_model_reverse.polar   
 Dump file unspecified or not available
 Calculating wake trajectory ...
 Calculating source influence matrix ...

 Solving BL system ...

 Side 1  free  transition at x/c =  0.0757   39
 Side 2 forced transition at x/c =  1.0000   70

   1   rms: 0.3993E-01   max: -.3530E+00   C at   39  1
       a =  9.250      CL =  1.2792
      Cm = -0.0597     CD =  0.01733   =>   CDf =  0.00742    CDp =  0.00991

 Side 1  free  transition at x/c =  0.0840   40
 Side 2 forced transition at x/c =  1.0000   70

   2   rms: 0.3473E-02   max: 0.7226E-01   C at   40  1
       a =  9.250      CL =  1.2802
      Cm = -0.0598     CD =  0.01729   =>   CDf =  0.00740    CDp =  0.00989

 Side 1  free  transition at x/c =  0.0833   40
 Side 2 forced transition at x/c =  1.0000   70

   3   rms: 0.4049E-04   max: 0.6158E-03   C at   40  1
       a =  9.250      CL =  1.2802
      Cm = -0.0598     CD =  0.01729   =>   CDf =  0.00741    CDp =  0.00989
      5.000    3.4975   0.017294   0.000000   0.000000   0.000000    0.0833     #

 Point added to stored polar  1
 Point written to save file  clarky_re480000_realistic_model_reverse.polar   
 Dump file unspecified or not available
 Calculating wake trajectory ...
 Calculating source influence matrix ...

 Solving BL system ...

 Side 1  free  transition at x/c =  0.0833   40
 Side 2 forced transition at x/c =  1.0000   70

   1   rms: 0.4144E-01   max: -.4208E+00   C at   40  1
       a =  9.000      CL =  1.2623
      Cm = -0.0612     CD =  0.01676   =>   CDf =  0.00741    CDp =  0.00935

 Side 1  free  transition at x/c =  0.0902   41
 Side 2 forced transition at x/c =  1.0000   70

   2   rms: 0.3314E-02   max: -.6670E-01   C at   41  1
       a =  9.000      CL =  1.2631
      Cm = -0.0614     CD =  0.01674   =>   CDf =  0.00739    CDp =  0.00935

 Side 1  free  transition at x/c =  0.0910   41
 Side 2 forced transition at x/c =  1.0000   70

   3   rms: 0.2625E-04   max: -.4220E-03   C at   41  1
       a =  9.000      CL =  1.2630
      Cm = -0.0614     CD =  0.01675   =>   CDf =  0.00739    CDp =  0.00936
      5.000    3.3806   0.016745   0.000000   0.000000   0.000000    0.0910     #

 Point added to stored polar  1
 Point written to save file  clarky_re480000_realistic_model_reverse.polar   
 Dump file unspecified or not available
 Calculating wake trajectory ...
 Calculating source influence matrix ...

 Solving BL system ...

 Side 1  free  transition at x/c =  0.0910   41
 Side 2 forced transition at x/c =  1.0000   70

   1   rms: 0.4344E-01   max: -.5069E+00   C at   41  1   RLX: 0.986
       a =  8.750      CL =  1.2454
      Cm = -0.0628     CD =  0.01622   =>   CDf =  0.00763    CDp =  0.00859

 Side 1  free  transition at x/c =  0.0987   41
 Side 2 forced transition at x/c =  1.0000   71

   2   rms: 0.6913E-02   max: -.1275E+00   C at   41  1
       a =  8.750      CL =  1.2451
      Cm = -0.0628     CD =  0.01619   =>   CDf =  0.00737    CDp =  0.00882

 Side 1  free  transition at x/c =  0.1004   41
 Side 2 forced transition at x/c =  1.0000   71

   3   rms: 0.5233E-03   max: 0.5758E-02   D at    4  2
       a =  8.750      CL =  1.2451
      Cm = -0.0628     CD =  0.01619   =>   CDf =  0.00736    CDp =  0.00883

 Side 1  free  transition at x/c =  0.1004   41
 Side 2 forced transition at x/c =  1.0000   71

   4   rms: 0.6083E-06   max: 0.2387E-05   C at   71  2
       a =  8.750      CL =  1.2451
      Cm = -0.0628     CD =  0.01619   =>   CDf =  0.00736    CDp =  0.00883
      5.000    3.3270   0.016194   0.000000   0.000000   0.000000    0.1004     #

 Point added to stored polar  1
 Point written to save file  clarky_re480000_realistic_model_reverse.polar   
 Dump file unspecified or not available
 Calculating wake trajectory ...
 Calculating source influence matrix ...

 Solving BL system ...

 Side 1  free  transition at x/c =  0.1004   41
 Side 2 forced transition at x/c =  1.0000   71

   1   rms: 0.4712E-01   max: -.6577E+00   C at   41  1   RLX: 0.760
       a =  8.500      CL =  1.2305
      Cm = -0.0637     CD =  0.01578   =>   CDf =  0.00736    CDp =  0.00842

 Side 1  free  transition at x/c =  0.1086   42
 Side 2 forced transition at x/c =  1.0000   71

   2   rms: 0.1432E-01   max: -.2562E+00   C at   42  1
       a =  8.500      CL =  1.2265
      Cm = -0.0641     CD =  0.01561   =>   CDf =  0.00732    CDp =  0.00828

 Side 1  free  transition at x/c =  0.1126   42
 Side 2 forced transition at x/c =  1.0000   71

   3   rms: 0.1176E-02   max: -.2733E-01   C at   42  1
       a =  8.500      CL =  1.2264
      Cm = -0.0641     CD =  0.01562   =>   CDf =  0.00731    CDp =  0.00831

 Side 1  free  transition at x/c =  0.1124   42
 Side 2 forced transition at x/c =  1.0000   71

   4   rms: 0.3938E-02   max: -.8909E-01   C at   42  1
       a =  8.500      CL =  1.2264
      Cm = -0.0641     CD =  0.01562   =>   CDf =  0.00731    CDp =  0.00831

 Side 1  free  transition at x/c =  0.1124   42
 Side 2 forced transition at x/c =  1.0000   71

   5   rms: 0.3879E-02   max: -.8766E-01   C at   42  1
       a =  8.500      CL =  1.2264
      Cm = -0.0641     CD =  0.01562   =>   CDf =  0.00731    CDp =  0.00831

 Side 1  free  transition at x/c =  0.1124   42
 Side 2 forced transition at x/c =  1.0000   71

   6   rms: 0.3883E-02   max: -.8777E-01   C at   42  1
       a =  8.500      CL =  1.2264
      Cm = -0.0641     CD =  0.01562   =>   CDf =  0.00731    CDp =  0.00831

 Side 1  free  transition at x/c =  0.1124   42
 Side 2 forced transition at x/c =  1.0000   71

   7   rms: 0.3883E-02   max: -.8776E-01   C at   42  1
       a =  8.500      CL =  1.2264
      Cm = -0.0641     CD =  0.01562   =>   CDf =  0.00731    CDp =  0.00831

 Side 1  free  transition at x/c =  0.1124   42
 Side 2 forced transition at x/c =  1.0000   71

   8   rms: 0.3883E-02   max: -.8776E-01   C at   42  1
       a =  8.500      CL =  1.2264
      Cm = -0.0641     CD =  0.01562   =>   CDf =  0.00731    CDp =  0.00831

 Side 1  free  transition at x/c =  0.1124   42
 Side 2 forced transition at x/c =  1.0000   71

   9   rms: 0.3883E-02   max: -.8776E-01   C at   42  1
       a =  8.500      CL =  1.2264
      Cm = -0.0641     CD =  0.01562   =>   CDf =  0.00731    CDp =  0.00831

 Side 1  free  transition at x/c =  0.1124   42
 Side 2 forced transition at x/c =  1.0000   71

  10   rms: 0.3883E-02   max: -.8776E-01   C at   42  1
       a =  8.500      CL =  1.2264
      Cm = -0.0641     CD =  0.01562   =>   CDf =  0.00731    CDp =  0.00831

 Side 1  free  transition at x/c =  0.1124   42
 Side 2 forced transition at x/c =  1.0000   71

  11   rms: 0.3883E-02   max: -.8776E-01   C at   42  1
       a =  8.500      CL =  1.2264
      Cm = -0.0641     CD =  0.01562   =>   CDf =  0.00731    CDp =  0.00831

 Side 1  free  transition at x/c =  0.1124   42
 Side 2 forced transition at x/c =  1.0000   71

  12   rms: 0.3883E-02   max: -.8776E-01   C at   42  1
       a =  8.500      CL =  1.2264
      Cm = -0.0641     CD =  0.01562   =>   CDf =  0.00731    CDp =  0.00831

 Side 1  free  transition at x/c =  0.1124   42
 Side 2 forced transition at x/c =  1.0000   71

  13   rms: 0.3883E-02   max: -.8776E-01   C at   42  1
       a =  8.500      CL =  1.2264
      Cm = -0.0641     CD =  0.01562   =>   CDf =  0.00731    CDp =  0.00831

 Side 1  free  transition at x/c =  0.1124   42
 Side 2 forced transition at x/c =  1.0000   71

  14   rms: 0.3883E-02   max: -.8776E-01   C at   42  1
       a =  8.500      CL =  1.2264
      Cm = -0.0641     CD =  0.01562   =>   CDf =  0.00731    CDp =  0.00831

 Side 1  free  transition at x/c =  0.1124   42
 Side 2 forced transition at x/c =  1.0000   71

  15   rms: 0.3883E-02   max: -.8776E-01   C at   42  1
       a =  8.500      CL =  1.2264
      Cm = -0.0641     CD =  0.01562   =>   CDf =  0.00731    CDp =  0.00831

 Side 1  free  transition at x/c =  0.1124   42
 Side 2 forced transition at x/c =  1.0000   71

  16   rms: 0.3883E-02   max: -.8776E-01   C at   42  1
       a =  8.500      CL =  1.2264
      Cm = -0.0641     CD =  0.01562   =>   CDf =  0.00731    CDp =  0.00831

 Side 1  free  transition at x/c =  0.1124   42
 Side 2 forced transition at x/c =  1.0000   71

  17   rms: 0.3883E-02   max: -.8776E-01   C at   42  1
       a =  8.500      CL =  1.2264
      Cm = -0.0641     CD =  0.01562   =>   CDf =  0.00731    CDp =  0.00831

 Side 1  free  transition at x/c =  0.1124   42
 Side 2 forced transition at x/c =  1.0000   71

  18   rms: 0.3883E-02   max: -.8776E-01   C at   42  1
       a =  8.500      CL =  1.2264
      Cm = -0.0641     CD =  0.01562   =>   CDf =  0.00731    CDp =  0.00831

 Side 1  free  transition at x/c =  0.1124   42
 Side 2 forced transition at x/c =  1.0000   71

  19   rms: 0.3883E-02   max: -.8776E-01   C at   42  1
       a =  8.500      CL =  1.2264
      Cm = -0.0641     CD =  0.01562   =>   CDf =  0.00731    CDp =  0.00831

 Side 1  free  transition at x/c =  0.1124   42
 Side 2 forced transition at x/c =  1.0000   71

  20   rms: 0.3883E-02   max: -.8776E-01   C at   42  1
       a =  8.500      CL =  1.2264
      Cm = -0.0641     CD =  0.01562   =>   CDf =  0.00731    CDp =  0.00831

 Side 1  free  transition at x/c =  0.1124   42
 Side 2 forced transition at x/c =  1.0000   71

  21   rms: 0.3883E-02   max: -.8776E-01   C at   42  1
       a =  8.500      CL =  1.2264
      Cm = -0.0641     CD =  0.01562   =>   CDf =  0.00731    CDp =  0.00831

 Side 1  free  transition at x/c =  0.1124   42
 Side 2 forced transition at x/c =  1.0000   71

  22   rms: 0.3883E-02   max: -.8776E-01   C at   42  1
       a =  8.500      CL =  1.2264
      Cm = -0.0641     CD =  0.01562   =>   CDf =  0.00731    CDp =  0.00831

 Side 1  free  transition at x/c =  0.1124   42
 Side 2 forced transition at x/c =  1.0000   71

  23   rms: 0.3883E-02   max: -.8776E-01   C at   42  1
       a =  8.500      CL =  1.2264
      Cm = -0.0641     CD =  0.01562   =>   CDf =  0.00731    CDp =  0.00831

 Side 1  free  transition at x/c =  0.1124   42
 Side 2 forced transition at x/c =  1.0000   71

  24   rms: 0.3883E-02   max: -.8776E-01   C at   42  1
       a =  8.500      CL =  1.2264
      Cm = -0.0641     CD =  0.01562   =>   CDf =  0.00731    CDp =  0.00831

 Side 1  free  transition at x/c =  0.1124   42
 Side 2 forced transition at x/c =  1.0000   71

  25   rms: 0.3883E-02   max: -.8776E-01   C at   42  1
       a =  8.500      CL =  1.2264
      Cm = -0.0641     CD =  0.01562   =>   CDf =  0.00731    CDp =  0.00831

 Side 1  free  transition at x/c =  0.1124   42
 Side 2 forced transition at x/c =  1.0000   71

  26   rms: 0.3883E-02   max: -.8776E-01   C at   42  1
       a =  8.500      CL =  1.2264
      Cm = -0.0641     CD =  0.01562   =>   CDf =  0.00731    CDp =  0.00831

 Side 1  free  transition at x/c =  0.1124   42
 Side 2 forced transition at x/c =  1.0000   71

  27   rms: 0.3883E-02   max: -.8776E-01   C at   42  1
       a =  8.500      CL =  1.2264
      Cm = -0.0641     CD =  0.01562   =>   CDf =  0.00731    CDp =  0.00831

 Side 1  free  transition at x/c =  0.1124   42
 Side 2 forced transition at x/c =  1.0000   71

  28   rms: 0.3883E-02   max: -.8776E-01   C at   42  1
       a =  8.500      CL =  1.2264
      Cm = -0.0641     CD =  0.01562   =>   CDf =  0.00731    CDp =  0.00831

 Side 1  free  transition at x/c =  0.1124   42
 Side 2 forced transition at x/c =  1.0000   71

  29   rms: 0.3883E-02   max: -.8776E-01   C at   42  1
       a =  8.500      CL =  1.2264
      Cm = -0.0641     CD =  0.01562   =>   CDf =  0.00731    CDp =  0.00831

 Side 1  free  transition at x/c =  0.1124   42
 Side 2 forced transition at x/c =  1.0000   71

  30   rms: 0.3883E-02   max: -.8776E-01   C at   42  1
       a =  8.500      CL =  1.2264
      Cm = -0.0641     CD =  0.01562   =>   CDf =  0.00731    CDp =  0.00831

 Side 1  free  transition at x/c =  0.1124   42
 Side 2 forced transition at x/c =  1.0000   71

  31   rms: 0.3883E-02   max: -.8776E-01   C at   42  1
       a =  8.500      CL =  1.2264
      Cm = -0.0641     CD =  0.01562   =>   CDf =  0.00731    CDp =  0.00831

 Side 1  free  transition at x/c =  0.1124   42
 Side 2 forced transition at x/c =  1.0000   71

  32   rms: 0.3883E-02   max: -.8776E-01   C at   42  1
       a =  8.500      CL =  1.2264
      Cm = -0.0641     CD =  0.01562   =>   CDf =  0.00731    CDp =  0.00831

 Side 1  free  transition at x/c =  0.1124   42
 Side 2 forced transition at x/c =  1.0000   71

  33   rms: 0.3883E-02   max: -.8776E-01   C at   42  1
       a =  8.500      CL =  1.2264
      Cm = -0.0641     CD =  0.01562   =>   CDf =  0.00731    CDp =  0.00831

 Side 1  free  transition at x/c =  0.1124   42
 Side 2 forced transition at x/c =  1.0000   71

  34   rms: 0.3883E-02   max: -.8776E-01   C at   42  1
       a =  8.500      CL =  1.2264
      Cm = -0.0641     CD =  0.01562   =>   CDf =  0.00731    CDp =  0.00831

 Side 1  free  transition at x/c =  0.1124   42
 Side 2 forced transition at x/c =  1.0000   71

  35   rms: 0.3883E-02   max: -.8776E-01   C at   42  1
       a =  8.500      CL =  1.2264
      Cm = -0.0641     CD =  0.01562   =>   CDf =  0.00731    CDp =  0.00831

 Side 1  free  transition at x/c =  0.1124   42
 Side 2 forced transition at x/c =  1.0000   71

  36   rms: 0.3883E-02   max: -.8776E-01   C at   42  1
       a =  8.500      CL =  1.2264
      Cm = -0.0641     CD =  0.01562   =>   CDf =  0.00731    CDp =  0.00831

 Side 1  free  transition at x/c =  0.1124   42
 Side 2 forced transition at x/c =  1.0000   71

  37   rms: 0.3883E-02   max: -.8776E-01   C at   42  1
       a =  8.500      CL =  1.2264
      Cm = -0.0641     CD =  0.01562   =>   CDf =  0.00731    CDp =  0.00831

 Side 1  free  transition at x/c =  0.1124   42
 Side 2 forced transition at x/c =  1.0000   71

  38   rms: 0.3883E-02   max: -.8776E-01   C at   42  1
       a =  8.500      CL =  1.2264
      Cm = -0.0641     CD =  0.01562   =>   CDf =  0.00731    CDp =  0.00831

 Side 1  free  transition at x/c =  0.1124   42
 Side 2 forced transition at x/c =  1.0000   71

  39   rms: 0.3883E-02   max: -.8776E-01   C at   42  1
       a =  8.500      CL =  1.2264
      Cm = -0.0641     CD =  0.01562   =>   CDf =  0.00731    CDp =  0.00831

 Side 1  free  transition at x/c =  0.1124   42
 Side 2 forced transition at x/c =  1.0000   71

  40   rms: 0.3883E-02   max: -.8776E-01   C at   42  1
       a =  8.500      CL =  1.2264
      Cm = -0.0641     CD =  0.01562   =>   CDf =  0.00731    CDp =  0.00831

 Side 1  free  transition at x/c =  0.1124   42
 Side 2 forced transition at x/c =  1.0000   71

  41   rms: 0.3883E-02   max: -.8776E-01   C at   42  1
       a =  8.500      CL =  1.2264
      Cm = -0.0641     CD =  0.01562   =>   CDf =  0.00731    CDp =  0.00831

 Side 1  free  transition at x/c =  0.1124   42
 Side 2 forced transition at x/c =  1.0000   71

  42   rms: 0.3883E-02   max: -.8776E-01   C at   42  1
       a =  8.500      CL =  1.2264
      Cm = -0.0641     CD =  0.01562   =>   CDf =  0.00731    CDp =  0.00831

 Side 1  free  transition at x/c =  0.1124   42
 Side 2 forced transition at x/c =  1.0000   71

  43   rms: 0.3883E-02   max: -.8776E-01   C at   42  1
       a =  8.500      CL =  1.2264
      Cm = -0.0641     CD =  0.01562   =>   CDf =  0.00731    CDp =  0.00831

 Side 1  free  transition at x/c =  0.1124   42
 Side 2 forced transition at x/c =  1.0000   71

  44   rms: 0.3883E-02   max: -.8776E-01   C at   42  1
       a =  8.500      CL =  1.2264
      Cm = -0.0641     CD =  0.01562   =>   CDf =  0.00731    CDp =  0.00831

 Side 1  free  transition at x/c =  0.1124   42
 Side 2 forced transition at x/c =  1.0000   71

  45   rms: 0.3883E-02   max: -.8776E-01   C at   42  1
       a =  8.500      CL =  1.2264
      Cm = -0.0641     CD =  0.01562   =>   CDf =  0.00731    CDp =  0.00831

 Side 1  free  transition at x/c =  0.1124   42
 Side 2 forced transition at x/c =  1.0000   71

  46   rms: 0.3883E-02   max: -.8776E-01   C at   42  1
       a =  8.500      CL =  1.2264
      Cm = -0.0641     CD =  0.01562   =>   CDf =  0.00731    CDp =  0.00831

 Side 1  free  transition at x/c =  0.1124   42
 Side 2 forced transition at x/c =  1.0000   71

  47   rms: 0.3883E-02   max: -.8776E-01   C at   42  1
       a =  8.500      CL =  1.2264
      Cm = -0.0641     CD =  0.01562   =>   CDf =  0.00731    CDp =  0.00831

 Side 1  free  transition at x/c =  0.1124   42
 Side 2 forced transition at x/c =  1.0000   71

  48   rms: 0.3883E-02   max: -.8776E-01   C at   42  1
       a =  8.500      CL =  1.2264
      Cm = -0.0641     CD =  0.01562   =>   CDf =  0.00731    CDp =  0.00831

 Side 1  free  transition at x/c =  0.1124   42
 Side 2 forced transition at x/c =  1.0000   71

  49   rms: 0.3883E-02   max: -.8776E-01   C at   42  1
       a =  8.500      CL =  1.2264
      Cm = -0.0641     CD =  0.01562   =>   CDf =  0.00731    CDp =  0.00831

 Side 1  free  transition at x/c =  0.1124   42
 Side 2 forced transition at x/c =  1.0000   71

  50   rms: 0.3883E-02   max: -.8776E-01   C at   42  1
       a =  8.500      CL =  1.2264
      Cm = -0.0641     CD =  0.01562   =>   CDf =  0.00731    CDp =  0.00831

 Side 1  free  transition at x/c =  0.1124   42
 Side 2 forced transition at x/c =  1.0000   71

  51   rms: 0.3883E-02   max: -.8776E-01   C at   42  1
       a =  8.500      CL =  1.2264
      Cm = -0.0641     CD =  0.01562   =>   CDf =  0.00731    CDp =  0.00831

 Side 1  free  transition at x/c =  0.1124   42
 Side 2 forced transition at x/c =  1.0000   71

  52   rms: 0.3883E-02   max: -.8776E-01   C at   42  1
       a =  8.500      CL =  1.2264
      Cm = -0.0641     CD =  0.01562   =>   CDf =  0.00731    CDp =  0.00831

 Side 1  free  transition at x/c =  0.1124   42
 Side 2 forced transition at x/c =  1.0000   71

  53   rms: 0.3883E-02   max: -.8776E-01   C at   42  1
       a =  8.500      CL =  1.2264
      Cm = -0.0641     CD =  0.01562   =>   CDf =  0.00731    CDp =  0.00831

 Side 1  free  transition at x/c =  0.1124   42
 Side 2 forced transition at x/c =  1.0000   71

  54   rms: 0.3883E-02   max: -.8776E-01   C at   42  1
       a =  8.500      CL =  1.2264
      Cm = -0.0641     CD =  0.01562   =>   CDf =  0.00731    CDp =  0.00831

 Side 1  free  transition at x/c =  0.1124   42
 Side 2 forced transition at x/c =  1.0000   71

  55   rms: 0.3883E-02   max: -.8776E-01   C at   42  1
       a =  8.500      CL =  1.2264
      Cm = -0.0641     CD =  0.01562   =>   CDf =  0.00731    CDp =  0.00831

 Side 1  free  transition at x/c =  0.1124   42
 Side 2 forced transition at x/c =  1.0000   71

  56   rms: 0.3883E-02   max: -.8776E-01   C at   42  1
       a =  8.500      CL =  1.2264
      Cm = -0.0641     CD =  0.01562   =>   CDf =  0.00731    CDp =  0.00831

 Side 1  free  transition at x/c =  0.1124   42
 Side 2 forced transition at x/c =  1.0000   71

  57   rms: 0.3883E-02   max: -.8776E-01   C at   42  1
       a =  8.500      CL =  1.2264
      Cm = -0.0641     CD =  0.01562   =>   CDf =  0.00731    CDp =  0.00831

 Side 1  free  transition at x/c =  0.1124   42
 Side 2 forced transition at x/c =  1.0000   71

  58   rms: 0.3883E-02   max: -.8776E-01   C at   42  1
       a =  8.500      CL =  1.2264
      Cm = -0.0641     CD =  0.01562   =>   CDf =  0.00731    CDp =  0.00831

 Side 1  free  transition at x/c =  0.1124   42
 Side 2 forced transition at x/c =  1.0000   71

  59   rms: 0.3883E-02   max: -.8776E-01   C at   42  1
       a =  8.500      CL =  1.2264
      Cm = -0.0641     CD =  0.01562   =>   CDf =  0.00731    CDp =  0.00831

 Side 1  free  transition at x/c =  0.1124   42
 Side 2 forced transition at x/c =  1.0000   71

  60   rms: 0.3883E-02   max: -.8776E-01   C at   42  1
       a =  8.500      CL =  1.2264
      Cm = -0.0641     CD =  0.01562   =>   CDf =  0.00731    CDp =  0.00831

 Side 1  free  transition at x/c =  0.1124   42
 Side 2 forced transition at x/c =  1.0000   71

  61   rms: 0.3883E-02   max: -.8776E-01   C at   42  1
       a =  8.500      CL =  1.2264
      Cm = -0.0641     CD =  0.01562   =>   CDf =  0.00731    CDp =  0.00831

 Side 1  free  transition at x/c =  0.1124   42
 Side 2 forced transition at x/c =  1.0000   71

  62   rms: 0.3883E-02   max: -.8776E-01   C at   42  1
       a =  8.500      CL =  1.2264
      Cm = -0.0641     CD =  0.01562   =>   CDf =  0.00731    CDp =  0.00831

 Side 1  free  transition at x/c =  0.1124   42
 Side 2 forced transition at x/c =  1.0000   71

  63   rms: 0.3883E-02   max: -.8776E-01   C at   42  1
       a =  8.500      CL =  1.2264
      Cm = -0.0641     CD =  0.01562   =>   CDf =  0.00731    CDp =  0.00831

 Side 1  free  transition at x/c =  0.1124   42
 Side 2 forced transition at x/c =  1.0000   71

  64   rms: 0.3883E-02   max: -.8776E-01   C at   42  1
       a =  8.500      CL =  1.2264
      Cm = -0.0641     CD =  0.01562   =>   CDf =  0.00731    CDp =  0.00831

 Side 1  free  transition at x/c =  0.1124   42
 Side 2 forced transition at x/c =  1.0000   71

  65   rms: 0.3883E-02   max: -.8776E-01   C at   42  1
       a =  8.500      CL =  1.2264
      Cm = -0.0641     CD =  0.01562   =>   CDf =  0.00731    CDp =  0.00831

 Side 1  free  transition at x/c =  0.1124   42
 Side 2 forced transition at x/c =  1.0000   71

  66   rms: 0.3883E-02   max: -.8776E-01   C at   42  1
       a =  8.500      CL =  1.2264
      Cm = -0.0641     CD =  0.01562   =>   CDf =  0.00731    CDp =  0.00831

 Side 1  free  transition at x/c =  0.1124   42
 Side 2 forced transition at x/c =  1.0000   71

  67   rms: 0.3883E-02   max: -.8776E-01   C at   42  1
       a =  8.500      CL =  1.2264
      Cm = -0.0641     CD =  0.01562   =>   CDf =  0.00731    CDp =  0.00831

 Side 1  free  transition at x/c =  0.1124   42
 Side 2 forced transition at x/c =  1.0000   71

  68   rms: 0.3883E-02   max: -.8776E-01   C at   42  1
       a =  8.500      CL =  1.2264
      Cm = -0.0641     CD =  0.01562   =>   CDf =  0.00731    CDp =  0.00831

 Side 1  free  transition at x/c =  0.1124   42
 Side 2 forced transition at x/c =  1.0000   71

  69   rms: 0.3883E-02   max: -.8776E-01   C at   42  1
       a =  8.500      CL =  1.2264
      Cm = -0.0641     CD =  0.01562   =>   CDf =  0.00731    CDp =  0.00831

 Side 1  free  transition at x/c =  0.1124   42
 Side 2 forced transition at x/c =  1.0000   71

  70   rms: 0.3883E-02   max: -.8776E-01   C at   42  1
       a =  8.500      CL =  1.2264
      Cm = -0.0641     CD =  0.01562   =>   CDf =  0.00731    CDp =  0.00831

 Side 1  free  transition at x/c =  0.1124   42
 Side 2 forced transition at x/c =  1.0000   71

  71   rms: 0.3883E-02   max: -.8776E-01   C at   42  1
       a =  8.500      CL =  1.2264
      Cm = -0.0641     CD =  0.01562   =>   CDf =  0.00731    CDp =  0.00831

 Side 1  free  transition at x/c =  0.1124   42
 Side 2 forced transition at x/c =  1.0000   71

  72   rms: 0.3883E-02   max: -.8776E-01   C at   42  1
       a =  8.500      CL =  1.2264
      Cm = -0.0641     CD =  0.01562   =>   CDf =  0.00731    CDp =  0.00831

 Side 1  free  transition at x/c =  0.1124   42
 Side 2 forced transition at x/c =  1.0000   71

  73   rms: 0.3883E-02   max: -.8776E-01   C at   42  1
       a =  8.500      CL =  1.2264
      Cm = -0.0641     CD =  0.01562   =>   CDf =  0.00731    CDp =  0.00831

 Side 1  free  transition at x/c =  0.1124   42
 Side 2 forced transition at x/c =  1.0000   71

  74   rms: 0.3883E-02   max: -.8776E-01   C at   42  1
       a =  8.500      CL =  1.2264
      Cm = -0.0641     CD =  0.01562   =>   CDf =  0.00731    CDp =  0.00831

 Side 1  free  transition at x/c =  0.1124   42
 Side 2 forced transition at x/c =  1.0000   71

  75   rms: 0.3883E-02   max: -.8776E-01   C at   42  1
       a =  8.500      CL =  1.2264
      Cm = -0.0641     CD =  0.01562   =>   CDf =  0.00731    CDp =  0.00831

 Side 1  free  transition at x/c =  0.1124   42
 Side 2 forced transition at x/c =  1.0000   71

  76   rms: 0.3883E-02   max: -.8776E-01   C at   42  1
       a =  8.500      CL =  1.2264
      Cm = -0.0641     CD =  0.01562   =>   CDf =  0.00731    CDp =  0.00831

 Side 1  free  transition at x/c =  0.1124   42
 Side 2 forced transition at x/c =  1.0000   71

  77   rms: 0.3883E-02   max: -.8776E-01   C at   42  1
       a =  8.500      CL =  1.2264
      Cm = -0.0641     CD =  0.01562   =>   CDf =  0.00731    CDp =  0.00831

 Side 1  free  transition at x/c =  0.1124   42
 Side 2 forced transition at x/c =  1.0000   71

  78   rms: 0.3883E-02   max: -.8776E-01   C at   42  1
       a =  8.500      CL =  1.2264
      Cm = -0.0641     CD =  0.01562   =>   CDf =  0.00731    CDp =  0.00831

 Side 1  free  transition at x/c =  0.1124   42
 Side 2 forced transition at x/c =  1.0000   71

  79   rms: 0.3883E-02   max: -.8776E-01   C at   42  1
       a =  8.500      CL =  1.2264
      Cm = -0.0641     CD =  0.01562   =>   CDf =  0.00731    CDp =  0.00831

 Side 1  free  transition at x/c =  0.1124   42
 Side 2 forced transition at x/c =  1.0000   71

  80   rms: 0.3883E-02   max: -.8776E-01   C at   42  1
       a =  8.500      CL =  1.2264
      Cm = -0.0641     CD =  0.01562   =>   CDf =  0.00731    CDp =  0.00831

 Side 1  free  transition at x/c =  0.1124   42
 Side 2 forced transition at x/c =  1.0000   71

  81   rms: 0.3883E-02   max: -.8776E-01   C at   42  1
       a =  8.500      CL =  1.2264
      Cm = -0.0641     CD =  0.01562   =>   CDf =  0.00731    CDp =  0.00831

 Side 1  free  transition at x/c =  0.1124   42
 Side 2 forced transition at x/c =  1.0000   71

  82   rms: 0.3883E-02   max: -.8776E-01   C at   42  1
       a =  8.500      CL =  1.2264
      Cm = -0.0641     CD =  0.01562   =>   CDf =  0.00731    CDp =  0.00831

 Side 1  free  transition at x/c =  0.1124   42
 Side 2 forced transition at x/c =  1.0000   71

  83   rms: 0.3883E-02   max: -.8776E-01   C at   42  1
       a =  8.500      CL =  1.2264
      Cm = -0.0641     CD =  0.01562   =>   CDf =  0.00731    CDp =  0.00831

 Side 1  free  transition at x/c =  0.1124   42
 Side 2 forced transition at x/c =  1.0000   71

  84   rms: 0.3883E-02   max: -.8776E-01   C at   42  1
       a =  8.500      CL =  1.2264
      Cm = -0.0641     CD =  0.01562   =>   CDf =  0.00731    CDp =  0.00831

 Side 1  free  transition at x/c =  0.1124   42
 Side 2 forced transition at x/c =  1.0000   71

  85   rms: 0.3883E-02   max: -.8776E-01   C at   42  1
       a =  8.500      CL =  1.2264
      Cm = -0.0641     CD =  0.01562   =>   CDf =  0.00731    CDp =  0.00831

 Side 1  free  transition at x/c =  0.1124   42
 Side 2 forced transition at x/c =  1.0000   71

  86   rms: 0.3883E-02   max: -.8776E-01   C at   42  1
       a =  8.500      CL =  1.2264
      Cm = -0.0641     CD =  0.01562   =>   CDf =  0.00731    CDp =  0.00831

 Side 1  free  transition at x/c =  0.1124   42
 Side 2 forced transition at x/c =  1.0000   71

  87   rms: 0.3883E-02   max: -.8776E-01   C at   42  1
       a =  8.500      CL =  1.2264
      Cm = -0.0641     CD =  0.01562   =>   CDf =  0.00731    CDp =  0.00831

 Side 1  free  transition at x/c =  0.1124   42
 Side 2 forced transition at x/c =  1.0000   71

  88   rms: 0.3883E-02   max: -.8776E-01   C at   42  1
       a =  8.500      CL =  1.2264
      Cm = -0.0641     CD =  0.01562   =>   CDf =  0.00731    CDp =  0.00831

 Side 1  free  transition at x/c =  0.1124   42
 Side 2 forced transition at x/c =  1.0000   71

  89   rms: 0.3883E-02   max: -.8776E-01   C at   42  1
       a =  8.500      CL =  1.2264
      Cm = -0.0641     CD =  0.01562   =>   CDf =  0.00731    CDp =  0.00831

 Side 1  free  transition at x/c =  0.1124   42
 Side 2 forced transition at x/c =  1.0000   71

  90   rms: 0.3883E-02   max: -.8776E-01   C at   42  1
       a =  8.500      CL =  1.2264
      Cm = -0.0641     CD =  0.01562   =>   CDf =  0.00731    CDp =  0.00831

 Side 1  free  transition at x/c =  0.1124   42
 Side 2 forced transition at x/c =  1.0000   71

  91   rms: 0.3883E-02   max: -.8776E-01   C at   42  1
       a =  8.500      CL =  1.2264
      Cm = -0.0641     CD =  0.01562   =>   CDf =  0.00731    CDp =  0.00831

 Side 1  free  transition at x/c =  0.1124   42
 Side 2 forced transition at x/c =  1.0000   71

  92   rms: 0.3883E-02   max: -.8776E-01   C at   42  1
       a =  8.500      CL =  1.2264
      Cm = -0.0641     CD =  0.01562   =>   CDf =  0.00731    CDp =  0.00831

 Side 1  free  transition at x/c =  0.1124   42
 Side 2 forced transition at x/c =  1.0000   71

  93   rms: 0.3883E-02   max: -.8776E-01   C at   42  1
       a =  8.500      CL =  1.2264
      Cm = -0.0641     CD =  0.01562   =>   CDf =  0.00731    CDp =  0.00831

 Side 1  free  transition at x/c =  0.1124   42
 Side 2 forced transition at x/c =  1.0000   71

  94   rms: 0.3883E-02   max: -.8776E-01   C at   42  1
       a =  8.500      CL =  1.2264
      Cm = -0.0641     CD =  0.01562   =>   CDf =  0.00731    CDp =  0.00831

 Side 1  free  transition at x/c =  0.1124   42
 Side 2 forced transition at x/c =  1.0000   71

  95   rms: 0.3883E-02   max: -.8776E-01   C at   42  1
       a =  8.500      CL =  1.2264
      Cm = -0.0641     CD =  0.01562   =>   CDf =  0.00731    CDp =  0.00831

 Side 1  free  transition at x/c =  0.1124   42
 Side 2 forced transition at x/c =  1.0000   71

  96   rms: 0.3883E-02   max: -.8776E-01   C at   42  1
       a =  8.500      CL =  1.2264
      Cm = -0.0641     CD =  0.01562   =>   CDf =  0.00731    CDp =  0.00831

 Side 1  free  transition at x/c =  0.1124   42
 Side 2 forced transition at x/c =  1.0000   71

  97   rms: 0.3883E-02   max: -.8776E-01   C at   42  1
       a =  8.500      CL =  1.2264
      Cm = -0.0641     CD =  0.01562   =>   CDf =  0.00731    CDp =  0.00831

 Side 1  free  transition at x/c =  0.1124   42
 Side 2 forced transition at x/c =  1.0000   71

  98   rms: 0.3883E-02   max: -.8776E-01   C at   42  1
       a =  8.500      CL =  1.2264
      Cm = -0.0641     CD =  0.01562   =>   CDf =  0.00731    CDp =  0.00831

 Side 1  free  transition at x/c =  0.1124   42
 Side 2 forced transition at x/c =  1.0000   71

  99   rms: 0.3883E-02   max: -.8776E-01   C at   42  1
       a =  8.500      CL =  1.2264
      Cm = -0.0641     CD =  0.01562   =>   CDf =  0.00731    CDp =  0.00831

 Side 1  free  transition at x/c =  0.1124   42
 Side 2 forced transition at x/c =  1.0000   71

 100   rms: 0.3883E-02   max: -.8776E-01   C at   42  1
       a =  8.500      CL =  1.2264
      Cm = -0.0641     CD =  0.01562   =>   CDf =  0.00731    CDp =  0.00831

 Side 1  free  transition at x/c =  0.1124   42
 Side 2 forced transition at x/c =  1.0000   71

 101   rms: 0.3883E-02   max: -.8776E-01   C at   42  1
       a =  8.500      CL =  1.2264
      Cm = -0.0641     CD =  0.01562   =>   CDf =  0.00731    CDp =  0.00831

 Side 1  free  transition at x/c =  0.1124   42
 Side 2 forced transition at x/c =  1.0000   71

 102   rms: 0.3883E-02   max: -.8776E-01   C at   42  1
       a =  8.500      CL =  1.2264
      Cm = -0.0641     CD =  0.01562   =>   CDf =  0.00731    CDp =  0.00831

 Side 1  free  transition at x/c =  0.1124   42
 Side 2 forced transition at x/c =  1.0000   71

 103   rms: 0.3883E-02   max: -.8776E-01   C at   42  1
       a =  8.500      CL =  1.2264
      Cm = -0.0641     CD =  0.01562   =>   CDf =  0.00731    CDp =  0.00831

 Side 1  free  transition at x/c =  0.1124   42
 Side 2 forced transition at x/c =  1.0000   71

 104   rms: 0.3883E-02   max: -.8776E-01   C at   42  1
       a =  8.500      CL =  1.2264
      Cm = -0.0641     CD =  0.01562   =>   CDf =  0.00731    CDp =  0.00831

 Side 1  free  transition at x/c =  0.1124   42
 Side 2 forced transition at x/c =  1.0000   71

 105   rms: 0.3883E-02   max: -.8776E-01   C at   42  1
       a =  8.500      CL =  1.2264
      Cm = -0.0641     CD =  0.01562   =>   CDf =  0.00731    CDp =  0.00831

 Side 1  free  transition at x/c =  0.1124   42
 Side 2 forced transition at x/c =  1.0000   71

 106   rms: 0.3883E-02   max: -.8776E-01   C at   42  1
       a =  8.500      CL =  1.2264
      Cm = -0.0641     CD =  0.01562   =>   CDf =  0.00731    CDp =  0.00831

 Side 1  free  transition at x/c =  0.1124   42
 Side 2 forced transition at x/c =  1.0000   71

 107   rms: 0.3883E-02   max: -.8776E-01   C at   42  1
       a =  8.500      CL =  1.2264
      Cm = -0.0641     CD =  0.01562   =>   CDf =  0.00731    CDp =  0.00831

 Side 1  free  transition at x/c =  0.1124   42
 Side 2 forced transition at x/c =  1.0000   71

 108   rms: 0.3883E-02   max: -.8776E-01   C at   42  1
       a =  8.500      CL =  1.2264
      Cm = -0.0641     CD =  0.01562   =>   CDf =  0.00731    CDp =  0.00831

 Side 1  free  transition at x/c =  0.1124   42
 Side 2 forced transition at x/c =  1.0000   71

 109   rms: 0.3883E-02   max: -.8776E-01   C at   42  1
       a =  8.500      CL =  1.2264
      Cm = -0.0641     CD =  0.01562   =>   CDf =  0.00731    CDp =  0.00831

 Side 1  free  transition at x/c =  0.1124   42
 Side 2 forced transition at x/c =  1.0000   71

 110   rms: 0.3883E-02   max: -.8776E-01   C at   42  1
       a =  8.500      CL =  1.2264
      Cm = -0.0641     CD =  0.01562   =>   CDf =  0.00731    CDp =  0.00831

 Side 1  free  transition at x/c =  0.1124   42
 Side 2 forced transition at x/c =  1.0000   71

 111   rms: 0.3883E-02   max: -.8776E-01   C at   42  1
       a =  8.500      CL =  1.2264
      Cm = -0.0641     CD =  0.01562   =>   CDf =  0.00731    CDp =  0.00831

 Side 1  free  transition at x/c =  0.1124   42
 Side 2 forced transition at x/c =  1.0000   71

 112   rms: 0.3883E-02   max: -.8776E-01   C at   42  1
       a =  8.500      CL =  1.2264
      Cm = -0.0641     CD =  0.01562   =>   CDf =  0.00731    CDp =  0.00831

 Side 1  free  transition at x/c =  0.1124   42
 Side 2 forced transition at x/c =  1.0000   71

 113   rms: 0.3883E-02   max: -.8776E-01   C at   42  1
       a =  8.500      CL =  1.2264
      Cm = -0.0641     CD =  0.01562   =>   CDf =  0.00731    CDp =  0.00831

 Side 1  free  transition at x/c =  0.1124   42
 Side 2 forced transition at x/c =  1.0000   71

 114   rms: 0.3883E-02   max: -.8776E-01   C at   42  1
       a =  8.500      CL =  1.2264
      Cm = -0.0641     CD =  0.01562   =>   CDf =  0.00731    CDp =  0.00831

 Side 1  free  transition at x/c =  0.1124   42
 Side 2 forced transition at x/c =  1.0000   71

 115   rms: 0.3883E-02   max: -.8776E-01   C at   42  1
       a =  8.500      CL =  1.2264
      Cm = -0.0641     CD =  0.01562   =>   CDf =  0.00731    CDp =  0.00831

 Side 1  free  transition at x/c =  0.1124   42
 Side 2 forced transition at x/c =  1.0000   71

 116   rms: 0.3883E-02   max: -.8776E-01   C at   42  1
       a =  8.500      CL =  1.2264
      Cm = -0.0641     CD =  0.01562   =>   CDf =  0.00731    CDp =  0.00831

 Side 1  free  transition at x/c =  0.1124   42
 Side 2 forced transition at x/c =  1.0000   71

 117   rms: 0.3883E-02   max: -.8776E-01   C at   42  1
       a =  8.500      CL =  1.2264
      Cm = -0.0641     CD =  0.01562   =>   CDf =  0.00731    CDp =  0.00831

 Side 1  free  transition at x/c =  0.1124   42
 Side 2 forced transition at x/c =  1.0000   71

 118   rms: 0.3883E-02   max: -.8776E-01   C at   42  1
       a =  8.500      CL =  1.2264
      Cm = -0.0641     CD =  0.01562   =>   CDf =  0.00731    CDp =  0.00831

 Side 1  free  transition at x/c =  0.1124   42
 Side 2 forced transition at x/c =  1.0000   71

 119   rms: 0.3883E-02   max: -.8776E-01   C at   42  1
       a =  8.500      CL =  1.2264
      Cm = -0.0641     CD =  0.01562   =>   CDf =  0.00731    CDp =  0.00831

 Side 1  free  transition at x/c =  0.1124   42
 Side 2 forced transition at x/c =  1.0000   71

 120   rms: 0.3883E-02   max: -.8776E-01   C at   42  1
       a =  8.500      CL =  1.2264
      Cm = -0.0641     CD =  0.01562   =>   CDf =  0.00731    CDp =  0.00831

 Side 1  free  transition at x/c =  0.1124   42
 Side 2 forced transition at x/c =  1.0000   71

 121   rms: 0.3883E-02   max: -.8776E-01   C at   42  1
       a =  8.500      CL =  1.2264
      Cm = -0.0641     CD =  0.01562   =>   CDf =  0.00731    CDp =  0.00831

 Side 1  free  transition at x/c =  0.1124   42
 Side 2 forced transition at x/c =  1.0000   71

 122   rms: 0.3883E-02   max: -.8776E-01   C at   42  1
       a =  8.500      CL =  1.2264
      Cm = -0.0641     CD =  0.01562   =>   CDf =  0.00731    CDp =  0.00831

 Side 1  free  transition at x/c =  0.1124   42
 Side 2 forced transition at x/c =  1.0000   71

 123   rms: 0.3883E-02   max: -.8776E-01   C at   42  1
       a =  8.500      CL =  1.2264
      Cm = -0.0641     CD =  0.01562   =>   CDf =  0.00731    CDp =  0.00831

 Side 1  free  transition at x/c =  0.1124   42
 Side 2 forced transition at x/c =  1.0000   71

 124   rms: 0.3883E-02   max: -.8776E-01   C at   42  1
       a =  8.500      CL =  1.2264
      Cm = -0.0641     CD =  0.01562   =>   CDf =  0.00731    CDp =  0.00831

 Side 1  free  transition at x/c =  0.1124   42
 Side 2 forced transition at x/c =  1.0000   71

 125   rms: 0.3883E-02   max: -.8776E-01   C at   42  1
       a =  8.500      CL =  1.2264
      Cm = -0.0641     CD =  0.01562   =>   CDf =  0.00731    CDp =  0.00831

 Side 1  free  transition at x/c =  0.1124   42
 Side 2 forced transition at x/c =  1.0000   71

 126   rms: 0.3883E-02   max: -.8776E-01   C at   42  1
       a =  8.500      CL =  1.2264
      Cm = -0.0641     CD =  0.01562   =>   CDf =  0.00731    CDp =  0.00831

 Side 1  free  transition at x/c =  0.1124   42
 Side 2 forced transition at x/c =  1.0000   71

 127   rms: 0.3883E-02   max: -.8776E-01   C at   42  1
       a =  8.500      CL =  1.2264
      Cm = -0.0641     CD =  0.01562   =>   CDf =  0.00731    CDp =  0.00831

 Side 1  free  transition at x/c =  0.1124   42
 Side 2 forced transition at x/c =  1.0000   71

 128   rms: 0.3883E-02   max: -.8776E-01   C at   42  1
       a =  8.500      CL =  1.2264
      Cm = -0.0641     CD =  0.01562   =>   CDf =  0.00731    CDp =  0.00831

 Side 1  free  transition at x/c =  0.1124   42
 Side 2 forced transition at x/c =  1.0000   71

 129   rms: 0.3883E-02   max: -.8776E-01   C at   42  1
       a =  8.500      CL =  1.2264
      Cm = -0.0641     CD =  0.01562   =>   CDf =  0.00731    CDp =  0.00831

 Side 1  free  transition at x/c =  0.1124   42
 Side 2 forced transition at x/c =  1.0000   71

 130   rms: 0.3883E-02   max: -.8776E-01   C at   42  1
       a =  8.500      CL =  1.2264
      Cm = -0.0641     CD =  0.01562   =>   CDf =  0.00731    CDp =  0.00831

 Side 1  free  transition at x/c =  0.1124   42
 Side 2 forced transition at x/c =  1.0000   71

 131   rms: 0.3883E-02   max: -.8776E-01   C at   42  1
       a =  8.500      CL =  1.2264
      Cm = -0.0641     CD =  0.01562   =>   CDf =  0.00731    CDp =  0.00831

 Side 1  free  transition at x/c =  0.1124   42
 Side 2 forced transition at x/c =  1.0000   71

 132   rms: 0.3883E-02   max: -.8776E-01   C at   42  1
       a =  8.500      CL =  1.2264
      Cm = -0.0641     CD =  0.01562   =>   CDf =  0.00731    CDp =  0.00831

 Side 1  free  transition at x/c =  0.1124   42
 Side 2 forced transition at x/c =  1.0000   71

 133   rms: 0.3883E-02   max: -.8776E-01   C at   42  1
       a =  8.500      CL =  1.2264
      Cm = -0.0641     CD =  0.01562   =>   CDf =  0.00731    CDp =  0.00831

 Side 1  free  transition at x/c =  0.1124   42
 Side 2 forced transition at x/c =  1.0000   71

 134   rms: 0.3883E-02   max: -.8776E-01   C at   42  1
       a =  8.500      CL =  1.2264
      Cm = -0.0641     CD =  0.01562   =>   CDf =  0.00731    CDp =  0.00831

 Side 1  free  transition at x/c =  0.1124   42
 Side 2 forced transition at x/c =  1.0000   71

 135   rms: 0.3883E-02   max: -.8776E-01   C at   42  1
       a =  8.500      CL =  1.2264
      Cm = -0.0641     CD =  0.01562   =>   CDf =  0.00731    CDp =  0.00831

 Side 1  free  transition at x/c =  0.1124   42
 Side 2 forced transition at x/c =  1.0000   71

 136   rms: 0.3883E-02   max: -.8776E-01   C at   42  1
       a =  8.500      CL =  1.2264
      Cm = -0.0641     CD =  0.01562   =>   CDf =  0.00731    CDp =  0.00831

 Side 1  free  transition at x/c =  0.1124   42
 Side 2 forced transition at x/c =  1.0000   71

 137   rms: 0.3883E-02   max: -.8776E-01   C at   42  1
       a =  8.500      CL =  1.2264
      Cm = -0.0641     CD =  0.01562   =>   CDf =  0.00731    CDp =  0.00831

 Side 1  free  transition at x/c =  0.1124   42
 Side 2 forced transition at x/c =  1.0000   71

 138   rms: 0.3883E-02   max: -.8776E-01   C at   42  1
       a =  8.500      CL =  1.2264
      Cm = -0.0641     CD =  0.01562   =>   CDf =  0.00731    CDp =  0.00831

 Side 1  free  transition at x/c =  0.1124   42
 Side 2 forced transition at x/c =  1.0000   71

 139   rms: 0.3883E-02   max: -.8776E-01   C at   42  1
       a =  8.500      CL =  1.2264
      Cm = -0.0641     CD =  0.01562   =>   CDf =  0.00731    CDp =  0.00831

 Side 1  free  transition at x/c =  0.1124   42
 Side 2 forced transition at x/c =  1.0000   71

 140   rms: 0.3883E-02   max: -.8776E-01   C at   42  1
       a =  8.500      CL =  1.2264
      Cm = -0.0641     CD =  0.01562   =>   CDf =  0.00731    CDp =  0.00831

 Side 1  free  transition at x/c =  0.1124   42
 Side 2 forced transition at x/c =  1.0000   71

 141   rms: 0.3883E-02   max: -.8776E-01   C at   42  1
       a =  8.500      CL =  1.2264
      Cm = -0.0641     CD =  0.01562   =>   CDf =  0.00731    CDp =  0.00831

 Side 1  free  transition at x/c =  0.1124   42
 Side 2 forced transition at x/c =  1.0000   71

 142   rms: 0.3883E-02   max: -.8776E-01   C at   42  1
       a =  8.500      CL =  1.2264
      Cm = -0.0641     CD =  0.01562   =>   CDf =  0.00731    CDp =  0.00831

 Side 1  free  transition at x/c =  0.1124   42
 Side 2 forced transition at x/c =  1.0000   71

 143   rms: 0.3883E-02   max: -.8776E-01   C at   42  1
       a =  8.500      CL =  1.2264
      Cm = -0.0641     CD =  0.01562   =>   CDf =  0.00731    CDp =  0.00831

 Side 1  free  transition at x/c =  0.1124   42
 Side 2 forced transition at x/c =  1.0000   71

 144   rms: 0.3883E-02   max: -.8776E-01   C at   42  1
       a =  8.500      CL =  1.2264
      Cm = -0.0641     CD =  0.01562   =>   CDf =  0.00731    CDp =  0.00831

 Side 1  free  transition at x/c =  0.1124   42
 Side 2 forced transition at x/c =  1.0000   71

 145   rms: 0.3883E-02   max: -.8776E-01   C at   42  1
       a =  8.500      CL =  1.2264
      Cm = -0.0641     CD =  0.01562   =>   CDf =  0.00731    CDp =  0.00831

 Side 1  free  transition at x/c =  0.1124   42
 Side 2 forced transition at x/c =  1.0000   71

 146   rms: 0.3883E-02   max: -.8776E-01   C at   42  1
       a =  8.500      CL =  1.2264
      Cm = -0.0641     CD =  0.01562   =>   CDf =  0.00731    CDp =  0.00831

 Side 1  free  transition at x/c =  0.1124   42
 Side 2 forced transition at x/c =  1.0000   71

 147   rms: 0.3883E-02   max: -.8776E-01   C at   42  1
       a =  8.500      CL =  1.2264
      Cm = -0.0641     CD =  0.01562   =>   CDf =  0.00731    CDp =  0.00831

 Side 1  free  transition at x/c =  0.1124   42
 Side 2 forced transition at x/c =  1.0000   71

 148   rms: 0.3883E-02   max: -.8776E-01   C at   42  1
       a =  8.500      CL =  1.2264
      Cm = -0.0641     CD =  0.01562   =>   CDf =  0.00731    CDp =  0.00831

 Side 1  free  transition at x/c =  0.1124   42
 Side 2 forced transition at x/c =  1.0000   71

 149   rms: 0.3883E-02   max: -.8776E-01   C at   42  1
       a =  8.500      CL =  1.2264
      Cm = -0.0641     CD =  0.01562   =>   CDf =  0.00731    CDp =  0.00831

 Side 1  free  transition at x/c =  0.1124   42
 Side 2 forced transition at x/c =  1.0000   71

 150   rms: 0.3883E-02   max: -.8776E-01   C at   42  1
       a =  8.500      CL =  1.2264
      Cm = -0.0641     CD =  0.01562   =>   CDf =  0.00731    CDp =  0.00831

 Side 1  free  transition at x/c =  0.1124   42
 Side 2 forced transition at x/c =  1.0000   71

 151   rms: 0.3883E-02   max: -.8776E-01   C at   42  1
       a =  8.500      CL =  1.2264
      Cm = -0.0641     CD =  0.01562   =>   CDf =  0.00731    CDp =  0.00831

 Side 1  free  transition at x/c =  0.1124   42
 Side 2 forced transition at x/c =  1.0000   71

 152   rms: 0.3883E-02   max: -.8776E-01   C at   42  1
       a =  8.500      CL =  1.2264
      Cm = -0.0641     CD =  0.01562   =>   CDf =  0.00731    CDp =  0.00831

 Side 1  free  transition at x/c =  0.1124   42
 Side 2 forced transition at x/c =  1.0000   71

 153   rms: 0.3883E-02   max: -.8776E-01   C at   42  1
       a =  8.500      CL =  1.2264
      Cm = -0.0641     CD =  0.01562   =>   CDf =  0.00731    CDp =  0.00831

 Side 1  free  transition at x/c =  0.1124   42
 Side 2 forced transition at x/c =  1.0000   71

 154   rms: 0.3883E-02   max: -.8776E-01   C at   42  1
       a =  8.500      CL =  1.2264
      Cm = -0.0641     CD =  0.01562   =>   CDf =  0.00731    CDp =  0.00831

 Side 1  free  transition at x/c =  0.1124   42
 Side 2 forced transition at x/c =  1.0000   71

 155   rms: 0.3883E-02   max: -.8776E-01   C at   42  1
       a =  8.500      CL =  1.2264
      Cm = -0.0641     CD =  0.01562   =>   CDf =  0.00731    CDp =  0.00831

 Side 1  free  transition at x/c =  0.1124   42
 Side 2 forced transition at x/c =  1.0000   71

 156   rms: 0.3883E-02   max: -.8776E-01   C at   42  1
       a =  8.500      CL =  1.2264
      Cm = -0.0641     CD =  0.01562   =>   CDf =  0.00731    CDp =  0.00831

 Side 1  free  transition at x/c =  0.1124   42
 Side 2 forced transition at x/c =  1.0000   71

 157   rms: 0.3883E-02   max: -.8776E-01   C at   42  1
       a =  8.500      CL =  1.2264
      Cm = -0.0641     CD =  0.01562   =>   CDf =  0.00731    CDp =  0.00831

 Side 1  free  transition at x/c =  0.1124   42
 Side 2 forced transition at x/c =  1.0000   71

 158   rms: 0.3883E-02   max: -.8776E-01   C at   42  1
       a =  8.500      CL =  1.2264
      Cm = -0.0641     CD =  0.01562   =>   CDf =  0.00731    CDp =  0.00831

 Side 1  free  transition at x/c =  0.1124   42
 Side 2 forced transition at x/c =  1.0000   71

 159   rms: 0.3883E-02   max: -.8776E-01   C at   42  1
       a =  8.500      CL =  1.2264
      Cm = -0.0641     CD =  0.01562   =>   CDf =  0.00731    CDp =  0.00831

 Side 1  free  transition at x/c =  0.1124   42
 Side 2 forced transition at x/c =  1.0000   71

 160   rms: 0.3883E-02   max: -.8776E-01   C at   42  1
       a =  8.500      CL =  1.2264
      Cm = -0.0641     CD =  0.01562   =>   CDf =  0.00731    CDp =  0.00831

 Side 1  free  transition at x/c =  0.1124   42
 Side 2 forced transition at x/c =  1.0000   71

 161   rms: 0.3883E-02   max: -.8776E-01   C at   42  1
       a =  8.500      CL =  1.2264
      Cm = -0.0641     CD =  0.01562   =>   CDf =  0.00731    CDp =  0.00831

 Side 1  free  transition at x/c =  0.1124   42
 Side 2 forced transition at x/c =  1.0000   71

 162   rms: 0.3883E-02   max: -.8776E-01   C at   42  1
       a =  8.500      CL =  1.2264
      Cm = -0.0641     CD =  0.01562   =>   CDf =  0.00731    CDp =  0.00831

 Side 1  free  transition at x/c =  0.1124   42
 Side 2 forced transition at x/c =  1.0000   71

 163   rms: 0.3883E-02   max: -.8776E-01   C at   42  1
       a =  8.500      CL =  1.2264
      Cm = -0.0641     CD =  0.01562   =>   CDf =  0.00731    CDp =  0.00831

 Side 1  free  transition at x/c =  0.1124   42
 Side 2 forced transition at x/c =  1.0000   71

 164   rms: 0.3883E-02   max: -.8776E-01   C at   42  1
       a =  8.500      CL =  1.2264
      Cm = -0.0641     CD =  0.01562   =>   CDf =  0.00731    CDp =  0.00831

 Side 1  free  transition at x/c =  0.1124   42
 Side 2 forced transition at x/c =  1.0000   71

 165   rms: 0.3883E-02   max: -.8776E-01   C at   42  1
       a =  8.500      CL =  1.2264
      Cm = -0.0641     CD =  0.01562   =>   CDf =  0.00731    CDp =  0.00831

 Side 1  free  transition at x/c =  0.1124   42
 Side 2 forced transition at x/c =  1.0000   71

 166   rms: 0.3883E-02   max: -.8776E-01   C at   42  1
       a =  8.500      CL =  1.2264
      Cm = -0.0641     CD =  0.01562   =>   CDf =  0.00731    CDp =  0.00831

 Side 1  free  transition at x/c =  0.1124   42
 Side 2 forced transition at x/c =  1.0000   71

 167   rms: 0.3883E-02   max: -.8776E-01   C at   42  1
       a =  8.500      CL =  1.2264
      Cm = -0.0641     CD =  0.01562   =>   CDf =  0.00731    CDp =  0.00831

 Side 1  free  transition at x/c =  0.1124   42
 Side 2 forced transition at x/c =  1.0000   71

 168   rms: 0.3883E-02   max: -.8776E-01   C at   42  1
       a =  8.500      CL =  1.2264
      Cm = -0.0641     CD =  0.01562   =>   CDf =  0.00731    CDp =  0.00831

 Side 1  free  transition at x/c =  0.1124   42
 Side 2 forced transition at x/c =  1.0000   71

 169   rms: 0.3883E-02   max: -.8776E-01   C at   42  1
       a =  8.500      CL =  1.2264
      Cm = -0.0641     CD =  0.01562   =>   CDf =  0.00731    CDp =  0.00831

 Side 1  free  transition at x/c =  0.1124   42
 Side 2 forced transition at x/c =  1.0000   71

 170   rms: 0.3883E-02   max: -.8776E-01   C at   42  1
       a =  8.500      CL =  1.2264
      Cm = -0.0641     CD =  0.01562   =>   CDf =  0.00731    CDp =  0.00831

 Side 1  free  transition at x/c =  0.1124   42
 Side 2 forced transition at x/c =  1.0000   71

 171   rms: 0.3883E-02   max: -.8776E-01   C at   42  1
       a =  8.500      CL =  1.2264
      Cm = -0.0641     CD =  0.01562   =>   CDf =  0.00731    CDp =  0.00831

 Side 1  free  transition at x/c =  0.1124   42
 Side 2 forced transition at x/c =  1.0000   71

 172   rms: 0.3883E-02   max: -.8776E-01   C at   42  1
       a =  8.500      CL =  1.2264
      Cm = -0.0641     CD =  0.01562   =>   CDf =  0.00731    CDp =  0.00831

 Side 1  free  transition at x/c =  0.1124   42
 Side 2 forced transition at x/c =  1.0000   71

 173   rms: 0.3883E-02   max: -.8776E-01   C at   42  1
       a =  8.500      CL =  1.2264
      Cm = -0.0641     CD =  0.01562   =>   CDf =  0.00731    CDp =  0.00831

 Side 1  free  transition at x/c =  0.1124   42
 Side 2 forced transition at x/c =  1.0000   71

 174   rms: 0.3883E-02   max: -.8776E-01   C at   42  1
       a =  8.500      CL =  1.2264
      Cm = -0.0641     CD =  0.01562   =>   CDf =  0.00731    CDp =  0.00831

 Side 1  free  transition at x/c =  0.1124   42
 Side 2 forced transition at x/c =  1.0000   71

 175   rms: 0.3883E-02   max: -.8776E-01   C at   42  1
       a =  8.500      CL =  1.2264
      Cm = -0.0641     CD =  0.01562   =>   CDf =  0.00731    CDp =  0.00831

 Side 1  free  transition at x/c =  0.1124   42
 Side 2 forced transition at x/c =  1.0000   71

 176   rms: 0.3883E-02   max: -.8776E-01   C at   42  1
       a =  8.500      CL =  1.2264
      Cm = -0.0641     CD =  0.01562   =>   CDf =  0.00731    CDp =  0.00831

 Side 1  free  transition at x/c =  0.1124   42
 Side 2 forced transition at x/c =  1.0000   71

 177   rms: 0.3883E-02   max: -.8776E-01   C at   42  1
       a =  8.500      CL =  1.2264
      Cm = -0.0641     CD =  0.01562   =>   CDf =  0.00731    CDp =  0.00831

 Side 1  free  transition at x/c =  0.1124   42
 Side 2 forced transition at x/c =  1.0000   71

 178   rms: 0.3883E-02   max: -.8776E-01   C at   42  1
       a =  8.500      CL =  1.2264
      Cm = -0.0641     CD =  0.01562   =>   CDf =  0.00731    CDp =  0.00831

 Side 1  free  transition at x/c =  0.1124   42
 Side 2 forced transition at x/c =  1.0000   71

 179   rms: 0.3883E-02   max: -.8776E-01   C at   42  1
       a =  8.500      CL =  1.2264
      Cm = -0.0641     CD =  0.01562   =>   CDf =  0.00731    CDp =  0.00831

 Side 1  free  transition at x/c =  0.1124   42
 Side 2 forced transition at x/c =  1.0000   71

 180   rms: 0.3883E-02   max: -.8776E-01   C at   42  1
       a =  8.500      CL =  1.2264
      Cm = -0.0641     CD =  0.01562   =>   CDf =  0.00731    CDp =  0.00831

 Side 1  free  transition at x/c =  0.1124   42
 Side 2 forced transition at x/c =  1.0000   71

 181   rms: 0.3883E-02   max: -.8776E-01   C at   42  1
       a =  8.500      CL =  1.2264
      Cm = -0.0641     CD =  0.01562   =>   CDf =  0.00731    CDp =  0.00831

 Side 1  free  transition at x/c =  0.1124   42
 Side 2 forced transition at x/c =  1.0000   71

 182   rms: 0.3883E-02   max: -.8776E-01   C at   42  1
       a =  8.500      CL =  1.2264
      Cm = -0.0641     CD =  0.01562   =>   CDf =  0.00731    CDp =  0.00831

 Side 1  free  transition at x/c =  0.1124   42
 Side 2 forced transition at x/c =  1.0000   71

 183   rms: 0.3883E-02   max: -.8776E-01   C at   42  1
       a =  8.500      CL =  1.2264
      Cm = -0.0641     CD =  0.01562   =>   CDf =  0.00731    CDp =  0.00831

 Side 1  free  transition at x/c =  0.1124   42
 Side 2 forced transition at x/c =  1.0000   71

 184   rms: 0.3883E-02   max: -.8776E-01   C at   42  1
       a =  8.500      CL =  1.2264
      Cm = -0.0641     CD =  0.01562   =>   CDf =  0.00731    CDp =  0.00831

 Side 1  free  transition at x/c =  0.1124   42
 Side 2 forced transition at x/c =  1.0000   71

 185   rms: 0.3883E-02   max: -.8776E-01   C at   42  1
       a =  8.500      CL =  1.2264
      Cm = -0.0641     CD =  0.01562   =>   CDf =  0.00731    CDp =  0.00831

 Side 1  free  transition at x/c =  0.1124   42
 Side 2 forced transition at x/c =  1.0000   71

 186   rms: 0.3883E-02   max: -.8776E-01   C at   42  1
       a =  8.500      CL =  1.2264
      Cm = -0.0641     CD =  0.01562   =>   CDf =  0.00731    CDp =  0.00831

 Side 1  free  transition at x/c =  0.1124   42
 Side 2 forced transition at x/c =  1.0000   71

 187   rms: 0.3883E-02   max: -.8776E-01   C at   42  1
       a =  8.500      CL =  1.2264
      Cm = -0.0641     CD =  0.01562   =>   CDf =  0.00731    CDp =  0.00831

 Side 1  free  transition at x/c =  0.1124   42
 Side 2 forced transition at x/c =  1.0000   71

 188   rms: 0.3883E-02   max: -.8776E-01   C at   42  1
       a =  8.500      CL =  1.2264
      Cm = -0.0641     CD =  0.01562   =>   CDf =  0.00731    CDp =  0.00831

 Side 1  free  transition at x/c =  0.1124   42
 Side 2 forced transition at x/c =  1.0000   71

 189   rms: 0.3883E-02   max: -.8776E-01   C at   42  1
       a =  8.500      CL =  1.2264
      Cm = -0.0641     CD =  0.01562   =>   CDf =  0.00731    CDp =  0.00831

 Side 1  free  transition at x/c =  0.1124   42
 Side 2 forced transition at x/c =  1.0000   71

 190   rms: 0.3883E-02   max: -.8776E-01   C at   42  1
       a =  8.500      CL =  1.2264
      Cm = -0.0641     CD =  0.01562   =>   CDf =  0.00731    CDp =  0.00831

 Side 1  free  transition at x/c =  0.1124   42
 Side 2 forced transition at x/c =  1.0000   71

 191   rms: 0.3883E-02   max: -.8776E-01   C at   42  1
       a =  8.500      CL =  1.2264
      Cm = -0.0641     CD =  0.01562   =>   CDf =  0.00731    CDp =  0.00831

 Side 1  free  transition at x/c =  0.1124   42
 Side 2 forced transition at x/c =  1.0000   71

 192   rms: 0.3883E-02   max: -.8776E-01   C at   42  1
       a =  8.500      CL =  1.2264
      Cm = -0.0641     CD =  0.01562   =>   CDf =  0.00731    CDp =  0.00831

 Side 1  free  transition at x/c =  0.1124   42
 Side 2 forced transition at x/c =  1.0000   71

 193   rms: 0.3883E-02   max: -.8776E-01   C at   42  1
       a =  8.500      CL =  1.2264
      Cm = -0.0641     CD =  0.01562   =>   CDf =  0.00731    CDp =  0.00831

 Side 1  free  transition at x/c =  0.1124   42
 Side 2 forced transition at x/c =  1.0000   71

 194   rms: 0.3883E-02   max: -.8776E-01   C at   42  1
       a =  8.500      CL =  1.2264
      Cm = -0.0641     CD =  0.01562   =>   CDf =  0.00731    CDp =  0.00831

 Side 1  free  transition at x/c =  0.1124   42
 Side 2 forced transition at x/c =  1.0000   71

 195   rms: 0.3883E-02   max: -.8776E-01   C at   42  1
       a =  8.500      CL =  1.2264
      Cm = -0.0641     CD =  0.01562   =>   CDf =  0.00731    CDp =  0.00831

 Side 1  free  transition at x/c =  0.1124   42
 Side 2 forced transition at x/c =  1.0000   71

 196   rms: 0.3883E-02   max: -.8776E-01   C at   42  1
       a =  8.500      CL =  1.2264
      Cm = -0.0641     CD =  0.01562   =>   CDf =  0.00731    CDp =  0.00831

 Side 1  free  transition at x/c =  0.1124   42
 Side 2 forced transition at x/c =  1.0000   71

 197   rms: 0.3883E-02   max: -.8776E-01   C at   42  1
       a =  8.500      CL =  1.2264
      Cm = -0.0641     CD =  0.01562   =>   CDf =  0.00731    CDp =  0.00831

 Side 1  free  transition at x/c =  0.1124   42
 Side 2 forced transition at x/c =  1.0000   71

 198   rms: 0.3883E-02   max: -.8776E-01   C at   42  1
       a =  8.500      CL =  1.2264
      Cm = -0.0641     CD =  0.01562   =>   CDf =  0.00731    CDp =  0.00831

 Side 1  free  transition at x/c =  0.1124   42
 Side 2 forced transition at x/c =  1.0000   71

 199   rms: 0.3883E-02   max: -.8776E-01   C at   42  1
       a =  8.500      CL =  1.2264
      Cm = -0.0641     CD =  0.01562   =>   CDf =  0.00731    CDp =  0.00831

 Side 1  free  transition at x/c =  0.1124   42
 Side 2 forced transition at x/c =  1.0000   71

 200   rms: 0.3883E-02   max: -.8776E-01   C at   42  1
       a =  8.500      CL =  1.2264
      Cm = -0.0641     CD =  0.01562   =>   CDf =  0.00731    CDp =  0.00831

 Side 1  free  transition at x/c =  0.1124   42
 Side 2 forced transition at x/c =  1.0000   71

 201   rms: 0.3883E-02   max: -.8776E-01   C at   42  1
       a =  8.500      CL =  1.2264
      Cm = -0.0641     CD =  0.01562   =>   CDf =  0.00731    CDp =  0.00831

 Side 1  free  transition at x/c =  0.1124   42
 Side 2 forced transition at x/c =  1.0000   71

 202   rms: 0.3883E-02   max: -.8776E-01   C at   42  1
       a =  8.500      CL =  1.2264
      Cm = -0.0641     CD =  0.01562   =>   CDf =  0.00731    CDp =  0.00831

 Side 1  free  transition at x/c =  0.1124   42
 Side 2 forced transition at x/c =  1.0000   71

 203   rms: 0.3883E-02   max: -.8776E-01   C at   42  1
       a =  8.500      CL =  1.2264
      Cm = -0.0641     CD =  0.01562   =>   CDf =  0.00731    CDp =  0.00831

 Side 1  free  transition at x/c =  0.1124   42
 Side 2 forced transition at x/c =  1.0000   71

 204   rms: 0.3883E-02   max: -.8776E-01   C at   42  1
       a =  8.500      CL =  1.2264
      Cm = -0.0641     CD =  0.01562   =>   CDf =  0.00731    CDp =  0.00831

 Side 1  free  transition at x/c =  0.1124   42
 Side 2 forced transition at x/c =  1.0000   71

 205   rms: 0.3883E-02   max: -.8776E-01   C at   42  1
       a =  8.500      CL =  1.2264
      Cm = -0.0641     CD =  0.01562   =>   CDf =  0.00731    CDp =  0.00831
 VISCAL:  Convergence failed
      5.000    3.2794   0.015623   0.000000   0.000000   0.000000    0.1124     #
 Calculating wake trajectory ...
 Calculating source influence matrix ...

 Solving BL system ...

 Side 1  free  transition at x/c =  0.1124   42
 Side 2 forced transition at x/c =  1.0000   71

   1   rms: 0.4812E-01   max: -.6939E+00   C at   42  1   RLX: 0.721
       a =  8.250      CL =  1.2117
      Cm = -0.0649     CD =  0.01528   =>   CDf =  0.00731    CDp =  0.00796

 Side 1  free  transition at x/c =  0.1272   44
 Side 2 forced transition at x/c =  1.0000   71

   2   rms: 0.1456E-01   max: -.2289E+00   C at   44  1
       a =  8.250      CL =  1.2089
      Cm = -0.0656     CD =  0.01493   =>   CDf =  0.00722    CDp =  0.00771

 Side 1  free  transition at x/c =  0.1313   44
 Side 2 forced transition at x/c =  1.0000   71

   3   rms: 0.8837E-03   max: -.2025E-01   C at   44  1
       a =  8.250      CL =  1.2088
      Cm = -0.0656     CD =  0.01495   =>   CDf =  0.00720    CDp =  0.00775

 Side 1  free  transition at x/c =  0.1317   44
 Side 2 forced transition at x/c =  1.0000   71

   4   rms: 0.6093E-05   max: -.1285E-03   C at   44  1
       a =  8.250      CL =  1.2088
      Cm = -0.0656     CD =  0.01495   =>   CDf =  0.00720    CDp =  0.00776
      5.000    3.2262   0.014953   0.000000   0.000000   0.000000    0.1317     #

 Point added to stored polar  1
 Point written to save file  clarky_re480000_realistic_model_reverse.polar   
 Dump file unspecified or not available
 Calculating wake trajectory ...
 Calculating source influence matrix ...

 Solving BL system ...

 Side 1  free  transition at x/c =  0.1317   44
 Side 2 forced transition at x/c =  1.0000   71

   1   rms: 0.6115E-01   max: -.1104E+01   C at   44  1   RLX: 0.453
       a =  8.000      CL =  1.2004
      Cm = -0.0662     CD =  0.01466   =>   CDf =  0.00739    CDp =  0.00727

 Side 1  free  transition at x/c =  0.1417   44
 Side 2 forced transition at x/c =  1.0000   72

   2   rms: 0.6005E-01   max: -.8691E+00   T at    2  2   RLX: 0.575
       a =  8.000      CL =  1.1948
      Cm = -0.0666     CD =  0.01444   =>   CDf =  0.00714    CDp =  0.00730

 Side 1  free  transition at x/c =  0.1477   44
 Side 2 forced transition at x/c =  1.0000   72

   3   rms: 0.1502E-01   max: -.2765E+00   C at   44  1
       a =  8.000      CL =  1.1901
      Cm = -0.0669     CD =  0.01433   =>   CDf =  0.00712    CDp =  0.00722

 Side 1  free  transition at x/c =  0.1544   45
 Side 2 forced transition at x/c =  1.0000   72

   4   rms: 0.1670E-02   max: 0.3440E-01   C at   45  1
       a =  8.000      CL =  1.1907
      Cm = -0.0670     CD =  0.01429   =>   CDf =  0.00707    CDp =  0.00722

 Side 1  free  transition at x/c =  0.1536   45
 Side 2 forced transition at x/c =  1.0000   72

   5   rms: 0.2245E-04   max: -.4686E-03   C at   45  1
       a =  8.000      CL =  1.1907
      Cm = -0.0670     CD =  0.01429   =>   CDf =  0.00708    CDp =  0.00722
      5.000    3.1685   0.014293   0.000000   0.000000   0.000000    0.1536     #

 Point added to stored polar  1
 Point written to save file  clarky_re480000_realistic_model_reverse.polar   
 Dump file unspecified or not available
 Calculating wake trajectory ...
 Calculating source influence matrix ...

 Solving BL system ...

 Side 1  free  transition at x/c =  0.1537   45
 Side 2 forced transition at x/c =  1.0000   72

   1   rms: 0.6081E-01   max: -.1070E+01   C at   45  1   RLX: 0.467
       a =  7.750      CL =  1.1820
      Cm = -0.0676     CD =  0.01398   =>   CDf =  0.00708    CDp =  0.00691

 Side 1  free  transition at x/c =  0.1620   46
 Side 2 forced transition at x/c =  1.0000   72

   2   rms: 0.3432E-01   max: -.5117E+00   C at   46  1   RLX: 0.977
       a =  7.750      CL =  1.1726
      Cm = -0.0683     CD =  0.01362   =>   CDf =  0.00705    CDp =  0.00658

 Side 1  free  transition at x/c =  0.1754   46
 Side 2 forced transition at x/c =  1.0000   72

   3   rms: 0.6373E-02   max: -.1470E+00   C at   46  1
       a =  7.750      CL =  1.1717
      Cm = -0.0682     CD =  0.01369   =>   CDf =  0.00696    CDp =  0.00672

 Side 1  free  transition at x/c =  0.1781   47
 Side 2 forced transition at x/c =  1.0000   72

   4   rms: 0.9381E-03   max: -.1781E-01   C at   47  1
       a =  7.750      CL =  1.1720
      Cm = -0.0683     CD =  0.01367   =>   CDf =  0.00694    CDp =  0.00673

 Side 1  free  transition at x/c =  0.1782   47
 Side 2 forced transition at x/c =  1.0000   72

   5   rms: 0.4458E-05   max: -.6766E-04   C at   47  1
       a =  7.750      CL =  1.1720
      Cm = -0.0683     CD =  0.01367   =>   CDf =  0.00694    CDp =  0.00673
      5.000    3.1127   0.013669   0.000000   0.000000   0.000000    0.1782     #

 Point added to stored polar  1
 Point written to save file  clarky_re480000_realistic_model_reverse.polar   
 Dump file unspecified or not available
 Calculating wake trajectory ...
 Calculating source influence matrix ...

 Solving BL system ...

 Side 1  free  transition at x/c =  0.1782   47
 Side 2 forced transition at x/c =  1.0000   72

   1   rms: 0.6359E-01   max: -.1061E+01   C at   47  1   RLX: 0.471
       a =  7.500      CL =  1.1635
      Cm = -0.0689     CD =  0.01333   =>   CDf =  0.00694    CDp =  0.00639

 Side 1  free  transition at x/c =  0.1889   47
 Side 2 forced transition at x/c =  1.0000   72

   2   rms: 0.3664E-01   max: -.7085E+00   C at   47  1   RLX: 0.706
       a =  7.500      CL =  1.1551
      Cm = -0.0693     CD =  0.01321   =>   CDf =  0.00688    CDp =  0.00633

 Side 1  free  transition at x/c =  0.2028   48
 Side 2 forced transition at x/c =  1.0000   72

   3   rms: 0.7510E-02   max: -.1054E+00   C at   48  1
       a =  7.500      CL =  1.1522
      Cm = -0.0694     CD =  0.01311   =>   CDf =  0.00680    CDp =  0.00631

 Side 1  free  transition at x/c =  0.2057   48
 Side 2 forced transition at x/c =  1.0000   72

   4   rms: 0.2270E-03   max: -.5268E-02   C at   48  1
       a =  7.500      CL =  1.1522
      Cm = -0.0694     CD =  0.01311   =>   CDf =  0.00680    CDp =  0.00632

 Side 1  free  transition at x/c =  0.2058   48
 Side 2 forced transition at x/c =  1.0000   72

   5   rms: 0.6111E-06   max: 0.2617E-05   C at   72  2
       a =  7.500      CL =  1.1522
      Cm = -0.0694     CD =  0.01311   =>   CDf =  0.00679    CDp =  0.00632
      5.000    3.0608   0.013114   0.000000   0.000000   0.000000    0.2058     #

 Point added to stored polar  1
 Point written to save file  clarky_re480000_realistic_model_reverse.polar   
 Dump file unspecified or not available
 Calculating wake trajectory ...
 Calculating source influence matrix ...

 Solving BL system ...

 Side 1  free  transition at x/c =  0.2058   48
 Side 2 forced transition at x/c =  1.0000   72

   1   rms: 0.5216E-01   max: -.8174E+00   C at   48  1   RLX: 0.612
       a =  7.250      CL =  1.1387
      Cm = -0.0699     CD =  0.01286   =>   CDf =  0.00679    CDp =  0.00607

 Side 1  free  transition at x/c =  0.2259   50
 Side 2 forced transition at x/c =  1.0000   72

   2   rms: 0.1571E-01   max: -.9039E-01   C at   50  1
       a =  7.250      CL =  1.1312
      Cm = -0.0704     CD =  0.01264   =>   CDf =  0.00682    CDp =  0.00582

 Side 1  free  transition at x/c =  0.2290   49
 Side 2 forced transition at x/c =  1.0000   73

   3   rms: 0.1535E-02   max: 0.1779E-01   D at    3  2
       a =  7.250      CL =  1.1310
      Cm = -0.0704     CD =  0.01266   =>   CDf =  0.00668    CDp =  0.00598

 Side 1  free  transition at x/c =  0.2294   49
 Side 2 forced transition at x/c =  1.0000   73

   4   rms: 0.3841E-03   max: 0.4489E-02   D at    4  2
       a =  7.250      CL =  1.1310
      Cm = -0.0704     CD =  0.01266   =>   CDf =  0.00668    CDp =  0.00598

 Side 1  free  transition at x/c =  0.2294   49
 Side 2 forced transition at x/c =  1.0000   73

   5   rms: 0.6517E-07   max: -.1071E-05   D at    9  2
       a =  7.250      CL =  1.1310
      Cm = -0.0704     CD =  0.01266   =>   CDf =  0.00668    CDp =  0.00598
      5.000    3.0595   0.012657   0.000000   0.000000   0.000000    0.2294     #

 Point added to stored polar  1
 Point written to save file  clarky_re480000_realistic_model_reverse.polar   
 Dump file unspecified or not available
 Calculating wake trajectory ...
 Calculating source influence matrix ...

 Solving BL system ...

 Side 1  free  transition at x/c =  0.2294   49
 Side 2 forced transition at x/c =  1.0000   73

   1   rms: 0.4873E-01   max: -.5861E+00   C at   49  1   RLX: 0.853
       a =  7.000      CL =  1.1122
      Cm = -0.0711     CD =  0.01230   =>   CDf =  0.00668    CDp =  0.00563

 Side 1  free  transition at x/c =  0.2390   49
 Side 2 forced transition at x/c =  1.0000   73

   2   rms: 0.1049E-01   max: -.1541E+00   C at   49  1
       a =  7.000      CL =  1.1067
      Cm = -0.0709     CD =  0.01241   =>   CDf =  0.00669    CDp =  0.00572

 Side 1  free  transition at x/c =  0.2512   50
 Side 2 forced transition at x/c =  1.0000   73

   3   rms: 0.6940E-02   max: -.1106E+00   D at   50  1
       a =  7.000      CL =  1.1088
      Cm = -0.0712     CD =  0.01227   =>   CDf =  0.00660    CDp =  0.00567

 Side 1  free  transition at x/c =  0.2465   50
 Side 2 forced transition at x/c =  1.0000   73

   4   rms: 0.1006E-02   max: -.1441E-01   C at   50  1
       a =  7.000      CL =  1.1083
      Cm = -0.0712     CD =  0.01231   =>   CDf =  0.00661    CDp =  0.00570

 Side 1  free  transition at x/c =  0.2469   50
 Side 2 forced transition at x/c =  1.0000   73

   5   rms: 0.6566E-05   max: -.1332E-03   D at   51  1
       a =  7.000      CL =  1.1083
      Cm = -0.0712     CD =  0.01231   =>   CDf =  0.00661    CDp =  0.00570
      5.000    3.2383   0.012311   0.000000   0.000000   0.000000    0.2469     #

 Point added to stored polar  1
 Point written to save file  clarky_re480000_realistic_model_reverse.polar   
 Dump file unspecified or not available
 Calculating wake trajectory ...
 Calculating source influence matrix ...

 Solving BL system ...

 Side 1  free  transition at x/c =  0.2469   50
 Side 2 forced transition at x/c =  1.0000   73

   1   rms: 0.4344E-01   max: -.3507E+00   C at   50  1
       a =  6.750      CL =  1.0849
      Cm = -0.0718     CD =  0.01199   =>   CDf =  0.00661    CDp =  0.00538

 Side 1  free  transition at x/c =  0.2553   50
 Side 2 forced transition at x/c =  1.0000   73

   2   rms: 0.6858E-02   max: -.1369E+00   C at   50  1
       a =  6.750      CL =  1.0835
      Cm = -0.0716     CD =  0.01210   =>   CDf =  0.00664    CDp =  0.00545

 Side 1  free  transition at x/c =  0.2612   51
 Side 2 forced transition at x/c =  1.0000   73

   3   rms: 0.5460E-02   max: 0.9415E-01   C at   51  1
       a =  6.750      CL =  1.0844
      Cm = -0.0718     CD =  0.01204   =>   CDf =  0.00656    CDp =  0.00548

 Side 1  free  transition at x/c =  0.2590   51
 Side 2 forced transition at x/c =  1.0000   73

   4   rms: 0.1818E-03   max: -.2840E-02   D at   52  1
       a =  6.750      CL =  1.0843
      Cm = -0.0717     CD =  0.01205   =>   CDf =  0.00659    CDp =  0.00545

 Side 1  free  transition at x/c =  0.2590   51
 Side 2 forced transition at x/c =  1.0000   73

   5   rms: 0.4300E-06   max: -.4133E-05   D at   52  1
       a =  6.750      CL =  1.0843
      Cm = -0.0717     CD =  0.01205   =>   CDf =  0.00659    CDp =  0.00545
      5.000    3.3699   0.012046   0.000000   0.000000   0.000000    0.2590     #

 Point added to stored polar  1
 Point written to save file  clarky_re480000_realistic_model_reverse.polar   
 Dump file unspecified or not available
 Calculating wake trajectory ...
 Calculating source influence matrix ...

 Solving BL system ...

 Side 1  free  transition at x/c =  0.2590   51
 Side 2 forced transition at x/c =  1.0000   73

   1   rms: 0.4232E-01   max: -.2237E+00   C at   51  1
       a =  6.500      CL =  1.0612
      Cm = -0.0725     CD =  0.01170   =>   CDf =  0.00672    CDp =  0.00498

 Side 1  free  transition at x/c =  0.2662   50
 Side 2 forced transition at x/c =  1.0000   74

   2   rms: 0.5240E-02   max: -.9345E-01   C at   50  1
       a =  6.500      CL =  1.0602
      Cm = -0.0723     CD =  0.01178   =>   CDf =  0.00659    CDp =  0.00519

 Side 1  free  transition at x/c =  0.2686   50
 Side 2 forced transition at x/c =  1.0000   74

   3   rms: 0.3220E-03   max: 0.3561E-02   D at    4  2
       a =  6.500      CL =  1.0602
      Cm = -0.0723     CD =  0.01178   =>   CDf =  0.00658    CDp =  0.00521

 Side 1  free  transition at x/c =  0.2686   50
 Side 2 forced transition at x/c =  1.0000   74

   4   rms: 0.3666E-06   max: -.3415E-05   D at    7  2
       a =  6.500      CL =  1.0602
      Cm = -0.0723     CD =  0.01178   =>   CDf =  0.00658    CDp =  0.00521
      5.000    3.4522   0.011785   0.000000   0.000000   0.000000    0.2686     #

 Point added to stored polar  1
 Point written to save file  clarky_re480000_realistic_model_reverse.polar   
 Dump file unspecified or not available
 Calculating wake trajectory ...
 Calculating source influence matrix ...

 Solving BL system ...

 Side 1  free  transition at x/c =  0.2686   50
 Side 2 forced transition at x/c =  1.0000   74

   1   rms: 0.3976E-01   max: 0.6117E-01   C at   74  2
       a =  6.250      CL =  1.0352
      Cm = -0.0728     CD =  0.01157   =>   CDf =  0.00658    CDp =  0.00500

 Side 1  free  transition at x/c =  0.2740   50
 Side 2 forced transition at x/c =  1.0000   74

   2   rms: 0.3106E-02   max: -.6469E-01   C at   50  1
       a =  6.250      CL =  1.0348
      Cm = -0.0727     CD =  0.01161   =>   CDf =  0.00662    CDp =  0.00499

 Side 1  free  transition at x/c =  0.2758   51
 Side 2 forced transition at x/c =  1.0000   74

   3   rms: 0.1364E-02   max: -.1671E-01   D at   52  1
       a =  6.250      CL =  1.0352
      Cm = -0.0728     CD =  0.01158   =>   CDf =  0.00659    CDp =  0.00500

 Side 1  free  transition at x/c =  0.2754   51
 Side 2 forced transition at x/c =  1.0000   74

   4   rms: 0.3669E-04   max: -.5179E-03   D at   52  1
       a =  6.250      CL =  1.0352
      Cm = -0.0728     CD =  0.01158   =>   CDf =  0.00659    CDp =  0.00499
      5.000    3.4880   0.011582   0.000000   0.000000   0.000000    0.2754     #

 Point added to stored polar  1
 Point written to save file  clarky_re480000_realistic_model_reverse.polar   
 Dump file unspecified or not available
 Calculating wake trajectory ...
 Calculating source influence matrix ...

 Solving BL system ...

 Side 1  free  transition at x/c =  0.2754   51
 Side 2 forced transition at x/c =  1.0000   74

   1   rms: 0.4047E-01   max: 0.6994E-01   C at   74  2
       a =  6.000      CL =  1.0114
      Cm = -0.0734     CD =  0.01129   =>   CDf =  0.00659    CDp =  0.00469

 Side 1  free  transition at x/c =  0.2825   51
 Side 2 forced transition at x/c =  1.0000   74

   2   rms: 0.1056E-02   max: -.1808E-01   C at   51  1
       a =  6.000      CL =  1.0110
      Cm = -0.0734     CD =  0.01133   =>   CDf =  0.00657    CDp =  0.00475

 Side 1  free  transition at x/c =  0.2829   51
 Side 2 forced transition at x/c =  1.0000   74

   3   rms: 0.3477E-05   max: -.3511E-04   D at   52  1
       a =  6.000      CL =  1.0110
      Cm = -0.0734     CD =  0.01133   =>   CDf =  0.00657    CDp =  0.00475
      5.000    3.5621   0.011326   0.000000   0.000000   0.000000    0.2829     #

 Point added to stored polar  1
 Point written to save file  clarky_re480000_realistic_model_reverse.polar   
 Dump file unspecified or not available
 Calculating wake trajectory ...
 Calculating source influence matrix ...

 Solving BL system ...

 Side 1  free  transition at x/c =  0.2829   51
 Side 2 forced transition at x/c =  1.0000   74

   1   rms: 0.4008E-01   max: 0.6502E-01   C at   74  2
       a =  5.750      CL =  0.9862
      Cm = -0.0739     CD =  0.01110   =>   CDf =  0.00669    CDp =  0.00441

 Side 1  free  transition at x/c =  0.2888   50
 Side 2 forced transition at x/c =  1.0000   75

   2   rms: 0.2862E-02   max: -.4759E-01   C at   50  1
       a =  5.750      CL =  0.9858
      Cm = -0.0738     CD =  0.01113   =>   CDf =  0.00659    CDp =  0.00454

 Side 1  free  transition at x/c =  0.2898   50
 Side 2 forced transition at x/c =  1.0000   75

   3   rms: 0.3552E-03   max: 0.4189E-02   D at    4  2
       a =  5.750      CL =  0.9858
      Cm = -0.0738     CD =  0.01113   =>   CDf =  0.00659    CDp =  0.00455

 Side 1  free  transition at x/c =  0.2898   50
 Side 2 forced transition at x/c =  1.0000   75

   4   rms: 0.2482E-06   max: 0.4400E-05   D at    8  2
       a =  5.750      CL =  0.9858
      Cm = -0.0738     CD =  0.01113   =>   CDf =  0.00659    CDp =  0.00455
      5.000    3.5900   0.011135   0.000000   0.000000   0.000000    0.2898     #

 Point added to stored polar  1
 Point written to save file  clarky_re480000_realistic_model_reverse.polar   
 Dump file unspecified or not available
 Calculating wake trajectory ...
 Calculating source influence matrix ...

 Solving BL system ...

 Side 1  free  transition at x/c =  0.2898   50
 Side 2 forced transition at x/c =  1.0000   75

   1   rms: 0.3948E-01   max: 0.6147E-01   C at   75  2
       a =  5.500      CL =  0.9602
      Cm = -0.0742     CD =  0.01096   =>   CDf =  0.00659    CDp =  0.00438

 Side 1  free  transition at x/c =  0.2957   51
 Side 2 forced transition at x/c =  1.0000   75

   2   rms: 0.1215E-02   max: -.1212E-01   C at   51  1
       a =  5.500      CL =  0.9610
      Cm = -0.0743     CD =  0.01092   =>   CDf =  0.00658    CDp =  0.00434

 Side 1  free  transition at x/c =  0.2960   51
 Side 2 forced transition at x/c =  1.0000   75

   3   rms: 0.7355E-05   max: 0.1038E-03   C at   51  1
       a =  5.500      CL =  0.9610
      Cm = -0.0743     CD =  0.01092   =>   CDf =  0.00658    CDp =  0.00434
      5.000    3.5911   0.010916   0.000000   0.000000   0.000000    0.2960     #

 Point added to stored polar  1
 Point written to save file  clarky_re480000_realistic_model_reverse.polar   
 Dump file unspecified or not available
 Calculating wake trajectory ...
 Calculating source influence matrix ...

 Solving BL system ...

 Side 1  free  transition at x/c =  0.2960   51
 Side 2 forced transition at x/c =  1.0000   75

   1   rms: 0.4045E-01   max: 0.7124E-01   C at   75  2
       a =  5.250      CL =  0.9367
      Cm = -0.0749     CD =  0.01066   =>   CDf =  0.00658    CDp =  0.00408

 Side 1  free  transition at x/c =  0.3033   51
 Side 2 forced transition at x/c =  1.0000   75

   2   rms: 0.9513E-03   max: -.1801E-01   C at   51  1
       a =  5.250      CL =  0.9364
      Cm = -0.0749     CD =  0.01069   =>   CDf =  0.00655    CDp =  0.00413

 Side 1  free  transition at x/c =  0.3037   51
 Side 2 forced transition at x/c =  1.0000   75

   3   rms: 0.3039E-05   max: -.4496E-04   D at   52  1
       a =  5.250      CL =  0.9364
      Cm = -0.0749     CD =  0.01069   =>   CDf =  0.00655    CDp =  0.00414
      5.000    3.6155   0.010688   0.000000   0.000000   0.000000    0.3037     #

 Point added to stored polar  1
 Point written to save file  clarky_re480000_realistic_model_reverse.polar   
 Dump file unspecified or not available
 Calculating wake trajectory ...
 Calculating source influence matrix ...

 Solving BL system ...

 Side 1  free  transition at x/c =  0.3037   51
 Side 2 forced transition at x/c =  1.0000   75

   1   rms: 0.4034E-01   max: -.1751E+00   C at   51  1
       a =  5.000      CL =  0.9114
      Cm = -0.0753     CD =  0.01048   =>   CDf =  0.00665    CDp =  0.00383

 Side 1  free  transition at x/c =  0.3110   51
 Side 2 forced transition at x/c =  1.0000   76

   2   rms: 0.5422E-02   max: -.5936E-01   C at   51  1
       a =  5.000      CL =  0.9116
      Cm = -0.0754     CD =  0.01047   =>   CDf =  0.00657    CDp =  0.00391

 Side 1  free  transition at x/c =  0.3129   51
 Side 2 forced transition at x/c =  1.0000   76

   3   rms: 0.8693E-03   max: 0.1121E-01   C at   51  1
       a =  5.000      CL =  0.9116
      Cm = -0.0754     CD =  0.01048   =>   CDf =  0.00653    CDp =  0.00395

 Side 1  free  transition at x/c =  0.3126   51
 Side 2 forced transition at x/c =  1.0000   76

   4   rms: 0.8530E-05   max: -.8940E-04   D at   52  1
       a =  5.000      CL =  0.9116
      Cm = -0.0754     CD =  0.01048   =>   CDf =  0.00654    CDp =  0.00394
      5.000    3.6525   0.010478   0.000000   0.000000   0.000000    0.3126     #

 Point added to stored polar  1
 Point written to save file  clarky_re480000_realistic_model_reverse.polar   
 Dump file unspecified or not available
 Calculating wake trajectory ...
 Calculating source influence matrix ...

 Solving BL system ...

 Side 1  free  transition at x/c =  0.3126   51
 Side 2 forced transition at x/c =  1.0000   76

   1   rms: 0.4317E-01   max: -.2089E+00   C at   51  1
       a =  4.750      CL =  0.8881
      Cm = -0.0761     CD =  0.01016   =>   CDf =  0.00653    CDp =  0.00363

 Side 1  free  transition at x/c =  0.3220   51
 Side 2 forced transition at x/c =  1.0000   76

   2   rms: 0.3991E-02   max: -.6495E-01   C at   51  1
       a =  4.750      CL =  0.8874
      Cm = -0.0760     CD =  0.01022   =>   CDf =  0.00649    CDp =  0.00373

 Side 1  free  transition at x/c =  0.3235   51
 Side 2 forced transition at x/c =  1.0000   76

   3   rms: 0.3086E-04   max: -.5703E-03   D at   52  1
       a =  4.750      CL =  0.8874
      Cm = -0.0760     CD =  0.01022   =>   CDf =  0.00648    CDp =  0.00374
      5.000    3.6665   0.010221   0.000000   0.000000   0.000000    0.3235     #

 Point added to stored polar  1
 Point written to save file  clarky_re480000_realistic_model_reverse.polar   
 Dump file unspecified or not available
 Calculating wake trajectory ...
 Calculating source influence matrix ...

 Solving BL system ...

 Side 1  free  transition at x/c =  0.3235   51
 Side 2 forced transition at x/c =  1.0000   76

   1   rms: 0.4140E-01   max: -.2580E+00   C at   51  1
       a =  4.500      CL =  0.8626
      Cm = -0.0766     CD =  0.01000   =>   CDf =  0.00648    CDp =  0.00353

 Side 1  free  transition at x/c =  0.3319   52
 Side 2 forced transition at x/c =  1.0000   76

   2   rms: 0.8905E-02   max: -.1291E+00   C at   52  1
       a =  4.500      CL =  0.8634
      Cm = -0.0767     CD =  0.00996   =>   CDf =  0.00646    CDp =  0.00350

 Side 1  free  transition at x/c =  0.3357   52
 Side 2 forced transition at x/c =  1.0000   76

   3   rms: 0.8660E-03   max: 0.1616E-01   C at   52  1
       a =  4.500      CL =  0.8634
      Cm = -0.0767     CD =  0.00997   =>   CDf =  0.00641    CDp =  0.00356

 Side 1  free  transition at x/c =  0.3353   52
 Side 2 forced transition at x/c =  1.0000   76

   4   rms: 0.4459E-05   max: -.6408E-04   D at   53  1
       a =  4.500      CL =  0.8634
      Cm = -0.0767     CD =  0.00997   =>   CDf =  0.00641    CDp =  0.00355
      5.000    3.6512   0.009966   0.000000   0.000000   0.000000    0.3353     #

 Point added to stored polar  1
 Point written to save file  clarky_re480000_realistic_model_reverse.polar   
 Dump file unspecified or not available
 Calculating wake trajectory ...
 Calculating source influence matrix ...

 Solving BL system ...

 Side 1  free  transition at x/c =  0.3353   52
 Side 2 forced transition at x/c =  1.0000   76

   1   rms: 0.4407E-01   max: -.3730E+00   C at   52  1
       a =  4.250      CL =  0.8397
      Cm = -0.0774     CD =  0.00967   =>   CDf =  0.00641    CDp =  0.00326

 Side 1  free  transition at x/c =  0.3460   52
 Side 2 forced transition at x/c =  1.0000   76

   2   rms: 0.7223E-02   max: -.1568E+00   C at   52  1
       a =  4.250      CL =  0.8389
      Cm = -0.0773     CD =  0.00974   =>   CDf =  0.00638    CDp =  0.00336

 Side 1  free  transition at x/c =  0.3475   53
 Side 2 forced transition at x/c =  1.0000   76

   3   rms: 0.7498E-02   max: -.9749E-01   C at   53  1
       a =  4.250      CL =  0.8395
      Cm = -0.0774     CD =  0.00970   =>   CDf =  0.00638    CDp =  0.00332

 Side 1  free  transition at x/c =  0.3504   53
 Side 2 forced transition at x/c =  1.0000   76

   4   rms: 0.1677E-02   max: 0.2934E-01   C at   53  1
       a =  4.250      CL =  0.8394
      Cm = -0.0774     CD =  0.00971   =>   CDf =  0.00633    CDp =  0.00338

 Side 1  free  transition at x/c =  0.3496   53
 Side 2 forced transition at x/c =  1.0000   76

   5   rms: 0.1718E-04   max: -.2601E-03   D at   54  1
       a =  4.250      CL =  0.8394
      Cm = -0.0774     CD =  0.00971   =>   CDf =  0.00634    CDp =  0.00337
      5.000    3.6160   0.009709   0.000000   0.000000   0.000000    0.3496     #

 Point added to stored polar  1
 Point written to save file  clarky_re480000_realistic_model_reverse.polar   
 Dump file unspecified or not available
 Calculating wake trajectory ...
 Calculating source influence matrix ...

 Solving BL system ...

 Side 1  free  transition at x/c =  0.3496   53
 Side 2 forced transition at x/c =  1.0000   76

   1   rms: 0.4584E-01   max: -.3966E+00   C at   53  1
       a =  4.000      CL =  0.8167
      Cm = -0.0783     CD =  0.00936   =>   CDf =  0.00642    CDp =  0.00294

 Side 1  free  transition at x/c =  0.3606   52
 Side 2 forced transition at x/c =  1.0000   77

   2   rms: 0.8744E-02   max: -.1774E+00   C at   52  1
       a =  4.000      CL =  0.8157
      Cm = -0.0781     CD =  0.00945   =>   CDf =  0.00629    CDp =  0.00316

 Side 1  free  transition at x/c =  0.3652   52
 Side 2 forced transition at x/c =  1.0000   77

   3   rms: 0.4129E-03   max: 0.4415E-02   D at    4  2
       a =  4.000      CL =  0.8157
      Cm = -0.0781     CD =  0.00945   =>   CDf =  0.00626    CDp =  0.00319

 Side 1  free  transition at x/c =  0.3651   52
 Side 2 forced transition at x/c =  1.0000   77

   4   rms: 0.5146E-06   max: -.2572E-05   D at    8  2
       a =  4.000      CL =  0.8157
      Cm = -0.0781     CD =  0.00945   =>   CDf =  0.00626    CDp =  0.00319
      5.000    3.5747   0.009448   0.000000   0.000000   0.000000    0.3651     #

 Point added to stored polar  1
 Point written to save file  clarky_re480000_realistic_model_reverse.polar   
 Dump file unspecified or not available
 Calculating wake trajectory ...
 Calculating source influence matrix ...

 Solving BL system ...

 Side 1  free  transition at x/c =  0.3651   52
 Side 2 forced transition at x/c =  1.0000   77

   1   rms: 0.4290E-01   max: -.3944E+00   C at   52  1
       a =  3.750      CL =  0.7910
      Cm = -0.0787     CD =  0.00924   =>   CDf =  0.00626    CDp =  0.00298

 Side 1  free  transition at x/c =  0.3765   53
 Side 2 forced transition at x/c =  1.0000   77

   2   rms: 0.6650E-02   max: -.1402E+00   C at   53  1
       a =  3.750      CL =  0.7921
      Cm = -0.0789     CD =  0.00919   =>   CDf =  0.00620    CDp =  0.00299

 Side 1  free  transition at x/c =  0.3800   53
 Side 2 forced transition at x/c =  1.0000   77

   3   rms: 0.1503E-03   max: -.3190E-02   C at   53  1
       a =  3.750      CL =  0.7921
      Cm = -0.0789     CD =  0.00919   =>   CDf =  0.00617    CDp =  0.00302

 Side 1  free  transition at x/c =  0.3801   53
 Side 2 forced transition at x/c =  1.0000   77

   4   rms: 0.5042E-06   max: 0.1940E-05   C at   53  1
       a =  3.750      CL =  0.7921
      Cm = -0.0789     CD =  0.00919   =>   CDf =  0.00617    CDp =  0.00302
      5.000    3.5129   0.009194   0.000000   0.000000   0.000000    0.3801     #

 Point added to stored polar  1
 Point written to save file  clarky_re480000_realistic_model_reverse.polar   
 Dump file unspecified or not available
 Calculating wake trajectory ...
 Calculating source influence matrix ...

 Solving BL system ...

 Side 1  free  transition at x/c =  0.3801   53
 Side 2 forced transition at x/c =  1.0000   77

   1   rms: 0.4409E-01   max: -.4556E+00   C at   53  1
       a =  3.500      CL =  0.7677
      Cm = -0.0796     CD =  0.00898   =>   CDf =  0.00617    CDp =  0.00281

 Side 1  free  transition at x/c =  0.3956   54
 Side 2 forced transition at x/c =  1.0000   77

   2   rms: 0.2636E-02   max: -.5283E-01   C at   54  1
       a =  3.500      CL =  0.7685
      Cm = -0.0797     CD =  0.00895   =>   CDf =  0.00609    CDp =  0.00286

 Side 1  free  transition at x/c =  0.3970   54
 Side 2 forced transition at x/c =  1.0000   77

   3   rms: 0.2566E-04   max: -.5073E-03   C at   54  1
       a =  3.500      CL =  0.7685
      Cm = -0.0797     CD =  0.00895   =>   CDf =  0.00608    CDp =  0.00287
      5.000    3.4468   0.008950   0.000000   0.000000   0.000000    0.3970     #

 Point added to stored polar  1
 Point written to save file  clarky_re480000_realistic_model_reverse.polar   
 Dump file unspecified or not available
 Calculating wake trajectory ...
 Calculating source influence matrix ...

 Solving BL system ...

 Side 1  free  transition at x/c =  0.3970   54
 Side 2 forced transition at x/c =  1.0000   77

   1   rms: 0.4687E-01   max: -.5677E+00   C at   54  1   RLX: 0.881
       a =  3.250      CL =  0.7476
      Cm = -0.0804     CD =  0.00874   =>   CDf =  0.00615    CDp =  0.00260

 Side 1  free  transition at x/c =  0.4142   54
 Side 2 forced transition at x/c =  1.0000   78

   2   rms: 0.7195E-02   max: -.8648E-01   C at   54  1
       a =  3.250      CL =  0.7453
      Cm = -0.0806     CD =  0.00870   =>   CDf =  0.00599    CDp =  0.00271

 Side 1  free  transition at x/c =  0.4172   54
 Side 2 forced transition at x/c =  1.0000   78

   3   rms: 0.2913E-03   max: -.3414E-02   C at   54  1
       a =  3.250      CL =  0.7452
      Cm = -0.0806     CD =  0.00870   =>   CDf =  0.00598    CDp =  0.00272

 Side 1  free  transition at x/c =  0.4173   54
 Side 2 forced transition at x/c =  1.0000   78

   4   rms: 0.5263E-06   max: -.2573E-05   D at    6  2
       a =  3.250      CL =  0.7452
      Cm = -0.0806     CD =  0.00870   =>   CDf =  0.00598    CDp =  0.00273
      5.000    3.3821   0.008704   0.000000   0.000000   0.000000    0.4173     #

 Point added to stored polar  1
 Point written to save file  clarky_re480000_realistic_model_reverse.polar   
 Dump file unspecified or not available
 Calculating wake trajectory ...
 Calculating source influence matrix ...

 Solving BL system ...

 Side 1  free  transition at x/c =  0.4173   54
 Side 2 forced transition at x/c =  1.0000   78

   1   rms: 0.4707E-01   max: -.5703E+00   C at   54  1   RLX: 0.877
       a =  3.000      CL =  0.7244
      Cm = -0.0813     CD =  0.00851   =>   CDf =  0.00598    CDp =  0.00254

 Side 1  free  transition at x/c =  0.4369   55
 Side 2 forced transition at x/c =  1.0000   78

   2   rms: 0.4912E-02   max: 0.2656E-01   D at   54  1
       a =  3.000      CL =  0.7220
      Cm = -0.0815     CD =  0.00848   =>   CDf =  0.00588    CDp =  0.00260

 Side 1  free  transition at x/c =  0.4381   55
 Side 2 forced transition at x/c =  1.0000   78

   3   rms: 0.4282E-04   max: -.8851E-03   C at   55  1
       a =  3.000      CL =  0.7220
      Cm = -0.0815     CD =  0.00848   =>   CDf =  0.00587    CDp =  0.00260
      5.000    3.3195   0.008477   0.000000   0.000000   0.000000    0.4381     #

 Point added to stored polar  1
 Point written to save file  clarky_re480000_realistic_model_reverse.polar   
 Dump file unspecified or not available
 Calculating wake trajectory ...
 Calculating source influence matrix ...

 Solving BL system ...

 Side 1  free  transition at x/c =  0.4381   55
 Side 2 forced transition at x/c =  1.0000   78

   1   rms: 0.4527E-01   max: -.4826E+00   C at   55  1
       a =  2.750      CL =  0.6979
      Cm = -0.0822     CD =  0.00830   =>   CDf =  0.00587    CDp =  0.00242

 Side 1  free  transition at x/c =  0.4605   57
 Side 2 forced transition at x/c =  1.0000   78

   2   rms: 0.4625E-02   max: 0.7803E-01   C at   57  1
       a =  2.750      CL =  0.6985
      Cm = -0.0824     CD =  0.00828   =>   CDf =  0.00576    CDp =  0.00252

 Side 1  free  transition at x/c =  0.4578   56
 Side 2 forced transition at x/c =  1.0000   78

   3   rms: 0.4851E-03   max: 0.9363E-02   C at   56  1
       a =  2.750      CL =  0.6986
      Cm = -0.0824     CD =  0.00827   =>   CDf =  0.00577    CDp =  0.00250

 Side 1  free  transition at x/c =  0.4576   56
 Side 2 forced transition at x/c =  1.0000   78

   4   rms: 0.1664E-05   max: 0.2412E-04   C at   56  1
       a =  2.750      CL =  0.6986
      Cm = -0.0824     CD =  0.00827   =>   CDf =  0.00578    CDp =  0.00250
      5.000    3.2607   0.008272   0.000000   0.000000   0.000000    0.4576     #

 Point added to stored polar  1
 Point written to save file  clarky_re480000_realistic_model_reverse.polar   
 Dump file unspecified or not available
 Calculating wake trajectory ...
 Calculating source influence matrix ...

 Solving BL system ...

 Side 1  free  transition at x/c =  0.4576   56
 Side 2 forced transition at x/c =  1.0000   78

   1   rms: 0.4439E-01   max: -.4112E+00   C at   56  1
       a =  2.500      CL =  0.6744
      Cm = -0.0831     CD =  0.00812   =>   CDf =  0.00578    CDp =  0.00234

 Side 1  free  transition at x/c =  0.4794   58
 Side 2 forced transition at x/c =  1.0000   78

   2   rms: 0.5058E-02   max: 0.8539E-01   C at   58  1
       a =  2.500      CL =  0.6751
      Cm = -0.0832     CD =  0.00809   =>   CDf =  0.00566    CDp =  0.00243

 Side 1  free  transition at x/c =  0.4764   57
 Side 2 forced transition at x/c =  1.0000   78

   3   rms: 0.5790E-03   max: 0.1086E-01   C at   57  1
       a =  2.500      CL =  0.6752
      Cm = -0.0833     CD =  0.00808   =>   CDf =  0.00568    CDp =  0.00241

 Side 1  free  transition at x/c =  0.4761   57
 Side 2 forced transition at x/c =  1.0000   78

   4   rms: 0.2496E-05   max: 0.3931E-04   C at   57  1
       a =  2.500      CL =  0.6752
      Cm = -0.0833     CD =  0.00808   =>   CDf =  0.00568    CDp =  0.00240
      5.000    3.2098   0.008084   0.000000   0.000000   0.000000    0.4761     #

 Point added to stored polar  1
 Point written to save file  clarky_re480000_realistic_model_reverse.polar   
 Dump file unspecified or not available
 Calculating wake trajectory ...
 Calculating source influence matrix ...

 Solving BL system ...

 Side 1  free  transition at x/c =  0.4761   57
 Side 2 forced transition at x/c =  1.0000   78

   1   rms: 0.4324E-01   max: -.3655E+00   C at   57  1
       a =  2.250      CL =  0.6509
      Cm = -0.0840     CD =  0.00794   =>   CDf =  0.00573    CDp =  0.00222

 Side 1  free  transition at x/c =  0.4973   58
 Side 2 forced transition at x/c =  1.0000   79

   2   rms: 0.5255E-02   max: 0.6454E-01   C at   58  1
       a =  2.250      CL =  0.6515
      Cm = -0.0841     CD =  0.00792   =>   CDf =  0.00558    CDp =  0.00234

 Side 1  free  transition at x/c =  0.4947   57
 Side 2 forced transition at x/c =  1.0000   79

   3   rms: 0.8808E-03   max: 0.1429E-01   C at   57  1
       a =  2.250      CL =  0.6518
      Cm = -0.0842     CD =  0.00791   =>   CDf =  0.00558    CDp =  0.00232

 Side 1  free  transition at x/c =  0.4943   57
 Side 2 forced transition at x/c =  1.0000   79

   4   rms: 0.4169E-05   max: 0.6917E-04   C at   57  1
       a =  2.250      CL =  0.6518
      Cm = -0.0842     CD =  0.00791   =>   CDf =  0.00559    CDp =  0.00232
      5.000    3.1644   0.007906   0.000000   0.000000   0.000000    0.4943     #

 Point added to stored polar  1
 Point written to save file  clarky_re480000_realistic_model_reverse.polar   
 Dump file unspecified or not available
 Calculating wake trajectory ...
 Calculating source influence matrix ...

 Solving BL system ...

 Side 1  free  transition at x/c =  0.4943   57
 Side 2 forced transition at x/c =  1.0000   79

   1   rms: 0.4266E-01   max: -.3645E+00   C at   57  1
       a =  2.000      CL =  0.6275
      Cm = -0.0849     CD =  0.00777   =>   CDf =  0.00559    CDp =  0.00218

 Side 1  free  transition at x/c =  0.5140   58
 Side 2  free  transition at x/c =  0.9943   79

   2   rms: 0.7043E-02   max: -.7663E-01   D at   79  2
       a =  2.000      CL =  0.6243
      Cm = -0.0842     CD =  0.00773   =>   CDf =  0.00549    CDp =  0.00224

 Side 1  free  transition at x/c =  0.5129   58
 Side 2  free  transition at x/c =  0.9977   79

   3   rms: 0.1591E-03   max: -.2805E-02   C at   58  1
       a =  2.000      CL =  0.6243
      Cm = -0.0842     CD =  0.00773   =>   CDf =  0.00548    CDp =  0.00225

 Side 1  free  transition at x/c =  0.5130   58
 Side 2  free  transition at x/c =  0.9976   79

   4   rms: 0.5220E-06   max: -.4254E-05   C at   79  2
       a =  2.000      CL =  0.6243
      Cm = -0.0842     CD =  0.00773   =>   CDf =  0.00548    CDp =  0.00225
      5.000    3.1209   0.007732   0.000000   0.000000   0.000000    0.5130     #

 Point added to stored polar  1
 Point written to save file  clarky_re480000_realistic_model_reverse.polar   
 Dump file unspecified or not available
 Calculating wake trajectory ...
 Calculating source influence matrix ...

 Solving BL system ...

 Side 1  free  transition at x/c =  0.5130   58
 Side 2  free  transition at x/c =  0.9976   79

   1   rms: 0.5038E-01   max: -.3738E+00   C at   58  1
       a =  1.750      CL =  0.5884
      Cm = -0.0824     CD =  0.00759   =>   CDf =  0.00548    CDp =  0.00211

 Side 1  free  transition at x/c =  0.5328   59
 Side 2  free  transition at x/c =  0.9883   79

   2   rms: 0.2877E-02   max: 0.4533E-01   C at   59  1
       a =  1.750      CL =  0.5884
      Cm = -0.0823     CD =  0.00757   =>   CDf =  0.00537    CDp =  0.00220

 Side 1  free  transition at x/c =  0.5311   59
 Side 2  free  transition at x/c =  0.9890   79

   3   rms: 0.4753E-04   max: -.8071E-03   C at   59  1
       a =  1.750      CL =  0.5884
      Cm = -0.0823     CD =  0.00757   =>   CDf =  0.00538    CDp =  0.00219
      5.000    3.1099   0.007570   0.000000   0.000000   0.000000    0.5311     #

 Point added to stored polar  1
 Point written to save file  clarky_re480000_realistic_model_reverse.polar   
 Dump file unspecified or not available
 Calculating wake trajectory ...
 Calculating source influence matrix ...

 Solving BL system ...

 Side 1  free  transition at x/c =  0.5311   59
 Side 2  free  transition at x/c =  0.9890   79

   1   rms: 0.5105E-01   max: -.3361E+00   C at   59  1
       a =  1.500      CL =  0.5504
      Cm = -0.0801     CD =  0.00745   =>   CDf =  0.00541    CDp =  0.00205

 Side 1  free  transition at x/c =  0.5481   59
 Side 2  free  transition at x/c =  0.9758   79

   2   rms: 0.4030E-02   max: -.3974E-01   C at   79  2
       a =  1.500      CL =  0.5529
      Cm = -0.0807     CD =  0.00742   =>   CDf =  0.00527    CDp =  0.00215

 Side 1  free  transition at x/c =  0.5470   59
 Side 2  free  transition at x/c =  0.9764   79

   3   rms: 0.2787E-03   max: 0.2793E-02   D at    4  2
       a =  1.500      CL =  0.5529
      Cm = -0.0807     CD =  0.00742   =>   CDf =  0.00528    CDp =  0.00214

 Side 1  free  transition at x/c =  0.5470   59
 Side 2  free  transition at x/c =  0.9763   79

   4   rms: 0.2030E-06   max: 0.3146E-05   D at    7  2
       a =  1.500      CL =  0.5529
      Cm = -0.0807     CD =  0.00742   =>   CDf =  0.00528    CDp =  0.00214
      5.000    3.1367   0.007425   0.000000   0.000000   0.000000    0.5470     #

 Point added to stored polar  1
 Point written to save file  clarky_re480000_realistic_model_reverse.polar   
 Dump file unspecified or not available
 Calculating wake trajectory ...
 Calculating source influence matrix ...

 Solving BL system ...

 Side 1  free  transition at x/c =  0.5470   59
 Side 2  free  transition at x/c =  0.9763   79

   1   rms: 0.5209E-01   max: -.3338E+00   C at   59  1
       a =  1.250      CL =  0.5149
      Cm = -0.0785     CD =  0.00730   =>   CDf =  0.00528    CDp =  0.00202

 Side 1  free  transition at x/c =  0.5612   60
 Side 2  free  transition at x/c =  0.9443   77

   2   rms: 0.8659E-02   max: -.1305E+00   C at   77  2
       a =  1.250      CL =  0.5126
      Cm = -0.0780     CD =  0.00729   =>   CDf =  0.00520    CDp =  0.00209

 Side 1  free  transition at x/c =  0.5622   60
 Side 2  free  transition at x/c =  0.9502   77

   3   rms: 0.3894E-03   max: 0.2261E-02   C at   77  2
       a =  1.250      CL =  0.5131
      Cm = -0.0781     CD =  0.00729   =>   CDf =  0.00520    CDp =  0.00209

 Side 1  free  transition at x/c =  0.5622   60
 Side 2  free  transition at x/c =  0.9501   77

   4   rms: 0.7090E-06   max: -.7287E-05   D at   80  2
       a =  1.250      CL =  0.5131
      Cm = -0.0781     CD =  0.00729   =>   CDf =  0.00520    CDp =  0.00209
      5.000    3.1568   0.007294   0.000000   0.000000   0.000000    0.5622     #

 Point added to stored polar  1
 Point written to save file  clarky_re480000_realistic_model_reverse.polar   
 Dump file unspecified or not available
 Calculating wake trajectory ...
 Calculating source influence matrix ...

 Solving BL system ...

 Side 1  free  transition at x/c =  0.5622   60
 Side 2  free  transition at x/c =  0.9501   77

   1   rms: 0.5231E-01   max: -.3284E+00   C at   60  1
       a =  1.000      CL =  0.4788
      Cm = -0.0769     CD =  0.00717   =>   CDf =  0.00520    CDp =  0.00197

 Side 1  free  transition at x/c =  0.5726   61
 Side 2  free  transition at x/c =  0.8751   73

   2   rms: 0.1646E-01   max: -.2499E+00   C at   73  2
       a =  1.000      CL =  0.4762
      Cm = -0.0765     CD =  0.00721   =>   CDf =  0.00530    CDp =  0.00192

 Side 1  free  transition at x/c =  0.5765   61
 Side 2  free  transition at x/c =  0.8887   74

   3   rms: 0.4009E-02   max: 0.7267E-01   C at   74  2
       a =  1.000      CL =  0.4764
      Cm = -0.0765     CD =  0.00722   =>   CDf =  0.00520    CDp =  0.00202

 Side 1  free  transition at x/c =  0.5762   61
 Side 2  free  transition at x/c =  0.8859   74

   4   rms: 0.6872E-04   max: -.1342E-02   C at   74  2
       a =  1.000      CL =  0.4764
      Cm = -0.0765     CD =  0.00722   =>   CDf =  0.00521    CDp =  0.00201
      5.000    3.1706   0.007222   0.000000   0.000000   0.000000    0.5762     #

 Point added to stored polar  1
 Point written to save file  clarky_re480000_realistic_model_reverse.polar   
 Dump file unspecified or not available
 Calculating wake trajectory ...
 Calculating source influence matrix ...

 Solving BL system ...

 Side 1  free  transition at x/c =  0.5762   61
 Side 2  free  transition at x/c =  0.8860   74

   1   rms: 0.9619E-01   max: 0.1666E+01   C at   74  2   RLX: 0.900
       a =  0.750      CL =  0.4515
      Cm = -0.0771     CD =  0.00723   =>   CDf =  0.00525    CDp =  0.00198

 Side 1  free  transition at x/c =  0.5863   60
 Side 2  free  transition at x/c =  0.7611   68

   2   rms: 0.1480E-01   max: -.1833E+00   C at   68  2
       a =  0.750      CL =  0.4541
      Cm = -0.0783     CD =  0.00741   =>   CDf =  0.00555    CDp =  0.00186

 Side 1  free  transition at x/c =  0.5890   60
 Side 2  free  transition at x/c =  0.7666   69

   3   rms: 0.4215E-03   max: 0.4871E-02   C at   69  2
       a =  0.750      CL =  0.4541
      Cm = -0.0783     CD =  0.00741   =>   CDf =  0.00551    CDp =  0.00190

 Side 1  free  transition at x/c =  0.5890   60
 Side 2  free  transition at x/c =  0.7662   69

   4   rms: 0.3592E-05   max: -.7198E-04   C at   69  2
       a =  0.750      CL =  0.4541
      Cm = -0.0783     CD =  0.00741   =>   CDf =  0.00551    CDp =  0.00190
      5.000    3.1800   0.007411   0.000000   0.000000   0.000000    0.5890     #

 Point added to stored polar  1
 Point written to save file  clarky_re480000_realistic_model_reverse.polar   
 Dump file unspecified or not available
 Calculating wake trajectory ...
 Calculating source influence matrix ...

 Solving BL system ...

 Side 1  free  transition at x/c =  0.5890   60
 Side 2  free  transition at x/c =  0.7662   69

   1   rms: 0.1772E+00   max: 0.3526E+01   C at   69  2   RLX: 0.425
       a =  0.500      CL =  0.4461
      Cm = -0.0793     CD =  0.00762   =>   CDf =  0.00551    CDp =  0.00210

 Side 1  free  transition at x/c =  0.5936   61
 Side 2  free  transition at x/c =  0.6901   64

   2   rms: 0.8655E-01   max: 0.1646E+01   C at   64  2   RLX: 0.911
       a =  0.500      CL =  0.4342
      Cm = -0.0798     CD =  0.00773   =>   CDf =  0.00576    CDp =  0.00196

 Side 1  free  transition at x/c =  0.6003   61
 Side 2  free  transition at x/c =  0.5938   59

   3   rms: 0.9367E-02   max: -.1292E+00   C at   59  2
       a =  0.500      CL =  0.4336
      Cm = -0.0799     CD =  0.00784   =>   CDf =  0.00605    CDp =  0.00179

 Side 1  free  transition at x/c =  0.6016   61
 Side 2  free  transition at x/c =  0.5959   59

   4   rms: 0.1002E-02   max: -.1911E-01   C at   59  2
       a =  0.500      CL =  0.4336
      Cm = -0.0799     CD =  0.00784   =>   CDf =  0.00603    CDp =  0.00181

 Side 1  free  transition at x/c =  0.6016   61
 Side 2  free  transition at x/c =  0.5961   59

   5   rms: 0.3073E-05   max: -.5913E-04   C at   59  2
       a =  0.500      CL =  0.4336
      Cm = -0.0799     CD =  0.00784   =>   CDf =  0.00603    CDp =  0.00181
      5.000    3.2009   0.007843   0.000000   0.000000   0.000000    0.6016     #

 Point added to stored polar  1
 Point written to save file  clarky_re480000_realistic_model_reverse.polar   
 Dump file unspecified or not available
 Calculating wake trajectory ...
 Calculating source influence matrix ...

 Solving BL system ...

 Side 1  free  transition at x/c =  0.6016   61
 Side 2  free  transition at x/c =  0.5961   59

   1   rms: 0.2111E+00   max: 0.4113E+01   C at   59  2   RLX: 0.365
       a =  0.250      CL =  0.4251
      Cm = -0.0803     CD =  0.00797   =>   CDf =  0.00603    CDp =  0.00194

 Side 1  free  transition at x/c =  0.6062   61
 Side 2  free  transition at x/c =  0.5360   56

   2   rms: 0.8967E-01   max: 0.1763E+01   C at   56  2   RLX: 0.851
       a =  0.250      CL =  0.4117
      Cm = -0.0806     CD =  0.00814   =>   CDf =  0.00621    CDp =  0.00192

 Side 1  free  transition at x/c =  0.6126   62
 Side 2  free  transition at x/c =  0.4687   53

   3   rms: 0.6423E-02   max: 0.5719E-01   D at   55  2
       a =  0.250      CL =  0.4096
      Cm = -0.0806     CD =  0.00817   =>   CDf =  0.00641    CDp =  0.00177

 Side 1  free  transition at x/c =  0.6143   62
 Side 2  free  transition at x/c =  0.4652   53

   4   rms: 0.3951E-03   max: -.8163E-02   C at   53  2
       a =  0.250      CL =  0.4096
      Cm = -0.0806     CD =  0.00818   =>   CDf =  0.00640    CDp =  0.00178

 Side 1  free  transition at x/c =  0.6143   62
 Side 2  free  transition at x/c =  0.4654   53

   5   rms: 0.7023E-06   max: 0.4128E-05   D at   53  2
       a =  0.250      CL =  0.4096
      Cm = -0.0806     CD =  0.00818   =>   CDf =  0.00640    CDp =  0.00178
      5.000    3.2217   0.008177   0.000000   0.000000   0.000000    0.6143     #

 Point added to stored polar  1
 Point written to save file  clarky_re480000_realistic_model_reverse.polar   
 Dump file unspecified or not available
 Calculating wake trajectory ...
 Calculating source influence matrix ...

 Solving BL system ...

 Side 1  free  transition at x/c =  0.6143   62
 Side 2  free  transition at x/c =  0.4654   53

   1   rms: 0.1441E+00   max: 0.2920E+01   C at   53  2   RLX: 0.514
       a =  0.000      CL =  0.3972
      Cm = -0.0809     CD =  0.00833   =>   CDf =  0.00640    CDp =  0.00193

 Side 1  free  transition at x/c =  0.6203   62
 Side 2  free  transition at x/c =  0.4121   50

   2   rms: 0.5174E-01   max: 0.9947E+00   C at   50  2
       a =  0.000      CL =  0.3843
      Cm = -0.0810     CD =  0.00841   =>   CDf =  0.00657    CDp =  0.00183

 Side 1  free  transition at x/c =  0.6264   61
 Side 2  free  transition at x/c =  0.3739   49

   3   rms: 0.6137E-02   max: -.1140E+00   C at   49  2
       a =  0.000      CL =  0.3841
      Cm = -0.0810     CD =  0.00840   =>   CDf =  0.00665    CDp =  0.00175

 Side 1  free  transition at x/c =  0.6270   61
 Side 2  free  transition at x/c =  0.3770   49

   4   rms: 0.3179E-03   max: -.3666E-02   D at   50  2
       a =  0.000      CL =  0.3841
      Cm = -0.0810     CD =  0.00840   =>   CDf =  0.00663    CDp =  0.00177

 Side 1  free  transition at x/c =  0.6270   61
 Side 2  free  transition at x/c =  0.3769   49

   5   rms: 0.7786E-06   max: 0.1389E-04   C at   49  2
       a =  0.000      CL =  0.3841
      Cm = -0.0810     CD =  0.00840   =>   CDf =  0.00663    CDp =  0.00177
      5.000    3.2429   0.008400   0.000000   0.000000   0.000000    0.6270     #

 Point added to stored polar  1
 Point written to save file  clarky_re480000_realistic_model_reverse.polar   
 Dump file unspecified or not available
 Calculating wake trajectory ...
 Calculating source influence matrix ...

 Solving BL system ...

 Side 1  free  transition at x/c =  0.6270   61
 Side 2  free  transition at x/c =  0.3769   49

   1   rms: 0.1072E+00   max: 0.2140E+01   C at   49  2   RLX: 0.701
       a = -0.250      CL =  0.3656
      Cm = -0.0812     CD =  0.00856   =>   CDf =  0.00663    CDp =  0.00193

 Side 1  free  transition at x/c =  0.6350   62
 Side 2  free  transition at x/c =  0.3312   46

   2   rms: 0.1676E-01   max: 0.2044E+00   C at   46  2
       a = -0.250      CL =  0.3578
      Cm = -0.0813     CD =  0.00852   =>   CDf =  0.00674    CDp =  0.00178

 Side 1  free  transition at x/c =  0.6378   62
 Side 2  free  transition at x/c =  0.3185   46

   3   rms: 0.2269E-02   max: -.4694E-01   C at   46  2
       a = -0.250      CL =  0.3579
      Cm = -0.0813     CD =  0.00854   =>   CDf =  0.00677    CDp =  0.00177

 Side 1  free  transition at x/c =  0.6380   62
 Side 2  free  transition at x/c =  0.3198   46

   4   rms: 0.1062E-04   max: 0.1647E-03   D at   46  2
       a = -0.250      CL =  0.3579
      Cm = -0.0813     CD =  0.00854   =>   CDf =  0.00676    CDp =  0.00178
      5.000    3.2655   0.008537   0.000000   0.000000   0.000000    0.6380     #

 Point added to stored polar  1
 Point written to save file  clarky_re480000_realistic_model_reverse.polar   
 Dump file unspecified or not available
 Calculating wake trajectory ...
 Calculating source influence matrix ...

 Solving BL system ...

 Side 1  free  transition at x/c =  0.6380   62
 Side 2  free  transition at x/c =  0.3198   46

   1   rms: 0.7929E-01   max: 0.1437E+01   C at   46  2
       a = -0.500      CL =  0.3315
      Cm = -0.0815     CD =  0.00868   =>   CDf =  0.00678    CDp =  0.00190

 Side 1  free  transition at x/c =  0.6468   61
 Side 2  free  transition at x/c =  0.2768   44

   2   rms: 0.9866E-02   max: 0.1338E+00   D at   46  2
       a = -0.500      CL =  0.3309
      Cm = -0.0815     CD =  0.00866   =>   CDf =  0.00689    CDp =  0.00177

 Side 1  free  transition at x/c =  0.6481   61
 Side 2  free  transition at x/c =  0.2787   45

   3   rms: 0.2481E-02   max: -.3960E-01   C at   61  1
       a = -0.500      CL =  0.3309
      Cm = -0.0815     CD =  0.00866   =>   CDf =  0.00688    CDp =  0.00178

 Side 1  free  transition at x/c =  0.6481   61
 Side 2  free  transition at x/c =  0.2791   45

   4   rms: 0.2008E-02   max: -.4049E-01   C at   61  1
       a = -0.500      CL =  0.3309
      Cm = -0.0815     CD =  0.00866   =>   CDf =  0.00687    CDp =  0.00179

 Side 1  free  transition at x/c =  0.6481   61
 Side 2  free  transition at x/c =  0.2791   45

   5   rms: 0.2006E-02   max: -.4046E-01   C at   61  1
       a = -0.500      CL =  0.3309
      Cm = -0.0815     CD =  0.00866   =>   CDf =  0.00687    CDp =  0.00179

 Side 1  free  transition at x/c =  0.6481   61
 Side 2  free  transition at x/c =  0.2791   45

   6   rms: 0.2006E-02   max: -.4046E-01   C at   61  1
       a = -0.500      CL =  0.3309
      Cm = -0.0815     CD =  0.00866   =>   CDf =  0.00687    CDp =  0.00179

 Side 1  free  transition at x/c =  0.6481   61
 Side 2  free  transition at x/c =  0.2791   45

   7   rms: 0.2006E-02   max: -.4046E-01   C at   61  1
       a = -0.500      CL =  0.3309
      Cm = -0.0815     CD =  0.00866   =>   CDf =  0.00687    CDp =  0.00179

 Side 1  free  transition at x/c =  0.6481   61
 Side 2  free  transition at x/c =  0.2791   45

   8   rms: 0.2006E-02   max: -.4046E-01   C at   61  1
       a = -0.500      CL =  0.3309
      Cm = -0.0815     CD =  0.00866   =>   CDf =  0.00687    CDp =  0.00179

 Side 1  free  transition at x/c =  0.6481   61
 Side 2  free  transition at x/c =  0.2791   45

   9   rms: 0.2006E-02   max: -.4046E-01   C at   61  1
       a = -0.500      CL =  0.3309
      Cm = -0.0815     CD =  0.00866   =>   CDf =  0.00687    CDp =  0.00179

 Side 1  free  transition at x/c =  0.6481   61
 Side 2  free  transition at x/c =  0.2791   45

  10   rms: 0.2006E-02   max: -.4046E-01   C at   61  1
       a = -0.500      CL =  0.3309
      Cm = -0.0815     CD =  0.00866   =>   CDf =  0.00687    CDp =  0.00179

 Side 1  free  transition at x/c =  0.6481   61
 Side 2  free  transition at x/c =  0.2791   45

  11   rms: 0.2006E-02   max: -.4046E-01   C at   61  1
       a = -0.500      CL =  0.3309
      Cm = -0.0815     CD =  0.00866   =>   CDf =  0.00687    CDp =  0.00179

 Side 1  free  transition at x/c =  0.6481   61
 Side 2  free  transition at x/c =  0.2791   45

  12   rms: 0.2006E-02   max: -.4046E-01   C at   61  1
       a = -0.500      CL =  0.3309
      Cm = -0.0815     CD =  0.00866   =>   CDf =  0.00687    CDp =  0.00179

 Side 1  free  transition at x/c =  0.6481   61
 Side 2  free  transition at x/c =  0.2791   45

  13   rms: 0.2006E-02   max: -.4046E-01   C at   61  1
       a = -0.500      CL =  0.3309
      Cm = -0.0815     CD =  0.00866   =>   CDf =  0.00687    CDp =  0.00179

 Side 1  free  transition at x/c =  0.6481   61
 Side 2  free  transition at x/c =  0.2791   45

  14   rms: 0.2006E-02   max: -.4046E-01   C at   61  1
       a = -0.500      CL =  0.3309
      Cm = -0.0815     CD =  0.00866   =>   CDf =  0.00687    CDp =  0.00179

 Side 1  free  transition at x/c =  0.6481   61
 Side 2  free  transition at x/c =  0.2791   45

  15   rms: 0.2006E-02   max: -.4046E-01   C at   61  1
       a = -0.500      CL =  0.3309
      Cm = -0.0815     CD =  0.00866   =>   CDf =  0.00687    CDp =  0.00179

 Side 1  free  transition at x/c =  0.6481   61
 Side 2  free  transition at x/c =  0.2791   45

  16   rms: 0.2006E-02   max: -.4046E-01   C at   61  1
       a = -0.500      CL =  0.3309
      Cm = -0.0815     CD =  0.00866   =>   CDf =  0.00687    CDp =  0.00179

 Side 1  free  transition at x/c =  0.6481   61
 Side 2  free  transition at x/c =  0.2791   45

  17   rms: 0.2006E-02   max: -.4046E-01   C at   61  1
       a = -0.500      CL =  0.3309
      Cm = -0.0815     CD =  0.00866   =>   CDf =  0.00687    CDp =  0.00179

 Side 1  free  transition at x/c =  0.6481   61
 Side 2  free  transition at x/c =  0.2791   45

  18   rms: 0.2006E-02   max: -.4046E-01   C at   61  1
       a = -0.500      CL =  0.3309
      Cm = -0.0815     CD =  0.00866   =>   CDf =  0.00687    CDp =  0.00179

 Side 1  free  transition at x/c =  0.6481   61
 Side 2  free  transition at x/c =  0.2791   45

  19   rms: 0.2006E-02   max: -.4046E-01   C at   61  1
       a = -0.500      CL =  0.3309
      Cm = -0.0815     CD =  0.00866   =>   CDf =  0.00687    CDp =  0.00179

 Side 1  free  transition at x/c =  0.6481   61
 Side 2  free  transition at x/c =  0.2791   45

  20   rms: 0.2006E-02   max: -.4046E-01   C at   61  1
       a = -0.500      CL =  0.3309
      Cm = -0.0815     CD =  0.00866   =>   CDf =  0.00687    CDp =  0.00179

 Side 1  free  transition at x/c =  0.6481   61
 Side 2  free  transition at x/c =  0.2791   45

  21   rms: 0.2006E-02   max: -.4046E-01   C at   61  1
       a = -0.500      CL =  0.3309
      Cm = -0.0815     CD =  0.00866   =>   CDf =  0.00687    CDp =  0.00179

 Side 1  free  transition at x/c =  0.6481   61
 Side 2  free  transition at x/c =  0.2791   45

  22   rms: 0.2006E-02   max: -.4046E-01   C at   61  1
       a = -0.500      CL =  0.3309
      Cm = -0.0815     CD =  0.00866   =>   CDf =  0.00687    CDp =  0.00179

 Side 1  free  transition at x/c =  0.6481   61
 Side 2  free  transition at x/c =  0.2791   45

  23   rms: 0.2006E-02   max: -.4046E-01   C at   61  1
       a = -0.500      CL =  0.3309
      Cm = -0.0815     CD =  0.00866   =>   CDf =  0.00687    CDp =  0.00179

 Side 1  free  transition at x/c =  0.6481   61
 Side 2  free  transition at x/c =  0.2791   45

  24   rms: 0.2006E-02   max: -.4046E-01   C at   61  1
       a = -0.500      CL =  0.3309
      Cm = -0.0815     CD =  0.00866   =>   CDf =  0.00687    CDp =  0.00179

 Side 1  free  transition at x/c =  0.6481   61
 Side 2  free  transition at x/c =  0.2791   45

  25   rms: 0.2006E-02   max: -.4046E-01   C at   61  1
       a = -0.500      CL =  0.3309
      Cm = -0.0815     CD =  0.00866   =>   CDf =  0.00687    CDp =  0.00179

 Side 1  free  transition at x/c =  0.6481   61
 Side 2  free  transition at x/c =  0.2791   45

  26   rms: 0.2006E-02   max: -.4046E-01   C at   61  1
       a = -0.500      CL =  0.3309
      Cm = -0.0815     CD =  0.00866   =>   CDf =  0.00687    CDp =  0.00179

 Side 1  free  transition at x/c =  0.6481   61
 Side 2  free  transition at x/c =  0.2791   45

  27   rms: 0.2006E-02   max: -.4046E-01   C at   61  1
       a = -0.500      CL =  0.3309
      Cm = -0.0815     CD =  0.00866   =>   CDf =  0.00687    CDp =  0.00179

 Side 1  free  transition at x/c =  0.6481   61
 Side 2  free  transition at x/c =  0.2791   45

  28   rms: 0.2006E-02   max: -.4046E-01   C at   61  1
       a = -0.500      CL =  0.3309
      Cm = -0.0815     CD =  0.00866   =>   CDf =  0.00687    CDp =  0.00179

 Side 1  free  transition at x/c =  0.6481   61
 Side 2  free  transition at x/c =  0.2791   45

  29   rms: 0.2006E-02   max: -.4046E-01   C at   61  1
       a = -0.500      CL =  0.3309
      Cm = -0.0815     CD =  0.00866   =>   CDf =  0.00687    CDp =  0.00179

 Side 1  free  transition at x/c =  0.6481   61
 Side 2  free  transition at x/c =  0.2791   45

  30   rms: 0.2006E-02   max: -.4046E-01   C at   61  1
       a = -0.500      CL =  0.3309
      Cm = -0.0815     CD =  0.00866   =>   CDf =  0.00687    CDp =  0.00179

 Side 1  free  transition at x/c =  0.6481   61
 Side 2  free  transition at x/c =  0.2791   45

  31   rms: 0.2006E-02   max: -.4046E-01   C at   61  1
       a = -0.500      CL =  0.3309
      Cm = -0.0815     CD =  0.00866   =>   CDf =  0.00687    CDp =  0.00179

 Side 1  free  transition at x/c =  0.6481   61
 Side 2  free  transition at x/c =  0.2791   45

  32   rms: 0.2006E-02   max: -.4046E-01   C at   61  1
       a = -0.500      CL =  0.3309
      Cm = -0.0815     CD =  0.00866   =>   CDf =  0.00687    CDp =  0.00179

 Side 1  free  transition at x/c =  0.6481   61
 Side 2  free  transition at x/c =  0.2791   45

  33   rms: 0.2006E-02   max: -.4046E-01   C at   61  1
       a = -0.500      CL =  0.3309
      Cm = -0.0815     CD =  0.00866   =>   CDf =  0.00687    CDp =  0.00179

 Side 1  free  transition at x/c =  0.6481   61
 Side 2  free  transition at x/c =  0.2791   45

  34   rms: 0.2006E-02   max: -.4046E-01   C at   61  1
       a = -0.500      CL =  0.3309
      Cm = -0.0815     CD =  0.00866   =>   CDf =  0.00687    CDp =  0.00179

 Side 1  free  transition at x/c =  0.6481   61
 Side 2  free  transition at x/c =  0.2791   45

  35   rms: 0.2006E-02   max: -.4046E-01   C at   61  1
       a = -0.500      CL =  0.3309
      Cm = -0.0815     CD =  0.00866   =>   CDf =  0.00687    CDp =  0.00179

 Side 1  free  transition at x/c =  0.6481   61
 Side 2  free  transition at x/c =  0.2791   45

  36   rms: 0.2006E-02   max: -.4046E-01   C at   61  1
       a = -0.500      CL =  0.3309
      Cm = -0.0815     CD =  0.00866   =>   CDf =  0.00687    CDp =  0.00179

 Side 1  free  transition at x/c =  0.6481   61
 Side 2  free  transition at x/c =  0.2791   45

  37   rms: 0.2006E-02   max: -.4046E-01   C at   61  1
       a = -0.500      CL =  0.3309
      Cm = -0.0815     CD =  0.00866   =>   CDf =  0.00687    CDp =  0.00179

 Side 1  free  transition at x/c =  0.6481   61
 Side 2  free  transition at x/c =  0.2791   45

  38   rms: 0.2006E-02   max: -.4046E-01   C at   61  1
       a = -0.500      CL =  0.3309
      Cm = -0.0815     CD =  0.00866   =>   CDf =  0.00687    CDp =  0.00179

 Side 1  free  transition at x/c =  0.6481   61
 Side 2  free  transition at x/c =  0.2791   45

  39   rms: 0.2006E-02   max: -.4046E-01   C at   61  1
       a = -0.500      CL =  0.3309
      Cm = -0.0815     CD =  0.00866   =>   CDf =  0.00687    CDp =  0.00179

 Side 1  free  transition at x/c =  0.6481   61
 Side 2  free  transition at x/c =  0.2791   45

  40   rms: 0.2006E-02   max: -.4046E-01   C at   61  1
       a = -0.500      CL =  0.3309
      Cm = -0.0815     CD =  0.00866   =>   CDf =  0.00687    CDp =  0.00179

 Side 1  free  transition at x/c =  0.6481   61
 Side 2  free  transition at x/c =  0.2791   45

  41   rms: 0.2006E-02   max: -.4046E-01   C at   61  1
       a = -0.500      CL =  0.3309
      Cm = -0.0815     CD =  0.00866   =>   CDf =  0.00687    CDp =  0.00179

 Side 1  free  transition at x/c =  0.6481   61
 Side 2  free  transition at x/c =  0.2791   45

  42   rms: 0.2006E-02   max: -.4046E-01   C at   61  1
       a = -0.500      CL =  0.3309
      Cm = -0.0815     CD =  0.00866   =>   CDf =  0.00687    CDp =  0.00179

 Side 1  free  transition at x/c =  0.6481   61
 Side 2  free  transition at x/c =  0.2791   45

  43   rms: 0.2006E-02   max: -.4046E-01   C at   61  1
       a = -0.500      CL =  0.3309
      Cm = -0.0815     CD =  0.00866   =>   CDf =  0.00687    CDp =  0.00179

 Side 1  free  transition at x/c =  0.6481   61
 Side 2  free  transition at x/c =  0.2791   45

  44   rms: 0.2006E-02   max: -.4046E-01   C at   61  1
       a = -0.500      CL =  0.3309
      Cm = -0.0815     CD =  0.00866   =>   CDf =  0.00687    CDp =  0.00179

 Side 1  free  transition at x/c =  0.6481   61
 Side 2  free  transition at x/c =  0.2791   45

  45   rms: 0.2006E-02   max: -.4046E-01   C at   61  1
       a = -0.500      CL =  0.3309
      Cm = -0.0815     CD =  0.00866   =>   CDf =  0.00687    CDp =  0.00179

 Side 1  free  transition at x/c =  0.6481   61
 Side 2  free  transition at x/c =  0.2791   45

  46   rms: 0.2006E-02   max: -.4046E-01   C at   61  1
       a = -0.500      CL =  0.3309
      Cm = -0.0815     CD =  0.00866   =>   CDf =  0.00687    CDp =  0.00179

 Side 1  free  transition at x/c =  0.6481   61
 Side 2  free  transition at x/c =  0.2791   45

  47   rms: 0.2006E-02   max: -.4046E-01   C at   61  1
       a = -0.500      CL =  0.3309
      Cm = -0.0815     CD =  0.00866   =>   CDf =  0.00687    CDp =  0.00179

 Side 1  free  transition at x/c =  0.6481   61
 Side 2  free  transition at x/c =  0.2791   45

  48   rms: 0.2006E-02   max: -.4046E-01   C at   61  1
       a = -0.500      CL =  0.3309
      Cm = -0.0815     CD =  0.00866   =>   CDf =  0.00687    CDp =  0.00179

 Side 1  free  transition at x/c =  0.6481   61
 Side 2  free  transition at x/c =  0.2791   45

  49   rms: 0.2006E-02   max: -.4046E-01   C at   61  1
       a = -0.500      CL =  0.3309
      Cm = -0.0815     CD =  0.00866   =>   CDf =  0.00687    CDp =  0.00179

 Side 1  free  transition at x/c =  0.6481   61
 Side 2  free  transition at x/c =  0.2791   45

  50   rms: 0.2006E-02   max: -.4046E-01   C at   61  1
       a = -0.500      CL =  0.3309
      Cm = -0.0815     CD =  0.00866   =>   CDf =  0.00687    CDp =  0.00179

 Side 1  free  transition at x/c =  0.6481   61
 Side 2  free  transition at x/c =  0.2791   45

  51   rms: 0.2006E-02   max: -.4046E-01   C at   61  1
       a = -0.500      CL =  0.3309
      Cm = -0.0815     CD =  0.00866   =>   CDf =  0.00687    CDp =  0.00179

 Side 1  free  transition at x/c =  0.6481   61
 Side 2  free  transition at x/c =  0.2791   45

  52   rms: 0.2006E-02   max: -.4046E-01   C at   61  1
       a = -0.500      CL =  0.3309
      Cm = -0.0815     CD =  0.00866   =>   CDf =  0.00687    CDp =  0.00179

 Side 1  free  transition at x/c =  0.6481   61
 Side 2  free  transition at x/c =  0.2791   45

  53   rms: 0.2006E-02   max: -.4046E-01   C at   61  1
       a = -0.500      CL =  0.3309
      Cm = -0.0815     CD =  0.00866   =>   CDf =  0.00687    CDp =  0.00179

 Side 1  free  transition at x/c =  0.6481   61
 Side 2  free  transition at x/c =  0.2791   45

  54   rms: 0.2006E-02   max: -.4046E-01   C at   61  1
       a = -0.500      CL =  0.3309
      Cm = -0.0815     CD =  0.00866   =>   CDf =  0.00687    CDp =  0.00179

 Side 1  free  transition at x/c =  0.6481   61
 Side 2  free  transition at x/c =  0.2791   45

  55   rms: 0.2006E-02   max: -.4046E-01   C at   61  1
       a = -0.500      CL =  0.3309
      Cm = -0.0815     CD =  0.00866   =>   CDf =  0.00687    CDp =  0.00179

 Side 1  free  transition at x/c =  0.6481   61
 Side 2  free  transition at x/c =  0.2791   45

  56   rms: 0.2006E-02   max: -.4046E-01   C at   61  1
       a = -0.500      CL =  0.3309
      Cm = -0.0815     CD =  0.00866   =>   CDf =  0.00687    CDp =  0.00179

 Side 1  free  transition at x/c =  0.6481   61
 Side 2  free  transition at x/c =  0.2791   45

  57   rms: 0.2006E-02   max: -.4046E-01   C at   61  1
       a = -0.500      CL =  0.3309
      Cm = -0.0815     CD =  0.00866   =>   CDf =  0.00687    CDp =  0.00179

 Side 1  free  transition at x/c =  0.6481   61
 Side 2  free  transition at x/c =  0.2791   45

  58   rms: 0.2006E-02   max: -.4046E-01   C at   61  1
       a = -0.500      CL =  0.3309
      Cm = -0.0815     CD =  0.00866   =>   CDf =  0.00687    CDp =  0.00179

 Side 1  free  transition at x/c =  0.6481   61
 Side 2  free  transition at x/c =  0.2791   45

  59   rms: 0.2006E-02   max: -.4046E-01   C at   61  1
       a = -0.500      CL =  0.3309
      Cm = -0.0815     CD =  0.00866   =>   CDf =  0.00687    CDp =  0.00179

 Side 1  free  transition at x/c =  0.6481   61
 Side 2  free  transition at x/c =  0.2791   45

  60   rms: 0.2006E-02   max: -.4046E-01   C at   61  1
       a = -0.500      CL =  0.3309
      Cm = -0.0815     CD =  0.00866   =>   CDf =  0.00687    CDp =  0.00179

 Side 1  free  transition at x/c =  0.6481   61
 Side 2  free  transition at x/c =  0.2791   45

  61   rms: 0.2006E-02   max: -.4046E-01   C at   61  1
       a = -0.500      CL =  0.3309
      Cm = -0.0815     CD =  0.00866   =>   CDf =  0.00687    CDp =  0.00179

 Side 1  free  transition at x/c =  0.6481   61
 Side 2  free  transition at x/c =  0.2791   45

  62   rms: 0.2006E-02   max: -.4046E-01   C at   61  1
       a = -0.500      CL =  0.3309
      Cm = -0.0815     CD =  0.00866   =>   CDf =  0.00687    CDp =  0.00179

 Side 1  free  transition at x/c =  0.6481   61
 Side 2  free  transition at x/c =  0.2791   45

  63   rms: 0.2006E-02   max: -.4046E-01   C at   61  1
       a = -0.500      CL =  0.3309
      Cm = -0.0815     CD =  0.00866   =>   CDf =  0.00687    CDp =  0.00179

 Side 1  free  transition at x/c =  0.6481   61
 Side 2  free  transition at x/c =  0.2791   45

  64   rms: 0.2006E-02   max: -.4046E-01   C at   61  1
       a = -0.500      CL =  0.3309
      Cm = -0.0815     CD =  0.00866   =>   CDf =  0.00687    CDp =  0.00179

 Side 1  free  transition at x/c =  0.6481   61
 Side 2  free  transition at x/c =  0.2791   45

  65   rms: 0.2006E-02   max: -.4046E-01   C at   61  1
       a = -0.500      CL =  0.3309
      Cm = -0.0815     CD =  0.00866   =>   CDf =  0.00687    CDp =  0.00179

 Side 1  free  transition at x/c =  0.6481   61
 Side 2  free  transition at x/c =  0.2791   45

  66   rms: 0.2006E-02   max: -.4046E-01   C at   61  1
       a = -0.500      CL =  0.3309
      Cm = -0.0815     CD =  0.00866   =>   CDf =  0.00687    CDp =  0.00179

 Side 1  free  transition at x/c =  0.6481   61
 Side 2  free  transition at x/c =  0.2791   45

  67   rms: 0.2006E-02   max: -.4046E-01   C at   61  1
       a = -0.500      CL =  0.3309
      Cm = -0.0815     CD =  0.00866   =>   CDf =  0.00687    CDp =  0.00179

 Side 1  free  transition at x/c =  0.6481   61
 Side 2  free  transition at x/c =  0.2791   45

  68   rms: 0.2006E-02   max: -.4046E-01   C at   61  1
       a = -0.500      CL =  0.3309
      Cm = -0.0815     CD =  0.00866   =>   CDf =  0.00687    CDp =  0.00179

 Side 1  free  transition at x/c =  0.6481   61
 Side 2  free  transition at x/c =  0.2791   45

  69   rms: 0.2006E-02   max: -.4046E-01   C at   61  1
       a = -0.500      CL =  0.3309
      Cm = -0.0815     CD =  0.00866   =>   CDf =  0.00687    CDp =  0.00179

 Side 1  free  transition at x/c =  0.6481   61
 Side 2  free  transition at x/c =  0.2791   45

  70   rms: 0.2006E-02   max: -.4046E-01   C at   61  1
       a = -0.500      CL =  0.3309
      Cm = -0.0815     CD =  0.00866   =>   CDf =  0.00687    CDp =  0.00179

 Side 1  free  transition at x/c =  0.6481   61
 Side 2  free  transition at x/c =  0.2791   45

  71   rms: 0.2006E-02   max: -.4046E-01   C at   61  1
       a = -0.500      CL =  0.3309
      Cm = -0.0815     CD =  0.00866   =>   CDf =  0.00687    CDp =  0.00179

 Side 1  free  transition at x/c =  0.6481   61
 Side 2  free  transition at x/c =  0.2791   45

  72   rms: 0.2006E-02   max: -.4046E-01   C at   61  1
       a = -0.500      CL =  0.3309
      Cm = -0.0815     CD =  0.00866   =>   CDf =  0.00687    CDp =  0.00179

 Side 1  free  transition at x/c =  0.6481   61
 Side 2  free  transition at x/c =  0.2791   45

  73   rms: 0.2006E-02   max: -.4046E-01   C at   61  1
       a = -0.500      CL =  0.3309
      Cm = -0.0815     CD =  0.00866   =>   CDf =  0.00687    CDp =  0.00179

 Side 1  free  transition at x/c =  0.6481   61
 Side 2  free  transition at x/c =  0.2791   45

  74   rms: 0.2006E-02   max: -.4046E-01   C at   61  1
       a = -0.500      CL =  0.3309
      Cm = -0.0815     CD =  0.00866   =>   CDf =  0.00687    CDp =  0.00179

 Side 1  free  transition at x/c =  0.6481   61
 Side 2  free  transition at x/c =  0.2791   45

  75   rms: 0.2006E-02   max: -.4046E-01   C at   61  1
       a = -0.500      CL =  0.3309
      Cm = -0.0815     CD =  0.00866   =>   CDf =  0.00687    CDp =  0.00179

 Side 1  free  transition at x/c =  0.6481   61
 Side 2  free  transition at x/c =  0.2791   45

  76   rms: 0.2006E-02   max: -.4046E-01   C at   61  1
       a = -0.500      CL =  0.3309
      Cm = -0.0815     CD =  0.00866   =>   CDf =  0.00687    CDp =  0.00179

 Side 1  free  transition at x/c =  0.6481   61
 Side 2  free  transition at x/c =  0.2791   45

  77   rms: 0.2006E-02   max: -.4046E-01   C at   61  1
       a = -0.500      CL =  0.3309
      Cm = -0.0815     CD =  0.00866   =>   CDf =  0.00687    CDp =  0.00179

 Side 1  free  transition at x/c =  0.6481   61
 Side 2  free  transition at x/c =  0.2791   45

  78   rms: 0.2006E-02   max: -.4046E-01   C at   61  1
       a = -0.500      CL =  0.3309
      Cm = -0.0815     CD =  0.00866   =>   CDf =  0.00687    CDp =  0.00179

 Side 1  free  transition at x/c =  0.6481   61
 Side 2  free  transition at x/c =  0.2791   45

  79   rms: 0.2006E-02   max: -.4046E-01   C at   61  1
       a = -0.500      CL =  0.3309
      Cm = -0.0815     CD =  0.00866   =>   CDf =  0.00687    CDp =  0.00179

 Side 1  free  transition at x/c =  0.6481   61
 Side 2  free  transition at x/c =  0.2791   45

  80   rms: 0.2006E-02   max: -.4046E-01   C at   61  1
       a = -0.500      CL =  0.3309
      Cm = -0.0815     CD =  0.00866   =>   CDf =  0.00687    CDp =  0.00179

 Side 1  free  transition at x/c =  0.6481   61
 Side 2  free  transition at x/c =  0.2791   45

  81   rms: 0.2006E-02   max: -.4046E-01   C at   61  1
       a = -0.500      CL =  0.3309
      Cm = -0.0815     CD =  0.00866   =>   CDf =  0.00687    CDp =  0.00179

 Side 1  free  transition at x/c =  0.6481   61
 Side 2  free  transition at x/c =  0.2791   45

  82   rms: 0.2006E-02   max: -.4046E-01   C at   61  1
       a = -0.500      CL =  0.3309
      Cm = -0.0815     CD =  0.00866   =>   CDf =  0.00687    CDp =  0.00179

 Side 1  free  transition at x/c =  0.6481   61
 Side 2  free  transition at x/c =  0.2791   45

  83   rms: 0.2006E-02   max: -.4046E-01   C at   61  1
       a = -0.500      CL =  0.3309
      Cm = -0.0815     CD =  0.00866   =>   CDf =  0.00687    CDp =  0.00179

 Side 1  free  transition at x/c =  0.6481   61
 Side 2  free  transition at x/c =  0.2791   45

  84   rms: 0.2006E-02   max: -.4046E-01   C at   61  1
       a = -0.500      CL =  0.3309
      Cm = -0.0815     CD =  0.00866   =>   CDf =  0.00687    CDp =  0.00179

 Side 1  free  transition at x/c =  0.6481   61
 Side 2  free  transition at x/c =  0.2791   45

  85   rms: 0.2006E-02   max: -.4046E-01   C at   61  1
       a = -0.500      CL =  0.3309
      Cm = -0.0815     CD =  0.00866   =>   CDf =  0.00687    CDp =  0.00179

 Side 1  free  transition at x/c =  0.6481   61
 Side 2  free  transition at x/c =  0.2791   45

  86   rms: 0.2006E-02   max: -.4046E-01   C at   61  1
       a = -0.500      CL =  0.3309
      Cm = -0.0815     CD =  0.00866   =>   CDf =  0.00687    CDp =  0.00179

 Side 1  free  transition at x/c =  0.6481   61
 Side 2  free  transition at x/c =  0.2791   45

  87   rms: 0.2006E-02   max: -.4046E-01   C at   61  1
       a = -0.500      CL =  0.3309
      Cm = -0.0815     CD =  0.00866   =>   CDf =  0.00687    CDp =  0.00179

 Side 1  free  transition at x/c =  0.6481   61
 Side 2  free  transition at x/c =  0.2791   45

  88   rms: 0.2006E-02   max: -.4046E-01   C at   61  1
       a = -0.500      CL =  0.3309
      Cm = -0.0815     CD =  0.00866   =>   CDf =  0.00687    CDp =  0.00179

 Side 1  free  transition at x/c =  0.6481   61
 Side 2  free  transition at x/c =  0.2791   45

  89   rms: 0.2006E-02   max: -.4046E-01   C at   61  1
       a = -0.500      CL =  0.3309
      Cm = -0.0815     CD =  0.00866   =>   CDf =  0.00687    CDp =  0.00179

 Side 1  free  transition at x/c =  0.6481   61
 Side 2  free  transition at x/c =  0.2791   45

  90   rms: 0.2006E-02   max: -.4046E-01   C at   61  1
       a = -0.500      CL =  0.3309
      Cm = -0.0815     CD =  0.00866   =>   CDf =  0.00687    CDp =  0.00179

 Side 1  free  transition at x/c =  0.6481   61
 Side 2  free  transition at x/c =  0.2791   45

  91   rms: 0.2006E-02   max: -.4046E-01   C at   61  1
       a = -0.500      CL =  0.3309
      Cm = -0.0815     CD =  0.00866   =>   CDf =  0.00687    CDp =  0.00179

 Side 1  free  transition at x/c =  0.6481   61
 Side 2  free  transition at x/c =  0.2791   45

  92   rms: 0.2006E-02   max: -.4046E-01   C at   61  1
       a = -0.500      CL =  0.3309
      Cm = -0.0815     CD =  0.00866   =>   CDf =  0.00687    CDp =  0.00179

 Side 1  free  transition at x/c =  0.6481   61
 Side 2  free  transition at x/c =  0.2791   45

  93   rms: 0.2006E-02   max: -.4046E-01   C at   61  1
       a = -0.500      CL =  0.3309
      Cm = -0.0815     CD =  0.00866   =>   CDf =  0.00687    CDp =  0.00179

 Side 1  free  transition at x/c =  0.6481   61
 Side 2  free  transition at x/c =  0.2791   45

  94   rms: 0.2006E-02   max: -.4046E-01   C at   61  1
       a = -0.500      CL =  0.3309
      Cm = -0.0815     CD =  0.00866   =>   CDf =  0.00687    CDp =  0.00179

 Side 1  free  transition at x/c =  0.6481   61
 Side 2  free  transition at x/c =  0.2791   45

  95   rms: 0.2006E-02   max: -.4046E-01   C at   61  1
       a = -0.500      CL =  0.3309
      Cm = -0.0815     CD =  0.00866   =>   CDf =  0.00687    CDp =  0.00179

 Side 1  free  transition at x/c =  0.6481   61
 Side 2  free  transition at x/c =  0.2791   45

  96   rms: 0.2006E-02   max: -.4046E-01   C at   61  1
       a = -0.500      CL =  0.3309
      Cm = -0.0815     CD =  0.00866   =>   CDf =  0.00687    CDp =  0.00179

 Side 1  free  transition at x/c =  0.6481   61
 Side 2  free  transition at x/c =  0.2791   45

  97   rms: 0.2006E-02   max: -.4046E-01   C at   61  1
       a = -0.500      CL =  0.3309
      Cm = -0.0815     CD =  0.00866   =>   CDf =  0.00687    CDp =  0.00179

 Side 1  free  transition at x/c =  0.6481   61
 Side 2  free  transition at x/c =  0.2791   45

  98   rms: 0.2006E-02   max: -.4046E-01   C at   61  1
       a = -0.500      CL =  0.3309
      Cm = -0.0815     CD =  0.00866   =>   CDf =  0.00687    CDp =  0.00179

 Side 1  free  transition at x/c =  0.6481   61
 Side 2  free  transition at x/c =  0.2791   45

  99   rms: 0.2006E-02   max: -.4046E-01   C at   61  1
       a = -0.500      CL =  0.3309
      Cm = -0.0815     CD =  0.00866   =>   CDf =  0.00687    CDp =  0.00179

 Side 1  free  transition at x/c =  0.6481   61
 Side 2  free  transition at x/c =  0.2791   45

 100   rms: 0.2006E-02   max: -.4046E-01   C at   61  1
       a = -0.500      CL =  0.3309
      Cm = -0.0815     CD =  0.00866   =>   CDf =  0.00687    CDp =  0.00179

 Side 1  free  transition at x/c =  0.6481   61
 Side 2  free  transition at x/c =  0.2791   45

 101   rms: 0.2006E-02   max: -.4046E-01   C at   61  1
       a = -0.500      CL =  0.3309
      Cm = -0.0815     CD =  0.00866   =>   CDf =  0.00687    CDp =  0.00179

 Side 1  free  transition at x/c =  0.6481   61
 Side 2  free  transition at x/c =  0.2791   45

 102   rms: 0.2006E-02   max: -.4046E-01   C at   61  1
       a = -0.500      CL =  0.3309
      Cm = -0.0815     CD =  0.00866   =>   CDf =  0.00687    CDp =  0.00179

 Side 1  free  transition at x/c =  0.6481   61
 Side 2  free  transition at x/c =  0.2791   45

 103   rms: 0.2006E-02   max: -.4046E-01   C at   61  1
       a = -0.500      CL =  0.3309
      Cm = -0.0815     CD =  0.00866   =>   CDf =  0.00687    CDp =  0.00179

 Side 1  free  transition at x/c =  0.6481   61
 Side 2  free  transition at x/c =  0.2791   45

 104   rms: 0.2006E-02   max: -.4046E-01   C at   61  1
       a = -0.500      CL =  0.3309
      Cm = -0.0815     CD =  0.00866   =>   CDf =  0.00687    CDp =  0.00179

 Side 1  free  transition at x/c =  0.6481   61
 Side 2  free  transition at x/c =  0.2791   45

 105   rms: 0.2006E-02   max: -.4046E-01   C at   61  1
       a = -0.500      CL =  0.3309
      Cm = -0.0815     CD =  0.00866   =>   CDf =  0.00687    CDp =  0.00179

 Side 1  free  transition at x/c =  0.6481   61
 Side 2  free  transition at x/c =  0.2791   45

 106   rms: 0.2006E-02   max: -.4046E-01   C at   61  1
       a = -0.500      CL =  0.3309
      Cm = -0.0815     CD =  0.00866   =>   CDf =  0.00687    CDp =  0.00179

 Side 1  free  transition at x/c =  0.6481   61
 Side 2  free  transition at x/c =  0.2791   45

 107   rms: 0.2006E-02   max: -.4046E-01   C at   61  1
       a = -0.500      CL =  0.3309
      Cm = -0.0815     CD =  0.00866   =>   CDf =  0.00687    CDp =  0.00179

 Side 1  free  transition at x/c =  0.6481   61
 Side 2  free  transition at x/c =  0.2791   45

 108   rms: 0.2006E-02   max: -.4046E-01   C at   61  1
       a = -0.500      CL =  0.3309
      Cm = -0.0815     CD =  0.00866   =>   CDf =  0.00687    CDp =  0.00179

 Side 1  free  transition at x/c =  0.6481   61
 Side 2  free  transition at x/c =  0.2791   45

 109   rms: 0.2006E-02   max: -.4046E-01   C at   61  1
       a = -0.500      CL =  0.3309
      Cm = -0.0815     CD =  0.00866   =>   CDf =  0.00687    CDp =  0.00179

 Side 1  free  transition at x/c =  0.6481   61
 Side 2  free  transition at x/c =  0.2791   45

 110   rms: 0.2006E-02   max: -.4046E-01   C at   61  1
       a = -0.500      CL =  0.3309
      Cm = -0.0815     CD =  0.00866   =>   CDf =  0.00687    CDp =  0.00179

 Side 1  free  transition at x/c =  0.6481   61
 Side 2  free  transition at x/c =  0.2791   45

 111   rms: 0.2006E-02   max: -.4046E-01   C at   61  1
       a = -0.500      CL =  0.3309
      Cm = -0.0815     CD =  0.00866   =>   CDf =  0.00687    CDp =  0.00179

 Side 1  free  transition at x/c =  0.6481   61
 Side 2  free  transition at x/c =  0.2791   45

 112   rms: 0.2006E-02   max: -.4046E-01   C at   61  1
       a = -0.500      CL =  0.3309
      Cm = -0.0815     CD =  0.00866   =>   CDf =  0.00687    CDp =  0.00179

 Side 1  free  transition at x/c =  0.6481   61
 Side 2  free  transition at x/c =  0.2791   45

 113   rms: 0.2006E-02   max: -.4046E-01   C at   61  1
       a = -0.500      CL =  0.3309
      Cm = -0.0815     CD =  0.00866   =>   CDf =  0.00687    CDp =  0.00179

 Side 1  free  transition at x/c =  0.6481   61
 Side 2  free  transition at x/c =  0.2791   45

 114   rms: 0.2006E-02   max: -.4046E-01   C at   61  1
       a = -0.500      CL =  0.3309
      Cm = -0.0815     CD =  0.00866   =>   CDf =  0.00687    CDp =  0.00179

 Side 1  free  transition at x/c =  0.6481   61
 Side 2  free  transition at x/c =  0.2791   45

 115   rms: 0.2006E-02   max: -.4046E-01   C at   61  1
       a = -0.500      CL =  0.3309
      Cm = -0.0815     CD =  0.00866   =>   CDf =  0.00687    CDp =  0.00179

 Side 1  free  transition at x/c =  0.6481   61
 Side 2  free  transition at x/c =  0.2791   45

 116   rms: 0.2006E-02   max: -.4046E-01   C at   61  1
       a = -0.500      CL =  0.3309
      Cm = -0.0815     CD =  0.00866   =>   CDf =  0.00687    CDp =  0.00179

 Side 1  free  transition at x/c =  0.6481   61
 Side 2  free  transition at x/c =  0.2791   45

 117   rms: 0.2006E-02   max: -.4046E-01   C at   61  1
       a = -0.500      CL =  0.3309
      Cm = -0.0815     CD =  0.00866   =>   CDf =  0.00687    CDp =  0.00179

 Side 1  free  transition at x/c =  0.6481   61
 Side 2  free  transition at x/c =  0.2791   45

 118   rms: 0.2006E-02   max: -.4046E-01   C at   61  1
       a = -0.500      CL =  0.3309
      Cm = -0.0815     CD =  0.00866   =>   CDf =  0.00687    CDp =  0.00179

 Side 1  free  transition at x/c =  0.6481   61
 Side 2  free  transition at x/c =  0.2791   45

 119   rms: 0.2006E-02   max: -.4046E-01   C at   61  1
       a = -0.500      CL =  0.3309
      Cm = -0.0815     CD =  0.00866   =>   CDf =  0.00687    CDp =  0.00179

 Side 1  free  transition at x/c =  0.6481   61
 Side 2  free  transition at x/c =  0.2791   45

 120   rms: 0.2006E-02   max: -.4046E-01   C at   61  1
       a = -0.500      CL =  0.3309
      Cm = -0.0815     CD =  0.00866   =>   CDf =  0.00687    CDp =  0.00179

 Side 1  free  transition at x/c =  0.6481   61
 Side 2  free  transition at x/c =  0.2791   45

 121   rms: 0.2006E-02   max: -.4046E-01   C at   61  1
       a = -0.500      CL =  0.3309
      Cm = -0.0815     CD =  0.00866   =>   CDf =  0.00687    CDp =  0.00179

 Side 1  free  transition at x/c =  0.6481   61
 Side 2  free  transition at x/c =  0.2791   45

 122   rms: 0.2006E-02   max: -.4046E-01   C at   61  1
       a = -0.500      CL =  0.3309
      Cm = -0.0815     CD =  0.00866   =>   CDf =  0.00687    CDp =  0.00179

 Side 1  free  transition at x/c =  0.6481   61
 Side 2  free  transition at x/c =  0.2791   45

 123   rms: 0.2006E-02   max: -.4046E-01   C at   61  1
       a = -0.500      CL =  0.3309
      Cm = -0.0815     CD =  0.00866   =>   CDf =  0.00687    CDp =  0.00179

 Side 1  free  transition at x/c =  0.6481   61
 Side 2  free  transition at x/c =  0.2791   45

 124   rms: 0.2006E-02   max: -.4046E-01   C at   61  1
       a = -0.500      CL =  0.3309
      Cm = -0.0815     CD =  0.00866   =>   CDf =  0.00687    CDp =  0.00179

 Side 1  free  transition at x/c =  0.6481   61
 Side 2  free  transition at x/c =  0.2791   45

 125   rms: 0.2006E-02   max: -.4046E-01   C at   61  1
       a = -0.500      CL =  0.3309
      Cm = -0.0815     CD =  0.00866   =>   CDf =  0.00687    CDp =  0.00179

 Side 1  free  transition at x/c =  0.6481   61
 Side 2  free  transition at x/c =  0.2791   45

 126   rms: 0.2006E-02   max: -.4046E-01   C at   61  1
       a = -0.500      CL =  0.3309
      Cm = -0.0815     CD =  0.00866   =>   CDf =  0.00687    CDp =  0.00179

 Side 1  free  transition at x/c =  0.6481   61
 Side 2  free  transition at x/c =  0.2791   45

 127   rms: 0.2006E-02   max: -.4046E-01   C at   61  1
       a = -0.500      CL =  0.3309
      Cm = -0.0815     CD =  0.00866   =>   CDf =  0.00687    CDp =  0.00179

 Side 1  free  transition at x/c =  0.6481   61
 Side 2  free  transition at x/c =  0.2791   45

 128   rms: 0.2006E-02   max: -.4046E-01   C at   61  1
       a = -0.500      CL =  0.3309
      Cm = -0.0815     CD =  0.00866   =>   CDf =  0.00687    CDp =  0.00179

 Side 1  free  transition at x/c =  0.6481   61
 Side 2  free  transition at x/c =  0.2791   45

 129   rms: 0.2006E-02   max: -.4046E-01   C at   61  1
       a = -0.500      CL =  0.3309
      Cm = -0.0815     CD =  0.00866   =>   CDf =  0.00687    CDp =  0.00179

 Side 1  free  transition at x/c =  0.6481   61
 Side 2  free  transition at x/c =  0.2791   45

 130   rms: 0.2006E-02   max: -.4046E-01   C at   61  1
       a = -0.500      CL =  0.3309
      Cm = -0.0815     CD =  0.00866   =>   CDf =  0.00687    CDp =  0.00179

 Side 1  free  transition at x/c =  0.6481   61
 Side 2  free  transition at x/c =  0.2791   45

 131   rms: 0.2006E-02   max: -.4046E-01   C at   61  1
       a = -0.500      CL =  0.3309
      Cm = -0.0815     CD =  0.00866   =>   CDf =  0.00687    CDp =  0.00179

 Side 1  free  transition at x/c =  0.6481   61
 Side 2  free  transition at x/c =  0.2791   45

 132   rms: 0.2006E-02   max: -.4046E-01   C at   61  1
       a = -0.500      CL =  0.3309
      Cm = -0.0815     CD =  0.00866   =>   CDf =  0.00687    CDp =  0.00179

 Side 1  free  transition at x/c =  0.6481   61
 Side 2  free  transition at x/c =  0.2791   45

 133   rms: 0.2006E-02   max: -.4046E-01   C at   61  1
       a = -0.500      CL =  0.3309
      Cm = -0.0815     CD =  0.00866   =>   CDf =  0.00687    CDp =  0.00179

 Side 1  free  transition at x/c =  0.6481   61
 Side 2  free  transition at x/c =  0.2791   45

 134   rms: 0.2006E-02   max: -.4046E-01   C at   61  1
       a = -0.500      CL =  0.3309
      Cm = -0.0815     CD =  0.00866   =>   CDf =  0.00687    CDp =  0.00179

 Side 1  free  transition at x/c =  0.6481   61
 Side 2  free  transition at x/c =  0.2791   45

 135   rms: 0.2006E-02   max: -.4046E-01   C at   61  1
       a = -0.500      CL =  0.3309
      Cm = -0.0815     CD =  0.00866   =>   CDf =  0.00687    CDp =  0.00179

 Side 1  free  transition at x/c =  0.6481   61
 Side 2  free  transition at x/c =  0.2791   45

 136   rms: 0.2006E-02   max: -.4046E-01   C at   61  1
       a = -0.500      CL =  0.3309
      Cm = -0.0815     CD =  0.00866   =>   CDf =  0.00687    CDp =  0.00179

 Side 1  free  transition at x/c =  0.6481   61
 Side 2  free  transition at x/c =  0.2791   45

 137   rms: 0.2006E-02   max: -.4046E-01   C at   61  1
       a = -0.500      CL =  0.3309
      Cm = -0.0815     CD =  0.00866   =>   CDf =  0.00687    CDp =  0.00179

 Side 1  free  transition at x/c =  0.6481   61
 Side 2  free  transition at x/c =  0.2791   45

 138   rms: 0.2006E-02   max: -.4046E-01   C at   61  1
       a = -0.500      CL =  0.3309
      Cm = -0.0815     CD =  0.00866   =>   CDf =  0.00687    CDp =  0.00179

 Side 1  free  transition at x/c =  0.6481   61
 Side 2  free  transition at x/c =  0.2791   45

 139   rms: 0.2006E-02   max: -.4046E-01   C at   61  1
       a = -0.500      CL =  0.3309
      Cm = -0.0815     CD =  0.00866   =>   CDf =  0.00687    CDp =  0.00179

 Side 1  free  transition at x/c =  0.6481   61
 Side 2  free  transition at x/c =  0.2791   45

 140   rms: 0.2006E-02   max: -.4046E-01   C at   61  1
       a = -0.500      CL =  0.3309
      Cm = -0.0815     CD =  0.00866   =>   CDf =  0.00687    CDp =  0.00179

 Side 1  free  transition at x/c =  0.6481   61
 Side 2  free  transition at x/c =  0.2791   45

 141   rms: 0.2006E-02   max: -.4046E-01   C at   61  1
       a = -0.500      CL =  0.3309
      Cm = -0.0815     CD =  0.00866   =>   CDf =  0.00687    CDp =  0.00179

 Side 1  free  transition at x/c =  0.6481   61
 Side 2  free  transition at x/c =  0.2791   45

 142   rms: 0.2006E-02   max: -.4046E-01   C at   61  1
       a = -0.500      CL =  0.3309
      Cm = -0.0815     CD =  0.00866   =>   CDf =  0.00687    CDp =  0.00179

 Side 1  free  transition at x/c =  0.6481   61
 Side 2  free  transition at x/c =  0.2791   45

 143   rms: 0.2006E-02   max: -.4046E-01   C at   61  1
       a = -0.500      CL =  0.3309
      Cm = -0.0815     CD =  0.00866   =>   CDf =  0.00687    CDp =  0.00179

 Side 1  free  transition at x/c =  0.6481   61
 Side 2  free  transition at x/c =  0.2791   45

 144   rms: 0.2006E-02   max: -.4046E-01   C at   61  1
       a = -0.500      CL =  0.3309
      Cm = -0.0815     CD =  0.00866   =>   CDf =  0.00687    CDp =  0.00179

 Side 1  free  transition at x/c =  0.6481   61
 Side 2  free  transition at x/c =  0.2791   45

 145   rms: 0.2006E-02   max: -.4046E-01   C at   61  1
       a = -0.500      CL =  0.3309
      Cm = -0.0815     CD =  0.00866   =>   CDf =  0.00687    CDp =  0.00179

 Side 1  free  transition at x/c =  0.6481   61
 Side 2  free  transition at x/c =  0.2791   45

 146   rms: 0.2006E-02   max: -.4046E-01   C at   61  1
       a = -0.500      CL =  0.3309
      Cm = -0.0815     CD =  0.00866   =>   CDf =  0.00687    CDp =  0.00179

 Side 1  free  transition at x/c =  0.6481   61
 Side 2  free  transition at x/c =  0.2791   45

 147   rms: 0.2006E-02   max: -.4046E-01   C at   61  1
       a = -0.500      CL =  0.3309
      Cm = -0.0815     CD =  0.00866   =>   CDf =  0.00687    CDp =  0.00179

 Side 1  free  transition at x/c =  0.6481   61
 Side 2  free  transition at x/c =  0.2791   45

 148   rms: 0.2006E-02   max: -.4046E-01   C at   61  1
       a = -0.500      CL =  0.3309
      Cm = -0.0815     CD =  0.00866   =>   CDf =  0.00687    CDp =  0.00179

 Side 1  free  transition at x/c =  0.6481   61
 Side 2  free  transition at x/c =  0.2791   45

 149   rms: 0.2006E-02   max: -.4046E-01   C at   61  1
       a = -0.500      CL =  0.3309
      Cm = -0.0815     CD =  0.00866   =>   CDf =  0.00687    CDp =  0.00179

 Side 1  free  transition at x/c =  0.6481   61
 Side 2  free  transition at x/c =  0.2791   45

 150   rms: 0.2006E-02   max: -.4046E-01   C at   61  1
       a = -0.500      CL =  0.3309
      Cm = -0.0815     CD =  0.00866   =>   CDf =  0.00687    CDp =  0.00179

 Side 1  free  transition at x/c =  0.6481   61
 Side 2  free  transition at x/c =  0.2791   45

 151   rms: 0.2006E-02   max: -.4046E-01   C at   61  1
       a = -0.500      CL =  0.3309
      Cm = -0.0815     CD =  0.00866   =>   CDf =  0.00687    CDp =  0.00179

 Side 1  free  transition at x/c =  0.6481   61
 Side 2  free  transition at x/c =  0.2791   45

 152   rms: 0.2006E-02   max: -.4046E-01   C at   61  1
       a = -0.500      CL =  0.3309
      Cm = -0.0815     CD =  0.00866   =>   CDf =  0.00687    CDp =  0.00179

 Side 1  free  transition at x/c =  0.6481   61
 Side 2  free  transition at x/c =  0.2791   45

 153   rms: 0.2006E-02   max: -.4046E-01   C at   61  1
       a = -0.500      CL =  0.3309
      Cm = -0.0815     CD =  0.00866   =>   CDf =  0.00687    CDp =  0.00179

 Side 1  free  transition at x/c =  0.6481   61
 Side 2  free  transition at x/c =  0.2791   45

 154   rms: 0.2006E-02   max: -.4046E-01   C at   61  1
       a = -0.500      CL =  0.3309
      Cm = -0.0815     CD =  0.00866   =>   CDf =  0.00687    CDp =  0.00179

 Side 1  free  transition at x/c =  0.6481   61
 Side 2  free  transition at x/c =  0.2791   45

 155   rms: 0.2006E-02   max: -.4046E-01   C at   61  1
       a = -0.500      CL =  0.3309
      Cm = -0.0815     CD =  0.00866   =>   CDf =  0.00687    CDp =  0.00179

 Side 1  free  transition at x/c =  0.6481   61
 Side 2  free  transition at x/c =  0.2791   45

 156   rms: 0.2006E-02   max: -.4046E-01   C at   61  1
       a = -0.500      CL =  0.3309
      Cm = -0.0815     CD =  0.00866   =>   CDf =  0.00687    CDp =  0.00179

 Side 1  free  transition at x/c =  0.6481   61
 Side 2  free  transition at x/c =  0.2791   45

 157   rms: 0.2006E-02   max: -.4046E-01   C at   61  1
       a = -0.500      CL =  0.3309
      Cm = -0.0815     CD =  0.00866   =>   CDf =  0.00687    CDp =  0.00179

 Side 1  free  transition at x/c =  0.6481   61
 Side 2  free  transition at x/c =  0.2791   45

 158   rms: 0.2006E-02   max: -.4046E-01   C at   61  1
       a = -0.500      CL =  0.3309
      Cm = -0.0815     CD =  0.00866   =>   CDf =  0.00687    CDp =  0.00179

 Side 1  free  transition at x/c =  0.6481   61
 Side 2  free  transition at x/c =  0.2791   45

 159   rms: 0.2006E-02   max: -.4046E-01   C at   61  1
       a = -0.500      CL =  0.3309
      Cm = -0.0815     CD =  0.00866   =>   CDf =  0.00687    CDp =  0.00179

 Side 1  free  transition at x/c =  0.6481   61
 Side 2  free  transition at x/c =  0.2791   45

 160   rms: 0.2006E-02   max: -.4046E-01   C at   61  1
       a = -0.500      CL =  0.3309
      Cm = -0.0815     CD =  0.00866   =>   CDf =  0.00687    CDp =  0.00179

 Side 1  free  transition at x/c =  0.6481   61
 Side 2  free  transition at x/c =  0.2791   45

 161   rms: 0.2006E-02   max: -.4046E-01   C at   61  1
       a = -0.500      CL =  0.3309
      Cm = -0.0815     CD =  0.00866   =>   CDf =  0.00687    CDp =  0.00179

 Side 1  free  transition at x/c =  0.6481   61
 Side 2  free  transition at x/c =  0.2791   45

 162   rms: 0.2006E-02   max: -.4046E-01   C at   61  1
       a = -0.500      CL =  0.3309
      Cm = -0.0815     CD =  0.00866   =>   CDf =  0.00687    CDp =  0.00179

 Side 1  free  transition at x/c =  0.6481   61
 Side 2  free  transition at x/c =  0.2791   45

 163   rms: 0.2006E-02   max: -.4046E-01   C at   61  1
       a = -0.500      CL =  0.3309
      Cm = -0.0815     CD =  0.00866   =>   CDf =  0.00687    CDp =  0.00179

 Side 1  free  transition at x/c =  0.6481   61
 Side 2  free  transition at x/c =  0.2791   45

 164   rms: 0.2006E-02   max: -.4046E-01   C at   61  1
       a = -0.500      CL =  0.3309
      Cm = -0.0815     CD =  0.00866   =>   CDf =  0.00687    CDp =  0.00179

 Side 1  free  transition at x/c =  0.6481   61
 Side 2  free  transition at x/c =  0.2791   45

 165   rms: 0.2006E-02   max: -.4046E-01   C at   61  1
       a = -0.500      CL =  0.3309
      Cm = -0.0815     CD =  0.00866   =>   CDf =  0.00687    CDp =  0.00179

 Side 1  free  transition at x/c =  0.6481   61
 Side 2  free  transition at x/c =  0.2791   45

 166   rms: 0.2006E-02   max: -.4046E-01   C at   61  1
       a = -0.500      CL =  0.3309
      Cm = -0.0815     CD =  0.00866   =>   CDf =  0.00687    CDp =  0.00179

 Side 1  free  transition at x/c =  0.6481   61
 Side 2  free  transition at x/c =  0.2791   45

 167   rms: 0.2006E-02   max: -.4046E-01   C at   61  1
       a = -0.500      CL =  0.3309
      Cm = -0.0815     CD =  0.00866   =>   CDf =  0.00687    CDp =  0.00179

 Side 1  free  transition at x/c =  0.6481   61
 Side 2  free  transition at x/c =  0.2791   45

 168   rms: 0.2006E-02   max: -.4046E-01   C at   61  1
       a = -0.500      CL =  0.3309
      Cm = -0.0815     CD =  0.00866   =>   CDf =  0.00687    CDp =  0.00179

 Side 1  free  transition at x/c =  0.6481   61
 Side 2  free  transition at x/c =  0.2791   45

 169   rms: 0.2006E-02   max: -.4046E-01   C at   61  1
       a = -0.500      CL =  0.3309
      Cm = -0.0815     CD =  0.00866   =>   CDf =  0.00687    CDp =  0.00179

 Side 1  free  transition at x/c =  0.6481   61
 Side 2  free  transition at x/c =  0.2791   45

 170   rms: 0.2006E-02   max: -.4046E-01   C at   61  1
       a = -0.500      CL =  0.3309
      Cm = -0.0815     CD =  0.00866   =>   CDf =  0.00687    CDp =  0.00179

 Side 1  free  transition at x/c =  0.6481   61
 Side 2  free  transition at x/c =  0.2791   45

 171   rms: 0.2006E-02   max: -.4046E-01   C at   61  1
       a = -0.500      CL =  0.3309
      Cm = -0.0815     CD =  0.00866   =>   CDf =  0.00687    CDp =  0.00179

 Side 1  free  transition at x/c =  0.6481   61
 Side 2  free  transition at x/c =  0.2791   45

 172   rms: 0.2006E-02   max: -.4046E-01   C at   61  1
       a = -0.500      CL =  0.3309
      Cm = -0.0815     CD =  0.00866   =>   CDf =  0.00687    CDp =  0.00179

 Side 1  free  transition at x/c =  0.6481   61
 Side 2  free  transition at x/c =  0.2791   45

 173   rms: 0.2006E-02   max: -.4046E-01   C at   61  1
       a = -0.500      CL =  0.3309
      Cm = -0.0815     CD =  0.00866   =>   CDf =  0.00687    CDp =  0.00179

 Side 1  free  transition at x/c =  0.6481   61
 Side 2  free  transition at x/c =  0.2791   45

 174   rms: 0.2006E-02   max: -.4046E-01   C at   61  1
       a = -0.500      CL =  0.3309
      Cm = -0.0815     CD =  0.00866   =>   CDf =  0.00687    CDp =  0.00179

 Side 1  free  transition at x/c =  0.6481   61
 Side 2  free  transition at x/c =  0.2791   45

 175   rms: 0.2006E-02   max: -.4046E-01   C at   61  1
       a = -0.500      CL =  0.3309
      Cm = -0.0815     CD =  0.00866   =>   CDf =  0.00687    CDp =  0.00179

 Side 1  free  transition at x/c =  0.6481   61
 Side 2  free  transition at x/c =  0.2791   45

 176   rms: 0.2006E-02   max: -.4046E-01   C at   61  1
       a = -0.500      CL =  0.3309
      Cm = -0.0815     CD =  0.00866   =>   CDf =  0.00687    CDp =  0.00179

 Side 1  free  transition at x/c =  0.6481   61
 Side 2  free  transition at x/c =  0.2791   45

 177   rms: 0.2006E-02   max: -.4046E-01   C at   61  1
       a = -0.500      CL =  0.3309
      Cm = -0.0815     CD =  0.00866   =>   CDf =  0.00687    CDp =  0.00179

 Side 1  free  transition at x/c =  0.6481   61
 Side 2  free  transition at x/c =  0.2791   45

 178   rms: 0.2006E-02   max: -.4046E-01   C at   61  1
       a = -0.500      CL =  0.3309
      Cm = -0.0815     CD =  0.00866   =>   CDf =  0.00687    CDp =  0.00179

 Side 1  free  transition at x/c =  0.6481   61
 Side 2  free  transition at x/c =  0.2791   45

 179   rms: 0.2006E-02   max: -.4046E-01   C at   61  1
       a = -0.500      CL =  0.3309
      Cm = -0.0815     CD =  0.00866   =>   CDf =  0.00687    CDp =  0.00179

 Side 1  free  transition at x/c =  0.6481   61
 Side 2  free  transition at x/c =  0.2791   45

 180   rms: 0.2006E-02   max: -.4046E-01   C at   61  1
       a = -0.500      CL =  0.3309
      Cm = -0.0815     CD =  0.00866   =>   CDf =  0.00687    CDp =  0.00179

 Side 1  free  transition at x/c =  0.6481   61
 Side 2  free  transition at x/c =  0.2791   45

 181   rms: 0.2006E-02   max: -.4046E-01   C at   61  1
       a = -0.500      CL =  0.3309
      Cm = -0.0815     CD =  0.00866   =>   CDf =  0.00687    CDp =  0.00179

 Side 1  free  transition at x/c =  0.6481   61
 Side 2  free  transition at x/c =  0.2791   45

 182   rms: 0.2006E-02   max: -.4046E-01   C at   61  1
       a = -0.500      CL =  0.3309
      Cm = -0.0815     CD =  0.00866   =>   CDf =  0.00687    CDp =  0.00179

 Side 1  free  transition at x/c =  0.6481   61
 Side 2  free  transition at x/c =  0.2791   45

 183   rms: 0.2006E-02   max: -.4046E-01   C at   61  1
       a = -0.500      CL =  0.3309
      Cm = -0.0815     CD =  0.00866   =>   CDf =  0.00687    CDp =  0.00179

 Side 1  free  transition at x/c =  0.6481   61
 Side 2  free  transition at x/c =  0.2791   45

 184   rms: 0.2006E-02   max: -.4046E-01   C at   61  1
       a = -0.500      CL =  0.3309
      Cm = -0.0815     CD =  0.00866   =>   CDf =  0.00687    CDp =  0.00179

 Side 1  free  transition at x/c =  0.6481   61
 Side 2  free  transition at x/c =  0.2791   45

 185   rms: 0.2006E-02   max: -.4046E-01   C at   61  1
       a = -0.500      CL =  0.3309
      Cm = -0.0815     CD =  0.00866   =>   CDf =  0.00687    CDp =  0.00179

 Side 1  free  transition at x/c =  0.6481   61
 Side 2  free  transition at x/c =  0.2791   45

 186   rms: 0.2006E-02   max: -.4046E-01   C at   61  1
       a = -0.500      CL =  0.3309
      Cm = -0.0815     CD =  0.00866   =>   CDf =  0.00687    CDp =  0.00179

 Side 1  free  transition at x/c =  0.6481   61
 Side 2  free  transition at x/c =  0.2791   45

 187   rms: 0.2006E-02   max: -.4046E-01   C at   61  1
       a = -0.500      CL =  0.3309
      Cm = -0.0815     CD =  0.00866   =>   CDf =  0.00687    CDp =  0.00179

 Side 1  free  transition at x/c =  0.6481   61
 Side 2  free  transition at x/c =  0.2791   45

 188   rms: 0.2006E-02   max: -.4046E-01   C at   61  1
       a = -0.500      CL =  0.3309
      Cm = -0.0815     CD =  0.00866   =>   CDf =  0.00687    CDp =  0.00179

 Side 1  free  transition at x/c =  0.6481   61
 Side 2  free  transition at x/c =  0.2791   45

 189   rms: 0.2006E-02   max: -.4046E-01   C at   61  1
       a = -0.500      CL =  0.3309
      Cm = -0.0815     CD =  0.00866   =>   CDf =  0.00687    CDp =  0.00179

 Side 1  free  transition at x/c =  0.6481   61
 Side 2  free  transition at x/c =  0.2791   45

 190   rms: 0.2006E-02   max: -.4046E-01   C at   61  1
       a = -0.500      CL =  0.3309
      Cm = -0.0815     CD =  0.00866   =>   CDf =  0.00687    CDp =  0.00179

 Side 1  free  transition at x/c =  0.6481   61
 Side 2  free  transition at x/c =  0.2791   45

 191   rms: 0.2006E-02   max: -.4046E-01   C at   61  1
       a = -0.500      CL =  0.3309
      Cm = -0.0815     CD =  0.00866   =>   CDf =  0.00687    CDp =  0.00179

 Side 1  free  transition at x/c =  0.6481   61
 Side 2  free  transition at x/c =  0.2791   45

 192   rms: 0.2006E-02   max: -.4046E-01   C at   61  1
       a = -0.500      CL =  0.3309
      Cm = -0.0815     CD =  0.00866   =>   CDf =  0.00687    CDp =  0.00179

 Side 1  free  transition at x/c =  0.6481   61
 Side 2  free  transition at x/c =  0.2791   45

 193   rms: 0.2006E-02   max: -.4046E-01   C at   61  1
       a = -0.500      CL =  0.3309
      Cm = -0.0815     CD =  0.00866   =>   CDf =  0.00687    CDp =  0.00179

 Side 1  free  transition at x/c =  0.6481   61
 Side 2  free  transition at x/c =  0.2791   45

 194   rms: 0.2006E-02   max: -.4046E-01   C at   61  1
       a = -0.500      CL =  0.3309
      Cm = -0.0815     CD =  0.00866   =>   CDf =  0.00687    CDp =  0.00179

 Side 1  free  transition at x/c =  0.6481   61
 Side 2  free  transition at x/c =  0.2791   45

 195   rms: 0.2006E-02   max: -.4046E-01   C at   61  1
       a = -0.500      CL =  0.3309
      Cm = -0.0815     CD =  0.00866   =>   CDf =  0.00687    CDp =  0.00179

 Side 1  free  transition at x/c =  0.6481   61
 Side 2  free  transition at x/c =  0.2791   45

 196   rms: 0.2006E-02   max: -.4046E-01   C at   61  1
       a = -0.500      CL =  0.3309
      Cm = -0.0815     CD =  0.00866   =>   CDf =  0.00687    CDp =  0.00179

 Side 1  free  transition at x/c =  0.6481   61
 Side 2  free  transition at x/c =  0.2791   45

 197   rms: 0.2006E-02   max: -.4046E-01   C at   61  1
       a = -0.500      CL =  0.3309
      Cm = -0.0815     CD =  0.00866   =>   CDf =  0.00687    CDp =  0.00179

 Side 1  free  transition at x/c =  0.6481   61
 Side 2  free  transition at x/c =  0.2791   45

 198   rms: 0.2006E-02   max: -.4046E-01   C at   61  1
       a = -0.500      CL =  0.3309
      Cm = -0.0815     CD =  0.00866   =>   CDf =  0.00687    CDp =  0.00179

 Side 1  free  transition at x/c =  0.6481   61
 Side 2  free  transition at x/c =  0.2791   45

 199   rms: 0.2006E-02   max: -.4046E-01   C at   61  1
       a = -0.500      CL =  0.3309
      Cm = -0.0815     CD =  0.00866   =>   CDf =  0.00687    CDp =  0.00179

 Side 1  free  transition at x/c =  0.6481   61
 Side 2  free  transition at x/c =  0.2791   45

 200   rms: 0.2006E-02   max: -.4046E-01   C at   61  1
       a = -0.500      CL =  0.3309
      Cm = -0.0815     CD =  0.00866   =>   CDf =  0.00687    CDp =  0.00179

 Side 1  free  transition at x/c =  0.6481   61
 Side 2  free  transition at x/c =  0.2791   45

 201   rms: 0.2006E-02   max: -.4046E-01   C at   61  1
       a = -0.500      CL =  0.3309
      Cm = -0.0815     CD =  0.00866   =>   CDf =  0.00687    CDp =  0.00179

 Side 1  free  transition at x/c =  0.6481   61
 Side 2  free  transition at x/c =  0.2791   45

 202   rms: 0.2006E-02   max: -.4046E-01   C at   61  1
       a = -0.500      CL =  0.3309
      Cm = -0.0815     CD =  0.00866   =>   CDf =  0.00687    CDp =  0.00179

 Side 1  free  transition at x/c =  0.6481   61
 Side 2  free  transition at x/c =  0.2791   45

 203   rms: 0.2006E-02   max: -.4046E-01   C at   61  1
       a = -0.500      CL =  0.3309
      Cm = -0.0815     CD =  0.00866   =>   CDf =  0.00687    CDp =  0.00179

 Side 1  free  transition at x/c =  0.6481   61
 Side 2  free  transition at x/c =  0.2791   45

 204   rms: 0.2006E-02   max: -.4046E-01   C at   61  1
       a = -0.500      CL =  0.3309
      Cm = -0.0815     CD =  0.00866   =>   CDf =  0.00687    CDp =  0.00179

 Side 1  free  transition at x/c =  0.6481   61
 Side 2  free  transition at x/c =  0.2791   45

 205   rms: 0.2006E-02   max: -.4046E-01   C at   61  1
       a = -0.500      CL =  0.3309
      Cm = -0.0815     CD =  0.00866   =>   CDf =  0.00687    CDp =  0.00179
 VISCAL:  Convergence failed
      5.000    3.2856   0.008658   0.000000   0.000000   0.000000    0.6481     #
 Calculating wake trajectory ...
 Calculating source influence matrix ...

 Solving BL system ...

 Side 1  free  transition at x/c =  0.6481   61
 Side 2  free  transition at x/c =  0.2791   45

   1   rms: 0.7006E-01   max: 0.1104E+01   C at   45  2
       a = -0.750      CL =  0.3038
      Cm = -0.0815     CD =  0.00885   =>   CDf =  0.00687    CDp =  0.00197

 Side 1  free  transition at x/c =  0.6613   62
 Side 2  free  transition at x/c =  0.2322   42

   2   rms: 0.1323E-01   max: -.1655E+00   C at   42  2
       a = -0.750      CL =  0.3043
      Cm = -0.0817     CD =  0.00875   =>   CDf =  0.00693    CDp =  0.00182

 Side 1  free  transition at x/c =  0.6586   62
 Side 2  free  transition at x/c =  0.2364   42

   3   rms: 0.6299E-03   max: 0.1154E-01   C at   42  2
       a = -0.750      CL =  0.3043
      Cm = -0.0817     CD =  0.00875   =>   CDf =  0.00694    CDp =  0.00182

 Side 1  free  transition at x/c =  0.6586   62
 Side 2  free  transition at x/c =  0.2362   42

   4   rms: 0.2992E-05   max: 0.5385E-04   C at   42  2
       a = -0.750      CL =  0.3043
      Cm = -0.0817     CD =  0.00875   =>   CDf =  0.00694    CDp =  0.00182
      5.000    3.3029   0.008755   0.000000   0.000000   0.000000    0.6586     #

 Point added to stored polar  1
 Point written to save file  clarky_re480000_realistic_model_reverse.polar   
 Dump file unspecified or not available
 Calculating wake trajectory ...
 Calculating source influence matrix ...

 Solving BL system ...

 Side 1  free  transition at x/c =  0.6586   62
 Side 2  free  transition at x/c =  0.2362   42

   1   rms: 0.7483E-01   max: 0.1391E+01   C at   42  2
       a = -1.000      CL =  0.2774
      Cm = -0.0819     CD =  0.00887   =>   CDf =  0.00695    CDp =  0.00192

 Side 1  free  transition at x/c =  0.6670   61
 Side 2  free  transition at x/c =  0.1917   40

   2   rms: 0.9758E-02   max: -.1552E+00   C at   40  2
       a = -1.000      CL =  0.2772
      Cm = -0.0818     CD =  0.00890   =>   CDf =  0.00708    CDp =  0.00182

 Side 1  free  transition at x/c =  0.6681   62
 Side 2  free  transition at x/c =  0.1945   41

   3   rms: 0.1630E-02   max: -.2521E-01   C at   62  1
       a = -1.000      CL =  0.2774
      Cm = -0.0819     CD =  0.00889   =>   CDf =  0.00706    CDp =  0.00184

 Side 1  free  transition at x/c =  0.6684   62
 Side 2  free  transition at x/c =  0.1946   41

   4   rms: 0.2787E-04   max: 0.4555E-03   C at   62  1
       a = -1.000      CL =  0.2774
      Cm = -0.0819     CD =  0.00889   =>   CDf =  0.00705    CDp =  0.00185
      5.000    3.3266   0.008894   0.000000   0.000000   0.000000    0.6684     #

 Point added to stored polar  1
 Point written to save file  clarky_re480000_realistic_model_reverse.polar   
 Dump file unspecified or not available
 Calculating wake trajectory ...
 Calculating source influence matrix ...

 Solving BL system ...

 Side 1  free  transition at x/c =  0.6684   62
 Side 2  free  transition at x/c =  0.1946   41

   1   rms: 0.8240E-01   max: 0.1458E+01   C at   41  2
       a = -1.250      CL =  0.2513
      Cm = -0.0822     CD =  0.00906   =>   CDf =  0.00705    CDp =  0.00202

 Side 1  free  transition at x/c =  0.6779   62
 Side 2  free  transition at x/c =  0.1441   37

   2   rms: 0.1410E-01   max: -.1705E+00   D at   41  2
       a = -1.250      CL =  0.2509
      Cm = -0.0821     CD =  0.00905   =>   CDf =  0.00718    CDp =  0.00187

 Side 1  free  transition at x/c =  0.6790   62
 Side 2  free  transition at x/c =  0.1469   37

   3   rms: 0.5822E-03   max: 0.1156E-01   C at   37  2
       a = -1.250      CL =  0.2510
      Cm = -0.0821     CD =  0.00906   =>   CDf =  0.00716    CDp =  0.00190

 Side 1  free  transition at x/c =  0.6790   62
 Side 2  free  transition at x/c =  0.1467   37

   4   rms: 0.1841E-05   max: 0.2921E-04   C at   37  2
       a = -1.250      CL =  0.2510
      Cm = -0.0821     CD =  0.00906   =>   CDf =  0.00716    CDp =  0.00190
      5.000    3.3460   0.009056   0.000000   0.000000   0.000000    0.6790     #

 Point added to stored polar  1
 Point written to save file  clarky_re480000_realistic_model_reverse.polar   
 Dump file unspecified or not available
 Calculating wake trajectory ...
 Calculating source influence matrix ...

 Solving BL system ...

 Side 1  free  transition at x/c =  0.6790   62
 Side 2  free  transition at x/c =  0.1467   37

   1   rms: 0.9741E-01   max: 0.2001E+01   C at   37  2   RLX: 0.749
       a = -1.500      CL =  0.2309
      Cm = -0.0823     CD =  0.00919   =>   CDf =  0.00716    CDp =  0.00203

 Side 1  free  transition at x/c =  0.6860   62
 Side 2  free  transition at x/c =  0.1180   35

   2   rms: 0.1568E-01   max: 0.2009E+00   C at   35  2
       a = -1.500      CL =  0.2239
      Cm = -0.0822     CD =  0.00924   =>   CDf =  0.00727    CDp =  0.00198

 Side 1  free  transition at x/c =  0.6897   63
 Side 2  free  transition at x/c =  0.1130   34

   3   rms: 0.7272E-03   max: -.8326E-02   D at   62  1
       a = -1.500      CL =  0.2242
      Cm = -0.0823     CD =  0.00922   =>   CDf =  0.00725    CDp =  0.00196

 Side 1  free  transition at x/c =  0.6895   63
 Side 2  free  transition at x/c =  0.1131   34

   4   rms: 0.8294E-05   max: 0.1503E-03   C at   63  1
       a = -1.500      CL =  0.2242
      Cm = -0.0823     CD =  0.00922   =>   CDf =  0.00725    CDp =  0.00197
      5.000    3.3809   0.009217   0.000000   0.000000   0.000000    0.6895     #

 Point added to stored polar  1
 Point written to save file  clarky_re480000_realistic_model_reverse.polar   
 Dump file unspecified or not available
 Calculating wake trajectory ...
 Calculating source influence matrix ...

 Solving BL system ...

 Side 1  free  transition at x/c =  0.6894   63
 Side 2  free  transition at x/c =  0.1131   34

   1   rms: 0.7406E-01   max: 0.1351E+01   C at   34  2
       a = -1.750      CL =  0.1977
      Cm = -0.0826     CD =  0.00932   =>   CDf =  0.00722    CDp =  0.00210

 Side 1  free  transition at x/c =  0.6998   62
 Side 2  free  transition at x/c =  0.0925   33

   2   rms: 0.7989E-02   max: 0.1108E+00   D at   34  2
       a = -1.750      CL =  0.1974
      Cm = -0.0825     CD =  0.00933   =>   CDf =  0.00729    CDp =  0.00204

 Side 1  free  transition at x/c =  0.7015   62
 Side 2  free  transition at x/c =  0.0932   33

   3   rms: 0.1171E-02   max: -.1344E-01   D at    4  2
       a = -1.750      CL =  0.1974
      Cm = -0.0826     CD =  0.00933   =>   CDf =  0.00727    CDp =  0.00206

 Side 1  free  transition at x/c =  0.7014   62
 Side 2  free  transition at x/c =  0.0930   33

   4   rms: 0.3812E-05   max: -.4313E-04   D at   34  2
       a = -1.750      CL =  0.1974
      Cm = -0.0826     CD =  0.00933   =>   CDf =  0.00728    CDp =  0.00206
      5.000    3.4103   0.009335   0.000000   0.000000   0.000000    0.7014     #

 Point added to stored polar  1
 Point written to save file  clarky_re480000_realistic_model_reverse.polar   
 Dump file unspecified or not available
 Calculating wake trajectory ...
 Calculating source influence matrix ...

 Solving BL system ...

 Side 1  free  transition at x/c =  0.7014   62
 Side 2  free  transition at x/c =  0.0930   33

   1   rms: 0.6125E-01   max: 0.9413E+00   C at   33  2
       a = -2.000      CL =  0.1702
      Cm = -0.0827     CD =  0.00947   =>   CDf =  0.00727    CDp =  0.00220

 Side 1  free  transition at x/c =  0.7124   63
 Side 2  free  transition at x/c =  0.0786   31

   2   rms: 0.6343E-02   max: 0.9771E-01   D at   32  2
       a = -2.000      CL =  0.1705
      Cm = -0.0828     CD =  0.00944   =>   CDf =  0.00728    CDp =  0.00216

 Side 1  free  transition at x/c =  0.7126   63
 Side 2  free  transition at x/c =  0.0782   31

   3   rms: 0.3910E-03   max: 0.7944E-02   C at   31  2
       a = -2.000      CL =  0.1705
      Cm = -0.0828     CD =  0.00944   =>   CDf =  0.00727    CDp =  0.00216

 Side 1  free  transition at x/c =  0.7126   63
 Side 2  free  transition at x/c =  0.0781   31

   4   rms: 0.1518E-05   max: -.2215E-04   C at   31  2
       a = -2.000      CL =  0.1705
      Cm = -0.0828     CD =  0.00944   =>   CDf =  0.00727    CDp =  0.00216
      5.000    3.4521   0.009436   0.000000   0.000000   0.000000    0.7126     #

 Point added to stored polar  1
 Point written to save file  clarky_re480000_realistic_model_reverse.polar   
 Dump file unspecified or not available
 Calculating wake trajectory ...
 Calculating source influence matrix ...

 Solving BL system ...

 Side 1  free  transition at x/c =  0.7126   63
 Side 2  free  transition at x/c =  0.0781   31

   1   rms: 0.5919E-01   max: 0.8239E+00   C at   31  2
       a = -2.250      CL =  0.1437
      Cm = -0.0831     CD =  0.00955   =>   CDf =  0.00727    CDp =  0.00227

 Side 1  free  transition at x/c =  0.7213   63
 Side 2  free  transition at x/c =  0.0622   28

   2   rms: 0.1014E-01   max: 0.1446E+00   D at   30  2
       a = -2.250      CL =  0.1434
      Cm = -0.0830     CD =  0.00957   =>   CDf =  0.00732    CDp =  0.00225

 Side 1  free  transition at x/c =  0.7236   63
 Side 2  free  transition at x/c =  0.0612   28

   3   rms: 0.6400E-03   max: 0.1157E-01   C at   28  2
       a = -2.250      CL =  0.1434
      Cm = -0.0830     CD =  0.00957   =>   CDf =  0.00731    CDp =  0.00227

 Side 1  free  transition at x/c =  0.7236   63
 Side 2  free  transition at x/c =  0.0611   28

   4   rms: 0.2515E-05   max: -.4866E-04   D at   30  2
       a = -2.250      CL =  0.1434
      Cm = -0.0830     CD =  0.00957   =>   CDf =  0.00731    CDp =  0.00227
      5.000    3.4689   0.009574   0.000000   0.000000   0.000000    0.7236     #

 Point added to stored polar  1
 Point written to save file  clarky_re480000_realistic_model_reverse.polar   
 Dump file unspecified or not available
 Calculating wake trajectory ...
 Calculating source influence matrix ...

 Solving BL system ...

 Side 1  free  transition at x/c =  0.7236   63
 Side 2  free  transition at x/c =  0.0611   28

   1   rms: 0.6873E-01   max: 0.1144E+01   C at   28  2
       a = -2.500      CL =  0.1160
      Cm = -0.0831     CD =  0.00974   =>   CDf =  0.00723    CDp =  0.00251

 Side 1  free  transition at x/c =  0.7349   63
 Side 2  free  transition at x/c =  0.0485   27

   2   rms: 0.1092E-01   max: 0.1576E+00   D at   28  2
       a = -2.500      CL =  0.1165
      Cm = -0.0833     CD =  0.00971   =>   CDf =  0.00731    CDp =  0.00240

 Side 1  free  transition at x/c =  0.7336   63
 Side 2  free  transition at x/c =  0.0492   27

   3   rms: 0.1726E-02   max: 0.2943E-01   C at   27  2
       a = -2.500      CL =  0.1166
      Cm = -0.0833     CD =  0.00971   =>   CDf =  0.00731    CDp =  0.00240

 Side 1  free  transition at x/c =  0.7336   63
 Side 2  free  transition at x/c =  0.0490   27

   4   rms: 0.1438E-04   max: -.2483E-03   D at   28  2
       a = -2.500      CL =  0.1166
      Cm = -0.0833     CD =  0.00971   =>   CDf =  0.00731    CDp =  0.00240
      5.000    3.4991   0.009710   0.000000   0.000000   0.000000    0.7336     #

 Point added to stored polar  1
 Point written to save file  clarky_re480000_realistic_model_reverse.polar   
 Dump file unspecified or not available
 Calculating wake trajectory ...
 Calculating source influence matrix ...

 Solving BL system ...

 Side 1  free  transition at x/c =  0.7336   63
 Side 2  free  transition at x/c =  0.0490   27

   1   rms: 0.5805E-01   max: 0.7787E+00   C at   27  2
       a = -2.750      CL =  0.0897
      Cm = -0.0835     CD =  0.00987   =>   CDf =  0.00731    CDp =  0.00255

 Side 1  free  transition at x/c =  0.7431   63
 Side 2  free  transition at x/c =  0.0441   26

   2   rms: 0.8410E-02   max: -.1373E+00   D at   26  2
       a = -2.750      CL =  0.0893
      Cm = -0.0835     CD =  0.00986   =>   CDf =  0.00733    CDp =  0.00254

 Side 1  free  transition at x/c =  0.7442   64
 Side 2  free  transition at x/c =  0.0442   26

   3   rms: 0.2500E-02   max: -.4163E-01   C at   64  1
       a = -2.750      CL =  0.0895
      Cm = -0.0835     CD =  0.00986   =>   CDf =  0.00733    CDp =  0.00253

 Side 1  free  transition at x/c =  0.7447   64
 Side 2  free  transition at x/c =  0.0442   26

   4   rms: 0.8733E-04   max: 0.1418E-02   C at   64  1
       a = -2.750      CL =  0.0895
      Cm = -0.0835     CD =  0.00986   =>   CDf =  0.00731    CDp =  0.00255
      5.000    3.5137   0.009857   0.000000   0.000000   0.000000    0.7447     #

 Point added to stored polar  1
 Point written to save file  clarky_re480000_realistic_model_reverse.polar   
 Dump file unspecified or not available
 Calculating wake trajectory ...
 Calculating source influence matrix ...

 Solving BL system ...

 Side 1  free  transition at x/c =  0.7446   64
 Side 2  free  transition at x/c =  0.0442   26

   1   rms: 0.4910E-01   max: 0.3720E+00   C at   26  2
       a = -3.000      CL =  0.0628
      Cm = -0.0838     CD =  0.00998   =>   CDf =  0.00731    CDp =  0.00267

 Side 1  free  transition at x/c =  0.7537   64
 Side 2  free  transition at x/c =  0.0418   25

   2   rms: 0.6329E-02   max: -.7386E-01   D at   25  2
       a = -3.000      CL =  0.0625
      Cm = -0.0838     CD =  0.00998   =>   CDf =  0.00727    CDp =  0.00271

 Side 1  free  transition at x/c =  0.7556   64
 Side 2  free  transition at x/c =  0.0417   25

   3   rms: 0.1646E-03   max: 0.2357E-02   C at   25  2
       a = -3.000      CL =  0.0625
      Cm = -0.0838     CD =  0.00998   =>   CDf =  0.00726    CDp =  0.00273

 Side 1  free  transition at x/c =  0.7555   64
 Side 2  free  transition at x/c =  0.0417   25

   4   rms: 0.1290E-05   max: 0.4448E-05   C at   36  2
       a = -3.000      CL =  0.0625
      Cm = -0.0838     CD =  0.00998   =>   CDf =  0.00726    CDp =  0.00273
      5.000    3.5455   0.009984   0.000000   0.000000   0.000000    0.7555     #

 Point added to stored polar  1
 Point written to save file  clarky_re480000_realistic_model_reverse.polar   
 Dump file unspecified or not available
 Calculating wake trajectory ...
 Calculating source influence matrix ...

 Solving BL system ...

 Side 1  free  transition at x/c =  0.7555   64
 Side 2  free  transition at x/c =  0.0417   25

   1   rms: 0.4399E-01   max: 0.1594E+00   C at   25  2
       a = -3.250      CL =  0.0353
      Cm = -0.0840     CD =  0.01013   =>   CDf =  0.00715    CDp =  0.00298

 Side 1  free  transition at x/c =  0.7625   64
 Side 2  free  transition at x/c =  0.0399   26

   2   rms: 0.6713E-02   max: -.9088E-01   C at   64  1
       a = -3.250      CL =  0.0352
      Cm = -0.0839     CD =  0.01014   =>   CDf =  0.00726    CDp =  0.00287

 Side 1  free  transition at x/c =  0.7647   64
 Side 2  free  transition at x/c =  0.0400   26

   3   rms: 0.8056E-03   max: -.8050E-02   D at    4  2
       a = -3.250      CL =  0.0353
      Cm = -0.0839     CD =  0.01014   =>   CDf =  0.00722    CDp =  0.00292

 Side 1  free  transition at x/c =  0.7646   64
 Side 2  free  transition at x/c =  0.0400   26

   4   rms: 0.1813E-05   max: -.2186E-04   D at   65  1
       a = -3.250      CL =  0.0353
      Cm = -0.0839     CD =  0.01014   =>   CDf =  0.00723    CDp =  0.00292
      5.000    3.5443   0.010140   0.000000   0.000000   0.000000    0.7646     #

 Point added to stored polar  1
 Point written to save file  clarky_re480000_realistic_model_reverse.polar   
 Dump file unspecified or not available
 Calculating wake trajectory ...
 Calculating source influence matrix ...

 Solving BL system ...

 Side 1  free  transition at x/c =  0.7646   64
 Side 2  free  transition at x/c =  0.0400   26

   1   rms: 0.4504E-01   max: 0.1447E+00   T at   26  2
       a = -3.500      CL =  0.0083
      Cm = -0.0842     CD =  0.01030   =>   CDf =  0.00722    CDp =  0.00307

 Side 1  free  transition at x/c =  0.7744   64
 Side 2  free  transition at x/c =  0.0387   25

   2   rms: 0.2033E-02   max: -.2141E-01   C at   25  2
       a = -3.500      CL =  0.0084
      Cm = -0.0842     CD =  0.01032   =>   CDf =  0.00719    CDp =  0.00313

 Side 1  free  transition at x/c =  0.7748   64
 Side 2  free  transition at x/c =  0.0386   25

   3   rms: 0.1642E-04   max: 0.1846E-03   D at   25  2
       a = -3.500      CL =  0.0084
      Cm = -0.0842     CD =  0.01032   =>   CDf =  0.00718    CDp =  0.00314
      5.000    3.5665   0.010319   0.000000   0.000000   0.000000    0.7748     #

 Point added to stored polar  1
 Point written to save file  clarky_re480000_realistic_model_reverse.polar   
 Dump file unspecified or not available
 Calculating wake trajectory ...
 Calculating source influence matrix ...

 Solving BL system ...

 Side 1  free  transition at x/c =  0.7748   64
 Side 2  free  transition at x/c =  0.0386   25

   1   rms: 0.4297E-01   max: 0.9542E-01   T at   25  2
       a = -3.750      CL = -0.0187
      Cm = -0.0845     CD =  0.01048   =>   CDf =  0.00718    CDp =  0.00330

 Side 1  free  transition at x/c =  0.7845   65
 Side 2  free  transition at x/c =  0.0376   25

   2   rms: 0.2994E-02   max: -.4970E-01   C at   65  1
       a = -3.750      CL = -0.0186
      Cm = -0.0845     CD =  0.01048   =>   CDf =  0.00713    CDp =  0.00335

 Side 1  free  transition at x/c =  0.7855   65
 Side 2  free  transition at x/c =  0.0376   25

   3   rms: 0.4392E-04   max: -.6014E-03   D at   67  1
       a = -3.750      CL = -0.0186
      Cm = -0.0845     CD =  0.01049   =>   CDf =  0.00712    CDp =  0.00337
      5.000    3.5865   0.010486   0.000000   0.000000   0.000000    0.7855     #

 Point added to stored polar  1
 Point written to save file  clarky_re480000_realistic_model_reverse.polar   
 Dump file unspecified or not available
 Calculating wake trajectory ...
 Calculating source influence matrix ...

 Solving BL system ...

 Side 1  free  transition at x/c =  0.7855   65
 Side 2  free  transition at x/c =  0.0376   25

   1   rms: 0.4393E-01   max: 0.1031E+00   T at   25  2
       a = -4.000      CL = -0.0453
      Cm = -0.0848     CD =  0.01065   =>   CDf =  0.00698    CDp =  0.00367

 Side 1  free  transition at x/c =  0.7947   64
 Side 2  free  transition at x/c =  0.0364   26

   2   rms: 0.6218E-02   max: -.7480E-01   C at   64  1
       a = -4.000      CL = -0.0455
      Cm = -0.0848     CD =  0.01068   =>   CDf =  0.00707    CDp =  0.00360

 Side 1  free  transition at x/c =  0.7970   64
 Side 2  free  transition at x/c =  0.0365   26

   3   rms: 0.6245E-03   max: -.6544E-02   D at    4  2
       a = -4.000      CL = -0.0455
      Cm = -0.0848     CD =  0.01068   =>   CDf =  0.00706    CDp =  0.00362

 Side 1  free  transition at x/c =  0.7969   64
 Side 2  free  transition at x/c =  0.0365   26

   4   rms: 0.4873E-06   max: 0.3577E-05   D at    7  1
       a = -4.000      CL = -0.0455
      Cm = -0.0848     CD =  0.01068   =>   CDf =  0.00706    CDp =  0.00362
      5.000    3.6120   0.010677   0.000000   0.000000   0.000000    0.7969     #

 Point added to stored polar  1
 Point written to save file  clarky_re480000_realistic_model_reverse.polar   
 Dump file unspecified or not available
 Calculating wake trajectory ...
 Calculating source influence matrix ...

 Solving BL system ...

 Side 1  free  transition at x/c =  0.7969   64
 Side 2  free  transition at x/c =  0.0365   26

   1   rms: 0.4333E-01   max: 0.1389E+00   T at   26  2
       a = -4.250      CL = -0.0724
      Cm = -0.0850     CD =  0.01090   =>   CDf =  0.00706    CDp =  0.00384

 Side 1  free  transition at x/c =  0.8056   65
 Side 2  free  transition at x/c =  0.0354   26

   2   rms: 0.4124E-02   max: -.5358E-01   D at   26  2
       a = -4.250      CL = -0.0723
      Cm = -0.0850     CD =  0.01091   =>   CDf =  0.00702    CDp =  0.00388

 Side 1  free  transition at x/c =  0.8063   65
 Side 2  free  transition at x/c =  0.0355   26

   3   rms: 0.7019E-04   max: 0.9260E-03   D at   26  2
       a = -4.250      CL = -0.0723
      Cm = -0.0850     CD =  0.01091   =>   CDf =  0.00702    CDp =  0.00389
      5.000    3.6306   0.010906   0.000000   0.000000   0.000000    0.8063     #

 Point added to stored polar  1
 Point written to save file  clarky_re480000_realistic_model_reverse.polar   
 Dump file unspecified or not available
 Calculating wake trajectory ...
 Calculating source influence matrix ...

 Solving BL system ...

 Side 1  free  transition at x/c =  0.8063   65
 Side 2  free  transition at x/c =  0.0355   26

   1   rms: 0.4543E-01   max: 0.1625E+00   T at   26  2
       a = -4.500      CL = -0.0988
      Cm = -0.0853     CD =  0.01118   =>   CDf =  0.00686    CDp =  0.00432

 Side 1  free  transition at x/c =  0.8143   64
 Side 2  free  transition at x/c =  0.0347   26

   2   rms: 0.4366E-02   max: -.5299E-01   C at   64  1
       a = -4.500      CL = -0.0989
      Cm = -0.0853     CD =  0.01118   =>   CDf =  0.00699    CDp =  0.00419

 Side 1  free  transition at x/c =  0.8158   64
 Side 2  free  transition at x/c =  0.0346   26

   3   rms: 0.6753E-03   max: -.8174E-02   D at    4  2
       a = -4.500      CL = -0.0989
      Cm = -0.0853     CD =  0.01118   =>   CDf =  0.00697    CDp =  0.00420

 Side 1  free  transition at x/c =  0.8158   64
 Side 2  free  transition at x/c =  0.0346   26

   4   rms: 0.2800E-05   max: 0.9520E-05   D at   37  2
       a = -4.500      CL = -0.0989
      Cm = -0.0853     CD =  0.01118   =>   CDf =  0.00697    CDp =  0.00420
      5.000    3.6351   0.011177   0.000000   0.000000   0.000000    0.8158     #

 Point added to stored polar  1
 Point written to save file  clarky_re480000_realistic_model_reverse.polar   
 Dump file unspecified or not available
 Calculating wake trajectory ...
 Calculating source influence matrix ...

 Solving BL system ...

 Side 1  free  transition at x/c =  0.8158   64
 Side 2  free  transition at x/c =  0.0346   26

   1   rms: 0.4258E-01   max: 0.9812E-01   T at   26  2
       a = -4.750      CL = -0.1259
      Cm = -0.0855     CD =  0.01142   =>   CDf =  0.00697    CDp =  0.00444

 Side 1  free  transition at x/c =  0.8235   65
 Side 2  free  transition at x/c =  0.0340   26

   2   rms: 0.1730E-02   max: -.2314E-01   C at   65  1
       a = -4.750      CL = -0.1259
      Cm = -0.0855     CD =  0.01142   =>   CDf =  0.00691    CDp =  0.00451

 Side 1  free  transition at x/c =  0.8239   65
 Side 2  free  transition at x/c =  0.0340   26

   3   rms: 0.1652E-04   max: 0.2715E-03   C at   65  1
       a = -4.750      CL = -0.1259
      Cm = -0.0855     CD =  0.01142   =>   CDf =  0.00691    CDp =  0.00452
      5.000    3.6443   0.011421   0.000000   0.000000   0.000000    0.8239     #

 Point added to stored polar  1
 Point written to save file  clarky_re480000_realistic_model_reverse.polar   
 Dump file unspecified or not available
 Calculating wake trajectory ...
 Calculating source influence matrix ...

 Solving BL system ...

 Side 1  free  transition at x/c =  0.8239   65
 Side 2  free  transition at x/c =  0.0340   26

   1   rms: 0.4313E-01   max: 0.8801E-01   T at   26  2
       a = -5.000      CL = -0.1527
      Cm = -0.0858     CD =  0.01168   =>   CDf =  0.00691    CDp =  0.00478

 Side 1  free  transition at x/c =  0.8311   65
 Side 2  free  transition at x/c =  0.0333   26

   2   rms: 0.2651E-02   max: -.4317E-01   C at   65  1
       a = -5.000      CL = -0.1526
      Cm = -0.0858     CD =  0.01170   =>   CDf =  0.00686    CDp =  0.00484

 Side 1  free  transition at x/c =  0.8323   65
 Side 2  free  transition at x/c =  0.0333   26

   3   rms: 0.3844E-04   max: -.6751E-03   D at   67  1
       a = -5.000      CL = -0.1526
      Cm = -0.0858     CD =  0.01170   =>   CDf =  0.00685    CDp =  0.00485
      5.000    3.6450   0.011698   0.000000   0.000000   0.000000    0.8323     #

 Point added to stored polar  1
 Point written to save file  clarky_re480000_realistic_model_reverse.polar   
 Dump file unspecified or not available
 Calculating wake trajectory ...
 Calculating source influence matrix ...

 Solving BL system ...

 Side 1  free  transition at x/c =  0.8323   65
 Side 2  free  transition at x/c =  0.0333   26

   1   rms: 0.4274E-01   max: 0.9098E-01   T at   26  2
       a = -5.250      CL = -0.1793
      Cm = -0.0860     CD =  0.01200   =>   CDf =  0.00667    CDp =  0.00532

 Side 1  free  transition at x/c =  0.8394   65
 Side 2  free  transition at x/c =  0.0327   27

   2   rms: 0.3724E-02   max: -.4631E-01   C at   65  1
       a = -5.250      CL = -0.1793
      Cm = -0.0860     CD =  0.01200   =>   CDf =  0.00682    CDp =  0.00518

 Side 1  free  transition at x/c =  0.8402   65
 Side 2  free  transition at x/c =  0.0327   27

   3   rms: 0.5995E-03   max: -.7059E-02   D at    4  2
       a = -5.250      CL = -0.1793
      Cm = -0.0860     CD =  0.01200   =>   CDf =  0.00680    CDp =  0.00520

 Side 1  free  transition at x/c =  0.8402   65
 Side 2  free  transition at x/c =  0.0327   27

   4   rms: 0.3891E-06   max: 0.1955E-05   D at    8  2
       a = -5.250      CL = -0.1793
      Cm = -0.0860     CD =  0.01200   =>   CDf =  0.00680    CDp =  0.00520
      5.000    3.6480   0.012004   0.000000   0.000000   0.000000    0.8402     #

 Point added to stored polar  1
 Point written to save file  clarky_re480000_realistic_model_reverse.polar   
 Dump file unspecified or not available
 Calculating wake trajectory ...
 Calculating source influence matrix ...

 Solving BL system ...

 Side 1  free  transition at x/c =  0.8402   65
 Side 2  free  transition at x/c =  0.0327   27

   1   rms: 0.4337E-01   max: 0.9952E-01   T at   27  2
       a = -5.500      CL = -0.2059
      Cm = -0.0863     CD =  0.01232   =>   CDf =  0.00680    CDp =  0.00551

 Side 1  free  transition at x/c =  0.8476   65
 Side 2  free  transition at x/c =  0.0321   27

   2   rms: 0.2757E-02   max: -.3071E-01   C at   65  1
       a = -5.500      CL = -0.2058
      Cm = -0.0863     CD =  0.01233   =>   CDf =  0.00676    CDp =  0.00558

 Side 1  free  transition at x/c =  0.8484   65
 Side 2  free  transition at x/c =  0.0321   27

   3   rms: 0.2269E-04   max: -.3697E-03   D at   67  1
       a = -5.500      CL = -0.2058
      Cm = -0.0863     CD =  0.01233   =>   CDf =  0.00675    CDp =  0.00558
      5.000    3.6605   0.012334   0.000000   0.000000   0.000000    0.8484     #

 Point added to stored polar  1
 Point written to save file  clarky_re480000_realistic_model_reverse.polar   
 Dump file unspecified or not available
 Calculating wake trajectory ...
 Calculating source influence matrix ...

 Solving BL system ...

 Side 1  free  transition at x/c =  0.8484   65
 Side 2  free  transition at x/c =  0.0321   27

   1   rms: 0.4315E-01   max: 0.1139E+00   T at   27  2
       a = -5.750      CL = -0.2320
      Cm = -0.0866     CD =  0.01270   =>   CDf =  0.00675    CDp =  0.00594

 Side 1  free  transition at x/c =  0.8557   65
 Side 2  free  transition at x/c =  0.0316   27

   2   rms: 0.3058E-02   max: -.4228E-01   C at   65  1
       a = -5.750      CL = -0.2319
      Cm = -0.0866     CD =  0.01273   =>   CDf =  0.00674    CDp =  0.00599

 Side 1  free  transition at x/c =  0.8569   65
 Side 2  free  transition at x/c =  0.0316   27

   3   rms: 0.3603E-04   max: -.5866E-03   D at   67  1
       a = -5.750      CL = -0.2319
      Cm = -0.0866     CD =  0.01273   =>   CDf =  0.00674    CDp =  0.00600
      5.000    3.6648   0.012732   0.000000   0.000000   0.000000    0.8569     #

 Point added to stored polar  1
 Point written to save file  clarky_re480000_realistic_model_reverse.polar   
 Dump file unspecified or not available
 Calculating wake trajectory ...
 Calculating source influence matrix ...

 Solving BL system ...

 Side 1  free  transition at x/c =  0.8569   65
 Side 2  free  transition at x/c =  0.0316   27

   1   rms: 0.4411E-01   max: 0.1299E+00   T at   27  2
       a = -6.000      CL = -0.2576
      Cm = -0.0869     CD =  0.01319   =>   CDf =  0.00654    CDp =  0.00665

 Side 1  free  transition at x/c =  0.8671   65
 Side 2  free  transition at x/c =  0.0312   27

   2   rms: 0.6196E-02   max: 0.9122E-01   C at   65  1
       a = -6.000      CL = -0.2578
      Cm = -0.0870     CD =  0.01319   =>   CDf =  0.00667    CDp =  0.00652

 Side 1  free  transition at x/c =  0.8647   65
 Side 2  free  transition at x/c =  0.0312   27

   3   rms: 0.5798E-03   max: -.4721E-02   D at    4  2
       a = -6.000      CL = -0.2579
      Cm = -0.0869     CD =  0.01319   =>   CDf =  0.00668    CDp =  0.00651

 Side 1  free  transition at x/c =  0.8646   65
 Side 2  free  transition at x/c =  0.0312   27

   4   rms: 0.4290E-05   max: 0.1435E-04   D at   42  2
       a = -6.000      CL = -0.2579
      Cm = -0.0869     CD =  0.01319   =>   CDf =  0.00668    CDp =  0.00651
      5.000    3.6860   0.013190   0.000000   0.000000   0.000000    0.8646     #

 Point added to stored polar  1
 Point written to save file  clarky_re480000_realistic_model_reverse.polar   
 Dump file unspecified or not available

.OPERva   c>  
 Polar accumulation disabled

.OPERv   c>  
 XFOIL   c>  
--- STDERR ---
