
 ===================================================
  XFOIL Version 6.99
  Copyright (C) 2000   Mark Drela, Harold Youngren

  This software comes with ABSOLUTELY NO WARRANTY,
    subject to the GNU General Public License.

  Caveat computor
 ===================================================

 File  xfoil.def  not found

   QUIT    Exit program

  .OPER    Direct operating point(s)
  .MDES    Complex mapping design routine
  .QDES    Surface speed design routine
  .GDES    Geometry design routine

   SAVE f  Write airfoil to labeled coordinate file
   PSAV f  Write airfoil to plain coordinate file
   ISAV f  Write airfoil to ISES coordinate file
   MSAV f  Write airfoil to MSES coordinate file
   REVE    Reverse written-airfoil node ordering
   DELI i  Change written-airfoil file delimiters

   LOAD f  Read buffer airfoil from coordinate file
   NACA i  Set NACA 4,5-digit airfoil and buffer airfoil
   INTE    Set buffer airfoil by interpolating two airfoils
   NORM    Buffer airfoil normalization toggle
   HALF    Halve the number of points in buffer airfoil
   XYCM rr Change CM reference location, currently  0.25000 0.00000

   BEND    Display structural properties of current airfoil

   PCOP    Set current-airfoil panel nodes directly from buffer airfoil points
   PANE    Set current-airfoil panel nodes ( 160 ) based on curvature
  .PPAR    Show/change paneling

  .PLOP    Plotting options

   WDEF f  Write  current-settings file
   RDEF f  Reread current-settings file
   NAME s  Specify new airfoil name
   NINC    Increment name version number

   Z       Zoom    | (available in all menus)
   U       Unzoom  | 

 XFOIL   c>  
 Labeled airfoil file.  Name:  Clark Y generated XFOIL input; source clarky.dat

 Number of input coordinate points: 122
 Counterclockwise ordering
 Max thickness =     0.117071  at x =   0.280
 Max camber    =     0.034331  at x =   0.420

  LE  x,y  =   0.00000   0.00000  |   Chord =   1.00000
  TE  x,y  =   1.00000   0.00000  |

 Current airfoil nodes set from buffer airfoil nodes ( 121 )

 XFOIL   c>  
 Sharp leading edge

 Blunt trailing edge.  Gap =  0.00120

 Paneling parameters used...
   Number of panel nodes       160
   Panel bunching parameter    1.000
   TE/LE panel density ratio   0.150
   Refined-area/LE panel density ratio    0.200
   Top    side refined area x/c limits  1.000 1.000
   Bottom side refined area x/c limits  1.000 1.000

 XFOIL   c>  
.OPERi   c>  
 M  =    0.0000
 Re =  0.1500E+06

.OPERv   c>  
 Xtr/c     =  1.0000    top    side
 Xtr/c     =  1.0000    bottom side
 NcritT    =    9.00   ( 0.070 % turb. level )
 NcritB    =    9.00   ( 0.070 % turb. level )
 Vacc      =  0.0100
 WakeL/c   =   1.000

 Klag  =  5.6000     Uxwt  =    1.00       Kdl =  0.9000
 A     =  6.7000     B     =  0.7500       KCt = 0.01485
 CtiniK=  1.8000     CtiniX=  3.3000

..VPAR   c>  
..VPAR   c>  
.OPERv   c>  
.OPERv   c>  
 Polar  1 newly created for accumulation
 Airfoil archived with polar: Clark Y generated XFOIL input; source clarky.dat

Enter  polar save filename  OR  <return> for no file   s>  
 New polar save file available

Enter  polar dump filename  OR  <return> for no file   s>  
 Polar dump file will NOT be written

 Polar accumulation enabled

.OPERva   c>   Calculating unit vorticity distributions ...
 Calculating wake trajectory ...
 Calculating source influence matrix ...

 Solving BL system ...

 Initializing BL ...
    side            1  ...
 MRCHUE: Inverse mode at  58     Hk =   3.825
 MRCHUE: Inverse mode at  59     Hk =   4.218
 MRCHUE: Inverse mode at  60     Hk =   4.601
 MRCHUE: Inverse mode at  61     Hk =   4.977
 MRCHUE: Inverse mode at  62     Hk =   5.345
 MRCHUE: Inverse mode at  63     Hk =   5.708
 MRCHUE: Inverse mode at  64     Hk =   6.064
 MRCHUE: Inverse mode at  65     Hk =   6.415
 MRCHUE: Inverse mode at  66     Hk =   6.760
 MRCHUE: Inverse mode at  67     Hk =   7.100
 MRCHUE: Inverse mode at  68     Hk =   7.434
 MRCHUE: Inverse mode at  69     Hk =   7.760
 MRCHUE: Inverse mode at  70     Hk =   8.079
 MRCHUE: Inverse mode at  71     Hk =   8.388
 MRCHUE: Inverse mode at  72     Hk =   8.647
    side            2  ...
 MRCHUE: Inverse mode at  23     Hk =   3.800
 MRCHUE: Inverse mode at  24     Hk =   4.228
 MRCHUE: Inverse mode at  25     Hk =   4.640
 MRCHUE: Convergence failed at  26  side 2    Res =  0.4662E+02
 MRCHUE: Inverse mode at  27     Hk =   5.053
 MRCHUE: Inverse mode at  28     Hk =   5.460
 MRCHUE: Convergence failed at  28  side 2    Res =  0.2481E-01
 MRCHUE: Inverse mode at  29     Hk =   5.869
 MRCHUE: Convergence failed at  30  side 2    Res =  0.1784E+01
 MRCHUE: Inverse mode at  31     Hk =   6.290
 MRCHUE: Inverse mode at  32     Hk =   6.716
 MRCHUE: Inverse mode at  33     Hk =   7.152
 MRCHUE: Inverse mode at  34     Hk =   7.599
 MRCHUE: Inverse mode at  35     Hk =   8.062
 MRCHUE: Inverse mode at  36     Hk =   8.543
 MRCHUE: Inverse mode at  37     Hk =   9.045
 MRCHUE: Inverse mode at  38     Hk =   9.514
 MRCHUE: Inverse mode at  39     Hk =   6.756
 MRCHUE: Inverse mode at  40     Hk =   5.155
 MRCHUE: Inverse mode at  41     Hk =   3.958
 MRCHUE: Inverse mode at  42     Hk =   2.983
 MRCHUE: Inverse mode at  91     Hk =   2.500

 MRCHDU: Convergence failed at  30  side 2    Res =  0.4790E+01
 MRCHDU: Convergence failed at  31  side 2    Res =  0.1234E+02
 MRCHDU: Convergence failed at  32  side 2    Res =  0.1213E+02
 MRCHDU: Convergence failed at  33  side 2    Res =  0.5357E+01
 MRCHDU: Convergence failed at  34  side 2    Res =  0.3471E+01
 MRCHDU: Convergence failed at  35  side 2    Res =  0.2747E+01
 MRCHDU: Convergence failed at  36  side 2    Res =  0.2067E+01
 MRCHDU: Convergence failed at  37  side 2    Res =  0.2283E+01
 MRCHDU: Convergence failed at  38  side 2    Res =  0.3428E+01
 MRCHDU: Convergence failed at  39  side 2    Res =  0.1268E+02
 MRCHDU: Convergence failed at  40  side 2    Res =  0.8070E+01
 MRCHDU: Convergence failed at  41  side 2    Res =  0.2338E+02
 MRCHDU: Convergence failed at  42  side 2    Res =  0.2708E+02
 MRCHDU: Convergence failed at  43  side 2    Res =  0.8426E+01
 MRCHDU: Convergence failed at  44  side 2    Res =  0.6442E+02
 MRCHDU: Convergence failed at  45  side 2    Res =  0.3310E+02
 MRCHDU: Convergence failed at  46  side 2    Res =  0.2894E+02
 MRCHDU: Convergence failed at  47  side 2    Res =  0.1267E+03
 MRCHDU: Convergence failed at  48  side 2    Res =  0.1058E+03
 MRCHDU: Convergence failed at  49  side 2    Res =  0.9654E+02
 MRCHDU: Convergence failed at  50  side 2    Res =  0.8226E+02
 MRCHDU: Convergence failed at  51  side 2    Res =  0.5821E+02
 MRCHDU: Convergence failed at  52  side 2    Res =  0.6481E+02
 MRCHDU: Convergence failed at  53  side 2    Res =  0.5809E+02
 MRCHDU: Convergence failed at  54  side 2    Res =  0.6201E+02
 MRCHDU: Convergence failed at  55  side 2    Res =  0.6532E+02
 MRCHDU: Convergence failed at  56  side 2    Res =  0.6151E+02
 MRCHDU: Convergence failed at  57  side 2    Res =  0.6900E+02
 MRCHDU: Convergence failed at  58  side 2    Res =  0.7769E+02
 MRCHDU: Convergence failed at  59  side 2    Res =  0.8828E+02
 MRCHDU: Convergence failed at  60  side 2    Res =  0.8687E+02
 MRCHDU: Convergence failed at  61  side 2    Res =  0.9937E+02
 MRCHDU: Convergence failed at  62  side 2    Res =  0.1151E+03
 MRCHDU: Convergence failed at  63  side 2    Res =  0.1357E+03
 MRCHDU: Convergence failed at  64  side 2    Res =  0.1636E+03
 MRCHDU: Convergence failed at  65  side 2    Res =  0.2031E+03
 MRCHDU: Convergence failed at  66  side 2    Res =  0.2646E+03
 MRCHDU: Convergence failed at  67  side 2    Res =  0.3739E+03
 MRCHDU: Convergence failed at  68  side 2    Res =  0.6272E+03
 MRCHDU: Convergence failed at  69  side 2    Res =  0.1849E+04
 MRCHDU: Convergence failed at  70  side 2    Res =  0.2215E+04
 MRCHDU: Convergence failed at  71  side 2    Res =  0.1718E+04
 MRCHDU: Convergence failed at  72  side 2    Res =  0.4614E+02
 MRCHDU: Convergence failed at  73  side 2    Res =  0.1572E+04
 MRCHDU: Convergence failed at  74  side 2    Res =  0.5116E+03
 MRCHDU: Convergence failed at  75  side 2    Res =  0.3062E+03
 MRCHDU: Convergence failed at  76  side 2    Res =  0.2185E+03
 MRCHDU: Convergence failed at  77  side 2    Res =  0.1696E+03
 MRCHDU: Convergence failed at  78  side 2    Res =  0.1383E+03
 MRCHDU: Convergence failed at  79  side 2    Res =  0.1164E+03
 MRCHDU: Convergence failed at  80  side 2    Res =  0.1001E+03
 MRCHDU: Convergence failed at  81  side 2    Res =  0.8738E+02
 MRCHDU: Convergence failed at  82  side 2    Res =  0.7715E+02
 MRCHDU: Convergence failed at  83  side 2    Res =  0.8501E+02
 MRCHDU: Convergence failed at  84  side 2    Res =  0.7024E+02
 MRCHDU: Convergence failed at  85  side 2    Res =  0.8128E+02
 MRCHDU: Convergence failed at  86  side 2    Res =  0.9850E+02
 MRCHDU: Convergence failed at  87  side 2    Res =  0.1301E+03
 MRCHDU: Convergence failed at  88  side 2    Res =  0.2112E+03
 MRCHDU: Convergence failed at  89  side 2    Res =  0.1118E+04
 MRCHDU: Convergence failed at  90  side 2    Res =  0.4231E+02
 MRCHDU: Convergence failed at  91  side 2    Res =  0.2939E+02
 MRCHDU: Convergence failed at  93  side 2    Res =  0.6450E+00
 MRCHDU: Convergence failed at  94  side 2    Res =  0.7907E+00
 MRCHDU: Convergence failed at  95  side 2    Res =  0.8020E+00
 MRCHDU: Convergence failed at  96  side 2    Res =  0.7560E+00
 MRCHDU: Convergence failed at  97  side 2    Res =  0.6743E+00
 MRCHDU: Convergence failed at  98  side 2    Res =  0.5662E+00
 MRCHDU: Convergence failed at  99  side 2    Res =  0.4367E+00
 MRCHDU: Convergence failed at 100  side 2    Res =  0.2889E+00
 MRCHDU: Convergence failed at 101  side 2    Res =  0.1397E+00
 MRCHDU: Convergence failed at 102  side 2    Res =  0.1088E-01
 Side 1 forced transition at x/c =  1.0000   72
 Side 2  free  transition at x/c =  0.0945   39

   1   rms: 0.1387E+01   max: 0.3964E+01   D at  102  2   RLX: 0.335
       a = -6.000      CL = -1.7856
      Cm =  0.3585     CD =  0.00356   =>   CDf =  0.00348    CDp =  0.00008

 MRCHDU: Convergence failed at  39  side 2    Res =  0.5559E+01
 MRCHDU: Convergence failed at  40  side 2    Res =  0.5132E+01
 Side 1 forced transition at x/c =  1.0000   72
 Side 2  free  transition at x/c =  0.0756   37

   2   rms: 0.6758E+00   max: 0.2681E+01   T at   37  2   RLX: 0.392
       a = -6.000      CL = -1.1814
      Cm =  0.1594     CD =  0.01177   =>   CDf =  0.01430    CDp = -0.00253

 MRCHDU: Convergence failed at  38  side 2    Res =  0.7254E+01
 MRCHDU: Convergence failed at  39  side 2    Res =  0.3790E+02
 MRCHDU: Convergence failed at  40  side 2    Res =  0.8864E+01
 MRCHDU: Convergence failed at  41  side 2    Res =  0.9835E+01
 MRCHDU: Convergence failed at  42  side 2    Res =  0.5427E+02
 MRCHDU: Convergence failed at  43  side 2    Res =  0.1543E+02
 MRCHDU: Convergence failed at  44  side 2    Res =  0.4762E+02
 MRCHDU: Convergence failed at  45  side 2    Res =  0.6000E+02
 MRCHDU: Convergence failed at  46  side 2    Res =  0.9703E+02
 MRCHDU: Convergence failed at  47  side 2    Res =  0.1124E+03
 MRCHDU: Convergence failed at  48  side 2    Res =  0.1038E+03
 MRCHDU: Convergence failed at  49  side 2    Res =  0.9223E+02
 MRCHDU: Convergence failed at  50  side 2    Res =  0.1198E+03
 MRCHDU: Convergence failed at  51  side 2    Res =  0.1167E+03
 MRCHDU: Convergence failed at  52  side 2    Res =  0.1124E+03
 MRCHDU: Convergence failed at  53  side 2    Res =  0.1251E+03
 MRCHDU: Convergence failed at  54  side 2    Res =  0.1286E+03
 MRCHDU: Convergence failed at  55  side 2    Res =  0.1133E+03
 MRCHDU: Convergence failed at  56  side 2    Res =  0.1044E+03
 MRCHDU: Convergence failed at  57  side 2    Res =  0.9576E+02
 MRCHDU: Convergence failed at  58  side 2    Res =  0.9214E+02
 MRCHDU: Convergence failed at  59  side 2    Res =  0.8429E+02
 MRCHDU: Convergence failed at  60  side 2    Res =  0.7753E+02
 MRCHDU: Convergence failed at  61  side 2    Res =  0.7184E+02
 MRCHDU: Convergence failed at  62  side 2    Res =  0.6905E+02
 MRCHDU: Convergence failed at  63  side 2    Res =  0.6516E+02
 MRCHDU: Convergence failed at  64  side 2    Res =  0.6211E+02
 MRCHDU: Convergence failed at  65  side 2    Res =  0.6108E+02
 MRCHDU: Convergence failed at  66  side 2    Res =  0.6027E+02
 MRCHDU: Convergence failed at  67  side 2    Res =  0.6172E+02
 MRCHDU: Convergence failed at  68  side 2    Res =  0.6885E+02
 MRCHDU: Convergence failed at  69  side 2    Res =  0.1162E+03
 MRCHDU: Convergence failed at  70  side 2    Res =  0.4036E+02
 MRCHDU: Convergence failed at  71  side 2    Res =  0.8545E+02
 MRCHDU: Convergence failed at  72  side 2    Res =  0.2428E+03
 MRCHDU: Convergence failed at  73  side 2    Res =  0.8947E+02
 MRCHDU: Convergence failed at  74  side 2    Res =  0.4698E+02
 MRCHDU: Convergence failed at  75  side 2    Res =  0.5716E+02
 MRCHDU: Convergence failed at  76  side 2    Res =  0.7588E+02
 MRCHDU: Convergence failed at  77  side 2    Res =  0.5040E+02
 MRCHDU: Convergence failed at  78  side 2    Res =  0.4287E+02
 MRCHDU: Convergence failed at  79  side 2    Res =  0.3980E+02
 MRCHDU: Convergence failed at  80  side 2    Res =  0.3988E+02
 MRCHDU: Convergence failed at  81  side 2    Res =  0.4090E+02
 MRCHDU: Convergence failed at  82  side 2    Res =  0.4236E+02
 MRCHDU: Convergence failed at  83  side 2    Res =  0.4389E+02
 MRCHDU: Convergence failed at  84  side 2    Res =  0.4539E+02
 MRCHDU: Convergence failed at  85  side 2    Res =  0.4676E+02
 MRCHDU: Convergence failed at  86  side 2    Res =  0.4799E+02
 MRCHDU: Convergence failed at  87  side 2    Res =  0.4896E+02
 MRCHDU: Convergence failed at  88  side 2    Res =  0.4971E+02
 MRCHDU: Convergence failed at  89  side 2    Res =  0.5126E+02
 MRCHDU: Convergence failed at  90  side 2    Res =  0.5304E+02
 MRCHDU: Convergence failed at  91  side 2    Res =  0.5441E+02
 MRCHDU: Convergence failed at  92  side 2    Res =  0.5706E+02
 MRCHDU: Convergence failed at  99  side 2    Res =  0.2210E+00
 Side 1  free  transition at x/c =  0.9875   71
 Side 2  free  transition at x/c =  0.0715   37

   3   rms: 0.1193E+01   max: 0.3573E+01   D at   96  2   RLX: 0.189
       a = -6.000      CL = -1.9769
      Cm =  0.4488     CD =  0.01143   =>   CDf =  0.00334    CDp =  0.00809

 MRCHDU: Convergence failed at  95  side 2    Res =  0.1577E+02
 MRCHDU: Convergence failed at  96  side 2    Res =  0.3769E+01
 MRCHDU: Convergence failed at  97  side 2    Res =  0.1452E+03
 MRCHDU: Convergence failed at  98  side 2    Res =  0.5814E+01
 MRCHDU: Convergence failed at  99  side 2    Res =  0.3053E+01
 Side 1 forced transition at x/c =  1.0000   72
 Side 2  free  transition at x/c =  0.0731   36

   4   rms: 0.5620E+00   max: 0.8076E+00   D at  103  2   RLX: 0.281
       a = -6.000      CL = -0.9564
      Cm =  0.1310     CD =  0.06035   =>   CDf =  0.00371    CDp =  0.05664

 Side 1 forced transition at x/c =  1.0000   72
 Side 2  free  transition at x/c =  0.0755   37

   5   rms: 0.5026E+00   max: 0.2705E+01   T at   37  2   RLX: 0.529
       a = -6.000      CL = -0.6331
      Cm =  0.0127     CD =  0.05052   =>   CDf =  0.00398    CDp =  0.04654

 MRCHDU: Convergence failed at  37  side 2    Res =  0.4614E+02
 MRCHDU: Convergence failed at  38  side 2    Res =  0.1630E+02
 MRCHDU: Convergence failed at  39  side 2    Res =  0.2314E+02
 MRCHDU: Convergence failed at  40  side 2    Res =  0.2048E+02
 MRCHDU: Convergence failed at  41  side 2    Res =  0.1836E+02
 MRCHDU: Convergence failed at  42  side 2    Res =  0.2609E+02
 MRCHDU: Convergence failed at  43  side 2    Res =  0.4096E+02
 MRCHDU: Convergence failed at  44  side 2    Res =  0.8101E+02
 MRCHDU: Convergence failed at  45  side 2    Res =  0.1969E+04
 MRCHDU: Convergence failed at  46  side 2    Res =  0.8179E+02
 MRCHDU: Convergence failed at  47  side 2    Res =  0.3907E+02
 MRCHDU: Convergence failed at  48  side 2    Res =  0.2605E+02
 MRCHDU: Convergence failed at  49  side 2    Res =  0.4469E+02
 MRCHDU: Convergence failed at  50  side 2    Res =  0.4239E+02
 MRCHDU: Convergence failed at  51  side 2    Res =  0.4782E+02
 MRCHDU: Convergence failed at  52  side 2    Res =  0.4789E+02
 MRCHDU: Convergence failed at  53  side 2    Res =  0.5944E+02
 MRCHDU: Convergence failed at  54  side 2    Res =  0.5041E+02
 MRCHDU: Convergence failed at  55  side 2    Res =  0.2510E+03
 MRCHDU: Convergence failed at  56  side 2    Res =  0.5703E+02
 MRCHDU: Convergence failed at  57  side 2    Res =  0.5881E+02
 MRCHDU: Convergence failed at  58  side 2    Res =  0.2037E+03
 MRCHDU: Convergence failed at  59  side 2    Res =  0.1756E+03
 MRCHDU: Convergence failed at  60  side 2    Res =  0.6564E+02
 MRCHDU: Convergence failed at  61  side 2    Res =  0.1128E+03
 MRCHDU: Convergence failed at  62  side 2    Res =  0.1449E+03
 MRCHDU: Convergence failed at  63  side 2    Res =  0.4203E+03
 MRCHDU: Convergence failed at  64  side 2    Res =  0.6696E+02
 MRCHDU: Convergence failed at  65  side 2    Res =  0.3144E+02
 MRCHDU: Convergence failed at  66  side 2    Res =  0.3010E+02
 MRCHDU: Convergence failed at  67  side 2    Res =  0.3964E+02
 MRCHDU: Convergence failed at  68  side 2    Res =  0.1263E+03
 MRCHDU: Convergence failed at  69  side 2    Res =  0.4547E+02
 MRCHDU: Convergence failed at  70  side 2    Res =  0.3992E+02
 MRCHDU: Convergence failed at  71  side 2    Res =  0.3277E+02
 MRCHDU: Convergence failed at  72  side 2    Res =  0.8255E+02
 MRCHDU: Convergence failed at  73  side 2    Res =  0.8370E+02
 MRCHDU: Convergence failed at  74  side 2    Res =  0.8514E+02
 MRCHDU: Convergence failed at  75  side 2    Res =  0.3358E+02
 MRCHDU: Convergence failed at  76  side 2    Res =  0.3381E+02
 MRCHDU: Convergence failed at  77  side 2    Res =  0.3456E+02
 MRCHDU: Convergence failed at  78  side 2    Res =  0.1013E+03
 MRCHDU: Convergence failed at  79  side 2    Res =  0.4445E+02
 MRCHDU: Convergence failed at  80  side 2    Res =  0.4593E+02
 MRCHDU: Convergence failed at  81  side 2    Res =  0.9597E+02
 MRCHDU: Convergence failed at  82  side 2    Res =  0.9673E+02
 MRCHDU: Convergence failed at  83  side 2    Res =  0.9798E+02
 MRCHDU: Convergence failed at  84  side 2    Res =  0.1003E+03
 MRCHDU: Convergence failed at  85  side 2    Res =  0.1071E+03
 MRCHDU: Convergence failed at  86  side 2    Res =  0.4615E+02
 MRCHDU: Convergence failed at  87  side 2    Res =  0.3686E+02
 MRCHDU: Convergence failed at  88  side 2    Res =  0.3331E+02
 MRCHDU: Convergence failed at  89  side 2    Res =  0.3876E+02
 MRCHDU: Convergence failed at  90  side 2    Res =  0.4650E+02
 MRCHDU: Convergence failed at  91  side 2    Res =  0.1226E+03
 MRCHDU: Convergence failed at  99  side 2    Res =  0.2733E+02
 Side 1 forced transition at x/c =  1.0000   72
 Side 2  free  transition at x/c =  0.0716   36

   6   rms: 0.1135E+01   max: 0.3635E+01   D at   97  2   RLX: 0.293
       a = -6.000      CL = -1.4379
      Cm =  0.3136     CD =  0.02058   =>   CDf =  0.00366    CDp =  0.01691

 MRCHDU: Convergence failed at  96  side 2    Res =  0.2850E+01
 MRCHDU: Convergence failed at  97  side 2    Res =  0.1929E+02
 MRCHDU: Convergence failed at  98  side 2    Res =  0.4797E+01
 MRCHDU: Convergence failed at  99  side 2    Res =  0.3013E+01
 Side 1 forced transition at x/c =  1.0000   73
 Side 2  free  transition at x/c =  0.0765   36

   7   rms: 0.6116E+00   max: -.3216E+01   T at   36  2   RLX: 0.155
       a = -6.000      CL = -0.7725
      Cm =  0.1079     CD =  0.08967   =>   CDf =  0.00422    CDp =  0.08545

 Side 1 forced transition at x/c =  1.0000   74
 Side 2  free  transition at x/c =  0.0818   35

   8   rms: 0.4064E+00   max: 0.1704E+01   T at   36  2   RLX: 0.403
       a = -6.000      CL = -0.5228
      Cm =  0.0347     CD =  0.07689   =>   CDf =  0.00427    CDp =  0.07262

 Side 1 forced transition at x/c =  1.0000   74
 Side 2  free  transition at x/c =  0.0817   35

   9   rms: 0.3317E+00   max: -.9790E+00   D at  108  2   RLX: 0.511
       a = -6.000      CL = -0.4008
      Cm = -0.0225     CD =  0.07087   =>   CDf =  0.00438    CDp =  0.06649

 Side 1 forced transition at x/c =  1.0000   73
 Side 2  free  transition at x/c =  0.0819   36

  10   rms: 0.3609E+00   max: -.1295E+01   D at  107  2   RLX: 0.386
       a = -6.000      CL = -0.3511
      Cm = -0.0603     CD =  0.06948   =>   CDf =  0.00427    CDp =  0.06521

 Side 1 forced transition at x/c =  1.0000   73
 Side 2  free  transition at x/c =  0.0839   37

  11   rms: 0.8283E+00   max: -.1905E+01   D at  107  2   RLX: 0.262
       a = -6.000      CL = -0.4246
      Cm = -0.0824     CD =  0.05220   =>   CDf =  0.00395    CDp =  0.04825

 Side 1 forced transition at x/c =  1.0000   71
 Side 2  free  transition at x/c =  0.0824   39

  12   rms: 0.4328E+02   max: 0.1247E+03   T at   39  2   RLX: 0.006
       a = -6.000      CL = -0.6185
      Cm = -0.0892     CD =  0.06185   =>   CDf =  0.00392    CDp =  0.05793

 Side 1 forced transition at x/c =  1.0000   69
 Side 2  free  transition at x/c =  0.0831   41

  13   rms: 0.4022E+00   max: 0.2171E+01   D at   41  2   RLX: 0.235
       a = -6.000      CL = -0.5947
      Cm = -0.0791     CD =  0.04502   =>   CDf =  0.00550    CDp =  0.03953

 Side 1  free  transition at x/c =  0.9940   70
 Side 2  free  transition at x/c =  0.0862   40

  14   rms: 0.2589E+00   max: 0.1835E+01   T at   40  2   RLX: 0.758
       a = -6.000      CL = -0.4496
      Cm = -0.0746     CD =  0.03468   =>   CDf =  0.00533    CDp =  0.02935

 Side 1  free  transition at x/c =  0.9723   70
 Side 2  free  transition at x/c =  0.0784   38

  15   rms: 0.3643E+00   max: -.3001E+01   T at   38  2   RLX: 0.167
       a = -6.000      CL = -0.4555
      Cm = -0.0738     CD =  0.03943   =>   CDf =  0.00547    CDp =  0.03396

 Side 1  free  transition at x/c =  0.9717   70
 Side 2  free  transition at x/c =  0.0819   38

  16   rms: 0.9065E-01   max: -.4972E+00   T at   38  2
       a = -6.000      CL = -0.4088
      Cm = -0.0666     CD =  0.03969   =>   CDf =  0.00551    CDp =  0.03418

 Side 1  free  transition at x/c =  0.9664   70
 Side 2  free  transition at x/c =  0.0820   37

  17   rms: 0.4996E-01   max: -.3449E+00   D at   37  2
       a = -6.000      CL = -0.3930
      Cm = -0.0674     CD =  0.04144   =>   CDf =  0.00581    CDp =  0.03563

 Side 1  free  transition at x/c =  0.9716   71
 Side 2  free  transition at x/c =  0.0829   38

  18   rms: 0.2020E+00   max: 0.9982E+00   D at   42  2   RLX: 0.916
       a = -6.000      CL = -0.4084
      Cm = -0.0669     CD =  0.03606   =>   CDf =  0.00723    CDp =  0.02883

 Side 1  free  transition at x/c =  0.9707   71
 Side 2  free  transition at x/c =  0.0880   38

  19   rms: 0.7336E-01   max: -.9301E+00   T at   38  2   RLX: 0.538
       a = -6.000      CL = -0.4117
      Cm = -0.0668     CD =  0.04216   =>   CDf =  0.00506    CDp =  0.03710

 Side 1  free  transition at x/c =  0.9700   71
 Side 2  free  transition at x/c =  0.0926   39

  20   rms: 0.1394E+00   max: 0.2160E+01   T at   39  2   RLX: 0.694
       a = -6.000      CL = -0.4049
      Cm = -0.0661     CD =  0.03594   =>   CDf =  0.00627    CDp =  0.02967

 MRCHDU: Convergence failed at  42  side 2    Res =  0.9138E+01
 MRCHDU: Convergence failed at  43  side 2    Res =  0.2749E+01
 MRCHDU: Convergence failed at  44  side 2    Res =  0.1710E+01
 MRCHDU: Convergence failed at  45  side 2    Res =  0.1633E+01
 MRCHDU: Convergence failed at  46  side 2    Res =  0.2484E+01
 MRCHDU: Convergence failed at  47  side 2    Res =  0.3828E+01
 MRCHDU: Convergence failed at  48  side 2    Res =  0.6776E+01
 MRCHDU: Convergence failed at  49  side 2    Res =  0.1660E+02
 MRCHDU: Convergence failed at  50  side 2    Res =  0.1137E+05
 MRCHDU: Convergence failed at  51  side 2    Res =  0.2587E+02
 MRCHDU: Convergence failed at  52  side 2    Res =  0.1641E+02
 MRCHDU: Convergence failed at  53  side 2    Res =  0.1385E+02
 MRCHDU: Convergence failed at  54  side 2    Res =  0.1302E+02
 MRCHDU: Convergence failed at  55  side 2    Res =  0.1294E+02
 MRCHDU: Convergence failed at  56  side 2    Res =  0.1333E+02
 MRCHDU: Convergence failed at  57  side 2    Res =  0.1405E+02
 MRCHDU: Convergence failed at  58  side 2    Res =  0.1509E+02
 MRCHDU: Convergence failed at  59  side 2    Res =  0.1646E+02
 MRCHDU: Convergence failed at  60  side 2    Res =  0.1820E+02
 MRCHDU: Convergence failed at  61  side 2    Res =  0.2038E+02
 MRCHDU: Convergence failed at  62  side 2    Res =  0.2313E+02
 MRCHDU: Convergence failed at  63  side 2    Res =  0.2662E+02
 MRCHDU: Convergence failed at  64  side 2    Res =  0.3117E+02
 MRCHDU: Convergence failed at  65  side 2    Res =  0.3728E+02
 MRCHDU: Convergence failed at  66  side 2    Res =  0.4590E+02
 MRCHDU: Convergence failed at  67  side 2    Res =  0.5902E+02
 MRCHDU: Convergence failed at  68  side 2    Res =  0.8141E+02
 MRCHDU: Convergence failed at  69  side 2    Res =  0.5891E+02
 MRCHDU: Convergence failed at  70  side 2    Res =  0.4899E+02
 MRCHDU: Convergence failed at  71  side 2    Res =  0.4199E+02
 MRCHDU: Convergence failed at  72  side 2    Res =  0.3681E+02
 MRCHDU: Convergence failed at  73  side 2    Res =  0.3314E+02
 MRCHDU: Convergence failed at  74  side 2    Res =  0.2985E+02
 MRCHDU: Convergence failed at  75  side 2    Res =  0.2718E+02
 MRCHDU: Convergence failed at  76  side 2    Res =  0.2294E+02
 MRCHDU: Convergence failed at  77  side 2    Res =  0.3670E+02
 MRCHDU: Convergence failed at  78  side 2    Res =  0.3474E+02
 MRCHDU: Convergence failed at  79  side 2    Res =  0.3522E+02
 MRCHDU: Convergence failed at  80  side 2    Res =  0.3476E+02
 MRCHDU: Convergence failed at  81  side 2    Res =  0.3356E+02
 MRCHDU: Convergence failed at  82  side 2    Res =  0.3189E+02
 MRCHDU: Convergence failed at  83  side 2    Res =  0.2994E+02
 MRCHDU: Convergence failed at  84  side 2    Res =  0.3993E+02
 MRCHDU: Convergence failed at  85  side 2    Res =  0.2623E+02
 MRCHDU: Convergence failed at  86  side 2    Res =  0.2354E+02
 MRCHDU: Convergence failed at  87  side 2    Res =  0.2371E+02
 MRCHDU: Convergence failed at  88  side 2    Res =  0.2374E+02
 MRCHDU: Convergence failed at  89  side 2    Res =  0.2069E+02
 MRCHDU: Convergence failed at  90  side 2    Res =  0.1802E+02
 MRCHDU: Convergence failed at  91  side 2    Res =  0.2118E+02
 Side 1  free  transition at x/c =  0.9698   71
 Side 2  free  transition at x/c =  0.0820   37

  21   rms: 0.1649E+01   max: 0.1150E+02   T at   38  2   RLX: 0.068
       a = -6.000      CL = -1.3036
      Cm =  0.2676     CD =  0.02189   =>   CDf =  0.00371    CDp =  0.01818

 Side 1  free  transition at x/c =  0.9769   71
 Side 2  free  transition at x/c =  0.0819   37

  22   rms: 0.5890E+00   max: 0.8253E+00   D at  100  2   RLX: 0.588
       a = -6.000      CL = -0.7661
      Cm =  0.0570     CD =  0.02314   =>   CDf =  0.01423    CDp =  0.00891

 Side 1  free  transition at x/c =  0.9684   70
 Side 2  free  transition at x/c =  0.0820   38

  23   rms: 0.1424E+01   max: 0.1109E+02   T at   38  2   RLX: 0.064
       a = -6.000      CL = -0.7460
      Cm =  0.0488     CD =  0.01934   =>   CDf =  0.01046    CDp =  0.00888

 Side 1  free  transition at x/c =  0.9707   70
 Side 2  free  transition at x/c =  0.0810   38

  24   rms: 0.3101E+00   max: 0.5223E+00   T at   93  2
       a = -6.000      CL = -0.4287
      Cm = -0.0656     CD =  0.03243   =>   CDf =  0.00909    CDp =  0.02334

 Side 1  free  transition at x/c =  0.9664   69
 Side 2  free  transition at x/c =  0.0849   39

  25   rms: 0.1199E+00   max: 0.1814E+01   T at   39  2   RLX: 0.827
       a = -6.000      CL = -0.3974
      Cm = -0.0688     CD =  0.03311   =>   CDf =  0.00619    CDp =  0.02692

 MRCHDU: Convergence failed at  40  side 2    Res =  0.9528E+00
 MRCHDU: Convergence failed at  41  side 2    Res =  0.7463E+01
 MRCHDU: Convergence failed at  42  side 2    Res =  0.2404E+01
 MRCHDU: Convergence failed at  43  side 2    Res =  0.2390E+01
 MRCHDU: Convergence failed at  44  side 2    Res =  0.4007E+01
 MRCHDU: Convergence failed at  45  side 2    Res =  0.1066E+02
 MRCHDU: Convergence failed at  46  side 2    Res =  0.3385E+02
 MRCHDU: Convergence failed at  47  side 2    Res =  0.9677E+01
 MRCHDU: Convergence failed at  48  side 2    Res =  0.7128E+01
 MRCHDU: Convergence failed at  49  side 2    Res =  0.6659E+01
 MRCHDU: Convergence failed at  50  side 2    Res =  0.6842E+01
 MRCHDU: Convergence failed at  51  side 2    Res =  0.7394E+01
 MRCHDU: Convergence failed at  52  side 2    Res =  0.8232E+01
 MRCHDU: Convergence failed at  53  side 2    Res =  0.9341E+01
 MRCHDU: Convergence failed at  54  side 2    Res =  0.1071E+02
 MRCHDU: Convergence failed at  55  side 2    Res =  0.1239E+02
 MRCHDU: Convergence failed at  56  side 2    Res =  0.1448E+02
 MRCHDU: Convergence failed at  57  side 2    Res =  0.1713E+02
 MRCHDU: Convergence failed at  58  side 2    Res =  0.2060E+02
 MRCHDU: Convergence failed at  59  side 2    Res =  0.2535E+02
 MRCHDU: Convergence failed at  60  side 2    Res =  0.3508E+02
 MRCHDU: Convergence failed at  61  side 2    Res =  0.1338E+03
 MRCHDU: Convergence failed at  62  side 2    Res =  0.1241E+04
 MRCHDU: Convergence failed at  63  side 2    Res =  0.8932E+02
 MRCHDU: Convergence failed at  64  side 2    Res =  0.4512E+02
 MRCHDU: Convergence failed at  65  side 2    Res =  0.2313E+02
 MRCHDU: Convergence failed at  66  side 2    Res =  0.1632E+02
 MRCHDU: Convergence failed at  67  side 2    Res =  0.5564E+02
 MRCHDU: Convergence failed at  68  side 2    Res =  0.5276E+02
 MRCHDU: Convergence failed at  69  side 2    Res =  0.4760E+02
 MRCHDU: Convergence failed at  70  side 2    Res =  0.4273E+02
 MRCHDU: Convergence failed at  71  side 2    Res =  0.3863E+02
 MRCHDU: Convergence failed at  72  side 2    Res =  0.3795E+02
 MRCHDU: Convergence failed at  73  side 2    Res =  0.4479E+02
 MRCHDU: Convergence failed at  74  side 2    Res =  0.4956E+02
 MRCHDU: Convergence failed at  75  side 2    Res =  0.8094E+02
 MRCHDU: Convergence failed at  76  side 2    Res =  0.2968E+02
 MRCHDU: Convergence failed at  77  side 2    Res =  0.2698E+02
 MRCHDU: Convergence failed at  78  side 2    Res =  0.1229E+03
 MRCHDU: Convergence failed at  79  side 2    Res =  0.8349E+02
 MRCHDU: Convergence failed at  80  side 2    Res =  0.7063E+02
 MRCHDU: Convergence failed at  81  side 2    Res =  0.5745E+02
 MRCHDU: Convergence failed at  82  side 2    Res =  0.5499E+02
 MRCHDU: Convergence failed at  83  side 2    Res =  0.6258E+02
 MRCHDU: Convergence failed at  84  side 2    Res =  0.9277E+02
 MRCHDU: Convergence failed at  85  side 2    Res =  0.3656E+03
 MRCHDU: Convergence failed at  86  side 2    Res =  0.2232E+02
 MRCHDU: Convergence failed at  87  side 2    Res =  0.1948E+02
 MRCHDU: Convergence failed at  88  side 2    Res =  0.1885E+02
 MRCHDU: Convergence failed at  89  side 2    Res =  0.1673E+02
 MRCHDU: Convergence failed at  90  side 2    Res =  0.1366E+02
 MRCHDU: Convergence failed at  91  side 2    Res =  0.1390E+02
 Side 1  free  transition at x/c =  0.9766   71
 Side 2  free  transition at x/c =  0.0757   37

  26   rms: 0.6064E+00   max: -.2501E+01   T at   37  2   RLX: 0.200
       a = -6.000      CL = -1.3394
      Cm =  0.2581     CD =  0.01571   =>   CDf =  0.00362    CDp =  0.01209

 Side 1  free  transition at x/c =  0.9851   71
 Side 2  free  transition at x/c =  0.0791   37

  27   rms: 0.5663E+00   max: 0.8661E+00   D at  100  2   RLX: 0.359
       a = -6.000      CL = -0.9820
      Cm =  0.1274     CD =  0.01868   =>   CDf =  0.01371    CDp =  0.00497

 Side 1  free  transition at x/c =  0.9771   70
 Side 2  free  transition at x/c =  0.0803   38

  28   rms: 0.3986E+00   max: 0.6290E+00   D at  106  2   RLX: 0.906
       a = -6.000      CL = -0.4863
      Cm = -0.0487     CD =  0.03035   =>   CDf =  0.01064    CDp =  0.01972

 Side 1  free  transition at x/c =  0.9666   69
 Side 2  free  transition at x/c =  0.0890   39

  29   rms: 0.7439E+00   max: -.1273E+02   T at   39  2   RLX: 0.039
       a = -6.000      CL = -0.4891
      Cm = -0.0488     CD =  0.03402   =>   CDf =  0.00642    CDp =  0.02760

 Side 1  free  transition at x/c =  0.9650   69
 Side 2  free  transition at x/c =  0.0878   39

  30   rms: 0.3027E+00   max: 0.1138E+01   D at   40  2   RLX: 0.655
       a = -6.000      CL = -0.4098
      Cm = -0.0618     CD =  0.04362   =>   CDf =  0.00610    CDp =  0.03752

 Side 1  free  transition at x/c =  0.9708   71
 Side 2  free  transition at x/c =  0.0882   38

  31   rms: 0.9127E-01   max: -.5589E+00   D at   38  2   RLX: 0.895
       a = -6.000      CL = -0.3876
      Cm = -0.0642     CD =  0.04685   =>   CDf =  0.00539    CDp =  0.04146

 Side 1  free  transition at x/c =  0.9706   71
 Side 2  free  transition at x/c =  0.1106   41

  32   rms: 0.7938E+00   max: 0.1225E+02   T at   41  2   RLX: 0.122
       a = -6.000      CL = -0.3909
      Cm = -0.0647     CD =  0.02681   =>   CDf =  0.00742    CDp =  0.01939

 MRCHDU: Convergence failed at  41  side 2    Res =  0.1920E+02
 MRCHDU: Convergence failed at  42  side 2    Res =  0.4286E+02
 MRCHDU: Convergence failed at  43  side 2    Res =  0.4859E+02
 MRCHDU: Convergence failed at  44  side 2    Res =  0.1436E+03
 MRCHDU: Convergence failed at  45  side 2    Res =  0.3492E+06
 MRCHDU: Convergence failed at  46  side 2    Res =  0.9508E+02
 MRCHDU: Convergence failed at  47  side 2    Res =  0.1056E+03
 MRCHDU: Convergence failed at  48  side 2    Res =  0.8732E+02
 MRCHDU: Convergence failed at  49  side 2    Res =  0.1609E+03
 MRCHDU: Convergence failed at  50  side 2    Res =  0.1945E+03
 MRCHDU: Convergence failed at  51  side 2    Res =  0.2003E+03
 MRCHDU: Convergence failed at  52  side 2    Res =  0.3592E+04
 MRCHDU: Convergence failed at  53  side 2    Res =  0.2228E+03
 MRCHDU: Convergence failed at  54  side 2    Res =  0.9287E+02
 MRCHDU: Convergence failed at  55  side 2    Res =  0.9178E+02
 MRCHDU: Convergence failed at  56  side 2    Res =  0.1111E+03
 MRCHDU: Convergence failed at  57  side 2    Res =  0.7023E+02
 MRCHDU: Convergence failed at  58  side 2    Res =  0.6945E+02
 MRCHDU: Convergence failed at  59  side 2    Res =  0.6531E+02
 MRCHDU: Convergence failed at  60  side 2    Res =  0.6802E+02
 MRCHDU: Convergence failed at  61  side 2    Res =  0.7067E+02
 MRCHDU: Convergence failed at  62  side 2    Res =  0.7326E+02
 MRCHDU: Convergence failed at  63  side 2    Res =  0.7580E+02
 MRCHDU: Convergence failed at  64  side 2    Res =  0.7830E+02
 MRCHDU: Convergence failed at  65  side 2    Res =  0.8077E+02
 MRCHDU: Convergence failed at  66  side 2    Res =  0.8324E+02
 MRCHDU: Convergence failed at  67  side 2    Res =  0.8571E+02
 MRCHDU: Convergence failed at  68  side 2    Res =  0.8822E+02
 MRCHDU: Convergence failed at  69  side 2    Res =  0.7766E+02
 MRCHDU: Convergence failed at  70  side 2    Res =  0.8011E+02
 MRCHDU: Convergence failed at  71  side 2    Res =  0.8260E+02
 MRCHDU: Convergence failed at  72  side 2    Res =  0.6829E+02
 MRCHDU: Convergence failed at  73  side 2    Res =  0.7034E+02
 MRCHDU: Convergence failed at  74  side 2    Res =  0.7247E+02
 MRCHDU: Convergence failed at  75  side 2    Res =  0.7467E+02
 MRCHDU: Convergence failed at  76  side 2    Res =  0.7696E+02
 MRCHDU: Convergence failed at  77  side 2    Res =  0.8600E+02
 MRCHDU: Convergence failed at  78  side 2    Res =  0.8839E+02
 MRCHDU: Convergence failed at  79  side 2    Res =  0.7655E+02
 MRCHDU: Convergence failed at  80  side 2    Res =  0.7857E+02
 MRCHDU: Convergence failed at  81  side 2    Res =  0.8077E+02
 MRCHDU: Convergence failed at  82  side 2    Res =  0.8311E+02
 MRCHDU: Convergence failed at  83  side 2    Res =  0.9637E+02
 MRCHDU: Convergence failed at  84  side 2    Res =  0.9911E+02
 MRCHDU: Convergence failed at  85  side 2    Res =  0.1020E+03
 MRCHDU: Convergence failed at  86  side 2    Res =  0.1053E+03
 MRCHDU: Convergence failed at  87  side 2    Res =  0.1008E+03
 MRCHDU: Convergence failed at  88  side 2    Res =  0.1058E+03
 MRCHDU: Convergence failed at  89  side 2    Res =  0.1118E+03
 MRCHDU: Convergence failed at  90  side 2    Res =  0.1190E+03
 MRCHDU: Convergence failed at  91  side 2    Res =  0.1400E+03
 Side 1  free  transition at x/c =  0.9704   71
 Side 2  free  transition at x/c =  0.0901   39

  33   rms: 0.1042E+01   max: 0.1388E+02   T at   39  2   RLX: 0.108
       a = -6.000      CL = -1.5566
      Cm =  0.3454     CD =  0.01768   =>   CDf =  0.00331    CDp =  0.01437

 Side 1  free  transition at x/c =  0.9830   71
 Side 2  free  transition at x/c =  0.0868   38

  34   rms: 0.9547E+00   max: -.1389E+02   T at   38  2   RLX: 0.036
       a = -6.000      CL = -1.2815
      Cm =  0.2401     CD =  0.08236   =>   CDf =  0.00350    CDp =  0.07887

 Side 1  free  transition at x/c =  0.9930   72
 Side 2  free  transition at x/c =  0.0887   38

  35   rms: 0.5727E+00   max: -.3801E+01   T at   72  1   RLX: 0.132
       a = -6.000      CL = -1.2535
      Cm =  0.2309     CD =  0.08761   =>   CDf =  0.00353    CDp =  0.08408

 Side 1 forced transition at x/c =  1.0000   72
 Side 2  free  transition at x/c =  0.0885   38

  36   rms: 0.7212E+00   max: -.2865E+01   D at   65  1   RLX: 0.175
       a = -6.000      CL = -1.0326
      Cm =  0.1714     CD =  0.08103   =>   CDf =  0.00356    CDp =  0.07747

 Side 1 forced transition at x/c =  1.0000   72
 Side 2  free  transition at x/c =  0.0885   38

  37   rms: 0.4804E+00   max: -.9272E+00   T at  114  2   RLX: 0.427
       a = -6.000      CL = -0.6275
      Cm =  0.0614     CD =  0.06457   =>   CDf =  0.00413    CDp =  0.06044

 Side 1 forced transition at x/c =  1.0000   73
 Side 2  free  transition at x/c =  0.0933   38

  38   rms: 0.3442E+00   max: -.1250E+01   D at  109  2   RLX: 0.400
       a = -6.000      CL = -0.3945
      Cm = -0.0205     CD =  0.07136   =>   CDf =  0.00457    CDp =  0.06679

 Side 1 forced transition at x/c =  1.0000   73
 Side 2  free  transition at x/c =  0.0893   37

  39   rms: 0.3070E+00   max: -.1206E+01   D at  108  2   RLX: 0.415
       a = -6.000      CL = -0.3745
      Cm = -0.0382     CD =  0.07086   =>   CDf =  0.00451    CDp =  0.06635

 Side 1 forced transition at x/c =  1.0000   73
 Side 2  free  transition at x/c =  0.0899   38

  40   rms: 0.4013E+00   max: -.1441E+01   D at  107  2   RLX: 0.347
       a = -6.000      CL = -0.3720
      Cm = -0.0606     CD =  0.06471   =>   CDf =  0.00433    CDp =  0.06038

 Side 1 forced transition at x/c =  1.0000   72
 Side 2  free  transition at x/c =  0.0897   39

  41   rms: 0.6080E+00   max: 0.2193E+01   C at   72  1   RLX: 0.313
       a = -6.000      CL = -0.4295
      Cm = -0.0761     CD =  0.05518   =>   CDf =  0.00411    CDp =  0.05107

 Side 1 forced transition at x/c =  1.0000   71
 Side 2  free  transition at x/c =  0.0894   39

  42   rms: 0.8164E+01   max: 0.1388E+03   D at    2  2   RLX: 0.008
       a = -6.000      CL = -0.4253
      Cm = -0.0884     CD =  0.06198   =>   CDf =  0.00448    CDp =  0.05751

 Side 1 forced transition at x/c =  1.0000   71
 Side 2  free  transition at x/c =  0.0894   39

  43   rms: 0.5310E+01   max: -.2087E+02   T at   39  2   RLX: 0.024
       a = -6.000      CL = -0.5241
      Cm = -0.0812     CD =  0.06012   =>   CDf =  0.00457    CDp =  0.05555

 Side 1 forced transition at x/c =  1.0000   71
 Side 2  free  transition at x/c =  0.0879   39

  44   rms: 0.5829E+00   max: 0.1954E+01   D at   43  2   RLX: 0.278
       a = -6.000      CL = -0.5391
      Cm = -0.0553     CD =  0.06612   =>   CDf =  0.00421    CDp =  0.06191

 Side 1 forced transition at x/c =  1.0000   71
 Side 2  free  transition at x/c =  0.0873   39

  45   rms: 0.4547E+00   max: 0.1464E+01   D at   43  2   RLX: 0.966
       a = -6.000      CL = -0.4159
      Cm = -0.0176     CD =  0.09603   =>   CDf =  0.00413    CDp =  0.09190

 Side 1  free  transition at x/c =  0.9511   71
 Side 2  free  transition at x/c =  0.0888   37

  46   rms: 0.3286E+00   max: 0.9211E+00   D at   52  2   RLX: 0.696
       a = -6.000      CL = -0.4065
      Cm = -0.0468     CD =  0.05038   =>   CDf =  0.00733    CDp =  0.04306

 MRCHDU: Convergence failed at  51  side 2    Res =  0.5016E+02
 MRCHDU: Convergence failed at  52  side 2    Res =  0.4981E+02
 MRCHDU: Convergence failed at  53  side 2    Res =  0.3139E+02
 MRCHDU: Convergence failed at  54  side 2    Res =  0.5895E+02
 MRCHDU: Convergence failed at  55  side 2    Res =  0.7101E+02
 MRCHDU: Convergence failed at  56  side 2    Res =  0.4825E+03
 MRCHDU: Convergence failed at  57  side 2    Res =  0.7294E+02
 MRCHDU: Convergence failed at  58  side 2    Res =  0.7763E+02
 MRCHDU: Convergence failed at  59  side 2    Res =  0.1657E+03
 MRCHDU: Convergence failed at  60  side 2    Res =  0.1902E+03
 MRCHDU: Convergence failed at  61  side 2    Res =  0.6468E+02
 MRCHDU: Convergence failed at  62  side 2    Res =  0.3476E+03
 MRCHDU: Convergence failed at  63  side 2    Res =  0.3671E+03
 MRCHDU: Convergence failed at  64  side 2    Res =  0.6179E+02
 MRCHDU: Convergence failed at  65  side 2    Res =  0.7173E+02
 MRCHDU: Convergence failed at  66  side 2    Res =  0.8357E+02
 MRCHDU: Convergence failed at  67  side 2    Res =  0.1558E+03
 MRCHDU: Convergence failed at  68  side 2    Res =  0.1438E+03
 MRCHDU: Convergence failed at  69  side 2    Res =  0.1438E+03
 MRCHDU: Convergence failed at  70  side 2    Res =  0.1459E+03
 MRCHDU: Convergence failed at  71  side 2    Res =  0.1532E+03
 MRCHDU: Convergence failed at  72  side 2    Res =  0.1599E+03
 MRCHDU: Convergence failed at  73  side 2    Res =  0.1661E+04
 MRCHDU: Convergence failed at  74  side 2    Res =  0.1982E+03
 MRCHDU: Convergence failed at  75  side 2    Res =  0.1935E+03
 MRCHDU: Convergence failed at  76  side 2    Res =  0.1891E+03
 MRCHDU: Convergence failed at  77  side 2    Res =  0.2029E+03
 MRCHDU: Convergence failed at  78  side 2    Res =  0.2025E+03
 MRCHDU: Convergence failed at  79  side 2    Res =  0.6570E+02
 MRCHDU: Convergence failed at  80  side 2    Res =  0.5111E+02
 MRCHDU: Convergence failed at  81  side 2    Res =  0.5608E+02
 MRCHDU: Convergence failed at  82  side 2    Res =  0.5184E+02
 MRCHDU: Convergence failed at  83  side 2    Res =  0.5290E+02
 MRCHDU: Convergence failed at  84  side 2    Res =  0.5411E+02
 MRCHDU: Convergence failed at  85  side 2    Res =  0.5548E+02
 MRCHDU: Convergence failed at  86  side 2    Res =  0.5705E+02
 MRCHDU: Convergence failed at  87  side 2    Res =  0.5887E+02
 MRCHDU: Convergence failed at  88  side 2    Res =  0.6099E+02
 MRCHDU: Convergence failed at  89  side 2    Res =  0.6351E+02
 MRCHDU: Convergence failed at  90  side 2    Res =  0.6628E+02
 MRCHDU: Convergence failed at  91  side 2    Res =  0.7019E+02
 Side 1  free  transition at x/c =  0.9543   70
 Side 2  free  transition at x/c =  0.2375   50

  47   rms: 0.4351E+01   max: -.1073E+03   T at   50  2   RLX: 0.005
       a = -6.000      CL = -1.4709
      Cm =  0.3307     CD =  0.01283   =>   CDf =  0.00292    CDp =  0.00991

 Side 1  free  transition at x/c =  0.9547   70
 Side 2  free  transition at x/c =  0.2564   51

  48   rms: 0.4151E+01   max: -.8697E+02   T at   51  2   RLX: 0.006
       a = -6.000      CL = -1.1726
      Cm =  0.1988     CD =  0.06186   =>   CDf =  0.00316    CDp =  0.05870

 Side 1  free  transition at x/c =  0.9546   70
 Side 2  free  transition at x/c =  0.3383   56

  49   rms: 0.3103E+01   max: 0.3777E+02   T at   56  2   RLX: 0.040
       a = -6.000      CL = -1.2381
      Cm =  0.1820     CD =  0.05065   =>   CDf =  0.00307    CDp =  0.04758

 Side 1  free  transition at x/c =  0.9481   69
 Side 2  free  transition at x/c =  0.3209   55

  50   rms: 0.1295E+01   max: -.1504E+02   T at   69  1   RLX: 0.033
       a = -6.000      CL = -1.2491
      Cm =  0.1972     CD =  0.04907   =>   CDf =  0.00297    CDp =  0.04610

 Side 1  free  transition at x/c =  0.9648   70
 Side 2  free  transition at x/c =  0.3145   54

  51   rms: 0.2625E+02   max: -.1925E+03   T at   55  2   RLX: 0.003
       a = -6.000      CL = -1.2504
      Cm =  0.2199     CD =  0.05276   =>   CDf =  0.00309    CDp =  0.04967

 Side 1  free  transition at x/c =  0.9773   71
 Side 2  free  transition at x/c =  0.3229   55

  52   rms: 0.7903E+01   max: -.1596E+03   T at   55  2   RLX: 0.003
       a = -6.000      CL = -1.2552
      Cm =  0.2263     CD =  0.05529   =>   CDf =  0.00316    CDp =  0.05212

 Side 1  free  transition at x/c =  0.9794   71
 Side 2  free  transition at x/c =  0.3227   55

  53   rms: 0.1443E+01   max: -.2187E+02   T at   55  2   RLX: 0.023
       a = -6.000      CL = -1.2553
      Cm =  0.2334     CD =  0.05761   =>   CDf =  0.00318    CDp =  0.05443

 Side 1  free  transition at x/c =  0.9844   71
 Side 2  free  transition at x/c =  0.3227   55

  54   rms: 0.7131E+00   max: 0.7021E+01   C at   55  2   RLX: 0.109
       a = -6.000      CL = -1.1691
      Cm =  0.2130     CD =  0.06303   =>   CDf =  0.00323    CDp =  0.05980

 Side 1 forced transition at x/c =  1.0000   73
 Side 2  free  transition at x/c =  0.2236   48

  55   rms: 0.8842E+00   max: 0.6504E+01   T at   48  2   RLX: 0.079
       a = -6.000      CL = -1.0477
      Cm =  0.1891     CD =  0.07693   =>   CDf =  0.00339    CDp =  0.07355

 Side 1 forced transition at x/c =  1.0000   73
 Side 2  free  transition at x/c =  0.2035   47

  56   rms: 0.6812E+00   max: -.3528E+01   D at   73  1   RLX: 0.142
       a = -6.000      CL = -0.8886
      Cm =  0.1492     CD =  0.07976   =>   CDf =  0.00358    CDp =  0.07618

 Side 1 forced transition at x/c =  1.0000   73
 Side 2  free  transition at x/c =  0.1919   46

  57   rms: 0.7987E+00   max: -.7698E+01   T at   47  2   RLX: 0.065
       a = -6.000      CL = -0.8297
      Cm =  0.1362     CD =  0.09568   =>   CDf =  0.00396    CDp =  0.09172

 Side 1 forced transition at x/c =  1.0000   74
 Side 2  free  transition at x/c =  0.1768   44

  58   rms: 0.5571E+00   max: -.4011E+01   T at   45  2   RLX: 0.125
       a = -6.000      CL = -0.7311
      Cm =  0.1158     CD =  0.10143   =>   CDf =  0.00403    CDp =  0.09740

 Side 1 forced transition at x/c =  1.0000   74
 Side 2  free  transition at x/c =  0.1631   43

  59   rms: 0.4709E+00   max: -.2599E+01   T at   44  2   RLX: 0.192
       a = -6.000      CL = -0.5911
      Cm =  0.0847     CD =  0.10599   =>   CDf =  0.00415    CDp =  0.10184

 Side 1 forced transition at x/c =  1.0000   74
 Side 2  free  transition at x/c =  0.1524   43

  60   rms: 0.3947E+00   max: 0.1533E+01   T at   45  2   RLX: 0.597
       a = -6.000      CL = -0.2764
      Cm =  0.0038     CD =  0.06496   =>   CDf =  0.00425    CDp =  0.06071

 Side 1 forced transition at x/c =  1.0000   75
 Side 2  free  transition at x/c =  0.1504   41

  61   rms: 0.2731E+00   max: -.9021E+00   D at  108  2   RLX: 0.554
       a = -6.000      CL = -0.1893
      Cm = -0.0239     CD =  0.08314   =>   CDf =  0.00447    CDp =  0.07868

 Side 1 forced transition at x/c =  1.0000   75
 Side 2  free  transition at x/c =  0.1428   41

  62   rms: 0.2594E+00   max: -.1052E+01   D at  107  2   RLX: 0.475
       a = -6.000      CL = -0.1953
      Cm = -0.0360     CD =  0.08739   =>   CDf =  0.00444    CDp =  0.08295

 Side 1 forced transition at x/c =  1.0000   75
 Side 2  free  transition at x/c =  0.1386   40

  63   rms: 0.2834E+00   max: -.1354E+01   T at   41  2   RLX: 0.369
       a = -6.000      CL = -0.2071
      Cm = -0.0330     CD =  0.09272   =>   CDf =  0.00434    CDp =  0.08838

 Side 1 forced transition at x/c =  1.0000   75
 Side 2  free  transition at x/c =  0.1329   40

  64   rms: 0.2475E+00   max: 0.9956E+00   T at   40  2   RLX: 0.522
       a = -6.000      CL = -0.2605
      Cm = -0.0311     CD =  0.07971   =>   CDf =  0.00426    CDp =  0.07544

 Side 1 forced transition at x/c =  1.0000   75
 Side 2  free  transition at x/c =  0.1280   40

  65   rms: 0.3436E+00   max: 0.1513E+01   C at   75  1   RLX: 0.556
       a = -6.000      CL = -0.3655
      Cm = -0.0306     CD =  0.08013   =>   CDf =  0.00413    CDp =  0.07600

 Side 1 forced transition at x/c =  1.0000   73
 Side 2  free  transition at x/c =  0.1264   41

  66   rms: 0.1958E+00   max: 0.1052E+01   T at   41  2   RLX: 0.592
       a = -6.000      CL = -0.3892
      Cm = -0.0252     CD =  0.07781   =>   CDf =  0.00376    CDp =  0.07405

 Side 1 forced transition at x/c =  1.0000   73
 Side 2  free  transition at x/c =  0.1142   40

  67   rms: 0.1785E+00   max: 0.8926E+00   T at   40  2   RLX: 0.972
       a = -6.000      CL = -0.5210
      Cm = -0.0066     CD =  0.07268   =>   CDf =  0.00360    CDp =  0.06908

 Side 1  free  transition at x/c =  0.9555   70
 Side 2  free  transition at x/c =  0.1037   40

  68   rms: 0.1782E+00   max: -.1290E+01   T at   40  2   RLX: 0.388
       a = -6.000      CL = -0.4998
      Cm = -0.0153     CD =  0.07882   =>   CDf =  0.00337    CDp =  0.07545

 Side 1  free  transition at x/c =  0.9594   71
 Side 2  free  transition at x/c =  0.1036   39

  69   rms: 0.1397E+00   max: -.6066E+00   D at   39  2   RLX: 0.824
       a = -6.000      CL = -0.4275
      Cm = -0.0447     CD =  0.06187   =>   CDf =  0.00348    CDp =  0.05838

 Side 1  free  transition at x/c =  0.9658   71
 Side 2  free  transition at x/c =  0.1067   39

  70   rms: 0.4017E+00   max: 0.2321E+01   T at   71  1   RLX: 0.354
       a = -6.000      CL = -0.5146
      Cm = -0.0393     CD =  0.07703   =>   CDf =  0.00362    CDp =  0.07341

 Side 1  free  transition at x/c =  0.9433   69
 Side 2  free  transition at x/c =  0.1314   43

  71   rms: 0.4211E+00   max: 0.2311E+01   D at   43  2   RLX: 0.649
       a = -6.000      CL = -0.4331
      Cm = -0.0611     CD =  0.04214   =>   CDf =  0.00688    CDp =  0.03527

 MRCHDU: Convergence failed at  49  side 2    Res =  0.1497E+02
 MRCHDU: Convergence failed at  50  side 2    Res =  0.2301E+01
 MRCHDU: Convergence failed at  51  side 2    Res =  0.1473E+01
 MRCHDU: Convergence failed at  52  side 2    Res =  0.1399E+01
 MRCHDU: Convergence failed at  53  side 2    Res =  0.1862E+01
 MRCHDU: Convergence failed at  54  side 2    Res =  0.2288E+01
 MRCHDU: Convergence failed at  55  side 2    Res =  0.2771E+01
 MRCHDU: Convergence failed at  56  side 2    Res =  0.3275E+01
 MRCHDU: Convergence failed at  57  side 2    Res =  0.3806E+01
 MRCHDU: Convergence failed at  58  side 2    Res =  0.4530E+01
 MRCHDU: Convergence failed at  59  side 2    Res =  0.6954E+01
 MRCHDU: Convergence failed at  60  side 2    Res =  0.1765E+02
 MRCHDU: Convergence failed at  61  side 2    Res =  0.8575E+02
 MRCHDU: Convergence failed at  62  side 2    Res =  0.3485E+02
 MRCHDU: Convergence failed at  63  side 2    Res =  0.1724E+02
 MRCHDU: Convergence failed at  64  side 2    Res =  0.1332E+02
 MRCHDU: Convergence failed at  65  side 2    Res =  0.1159E+02
 MRCHDU: Convergence failed at  66  side 2    Res =  0.1037E+02
 MRCHDU: Convergence failed at  67  side 2    Res =  0.9858E+01
 MRCHDU: Convergence failed at  68  side 2    Res =  0.9426E+01
 MRCHDU: Convergence failed at  69  side 2    Res =  0.8969E+01
 MRCHDU: Convergence failed at  70  side 2    Res =  0.8876E+01
 MRCHDU: Convergence failed at  71  side 2    Res =  0.8906E+01
 MRCHDU: Convergence failed at  72  side 2    Res =  0.9047E+01
 MRCHDU: Convergence failed at  73  side 2    Res =  0.8942E+01
 MRCHDU: Convergence failed at  74  side 2    Res =  0.9213E+01
 MRCHDU: Convergence failed at  75  side 2    Res =  0.1043E+02
 MRCHDU: Convergence failed at  76  side 2    Res =  0.1089E+02
 MRCHDU: Convergence failed at  77  side 2    Res =  0.1145E+02
 MRCHDU: Convergence failed at  78  side 2    Res =  0.1511E+02
 MRCHDU: Convergence failed at  79  side 2    Res =  0.1635E+02
 MRCHDU: Convergence failed at  80  side 2    Res =  0.1794E+02
 MRCHDU: Convergence failed at  81  side 2    Res =  0.1998E+02
 MRCHDU: Convergence failed at  82  side 2    Res =  0.2269E+02
 MRCHDU: Convergence failed at  83  side 2    Res =  0.2643E+02
 MRCHDU: Convergence failed at  84  side 2    Res =  0.3189E+02
 MRCHDU: Convergence failed at  85  side 2    Res =  0.4068E+02
 MRCHDU: Convergence failed at  86  side 2    Res =  0.5695E+02
 MRCHDU: Convergence failed at  87  side 2    Res =  0.9878E+02
 MRCHDU: Convergence failed at  88  side 2    Res =  0.4852E+03
 MRCHDU: Convergence failed at  89  side 2    Res =  0.3911E+02
 MRCHDU: Convergence failed at  90  side 2    Res =  0.2865E+02
 MRCHDU: Convergence failed at  91  side 2    Res =  0.2051E+02
 Side 1  free  transition at x/c =  0.9610   70
 Side 2  free  transition at x/c =  0.1362   43

  72   rms: 0.4625E+00   max: 0.1915E+01   D at   93  2   RLX: 0.297
       a = -6.000      CL = -0.7709
      Cm =  0.0941     CD =  0.02679   =>   CDf =  0.00351    CDp =  0.02329

 Side 1  free  transition at x/c =  0.9837   71
 Side 2  free  transition at x/c =  0.1357   43

  73   rms: 0.4632E+00   max: 0.3814E+01   T at   43  2   RLX: 0.393
       a = -6.000      CL = -0.6490
      Cm =  0.0270     CD =  0.02681   =>   CDf =  0.00868    CDp =  0.01813

 MRCHDU: Convergence failed at  52  side 2    Res =  0.7888E+01
 MRCHDU: Convergence failed at  53  side 2    Res =  0.2633E+01
 MRCHDU: Convergence failed at  54  side 2    Res =  0.4461E+01
 MRCHDU: Convergence failed at  55  side 2    Res =  0.1661E+02
 MRCHDU: Convergence failed at  56  side 2    Res =  0.2111E+02
 MRCHDU: Convergence failed at  57  side 2    Res =  0.9568E+01
 MRCHDU: Convergence failed at  58  side 2    Res =  0.6062E+01
 MRCHDU: Convergence failed at  59  side 2    Res =  0.5039E+01
 MRCHDU: Convergence failed at  60  side 2    Res =  0.4311E+01
 MRCHDU: Convergence failed at  61  side 2    Res =  0.4034E+01
 MRCHDU: Convergence failed at  62  side 2    Res =  0.3773E+01
 MRCHDU: Convergence failed at  63  side 2    Res =  0.3649E+01
 MRCHDU: Convergence failed at  64  side 2    Res =  0.3274E+01
 MRCHDU: Convergence failed at  65  side 2    Res =  0.3801E+01
 MRCHDU: Convergence failed at  66  side 2    Res =  0.4201E+01
 MRCHDU: Convergence failed at  67  side 2    Res =  0.4828E+01
 MRCHDU: Convergence failed at  68  side 2    Res =  0.5316E+01
 MRCHDU: Convergence failed at  69  side 2    Res =  0.5831E+01
 MRCHDU: Convergence failed at  70  side 2    Res =  0.6372E+01
 MRCHDU: Convergence failed at  71  side 2    Res =  0.6940E+01
 MRCHDU: Convergence failed at  72  side 2    Res =  0.7531E+01
 MRCHDU: Convergence failed at  73  side 2    Res =  0.8444E+01
 MRCHDU: Convergence failed at  74  side 2    Res =  0.1046E+02
 MRCHDU: Convergence failed at  75  side 2    Res =  0.1132E+02
 MRCHDU: Convergence failed at  76  side 2    Res =  0.1220E+02
 MRCHDU: Convergence failed at  77  side 2    Res =  0.1309E+02
 MRCHDU: Convergence failed at  78  side 2    Res =  0.1400E+02
 MRCHDU: Convergence failed at  79  side 2    Res =  0.1491E+02
 MRCHDU: Convergence failed at  80  side 2    Res =  0.1581E+02
 MRCHDU: Convergence failed at  81  side 2    Res =  0.1669E+02
 MRCHDU: Convergence failed at  82  side 2    Res =  0.1754E+02
 MRCHDU: Convergence failed at  83  side 2    Res =  0.1832E+02
 MRCHDU: Convergence failed at  84  side 2    Res =  0.1903E+02
 MRCHDU: Convergence failed at  85  side 2    Res =  0.1963E+02
 MRCHDU: Convergence failed at  86  side 2    Res =  0.2011E+02
 MRCHDU: Convergence failed at  87  side 2    Res =  0.2044E+02
 MRCHDU: Convergence failed at  88  side 2    Res =  0.1801E+02
 MRCHDU: Convergence failed at  89  side 2    Res =  0.1793E+02
 MRCHDU: Convergence failed at  90  side 2    Res =  0.1762E+02
 MRCHDU: Convergence failed at  91  side 2    Res =  0.1697E+02
 Side 1  free  transition at x/c =  0.9735   71
 Side 2  free  transition at x/c =  0.1220   42

  74   rms: 0.3847E+00   max: 0.1597E+01   D at   95  2   RLX: 0.346
       a = -6.000      CL = -0.7994
      Cm =  0.1080     CD =  0.03837   =>   CDf =  0.00330    CDp =  0.03507

 Side 1  free  transition at x/c =  0.9927   72
 Side 2  free  transition at x/c =  0.1222   42

  75   rms: 0.3154E+00   max: 0.6997E+00   T at   93  2   RLX: 0.972
       a = -6.000      CL = -0.4738
      Cm = -0.0514     CD =  0.04452   =>   CDf =  0.00663    CDp =  0.03789

 MRCHDU: Convergence failed at  66  side 2    Res =  0.3572E+01
 MRCHDU: Convergence failed at  67  side 2    Res =  0.2151E+02
 MRCHDU: Convergence failed at  68  side 2    Res =  0.4269E+01
 MRCHDU: Convergence failed at  69  side 2    Res =  0.2612E+01
 MRCHDU: Convergence failed at  70  side 2    Res =  0.2053E+01
 MRCHDU: Convergence failed at  71  side 2    Res =  0.1777E+01
 MRCHDU: Convergence failed at  72  side 2    Res =  0.1609E+01
 MRCHDU: Convergence failed at  73  side 2    Res =  0.1507E+01
 MRCHDU: Convergence failed at  74  side 2    Res =  0.1355E+01
 MRCHDU: Convergence failed at  75  side 2    Res =  0.1329E+01
 MRCHDU: Convergence failed at  76  side 2    Res =  0.1517E+01
 MRCHDU: Convergence failed at  77  side 2    Res =  0.1704E+01
 MRCHDU: Convergence failed at  78  side 2    Res =  0.1925E+01
 MRCHDU: Convergence failed at  79  side 2    Res =  0.2189E+01
 MRCHDU: Convergence failed at  80  side 2    Res =  0.2501E+01
 MRCHDU: Convergence failed at  81  side 2    Res =  0.2926E+01
 MRCHDU: Convergence failed at  82  side 2    Res =  0.3432E+01
 MRCHDU: Convergence failed at  83  side 2    Res =  0.4073E+01
 MRCHDU: Convergence failed at  84  side 2    Res =  0.4901E+01
 MRCHDU: Convergence failed at  85  side 2    Res =  0.5993E+01
 MRCHDU: Convergence failed at  86  side 2    Res =  0.7451E+01
 MRCHDU: Convergence failed at  87  side 2    Res =  0.9421E+01
 MRCHDU: Convergence failed at  88  side 2    Res =  0.1213E+02
 MRCHDU: Convergence failed at  89  side 2    Res =  0.1589E+02
 MRCHDU: Convergence failed at  90  side 2    Res =  0.2089E+02
 MRCHDU: Convergence failed at  91  side 2    Res =  0.2472E+02
 Side 1  free  transition at x/c =  0.9703   71
 Side 2  free  transition at x/c =  0.1158   41

  76   rms: 0.2738E+00   max: -.1446E+01   T at   42  2   RLX: 0.346
       a = -6.000      CL = -0.5797
      Cm =  0.0115     CD =  0.05476   =>   CDf =  0.00361    CDp =  0.05115

 Side 1  free  transition at x/c =  0.9744   71
 Side 2  free  transition at x/c =  0.1080   41

  77   rms: 0.1520E+00   max: -.1042E+01   T at   41  2   RLX: 0.480
       a = -6.000      CL = -0.5079
      Cm = -0.0073     CD =  0.06424   =>   CDf =  0.00357    CDp =  0.06066

 Side 1  free  transition at x/c =  0.9764   72
 Side 2  free  transition at x/c =  0.1096   40

  78   rms: 0.1095E+00   max: -.7883E+00   T at   40  2   RLX: 0.634
       a = -6.000      CL = -0.4333
      Cm = -0.0272     CD =  0.06784   =>   CDf =  0.00353    CDp =  0.06431

 Side 1  free  transition at x/c =  0.9769   72
 Side 2  free  transition at x/c =  0.1123   40

  79   rms: 0.1059E+00   max: -.5476E+00   D at   40  2   RLX: 0.913
       a = -6.000      CL = -0.3973
      Cm = -0.0469     CD =  0.06374   =>   CDf =  0.00358    CDp =  0.06015

 Side 1  free  transition at x/c =  0.9718   72
 Side 2  free  transition at x/c =  0.1219   41

  80   rms: 0.1645E+00   max: 0.7824E+00   D at   59  2
       a = -6.000      CL = -0.3887
      Cm = -0.0605     CD =  0.05683   =>   CDf =  0.00498    CDp =  0.05186

 Side 1  free  transition at x/c =  0.9714   72
 Side 2  free  transition at x/c =  0.1264   41

  81   rms: 0.6498E-01   max: -.2796E+00   D at   90  2
       a = -6.000      CL = -0.3943
      Cm = -0.0537     CD =  0.05876   =>   CDf =  0.00375    CDp =  0.05501

 Side 1  free  transition at x/c =  0.9722   72
 Side 2  free  transition at x/c =  0.1253   41

  82   rms: 0.4988E-01   max: 0.5275E+00   T at   41  2
       a = -6.000      CL = -0.3840
      Cm = -0.0503     CD =  0.06029   =>   CDf =  0.00384    CDp =  0.05644

 Side 1  free  transition at x/c =  0.9755   72
 Side 2  free  transition at x/c =  0.1224   41

  83   rms: 0.7797E-01   max: -.2752E+00   D at   86  2
       a = -6.000      CL = -0.3978
      Cm = -0.0536     CD =  0.05828   =>   CDf =  0.00367    CDp =  0.05460

 Side 1  free  transition at x/c =  0.9719   72
 Side 2  free  transition at x/c =  0.1242   41

  84   rms: 0.2817E+00   max: -.3589E+01   T at   41  2   RLX: 0.139
       a = -6.000      CL = -0.3975
      Cm = -0.0561     CD =  0.05872   =>   CDf =  0.00387    CDp =  0.05485

 Side 1  free  transition at x/c =  0.9706   72
 Side 2  free  transition at x/c =  0.1247   41

  85   rms: 0.7411E-01   max: -.3741E+00   D at   41  2
       a = -6.000      CL = -0.3959
      Cm = -0.0603     CD =  0.05651   =>   CDf =  0.00385    CDp =  0.05266

 Side 1  free  transition at x/c =  0.9690   72
 Side 2  free  transition at x/c =  0.1270   41

  86   rms: 0.6528E+00   max: 0.2053E+01   T at   50  2   RLX: 0.293
       a = -6.000      CL = -0.4457
      Cm = -0.0721     CD =  0.05987   =>   CDf =  0.00401    CDp =  0.05587

 Side 1  free  transition at x/c =  0.9609   70
 Side 2  free  transition at x/c =  0.1262   42

  87   rms: 0.3818E+00   max: 0.1435E+01   D at   47  2   RLX: 0.579
       a = -6.000      CL = -0.3603
      Cm = -0.0700     CD =  0.05350   =>   CDf =  0.00481    CDp =  0.04868

 TRCHEK2: N2 convergence failed.
 x:  0.20906  0.22272  0.22418  N:  8.862  9.000  9.023  Nx:  13.463   dN: 0.934E-01
 TRCHEK2: N2 convergence failed.
 x:  0.20906  0.22271  0.22418  N:  8.862  9.000  9.023  Nx:  13.422   dN: 0.736E-01
 TRCHEK2: N2 convergence failed.
 x:  0.20906  0.22146  0.22418  N:  8.862  9.000  9.020  Nx:  14.591   dN:-0.388E+00
 TRCHEK2: N2 convergence failed.
 x:  0.20906  0.22150  0.22418  N:  8.862  9.000  9.020  Nx:  13.980   dN:-0.220E+00
 TRCHEK2: N2 convergence failed.
 x:  0.20906  0.22150  0.22418  N:  8.862  9.000  9.020  Nx:  13.740   dN:-0.226E+00
 TRCHEK2: N2 convergence failed.
 x:  0.20906  0.22149  0.22418  N:  8.862  9.000  9.020  Nx:  13.668   dN:-0.174E+00
 TRCHEK2: N2 convergence failed.
 x:  0.20906  0.22150  0.22418  N:  8.862  9.000  9.020  Nx:  13.671   dN:-0.443E+00
 TRCHEK2: N2 convergence failed.
 x:  0.20906  0.22149  0.22418  N:  8.862  9.000  9.020  Nx:  13.684   dN:-0.136E+00
 TRCHEK2: N2 convergence failed.
 x:  0.20906  0.22150  0.22418  N:  8.862  9.000  9.020  Nx:  13.702   dN:-0.218E+00
 TRCHEK2: N2 convergence failed.
 x:  0.20906  0.22149  0.22418  N:  8.862  9.000  9.020  Nx:  13.744   dN:-0.852E-01
 TRCHEK2: N2 convergence failed.
 x:  0.20906  0.22149  0.22418  N:  8.862  9.000  9.020  Nx:  13.798   dN:-0.101E+00
 TRCHEK2: N2 convergence failed.
 x:  0.20906  0.22148  0.22418  N:  8.862  9.000  9.020  Nx:  13.811   dN:-0.629E-01
 TRCHEK2: N2 convergence failed.
 x:  0.20906  0.22149  0.22418  N:  8.862  9.000  9.020  Nx:  13.865   dN:-0.759E-01
 TRCHEK2: N2 convergence failed.
 x:  0.20906  0.22148  0.22418  N:  8.862  9.000  9.020  Nx:  13.869   dN:-0.520E-01
 TRCHEK2: N2 convergence failed.
 x:  0.20906  0.22148  0.22418  N:  8.862  9.000  9.020  Nx:  13.937   dN:-0.617E-01
 TRCHEK2: N2 convergence failed.
 x:  0.20906  0.22147  0.22418  N:  8.862  9.000  9.020  Nx:  13.938   dN:-0.443E-01
 TRCHEK2: N2 convergence failed.
 x:  0.20906  0.22148  0.22418  N:  8.862  9.000  9.020  Nx:  14.001   dN:-0.537E-01
 TRCHEK2: N2 convergence failed.
 x:  0.20906  0.22147  0.22418  N:  8.862  9.000  9.020  Nx:  13.999   dN:-0.395E-01
 TRCHEK2: N2 convergence failed.
 x:  0.20906  0.22147  0.22418  N:  8.862  9.000  9.020  Nx:  14.081   dN:-0.472E-01
 TRCHEK2: N2 convergence failed.
 x:  0.20906  0.22147  0.22418  N:  8.862  9.000  9.020  Nx:  14.206   dN:-0.606E-01
 TRCHEK2: N2 convergence failed.
 x:  0.20906  0.22148  0.22418  N:  8.862  9.000  9.020  Nx:  13.949   dN:-0.515E-01
 MRCHDU: Convergence failed at  46  side 2    Res =  0.1011E+03
 MRCHDU: Convergence failed at  47  side 2    Res =  0.2635E+02
 MRCHDU: Convergence failed at  48  side 2    Res =  0.2569E+02
 MRCHDU: Convergence failed at  49  side 2    Res =  0.2504E+02
 MRCHDU: Convergence failed at  50  side 2    Res =  0.3422E+02
 MRCHDU: Convergence failed at  51  side 2    Res =  0.3109E+02
 MRCHDU: Convergence failed at  52  side 2    Res =  0.5592E+02
 MRCHDU: Convergence failed at  53  side 2    Res =  0.1781E+03
 MRCHDU: Convergence failed at  54  side 2    Res =  0.3265E+03
 MRCHDU: Convergence failed at  55  side 2    Res =  0.1207E+03
 MRCHDU: Convergence failed at  56  side 2    Res =  0.3464E+03
 MRCHDU: Convergence failed at  57  side 2    Res =  0.8341E+03
 MRCHDU: Convergence failed at  58  side 2    Res =  0.1103E+03
 MRCHDU: Convergence failed at  59  side 2    Res =  0.1072E+03
 MRCHDU: Convergence failed at  60  side 2    Res =  0.1050E+03
 MRCHDU: Convergence failed at  61  side 2    Res =  0.1570E+03
 MRCHDU: Convergence failed at  62  side 2    Res =  0.8770E+03
 MRCHDU: Convergence failed at  63  side 2    Res =  0.1305E+03
 MRCHDU: Convergence failed at  64  side 2    Res =  0.1420E+03
 MRCHDU: Convergence failed at  65  side 2    Res =  0.1539E+03
 MRCHDU: Convergence failed at  66  side 2    Res =  0.1659E+03
 MRCHDU: Convergence failed at  67  side 2    Res =  0.1776E+03
 MRCHDU: Convergence failed at  68  side 2    Res =  0.1892E+03
 MRCHDU: Convergence failed at  69  side 2    Res =  0.2002E+03
 MRCHDU: Convergence failed at  70  side 2    Res =  0.2075E+03
 MRCHDU: Convergence failed at  71  side 2    Res =  0.2136E+03
 MRCHDU: Convergence failed at  72  side 2    Res =  0.2186E+03
 MRCHDU: Convergence failed at  73  side 2    Res =  0.2226E+03
 MRCHDU: Convergence failed at  74  side 2    Res =  0.2258E+03
 MRCHDU: Convergence failed at  75  side 2    Res =  0.2264E+03
 MRCHDU: Convergence failed at  76  side 2    Res =  0.2234E+03
 MRCHDU: Convergence failed at  77  side 2    Res =  0.2200E+03
 MRCHDU: Convergence failed at  78  side 2    Res =  0.2168E+03
 MRCHDU: Convergence failed at  79  side 2    Res =  0.2135E+03
 MRCHDU: Convergence failed at  80  side 2    Res =  0.2103E+03
 MRCHDU: Convergence failed at  81  side 2    Res =  0.2071E+03
 MRCHDU: Convergence failed at  82  side 2    Res =  0.2041E+03
 MRCHDU: Convergence failed at  83  side 2    Res =  0.2010E+03
 MRCHDU: Convergence failed at  84  side 2    Res =  0.1980E+03
 MRCHDU: Convergence failed at  85  side 2    Res =  0.1951E+03
 MRCHDU: Convergence failed at  86  side 2    Res =  0.1921E+03
 MRCHDU: Convergence failed at  87  side 2    Res =  0.1850E+03
 MRCHDU: Convergence failed at  88  side 2    Res =  0.1774E+03
 MRCHDU: Convergence failed at  89  side 2    Res =  0.1698E+03
 MRCHDU: Convergence failed at  90  side 2    Res =  0.2345E+03
 Side 1  free  transition at x/c =  0.9825   72
 Side 2  free  transition at x/c =  0.1860   46

  88   rms: 0.1635E+01   max: 0.1760E+02   T at   46  2   RLX: 0.082
       a = -6.000      CL = -1.3596
      Cm =  0.3114     CD =  0.00844   =>   CDf =  0.00298    CDp =  0.00546

 Side 1 forced transition at x/c =  1.0000   73
 Side 2  free  transition at x/c =  0.1597   44

  89   rms: 0.1389E+01   max: -.9746E+01   D at   73  1   RLX: 0.051
       a = -6.000      CL = -1.0660
      Cm =  0.2078     CD =  0.07592   =>   CDf =  0.00344    CDp =  0.07248

 Side 1 forced transition at x/c =  1.0000   73
 Side 2  free  transition at x/c =  0.1575   44

  90   rms: 0.1232E+01   max: -.2178E+02   C at   73  1   RLX: 0.023
       a = -6.000      CL = -1.0499
      Cm =  0.2030     CD =  0.08560   =>   CDf =  0.00370    CDp =  0.08190

 Side 1 forced transition at x/c =  1.0000   73
 Side 2  free  transition at x/c =  0.1574   44

  91   rms: 0.8458E+00   max: -.1442E+02   C at   73  1   RLX: 0.035
       a = -6.000      CL = -1.0340
      Cm =  0.1972     CD =  0.08841   =>   CDf =  0.00378    CDp =  0.08463

 Side 1 forced transition at x/c =  1.0000   73
 Side 2  free  transition at x/c =  0.1558   44

  92   rms: 0.6447E+00   max: -.7910E+01   C at   73  1   RLX: 0.063
       a = -6.000      CL = -1.0052
      Cm =  0.1870     CD =  0.09202   =>   CDf =  0.00384    CDp =  0.08818

 Side 1 forced transition at x/c =  1.0000   73
 Side 2  free  transition at x/c =  0.1506   43

  93   rms: 0.5198E+01   max: 0.6509E+02   T at   44  2   RLX: 0.020
       a = -6.000      CL = -1.0041
      Cm =  0.1772     CD =  0.09833   =>   CDf =  0.00395    CDp =  0.09438

 Side 1 forced transition at x/c =  1.0000   73
 Side 2  free  transition at x/c =  0.1473   43

  94   rms: 0.5068E+00   max: -.2058E+01   C at   73  1   RLX: 0.243
       a = -6.000      CL = -0.8658
      Cm =  0.1367     CD =  0.08451   =>   CDf =  0.00393    CDp =  0.08058

 Side 1 forced transition at x/c =  1.0000   73
 Side 2  free  transition at x/c =  0.1452   43

  95   rms: 0.4717E+00   max: 0.1851E+01   C at   73  1   RLX: 0.407
       a = -6.000      CL = -0.5373
      Cm =  0.0519     CD =  0.07369   =>   CDf =  0.00428    CDp =  0.06940

 Side 1 forced transition at x/c =  1.0000   74
 Side 2  free  transition at x/c =  0.1461   42

  96   rms: 0.3418E+00   max: 0.1260E+01   C at   74  1   RLX: 0.549
       a = -6.000      CL = -0.2997
      Cm = -0.0132     CD =  0.06647   =>   CDf =  0.00449    CDp =  0.06199

 Side 1 forced transition at x/c =  1.0000   75
 Side 2  free  transition at x/c =  0.1514   42

  97   rms: 0.3618E+00   max: -.1219E+01   D at  107  2   RLX: 0.410
       a = -6.000      CL = -0.2850
      Cm = -0.0409     CD =  0.09804   =>   CDf =  0.00450    CDp =  0.09354

 Side 1 forced transition at x/c =  1.0000   74
 Side 2  free  transition at x/c =  0.1511   43

  98   rms: 0.5007E+00   max: -.1641E+01   D at  109  2   RLX: 0.305
       a = -6.000      CL = -0.3221
      Cm = -0.0629     CD =  0.08537   =>   CDf =  0.00434    CDp =  0.08102

 Side 1 forced transition at x/c =  1.0000   73
 Side 2  free  transition at x/c =  0.1508   43

  99   rms: 0.9954E+00   max: 0.4316E+01   T at   43  2   RLX: 0.208
       a = -6.000      CL = -0.1806
      Cm = -0.0621     CD =  0.10062   =>   CDf =  0.00422    CDp =  0.09640

 Side 1 forced transition at x/c =  1.0000   75
 Side 2  free  transition at x/c =  0.1357   40

 100   rms: 0.3577E+00   max: 0.4360E+01   D at    2  1   RLX: 0.261
       a = -6.000      CL = -0.2332
      Cm = -0.0512     CD =  0.08711   =>   CDf =  0.00429    CDp =  0.08282

 Side 1 forced transition at x/c =  1.0000   74
 Side 2  free  transition at x/c =  0.1335   41

 101   rms: 0.2701E+00   max: 0.2172E+01   C at   74  1   RLX: 0.571
       a = -6.000      CL = -0.3257
      Cm = -0.0430     CD =  0.07092   =>   CDf =  0.00413    CDp =  0.06679

 Side 1 forced transition at x/c =  1.0000   74
 Side 2  free  transition at x/c =  0.1264   40

 102   rms: 0.2072E+00   max: -.1122E+01   T at   41  2   RLX: 0.446
       a = -6.000      CL = -0.3777
      Cm = -0.0240     CD =  0.07970   =>   CDf =  0.00385    CDp =  0.07585

 Side 1 forced transition at x/c =  1.0000   74
 Side 2  free  transition at x/c =  0.1172   40

 103   rms: 0.1440E+01   max: 0.1165E+02   T at   40  2   RLX: 0.129
       a = -6.000      CL = -0.5515
      Cm = -0.0010     CD =  0.09661   =>   CDf =  0.00371    CDp =  0.09290

 Side 1  free  transition at x/c =  0.9937   72
 Side 2  free  transition at x/c =  0.1137   41

 104   rms: 0.1905E+00   max: -.1410E+01   T at   41  2   RLX: 0.355
       a = -6.000      CL = -0.4831
      Cm = -0.0291     CD =  0.06757   =>   CDf =  0.00363    CDp =  0.06394

 Side 1  free  transition at x/c =  0.9854   72
 Side 2  free  transition at x/c =  0.1130   41

 105   rms: 0.1083E+00   max: -.5935E+00   D at   41  2   RLX: 0.842
       a = -6.000      CL = -0.3925
      Cm = -0.0564     CD =  0.05657   =>   CDf =  0.00379    CDp =  0.05278

 Side 1  free  transition at x/c =  0.9795   72
 Side 2  free  transition at x/c =  0.1382   42

 106   rms: 0.3018E+00   max: -.1811E+01   T at   42  2   RLX: 0.276
       a = -6.000      CL = -0.3954
      Cm = -0.0620     CD =  0.05263   =>   CDf =  0.00441    CDp =  0.04822

 Side 1  free  transition at x/c =  0.9723   71
 Side 2  free  transition at x/c =  0.1353   43

 107   rms: 0.4553E+00   max: 0.1581E+01   D at   44  2   RLX: 0.863
       a = -6.000      CL = -0.3512
      Cm = -0.0586     CD =  0.06759   =>   CDf =  0.00482    CDp =  0.06277

 Side 1  free  transition at x/c =  0.9733   72
 Side 2  free  transition at x/c =  0.1224   41

 108   rms: 0.1397E+00   max: 0.7861E+00   D at   55  2   RLX: 0.793
       a = -6.000      CL = -0.3708
      Cm = -0.0565     CD =  0.05779   =>   CDf =  0.00472    CDp =  0.05307

 Side 1  free  transition at x/c =  0.9727   72
 Side 2  free  transition at x/c =  0.1262   41

 109   rms: 0.6237E-01   max: 0.4365E+00   T at   41  2
       a = -6.000      CL = -0.3803
      Cm = -0.0514     CD =  0.05944   =>   CDf =  0.00404    CDp =  0.05540

 Side 1  free  transition at x/c =  0.9758   72
 Side 2  free  transition at x/c =  0.1222   41

 110   rms: 0.8955E-01   max: -.3472E+00   D at   88  2
       a = -6.000      CL = -0.4041
      Cm = -0.0526     CD =  0.05892   =>   CDf =  0.00363    CDp =  0.05529

 Side 1  free  transition at x/c =  0.9708   72
 Side 2  free  transition at x/c =  0.1219   41

 111   rms: 0.2566E-01   max: -.4317E+00   T at   41  2
       a = -6.000      CL = -0.3862
      Cm = -0.0543     CD =  0.05884   =>   CDf =  0.00386    CDp =  0.05498

 Side 1  free  transition at x/c =  0.9733   72
 Side 2  free  transition at x/c =  0.1267   41

 112   rms: 0.9031E-01   max: -.3285E+00   D at   90  2
       a = -6.000      CL = -0.3999
      Cm = -0.0541     CD =  0.05796   =>   CDf =  0.00374    CDp =  0.05422

 Side 1  free  transition at x/c =  0.9716   72
 Side 2  free  transition at x/c =  0.1258   41

 113   rms: 0.5027E-01   max: 0.3943E+00   T at   41  2
       a = -6.000      CL = -0.3841
      Cm = -0.0519     CD =  0.05957   =>   CDf =  0.00390    CDp =  0.05567

 Side 1  free  transition at x/c =  0.9749   72
 Side 2  free  transition at x/c =  0.1237   41

 114   rms: 0.8121E-01   max: -.2818E+00   D at   84  2
       a = -6.000      CL = -0.3978
      Cm = -0.0556     CD =  0.05736   =>   CDf =  0.00370    CDp =  0.05366

 Side 1  free  transition at x/c =  0.9713   72
 Side 2  free  transition at x/c =  0.1266   41

 115   rms: 0.5698E-01   max: -.2393E+00   T at   42  2
       a = -6.000      CL = -0.3884
      Cm = -0.0529     CD =  0.05886   =>   CDf =  0.00384    CDp =  0.05502

 Side 1  free  transition at x/c =  0.9736   72
 Side 2  free  transition at x/c =  0.1255   41

 116   rms: 0.4491E-01   max: 0.3641E+00   T at   41  2
       a = -6.000      CL = -0.3883
      Cm = -0.0514     CD =  0.05945   =>   CDf =  0.00378    CDp =  0.05567

 Side 1  free  transition at x/c =  0.9745   72
 Side 2  free  transition at x/c =  0.1233   41

 117   rms: 0.6936E-01   max: -.3592E+00   T at   41  2
       a = -6.000      CL = -0.3953
      Cm = -0.0556     CD =  0.05746   =>   CDf =  0.00373    CDp =  0.05372

 Side 1  free  transition at x/c =  0.9718   72
 Side 2  free  transition at x/c =  0.1252   41

 118   rms: 0.1412E+00   max: -.6466E+00   T at   41  2   RLX: 0.773
       a = -6.000      CL = -0.4099
      Cm = -0.0621     CD =  0.05653   =>   CDf =  0.00377    CDp =  0.05276

 Side 1  free  transition at x/c =  0.9672   70
 Side 2  free  transition at x/c =  0.1244   42

 119   rms: 0.8859E-01   max: -.6550E+00   T at   70  1   RLX: 0.763
       a = -6.000      CL = -0.3544
      Cm = -0.0673     CD =  0.05522   =>   CDf =  0.00417    CDp =  0.05106

 Side 1  free  transition at x/c =  0.9858   73
 Side 2  free  transition at x/c =  0.1451   43

 120   rms: 0.4604E+00   max: 0.2075E+01   D at   43  2   RLX: 0.723
       a = -6.000      CL = -0.3684
      Cm = -0.0694     CD =  0.04742   =>   CDf =  0.00636    CDp =  0.04106

 MRCHDU: Convergence failed at  51  side 2    Res =  0.2783E+02
 MRCHDU: Convergence failed at  52  side 2    Res =  0.2948E+01
 MRCHDU: Convergence failed at  53  side 2    Res =  0.1931E+01
 MRCHDU: Convergence failed at  54  side 2    Res =  0.1526E+01
 MRCHDU: Convergence failed at  55  side 2    Res =  0.1477E+01
 MRCHDU: Convergence failed at  56  side 2    Res =  0.1749E+01
 MRCHDU: Convergence failed at  57  side 2    Res =  0.2113E+01
 MRCHDU: Convergence failed at  58  side 2    Res =  0.2570E+01
 MRCHDU: Convergence failed at  59  side 2    Res =  0.3154E+01
 MRCHDU: Convergence failed at  60  side 2    Res =  0.3961E+01
 MRCHDU: Convergence failed at  61  side 2    Res =  0.5071E+01
 MRCHDU: Convergence failed at  62  side 2    Res =  0.6695E+01
 MRCHDU: Convergence failed at  63  side 2    Res =  0.9238E+01
 MRCHDU: Convergence failed at  64  side 2    Res =  0.1387E+02
 MRCHDU: Convergence failed at  65  side 2    Res =  0.2415E+02
 MRCHDU: Convergence failed at  66  side 2    Res =  0.6402E+02
 MRCHDU: Convergence failed at  67  side 2    Res =  0.1620E+03
 MRCHDU: Convergence failed at  68  side 2    Res =  0.4084E+02
 MRCHDU: Convergence failed at  69  side 2    Res =  0.2521E+02
 MRCHDU: Convergence failed at  70  side 2    Res =  0.1922E+02
 MRCHDU: Convergence failed at  71  side 2    Res =  0.1615E+02
 MRCHDU: Convergence failed at  72  side 2    Res =  0.1438E+02
 MRCHDU: Convergence failed at  73  side 2    Res =  0.1329E+02
 MRCHDU: Convergence failed at  74  side 2    Res =  0.1260E+02
 MRCHDU: Convergence failed at  75  side 2    Res =  0.1218E+02
 MRCHDU: Convergence failed at  76  side 2    Res =  0.1195E+02
 MRCHDU: Convergence failed at  77  side 2    Res =  0.1189E+02
 MRCHDU: Convergence failed at  78  side 2    Res =  0.1198E+02
 MRCHDU: Convergence failed at  79  side 2    Res =  0.1219E+02
 MRCHDU: Convergence failed at  80  side 2    Res =  0.1253E+02
 MRCHDU: Convergence failed at  81  side 2    Res =  0.1301E+02
 MRCHDU: Convergence failed at  82  side 2    Res =  0.1366E+02
 MRCHDU: Convergence failed at  83  side 2    Res =  0.1450E+02
 MRCHDU: Convergence failed at  84  side 2    Res =  0.1560E+02
 MRCHDU: Convergence failed at  85  side 2    Res =  0.1705E+02
 MRCHDU: Convergence failed at  86  side 2    Res =  0.1902E+02
 MRCHDU: Convergence failed at  87  side 2    Res =  0.2181E+02
 MRCHDU: Convergence failed at  88  side 2    Res =  0.3035E+02
 MRCHDU: Convergence failed at  89  side 2    Res =  0.4051E+02
 MRCHDU: Convergence failed at  90  side 2    Res =  0.1372E+03
 Side 1  free  transition at x/c =  0.9796   72
 Side 2  free  transition at x/c =  0.1318   42

 121   rms: 0.3075E+00   max: -.1126E+01   T at   72  1   RLX: 0.444
       a = -6.000      CL = -0.5751
      Cm =  0.0334     CD =  0.03660   =>   CDf =  0.00366    CDp =  0.03294

 Side 1 forced transition at x/c =  1.0000   73
 Side 2  free  transition at x/c =  0.1332   42

 122   rms: 0.5845E+00   max: 0.7170E+01   T at   42  2   RLX: 0.209
       a = -6.000      CL = -0.6031
      Cm =  0.0219     CD =  0.03364   =>   CDf =  0.00663    CDp =  0.02701

 Side 1  free  transition at x/c =  0.9646   70
 Side 2  free  transition at x/c =  0.1210   42

 123   rms: 0.1897E+00   max: 0.4208E+00   T at   92  2
       a = -6.000      CL = -0.4412
      Cm = -0.0531     CD =  0.05288   =>   CDf =  0.00521    CDp =  0.04767

 Side 1  free  transition at x/c =  0.9607   70
 Side 2  free  transition at x/c =  0.1173   42

 124   rms: 0.1213E+00   max: -.7197E+00   T at   42  2   RLX: 0.695
       a = -6.000      CL = -0.4118
      Cm = -0.0448     CD =  0.06250   =>   CDf =  0.00359    CDp =  0.05891

 Side 1  free  transition at x/c =  0.9743   72
 Side 2  free  transition at x/c =  0.1195   41

 125   rms: 0.9025E-01   max: -.3993E+00   D at   89  2
       a = -6.000      CL = -0.4095
      Cm = -0.0524     CD =  0.05979   =>   CDf =  0.00358    CDp =  0.05621

 Side 1  free  transition at x/c =  0.9693   72
 Side 2  free  transition at x/c =  0.1208   41

 126   rms: 0.3161E-01   max: -.3884E+00   T at   41  2
       a = -6.000      CL = -0.3891
      Cm = -0.0529     CD =  0.05941   =>   CDf =  0.00381    CDp =  0.05560

 Side 1  free  transition at x/c =  0.9730   72
 Side 2  free  transition at x/c =  0.1250   41

 127   rms: 0.5471E-01   max: 0.6539E+00   T at   41  2
       a = -6.000      CL = -0.3856
      Cm = -0.0489     CD =  0.06054   =>   CDf =  0.00378    CDp =  0.05676

 Side 1  free  transition at x/c =  0.9759   72
 Side 2  free  transition at x/c =  0.1213   41

 128   rms: 0.8879E-01   max: -.3254E+00   D at   88  2
       a = -6.000      CL = -0.4032
      Cm = -0.0526     CD =  0.05861   =>   CDf =  0.00363    CDp =  0.05498

 Side 1  free  transition at x/c =  0.9711   72
 Side 2  free  transition at x/c =  0.1225   41

 129   rms: 0.2914E-01   max: -.4674E+00   T at   41  2
       a = -6.000      CL = -0.3872
      Cm = -0.0550     CD =  0.05843   =>   CDf =  0.00385    CDp =  0.05458

 Side 1  free  transition at x/c =  0.9729   72
 Side 2  free  transition at x/c =  0.1266   41

 130   rms: 0.8385E-01   max: -.3458E+00   T at   42  2
       a = -6.000      CL = -0.3931
      Cm = -0.0503     CD =  0.05926   =>   CDf =  0.00374    CDp =  0.05552

 Side 1  free  transition at x/c =  0.9743   72
 Side 2  free  transition at x/c =  0.1219   41

 131   rms: 0.7632E-01   max: -.3264E+00   D at   90  2
       a = -6.000      CL = -0.4029
      Cm = -0.0533     CD =  0.05870   =>   CDf =  0.00365    CDp =  0.05505

 Side 1  free  transition at x/c =  0.9708   72
 Side 2  free  transition at x/c =  0.1229   41

 132   rms: 0.3314E-01   max: -.5577E+00   T at   41  2   RLX: 0.897
       a = -6.000      CL = -0.3892
      Cm = -0.0555     CD =  0.05828   =>   CDf =  0.00386    CDp =  0.05442

 Side 1  free  transition at x/c =  0.9722   72
 Side 2  free  transition at x/c =  0.1256   41

 133   rms: 0.2063E+00   max: -.8038E+00   T at   41  2   RLX: 0.622
       a = -6.000      CL = -0.4153
      Cm = -0.0638     CD =  0.05697   =>   CDf =  0.00377    CDp =  0.05319

 Side 1  free  transition at x/c =  0.9663   70
 Side 2  free  transition at x/c =  0.1243   42

 134   rms: 0.1172E+00   max: -.6568E+00   T at   70  1   RLX: 0.761
       a = -6.000      CL = -0.3524
      Cm = -0.0669     CD =  0.05588   =>   CDf =  0.00424    CDp =  0.05164

 Side 1  free  transition at x/c =  0.9853   73
 Side 2  free  transition at x/c =  0.1452   43

 135   rms: 0.4634E+00   max: 0.2109E+01   D at   43  2   RLX: 0.711
       a = -6.000      CL = -0.3678
      Cm = -0.0694     CD =  0.04725   =>   CDf =  0.00640    CDp =  0.04085

 MRCHDU: Convergence failed at  51  side 2    Res =  0.2551E+02
 MRCHDU: Convergence failed at  52  side 2    Res =  0.2835E+01
 MRCHDU: Convergence failed at  53  side 2    Res =  0.1853E+01
 MRCHDU: Convergence failed at  54  side 2    Res =  0.1469E+01
 MRCHDU: Convergence failed at  55  side 2    Res =  0.1438E+01
 MRCHDU: Convergence failed at  56  side 2    Res =  0.1842E+01
 MRCHDU: Convergence failed at  57  side 2    Res =  0.2229E+01
 MRCHDU: Convergence failed at  58  side 2    Res =  0.2738E+01
 MRCHDU: Convergence failed at  59  side 2    Res =  0.3419E+01
 MRCHDU: Convergence failed at  60  side 2    Res =  0.4382E+01
 MRCHDU: Convergence failed at  61  side 2    Res =  0.5774E+01
 MRCHDU: Convergence failed at  62  side 2    Res =  0.7932E+01
 MRCHDU: Convergence failed at  63  side 2    Res =  0.1171E+02
 MRCHDU: Convergence failed at  64  side 2    Res =  0.1988E+02
 MRCHDU: Convergence failed at  65  side 2    Res =  0.4873E+02
 MRCHDU: Convergence failed at  66  side 2    Res =  0.2301E+03
 MRCHDU: Convergence failed at  67  side 2    Res =  0.3969E+02
 MRCHDU: Convergence failed at  68  side 2    Res =  0.2353E+02
 MRCHDU: Convergence failed at  69  side 2    Res =  0.1762E+02
 MRCHDU: Convergence failed at  70  side 2    Res =  0.1465E+02
 MRCHDU: Convergence failed at  71  side 2    Res =  0.1296E+02
 MRCHDU: Convergence failed at  72  side 2    Res =  0.1190E+02
 MRCHDU: Convergence failed at  73  side 2    Res =  0.1122E+02
 MRCHDU: Convergence failed at  74  side 2    Res =  0.1080E+02
 MRCHDU: Convergence failed at  75  side 2    Res =  0.1056E+02
 MRCHDU: Convergence failed at  76  side 2    Res =  0.1046E+02
 MRCHDU: Convergence failed at  77  side 2    Res =  0.1047E+02
 MRCHDU: Convergence failed at  78  side 2    Res =  0.1058E+02
 MRCHDU: Convergence failed at  79  side 2    Res =  0.1080E+02
 MRCHDU: Convergence failed at  80  side 2    Res =  0.1111E+02
 MRCHDU: Convergence failed at  81  side 2    Res =  0.1153E+02
 MRCHDU: Convergence failed at  82  side 2    Res =  0.1206E+02
 MRCHDU: Convergence failed at  83  side 2    Res =  0.1274E+02
 MRCHDU: Convergence failed at  84  side 2    Res =  0.1362E+02
 MRCHDU: Convergence failed at  85  side 2    Res =  0.1474E+02
 MRCHDU: Convergence failed at  86  side 2    Res =  0.1621E+02
 MRCHDU: Convergence failed at  87  side 2    Res =  0.1822E+02
 MRCHDU: Convergence failed at  88  side 2    Res =  0.2107E+02
 MRCHDU: Convergence failed at  89  side 2    Res =  0.2983E+02
 MRCHDU: Convergence failed at  90  side 2    Res =  0.4709E+02
 Side 1  free  transition at x/c =  0.9792   72
 Side 2  free  transition at x/c =  0.1319   42

 136   rms: 0.3081E+00   max: -.1132E+01   T at   72  1   RLX: 0.442
       a = -6.000      CL = -0.5760
      Cm =  0.0337     CD =  0.03642   =>   CDf =  0.00367    CDp =  0.03275

 Side 1 forced transition at x/c =  1.0000   73
 Side 2  free  transition at x/c =  0.1333   42

 137   rms: 0.5858E+00   max: 0.7300E+01   T at   42  2   RLX: 0.205
       a = -6.000      CL = -0.6029
      Cm =  0.0222     CD =  0.03334   =>   CDf =  0.00664    CDp =  0.02670

 Side 1  free  transition at x/c =  0.9650   70
 Side 2  free  transition at x/c =  0.1212   42

 138   rms: 0.1915E+00   max: 0.4287E+00   T at   92  2
       a = -6.000      CL = -0.4434
      Cm = -0.0529     CD =  0.05275   =>   CDf =  0.00523    CDp =  0.04752

 Side 1  free  transition at x/c =  0.9600   70
 Side 2  free  transition at x/c =  0.1170   42

 139   rms: 0.1440E+00   max: -.8068E+00   T at   42  2   RLX: 0.620
       a = -6.000      CL = -0.4216
      Cm = -0.0406     CD =  0.06392   =>   CDf =  0.00357    CDp =  0.06035

 Side 1  free  transition at x/c =  0.9743   72
 Side 2  free  transition at x/c =  0.1187   41

 140   rms: 0.9865E-01   max: -.4166E+00   D at   41  2
       a = -6.000      CL = -0.4085
      Cm = -0.0521     CD =  0.05995   =>   CDf =  0.00355    CDp =  0.05640

 Side 1  free  transition at x/c =  0.9686   72
 Side 2  free  transition at x/c =  0.1202   41

 141   rms: 0.3562E-01   max: -.3937E+00   T at   41  2
       a = -6.000      CL = -0.3909
      Cm = -0.0522     CD =  0.05969   =>   CDf =  0.00378    CDp =  0.05590

 Side 1  free  transition at x/c =  0.9728   72
 Side 2  free  transition at x/c =  0.1241   41

 142   rms: 0.1286E+00   max: -.1239E+01   T at   41  2   RLX: 0.404
       a = -6.000      CL = -0.3984
      Cm = -0.0553     CD =  0.06021   =>   CDf =  0.00377    CDp =  0.05644

 Side 1  free  transition at x/c =  0.9709   72
 Side 2  free  transition at x/c =  0.1238   41

 143   rms: 0.5202E-01   max: -.4309E+00   D at   41  2
       a = -6.000      CL = -0.3914
      Cm = -0.0570     CD =  0.05822   =>   CDf =  0.00381    CDp =  0.05441

 Side 1  free  transition at x/c =  0.9707   72
 Side 2  free  transition at x/c =  0.1270   41

 144   rms: 0.1688E+00   max: -.7867E+00   T at   42  2   RLX: 0.636
       a = -6.000      CL = -0.3751
      Cm = -0.0460     CD =  0.06493   =>   CDf =  0.00387    CDp =  0.06106

 Side 1  free  transition at x/c =  0.9782   72
 Side 2  free  transition at x/c =  0.1197   41

 145   rms: 0.1294E+00   max: -.4592E+00   D at   41  2
       a = -6.000      CL = -0.4166
      Cm = -0.0497     CD =  0.06056   =>   CDf =  0.00357    CDp =  0.05699

 Side 1  free  transition at x/c =  0.9666   71
 Side 2  free  transition at x/c =  0.1185   41

 146   rms: 0.1575E+00   max: -.1299E+01   T at   71  1   RLX: 0.385
       a = -6.000      CL = -0.3612
      Cm = -0.0556     CD =  0.06091   =>   CDf =  0.00382    CDp =  0.05709

 Side 1  free  transition at x/c =  0.9852   72
 Side 2  free  transition at x/c =  0.1223   41

 147   rms: 0.9117E-01   max: 0.6261E+00   T at   72  1
       a = -6.000      CL = -0.4213
      Cm = -0.0480     CD =  0.06081   =>   CDf =  0.00370    CDp =  0.05711

 Side 1  free  transition at x/c =  0.9652   71
 Side 2  free  transition at x/c =  0.1203   41

 148   rms: 0.8354E-01   max: -.7912E+00   T at   41  2   RLX: 0.632
       a = -6.000      CL = -0.3722
      Cm = -0.0558     CD =  0.05968   =>   CDf =  0.00378    CDp =  0.05590

 Side 1  free  transition at x/c =  0.9825   72
 Side 2  free  transition at x/c =  0.1263   41

 149   rms: 0.1156E+00   max: 0.5041E+00   D at   72  1
       a = -6.000      CL = -0.4120
      Cm = -0.0564     CD =  0.05801   =>   CDf =  0.00371    CDp =  0.05429

 Side 1  free  transition at x/c =  0.9685   72
 Side 2  free  transition at x/c =  0.1266   41

 150   rms: 0.6191E-01   max: -.2911E+00   T at   42  2
       a = -6.000      CL = -0.3839
      Cm = -0.0537     CD =  0.05878   =>   CDf =  0.00400    CDp =  0.05478

 Side 1  free  transition at x/c =  0.9739   72
 Side 2  free  transition at x/c =  0.1259   41

 151   rms: 0.6003E-01   max: 0.2261E+00   T at   41  2
       a = -6.000      CL = -0.3916
      Cm = -0.0528     CD =  0.05869   =>   CDf =  0.00375    CDp =  0.05493

 Side 1  free  transition at x/c =  0.9736   72
 Side 2  free  transition at x/c =  0.1245   41

 152   rms: 0.5162E+00   max: 0.6227E+01   T at   41  2   RLX: 0.206
       a = -6.000      CL = -0.3835
      Cm = -0.0435     CD =  0.06574   =>   CDf =  0.00382    CDp =  0.06192

 Side 1  free  transition at x/c =  0.9785   72
 Side 2  free  transition at x/c =  0.1171   41

 153   rms: 0.1285E+00   max: -.5486E+00   D at   42  2   RLX: 0.911
       a = -6.000      CL = -0.4103
      Cm = -0.0419     CD =  0.06514   =>   CDf =  0.00356    CDp =  0.06158

 Side 1  free  transition at x/c =  0.9703   72
 Side 2  free  transition at x/c =  0.1181   41

 154   rms: 0.6077E-01   max: -.5880E+00   T at   41  2   RLX: 0.850
       a = -6.000      CL = -0.3899
      Cm = -0.0481     CD =  0.06128   =>   CDf =  0.00379    CDp =  0.05748

 Side 1  free  transition at x/c =  0.9739   72
 Side 2  free  transition at x/c =  0.1207   41

 155   rms: 0.8106E-01   max: -.3267E+00   D at   90  2
       a = -6.000      CL = -0.4029
      Cm = -0.0521     CD =  0.05913   =>   CDf =  0.00363    CDp =  0.05550

 Side 1  free  transition at x/c =  0.9711   72
 Side 2  free  transition at x/c =  0.1223   41

 156   rms: 0.2791E-01   max: -.4424E+00   T at   41  2
       a = -6.000      CL = -0.3875
      Cm = -0.0546     CD =  0.05861   =>   CDf =  0.00384    CDp =  0.05476

 Side 1  free  transition at x/c =  0.9729   72
 Side 2  free  transition at x/c =  0.1268   41

 157   rms: 0.9356E-01   max: -.3437E+00   D at   90  2
       a = -6.000      CL = -0.4006
      Cm = -0.0537     CD =  0.05805   =>   CDf =  0.00374    CDp =  0.05431

 Side 1  free  transition at x/c =  0.9716   72
 Side 2  free  transition at x/c =  0.1252   41

 158   rms: 0.7492E-01   max: 0.7282E+00   T at   41  2
       a = -6.000      CL = -0.3825
      Cm = -0.0493     CD =  0.06069   =>   CDf =  0.00387    CDp =  0.05682

 Side 1  free  transition at x/c =  0.9764   72
 Side 2  free  transition at x/c =  0.1209   41

 159   rms: 0.1005E+00   max: -.3652E+00   D at   87  2
       a = -6.000      CL = -0.4084
      Cm = -0.0517     CD =  0.05908   =>   CDf =  0.00361    CDp =  0.05547

 Side 1  free  transition at x/c =  0.9703   72
 Side 2  free  transition at x/c =  0.1213   41

 160   rms: 0.2760E-01   max: -.4139E+00   T at   41  2
       a = -6.000      CL = -0.3860
      Cm = -0.0536     CD =  0.05916   =>   CDf =  0.00385    CDp =  0.05531

 Side 1  free  transition at x/c =  0.9735   72
 Side 2  free  transition at x/c =  0.1259   41

 161   rms: 0.5607E-01   max: 0.2603E+00   T at   41  2
       a = -6.000      CL = -0.3911
      Cm = -0.0525     CD =  0.05881   =>   CDf =  0.00377    CDp =  0.05504

 Side 1  free  transition at x/c =  0.9737   72
 Side 2  free  transition at x/c =  0.1244   41

 162   rms: 0.4484E+00   max: -.5020E+01   T at   41  2   RLX: 0.100
       a = -6.000      CL = -0.3987
      Cm = -0.0551     CD =  0.06100   =>   CDf =  0.00379    CDp =  0.05722

 Side 1  free  transition at x/c =  0.9716   72
 Side 2  free  transition at x/c =  0.1243   41

 163   rms: 0.6711E-01   max: -.3955E+00   D at   41  2
       a = -6.000      CL = -0.3958
      Cm = -0.0584     CD =  0.05743   =>   CDf =  0.00380    CDp =  0.05363

 Side 1  free  transition at x/c =  0.9696   72
 Side 2  free  transition at x/c =  0.1283   42

 164   rms: 0.5016E-01   max: 0.2224E+00   D at   58  2
       a = -6.000      CL = -0.3843
      Cm = -0.0591     CD =  0.05643   =>   CDf =  0.00440    CDp =  0.05203

 Side 1  free  transition at x/c =  0.9726   72
 Side 2  free  transition at x/c =  0.1291   42

 165   rms: 0.1373E-01   max: -.5908E-01   D at   69  2
       a = -6.000      CL = -0.3871
      Cm = -0.0578     CD =  0.05666   =>   CDf =  0.00400    CDp =  0.05266

 Side 1  free  transition at x/c =  0.9725   72
 Side 2  free  transition at x/c =  0.1289   42

 166   rms: 0.1458E-02   max: -.7363E-02   T at   42  2
       a = -6.000      CL = -0.3862
      Cm = -0.0578     CD =  0.05679   =>   CDf =  0.00407    CDp =  0.05272

 Side 1  free  transition at x/c =  0.9726   72
 Side 2  free  transition at x/c =  0.1290   42

 167   rms: 0.3707E-04   max: -.2269E-03   T at   42  2
       a = -6.000      CL = -0.3862
      Cm = -0.0578     CD =  0.05679   =>   CDf =  0.00407    CDp =  0.05272
      9.000   13.9049   0.056787   0.003203   0.000000  -0.003203    0.9726     #

 Point added to stored polar  1
 Point written to save file  clarky_re150000_clean.polar                     
 Dump file unspecified or not available
 Calculating wake trajectory ...
 Calculating source influence matrix ...

 Solving BL system ...

 Side 1  free  transition at x/c =  0.9726   72
 Side 2  free  transition at x/c =  0.1290   42

   1   rms: 0.6506E-01   max: -.5009E+00   T at   42  2   RLX: 0.998
       a = -5.750      CL = -0.3543
      Cm = -0.0581     CD =  0.05523   =>   CDf =  0.00407    CDp =  0.05116

 Side 1  free  transition at x/c =  0.9694   72
 Side 2  free  transition at x/c =  0.1315   42

   2   rms: 0.8506E-01   max: -.3300E+00   D at   87  2
       a = -5.750      CL = -0.3672
      Cm = -0.0600     CD =  0.05410   =>   CDf =  0.00376    CDp =  0.05034

 Side 1  free  transition at x/c =  0.9676   71
 Side 2  free  transition at x/c =  0.1321   42

   3   rms: 0.4610E-01   max: -.5671E+00   T at   42  2   RLX: 0.882
       a = -5.750      CL = -0.3333
      Cm = -0.0643     CD =  0.05390   =>   CDf =  0.00402    CDp =  0.04988

 Side 1  free  transition at x/c =  0.9796   72
 Side 2  free  transition at x/c =  0.1370   42

   4   rms: 0.8786E-01   max: 0.5328E+00   D at   73  1
       a = -5.750      CL = -0.3679
      Cm = -0.0608     CD =  0.05386   =>   CDf =  0.00390    CDp =  0.04995

 Side 1  free  transition at x/c =  0.9670   71
 Side 2  free  transition at x/c =  0.1345   42

   5   rms: 0.3922E-01   max: -.7144E+00   T at   42  2   RLX: 0.700
       a = -5.750      CL = -0.3544
      Cm = -0.0626     CD =  0.05393   =>   CDf =  0.00408    CDp =  0.04984

 Side 1  free  transition at x/c =  0.9696   72
 Side 2  free  transition at x/c =  0.1351   42

   6   rms: 0.4056E-01   max: -.4136E+00   D at   42  2
       a = -5.750      CL = -0.3542
      Cm = -0.0621     CD =  0.05452   =>   CDf =  0.00401    CDp =  0.05051

 Side 1  free  transition at x/c =  0.9679   72
 Side 2  free  transition at x/c =  0.1371   42

   7   rms: 0.7878E+00   max: 0.5592E+01   T at   42  2   RLX: 0.142
       a = -5.750      CL = -0.3563
      Cm = -0.0532     CD =  0.05956   =>   CDf =  0.00413    CDp =  0.05543

 Side 1  free  transition at x/c =  0.9712   72
 Side 2  free  transition at x/c =  0.1236   41

   8   rms: 0.1260E+00   max: -.5492E+00   D at   43  2   RLX: 0.910
       a = -5.750      CL = -0.3797
      Cm = -0.0510     CD =  0.06130   =>   CDf =  0.00361    CDp =  0.05770

 Side 1  free  transition at x/c =  0.9657   71
 Side 2  free  transition at x/c =  0.1266   41

   9   rms: 0.6422E+00   max: -.3556E+01   T at   71  1   RLX: 0.141
       a = -5.750      CL = -0.3197
      Cm = -0.0545     CD =  0.06281   =>   CDf =  0.00396    CDp =  0.05886

 Side 1  free  transition at x/c =  0.9855   74
 Side 2  free  transition at x/c =  0.1236   40

  10   rms: 0.1542E+00   max: -.1286E+01   T at   40  2   RLX: 0.389
       a = -5.750      CL = -0.3532
      Cm = -0.0503     CD =  0.06450   =>   CDf =  0.00369    CDp =  0.06081

 Side 1  free  transition at x/c =  0.9802   72
 Side 2  free  transition at x/c =  0.1244   41

  11   rms: 0.1555E+00   max: 0.1157E+01   D at    2  2   RLX: 0.876
       a = -5.750      CL = -0.3960
      Cm = -0.0529     CD =  0.06089   =>   CDf =  0.00373    CDp =  0.05716

 Side 1  free  transition at x/c =  0.9579   71
 Side 2  free  transition at x/c =  0.1271   41

  12   rms: 0.2134E+01   max: 0.8297E+01   T at   71  1   RLX: 0.109
       a = -5.750      CL = -0.4798
      Cm = -0.0568     CD =  0.07065   =>   CDf =  0.00390    CDp =  0.06675

 Side 1  free  transition at x/c =  0.9314   68
 Side 2  free  transition at x/c =  0.1253   42

  13   rms: 0.3396E+00   max: -.3223E+01   T at   68  1   RLX: 0.155
       a = -5.750      CL = -0.4427
      Cm = -0.0639     CD =  0.04101   =>   CDf =  0.00462    CDp =  0.03639

 Side 1  free  transition at x/c =  0.9477   69
 Side 2  free  transition at x/c =  0.1258   42

  14   rms: 0.2356E+00   max: -.1725E+01   T at   69  1   RLX: 0.290
       a = -5.750      CL = -0.3747
      Cm = -0.0726     CD =  0.04191   =>   CDf =  0.00476    CDp =  0.03715

 Side 1  free  transition at x/c =  0.9680   71
 Side 2  free  transition at x/c =  0.1264   42

  15   rms: 0.1669E+00   max: 0.7821E+00   D at   71  1
       a = -5.750      CL = -0.3570
      Cm = -0.0629     CD =  0.05488   =>   CDf =  0.00497    CDp =  0.04990

 TRCHEK2: N2 convergence failed.
 x:  0.23952  0.25328  0.25603  N:  8.911  9.000  9.024  Nx:   9.318   dN: 0.184E+00
 TRCHEK2: N2 convergence failed.
 x:  0.23952  0.25483  0.25603  N:  8.911  9.000  9.002  Nx:   9.313   dN:-0.223E+00
 TRCHEK2: N2 convergence failed.
 x:  0.23952  0.25489  0.25603  N:  8.911  9.000  9.012  Nx:   9.132   dN: 0.716E-01
 TRCHEK2: N2 convergence failed.
 x:  0.23952  0.25484  0.25603  N:  8.911  9.000  9.002  Nx:   9.300   dN:-0.179E+00
 TRCHEK2: N2 convergence failed.
 x:  0.23952  0.25489  0.25603  N:  8.911  9.000  9.012  Nx:   9.135   dN: 0.226E+00
 TRCHEK2: N2 convergence failed.
 x:  0.23952  0.25483  0.25603  N:  8.911  9.000  9.002  Nx:   9.311   dN:-0.122E+00
 TRCHEK2: N2 convergence failed.
 x:  0.23952  0.25487  0.25603  N:  8.911  9.000  9.012  Nx:   9.136   dN: 0.562E-01
 TRCHEK2: N2 convergence failed.
 x:  0.23952  0.25486  0.25603  N:  8.911  9.000  9.012  Nx:   9.154   dN: 0.565E-01
 TRCHEK2: N2 convergence failed.
 x:  0.23952  0.25487  0.25603  N:  8.911  9.000  9.012  Nx:   9.137   dN: 0.562E-01
 TRCHEK2: N2 convergence failed.
 x:  0.23952  0.25321  0.25603  N:  8.911  9.000  9.012  Nx:  10.168   dN:-0.159E-01
 TRCHEK2: N2 convergence failed.
 x:  0.23952  0.25487  0.25603  N:  8.911  9.000  9.012  Nx:   9.139   dN: 0.563E-01
 TRCHEK2: N2 convergence failed.
 x:  0.23952  0.25322  0.25603  N:  8.911  9.000  9.012  Nx:   9.949   dN:-0.163E-01
 TRCHEK2: N2 convergence failed.
 x:  0.23952  0.25322  0.25603  N:  8.911  9.000  9.012  Nx:  10.068   dN:-0.191E-01
 TRCHEK2: N2 convergence failed.
 x:  0.23952  0.25323  0.25603  N:  8.911  9.000  9.012  Nx:   9.762   dN:-0.177E-01
 TRCHEK2: N2 convergence failed.
 x:  0.23952  0.25323  0.25603  N:  8.911  9.000  9.012  Nx:   9.839   dN:-0.200E-01
 TRCHEK2: N2 convergence failed.
 x:  0.23952  0.25322  0.25603  N:  8.911  9.000  9.012  Nx:   9.717   dN:-0.179E-01
 TRCHEK2: N2 convergence failed.
 x:  0.23952  0.25323  0.25603  N:  8.911  9.000  9.012  Nx:   9.777   dN:-0.202E-01
 TRCHEK2: N2 convergence failed.
 x:  0.23952  0.25322  0.25603  N:  8.911  9.000  9.012  Nx:   9.768   dN:-0.168E-01
 TRCHEK2: N2 convergence failed.
 x:  0.23952  0.25489  0.25603  N:  8.911  9.000  9.012  Nx:   9.149   dN: 0.566E-01
 TRCHEK2: N2 convergence failed.
 x:  0.23952  0.25323  0.25603  N:  8.911  9.000  9.012  Nx:   9.982   dN:-0.219E-01
 TRCHEK2: N2 convergence failed.
 x:  0.23952  0.25324  0.25603  N:  8.911  9.000  9.012  Nx:   9.670   dN:-0.210E-01
 TRCHEK2: N2 convergence failed.
 x:  0.23952  0.25324  0.25603  N:  8.911  9.000  9.012  Nx:   9.764   dN:-0.233E-01
 TRCHEK2: N2 convergence failed.
 x:  0.23952  0.25324  0.25603  N:  8.911  9.000  9.012  Nx:   9.542   dN:-0.245E-01
 MRCHDU: Convergence failed at  48  side 2    Res =  0.6925E+02
 MRCHDU: Convergence failed at  49  side 2    Res =  0.5672E+02
 MRCHDU: Convergence failed at  50  side 2    Res =  0.1217E+03
 MRCHDU: Convergence failed at  51  side 2    Res =  0.1366E+03
 MRCHDU: Convergence failed at  52  side 2    Res =  0.2732E+03
 MRCHDU: Convergence failed at  53  side 2    Res =  0.2047E+03
 MRCHDU: Convergence failed at  54  side 2    Res =  0.3088E+03
 MRCHDU: Convergence failed at  55  side 2    Res =  0.9935E+02
 MRCHDU: Convergence failed at  56  side 2    Res =  0.1228E+03
 MRCHDU: Convergence failed at  57  side 2    Res =  0.8572E+02
 MRCHDU: Convergence failed at  58  side 2    Res =  0.8836E+02
 MRCHDU: Convergence failed at  59  side 2    Res =  0.8650E+02
 MRCHDU: Convergence failed at  60  side 2    Res =  0.7514E+02
 MRCHDU: Convergence failed at  61  side 2    Res =  0.4043E+03
 MRCHDU: Convergence failed at  62  side 2    Res =  0.5118E+03
 MRCHDU: Convergence failed at  63  side 2    Res =  0.6569E+03
 MRCHDU: Convergence failed at  64  side 2    Res =  0.8626E+03
 MRCHDU: Convergence failed at  65  side 2    Res =  0.1170E+04
 MRCHDU: Convergence failed at  66  side 2    Res =  0.1687E+04
 MRCHDU: Convergence failed at  67  side 2    Res =  0.5206E+03
 MRCHDU: Convergence failed at  68  side 2    Res =  0.5024E+03
 MRCHDU: Convergence failed at  69  side 2    Res =  0.4922E+03
 MRCHDU: Convergence failed at  70  side 2    Res =  0.1988E+04
 MRCHDU: Convergence failed at  71  side 2    Res =  0.2127E+04
 MRCHDU: Convergence failed at  72  side 2    Res =  0.1778E+04
 MRCHDU: Convergence failed at  73  side 2    Res =  0.1569E+04
 MRCHDU: Convergence failed at  74  side 2    Res =  0.1433E+04
 MRCHDU: Convergence failed at  75  side 2    Res =  0.1342E+04
 MRCHDU: Convergence failed at  76  side 2    Res =  0.1279E+04
 MRCHDU: Convergence failed at  77  side 2    Res =  0.1237E+04
 MRCHDU: Convergence failed at  78  side 2    Res =  0.1211E+04
 MRCHDU: Convergence failed at  79  side 2    Res =  0.1198E+04
 MRCHDU: Convergence failed at  80  side 2    Res =  0.1194E+04
 MRCHDU: Convergence failed at  81  side 2    Res =  0.1198E+04
 MRCHDU: Convergence failed at  82  side 2    Res =  0.1206E+04
 MRCHDU: Convergence failed at  83  side 2    Res =  0.1217E+04
 MRCHDU: Convergence failed at  84  side 2    Res =  0.1225E+04
 MRCHDU: Convergence failed at  85  side 2    Res =  0.1222E+04
 MRCHDU: Convergence failed at  86  side 2    Res =  0.1214E+04
 MRCHDU: Convergence failed at  87  side 2    Res =  0.1214E+04
 MRCHDU: Convergence failed at  88  side 2    Res =  0.1226E+04
 MRCHDU: Convergence failed at  89  side 2    Res =  0.1214E+04
 MRCHDU: Convergence failed at  90  side 2    Res =  0.1193E+04
 Side 1  free  transition at x/c =  0.9681   72
 Side 2  free  transition at x/c =  0.2164   48

  16   rms: 0.2580E+01   max: 0.3713E+02   T at   48  2   RLX: 0.034
       a = -5.750      CL = -1.3808
      Cm =  0.3185     CD =  0.01023   =>   CDf =  0.00295    CDp =  0.00728

 Side 1  free  transition at x/c =  0.9725   72
 Side 2  free  transition at x/c =  0.1893   46

  17   rms: 0.2064E+01   max: 0.3865E+02   T at   46  2   RLX: 0.036
       a = -5.750      CL = -1.1922
      Cm =  0.2360     CD =  0.08554   =>   CDf =  0.00335    CDp =  0.08220

 Side 1  free  transition at x/c =  0.9829   72
 Side 2  free  transition at x/c =  0.1545   44

  18   rms: 0.1017E+01   max: -.1131E+02   T at   72  1   RLX: 0.044
       a = -5.750      CL = -1.2084
      Cm =  0.2408     CD =  0.09434   =>   CDf =  0.00335    CDp =  0.09098

 Side 1 forced transition at x/c =  1.0000   72
 Side 2  free  transition at x/c =  0.1501   44

  19   rms: 0.2304E+01   max: 0.2379E+02   T at   45  2   RLX: 0.032
       a = -5.750      CL = -1.1785
      Cm =  0.2281     CD =  0.09283   =>   CDf =  0.00344    CDp =  0.08939

 Side 1 forced transition at x/c =  1.0000   72
 Side 2  free  transition at x/c =  0.1464   44

  20   rms: 0.1123E+01   max: -.6490E+01   D at   72  1   RLX: 0.077
       a = -5.750      CL = -1.1106
      Cm =  0.2118     CD =  0.08529   =>   CDf =  0.00357    CDp =  0.08172

 Side 1 forced transition at x/c =  1.0000   73
 Side 2  free  transition at x/c =  0.1469   43

  21   rms: 0.6956E+00   max: -.7097E+01   C at   73  1   RLX: 0.070
       a = -5.750      CL = -1.0309
      Cm =  0.1882     CD =  0.09793   =>   CDf =  0.00392    CDp =  0.09401

 Side 1 forced transition at x/c =  1.0000   73
 Side 2  free  transition at x/c =  0.1470   43

  22   rms: 0.4859E+00   max: -.2038E+01   C at   73  1   RLX: 0.245
       a = -5.750      CL = -0.8145
      Cm =  0.1299     CD =  0.09770   =>   CDf =  0.00413    CDp =  0.09357

 Side 1 forced transition at x/c =  1.0000   74
 Side 2  free  transition at x/c =  0.1473   42

  23   rms: 0.4507E+00   max: -.2344E+01   T at    2  1   RLX: 0.213
       a = -5.750      CL = -0.6508
      Cm =  0.0860     CD =  0.10634   =>   CDf =  0.00440    CDp =  0.10193

 Side 1 forced transition at x/c =  1.0000   74
 Side 2  free  transition at x/c =  0.1479   42

  24   rms: 0.3555E+00   max: -.8819E+00   C at  111  2   RLX: 0.567
       a = -5.750      CL = -0.3510
      Cm =  0.0057     CD =  0.07358   =>   CDf =  0.00450    CDp =  0.06908

 Side 1 forced transition at x/c =  1.0000   75
 Side 2  free  transition at x/c =  0.1569   42

  25   rms: 0.2881E+00   max: -.1254E+01   D at  108  2   RLX: 0.399
       a = -5.750      CL = -0.2517
      Cm = -0.0381     CD =  0.09064   =>   CDf =  0.00458    CDp =  0.08606

 Side 1 forced transition at x/c =  1.0000   75
 Side 2  free  transition at x/c =  0.1531   42

  26   rms: 0.3766E+00   max: -.1581E+01   D at  108  2   RLX: 0.316
       a = -5.750      CL = -0.2853
      Cm = -0.0469     CD =  0.08546   =>   CDf =  0.00448    CDp =  0.08098

 Side 1 forced transition at x/c =  1.0000   74
 Side 2  free  transition at x/c =  0.1520   43

  27   rms: 0.3324E+00   max: -.1500E+01   D at  108  2   RLX: 0.333
       a = -5.750      CL = -0.2975
      Cm = -0.0587     CD =  0.07719   =>   CDf =  0.00435    CDp =  0.07284

 Side 1 forced transition at x/c =  1.0000   74
 Side 2  free  transition at x/c =  0.1515   43

  28   rms: 0.4277E+00   max: 0.3028E+01   C at   74  1   RLX: 0.340
       a = -5.750      CL = -0.3506
      Cm = -0.0663     CD =  0.06854   =>   CDf =  0.00419    CDp =  0.06435

 Side 1 forced transition at x/c =  1.0000   73
 Side 2  free  transition at x/c =  0.1505   43

  29   rms: 0.1684E+01   max: 0.3742E+01   D at   92  2   RLX: 0.133
       a = -5.750      CL = -0.2106
      Cm = -0.0583     CD =  0.08912   =>   CDf =  0.00397    CDp =  0.08515

 Side 1 forced transition at x/c =  1.0000   74
 Side 2  free  transition at x/c =  0.1451   42

  30   rms: 0.2877E+00   max: 0.2406E+01   C at   74  1   RLX: 0.458
       a = -5.750      CL = -0.2469
      Cm = -0.0641     CD =  0.06589   =>   CDf =  0.00426    CDp =  0.06164

 Side 1 forced transition at x/c =  1.0000   74
 Side 2  free  transition at x/c =  0.1417   42

  31   rms: 0.6212E+00   max: 0.5180E+01   C at   74  1   RLX: 0.290
       a = -5.750      CL = -0.3658
      Cm = -0.0613     CD =  0.06705   =>   CDf =  0.00401    CDp =  0.06304

 Side 1 forced transition at x/c =  1.0000   73
 Side 2  free  transition at x/c =  0.1355   42

  32   rms: 0.2903E+00   max: 0.2496E+01   T at   42  2   RLX: 0.577
       a = -5.750      CL = -0.3890
      Cm = -0.0301     CD =  0.07698   =>   CDf =  0.00377    CDp =  0.07321

 Side 1 forced transition at x/c =  1.0000   73
 Side 2  free  transition at x/c =  0.1187   41

  33   rms: 0.4074E+00   max: 0.3407E+01   T at   41  2   RLX: 0.440
       a = -5.750      CL = -0.5597
      Cm = -0.0065     CD =  0.08154   =>   CDf =  0.00358    CDp =  0.07796

 Side 1  free  transition at x/c =  0.9462   69
 Side 2  free  transition at x/c =  0.1106   41

  34   rms: 0.1616E+00   max: -.1311E+01   T at   41  2   RLX: 0.381
       a = -5.750      CL = -0.5086
      Cm = -0.0194     CD =  0.07188   =>   CDf =  0.00344    CDp =  0.06843

 Side 1  free  transition at x/c =  0.9512   71
 Side 2  free  transition at x/c =  0.1116   40

  35   rms: 0.1421E+00   max: -.8376E+00   T at    2  1   RLX: 0.597
       a = -5.750      CL = -0.4580
      Cm = -0.0356     CD =  0.06452   =>   CDf =  0.00348    CDp =  0.06103

 Side 1  free  transition at x/c =  0.9536   71
 Side 2  free  transition at x/c =  0.1148   40

  36   rms: 0.2001E+00   max: -.6254E+00   D at   85  2   RLX: 0.800
       a = -5.750      CL = -0.4262
      Cm = -0.0586     CD =  0.05466   =>   CDf =  0.00362    CDp =  0.05105

 Side 1  free  transition at x/c =  0.9480   69
 Side 2  free  transition at x/c =  0.1161   41

  37   rms: 0.1464E+00   max: -.5573E+00   D at   90  2   RLX: 0.897
       a = -5.750      CL = -0.4177
      Cm = -0.0625     CD =  0.04972   =>   CDf =  0.00439    CDp =  0.04533

 MRCHDU: Convergence failed at  48  side 2    Res =  0.2119E+02
 MRCHDU: Convergence failed at  49  side 2    Res =  0.3900E+02
 MRCHDU: Convergence failed at  50  side 2    Res =  0.2120E+03
 MRCHDU: Convergence failed at  51  side 2    Res =  0.7936E+02
 MRCHDU: Convergence failed at  52  side 2    Res =  0.7909E+02
 MRCHDU: Convergence failed at  53  side 2    Res =  0.1444E+03
 MRCHDU: Convergence failed at  54  side 2    Res =  0.5353E+03
 MRCHDU: Convergence failed at  55  side 2    Res =  0.5319E+03
 MRCHDU: Convergence failed at  56  side 2    Res =  0.2210E+03
 MRCHDU: Convergence failed at  57  side 2    Res =  0.1540E+03
 MRCHDU: Convergence failed at  58  side 2    Res =  0.1281E+03
 MRCHDU: Convergence failed at  59  side 2    Res =  0.1172E+03
 MRCHDU: Convergence failed at  60  side 2    Res =  0.1150E+03
 MRCHDU: Convergence failed at  61  side 2    Res =  0.1157E+03
 MRCHDU: Convergence failed at  62  side 2    Res =  0.1145E+03
 MRCHDU: Convergence failed at  63  side 2    Res =  0.1174E+03
 MRCHDU: Convergence failed at  64  side 2    Res =  0.1204E+03
 MRCHDU: Convergence failed at  65  side 2    Res =  0.1234E+03
 MRCHDU: Convergence failed at  66  side 2    Res =  0.1261E+03
 MRCHDU: Convergence failed at  67  side 2    Res =  0.1288E+03
 MRCHDU: Convergence failed at  68  side 2    Res =  0.1313E+03
 MRCHDU: Convergence failed at  69  side 2    Res =  0.1337E+03
 MRCHDU: Convergence failed at  70  side 2    Res =  0.1358E+03
 MRCHDU: Convergence failed at  71  side 2    Res =  0.1380E+03
 MRCHDU: Convergence failed at  72  side 2    Res =  0.1401E+03
 MRCHDU: Convergence failed at  73  side 2    Res =  0.1422E+03
 MRCHDU: Convergence failed at  74  side 2    Res =  0.1445E+03
 MRCHDU: Convergence failed at  75  side 2    Res =  0.1499E+03
 MRCHDU: Convergence failed at  76  side 2    Res =  0.1536E+03
 MRCHDU: Convergence failed at  77  side 2    Res =  0.1605E+03
 MRCHDU: Convergence failed at  78  side 2    Res =  0.1681E+03
 MRCHDU: Convergence failed at  79  side 2    Res =  0.1765E+03
 MRCHDU: Convergence failed at  80  side 2    Res =  0.2635E+03
 MRCHDU: Convergence failed at  81  side 2    Res =  0.2848E+03
 MRCHDU: Convergence failed at  82  side 2    Res =  0.3232E+03
 MRCHDU: Convergence failed at  83  side 2    Res =  0.6288E+04
 MRCHDU: Convergence failed at  84  side 2    Res =  0.2340E+03
 MRCHDU: Convergence failed at  85  side 2    Res =  0.2488E+03
 MRCHDU: Convergence failed at  86  side 2    Res =  0.2706E+03
 MRCHDU: Convergence failed at  87  side 2    Res =  0.2972E+03
 MRCHDU: Convergence failed at  88  side 2    Res =  0.3298E+03
 MRCHDU: Convergence failed at  89  side 2    Res =  0.3707E+03
 MRCHDU: Convergence failed at  90  side 2    Res =  0.4232E+03
 MRCHDU: Convergence failed at  91  side 2    Res =  0.5511E+05
 Side 1  free  transition at x/c =  0.9501   70
 Side 2 forced transition at x/c =  1.0000   91

  38   rms: 0.2774E+01   max: -.1368E+02   n at   90  2   RLX: 0.037
       a = -5.750      CL = -1.6595
      Cm =  0.3872     CD =  0.00863   =>   CDf =  0.00259    CDp =  0.00605

 Side 1  free  transition at x/c =  0.9547   70
 Side 2  free  transition at x/c =  0.3804   58

  39   rms: 0.3612E+01   max: 0.8253E+02   T at   58  2   RLX: 0.018
       a = -5.750      CL = -1.5033
      Cm =  0.2996     CD =  0.05077   =>   CDf =  0.00300    CDp =  0.04777

 Side 1  free  transition at x/c =  0.9566   70
 Side 2  free  transition at x/c =  0.2573   51

  40   rms: 0.8755E+01   max: 0.1354E+03   T at   51  2   RLX: 0.005
       a = -5.750      CL = -1.5204
      Cm =  0.3161     CD =  0.06150   =>   CDf =  0.00309    CDp =  0.05841

 Side 1  free  transition at x/c =  0.9607   70
 Side 2  free  transition at x/c =  0.2207   49

  41   rms: 0.1887E+01   max: 0.2960E+02   T at   49  2   RLX: 0.036
       a = -5.750      CL = -1.4994
      Cm =  0.3078     CD =  0.07024   =>   CDf =  0.00314    CDp =  0.06710

 Side 1  free  transition at x/c =  0.9822   71
 Side 2  free  transition at x/c =  0.1849   47

  42   rms: 0.1559E+01   max: 0.2302E+02   T at   47  2   RLX: 0.051
       a = -5.750      CL = -1.5119
      Cm =  0.3050     CD =  0.07908   =>   CDf =  0.00323    CDp =  0.07585

 Side 1 forced transition at x/c =  1.0000   72
 Side 2  free  transition at x/c =  0.1628   45

  43   rms: 0.2049E+01   max: 0.2271E+02   T at   46  2   RLX: 0.029
       a = -5.750      CL = -1.5143
      Cm =  0.3067     CD =  0.08093   =>   CDf =  0.00329    CDp =  0.07763

 Side 1 forced transition at x/c =  1.0000   72
 Side 2  free  transition at x/c =  0.1584   45

  44   rms: 0.1349E+01   max: -.8631E+01   D at   72  1   RLX: 0.058
       a = -5.750      CL = -1.4354
      Cm =  0.2880     CD =  0.07950   =>   CDf =  0.00340    CDp =  0.07610

 Side 1 forced transition at x/c =  1.0000   72
 Side 2  free  transition at x/c =  0.1591   45

  45   rms: 0.1070E+01   max: -.1621E+02   C at   72  1   RLX: 0.031
       a = -5.750      CL = -1.3942
      Cm =  0.2754     CD =  0.09164   =>   CDf =  0.00372    CDp =  0.08792

 Side 1 forced transition at x/c =  1.0000   72
 Side 2  free  transition at x/c =  0.1592   45

  46   rms: 0.6907E+00   max: -.8378E+01   C at   72  1   RLX: 0.060
       a = -5.750      CL = -1.3408
      Cm =  0.2597     CD =  0.09560   =>   CDf =  0.00383    CDp =  0.09178

 Side 1 forced transition at x/c =  1.0000   72
 Side 2  free  transition at x/c =  0.1582   45

  47   rms: 0.6047E+00   max: 0.1858E+01   D at   95  2   RLX: 0.306
       a = -5.750      CL = -1.0062
      Cm =  0.1709     CD =  0.08509   =>   CDf =  0.00402    CDp =  0.08107

 MRCHDU: Convergence failed at 102  side 2    Res =  0.1055E+01
 MRCHDU: Convergence failed at 103  side 2    Res =  0.4671E+01
 MRCHDU: Convergence failed at 104  side 2    Res =  0.1749E+01
 MRCHDU: Convergence failed at 105  side 2    Res =  0.1161E+01
 MRCHDU: Convergence failed at 106  side 2    Res =  0.2435E+01
 MRCHDU: Convergence failed at 107  side 2    Res =  0.9169E+01
 MRCHDU: Convergence failed at 108  side 2    Res =  0.4547E+01
 MRCHDU: Convergence failed at 109  side 2    Res =  0.1998E+01
 Side 1 forced transition at x/c =  1.0000   73
 Side 2  free  transition at x/c =  0.1502   43

  48   rms: 0.5520E+00   max: 0.3437E+01   T at   44  2   RLX: 0.198
       a = -5.750      CL = -0.8435
      Cm =  0.1239     CD =  0.09480   =>   CDf =  0.00446    CDp =  0.09034

 Side 1 forced transition at x/c =  1.0000   73
 Side 2  free  transition at x/c =  0.1487   43

  49   rms: 0.4728E+00   max: -.1174E+01   C at  103  2   RLX: 0.426
       a = -5.750      CL = -0.4971
      Cm =  0.0359     CD =  0.08675   =>   CDf =  0.00462    CDp =  0.08212

 Side 1 forced transition at x/c =  1.0000   74
 Side 2  free  transition at x/c =  0.1499   42

  50   rms: 0.3268E+00   max: -.8872E+00   D at  109  2   RLX: 0.564
       a = -5.750      CL = -0.2994
      Cm = -0.0243     CD =  0.08460   =>   CDf =  0.00465    CDp =  0.07995

 Side 1 forced transition at x/c =  1.0000   75
 Side 2  free  transition at x/c =  0.1510   41

  51   rms: 0.1147E+01   max: 0.1975E+02   T at    2  1   RLX: 0.062
       a = -5.750      CL = -0.2707
      Cm = -0.0393     CD =  0.12318   =>   CDf =  0.00450    CDp =  0.11869

 Side 1 forced transition at x/c =  1.0000   74
 Side 2  free  transition at x/c =  0.1510   42

  52   rms: 0.3785E+00   max: 0.3896E+01   T at    2  2   RLX: 0.274
       a = -5.750      CL = -0.2857
      Cm = -0.0452     CD =  0.10183   =>   CDf =  0.00446    CDp =  0.09737

 Side 1 forced transition at x/c =  1.0000   74
 Side 2  free  transition at x/c =  0.1509   42

  53   rms: 0.2900E+00   max: -.1225E+01   D at  107  2   RLX: 0.408
       a = -5.750      CL = -0.2984
      Cm = -0.0548     CD =  0.07923   =>   CDf =  0.00436    CDp =  0.07487

 Side 1 forced transition at x/c =  1.0000   74
 Side 2  free  transition at x/c =  0.1507   42

  54   rms: 0.3269E+00   max: 0.1270E+01   T at   42  2   RLX: 0.413
       a = -5.750      CL = -0.2528
      Cm = -0.0470     CD =  0.08037   =>   CDf =  0.00418    CDp =  0.07618

 Side 1 forced transition at x/c =  1.0000   74
 Side 2  free  transition at x/c =  0.1350   41

  55   rms: 0.2396E+00   max: 0.1671E+01   C at   74  1   RLX: 0.624
       a = -5.750      CL = -0.3487
      Cm = -0.0285     CD =  0.07033   =>   CDf =  0.00411    CDp =  0.06623

 Side 1 forced transition at x/c =  1.0000   74
 Side 2  free  transition at x/c =  0.1269   40

  56   rms: 0.2249E+00   max: -.1196E+01   T at   41  2   RLX: 0.418
       a = -5.750      CL = -0.3817
      Cm = -0.0165     CD =  0.08220   =>   CDf =  0.00384    CDp =  0.07836

 Side 1 forced transition at x/c =  1.0000   74
 Side 2  free  transition at x/c =  0.1206   40

  57   rms: 0.2559E+00   max: 0.1478E+01   T at   40  2   RLX: 0.798
       a = -5.750      CL = -0.5126
      Cm = -0.0065     CD =  0.07416   =>   CDf =  0.00371    CDp =  0.07045

 Side 1  free  transition at x/c =  0.9648   71
 Side 2  free  transition at x/c =  0.1091   40

  58   rms: 0.1665E+00   max: -.1309E+01   T at   40  2   RLX: 0.382
       a = -5.750      CL = -0.4760
      Cm = -0.0188     CD =  0.07600   =>   CDf =  0.00342    CDp =  0.07259

 Side 1  free  transition at x/c =  0.9672   71
 Side 2  free  transition at x/c =  0.1107   40

  59   rms: 0.1527E+00   max: -.6606E+00   D at   40  2   RLX: 0.757
       a = -5.750      CL = -0.4290
      Cm = -0.0396     CD =  0.06023   =>   CDf =  0.00349    CDp =  0.05674

 Side 1  free  transition at x/c =  0.9647   71
 Side 2  free  transition at x/c =  0.1148   40

  60   rms: 0.2019E+00   max: 0.6466E+00   T at   71  1   RLX: 0.848
       a = -5.750      CL = -0.4339
      Cm = -0.0552     CD =  0.05573   =>   CDf =  0.00364    CDp =  0.05209

 Side 1  free  transition at x/c =  0.9471   69
 Side 2  free  transition at x/c =  0.1165   42

  61   rms: 0.1630E+01   max: -.1041E+02   T at   69  1   RLX: 0.048
       a = -5.750      CL = -0.3915
      Cm = -0.0610     CD =  0.05538   =>   CDf =  0.00447    CDp =  0.05090

 Side 1  free  transition at x/c =  0.9657   71
 Side 2  free  transition at x/c =  0.1180   41

  62   rms: 0.6194E+00   max: -.3768E+01   T at   71  1   RLX: 0.133
       a = -5.750      CL = -0.3726
      Cm = -0.0569     CD =  0.05990   =>   CDf =  0.00374    CDp =  0.05616

 Side 1  free  transition at x/c =  0.9870   73
 Side 2  free  transition at x/c =  0.1196   41

  63   rms: 0.1156E+00   max: -.1076E+01   T at   41  2   RLX: 0.465
       a = -5.750      CL = -0.3734
      Cm = -0.0542     CD =  0.06016   =>   CDf =  0.00365    CDp =  0.05651

 Side 1  free  transition at x/c =  0.9809   72
 Side 2  free  transition at x/c =  0.1231   41

  64   rms: 0.1525E+00   max: 0.9390E+00   T at   72  1   RLX: 0.892
       a = -5.750      CL = -0.4143
      Cm = -0.0573     CD =  0.05760   =>   CDf =  0.00366    CDp =  0.05394

 Side 1  free  transition at x/c =  0.9534   71
 Side 2  free  transition at x/c =  0.1239   41

  65   rms: 0.9054E-01   max: -.4920E+00   T at   41  2
       a = -5.750      CL = -0.3983
      Cm = -0.0592     CD =  0.05560   =>   CDf =  0.00375    CDp =  0.05185

 Side 1  free  transition at x/c =  0.9546   71
 Side 2  free  transition at x/c =  0.1262   41

  66   rms: 0.1797E+00   max: -.6353E+00   D at   88  2   RLX: 0.787
       a = -5.750      CL = -0.4271
      Cm = -0.0625     CD =  0.05403   =>   CDf =  0.00397    CDp =  0.05006

 Side 1  free  transition at x/c =  0.9484   69
 Side 2  free  transition at x/c =  0.1273   43

  67   rms: 0.1502E+01   max: -.7818E+01   T at   43  2   RLX: 0.064
       a = -5.750      CL = -0.4523
      Cm = -0.0627     CD =  0.03974   =>   CDf =  0.00496    CDp =  0.03478

 Side 1  free  transition at x/c =  0.9495   69
 Side 2  free  transition at x/c =  0.1307   43

  68   rms: 0.6844E+01   max: -.6997E+02   T at   69  1   RLX: 0.007
       a = -5.750      CL = -0.4403
      Cm = -0.0700     CD =  0.04723   =>   CDf =  0.00406    CDp =  0.04316

 Side 1  free  transition at x/c =  0.9667   70
 Side 2  free  transition at x/c =  0.1330   43

  69   rms: 0.2654E+00   max: 0.1016E+01   D at   49  2   RLX: 0.640
       a = -5.750      CL = -0.3339
      Cm = -0.0675     CD =  0.05493   =>   CDf =  0.00412    CDp =  0.05081

 Side 1  free  transition at x/c =  0.9884   73
 Side 2  free  transition at x/c =  0.1367   42

  70   rms: 0.1045E+00   max: 0.8592E+00   D at   73  1
       a = -5.750      CL = -0.3341
      Cm = -0.0562     CD =  0.05684   =>   CDf =  0.00405    CDp =  0.05279

 Side 1  free  transition at x/c =  0.9797   73
 Side 2  free  transition at x/c =  0.1266   40

  71   rms: 0.3891E+00   max: 0.6024E+01   T at    2  1   RLX: 0.195
       a = -5.750      CL = -0.4082
      Cm = -0.0345     CD =  0.07488   =>   CDf =  0.00366    CDp =  0.07122

 Side 1  free  transition at x/c =  0.9728   72
 Side 2  free  transition at x/c =  0.1266   41

  72   rms: 0.4967E+00   max: 0.2163E+01   T at   42  2   RLX: 0.382
       a = -5.750      CL = -0.4264
      Cm = -0.0575     CD =  0.06919   =>   CDf =  0.00371    CDp =  0.06548

 Side 1  free  transition at x/c =  0.9567   71
 Side 2  free  transition at x/c =  0.1244   41

  73   rms: 0.9168E-01   max: -.5456E+00   D at   41  2   RLX: 0.916
       a = -5.750      CL = -0.3562
      Cm = -0.0631     CD =  0.05284   =>   CDf =  0.00445    CDp =  0.04839

 Side 1  free  transition at x/c =  0.9679   72
 Side 2  free  transition at x/c =  0.1646   45

  74   rms: 0.1133E+00   max: 0.1177E+01   D at   45  2
       a = -5.750      CL = -0.3817
      Cm = -0.0720     CD =  0.04226   =>   CDf =  0.00547    CDp =  0.03678

 Side 1  free  transition at x/c =  0.9664   71
 Side 2  free  transition at x/c =  0.1696   45

  75   rms: 0.2478E+00   max: 0.1782E+01   T at   45  2   RLX: 0.842
       a = -5.750      CL = -0.3419
      Cm = -0.0669     CD =  0.05532   =>   CDf =  0.00459    CDp =  0.05073

 Side 1  free  transition at x/c =  0.9692   72
 Side 2  free  transition at x/c =  0.1450   43

  76   rms: 0.1370E+00   max: 0.1557E+01   T at   43  2   RLX: 0.851
       a = -5.750      CL = -0.3396
      Cm = -0.0561     CD =  0.05958   =>   CDf =  0.00408    CDp =  0.05550

 Side 1  free  transition at x/c =  0.9713   72
 Side 2  free  transition at x/c =  0.1309   42

  77   rms: 0.8166E-01   max: -.5568E+00   D at   42  2   RLX: 0.898
       a = -5.750      CL = -0.3592
      Cm = -0.0581     CD =  0.05634   =>   CDf =  0.00380    CDp =  0.05254

 Side 1  free  transition at x/c =  0.9688   72
 Side 2  free  transition at x/c =  0.1306   42

  78   rms: 0.3219E-01   max: -.3049E+00   T at   42  2
       a = -5.750      CL = -0.3549
      Cm = -0.0591     CD =  0.05484   =>   CDf =  0.00398    CDp =  0.05086

 Side 1  free  transition at x/c =  0.9692   72
 Side 2  free  transition at x/c =  0.1335   42

  79   rms: 0.3367E-01   max: -.1995E+00   T at   42  2
       a = -5.750      CL = -0.3555
      Cm = -0.0605     CD =  0.05413   =>   CDf =  0.00397    CDp =  0.05016

 Side 1  free  transition at x/c =  0.9687   72
 Side 2  free  transition at x/c =  0.1358   42

  80   rms: 0.3139E-01   max: 0.4826E+00   T at   42  2
       a = -5.750      CL = -0.3535
      Cm = -0.0585     CD =  0.05505   =>   CDf =  0.00408    CDp =  0.05097

 Side 1  free  transition at x/c =  0.9696   72
 Side 2  free  transition at x/c =  0.1325   42

  81   rms: 0.4884E-01   max: -.1797E+00   T at   42  2
       a = -5.750      CL = -0.3579
      Cm = -0.0600     CD =  0.05413   =>   CDf =  0.00389    CDp =  0.05024

 Side 1  free  transition at x/c =  0.9687   72
 Side 2  free  transition at x/c =  0.1344   42

  82   rms: 0.2314E-01   max: -.3173E+00   T at   42  2
       a = -5.750      CL = -0.3537
      Cm = -0.0614     CD =  0.05394   =>   CDf =  0.00405    CDp =  0.04989

 Side 1  free  transition at x/c =  0.9686   72
 Side 2  free  transition at x/c =  0.1384   42

  83   rms: 0.7692E-01   max: -.2424E+00   D at   90  2
       a = -5.750      CL = -0.3586
      Cm = -0.0608     CD =  0.05384   =>   CDf =  0.00400    CDp =  0.04984

 Side 1  free  transition at x/c =  0.9683   72
 Side 2  free  transition at x/c =  0.1375   42

  84   rms: 0.3156E-01   max: 0.1986E+00   T at   42  2
       a = -5.750      CL = -0.3538
      Cm = -0.0605     CD =  0.05418   =>   CDf =  0.00413    CDp =  0.05005

 Side 1  free  transition at x/c =  0.9690   72
 Side 2  free  transition at x/c =  0.1363   42

  85   rms: 0.2361E-01   max: 0.2309E+00   T at   42  2
       a = -5.750      CL = -0.3545
      Cm = -0.0598     CD =  0.05444   =>   CDf =  0.00404    CDp =  0.05040

 Side 1  free  transition at x/c =  0.9691   72
 Side 2  free  transition at x/c =  0.1347   42

  86   rms: 0.3346E-01   max: -.3368E+00   T at   42  2
       a = -5.750      CL = -0.3545
      Cm = -0.0617     CD =  0.05370   =>   CDf =  0.00403    CDp =  0.04967

 Side 1  free  transition at x/c =  0.9685   72
 Side 2  free  transition at x/c =  0.1366   42

  87   rms: 0.2436E+00   max: -.1514E+01   T at   42  2   RLX: 0.330
       a = -5.750      CL = -0.3680
      Cm = -0.0665     CD =  0.05568   =>   CDf =  0.00397    CDp =  0.05172

 Side 1  free  transition at x/c =  0.9664   71
 Side 2  free  transition at x/c =  0.1345   42

  88   rms: 0.8804E-01   max: -.5460E+00   D at   42  2   RLX: 0.916
       a = -5.750      CL = -0.3299
      Cm = -0.0650     CD =  0.05581   =>   CDf =  0.00424    CDp =  0.05157

 Side 1  free  transition at x/c =  0.9750   72
 Side 2  free  transition at x/c =  0.1414   43

  89   rms: 0.1307E+00   max: 0.4624E+00   D at   57  2
       a = -5.750      CL = -0.3568
      Cm = -0.0651     CD =  0.05228   =>   CDf =  0.00502    CDp =  0.04726

 Side 1  free  transition at x/c =  0.9671   71
 Side 2  free  transition at x/c =  0.1391   43

  90   rms: 0.1640E+00   max: 0.8259E+00   T at   71  1   RLX: 0.909
       a = -5.750      CL = -0.4358
      Cm = -0.0579     CD =  0.05243   =>   CDf =  0.00395    CDp =  0.04847

 Side 1  free  transition at x/c =  0.9461   69
 Side 2  free  transition at x/c =  0.1375   43

  91   rms: 0.2027E+00   max: -.2344E+01   T at   43  2   RLX: 0.213
       a = -5.750      CL = -0.4293
      Cm = -0.0596     CD =  0.05074   =>   CDf =  0.00449    CDp =  0.04625

 Side 1  free  transition at x/c =  0.9474   69
 Side 2  free  transition at x/c =  0.1343   43

  92   rms: 0.2439E+00   max: -.1652E+01   T at   69  1   RLX: 0.303
       a = -5.750      CL = -0.3752
      Cm = -0.0675     CD =  0.04756   =>   CDf =  0.00454    CDp =  0.04302

 Side 1  free  transition at x/c =  0.9661   71
 Side 2  free  transition at x/c =  0.1358   42

  93   rms: 0.1655E+00   max: 0.6696E+00   D at   47  2
       a = -5.750      CL = -0.3104
      Cm = -0.0667     CD =  0.05776   =>   CDf =  0.00452    CDp =  0.05324

 Side 1  free  transition at x/c =  0.9795   72
 Side 2  free  transition at x/c =  0.1434   43

  94   rms: 0.2727E+00   max: 0.1132E+01   D at   53  2
       a = -5.750      CL = -0.3721
      Cm = -0.0665     CD =  0.05001   =>   CDf =  0.00595    CDp =  0.04406

 MRCHDU: Convergence failed at  52  side 2    Res =  0.1387E+01
 MRCHDU: Convergence failed at  53  side 2    Res =  0.4675E+01
 MRCHDU: Convergence failed at  54  side 2    Res =  0.2712E+01
 MRCHDU: Convergence failed at  55  side 2    Res =  0.2323E+01
 MRCHDU: Convergence failed at  56  side 2    Res =  0.2104E+01
 MRCHDU: Convergence failed at  57  side 2    Res =  0.2093E+01
 MRCHDU: Convergence failed at  58  side 2    Res =  0.2478E+01
 MRCHDU: Convergence failed at  59  side 2    Res =  0.3083E+01
 MRCHDU: Convergence failed at  60  side 2    Res =  0.3784E+01
 MRCHDU: Convergence failed at  61  side 2    Res =  0.4866E+01
 MRCHDU: Convergence failed at  62  side 2    Res =  0.6148E+01
 MRCHDU: Convergence failed at  63  side 2    Res =  0.7862E+01
 MRCHDU: Convergence failed at  64  side 2    Res =  0.1023E+02
 MRCHDU: Convergence failed at  65  side 2    Res =  0.1365E+02
 MRCHDU: Convergence failed at  66  side 2    Res =  0.2324E+02
 MRCHDU: Convergence failed at  67  side 2    Res =  0.4462E+02
 MRCHDU: Convergence failed at  68  side 2    Res =  0.1226E+03
 MRCHDU: Convergence failed at  69  side 2    Res =  0.2922E+03
 MRCHDU: Convergence failed at  70  side 2    Res =  0.7857E+02
 MRCHDU: Convergence failed at  71  side 2    Res =  0.4966E+02
 MRCHDU: Convergence failed at  72  side 2    Res =  0.3872E+02
 MRCHDU: Convergence failed at  73  side 2    Res =  0.3318E+02
 MRCHDU: Convergence failed at  74  side 2    Res =  0.3006E+02
 MRCHDU: Convergence failed at  75  side 2    Res =  0.2828E+02
 MRCHDU: Convergence failed at  76  side 2    Res =  0.2736E+02
 MRCHDU: Convergence failed at  77  side 2    Res =  0.2704E+02
 MRCHDU: Convergence failed at  78  side 2    Res =  0.2723E+02
 MRCHDU: Convergence failed at  79  side 2    Res =  0.2789E+02
 MRCHDU: Convergence failed at  80  side 2    Res =  0.2904E+02
 MRCHDU: Convergence failed at  81  side 2    Res =  0.3074E+02
 MRCHDU: Convergence failed at  82  side 2    Res =  0.3314E+02
 MRCHDU: Convergence failed at  83  side 2    Res =  0.3656E+02
 MRCHDU: Convergence failed at  84  side 2    Res =  0.4151E+02
 MRCHDU: Convergence failed at  85  side 2    Res =  0.6423E+02
 MRCHDU: Convergence failed at  86  side 2    Res =  0.8722E+02
 MRCHDU: Convergence failed at  87  side 2    Res =  0.3630E+03
 MRCHDU: Convergence failed at  88  side 2    Res =  0.1724E+03
 MRCHDU: Convergence failed at  89  side 2    Res =  0.6098E+02
 MRCHDU: Convergence failed at  90  side 2    Res =  0.4434E+02
 Side 1  free  transition at x/c =  0.9646   71
 Side 2  free  transition at x/c =  0.1369   42

  95   rms: 0.1334E+01   max: 0.1341E+02   T at   42  2   RLX: 0.055
       a = -5.750      CL = -0.7606
      Cm =  0.0905     CD =  0.03279   =>   CDf =  0.00343    CDp =  0.02936

 Side 1  free  transition at x/c =  0.9616   71
 Side 2  free  transition at x/c =  0.1234   41

  96   rms: 0.2605E+00   max: 0.5288E+00   D at   99  2   RLX: 0.890
       a = -5.750      CL = -0.4751
      Cm = -0.0320     CD =  0.04782   =>   CDf =  0.00524    CDp =  0.04258

 Side 1  free  transition at x/c =  0.9591   71
 Side 2  free  transition at x/c =  0.1156   40

  97   rms: 0.4110E+00   max: 0.2116E+01   T at   41  2   RLX: 0.328
       a = -5.750      CL = -0.5009
      Cm = -0.0371     CD =  0.06373   =>   CDf =  0.00356    CDp =  0.06018

 Side 1  free  transition at x/c =  0.9470   69
 Side 2  free  transition at x/c =  0.1139   41

  98   rms: 0.1611E+00   max: -.1258E+01   T at   69  1   RLX: 0.397
       a = -5.750      CL = -0.4198
      Cm = -0.0536     CD =  0.05011   =>   CDf =  0.00411    CDp =  0.04600

 Side 1  free  transition at x/c =  0.9662   71
 Side 2  free  transition at x/c =  0.1154   40

  99   rms: 0.1081E+00   max: 0.5604E+00   T at   71  1   RLX: 0.979
       a = -5.750      CL = -0.4218
      Cm = -0.0550     CD =  0.05400   =>   CDf =  0.00431    CDp =  0.04969

 MRCHDU: Convergence failed at  50  side 2    Res =  0.1510E+02
 MRCHDU: Convergence failed at  51  side 2    Res =  0.1477E+04
 TRCHEK2: N2 convergence failed.
 x:  0.29207  0.30526  0.30992  N:  8.991  9.000  9.002  Nx:   5.909   dN:-0.966E+01
 TRCHEK2: N2 convergence failed.
 x:  0.29207  0.30523  0.30992  N:  8.991  9.000  9.002  Nx:   5.946   dN:-0.172E+00
 TRCHEK2: N2 convergence failed.
 x:  0.29207  0.30865  0.30992  N:  8.991  9.000  9.000  Nx:   5.883   dN:-0.216E+01
 MRCHDU: Convergence failed at  52  side 2    Res =  0.7012E+02
 MRCHDU: Convergence failed at  53  side 2    Res =  0.8089E+02
 MRCHDU: Convergence failed at  54  side 2    Res =  0.1204E+03
 MRCHDU: Convergence failed at  55  side 2    Res =  0.1075E+03
 MRCHDU: Convergence failed at  56  side 2    Res =  0.8083E+02
 MRCHDU: Convergence failed at  57  side 2    Res =  0.6611E+02
 MRCHDU: Convergence failed at  58  side 2    Res =  0.4430E+03
 MRCHDU: Convergence failed at  59  side 2    Res =  0.8288E+03
 MRCHDU: Convergence failed at  60  side 2    Res =  0.1259E+03
 MRCHDU: Convergence failed at  61  side 2    Res =  0.6875E+02
 MRCHDU: Convergence failed at  62  side 2    Res =  0.7817E+03
 MRCHDU: Convergence failed at  63  side 2    Res =  0.7951E+03
 MRCHDU: Convergence failed at  64  side 2    Res =  0.7256E+03
 MRCHDU: Convergence failed at  65  side 2    Res =  0.6508E+03
 MRCHDU: Convergence failed at  66  side 2    Res =  0.5934E+03
 MRCHDU: Convergence failed at  67  side 2    Res =  0.6897E+03
 MRCHDU: Convergence failed at  68  side 2    Res =  0.5838E+03
 MRCHDU: Convergence failed at  69  side 2    Res =  0.5228E+03
 MRCHDU: Convergence failed at  70  side 2    Res =  0.4767E+03
 MRCHDU: Convergence failed at  71  side 2    Res =  0.4413E+03
 MRCHDU: Convergence failed at  72  side 2    Res =  0.4237E+03
 MRCHDU: Convergence failed at  73  side 2    Res =  0.4128E+03
 MRCHDU: Convergence failed at  74  side 2    Res =  0.4033E+03
 MRCHDU: Convergence failed at  75  side 2    Res =  0.3955E+03
 MRCHDU: Convergence failed at  76  side 2    Res =  0.4150E+03
 MRCHDU: Convergence failed at  77  side 2    Res =  0.4383E+03
 MRCHDU: Convergence failed at  78  side 2    Res =  0.4641E+03
 MRCHDU: Convergence failed at  79  side 2    Res =  0.2968E+03
 MRCHDU: Convergence failed at  80  side 2    Res =  0.2924E+03
 MRCHDU: Convergence failed at  81  side 2    Res =  0.2891E+03
 MRCHDU: Convergence failed at  82  side 2    Res =  0.2866E+03
 MRCHDU: Convergence failed at  83  side 2    Res =  0.2857E+03
 MRCHDU: Convergence failed at  84  side 2    Res =  0.2875E+03
 MRCHDU: Convergence failed at  85  side 2    Res =  0.2910E+03
 MRCHDU: Convergence failed at  86  side 2    Res =  0.2954E+03
 MRCHDU: Convergence failed at  87  side 2    Res =  0.3010E+03
 MRCHDU: Convergence failed at  88  side 2    Res =  0.3060E+03
 MRCHDU: Convergence failed at  89  side 2    Res =  0.3258E+03
 MRCHDU: Convergence failed at  90  side 2    Res =  0.3521E+03
 MRCHDU: Convergence failed at  91  side 2    Res =  0.3898E+03
 Side 1  free  transition at x/c =  0.9482   69
 Side 2  free  transition at x/c =  0.2616   52

 100   rms: 0.2612E+01   max: -.3704E+02   T at   52  2   RLX: 0.013
       a = -5.750      CL = -1.5541
      Cm =  0.3610     CD =  0.01092   =>   CDf =  0.00275    CDp =  0.00817

 Side 1  free  transition at x/c =  0.9520   70
 Side 2  free  transition at x/c =  0.2626   52

 101   rms: 0.3555E+01   max: 0.6578E+02   T at   52  2   RLX: 0.023
       a = -5.750      CL = -1.4252
      Cm =  0.2885     CD =  0.06750   =>   CDf =  0.00315    CDp =  0.06436

 Side 1  free  transition at x/c =  0.9564   70
 Side 2  free  transition at x/c =  0.2035   48

 102   rms: 0.2272E+01   max: 0.4406E+02   T at   48  2   RLX: 0.034
       a = -5.750      CL = -1.4578
      Cm =  0.2938     CD =  0.07355   =>   CDf =  0.00317    CDp =  0.07038

 Side 1  free  transition at x/c =  0.9689   71
 Side 2  free  transition at x/c =  0.1643   45

 103   rms: 0.4290E+01   max: 0.4918E+02   T at   46  2   RLX: 0.030
       a = -5.750      CL = -1.5026
      Cm =  0.2969     CD =  0.08186   =>   CDf =  0.00318    CDp =  0.07867

 Side 1  free  transition at x/c =  0.9730   70
 Side 2  free  transition at x/c =  0.1601   46

 104   rms: 0.1122E+01   max: -.8762E+01   T at   70  1   RLX: 0.057
       a = -5.750      CL = -1.5761
      Cm =  0.3137     CD =  0.08424   =>   CDf =  0.00318    CDp =  0.08106

 Side 1  free  transition at x/c =  0.9931   71
 Side 2  free  transition at x/c =  0.1437   45

 105   rms: 0.9090E+00   max: 0.1290E+02   T at   45  2   RLX: 0.100
       a = -5.750      CL = -1.5438
      Cm =  0.2999     CD =  0.09515   =>   CDf =  0.00323    CDp =  0.09192

 Side 1 forced transition at x/c =  1.0000   71
 Side 2  free  transition at x/c =  0.1276   44

 106   rms: 0.1437E+01   max: -.9740E+01   T at   44  2   RLX: 0.051
       a = -5.750      CL = -1.5169
      Cm =  0.3053     CD =  0.10428   =>   CDf =  0.00329    CDp =  0.10098

 Side 1 forced transition at x/c =  1.0000   71
 Side 2  free  transition at x/c =  0.1276   44

 107   rms: 0.1092E+01   max: -.7786E+01   T at   44  2   RLX: 0.064
       a = -5.750      CL = -1.4229
      Cm =  0.2867     CD =  0.11207   =>   CDf =  0.00355    CDp =  0.10852

 Side 1 forced transition at x/c =  1.0000   72
 Side 2  free  transition at x/c =  0.1279   43

 108   rms: 0.8359E+00   max: -.4203E+01   T at   43  2   RLX: 0.119
       a = -5.750      CL = -1.2472
      Cm =  0.2443     CD =  0.11266   =>   CDf =  0.00371    CDp =  0.10895

 Side 1 forced transition at x/c =  1.0000   72
 Side 2  free  transition at x/c =  0.1289   43

 109   rms: 0.6235E+00   max: -.1279E+01   T at  114  2   RLX: 0.312
       a = -5.750      CL = -0.8656
      Cm =  0.1466     CD =  0.09251   =>   CDf =  0.00412    CDp =  0.08839

 Side 1 forced transition at x/c =  1.0000   74
 Side 2  free  transition at x/c =  0.1298   41

 110   rms: 0.5340E+00   max: -.3265E+01   T at    2  1   RLX: 0.153
       a = -5.750      CL = -0.7367
      Cm =  0.1117     CD =  0.14593   =>   CDf =  0.00466    CDp =  0.14127

 Side 1 forced transition at x/c =  1.0000   74
 Side 2  free  transition at x/c =  0.1301   41

 111   rms: 0.4337E+00   max: -.9395E+00   D at  111  2   RLX: 0.532
       a = -5.750      CL = -0.3693
      Cm =  0.0216     CD =  0.08100   =>   CDf =  0.00473    CDp =  0.07628

 Side 1 forced transition at x/c =  1.0000   75
 Side 2  free  transition at x/c =  0.1333   40

 112   rms: 0.7117E+00   max: 0.4986E+01   D at  111  2   RLX: 0.301
       a = -5.750      CL = -0.1558
      Cm = -0.0148     CD =  0.08230   =>   CDf =  0.00480    CDp =  0.07750

 MRCHDU: Convergence failed at 110  side 2    Res =  0.5978E+01
 Side 1 forced transition at x/c =  1.0000   76
 Side 2  free  transition at x/c =  0.1340   39

 113   rms: 0.5650E+00   max: -.2634E+01   C at   76  1   RLX: 0.190
       a = -5.750      CL = -0.1775
      Cm = -0.0279     CD =  0.12901   =>   CDf =  0.00427    CDp =  0.12475

 Side 1 forced transition at x/c =  1.0000   76
 Side 2  free  transition at x/c =  0.1348   39

 114   rms: 0.3857E+00   max: -.1867E+01   D at  107  2   RLX: 0.268
       a = -5.750      CL = -0.2062
      Cm = -0.0366     CD =  0.11569   =>   CDf =  0.00473    CDp =  0.11096

 Side 1 forced transition at x/c =  1.0000   75
 Side 2  free  transition at x/c =  0.1358   40

 115   rms: 0.3496E+00   max: -.1770E+01   D at  108  2   RLX: 0.282
       a = -5.750      CL = -0.2341
      Cm = -0.0429     CD =  0.10897   =>   CDf =  0.00476    CDp =  0.10422

 Side 1 forced transition at x/c =  1.0000   75
 Side 2  free  transition at x/c =  0.1362   40

 116   rms: 0.3186E+00   max: -.1615E+01   D at  108  2   RLX: 0.310
       a = -5.750      CL = -0.2523
      Cm = -0.0506     CD =  0.09816   =>   CDf =  0.00469    CDp =  0.09347

 Side 1 forced transition at x/c =  1.0000   74
 Side 2  free  transition at x/c =  0.1369   41

 117   rms: 0.3035E+00   max: 0.1397E+01   C at   74  1   RLX: 0.370
       a = -5.750      CL = -0.2680
      Cm = -0.0587     CD =  0.08359   =>   CDf =  0.00452    CDp =  0.07907

 Side 1 forced transition at x/c =  1.0000   74
 Side 2  free  transition at x/c =  0.1448   42

 118   rms: 0.2933E+00   max: 0.2906E+01   C at   74  1   RLX: 0.516
       a = -5.750      CL = -0.2759
      Cm = -0.0723     CD =  0.06317   =>   CDf =  0.00423    CDp =  0.05894

 MRCHDU: Convergence failed at 112  side 2    Res =  0.9299E+00
 Side 1 forced transition at x/c =  1.0000   74
 Side 2  free  transition at x/c =  0.1389   42

 119   rms: 0.1069E+01   max: 0.4427E+01   D at    3  1   RLX: 0.152
       a = -5.750      CL = -0.2011
      Cm = -0.0593     CD =  0.07826   =>   CDf =  0.00386    CDp =  0.07439

 Side 1 forced transition at x/c =  1.0000   75
 Side 2  free  transition at x/c =  0.1419   41

 120   rms: 0.1021E+01   max: 0.1683E+02   T at    2  1   RLX: 0.070
       a = -5.750      CL = -0.2292
      Cm = -0.0568     CD =  0.08161   =>   CDf =  0.00416    CDp =  0.07746

 Side 1 forced transition at x/c =  1.0000   74
 Side 2  free  transition at x/c =  0.1410   42

 121   rms: 0.5329E+00   max: 0.3469E+01   C at   74  1   RLX: 0.303
       a = -5.750      CL = -0.3203
      Cm = -0.0545     CD =  0.07245   =>   CDf =  0.00408    CDp =  0.06837

 Side 1 forced transition at x/c =  1.0000   73
 Side 2  free  transition at x/c =  0.1415   43

 122   rms: 0.4196E+00   max: 0.2492E+01   D at   73  1   RLX: 0.602
       a = -5.750      CL = -0.4452
      Cm = -0.0437     CD =  0.05709   =>   CDf =  0.00420    CDp =  0.05289

 MRCHDU: Convergence failed at  61  side 2    Res =  0.2868E+01
 MRCHDU: Convergence failed at  62  side 2    Res =  0.1887E+01
 MRCHDU: Convergence failed at  63  side 2    Res =  0.1248E+01
 MRCHDU: Convergence failed at  64  side 2    Res =  0.1257E+01
 MRCHDU: Convergence failed at  65  side 2    Res =  0.1286E+01
 MRCHDU: Convergence failed at  66  side 2    Res =  0.1615E+01
 MRCHDU: Convergence failed at  67  side 2    Res =  0.1904E+01
 MRCHDU: Convergence failed at  68  side 2    Res =  0.2165E+01
 MRCHDU: Convergence failed at  69  side 2    Res =  0.2363E+01
 MRCHDU: Convergence failed at  70  side 2    Res =  0.2497E+01
 MRCHDU: Convergence failed at  71  side 2    Res =  0.3537E+01
 MRCHDU: Convergence failed at  72  side 2    Res =  0.4277E+01
 MRCHDU: Convergence failed at  73  side 2    Res =  0.4975E+01
 MRCHDU: Convergence failed at  74  side 2    Res =  0.5914E+01
 MRCHDU: Convergence failed at  75  side 2    Res =  0.7087E+01
 MRCHDU: Convergence failed at  76  side 2    Res =  0.9007E+01
 MRCHDU: Convergence failed at  77  side 2    Res =  0.1217E+02
 MRCHDU: Convergence failed at  78  side 2    Res =  0.1806E+02
 MRCHDU: Convergence failed at  79  side 2    Res =  0.3197E+02
 MRCHDU: Convergence failed at  80  side 2    Res =  0.1073E+03
 MRCHDU: Convergence failed at  81  side 2    Res =  0.9456E+02
 MRCHDU: Convergence failed at  82  side 2    Res =  0.3495E+02
 MRCHDU: Convergence failed at  83  side 2    Res =  0.2222E+02
 MRCHDU: Convergence failed at  84  side 2    Res =  0.1692E+02
 MRCHDU: Convergence failed at  85  side 2    Res =  0.1419E+02
 MRCHDU: Convergence failed at  86  side 2    Res =  0.1261E+02
 MRCHDU: Convergence failed at  87  side 2    Res =  0.1158E+02
 MRCHDU: Convergence failed at  88  side 2    Res =  0.1095E+02
 MRCHDU: Convergence failed at  89  side 2    Res =  0.1058E+02
 MRCHDU: Convergence failed at  90  side 2    Res =  0.1047E+02
 MRCHDU: Convergence failed at  91  side 2    Res =  0.1086E+02
 Side 1  free  transition at x/c =  0.9894   72
 Side 2  free  transition at x/c =  0.1281   43

 123   rms: 0.2375E+00   max: -.1561E+01   D at  114  2   RLX: 0.320
       a = -5.750      CL = -0.5386
      Cm =  0.0034     CD =  0.04455   =>   CDf =  0.00353    CDp =  0.04102

 Side 1  free  transition at x/c =  0.9849   72
 Side 2  free  transition at x/c =  0.1294   42

 124   rms: 0.1663E+00   max: 0.1605E+01   T at   72  1   RLX: 0.437
       a = -5.750      CL = -0.4833
      Cm = -0.0221     CD =  0.04570   =>   CDf =  0.00473    CDp =  0.04097

 Side 1  free  transition at x/c =  0.9672   71
 Side 2  free  transition at x/c =  0.1284   42

 125   rms: 0.9277E-01   max: -.4734E+00   D at   42  2
       a = -5.750      CL = -0.3749
      Cm = -0.0563     CD =  0.05275   =>   CDf =  0.00434    CDp =  0.04841

 Side 1  free  transition at x/c =  0.9616   71
 Side 2  free  transition at x/c =  0.1299   42

 126   rms: 0.5692E-01   max: -.2776E+00   T at   42  2
       a = -5.750      CL = -0.3657
      Cm = -0.0579     CD =  0.05477   =>   CDf =  0.00382    CDp =  0.05095

 Side 1  free  transition at x/c =  0.9669   71
 Side 2  free  transition at x/c =  0.1320   42

 127   rms: 0.4209E-01   max: -.3929E+00   T at   42  2
       a = -5.750      CL = -0.3432
      Cm = -0.0624     CD =  0.05367   =>   CDf =  0.00394    CDp =  0.04973

 Side 1  free  transition at x/c =  0.9755   72
 Side 2  free  transition at x/c =  0.1362   42

 128   rms: 0.4861E-01   max: 0.3206E+00   D at   73  1
       a = -5.750      CL = -0.3596
      Cm = -0.0600     CD =  0.05399   =>   CDf =  0.00398    CDp =  0.05001

 Side 1  free  transition at x/c =  0.9681   72
 Side 2  free  transition at x/c =  0.1351   42

 129   rms: 0.9226E-01   max: -.1437E+01   T at   42  2   RLX: 0.348
       a = -5.750      CL = -0.3577
      Cm = -0.0621     CD =  0.05412   =>   CDf =  0.00408    CDp =  0.05004

 Side 1  free  transition at x/c =  0.9677   71
 Side 2  free  transition at x/c =  0.1360   42

 130   rms: 0.5298E-01   max: -.3659E+00   D at   42  2
       a = -5.750      CL = -0.3594
      Cm = -0.0629     CD =  0.05317   =>   CDf =  0.00403    CDp =  0.04913

 Side 1  free  transition at x/c =  0.9667   71
 Side 2  free  transition at x/c =  0.1395   43

 131   rms: 0.3613E-01   max: -.2325E+00   T at   43  2
       a = -5.750      CL = -0.3455
      Cm = -0.0654     CD =  0.05232   =>   CDf =  0.00456    CDp =  0.04776

 Side 1  free  transition at x/c =  0.9717   72
 Side 2  free  transition at x/c =  0.1404   43

 132   rms: 0.3669E-01   max: 0.1762E+00   D at   73  1
       a = -5.750      CL = -0.3574
      Cm = -0.0635     CD =  0.05241   =>   CDf =  0.00413    CDp =  0.04828

 Side 1  free  transition at x/c =  0.9677   71
 Side 2  free  transition at x/c =  0.1400   43

 133   rms: 0.2632E-01   max: -.2142E+00   T at   71  1
       a = -5.750      CL = -0.3387
      Cm = -0.0661     CD =  0.05227   =>   CDf =  0.00428    CDp =  0.04799

 Side 1  free  transition at x/c =  0.9758   72
 Side 2  free  transition at x/c =  0.1405   43

 134   rms: 0.3503E-01   max: 0.3665E+00   D at   73  1
       a = -5.750      CL = -0.3568
      Cm = -0.0632     CD =  0.05253   =>   CDf =  0.00420    CDp =  0.04832

 Side 1  free  transition at x/c =  0.9675   71
 Side 2  free  transition at x/c =  0.1399   43

 135   rms: 0.2621E-01   max: -.1871E+00   T at   71  1
       a = -5.750      CL = -0.3418
      Cm = -0.0655     CD =  0.05225   =>   CDf =  0.00426    CDp =  0.04800

 Side 1  free  transition at x/c =  0.9745   72
 Side 2  free  transition at x/c =  0.1404   43

 136   rms: 0.2963E-01   max: 0.3061E+00   D at   73  1
       a = -5.750      CL = -0.3562
      Cm = -0.0632     CD =  0.05257   =>   CDf =  0.00422    CDp =  0.04835

 Side 1  free  transition at x/c =  0.9676   71
 Side 2  free  transition at x/c =  0.1400   43

 137   rms: 0.2402E-01   max: -.2006E+00   T at   71  1
       a = -5.750      CL = -0.3399
      Cm = -0.0658     CD =  0.05235   =>   CDf =  0.00428    CDp =  0.04806

 Side 1  free  transition at x/c =  0.9752   72
 Side 2  free  transition at x/c =  0.1405   43

 138   rms: 0.3146E-01   max: 0.3361E+00   D at   73  1
       a = -5.750      CL = -0.3563
      Cm = -0.0632     CD =  0.05256   =>   CDf =  0.00422    CDp =  0.04834

 Side 1  free  transition at x/c =  0.9676   71
 Side 2  free  transition at x/c =  0.1400   43

 139   rms: 0.2478E-01   max: -.1952E+00   T at   71  1
       a = -5.750      CL = -0.3407
      Cm = -0.0657     CD =  0.05230   =>   CDf =  0.00427    CDp =  0.04803

 Side 1  free  transition at x/c =  0.9749   72
 Side 2  free  transition at x/c =  0.1405   43

 140   rms: 0.3062E-01   max: 0.3243E+00   D at   73  1
       a = -5.750      CL = -0.3562
      Cm = -0.0632     CD =  0.05257   =>   CDf =  0.00422    CDp =  0.04835

 Side 1  free  transition at x/c =  0.9676   71
 Side 2  free  transition at x/c =  0.1400   43

 141   rms: 0.2433E-01   max: -.1971E+00   T at   71  1
       a = -5.750      CL = -0.3404
      Cm = -0.0657     CD =  0.05232   =>   CDf =  0.00428    CDp =  0.04804

 Side 1  free  transition at x/c =  0.9750   72
 Side 2  free  transition at x/c =  0.1405   43

 142   rms: 0.3088E-01   max: 0.3286E+00   D at   73  1
       a = -5.750      CL = -0.3562
      Cm = -0.0632     CD =  0.05257   =>   CDf =  0.00422    CDp =  0.04835

 Side 1  free  transition at x/c =  0.9676   71
 Side 2  free  transition at x/c =  0.1400   43

 143   rms: 0.2449E-01   max: -.1965E+00   T at   71  1
       a = -5.750      CL = -0.3405
      Cm = -0.0657     CD =  0.05231   =>   CDf =  0.00427    CDp =  0.04804

 Side 1  free  transition at x/c =  0.9750   72
 Side 2  free  transition at x/c =  0.1405   43

 144   rms: 0.3078E-01   max: 0.3271E+00   D at   73  1
       a = -5.750      CL = -0.3562
      Cm = -0.0632     CD =  0.05257   =>   CDf =  0.00422    CDp =  0.04835

 Side 1  free  transition at x/c =  0.9676   71
 Side 2  free  transition at x/c =  0.1400   43

 145   rms: 0.2443E-01   max: -.1967E+00   T at   71  1
       a = -5.750      CL = -0.3405
      Cm = -0.0657     CD =  0.05231   =>   CDf =  0.00427    CDp =  0.04804

 Side 1  free  transition at x/c =  0.9750   72
 Side 2  free  transition at x/c =  0.1405   43

 146   rms: 0.3082E-01   max: 0.3277E+00   D at   73  1
       a = -5.750      CL = -0.3562
      Cm = -0.0632     CD =  0.05257   =>   CDf =  0.00422    CDp =  0.04835

 Side 1  free  transition at x/c =  0.9676   71
 Side 2  free  transition at x/c =  0.1400   43

 147   rms: 0.2445E-01   max: -.1966E+00   T at   71  1
       a = -5.750      CL = -0.3405
      Cm = -0.0657     CD =  0.05231   =>   CDf =  0.00427    CDp =  0.04804

 Side 1  free  transition at x/c =  0.9750   72
 Side 2  free  transition at x/c =  0.1405   43

 148   rms: 0.3081E-01   max: 0.3275E+00   D at   73  1
       a = -5.750      CL = -0.3562
      Cm = -0.0632     CD =  0.05257   =>   CDf =  0.00422    CDp =  0.04835

 Side 1  free  transition at x/c =  0.9676   71
 Side 2  free  transition at x/c =  0.1400   43

 149   rms: 0.2444E-01   max: -.1967E+00   T at   71  1
       a = -5.750      CL = -0.3405
      Cm = -0.0657     CD =  0.05231   =>   CDf =  0.00427    CDp =  0.04804

 Side 1  free  transition at x/c =  0.9750   72
 Side 2  free  transition at x/c =  0.1405   43

 150   rms: 0.3081E-01   max: 0.3276E+00   D at   73  1
       a = -5.750      CL = -0.3562
      Cm = -0.0632     CD =  0.05257   =>   CDf =  0.00422    CDp =  0.04835

 Side 1  free  transition at x/c =  0.9676   71
 Side 2  free  transition at x/c =  0.1400   43

 151   rms: 0.2444E-01   max: -.1966E+00   T at   71  1
       a = -5.750      CL = -0.3405
      Cm = -0.0657     CD =  0.05231   =>   CDf =  0.00427    CDp =  0.04804

 Side 1  free  transition at x/c =  0.9750   72
 Side 2  free  transition at x/c =  0.1405   43

 152   rms: 0.3081E-01   max: 0.3275E+00   D at   73  1
       a = -5.750      CL = -0.3562
      Cm = -0.0632     CD =  0.05257   =>   CDf =  0.00422    CDp =  0.04835

 Side 1  free  transition at x/c =  0.9676   71
 Side 2  free  transition at x/c =  0.1400   43

 153   rms: 0.2444E-01   max: -.1966E+00   T at   71  1
       a = -5.750      CL = -0.3405
      Cm = -0.0657     CD =  0.05231   =>   CDf =  0.00427    CDp =  0.04804

 Side 1  free  transition at x/c =  0.9750   72
 Side 2  free  transition at x/c =  0.1405   43

 154   rms: 0.3081E-01   max: 0.3275E+00   D at   73  1
       a = -5.750      CL = -0.3562
      Cm = -0.0632     CD =  0.05257   =>   CDf =  0.00422    CDp =  0.04835

 Side 1  free  transition at x/c =  0.9676   71
 Side 2  free  transition at x/c =  0.1400   43

 155   rms: 0.2444E-01   max: -.1966E+00   T at   71  1
       a = -5.750      CL = -0.3405
      Cm = -0.0657     CD =  0.05231   =>   CDf =  0.00427    CDp =  0.04804

 Side 1  free  transition at x/c =  0.9750   72
 Side 2  free  transition at x/c =  0.1405   43

 156   rms: 0.3081E-01   max: 0.3275E+00   D at   73  1
       a = -5.750      CL = -0.3562
      Cm = -0.0632     CD =  0.05257   =>   CDf =  0.00422    CDp =  0.04835

 Side 1  free  transition at x/c =  0.9676   71
 Side 2  free  transition at x/c =  0.1400   43

 157   rms: 0.2444E-01   max: -.1966E+00   T at   71  1
       a = -5.750      CL = -0.3405
      Cm = -0.0657     CD =  0.05231   =>   CDf =  0.00427    CDp =  0.04804

 Side 1  free  transition at x/c =  0.9750   72
 Side 2  free  transition at x/c =  0.1405   43

 158   rms: 0.3081E-01   max: 0.3275E+00   D at   73  1
       a = -5.750      CL = -0.3562
      Cm = -0.0632     CD =  0.05257   =>   CDf =  0.00422    CDp =  0.04835

 Side 1  free  transition at x/c =  0.9676   71
 Side 2  free  transition at x/c =  0.1400   43

 159   rms: 0.2444E-01   max: -.1966E+00   T at   71  1
       a = -5.750      CL = -0.3405
      Cm = -0.0657     CD =  0.05231   =>   CDf =  0.00427    CDp =  0.04804

 Side 1  free  transition at x/c =  0.9750   72
 Side 2  free  transition at x/c =  0.1405   43

 160   rms: 0.3081E-01   max: 0.3275E+00   D at   73  1
       a = -5.750      CL = -0.3562
      Cm = -0.0632     CD =  0.05257   =>   CDf =  0.00422    CDp =  0.04835

 Side 1  free  transition at x/c =  0.9676   71
 Side 2  free  transition at x/c =  0.1400   43

 161   rms: 0.2444E-01   max: -.1966E+00   T at   71  1
       a = -5.750      CL = -0.3405
      Cm = -0.0657     CD =  0.05231   =>   CDf =  0.00427    CDp =  0.04804

 Side 1  free  transition at x/c =  0.9750   72
 Side 2  free  transition at x/c =  0.1405   43

 162   rms: 0.3081E-01   max: 0.3275E+00   D at   73  1
       a = -5.750      CL = -0.3562
      Cm = -0.0632     CD =  0.05257   =>   CDf =  0.00422    CDp =  0.04835

 Side 1  free  transition at x/c =  0.9676   71
 Side 2  free  transition at x/c =  0.1400   43

 163   rms: 0.2444E-01   max: -.1966E+00   T at   71  1
       a = -5.750      CL = -0.3405
      Cm = -0.0657     CD =  0.05231   =>   CDf =  0.00427    CDp =  0.04804

 Side 1  free  transition at x/c =  0.9750   72
 Side 2  free  transition at x/c =  0.1405   43

 164   rms: 0.3081E-01   max: 0.3275E+00   D at   73  1
       a = -5.750      CL = -0.3562
      Cm = -0.0632     CD =  0.05257   =>   CDf =  0.00422    CDp =  0.04835

 Side 1  free  transition at x/c =  0.9676   71
 Side 2  free  transition at x/c =  0.1400   43

 165   rms: 0.2444E-01   max: -.1966E+00   T at   71  1
       a = -5.750      CL = -0.3405
      Cm = -0.0657     CD =  0.05231   =>   CDf =  0.00427    CDp =  0.04804

 Side 1  free  transition at x/c =  0.9750   72
 Side 2  free  transition at x/c =  0.1405   43

 166   rms: 0.3081E-01   max: 0.3275E+00   D at   73  1
       a = -5.750      CL = -0.3562
      Cm = -0.0632     CD =  0.05257   =>   CDf =  0.00422    CDp =  0.04835

 Side 1  free  transition at x/c =  0.9676   71
 Side 2  free  transition at x/c =  0.1400   43

 167   rms: 0.2444E-01   max: -.1966E+00   T at   71  1
       a = -5.750      CL = -0.3405
      Cm = -0.0657     CD =  0.05231   =>   CDf =  0.00427    CDp =  0.04804

 Side 1  free  transition at x/c =  0.9750   72
 Side 2  free  transition at x/c =  0.1405   43

 168   rms: 0.3081E-01   max: 0.3275E+00   D at   73  1
       a = -5.750      CL = -0.3562
      Cm = -0.0632     CD =  0.05257   =>   CDf =  0.00422    CDp =  0.04835

 Side 1  free  transition at x/c =  0.9676   71
 Side 2  free  transition at x/c =  0.1400   43

 169   rms: 0.2444E-01   max: -.1966E+00   T at   71  1
       a = -5.750      CL = -0.3405
      Cm = -0.0657     CD =  0.05231   =>   CDf =  0.00427    CDp =  0.04804

 Side 1  free  transition at x/c =  0.9750   72
 Side 2  free  transition at x/c =  0.1405   43

 170   rms: 0.3081E-01   max: 0.3275E+00   D at   73  1
       a = -5.750      CL = -0.3562
      Cm = -0.0632     CD =  0.05257   =>   CDf =  0.00422    CDp =  0.04835

 Side 1  free  transition at x/c =  0.9676   71
 Side 2  free  transition at x/c =  0.1400   43

 171   rms: 0.2444E-01   max: -.1966E+00   T at   71  1
       a = -5.750      CL = -0.3405
      Cm = -0.0657     CD =  0.05231   =>   CDf =  0.00427    CDp =  0.04804

 Side 1  free  transition at x/c =  0.9750   72
 Side 2  free  transition at x/c =  0.1405   43

 172   rms: 0.3081E-01   max: 0.3275E+00   D at   73  1
       a = -5.750      CL = -0.3562
      Cm = -0.0632     CD =  0.05257   =>   CDf =  0.00422    CDp =  0.04835

 Side 1  free  transition at x/c =  0.9676   71
 Side 2  free  transition at x/c =  0.1400   43

 173   rms: 0.2444E-01   max: -.1966E+00   T at   71  1
       a = -5.750      CL = -0.3405
      Cm = -0.0657     CD =  0.05231   =>   CDf =  0.00427    CDp =  0.04804

 Side 1  free  transition at x/c =  0.9750   72
 Side 2  free  transition at x/c =  0.1405   43

 174   rms: 0.3081E-01   max: 0.3275E+00   D at   73  1
       a = -5.750      CL = -0.3562
      Cm = -0.0632     CD =  0.05257   =>   CDf =  0.00422    CDp =  0.04835

 Side 1  free  transition at x/c =  0.9676   71
 Side 2  free  transition at x/c =  0.1400   43

 175   rms: 0.2444E-01   max: -.1966E+00   T at   71  1
       a = -5.750      CL = -0.3405
      Cm = -0.0657     CD =  0.05231   =>   CDf =  0.00427    CDp =  0.04804

 Side 1  free  transition at x/c =  0.9750   72
 Side 2  free  transition at x/c =  0.1405   43

 176   rms: 0.3081E-01   max: 0.3275E+00   D at   73  1
       a = -5.750      CL = -0.3562
      Cm = -0.0632     CD =  0.05257   =>   CDf =  0.00422    CDp =  0.04835

 Side 1  free  transition at x/c =  0.9676   71
 Side 2  free  transition at x/c =  0.1400   43

 177   rms: 0.2444E-01   max: -.1966E+00   T at   71  1
       a = -5.750      CL = -0.3405
      Cm = -0.0657     CD =  0.05231   =>   CDf =  0.00427    CDp =  0.04804

 Side 1  free  transition at x/c =  0.9750   72
 Side 2  free  transition at x/c =  0.1405   43

 178   rms: 0.3081E-01   max: 0.3275E+00   D at   73  1
       a = -5.750      CL = -0.3562
      Cm = -0.0632     CD =  0.05257   =>   CDf =  0.00422    CDp =  0.04835

 Side 1  free  transition at x/c =  0.9676   71
 Side 2  free  transition at x/c =  0.1400   43

 179   rms: 0.2444E-01   max: -.1966E+00   T at   71  1
       a = -5.750      CL = -0.3405
      Cm = -0.0657     CD =  0.05231   =>   CDf =  0.00427    CDp =  0.04804

 Side 1  free  transition at x/c =  0.9750   72
 Side 2  free  transition at x/c =  0.1405   43

 180   rms: 0.3081E-01   max: 0.3275E+00   D at   73  1
       a = -5.750      CL = -0.3562
      Cm = -0.0632     CD =  0.05257   =>   CDf =  0.00422    CDp =  0.04835

 Side 1  free  transition at x/c =  0.9676   71
 Side 2  free  transition at x/c =  0.1400   43

 181   rms: 0.2444E-01   max: -.1966E+00   T at   71  1
       a = -5.750      CL = -0.3405
      Cm = -0.0657     CD =  0.05231   =>   CDf =  0.00427    CDp =  0.04804

 Side 1  free  transition at x/c =  0.9750   72
 Side 2  free  transition at x/c =  0.1405   43

 182   rms: 0.3081E-01   max: 0.3275E+00   D at   73  1
       a = -5.750      CL = -0.3562
      Cm = -0.0632     CD =  0.05257   =>   CDf =  0.00422    CDp =  0.04835

 Side 1  free  transition at x/c =  0.9676   71
 Side 2  free  transition at x/c =  0.1400   43

 183   rms: 0.2444E-01   max: -.1966E+00   T at   71  1
       a = -5.750      CL = -0.3405
      Cm = -0.0657     CD =  0.05231   =>   CDf =  0.00427    CDp =  0.04804

 Side 1  free  transition at x/c =  0.9750   72
 Side 2  free  transition at x/c =  0.1405   43

 184   rms: 0.3081E-01   max: 0.3275E+00   D at   73  1
       a = -5.750      CL = -0.3562
      Cm = -0.0632     CD =  0.05257   =>   CDf =  0.00422    CDp =  0.04835

 Side 1  free  transition at x/c =  0.9676   71
 Side 2  free  transition at x/c =  0.1400   43

 185   rms: 0.2444E-01   max: -.1966E+00   T at   71  1
       a = -5.750      CL = -0.3405
      Cm = -0.0657     CD =  0.05231   =>   CDf =  0.00427    CDp =  0.04804

 Side 1  free  transition at x/c =  0.9750   72
 Side 2  free  transition at x/c =  0.1405   43

 186   rms: 0.3081E-01   max: 0.3275E+00   D at   73  1
       a = -5.750      CL = -0.3562
      Cm = -0.0632     CD =  0.05257   =>   CDf =  0.00422    CDp =  0.04835

 Side 1  free  transition at x/c =  0.9676   71
 Side 2  free  transition at x/c =  0.1400   43

 187   rms: 0.2444E-01   max: -.1966E+00   T at   71  1
       a = -5.750      CL = -0.3405
      Cm = -0.0657     CD =  0.05231   =>   CDf =  0.00427    CDp =  0.04804

 Side 1  free  transition at x/c =  0.9750   72
 Side 2  free  transition at x/c =  0.1405   43

 188   rms: 0.3081E-01   max: 0.3275E+00   D at   73  1
       a = -5.750      CL = -0.3562
      Cm = -0.0632     CD =  0.05257   =>   CDf =  0.00422    CDp =  0.04835

 Side 1  free  transition at x/c =  0.9676   71
 Side 2  free  transition at x/c =  0.1400   43

 189   rms: 0.2444E-01   max: -.1966E+00   T at   71  1
       a = -5.750      CL = -0.3405
      Cm = -0.0657     CD =  0.05231   =>   CDf =  0.00427    CDp =  0.04804

 Side 1  free  transition at x/c =  0.9750   72
 Side 2  free  transition at x/c =  0.1405   43

 190   rms: 0.3081E-01   max: 0.3275E+00   D at   73  1
       a = -5.750      CL = -0.3562
      Cm = -0.0632     CD =  0.05257   =>   CDf =  0.00422    CDp =  0.04835

 Side 1  free  transition at x/c =  0.9676   71
 Side 2  free  transition at x/c =  0.1400   43

 191   rms: 0.2444E-01   max: -.1966E+00   T at   71  1
       a = -5.750      CL = -0.3405
      Cm = -0.0657     CD =  0.05231   =>   CDf =  0.00427    CDp =  0.04804

 Side 1  free  transition at x/c =  0.9750   72
 Side 2  free  transition at x/c =  0.1405   43

 192   rms: 0.3081E-01   max: 0.3275E+00   D at   73  1
       a = -5.750      CL = -0.3562
      Cm = -0.0632     CD =  0.05257   =>   CDf =  0.00422    CDp =  0.04835

 Side 1  free  transition at x/c =  0.9676   71
 Side 2  free  transition at x/c =  0.1400   43

 193   rms: 0.2444E-01   max: -.1966E+00   T at   71  1
       a = -5.750      CL = -0.3405
      Cm = -0.0657     CD =  0.05231   =>   CDf =  0.00427    CDp =  0.04804

 Side 1  free  transition at x/c =  0.9750   72
 Side 2  free  transition at x/c =  0.1405   43

 194   rms: 0.3081E-01   max: 0.3275E+00   D at   73  1
       a = -5.750      CL = -0.3562
      Cm = -0.0632     CD =  0.05257   =>   CDf =  0.00422    CDp =  0.04835

 Side 1  free  transition at x/c =  0.9676   71
 Side 2  free  transition at x/c =  0.1400   43

 195   rms: 0.2444E-01   max: -.1966E+00   T at   71  1
       a = -5.750      CL = -0.3405
      Cm = -0.0657     CD =  0.05231   =>   CDf =  0.00427    CDp =  0.04804

 Side 1  free  transition at x/c =  0.9750   72
 Side 2  free  transition at x/c =  0.1405   43

 196   rms: 0.3081E-01   max: 0.3275E+00   D at   73  1
       a = -5.750      CL = -0.3562
      Cm = -0.0632     CD =  0.05257   =>   CDf =  0.00422    CDp =  0.04835

 Side 1  free  transition at x/c =  0.9676   71
 Side 2  free  transition at x/c =  0.1400   43

 197   rms: 0.2444E-01   max: -.1966E+00   T at   71  1
       a = -5.750      CL = -0.3405
      Cm = -0.0657     CD =  0.05231   =>   CDf =  0.00427    CDp =  0.04804

 Side 1  free  transition at x/c =  0.9750   72
 Side 2  free  transition at x/c =  0.1405   43

 198   rms: 0.3081E-01   max: 0.3275E+00   D at   73  1
       a = -5.750      CL = -0.3562
      Cm = -0.0632     CD =  0.05257   =>   CDf =  0.00422    CDp =  0.04835

 Side 1  free  transition at x/c =  0.9676   71
 Side 2  free  transition at x/c =  0.1400   43

 199   rms: 0.2444E-01   max: -.1966E+00   T at   71  1
       a = -5.750      CL = -0.3405
      Cm = -0.0657     CD =  0.05231   =>   CDf =  0.00427    CDp =  0.04804

 Side 1  free  transition at x/c =  0.9750   72
 Side 2  free  transition at x/c =  0.1405   43

 200   rms: 0.3081E-01   max: 0.3275E+00   D at   73  1
       a = -5.750      CL = -0.3562
      Cm = -0.0632     CD =  0.05257   =>   CDf =  0.00422    CDp =  0.04835

 Side 1  free  transition at x/c =  0.9676   71
 Side 2  free  transition at x/c =  0.1400   43

 201   rms: 0.2444E-01   max: -.1966E+00   T at   71  1
       a = -5.750      CL = -0.3405
      Cm = -0.0657     CD =  0.05231   =>   CDf =  0.00427    CDp =  0.04804

 Side 1  free  transition at x/c =  0.9750   72
 Side 2  free  transition at x/c =  0.1405   43

 202   rms: 0.3081E-01   max: 0.3275E+00   D at   73  1
       a = -5.750      CL = -0.3562
      Cm = -0.0632     CD =  0.05257   =>   CDf =  0.00422    CDp =  0.04835

 Side 1  free  transition at x/c =  0.9676   71
 Side 2  free  transition at x/c =  0.1400   43

 203   rms: 0.2444E-01   max: -.1966E+00   T at   71  1
       a = -5.750      CL = -0.3405
      Cm = -0.0657     CD =  0.05231   =>   CDf =  0.00427    CDp =  0.04804

 Side 1  free  transition at x/c =  0.9750   72
 Side 2  free  transition at x/c =  0.1405   43

 204   rms: 0.3081E-01   max: 0.3275E+00   D at   73  1
       a = -5.750      CL = -0.3562
      Cm = -0.0632     CD =  0.05257   =>   CDf =  0.00422    CDp =  0.04835

 Side 1  free  transition at x/c =  0.9676   71
 Side 2  free  transition at x/c =  0.1400   43

 205   rms: 0.2444E-01   max: -.1966E+00   T at   71  1
       a = -5.750      CL = -0.3405
      Cm = -0.0657     CD =  0.05231   =>   CDf =  0.00427    CDp =  0.04804
 VISCAL:  Convergence failed
      9.000   16.1461   0.052314   0.003259   0.000000  -0.003259    0.9676     #
 Calculating wake trajectory ...
 Calculating source influence matrix ...

 Solving BL system ...

 Side 1  free  transition at x/c =  0.9750   72
 Side 2  free  transition at x/c =  0.1405   43

   1   rms: 0.5424E-01   max: -.3919E+00   T at   43  2
       a = -5.500      CL = -0.3236
      Cm = -0.0643     CD =  0.05029   =>   CDf =  0.00422    CDp =  0.04607

 Side 1  free  transition at x/c =  0.9650   71
 Side 2  free  transition at x/c =  0.1418   43

   2   rms: 0.8169E-01   max: 0.3283E+00   T at   71  1
       a = -5.500      CL = -0.3573
      Cm = -0.0606     CD =  0.05032   =>   CDf =  0.00397    CDp =  0.04635

 Side 1  free  transition at x/c =  0.9537   71
 Side 2  free  transition at x/c =  0.1413   43

   3   rms: 0.2963E-01   max: -.2015E+00   T at   43  2
       a = -5.500      CL = -0.3358
      Cm = -0.0624     CD =  0.05083   =>   CDf =  0.00422    CDp =  0.04661

 Side 1  free  transition at x/c =  0.9592   71
 Side 2  free  transition at x/c =  0.1425   43

   4   rms: 0.2072E-01   max: -.7335E-01   T at   43  2
       a = -5.500      CL = -0.3336
      Cm = -0.0631     CD =  0.05062   =>   CDf =  0.00417    CDp =  0.04645

 Side 1  free  transition at x/c =  0.9606   71
 Side 2  free  transition at x/c =  0.1433   43

   5   rms: 0.3163E-02   max: -.2472E-01   T at   43  2
       a = -5.500      CL = -0.3319
      Cm = -0.0633     CD =  0.05071   =>   CDf =  0.00425    CDp =  0.04646

 Side 1  free  transition at x/c =  0.9608   71
 Side 2  free  transition at x/c =  0.1435   43

   6   rms: 0.3179E-03   max: -.2653E-02   T at   43  2
       a = -5.500      CL = -0.3318
      Cm = -0.0634     CD =  0.05072   =>   CDf =  0.00426    CDp =  0.04646

 Side 1  free  transition at x/c =  0.9608   71
 Side 2  free  transition at x/c =  0.1436   43

   7   rms: 0.1808E-04   max: -.1950E-03   T at   43  2
       a = -5.500      CL = -0.3318
      Cm = -0.0634     CD =  0.05072   =>   CDf =  0.00426    CDp =  0.04646
      9.000   13.1279   0.050723   0.003241   0.000000  -0.003241    0.9608     #

 Point added to stored polar  1
 Point written to save file  clarky_re150000_clean.polar                     
 Dump file unspecified or not available
 Calculating wake trajectory ...
 Calculating source influence matrix ...

 Solving BL system ...

 Side 1  free  transition at x/c =  0.9608   71
 Side 2  free  transition at x/c =  0.1436   43

   1   rms: 0.4641E-01   max: -.5659E+00   T at   43  2   RLX: 0.884
       a = -5.250      CL = -0.3093
      Cm = -0.0647     CD =  0.04857   =>   CDf =  0.00425    CDp =  0.04432

 Side 1  free  transition at x/c =  0.9544   72
 Side 2  free  transition at x/c =  0.1503   42

   2   rms: 0.9965E-01   max: -.3000E+00   D at   89  2
       a = -5.250      CL = -0.3125
      Cm = -0.0641     CD =  0.04726   =>   CDf =  0.00407    CDp =  0.04319

 Side 1  free  transition at x/c =  0.9547   72
 Side 2  free  transition at x/c =  0.1486   42

   3   rms: 0.6924E-01   max: 0.7556E+00   T at   42  2
       a = -5.250      CL = -0.3088
      Cm = -0.0627     CD =  0.04806   =>   CDf =  0.00412    CDp =  0.04394

 Side 1  free  transition at x/c =  0.9558   72
 Side 2  free  transition at x/c =  0.1447   42

   4   rms: 0.1006E+00   max: -.3751E+00   T at   42  2
       a = -5.250      CL = -0.3164
      Cm = -0.0657     CD =  0.04722   =>   CDf =  0.00394    CDp =  0.04328

 Side 1  free  transition at x/c =  0.9531   72
 Side 2  free  transition at x/c =  0.1503   42

   5   rms: 0.6980E-01   max: 0.3170E+00   T at   42  2
       a = -5.250      CL = -0.3074
      Cm = -0.0642     CD =  0.04784   =>   CDf =  0.00421    CDp =  0.04363

 Side 1  free  transition at x/c =  0.9550   72
 Side 2  free  transition at x/c =  0.1486   42

   6   rms: 0.6770E-01   max: 0.8398E+00   T at   42  2
       a = -5.250      CL = -0.3071
      Cm = -0.0622     CD =  0.04851   =>   CDf =  0.00413    CDp =  0.04438

 Side 1  free  transition at x/c =  0.9563   72
 Side 2  free  transition at x/c =  0.1435   42

   7   rms: 0.1101E+00   max: -.3805E+00   D at   87  2
       a = -5.250      CL = -0.3200
      Cm = -0.0649     CD =  0.04754   =>   CDf =  0.00389    CDp =  0.04365

 Side 1  free  transition at x/c =  0.9528   72
 Side 2  free  transition at x/c =  0.1477   42

   8   rms: 0.4795E+00   max: 0.8080E+01   T at   42  2   RLX: 0.165
       a = -5.250      CL = -0.3160
      Cm = -0.0607     CD =  0.05167   =>   CDf =  0.00424    CDp =  0.04743

 Side 1  free  transition at x/c =  0.9552   72
 Side 2  free  transition at x/c =  0.1392   42

   9   rms: 0.1770E+00   max: -.6445E+00   D at   85  2   RLX: 0.776
       a = -5.250      CL = -0.3592
      Cm = -0.0586     CD =  0.05459   =>   CDf =  0.00368    CDp =  0.05091

 Side 1  free  transition at x/c =  0.9485   70
 Side 2  free  transition at x/c =  0.1401   43

  10   rms: 0.1026E+01   max: 0.8036E+01   T at   70  1   RLX: 0.098
       a = -5.250      CL = -0.4302
      Cm = -0.0452     CD =  0.06090   =>   CDf =  0.00397    CDp =  0.05692

 Side 1  free  transition at x/c =  0.9261   69
 Side 2  free  transition at x/c =  0.1370   42

  11   rms: 0.3735E+00   max: -.2763E+01   T at   42  2   RLX: 0.181
       a = -5.250      CL = -0.4413
      Cm = -0.0477     CD =  0.05671   =>   CDf =  0.00403    CDp =  0.05268

 Side 1  free  transition at x/c =  0.9233   69
 Side 2  free  transition at x/c =  0.1343   42

  12   rms: 0.1341E+00   max: -.8237E+00   T at   69  1   RLX: 0.607
       a = -5.250      CL = -0.3505
      Cm = -0.0617     CD =  0.04821   =>   CDf =  0.00434    CDp =  0.04386

 Side 1  free  transition at x/c =  0.9446   70
 Side 2  free  transition at x/c =  0.1365   42

  13   rms: 0.7592E-01   max: -.5370E+00   D at   42  2   RLX: 0.931
       a = -5.250      CL = -0.3163
      Cm = -0.0678     CD =  0.04677   =>   CDf =  0.00444    CDp =  0.04233

 MRCHDU: Convergence failed at  53  side 2    Res =  0.2506E+03
 MRCHDU: Convergence failed at  54  side 2    Res =  0.7485E+02
 MRCHDU: Convergence failed at  55  side 2    Res =  0.2917E+03
 MRCHDU: Convergence failed at  56  side 2    Res =  0.1501E+04
 MRCHDU: Convergence failed at  57  side 2    Res =  0.2575E+03
 MRCHDU: Convergence failed at  58  side 2    Res =  0.8417E+02
 MRCHDU: Convergence failed at  59  side 2    Res =  0.1624E+04
 MRCHDU: Convergence failed at  60  side 2    Res =  0.3137E+03
 MRCHDU: Convergence failed at  61  side 2    Res =  0.8474E+02
 MRCHDU: Convergence failed at  62  side 2    Res =  0.9261E+02
 MRCHDU: Convergence failed at  63  side 2    Res =  0.4542E+03
 MRCHDU: Convergence failed at  64  side 2    Res =  0.1721E+03
 MRCHDU: Convergence failed at  65  side 2    Res =  0.2113E+03
 MRCHDU: Convergence failed at  66  side 2    Res =  0.2110E+03
 MRCHDU: Convergence failed at  67  side 2    Res =  0.2187E+03
 MRCHDU: Convergence failed at  68  side 2    Res =  0.2302E+03
 MRCHDU: Convergence failed at  69  side 2    Res =  0.2715E+03
 MRCHDU: Convergence failed at  70  side 2    Res =  0.1715E+03
 MRCHDU: Convergence failed at  71  side 2    Res =  0.2077E+03
 MRCHDU: Convergence failed at  72  side 2    Res =  0.9932E+02
 MRCHDU: Convergence failed at  73  side 2    Res =  0.2310E+03
 MRCHDU: Convergence failed at  74  side 2    Res =  0.9596E+02
 MRCHDU: Convergence failed at  75  side 2    Res =  0.9712E+02
 MRCHDU: Convergence failed at  76  side 2    Res =  0.1288E+03
 MRCHDU: Convergence failed at  77  side 2    Res =  0.1306E+03
 MRCHDU: Convergence failed at  78  side 2    Res =  0.1328E+03
 MRCHDU: Convergence failed at  79  side 2    Res =  0.1354E+03
 MRCHDU: Convergence failed at  80  side 2    Res =  0.1384E+03
 MRCHDU: Convergence failed at  81  side 2    Res =  0.1418E+03
 MRCHDU: Convergence failed at  82  side 2    Res =  0.1458E+03
 MRCHDU: Convergence failed at  83  side 2    Res =  0.1504E+03
 MRCHDU: Convergence failed at  84  side 2    Res =  0.1557E+03
 MRCHDU: Convergence failed at  85  side 2    Res =  0.1617E+03
 MRCHDU: Convergence failed at  86  side 2    Res =  0.1689E+03
 MRCHDU: Convergence failed at  87  side 2    Res =  0.1773E+03
 MRCHDU: Convergence failed at  88  side 2    Res =  0.1875E+03
 MRCHDU: Convergence failed at  89  side 2    Res =  0.2001E+03
 MRCHDU: Convergence failed at  90  side 2    Res =  0.2182E+03
 Side 1  free  transition at x/c =  0.9492   70
 Side 2  free  transition at x/c =  0.2954   52

  14   rms: 0.2480E+01   max: 0.4190E+02   T at   52  2   RLX: 0.020
       a = -5.250      CL = -1.2037
      Cm =  0.2738     CD =  0.01054   =>   CDf =  0.00300    CDp =  0.00754

 Side 1  free  transition at x/c =  0.9580   72
 Side 2  free  transition at x/c =  0.3108   52

  15   rms: 0.1736E+01   max: 0.1719E+02   T at   52  2   RLX: 0.061
       a = -5.250      CL = -1.0921
      Cm =  0.2107     CD =  0.06199   =>   CDf =  0.00332    CDp =  0.05867

 Side 1  free  transition at x/c =  0.9770   72
 Side 2  free  transition at x/c =  0.1745   45

  16   rms: 0.1004E+01   max: 0.1337E+02   T at   45  2   RLX: 0.102
       a = -5.250      CL = -1.0704
      Cm =  0.2086     CD =  0.08604   =>   CDf =  0.00345    CDp =  0.08258

 Side 1 forced transition at x/c =  1.0000   73
 Side 2  free  transition at x/c =  0.1467   43

  17   rms: 0.9774E+00   max: -.4764E+01   T at   43  2   RLX: 0.105
       a = -5.250      CL = -0.9517
      Cm =  0.1834     CD =  0.08267   =>   CDf =  0.00354    CDp =  0.07912

 Side 1 forced transition at x/c =  1.0000   74
 Side 2  free  transition at x/c =  0.1443   42

  18   rms: 0.7969E+00   max: -.6122E+01   C at   74  1   RLX: 0.082
       a = -5.250      CL = -0.8666
      Cm =  0.1600     CD =  0.09743   =>   CDf =  0.00392    CDp =  0.09351

 Side 1 forced transition at x/c =  1.0000   74
 Side 2  free  transition at x/c =  0.1449   42

  19   rms: 0.4722E+00   max: -.2072E+01   C at   74  1   RLX: 0.241
       a = -5.250      CL = -0.6755
      Cm =  0.1094     CD =  0.09517   =>   CDf =  0.00417    CDp =  0.09100

 Side 1 forced transition at x/c =  1.0000   74
 Side 2  free  transition at x/c =  0.1462   42

  20   rms: 0.4103E+00   max: -.1017E+01   C at  112  2   RLX: 0.492
       a = -5.250      CL = -0.3666
      Cm =  0.0296     CD =  0.07073   =>   CDf =  0.00446    CDp =  0.06627

 MRCHDU: Convergence failed at 103  side 2    Res =  0.8177E+00
 MRCHDU: Convergence failed at 104  side 2    Res =  0.1182E+01
 MRCHDU: Convergence failed at 105  side 2    Res =  0.3417E+01
 Side 1 forced transition at x/c =  1.0000   75
 Side 2  free  transition at x/c =  0.1475   41

  21   rms: 0.3091E+00   max: -.1063E+01   D at  108  2   RLX: 0.470
       a = -5.250      CL = -0.2275
      Cm = -0.0125     CD =  0.08915   =>   CDf =  0.00463    CDp =  0.08453

 Side 1 forced transition at x/c =  1.0000   76
 Side 2  free  transition at x/c =  0.1496   40

  22   rms: 0.5450E+00   max: 0.4593E+01   D at    2  1   RLX: 0.120
       a = -5.250      CL = -0.2213
      Cm = -0.0240     CD =  0.10920   =>   CDf =  0.00460    CDp =  0.10460

 Side 1 forced transition at x/c =  1.0000   75
 Side 2  free  transition at x/c =  0.1497   41

  23   rms: 0.3104E+00   max: -.1283E+01   D at  108  2   RLX: 0.390
       a = -5.250      CL = -0.2106
      Cm = -0.0382     CD =  0.08856   =>   CDf =  0.00462    CDp =  0.08394

 Side 1 forced transition at x/c =  1.0000   75
 Side 2  free  transition at x/c =  0.1506   41

  24   rms: 0.4143E+00   max: 0.1505E+01   C at   75  1   RLX: 0.335
       a = -5.250      CL = -0.2351
      Cm = -0.0558     CD =  0.08716   =>   CDf =  0.00449    CDp =  0.08267

 Side 1 forced transition at x/c =  1.0000   74
 Side 2  free  transition at x/c =  0.1509   42

  25   rms: 0.5169E+00   max: 0.4779E+01   D at    2  2   RLX: 0.225
       a = -5.250      CL = -0.2603
      Cm = -0.0663     CD =  0.08075   =>   CDf =  0.00426    CDp =  0.07648

 Side 1 forced transition at x/c =  1.0000   74
 Side 2  free  transition at x/c =  0.1510   42

  26   rms: 0.4366E+00   max: 0.3580E+01   C at   74  1   RLX: 0.419
       a = -5.250      CL = -0.3722
      Cm = -0.0576     CD =  0.06747   =>   CDf =  0.00407    CDp =  0.06339

 Side 1 forced transition at x/c =  1.0000   73
 Side 2  free  transition at x/c =  0.1456   43

  27   rms: 0.3302E+00   max: 0.3424E+01   T at   43  2   RLX: 0.438
       a = -5.250      CL = -0.4534
      Cm = -0.0414     CD =  0.07094   =>   CDf =  0.00385    CDp =  0.06709

 Side 1  free  transition at x/c =  0.9708   72
 Side 2  free  transition at x/c =  0.1236   41

  28   rms: 0.2370E+00   max: 0.1318E+01   T at   72  1   RLX: 0.623
       a = -5.250      CL = -0.4575
      Cm = -0.0492     CD =  0.05865   =>   CDf =  0.00349    CDp =  0.05515

 Side 1  free  transition at x/c =  0.9502   71
 Side 2  free  transition at x/c =  0.1238   41

  29   rms: 0.1705E+00   max: 0.7281E+00   T at   71  1   RLX: 0.725
       a = -5.250      CL = -0.3927
      Cm = -0.0607     CD =  0.05199   =>   CDf =  0.00372    CDp =  0.04827

 Side 1  free  transition at x/c =  0.9389   70
 Side 2  free  transition at x/c =  0.1251   41

  30   rms: 0.1109E+00   max: -.6094E+00   D at   89  2   RLX: 0.820
       a = -5.250      CL = -0.3824
      Cm = -0.0588     CD =  0.05082   =>   CDf =  0.00416    CDp =  0.04666

 TRCHEK2: N2 convergence failed.
 x:  0.25570  0.26689  0.27274  N:  8.937  9.000  9.040  Nx:   8.324   dN: 0.112E+01
 TRCHEK2: N2 convergence failed.
 x:  0.25570  0.26846  0.27274  N:  8.937  9.000  9.027  Nx:   7.637   dN: 0.938E-01
 TRCHEK2: N2 convergence failed.
 x:  0.25570  0.26682  0.27274  N:  8.937  9.000  9.026  Nx:   8.431   dN:-0.578E+00
 TRCHEK2: N2 convergence failed.
 x:  0.25570  0.26848  0.27274  N:  8.937  9.000  9.027  Nx:   7.621   dN: 0.845E-01
 TRCHEK2: N2 convergence failed.
 x:  0.25570  0.26998  0.27274  N:  8.937  9.000  9.017  Nx:   7.701   dN: 0.256E+00
 TRCHEK2: N2 convergence failed.
 x:  0.25570  0.27149  0.27274  N:  8.937  9.000  9.009  Nx:   7.673   dN: 0.494E+00
 TRCHEK2: N2 convergence failed.
 x:  0.25570  0.27026  0.27274  N:  8.937  9.000  9.006  Nx:   9.850   dN:-0.217E-01
 TRCHEK2: N2 convergence failed.
 x:  0.25570  0.27144  0.27274  N:  8.937  9.000  9.009  Nx:   7.705   dN: 0.168E+00
 TRCHEK2: N2 convergence failed.
 x:  0.25570  0.27143  0.27274  N:  8.937  9.000  9.002  Nx:   7.883   dN:-0.404E-01
 TRCHEK2: N2 convergence failed.
 x:  0.25570  0.27147  0.27274  N:  8.937  9.000  9.009  Nx:   7.683   dN: 0.663E-01
 TRCHEK2: N2 convergence failed.
 x:  0.25570  0.27144  0.27274  N:  8.937  9.000  9.009  Nx:   7.708   dN: 0.667E-01
 TRCHEK2: N2 convergence failed.
 x:  0.25570  0.27142  0.27274  N:  8.937  9.000  9.009  Nx:   7.735   dN: 0.673E-01
 TRCHEK2: N2 convergence failed.
 x:  0.25570  0.27139  0.27274  N:  8.937  9.000  9.009  Nx:   7.760   dN: 0.677E-01
 TRCHEK2: N2 convergence failed.
 x:  0.25570  0.27135  0.27274  N:  8.937  9.000  9.009  Nx:   7.787   dN: 0.681E-01
 TRCHEK2: N2 convergence failed.
 x:  0.25570  0.27131  0.27274  N:  8.937  9.000  9.010  Nx:   7.814   dN: 0.685E-01
 TRCHEK2: N2 convergence failed.
 x:  0.25570  0.27128  0.27274  N:  8.937  9.000  9.010  Nx:   7.842   dN: 0.689E-01
 TRCHEK2: N2 convergence failed.
 x:  0.25570  0.27097  0.27274  N:  8.937  9.000  9.003  Nx:   9.732   dN:-0.588E-02
 TRCHEK2: N2 convergence failed.
 x:  0.25570  0.27129  0.27274  N:  8.937  9.000  9.002  Nx:   7.928   dN:-0.292E-01
 TRCHEK2: N2 convergence failed.
 x:  0.25570  0.27129  0.27274  N:  8.937  9.000  9.010  Nx:   7.862   dN: 0.693E-01
 MRCHDU: Convergence failed at  49  side 2    Res =  0.6651E+03
 MRCHDU: Convergence failed at  50  side 2    Res =  0.5568E+02
 MRCHDU: Convergence failed at  51  side 2    Res =  0.1092E+03
 MRCHDU: Convergence failed at  52  side 2    Res =  0.8316E+02
 MRCHDU: Convergence failed at  53  side 2    Res =  0.1213E+04
 MRCHDU: Convergence failed at  54  side 2    Res =  0.4568E+03
 MRCHDU: Convergence failed at  55  side 2    Res =  0.4245E+03
 MRCHDU: Convergence failed at  56  side 2    Res =  0.1817E+03
 MRCHDU: Convergence failed at  57  side 2    Res =  0.1493E+03
 MRCHDU: Convergence failed at  58  side 2    Res =  0.5150E+03
 MRCHDU: Convergence failed at  59  side 2    Res =  0.1047E+03
 MRCHDU: Convergence failed at  60  side 2    Res =  0.7765E+02
 MRCHDU: Convergence failed at  61  side 2    Res =  0.4570E+03
 MRCHDU: Convergence failed at  62  side 2    Res =  0.6090E+03
 MRCHDU: Convergence failed at  63  side 2    Res =  0.1024E+04
 MRCHDU: Convergence failed at  64  side 2    Res =  0.5524E+03
 MRCHDU: Convergence failed at  65  side 2    Res =  0.4353E+03
 MRCHDU: Convergence failed at  66  side 2    Res =  0.3679E+03
 MRCHDU: Convergence failed at  67  side 2    Res =  0.8170E+03
 MRCHDU: Convergence failed at  68  side 2    Res =  0.6265E+03
 MRCHDU: Convergence failed at  69  side 2    Res =  0.5172E+03
 MRCHDU: Convergence failed at  70  side 2    Res =  0.4465E+03
 MRCHDU: Convergence failed at  71  side 2    Res =  0.3970E+03
 MRCHDU: Convergence failed at  72  side 2    Res =  0.3606E+03
 MRCHDU: Convergence failed at  73  side 2    Res =  0.3431E+03
 MRCHDU: Convergence failed at  74  side 2    Res =  0.3288E+03
 MRCHDU: Convergence failed at  75  side 2    Res =  0.2711E+03
 MRCHDU: Convergence failed at  76  side 2    Res =  0.2576E+03
 MRCHDU: Convergence failed at  77  side 2    Res =  0.2453E+03
 MRCHDU: Convergence failed at  78  side 2    Res =  0.2337E+03
 MRCHDU: Convergence failed at  79  side 2    Res =  0.2214E+03
 MRCHDU: Convergence failed at  80  side 2    Res =  0.2202E+03
 MRCHDU: Convergence failed at  81  side 2    Res =  0.2167E+03
 MRCHDU: Convergence failed at  82  side 2    Res =  0.2265E+03
 MRCHDU: Convergence failed at  83  side 2    Res =  0.2382E+03
 MRCHDU: Convergence failed at  84  side 2    Res =  0.2521E+03
 MRCHDU: Convergence failed at  85  side 2    Res =  0.2684E+03
 MRCHDU: Convergence failed at  86  side 2    Res =  0.2878E+03
 MRCHDU: Convergence failed at  87  side 2    Res =  0.3111E+03
 MRCHDU: Convergence failed at  88  side 2    Res =  0.3388E+03
 MRCHDU: Convergence failed at  89  side 2    Res =  0.3831E+03
 MRCHDU: Convergence failed at  90  side 2    Res =  0.2120E+05
 Side 1  free  transition at x/c =  0.9334   70
 Side 2  free  transition at x/c =  0.2317   49

  31   rms: 0.2325E+01   max: 0.2975E+02   T at   49  2   RLX: 0.043
       a = -5.250      CL = -1.3671
      Cm =  0.3179     CD =  0.00957   =>   CDf =  0.00285    CDp =  0.00672

 Side 1  free  transition at x/c =  0.9391   70
 Side 2  free  transition at x/c =  0.2075   47

  32   rms: 0.8591E+01   max: -.9885E+02   T at   48  2   RLX: 0.005
       a = -5.250      CL = -1.1589
      Cm =  0.2362     CD =  0.06269   =>   CDf =  0.00326    CDp =  0.05943

 Side 1  free  transition at x/c =  0.9442   70
 Side 2  free  transition at x/c =  0.1891   46

  33   rms: 0.1492E+01   max: -.1808E+02   T at   70  1   RLX: 0.028
       a = -5.250      CL = -1.1117
      Cm =  0.2250     CD =  0.06633   =>   CDf =  0.00330    CDp =  0.06303

 Side 1  free  transition at x/c =  0.9649   71
 Side 2  free  transition at x/c =  0.1884   46

  34   rms: 0.1296E+01   max: -.1158E+02   T at   71  1   RLX: 0.043
       a = -5.250      CL = -1.0977
      Cm =  0.2183     CD =  0.07067   =>   CDf =  0.00339    CDp =  0.06728

 Side 1  free  transition at x/c =  0.9900   73
 Side 2  free  transition at x/c =  0.1777   45

  35   rms: 0.2148E+02   max: 0.2824E+03   T at   46  2   RLX: 0.003
       a = -5.250      CL = -1.0932
      Cm =  0.2118     CD =  0.07206   =>   CDf =  0.00348    CDp =  0.06859

 Side 1  free  transition at x/c =  0.9886   73
 Side 2  free  transition at x/c =  0.1733   45

  36   rms: 0.1553E+01   max: 0.8276E+01   D at   95  2   RLX: 0.075
       a = -5.250      CL = -1.2060
      Cm =  0.2367     CD =  0.08264   =>   CDf =  0.00346    CDp =  0.07918

 Side 1 forced transition at x/c =  1.0000   73
 Side 2  free  transition at x/c =  0.1383   42

  37   rms: 0.3520E+01   max: 0.4664E+02   T at   43  2   RLX: 0.029
       a = -5.250      CL = -1.2005
      Cm =  0.2313     CD =  0.08895   =>   CDf =  0.00345    CDp =  0.08550

 Side 1 forced transition at x/c =  1.0000   72
 Side 2  free  transition at x/c =  0.1352   43

  38   rms: 0.9424E+00   max: -.4275E+01   D at   71  1   RLX: 0.117
       a = -5.250      CL = -1.0817
      Cm =  0.2003     CD =  0.07630   =>   CDf =  0.00355    CDp =  0.07276

 Side 1 forced transition at x/c =  1.0000   73
 Side 2  free  transition at x/c =  0.1354   42

  39   rms: 0.6335E+00   max: -.3886E+01   C at   73  1   RLX: 0.129
       a = -5.250      CL = -0.9379
      Cm =  0.1587     CD =  0.08763   =>   CDf =  0.00396    CDp =  0.08367

 Side 1 forced transition at x/c =  1.0000   73
 Side 2  free  transition at x/c =  0.1358   42

  40   rms: 0.4417E+00   max: -.9464E+00   C at  113  2   RLX: 0.528
       a = -5.250      CL = -0.5040
      Cm =  0.0434     CD =  0.07104   =>   CDf =  0.00436    CDp =  0.06668

 MRCHDU: Convergence failed at 103  side 2    Res =  0.2976E+01
 MRCHDU: Convergence failed at 104  side 2    Res =  0.1081E+01
 MRCHDU: Convergence failed at 105  side 2    Res =  0.1394E+01
 MRCHDU: Convergence failed at 106  side 2    Res =  0.3408E+01
 MRCHDU: Convergence failed at 107  side 2    Res =  0.6365E+01
 Side 1 forced transition at x/c =  1.0000   74
 Side 2  free  transition at x/c =  0.2150   47

  41   rms: 0.3739E+00   max: 0.2450E+01   T at   47  2   RLX: 0.423
       a = -5.250      CL = -0.3786
      Cm = -0.0236     CD =  0.08180   =>   CDf =  0.00456    CDp =  0.07723

 Side 1 forced transition at x/c =  1.0000   74
 Side 2  free  transition at x/c =  0.1812   45

  42   rms: 0.4036E+00   max: 0.3106E+01   T at   45  2   RLX: 0.220
       a = -5.250      CL = -0.4564
      Cm = -0.0038     CD =  0.08143   =>   CDf =  0.00438    CDp =  0.07705

 Side 1 forced transition at x/c =  1.0000   74
 Side 2  free  transition at x/c =  0.1756   44

  43   rms: 0.3765E+00   max: 0.3912E+01   T at   44  2   RLX: 0.264
       a = -5.250      CL = -0.3799
      Cm = -0.0151     CD =  0.08324   =>   CDf =  0.00432    CDp =  0.07892

 Side 1 forced transition at x/c =  1.0000   74
 Side 2  free  transition at x/c =  0.1553   43

  44   rms: 0.2626E+00   max: 0.1124E+01   C at   74  1   RLX: 0.545
       a = -5.250      CL = -0.3443
      Cm = -0.0222     CD =  0.06851   =>   CDf =  0.00428    CDp =  0.06423

 Side 1 forced transition at x/c =  1.0000   74
 Side 2  free  transition at x/c =  0.1500   42

  45   rms: 0.2601E+00   max: 0.1506E+01   C at   74  1   RLX: 0.410
       a = -5.250      CL = -0.3289
      Cm = -0.0255     CD =  0.07662   =>   CDf =  0.00411    CDp =  0.07251

 Side 1 forced transition at x/c =  1.0000   74
 Side 2  free  transition at x/c =  0.1376   41

  46   rms: 0.2510E+00   max: 0.1239E+01   C at   74  1   RLX: 0.554
       a = -5.250      CL = -0.3871
      Cm = -0.0103     CD =  0.07502   =>   CDf =  0.00396    CDp =  0.07106

 Side 1 forced transition at x/c =  1.0000   74
 Side 2  free  transition at x/c =  0.1264   40

  47   rms: 0.2361E+00   max: 0.8892E+00   D at   67  1   RLX: 0.674
       a = -5.250      CL = -0.4611
      Cm = -0.0017     CD =  0.07603   =>   CDf =  0.00373    CDp =  0.07230

 Side 1  free  transition at x/c =  0.9646   72
 Side 2  free  transition at x/c =  0.1168   40

  48   rms: 0.2379E+00   max: -.1593E+01   T at   40  2   RLX: 0.314
       a = -5.250      CL = -0.4372
      Cm = -0.0068     CD =  0.08806   =>   CDf =  0.00347    CDp =  0.08459

 Side 1  free  transition at x/c =  0.9676   72
 Side 2  free  transition at x/c =  0.1175   40

  49   rms: 0.1968E+00   max: -.9044E+00   T at   40  2   RLX: 0.553
       a = -5.250      CL = -0.4146
      Cm = -0.0187     CD =  0.07149   =>   CDf =  0.00351    CDp =  0.06798

 Side 1  free  transition at x/c =  0.9629   72
 Side 2  free  transition at x/c =  0.1194   40

  50   rms: 0.1681E+00   max: -.8633E+00   T at   40  2   RLX: 0.579
       a = -5.250      CL = -0.3759
      Cm = -0.0343     CD =  0.06595   =>   CDf =  0.00357    CDp =  0.06237

 Side 1  free  transition at x/c =  0.9550   72
 Side 2  free  transition at x/c =  0.1218   40

  51   rms: 0.1604E+00   max: -.6652E+00   D at   40  2   RLX: 0.752
       a = -5.250      CL = -0.3452
      Cm = -0.0523     CD =  0.05635   =>   CDf =  0.00366    CDp =  0.05269

 Side 1  free  transition at x/c =  0.9508   72
 Side 2  free  transition at x/c =  0.1263   40

  52   rms: 0.3776E+00   max: 0.1147E+01   T at   41  2   RLX: 0.498
       a = -5.250      CL = -0.3545
      Cm = -0.0673     CD =  0.05715   =>   CDf =  0.00387    CDp =  0.05328

 Side 1  free  transition at x/c =  0.9437   70
 Side 2  free  transition at x/c =  0.1264   41

  53   rms: 0.7730E-01   max: -.4824E+00   D at   41  2
       a = -5.250      CL = -0.2896
      Cm = -0.0725     CD =  0.04421   =>   CDf =  0.00532    CDp =  0.03890

 Side 1  free  transition at x/c =  0.9596   71
 Side 2  free  transition at x/c =  0.1245   41

  54   rms: 0.1673E+00   max: -.6560E+00   T at   41  2   RLX: 0.762
       a = -5.250      CL = -0.2939
      Cm = -0.0719     CD =  0.04144   =>   CDf =  0.00597    CDp =  0.03547

 Side 1  free  transition at x/c =  0.9548   71
 Side 2  free  transition at x/c =  0.1245   41

  55   rms: 0.6318E-01   max: -.5144E+00   D at   41  2   RLX: 0.972
       a = -5.250      CL = -0.2931
      Cm = -0.0705     CD =  0.04454   =>   CDf =  0.00527    CDp =  0.03926

 TRCHEK2: N2 convergence failed.
 x:  0.23767  0.25418  0.25418  N:  8.844  9.000  9.001  Nx:   9.523   dN: 0.107E-02
 TRCHEK2: N2 convergence failed.
 x:  0.25418  0.26894  0.27122  N:  8.946  9.000  9.012  Nx:   4.645   dN: 0.143E+00
 TRCHEK2: N2 convergence failed.
 x:  0.25418  0.27030  0.27122  N:  8.946  9.000  9.006  Nx:   4.420   dN: 0.290E-01
 TRCHEK2: N2 convergence failed.
 x:  0.25418  0.27008  0.27122  N:  8.946  9.000  9.001  Nx:   5.003   dN:-0.424E-01
 TRCHEK2: N2 convergence failed.
 x:  0.25418  0.27103  0.27122  N:  8.946  9.000  9.003  Nx:   4.449   dN: 0.436E-01
 TRCHEK2: N2 convergence failed.
 x:  0.25418  0.27122  0.27122  N:  8.946  9.000  9.045  Nx:   5.655   dN: 0.445E-01
 TRCHEK2: N2 convergence failed.
 x:  0.25418  0.26586  0.27122  N:  8.946  9.000  9.019  Nx:   9.368   dN:-0.385E-01
 TRCHEK2: N2 convergence failed.
 x:  0.25418  0.27003  0.27122  N:  8.946  9.000  9.007  Nx:   4.479   dN: 0.246E-01
 TRCHEK2: N2 convergence failed.
 x:  0.25418  0.26970  0.27122  N:  8.946  9.000  9.002  Nx:   4.894   dN:-0.130E-01
 TRCHEK2: N2 convergence failed.
 x:  0.25418  0.27012  0.27122  N:  8.946  9.000  9.007  Nx:   4.482   dN: 0.204E-01
 TRCHEK2: N2 convergence failed.
 x:  0.25418  0.26838  0.27122  N:  8.946  9.000  9.007  Nx:   4.807   dN:-0.726E-02
 TRCHEK2: N2 convergence failed.
 x:  0.25418  0.26825  0.27122  N:  8.946  9.000  9.007  Nx:   4.695   dN:-0.991E-02
 TRCHEK2: N2 convergence failed.
 x:  0.25418  0.26862  0.27122  N:  8.946  9.000  9.013  Nx:   4.575   dN: 0.159E-01
 TRCHEK2: N2 convergence failed.
 x:  0.25418  0.26822  0.27122  N:  8.946  9.000  9.007  Nx:   4.810   dN:-0.605E-02
 TRCHEK2: N2 convergence failed.
 x:  0.25418  0.26858  0.27122  N:  8.946  9.000  9.014  Nx:   4.580   dN: 0.210E-01
 TRCHEK2: N2 convergence failed.
 x:  0.25418  0.26816  0.27122  N:  8.946  9.000  9.008  Nx:   4.969   dN:-0.461E-02
 TRCHEK2: N2 convergence failed.
 x:  0.25418  0.26867  0.27122  N:  8.946  9.000  9.013  Nx:   4.582   dN: 0.162E-01
 TRCHEK2: N2 convergence failed.
 x:  0.25418  0.26808  0.27122  N:  8.946  9.000  9.008  Nx:   5.143   dN:-0.409E-02
 TRCHEK2: N2 convergence failed.
 x:  0.25418  0.26861  0.27122  N:  8.946  9.000  9.006  Nx:   4.592   dN:-0.747E-02
 TRCHEK2: N2 convergence failed.
 x:  0.25418  0.26882  0.27122  N:  8.946  9.000  9.012  Nx:   4.608   dN: 0.175E-01
 TRCHEK2: N2 convergence failed.
 x:  0.25418  0.26912  0.27122  N:  8.946  9.000  9.011  Nx:   4.580   dN: 0.183E-01
 TRCHEK2: N2 convergence failed.
 x:  0.25418  0.26882  0.27122  N:  8.946  9.000  9.012  Nx:   4.610   dN: 0.175E-01
 TRCHEK2: N2 convergence failed.
 x:  0.25418  0.26898  0.27122  N:  8.946  9.000  9.005  Nx:   4.586   dN:-0.144E+00
 TRCHEK2: N2 convergence failed.
 x:  0.25418  0.26878  0.27122  N:  8.946  9.000  9.005  Nx:   4.684   dN:-0.214E-01
 TRCHEK2: N2 convergence failed.
 x:  0.25418  0.26982  0.27122  N:  8.946  9.000  9.008  Nx:   4.629   dN: 0.223E-01
 TRCHEK2: N2 convergence failed.
 x:  0.25418  0.26845  0.27122  N:  8.946  9.000  9.007  Nx:   5.827   dN:-0.308E-02
 MRCHDU: Convergence failed at  49  side 2    Res =  0.4910E+03
 MRCHDU: Convergence failed at  50  side 2    Res =  0.5998E+02
 MRCHDU: Convergence failed at  51  side 2    Res =  0.2106E+03
 MRCHDU: Convergence failed at  52  side 2    Res =  0.2801E+04
 MRCHDU: Convergence failed at  53  side 2    Res =  0.1153E+03
 MRCHDU: Convergence failed at  54  side 2    Res =  0.2273E+03
 MRCHDU: Convergence failed at  55  side 2    Res =  0.1044E+03
 MRCHDU: Convergence failed at  56  side 2    Res =  0.5879E+02
 MRCHDU: Convergence failed at  57  side 2    Res =  0.4216E+03
 MRCHDU: Convergence failed at  58  side 2    Res =  0.6865E+02
 MRCHDU: Convergence failed at  59  side 2    Res =  0.6104E+02
 MRCHDU: Convergence failed at  60  side 2    Res =  0.5243E+02
 MRCHDU: Convergence failed at  61  side 2    Res =  0.8379E+03
 MRCHDU: Convergence failed at  62  side 2    Res =  0.5710E+03
 MRCHDU: Convergence failed at  63  side 2    Res =  0.4575E+03
 MRCHDU: Convergence failed at  64  side 2    Res =  0.3971E+03
 MRCHDU: Convergence failed at  65  side 2    Res =  0.3615E+03
 MRCHDU: Convergence failed at  66  side 2    Res =  0.3402E+03
 MRCHDU: Convergence failed at  67  side 2    Res =  0.3278E+03
 MRCHDU: Convergence failed at  68  side 2    Res =  0.5276E+03
 MRCHDU: Convergence failed at  69  side 2    Res =  0.4910E+03
 MRCHDU: Convergence failed at  70  side 2    Res =  0.4562E+03
 MRCHDU: Convergence failed at  71  side 2    Res =  0.4312E+03
 MRCHDU: Convergence failed at  72  side 2    Res =  0.4135E+03
 MRCHDU: Convergence failed at  73  side 2    Res =  0.4011E+03
 MRCHDU: Convergence failed at  74  side 2    Res =  0.3928E+03
 MRCHDU: Convergence failed at  75  side 2    Res =  0.3881E+03
 MRCHDU: Convergence failed at  76  side 2    Res =  0.3865E+03
 MRCHDU: Convergence failed at  77  side 2    Res =  0.3877E+03
 MRCHDU: Convergence failed at  78  side 2    Res =  0.3918E+03
 MRCHDU: Convergence failed at  79  side 2    Res =  0.3988E+03
 MRCHDU: Convergence failed at  80  side 2    Res =  0.4089E+03
 MRCHDU: Convergence failed at  81  side 2    Res =  0.4227E+03
 MRCHDU: Convergence failed at  82  side 2    Res =  0.4410E+03
 MRCHDU: Convergence failed at  83  side 2    Res =  0.4651E+03
 MRCHDU: Convergence failed at  84  side 2    Res =  0.4969E+03
 MRCHDU: Convergence failed at  85  side 2    Res =  0.5390E+03
 MRCHDU: Convergence failed at  86  side 2    Res =  0.5961E+03
 MRCHDU: Convergence failed at  87  side 2    Res =  0.6771E+03
 MRCHDU: Convergence failed at  88  side 2    Res =  0.7992E+03
 MRCHDU: Convergence failed at  89  side 2    Res =  0.1005E+04
 MRCHDU: Convergence failed at  90  side 2    Res =  0.1436E+04
 Side 1  free  transition at x/c =  0.9537   71
 Side 2  free  transition at x/c =  0.2338   49

  56   rms: 0.3261E+01   max: 0.4700E+02   T at   49  2   RLX: 0.030
       a = -5.250      CL = -1.2517
      Cm =  0.2888     CD =  0.01031   =>   CDf =  0.00306    CDp =  0.00724

 Side 1  free  transition at x/c =  0.9580   72
 Side 2  free  transition at x/c =  0.2344   48

  57   rms: 0.5587E+01   max: 0.9303E+02   D at    2  1   RLX: 0.013
       a = -5.250      CL = -0.9924
      Cm =  0.1761     CD =  0.06811   =>   CDf =  0.00338    CDp =  0.06472

 Side 1  free  transition at x/c =  0.9591   71
 Side 2  free  transition at x/c =  0.2280   49

  58   rms: 0.1770E+01   max: 0.1543E+02   T at   49  2   RLX: 0.092
       a = -5.250      CL = -0.9919
      Cm =  0.1457     CD =  0.06520   =>   CDf =  0.00339    CDp =  0.06181

 Side 1  free  transition at x/c =  0.9698   72
 Side 2  free  transition at x/c =  0.2237   48

  59   rms: 0.2346E+01   max: 0.5120E+02   T at   48  2   RLX: 0.020
       a = -5.250      CL = -1.0541
      Cm =  0.1620     CD =  0.06567   =>   CDf =  0.00334    CDp =  0.06233

 Side 1  free  transition at x/c =  0.9727   72
 Side 2  free  transition at x/c =  0.2214   48

  60   rms: 0.8666E+01   max: 0.1775E+03   T at   48  2   RLX: 0.008
       a = -5.250      CL = -1.0232
      Cm =  0.1431     CD =  0.06374   =>   CDf =  0.00330    CDp =  0.06044

 Side 1  free  transition at x/c =  0.9719   71
 Side 2  free  transition at x/c =  0.1932   47

  61   rms: 0.1774E+01   max: 0.1325E+02   T at   48  2   RLX: 0.069
       a = -5.250      CL = -1.1267
      Cm =  0.1538     CD =  0.06342   =>   CDf =  0.00337    CDp =  0.06004

 Side 1  free  transition at x/c =  0.9736   71
 Side 2  free  transition at x/c =  0.1878   47

  62   rms: 0.1503E+01   max: -.2729E+02   T at   47  2   RLX: 0.018
       a = -5.250      CL = -1.1436
      Cm =  0.1558     CD =  0.06436   =>   CDf =  0.00333    CDp =  0.06102

 Side 1  free  transition at x/c =  0.9764   71
 Side 2  free  transition at x/c =  0.1857   47

  63   rms: 0.8613E+00   max: -.4623E+01   T at   71  1   RLX: 0.108
       a = -5.250      CL = -1.1274
      Cm =  0.1644     CD =  0.07429   =>   CDf =  0.00332    CDp =  0.07097

 Side 1  free  transition at x/c =  0.9984   72
 Side 2  free  transition at x/c =  0.1845   47

  64   rms: 0.5883E+00   max: 0.2423E+01   D at   50  2   RLX: 0.233
       a = -5.250      CL = -1.0035
      Cm =  0.1483     CD =  0.08694   =>   CDf =  0.00342    CDp =  0.08352

 Side 1 forced transition at x/c =  1.0000   73
 Side 2  free  transition at x/c =  0.1442   43

  65   rms: 0.6853E+00   max: -.6987E+01   T at    2  1   RLX: 0.072
       a = -5.250      CL = -0.9403
      Cm =  0.1388     CD =  0.09939   =>   CDf =  0.00353    CDp =  0.09586

 Side 1 forced transition at x/c =  1.0000   73
 Side 2  free  transition at x/c =  0.1447   43

  66   rms: 0.4895E+00   max: -.1478E+01   T at   43  2   RLX: 0.338
       a = -5.250      CL = -0.6558
      Cm =  0.0707     CD =  0.08142   =>   CDf =  0.00366    CDp =  0.07777

 Side 1 forced transition at x/c =  1.0000   74
 Side 2  free  transition at x/c =  0.1432   42

  67   rms: 0.3270E+00   max: -.8443E+00   D at  109  2   RLX: 0.592
       a = -5.250      CL = -0.3753
      Cm = -0.0022     CD =  0.06858   =>   CDf =  0.00412    CDp =  0.06446

 Side 1 forced transition at x/c =  1.0000   75
 Side 2  free  transition at x/c =  0.1484   41

  68   rms: 0.2818E+00   max: -.1310E+01   D at  107  2   RLX: 0.382
       a = -5.250      CL = -0.3324
      Cm = -0.0271     CD =  0.08343   =>   CDf =  0.00429    CDp =  0.07914

 Side 1 forced transition at x/c =  1.0000   74
 Side 2  free  transition at x/c =  0.1474   42

  69   rms: 0.2903E+00   max: -.1328E+01   D at  108  2   RLX: 0.376
       a = -5.250      CL = -0.3439
      Cm = -0.0359     CD =  0.07643   =>   CDf =  0.00416    CDp =  0.07227

 Side 1 forced transition at x/c =  1.0000   74
 Side 2  free  transition at x/c =  0.1396   42

  70   rms: 0.4314E+00   max: 0.1505E+01   T at   42  2   RLX: 0.405
       a = -5.250      CL = -0.4514
      Cm = -0.0308     CD =  0.07373   =>   CDf =  0.00401    CDp =  0.06973

 Side 1 forced transition at x/c =  1.0000   73
 Side 2  free  transition at x/c =  0.1375   42

  71   rms: 0.3340E+00   max: 0.1210E+01   T at   42  2   RLX: 0.476
       a = -5.250      CL = -0.3846
      Cm = -0.0203     CD =  0.07934   =>   CDf =  0.00374    CDp =  0.07560

 Side 1 forced transition at x/c =  1.0000   74
 Side 2  free  transition at x/c =  0.1266   40

  72   rms: 0.2353E+00   max: -.1100E+01   T at   41  2   RLX: 0.454
       a = -5.250      CL = -0.4665
      Cm =  0.0042     CD =  0.08378   =>   CDf =  0.00366    CDp =  0.08012

 Side 1  free  transition at x/c =  0.9727   73
 Side 2  free  transition at x/c =  0.1180   40

  73   rms: 0.2097E+00   max: -.1014E+01   T at   40  2   RLX: 0.493
       a = -5.250      CL = -0.4375
      Cm = -0.0076     CD =  0.07882   =>   CDf =  0.00349    CDp =  0.07533

 Side 1  free  transition at x/c =  0.9704   73
 Side 2  free  transition at x/c =  0.1198   40

  74   rms: 0.1894E+00   max: -.1200E+01   T at   40  2   RLX: 0.416
       a = -5.250      CL = -0.3922
      Cm = -0.0236     CD =  0.07294   =>   CDf =  0.00355    CDp =  0.06939

 Side 1  free  transition at x/c =  0.9670   72
 Side 2  free  transition at x/c =  0.1214   40

  75   rms: 0.1771E+00   max: 0.1141E+01   T at   72  1   RLX: 0.637
       a = -5.250      CL = -0.3943
      Cm = -0.0336     CD =  0.06252   =>   CDf =  0.00361    CDp =  0.05891

 Side 1  free  transition at x/c =  0.9458   71
 Side 2  free  transition at x/c =  0.1259   40

  76   rms: 0.3497E+00   max: 0.1344E+01   T at   41  2   RLX: 0.451
       a = -5.250      CL = -0.4039
      Cm = -0.0475     CD =  0.06102   =>   CDf =  0.00369    CDp =  0.05733

 Side 1  free  transition at x/c =  0.9301   69
 Side 2  free  transition at x/c =  0.1247   41

  77   rms: 0.2808E+00   max: -.2421E+01   T at   69  1   RLX: 0.207
       a = -5.250      CL = -0.3482
      Cm = -0.0588     CD =  0.04786   =>   CDf =  0.00446    CDp =  0.04340

 Side 1  free  transition at x/c =  0.9483   70
 Side 2  free  transition at x/c =  0.1251   41

  78   rms: 0.8784E-01   max: -.6048E+00   D at   41  2   RLX: 0.827
       a = -5.250      CL = -0.2847
      Cm = -0.0733     CD =  0.04292   =>   CDf =  0.00478    CDp =  0.03814

 Side 1  free  transition at x/c =  0.9629   71
 Side 2  free  transition at x/c =  0.1268   41

  79   rms: 0.6782E-01   max: 0.4847E+00   D at   72  1
       a = -5.250      CL = -0.3026
      Cm = -0.0712     CD =  0.04242   =>   CDf =  0.00542    CDp =  0.03699

 Side 1  free  transition at x/c =  0.9530   71
 Side 2  free  transition at x/c =  0.1244   41

  80   rms: 0.2388E+00   max: 0.5006E+01   T at   41  2   RLX: 0.237
       a = -5.250      CL = -0.3062
      Cm = -0.0711     CD =  0.03508   =>   CDf =  0.00587    CDp =  0.02921

 Side 1  free  transition at x/c =  0.9540   71
 Side 2  free  transition at x/c =  0.1209   41

  81   rms: 0.3769E-01   max: 0.6591E+00   T at   41  2
       a = -5.250      CL = -0.3030
      Cm = -0.0712     CD =  0.03910   =>   CDf =  0.00544    CDp =  0.03366

 Side 1  free  transition at x/c =  0.9539   71
 Side 2  free  transition at x/c =  0.1152   40

  82   rms: 0.5912E-01   max: 0.2497E+00   T at   40  2
       a = -5.250      CL = -0.3055
      Cm = -0.0705     CD =  0.03928   =>   CDf =  0.00503    CDp =  0.03424

 Side 1  free  transition at x/c =  0.9538   71
 Side 2  free  transition at x/c =  0.1149   40

  83   rms: 0.2378E-01   max: 0.1159E+00   T at   40  2
       a = -5.250      CL = -0.3029
      Cm = -0.0707     CD =  0.03959   =>   CDf =  0.00519    CDp =  0.03440

 Side 1  free  transition at x/c =  0.9539   71
 Side 2  free  transition at x/c =  0.1137   40

  84   rms: 0.7584E-02   max: 0.1026E+00   T at   40  2
       a = -5.250      CL = -0.3025
      Cm = -0.0708     CD =  0.03951   =>   CDf =  0.00528    CDp =  0.03423

 Side 1  free  transition at x/c =  0.9540   71
 Side 2  free  transition at x/c =  0.1129   40

  85   rms: 0.6452E-02   max: 0.1081E+00   T at   40  2
       a = -5.250      CL = -0.3026
      Cm = -0.0708     CD =  0.03936   =>   CDf =  0.00528    CDp =  0.03407

 Side 1  free  transition at x/c =  0.9540   71
 Side 2  free  transition at x/c =  0.1119   40

  86   rms: 0.4757E-02   max: -.1118E+00   T at   40  2
       a = -5.250      CL = -0.3023
      Cm = -0.0708     CD =  0.03957   =>   CDf =  0.00528    CDp =  0.03428

 Side 1  free  transition at x/c =  0.9540   71
 Side 2  free  transition at x/c =  0.1130   40

  87   rms: 0.6293E-02   max: 0.9713E-01   T at   40  2
       a = -5.250      CL = -0.3026
      Cm = -0.0708     CD =  0.03940   =>   CDf =  0.00528    CDp =  0.03412

 Side 1  free  transition at x/c =  0.9540   71
 Side 2  free  transition at x/c =  0.1122   40

  88   rms: 0.8414E-02   max: -.1908E+00   T at   40  2
       a = -5.250      CL = -0.3020
      Cm = -0.0708     CD =  0.03975   =>   CDf =  0.00529    CDp =  0.03446

 Side 1  free  transition at x/c =  0.9540   71
 Side 2  free  transition at x/c =  0.1142   40

  89   rms: 0.1279E-01   max: 0.1123E+00   T at   40  2
       a = -5.250      CL = -0.3026
      Cm = -0.0708     CD =  0.03955   =>   CDf =  0.00526    CDp =  0.03430

 Side 1  free  transition at x/c =  0.9540   71
 Side 2  free  transition at x/c =  0.1133   40

  90   rms: 0.6413E-02   max: 0.8991E-01   T at   40  2
       a = -5.250      CL = -0.3025
      Cm = -0.0708     CD =  0.03946   =>   CDf =  0.00528    CDp =  0.03418

 Side 1  free  transition at x/c =  0.9540   71
 Side 2  free  transition at x/c =  0.1125   40

  91   rms: 0.2181E-01   max: 0.4432E+00   T at   40  2
       a = -5.250      CL = -0.3035
      Cm = -0.0708     CD =  0.03871   =>   CDf =  0.00529    CDp =  0.03343

 Side 1  free  transition at x/c =  0.9541   71
 Side 2  free  transition at x/c =  0.1087   40

  92   rms: 0.3714E-01   max: -.2235E+00   T at   40  2
       a = -5.250      CL = -0.3041
      Cm = -0.0707     CD =  0.03890   =>   CDf =  0.00516    CDp =  0.03373

 Side 1  free  transition at x/c =  0.9539   71
 Side 2  free  transition at x/c =  0.1102   40

  93   rms: 0.1346E-01   max: -.1276E+00   T at   40  2
       a = -5.250      CL = -0.3030
      Cm = -0.0708     CD =  0.03925   =>   CDf =  0.00524    CDp =  0.03401

 Side 1  free  transition at x/c =  0.9540   71
 Side 2  free  transition at x/c =  0.1114   40

  94   rms: 0.4567E-02   max: -.9281E-01   T at   40  2
       a = -5.250      CL = -0.3025
      Cm = -0.0708     CD =  0.03945   =>   CDf =  0.00528    CDp =  0.03417

 Side 1  free  transition at x/c =  0.9540   71
 Side 2  free  transition at x/c =  0.1123   40

  95   rms: 0.2838E-01   max: -.6159E+00   T at   40  2   RLX: 0.812
       a = -5.250      CL = -0.3013
      Cm = -0.0708     CD =  0.04033   =>   CDf =  0.00528    CDp =  0.03505

 Side 1  free  transition at x/c =  0.9539   71
 Side 2  free  transition at x/c =  0.1215   41

  96   rms: 0.8088E-01   max: 0.6776E+00   T at   41  2
       a = -5.250      CL = -0.3033
      Cm = -0.0715     CD =  0.03891   =>   CDf =  0.00584    CDp =  0.03308

 Side 1  free  transition at x/c =  0.9537   71
 Side 2  free  transition at x/c =  0.1112   40

  97   rms: 0.5672E-01   max: -.4319E+00   D at   40  2
       a = -5.250      CL = -0.3053
      Cm = -0.0706     CD =  0.03907   =>   CDf =  0.00495    CDp =  0.03412

 Side 1  free  transition at x/c =  0.9537   71
 Side 2  free  transition at x/c =  0.1107   40

  98   rms: 0.1585E-01   max: -.1376E+00   T at   40  2
       a = -5.250      CL = -0.3022
      Cm = -0.0709     CD =  0.03942   =>   CDf =  0.00540    CDp =  0.03402

 Side 1  free  transition at x/c =  0.9540   71
 Side 2  free  transition at x/c =  0.1120   40

  99   rms: 0.5556E-02   max: -.1299E+00   T at   40  2
       a = -5.250      CL = -0.3023
      Cm = -0.0708     CD =  0.03961   =>   CDf =  0.00527    CDp =  0.03434

 Side 1  free  transition at x/c =  0.9540   71
 Side 2  free  transition at x/c =  0.1134   40

 100   rms: 0.6897E-02   max: 0.9104E-01   T at   40  2
       a = -5.250      CL = -0.3026
      Cm = -0.0708     CD =  0.03946   =>   CDf =  0.00528    CDp =  0.03419

 Side 1  free  transition at x/c =  0.9540   71
 Side 2  free  transition at x/c =  0.1126   40

 101   rms: 0.1358E-01   max: 0.2689E+00   T at   40  2
       a = -5.250      CL = -0.3031
      Cm = -0.0708     CD =  0.03903   =>   CDf =  0.00528    CDp =  0.03374

 Side 1  free  transition at x/c =  0.9540   71
 Side 2  free  transition at x/c =  0.1102   40

 102   rms: 0.1200E-01   max: -.1338E+00   T at   40  2
       a = -5.250      CL = -0.3029
      Cm = -0.0708     CD =  0.03925   =>   CDf =  0.00525    CDp =  0.03400

 Side 1  free  transition at x/c =  0.9540   71
 Side 2  free  transition at x/c =  0.1114   40

 103   rms: 0.4574E-02   max: -.9298E-01   T at   40  2
       a = -5.250      CL = -0.3025
      Cm = -0.0708     CD =  0.03944   =>   CDf =  0.00528    CDp =  0.03416

 Side 1  free  transition at x/c =  0.9540   71
 Side 2  free  transition at x/c =  0.1123   40

 104   rms: 0.2402E-01   max: -.5236E+00   T at   40  2   RLX: 0.955
       a = -5.250      CL = -0.3013
      Cm = -0.0708     CD =  0.04031   =>   CDf =  0.00528    CDp =  0.03503

 Side 1  free  transition at x/c =  0.9539   71
 Side 2  free  transition at x/c =  0.1214   41

 105   rms: 0.8078E-01   max: 0.6763E+00   T at   41  2
       a = -5.250      CL = -0.3033
      Cm = -0.0715     CD =  0.03892   =>   CDf =  0.00584    CDp =  0.03308

 Side 1  free  transition at x/c =  0.9537   71
 Side 2  free  transition at x/c =  0.1113   40

 106   rms: 0.5650E-01   max: -.4306E+00   D at   40  2
       a = -5.250      CL = -0.3053
      Cm = -0.0706     CD =  0.03907   =>   CDf =  0.00495    CDp =  0.03412

 Side 1  free  transition at x/c =  0.9537   71
 Side 2  free  transition at x/c =  0.1107   40

 107   rms: 0.1583E-01   max: -.1370E+00   T at   40  2
       a = -5.250      CL = -0.3022
      Cm = -0.0709     CD =  0.03943   =>   CDf =  0.00540    CDp =  0.03402

 Side 1  free  transition at x/c =  0.9540   71
 Side 2  free  transition at x/c =  0.1120   40

 108   rms: 0.5703E-02   max: -.1341E+00   T at   40  2
       a = -5.250      CL = -0.3023
      Cm = -0.0708     CD =  0.03962   =>   CDf =  0.00527    CDp =  0.03435

 Side 1  free  transition at x/c =  0.9540   71
 Side 2  free  transition at x/c =  0.1134   40

 109   rms: 0.7153E-02   max: 0.9149E-01   T at   40  2
       a = -5.250      CL = -0.3025
      Cm = -0.0708     CD =  0.03947   =>   CDf =  0.00528    CDp =  0.03420

 Side 1  free  transition at x/c =  0.9540   71
 Side 2  free  transition at x/c =  0.1126   40

 110   rms: 0.1030E-01   max: 0.1985E+00   T at   40  2
       a = -5.250      CL = -0.3029
      Cm = -0.0708     CD =  0.03916   =>   CDf =  0.00528    CDp =  0.03387

 Side 1  free  transition at x/c =  0.9540   71
 Side 2  free  transition at x/c =  0.1108   40

 111   rms: 0.6734E-02   max: -.1065E+00   T at   40  2
       a = -5.250      CL = -0.3026
      Cm = -0.0708     CD =  0.03936   =>   CDf =  0.00527    CDp =  0.03408

 Side 1  free  transition at x/c =  0.9540   71
 Side 2  free  transition at x/c =  0.1119   40

 112   rms: 0.4593E-02   max: -.1077E+00   T at   40  2
       a = -5.250      CL = -0.3023
      Cm = -0.0708     CD =  0.03955   =>   CDf =  0.00528    CDp =  0.03427

 Side 1  free  transition at x/c =  0.9540   71
 Side 2  free  transition at x/c =  0.1130   40

 113   rms: 0.6390E-02   max: 0.1026E+00   T at   40  2
       a = -5.250      CL = -0.3026
      Cm = -0.0708     CD =  0.03938   =>   CDf =  0.00528    CDp =  0.03410

 Side 1  free  transition at x/c =  0.9540   71
 Side 2  free  transition at x/c =  0.1120   40

 114   rms: 0.5869E-02   max: -.1363E+00   T at   40  2
       a = -5.250      CL = -0.3022
      Cm = -0.0708     CD =  0.03963   =>   CDf =  0.00529    CDp =  0.03435

 Side 1  free  transition at x/c =  0.9540   71
 Side 2  free  transition at x/c =  0.1135   40

 115   rms: 0.7281E-02   max: 0.9136E-01   T at   40  2
       a = -5.250      CL = -0.3026
      Cm = -0.0708     CD =  0.03947   =>   CDf =  0.00527    CDp =  0.03420

 Side 1  free  transition at x/c =  0.9540   71
 Side 2  free  transition at x/c =  0.1127   40

 116   rms: 0.9850E-02   max: 0.1890E+00   T at   40  2
       a = -5.250      CL = -0.3029
      Cm = -0.0708     CD =  0.03918   =>   CDf =  0.00528    CDp =  0.03389

 Side 1  free  transition at x/c =  0.9540   71
 Side 2  free  transition at x/c =  0.1109   40

 117   rms: 0.6198E-02   max: -.1034E+00   T at   40  2
       a = -5.250      CL = -0.3026
      Cm = -0.0708     CD =  0.03937   =>   CDf =  0.00527    CDp =  0.03410

 Side 1  free  transition at x/c =  0.9540   71
 Side 2  free  transition at x/c =  0.1119   40

 118   rms: 0.4965E-02   max: -.1166E+00   T at   40  2
       a = -5.250      CL = -0.3023
      Cm = -0.0708     CD =  0.03958   =>   CDf =  0.00528    CDp =  0.03430

 Side 1  free  transition at x/c =  0.9540   71
 Side 2  free  transition at x/c =  0.1131   40

 119   rms: 0.6346E-02   max: 0.9329E-01   T at   40  2
       a = -5.250      CL = -0.3026
      Cm = -0.0708     CD =  0.03942   =>   CDf =  0.00528    CDp =  0.03414

 Side 1  free  transition at x/c =  0.9540   71
 Side 2  free  transition at x/c =  0.1123   40

 120   rms: 0.1820E-01   max: -.3980E+00   T at   40  2
       a = -5.250      CL = -0.3015
      Cm = -0.0708     CD =  0.04013   =>   CDf =  0.00529    CDp =  0.03484

 Side 1  free  transition at x/c =  0.9539   71
 Side 2  free  transition at x/c =  0.1205   41

 121   rms: 0.6832E-01   max: 0.4139E+00   T at   41  2
       a = -5.250      CL = -0.3029
      Cm = -0.0714     CD =  0.03929   =>   CDf =  0.00576    CDp =  0.03354

 Side 1  free  transition at x/c =  0.9537   71
 Side 2  free  transition at x/c =  0.1156   40

 122   rms: 0.6904E-01   max: 0.2233E+00   T at   40  2
       a = -5.250      CL = -0.3060
      Cm = -0.0705     CD =  0.03929   =>   CDf =  0.00501    CDp =  0.03428

 Side 1  free  transition at x/c =  0.9537   71
 Side 2  free  transition at x/c =  0.1154   40

 123   rms: 0.3257E-01   max: 0.1383E+00   T at   40  2
       a = -5.250      CL = -0.3032
      Cm = -0.0707     CD =  0.03963   =>   CDf =  0.00517    CDp =  0.03446

 Side 1  free  transition at x/c =  0.9539   71
 Side 2  free  transition at x/c =  0.1143   40

 124   rms: 0.1129E-01   max: 0.1207E+00   T at   40  2
       a = -5.250      CL = -0.3025
      Cm = -0.0708     CD =  0.03957   =>   CDf =  0.00528    CDp =  0.03429

 Side 1  free  transition at x/c =  0.9540   71
 Side 2  free  transition at x/c =  0.1134   40

 125   rms: 0.6767E-02   max: 0.8883E-01   T at   40  2
       a = -5.250      CL = -0.3026
      Cm = -0.0708     CD =  0.03946   =>   CDf =  0.00528    CDp =  0.03419

 Side 1  free  transition at x/c =  0.9540   71
 Side 2  free  transition at x/c =  0.1126   40

 126   rms: 0.1529E-01   max: 0.3055E+00   T at   40  2
       a = -5.250      CL = -0.3032
      Cm = -0.0708     CD =  0.03896   =>   CDf =  0.00529    CDp =  0.03368

 Side 1  free  transition at x/c =  0.9540   71
 Side 2  free  transition at x/c =  0.1098   40

 127   rms: 0.1563E-01   max: -.1510E+00   T at   40  2
       a = -5.250      CL = -0.3031
      Cm = -0.0708     CD =  0.03920   =>   CDf =  0.00524    CDp =  0.03396

 Side 1  free  transition at x/c =  0.9540   71
 Side 2  free  transition at x/c =  0.1112   40

 128   rms: 0.5411E-02   max: -.9597E-01   T at   40  2
       a = -5.250      CL = -0.3026
      Cm = -0.0708     CD =  0.03941   =>   CDf =  0.00528    CDp =  0.03413

 Side 1  free  transition at x/c =  0.9540   71
 Side 2  free  transition at x/c =  0.1121   40

 129   rms: 0.7237E-02   max: -.1667E+00   T at   40  2
       a = -5.250      CL = -0.3021
      Cm = -0.0708     CD =  0.03970   =>   CDf =  0.00528    CDp =  0.03442

 Side 1  free  transition at x/c =  0.9540   71
 Side 2  free  transition at x/c =  0.1139   40

 130   rms: 0.9923E-02   max: 0.1015E+00   T at   40  2
       a = -5.250      CL = -0.3026
      Cm = -0.0708     CD =  0.03952   =>   CDf =  0.00527    CDp =  0.03426

 Side 1  free  transition at x/c =  0.9540   71
 Side 2  free  transition at x/c =  0.1130   40

 131   rms: 0.6043E-02   max: 0.9692E-01   T at   40  2
       a = -5.250      CL = -0.3026
      Cm = -0.0708     CD =  0.03940   =>   CDf =  0.00528    CDp =  0.03412

 Side 1  free  transition at x/c =  0.9540   71
 Side 2  free  transition at x/c =  0.1121   40

 132   rms: 0.7948E-02   max: -.1811E+00   T at   40  2
       a = -5.250      CL = -0.3021
      Cm = -0.0708     CD =  0.03973   =>   CDf =  0.00529    CDp =  0.03444

 Side 1  free  transition at x/c =  0.9540   71
 Side 2  free  transition at x/c =  0.1141   40

 133   rms: 0.1154E-01   max: 0.1077E+00   T at   40  2
       a = -5.250      CL = -0.3026
      Cm = -0.0708     CD =  0.03954   =>   CDf =  0.00526    CDp =  0.03428

 Side 1  free  transition at x/c =  0.9540   71
 Side 2  free  transition at x/c =  0.1132   40

 134   rms: 0.6145E-02   max: 0.9097E-01   T at   40  2
       a = -5.250      CL = -0.3026
      Cm = -0.0708     CD =  0.03944   =>   CDf =  0.00528    CDp =  0.03416

 Side 1  free  transition at x/c =  0.9540   71
 Side 2  free  transition at x/c =  0.1124   40

 135   rms: 0.6493E-01   max: -.1384E+01   T at   40  2   RLX: 0.361
       a = -5.250      CL = -0.3013
      Cm = -0.0708     CD =  0.04039   =>   CDf =  0.00529    CDp =  0.03511

 Side 1  free  transition at x/c =  0.9539   71
 Side 2  free  transition at x/c =  0.1215   41

 136   rms: 0.8127E-01   max: 0.6960E+00   T at   41  2
       a = -5.250      CL = -0.3033
      Cm = -0.0715     CD =  0.03889   =>   CDf =  0.00584    CDp =  0.03305

 Side 1  free  transition at x/c =  0.9537   71
 Side 2  free  transition at x/c =  0.1109   40

 137   rms: 0.5986E-01   max: -.4499E+00   D at   40  2
       a = -5.250      CL = -0.3056
      Cm = -0.0706     CD =  0.03903   =>   CDf =  0.00493    CDp =  0.03410

 Side 1  free  transition at x/c =  0.9536   71
 Side 2  free  transition at x/c =  0.1104   40

 138   rms: 0.1613E-01   max: -.1476E+00   T at   40  2
       a = -5.250      CL = -0.3022
      Cm = -0.0709     CD =  0.03938   =>   CDf =  0.00541    CDp =  0.03397

 Side 1  free  transition at x/c =  0.9540   71
 Side 2  free  transition at x/c =  0.1118   40

 139   rms: 0.4956E-02   max: -.9875E-01   T at   40  2
       a = -5.250      CL = -0.3024
      Cm = -0.0708     CD =  0.03952   =>   CDf =  0.00527    CDp =  0.03425

 Side 1  free  transition at x/c =  0.9540   71
 Side 2  free  transition at x/c =  0.1128   40

 140   rms: 0.7018E-02   max: 0.1235E+00   T at   40  2
       a = -5.250      CL = -0.3027
      Cm = -0.0708     CD =  0.03932   =>   CDf =  0.00528    CDp =  0.03404

 Side 1  free  transition at x/c =  0.9540   71
 Side 2  free  transition at x/c =  0.1117   40

 141   rms: 0.4208E-02   max: -.9731E-01   T at   40  2
       a = -5.250      CL = -0.3024
      Cm = -0.0708     CD =  0.03951   =>   CDf =  0.00528    CDp =  0.03422

 Side 1  free  transition at x/c =  0.9540   71
 Side 2  free  transition at x/c =  0.1127   40

 142   rms: 0.9163E-02   max: 0.1711E+00   T at   40  2
       a = -5.250      CL = -0.3028
      Cm = -0.0708     CD =  0.03921   =>   CDf =  0.00528    CDp =  0.03393

 Side 1  free  transition at x/c =  0.9540   71
 Side 2  free  transition at x/c =  0.1111   40

 143   rms: 0.5270E-02   max: -.9798E-01   T at   40  2
       a = -5.250      CL = -0.3026
      Cm = -0.0708     CD =  0.03940   =>   CDf =  0.00528    CDp =  0.03412

 Side 1  free  transition at x/c =  0.9540   71
 Side 2  free  transition at x/c =  0.1121   40

 144   rms: 0.6703E-02   max: -.1551E+00   T at   40  2
       a = -5.250      CL = -0.3021
      Cm = -0.0708     CD =  0.03968   =>   CDf =  0.00528    CDp =  0.03439

 Side 1  free  transition at x/c =  0.9540   71
 Side 2  free  transition at x/c =  0.1137   40

 145   rms: 0.8787E-02   max: 0.9682E-01   T at   40  2
       a = -5.250      CL = -0.3026
      Cm = -0.0708     CD =  0.03951   =>   CDf =  0.00527    CDp =  0.03424

 Side 1  free  transition at x/c =  0.9540   71
 Side 2  free  transition at x/c =  0.1129   40

 146   rms: 0.6382E-02   max: 0.1094E+00   T at   40  2
       a = -5.250      CL = -0.3026
      Cm = -0.0708     CD =  0.03935   =>   CDf =  0.00528    CDp =  0.03407

 Side 1  free  transition at x/c =  0.9540   71
 Side 2  free  transition at x/c =  0.1119   40

 147   rms: 0.4713E-02   max: -.1108E+00   T at   40  2
       a = -5.250      CL = -0.3023
      Cm = -0.0708     CD =  0.03956   =>   CDf =  0.00528    CDp =  0.03428

 Side 1  free  transition at x/c =  0.9540   71
 Side 2  free  transition at x/c =  0.1130   40

 148   rms: 0.6302E-02   max: 0.9825E-01   T at   40  2
       a = -5.250      CL = -0.3026
      Cm = -0.0708     CD =  0.03939   =>   CDf =  0.00528    CDp =  0.03411

 Side 1  free  transition at x/c =  0.9540   71
 Side 2  free  transition at x/c =  0.1121   40

 149   rms: 0.7571E-02   max: -.1729E+00   T at   40  2
       a = -5.250      CL = -0.3021
      Cm = -0.0708     CD =  0.03971   =>   CDf =  0.00529    CDp =  0.03443

 Side 1  free  transition at x/c =  0.9540   71
 Side 2  free  transition at x/c =  0.1140   40

 150   rms: 0.1058E-01   max: 0.1039E+00   T at   40  2
       a = -5.250      CL = -0.3026
      Cm = -0.0708     CD =  0.03953   =>   CDf =  0.00526    CDp =  0.03427

 Side 1  free  transition at x/c =  0.9540   71
 Side 2  free  transition at x/c =  0.1131   40

 151   rms: 0.6033E-02   max: 0.9357E-01   T at   40  2
       a = -5.250      CL = -0.3026
      Cm = -0.0708     CD =  0.03942   =>   CDf =  0.00528    CDp =  0.03414

 Side 1  free  transition at x/c =  0.9540   71
 Side 2  free  transition at x/c =  0.1123   40

 152   rms: 0.1305E-01   max: -.2893E+00   T at   40  2
       a = -5.250      CL = -0.3018
      Cm = -0.0708     CD =  0.03993   =>   CDf =  0.00529    CDp =  0.03465

 Side 1  free  transition at x/c =  0.9540   71
 Side 2  free  transition at x/c =  0.1156   40

 153   rms: 0.3644E-01   max: 0.1588E+00   T at   40  2
       a = -5.250      CL = -0.3031
      Cm = -0.0707     CD =  0.03964   =>   CDf =  0.00519    CDp =  0.03445

 Side 1  free  transition at x/c =  0.9539   71
 Side 2  free  transition at x/c =  0.1146   40

 154   rms: 0.1608E-01   max: 0.1294E+00   T at   40  2
       a = -5.250      CL = -0.3026
      Cm = -0.0708     CD =  0.03960   =>   CDf =  0.00526    CDp =  0.03434

 Side 1  free  transition at x/c =  0.9540   71
 Side 2  free  transition at x/c =  0.1137   40

 155   rms: 0.8107E-02   max: 0.9431E-01   T at   40  2
       a = -5.250      CL = -0.3025
      Cm = -0.0708     CD =  0.03950   =>   CDf =  0.00527    CDp =  0.03423

 Side 1  free  transition at x/c =  0.9540   71
 Side 2  free  transition at x/c =  0.1129   40

 156   rms: 0.6664E-02   max: 0.1169E+00   T at   40  2
       a = -5.250      CL = -0.3027
      Cm = -0.0708     CD =  0.03933   =>   CDf =  0.00528    CDp =  0.03405

 Side 1  free  transition at x/c =  0.9540   71
 Side 2  free  transition at x/c =  0.1118   40

 157   rms: 0.4325E-02   max: -.1011E+00   T at   40  2
       a = -5.250      CL = -0.3024
      Cm = -0.0708     CD =  0.03953   =>   CDf =  0.00528    CDp =  0.03424

 Side 1  free  transition at x/c =  0.9540   71
 Side 2  free  transition at x/c =  0.1128   40

 158   rms: 0.7199E-02   max: 0.1260E+00   T at   40  2
       a = -5.250      CL = -0.3027
      Cm = -0.0708     CD =  0.03931   =>   CDf =  0.00528    CDp =  0.03403

 Side 1  free  transition at x/c =  0.9540   71
 Side 2  free  transition at x/c =  0.1117   40

 159   rms: 0.4187E-02   max: -.9609E-01   T at   40  2
       a = -5.250      CL = -0.3024
      Cm = -0.0708     CD =  0.03950   =>   CDf =  0.00528    CDp =  0.03421

 Side 1  free  transition at x/c =  0.9540   71
 Side 2  free  transition at x/c =  0.1126   40

 160   rms: 0.1080E-01   max: 0.2069E+00   T at   40  2
       a = -5.250      CL = -0.3029
      Cm = -0.0708     CD =  0.03914   =>   CDf =  0.00528    CDp =  0.03386

 Side 1  free  transition at x/c =  0.9540   71
 Side 2  free  transition at x/c =  0.1108   40

 161   rms: 0.7132E-02   max: -.1089E+00   T at   40  2
       a = -5.250      CL = -0.3027
      Cm = -0.0708     CD =  0.03935   =>   CDf =  0.00527    CDp =  0.03408

 Side 1  free  transition at x/c =  0.9540   71
 Side 2  free  transition at x/c =  0.1118   40

 162   rms: 0.4428E-02   max: -.1035E+00   T at   40  2
       a = -5.250      CL = -0.3023
      Cm = -0.0708     CD =  0.03954   =>   CDf =  0.00528    CDp =  0.03425

 Side 1  free  transition at x/c =  0.9540   71
 Side 2  free  transition at x/c =  0.1129   40

 163   rms: 0.6730E-02   max: 0.1136E+00   T at   40  2
       a = -5.250      CL = -0.3027
      Cm = -0.0708     CD =  0.03934   =>   CDf =  0.00528    CDp =  0.03406

 Side 1  free  transition at x/c =  0.9540   71
 Side 2  free  transition at x/c =  0.1118   40

 164   rms: 0.4495E-02   max: -.1056E+00   T at   40  2
       a = -5.250      CL = -0.3023
      Cm = -0.0708     CD =  0.03955   =>   CDf =  0.00528    CDp =  0.03426

 Side 1  free  transition at x/c =  0.9540   71
 Side 2  free  transition at x/c =  0.1129   40

 165   rms: 0.6535E-02   max: 0.1080E+00   T at   40  2
       a = -5.250      CL = -0.3026
      Cm = -0.0708     CD =  0.03936   =>   CDf =  0.00528    CDp =  0.03408

 Side 1  free  transition at x/c =  0.9540   71
 Side 2  free  transition at x/c =  0.1119   40

 166   rms: 0.4923E-02   max: -.1156E+00   T at   40  2
       a = -5.250      CL = -0.3023
      Cm = -0.0708     CD =  0.03958   =>   CDf =  0.00529    CDp =  0.03429

 Side 1  free  transition at x/c =  0.9540   71
 Side 2  free  transition at x/c =  0.1131   40

 167   rms: 0.6312E-02   max: 0.9394E-01   T at   40  2
       a = -5.250      CL = -0.3026
      Cm = -0.0708     CD =  0.03942   =>   CDf =  0.00528    CDp =  0.03414

 Side 1  free  transition at x/c =  0.9540   71
 Side 2  free  transition at x/c =  0.1123   40

 168   rms: 0.1418E-01   max: -.3131E+00   T at   40  2
       a = -5.250      CL = -0.3017
      Cm = -0.0708     CD =  0.03998   =>   CDf =  0.00529    CDp =  0.03469

 Side 1  free  transition at x/c =  0.9540   71
 Side 2  free  transition at x/c =  0.1159   40

 169   rms: 0.4778E-01   max: 0.1642E+00   T at   40  2
       a = -5.250      CL = -0.3034
      Cm = -0.0706     CD =  0.03966   =>   CDf =  0.00516    CDp =  0.03450

 Side 1  free  transition at x/c =  0.9538   71
 Side 2  free  transition at x/c =  0.1150   40

 170   rms: 0.2064E-01   max: 0.1490E+00   T at   40  2
       a = -5.250      CL = -0.3027
      Cm = -0.0707     CD =  0.03962   =>   CDf =  0.00525    CDp =  0.03437

 Side 1  free  transition at x/c =  0.9540   71
 Side 2  free  transition at x/c =  0.1141   40

 171   rms: 0.1107E-01   max: 0.1041E+00   T at   40  2
       a = -5.250      CL = -0.3026
      Cm = -0.0708     CD =  0.03954   =>   CDf =  0.00526    CDp =  0.03428

 Side 1  free  transition at x/c =  0.9540   71
 Side 2  free  transition at x/c =  0.1132   40

 172   rms: 0.6071E-02   max: 0.9226E-01   T at   40  2
       a = -5.250      CL = -0.3026
      Cm = -0.0708     CD =  0.03943   =>   CDf =  0.00528    CDp =  0.03415

 Side 1  free  transition at x/c =  0.9540   71
 Side 2  free  transition at x/c =  0.1123   40

 173   rms: 0.2723E-01   max: -.5891E+00   T at   40  2   RLX: 0.849
       a = -5.250      CL = -0.3013
      Cm = -0.0708     CD =  0.04033   =>   CDf =  0.00529    CDp =  0.03504

 Side 1  free  transition at x/c =  0.9539   71
 Side 2  free  transition at x/c =  0.1215   41

 174   rms: 0.8095E-01   max: 0.6881E+00   T at   41  2
       a = -5.250      CL = -0.3033
      Cm = -0.0715     CD =  0.03890   =>   CDf =  0.00584    CDp =  0.03306

 Side 1  free  transition at x/c =  0.9537   71
 Side 2  free  transition at x/c =  0.1110   40

 175   rms: 0.5842E-01   max: -.4422E+00   D at   40  2
       a = -5.250      CL = -0.3054
      Cm = -0.0706     CD =  0.03905   =>   CDf =  0.00494    CDp =  0.03411

 Side 1  free  transition at x/c =  0.9536   71
 Side 2  free  transition at x/c =  0.1106   40

 176   rms: 0.1591E-01   max: -.1426E+00   T at   40  2
       a = -5.250      CL = -0.3022
      Cm = -0.0709     CD =  0.03940   =>   CDf =  0.00541    CDp =  0.03399

 Side 1  free  transition at x/c =  0.9540   71
 Side 2  free  transition at x/c =  0.1119   40

 177   rms: 0.4994E-02   max: -.1085E+00   T at   40  2
       a = -5.250      CL = -0.3024
      Cm = -0.0708     CD =  0.03956   =>   CDf =  0.00527    CDp =  0.03429

 Side 1  free  transition at x/c =  0.9540   71
 Side 2  free  transition at x/c =  0.1130   40

 178   rms: 0.6235E-02   max: 0.9860E-01   T at   40  2
       a = -5.250      CL = -0.3026
      Cm = -0.0708     CD =  0.03939   =>   CDf =  0.00528    CDp =  0.03411

 Side 1  free  transition at x/c =  0.9540   71
 Side 2  free  transition at x/c =  0.1121   40

 179   rms: 0.7535E-02   max: -.1721E+00   T at   40  2
       a = -5.250      CL = -0.3021
      Cm = -0.0708     CD =  0.03971   =>   CDf =  0.00529    CDp =  0.03443

 Side 1  free  transition at x/c =  0.9540   71
 Side 2  free  transition at x/c =  0.1140   40

 180   rms: 0.1050E-01   max: 0.1036E+00   T at   40  2
       a = -5.250      CL = -0.3026
      Cm = -0.0708     CD =  0.03953   =>   CDf =  0.00526    CDp =  0.03427

 Side 1  free  transition at x/c =  0.9540   71
 Side 2  free  transition at x/c =  0.1131   40

 181   rms: 0.6029E-02   max: 0.9388E-01   T at   40  2
       a = -5.250      CL = -0.3026
      Cm = -0.0708     CD =  0.03941   =>   CDf =  0.00528    CDp =  0.03413

 Side 1  free  transition at x/c =  0.9540   71
 Side 2  free  transition at x/c =  0.1122   40

 182   rms: 0.1218E-01   max: -.2709E+00   T at   40  2
       a = -5.250      CL = -0.3018
      Cm = -0.0708     CD =  0.03990   =>   CDf =  0.00529    CDp =  0.03462

 Side 1  free  transition at x/c =  0.9540   71
 Side 2  free  transition at x/c =  0.1153   40

 183   rms: 0.2975E-01   max: 0.1519E+00   T at   40  2
       a = -5.250      CL = -0.3030
      Cm = -0.0707     CD =  0.03963   =>   CDf =  0.00521    CDp =  0.03442

 Side 1  free  transition at x/c =  0.9539   71
 Side 2  free  transition at x/c =  0.1144   40

 184   rms: 0.1317E-01   max: 0.1170E+00   T at   40  2
       a = -5.250      CL = -0.3026
      Cm = -0.0708     CD =  0.03957   =>   CDf =  0.00526    CDp =  0.03431

 Side 1  free  transition at x/c =  0.9540   71
 Side 2  free  transition at x/c =  0.1134   40

 185   rms: 0.6821E-02   max: 0.9044E-01   T at   40  2
       a = -5.250      CL = -0.3025
      Cm = -0.0708     CD =  0.03947   =>   CDf =  0.00528    CDp =  0.03419

 Side 1  free  transition at x/c =  0.9540   71
 Side 2  free  transition at x/c =  0.1126   40

 186   rms: 0.1107E-01   max: 0.2151E+00   T at   40  2
       a = -5.250      CL = -0.3029
      Cm = -0.0708     CD =  0.03913   =>   CDf =  0.00528    CDp =  0.03384

 Side 1  free  transition at x/c =  0.9540   71
 Side 2  free  transition at x/c =  0.1107   40

 187   rms: 0.7742E-02   max: -.1123E+00   T at   40  2
       a = -5.250      CL = -0.3027
      Cm = -0.0708     CD =  0.03933   =>   CDf =  0.00527    CDp =  0.03406

 Side 1  free  transition at x/c =  0.9540   71
 Side 2  free  transition at x/c =  0.1117   40

 188   rms: 0.4289E-02   max: -.9926E-01   T at   40  2
       a = -5.250      CL = -0.3024
      Cm = -0.0708     CD =  0.03952   =>   CDf =  0.00528    CDp =  0.03424

 Side 1  free  transition at x/c =  0.9540   71
 Side 2  free  transition at x/c =  0.1128   40

 189   rms: 0.7679E-02   max: 0.1374E+00   T at   40  2
       a = -5.250      CL = -0.3027
      Cm = -0.0708     CD =  0.03929   =>   CDf =  0.00528    CDp =  0.03400

 Side 1  free  transition at x/c =  0.9540   71
 Side 2  free  transition at x/c =  0.1115   40

 190   rms: 0.4246E-02   max: -.9358E-01   T at   40  2
       a = -5.250      CL = -0.3024
      Cm = -0.0708     CD =  0.03947   =>   CDf =  0.00528    CDp =  0.03418

 Side 1  free  transition at x/c =  0.9540   71
 Side 2  free  transition at x/c =  0.1124   40

 191   rms: 0.5029E-01   max: 0.1044E+01   T at   40  2
       a = -5.250      CL = -0.3050
      Cm = -0.0708     CD =  0.03768   =>   CDf =  0.00528    CDp =  0.03240

 Side 1  free  transition at x/c =  0.9542   71
 Side 2  free  transition at x/c =  0.1037   39

 192   rms: 0.1710E+00   max: 0.3107E+01   T at   39  2   RLX: 0.416
       a = -5.250      CL = -0.3153
      Cm = -0.0697     CD =  0.04076   =>   CDf =  0.00485    CDp =  0.03592

 Side 1  free  transition at x/c =  0.9547   71
 Side 2  free  transition at x/c =  0.1012   39

 193   rms: 0.9761E-01   max: -.4821E+00   T at   39  2
       a = -5.250      CL = -0.3086
      Cm = -0.0704     CD =  0.03852   =>   CDf =  0.00467    CDp =  0.03385

 Side 1  free  transition at x/c =  0.9534   71
 Side 2  free  transition at x/c =  0.1094   40

 194   rms: 0.1746E-01   max: -.1944E+00   T at   40  2
       a = -5.250      CL = -0.3023
      Cm = -0.0709     CD =  0.03925   =>   CDf =  0.00543    CDp =  0.03382

 Side 1  free  transition at x/c =  0.9540   71
 Side 2  free  transition at x/c =  0.1109   40

 195   rms: 0.7583E-02   max: -.1007E+00   T at   40  2
       a = -5.250      CL = -0.3027
      Cm = -0.0708     CD =  0.03936   =>   CDf =  0.00526    CDp =  0.03410

 Side 1  free  transition at x/c =  0.9540   71
 Side 2  free  transition at x/c =  0.1119   40

 196   rms: 0.4919E-02   max: -.1151E+00   T at   40  2
       a = -5.250      CL = -0.3023
      Cm = -0.0708     CD =  0.03958   =>   CDf =  0.00529    CDp =  0.03429

 Side 1  free  transition at x/c =  0.9540   71
 Side 2  free  transition at x/c =  0.1131   40

 197   rms: 0.6322E-02   max: 0.9425E-01   T at   40  2
       a = -5.250      CL = -0.3026
      Cm = -0.0708     CD =  0.03942   =>   CDf =  0.00528    CDp =  0.03414

 Side 1  free  transition at x/c =  0.9540   71
 Side 2  free  transition at x/c =  0.1123   40

 198   rms: 0.1351E-01   max: -.2988E+00   T at   40  2
       a = -5.250      CL = -0.3018
      Cm = -0.0708     CD =  0.03995   =>   CDf =  0.00529    CDp =  0.03467

 Side 1  free  transition at x/c =  0.9540   71
 Side 2  free  transition at x/c =  0.1157   40

 199   rms: 0.4046E-01   max: 0.1616E+00   T at   40  2
       a = -5.250      CL = -0.3032
      Cm = -0.0707     CD =  0.03966   =>   CDf =  0.00518    CDp =  0.03448

 Side 1  free  transition at x/c =  0.9539   71
 Side 2  free  transition at x/c =  0.1148   40

 200   rms: 0.1778E-01   max: 0.1367E+00   T at   40  2
       a = -5.250      CL = -0.3027
      Cm = -0.0708     CD =  0.03961   =>   CDf =  0.00525    CDp =  0.03435

 Side 1  free  transition at x/c =  0.9540   71
 Side 2  free  transition at x/c =  0.1138   40

 201   rms: 0.9066E-02   max: 0.9763E-01   T at   40  2
       a = -5.250      CL = -0.3025
      Cm = -0.0708     CD =  0.03952   =>   CDf =  0.00527    CDp =  0.03425

 Side 1  free  transition at x/c =  0.9540   71
 Side 2  free  transition at x/c =  0.1130   40

 202   rms: 0.6145E-02   max: 0.1020E+00   T at   40  2
       a = -5.250      CL = -0.3026
      Cm = -0.0708     CD =  0.03938   =>   CDf =  0.00528    CDp =  0.03410

 Side 1  free  transition at x/c =  0.9540   71
 Side 2  free  transition at x/c =  0.1120   40

 203   rms: 0.5882E-02   max: -.1367E+00   T at   40  2
       a = -5.250      CL = -0.3022
      Cm = -0.0708     CD =  0.03963   =>   CDf =  0.00529    CDp =  0.03435

 Side 1  free  transition at x/c =  0.9540   71
 Side 2  free  transition at x/c =  0.1135   40

 204   rms: 0.7309E-02   max: 0.9144E-01   T at   40  2
       a = -5.250      CL = -0.3026
      Cm = -0.0708     CD =  0.03948   =>   CDf =  0.00527    CDp =  0.03420

 Side 1  free  transition at x/c =  0.9540   71
 Side 2  free  transition at x/c =  0.1127   40

 205   rms: 0.9667E-02   max: 0.1850E+00   T at   40  2
       a = -5.250      CL = -0.3029
      Cm = -0.0708     CD =  0.03919   =>   CDf =  0.00528    CDp =  0.03390
 VISCAL:  Convergence failed
      9.000   13.2113   0.039185   0.003233   0.000000  -0.003233    0.9540     #
 Calculating wake trajectory ...
 Calculating source influence matrix ...

 Solving BL system ...

 Side 1  free  transition at x/c =  0.9540   71
 Side 2  free  transition at x/c =  0.1110   40

   1   rms: 0.1073E+00   max: -.1683E+01   T at   40  2   RLX: 0.297
       a = -5.000      CL = -0.2908
      Cm = -0.0715     CD =  0.04003   =>   CDf =  0.00527    CDp =  0.03476

 Side 1  free  transition at x/c =  0.9530   71
 Side 2  free  transition at x/c =  0.1207   41

   2   rms: 0.7086E-01   max: -.6138E+00   T at   41  2   RLX: 0.815
       a = -5.000      CL = -0.2678
      Cm = -0.0733     CD =  0.03910   =>   CDf =  0.00552    CDp =  0.03359

 Side 1  free  transition at x/c =  0.9510   72
 Side 2  free  transition at x/c =  0.1333   41

   3   rms: 0.5082E-01   max: 0.4773E+00   D at   41  2
       a = -5.000      CL = -0.2645
      Cm = -0.0741     CD =  0.03880   =>   CDf =  0.00558    CDp =  0.03322

 Side 1  free  transition at x/c =  0.9506   72
 Side 2  free  transition at x/c =  0.1292   41

   4   rms: 0.3282E-01   max: -.1880E+00   T at   41  2
       a = -5.000      CL = -0.2663
      Cm = -0.0739     CD =  0.03851   =>   CDf =  0.00518    CDp =  0.03333

 Side 1  free  transition at x/c =  0.9506   72
 Side 2  free  transition at x/c =  0.1305   41

   5   rms: 0.1183E-01   max: -.8273E-01   T at   41  2
       a = -5.000      CL = -0.2656
      Cm = -0.0739     CD =  0.03870   =>   CDf =  0.00524    CDp =  0.03346

 Side 1  free  transition at x/c =  0.9507   72
 Side 2  free  transition at x/c =  0.1313   41

   6   rms: 0.1981E-02   max: -.2117E-01   T at   41  2
       a = -5.000      CL = -0.2653
      Cm = -0.0740     CD =  0.03876   =>   CDf =  0.00528    CDp =  0.03348

 Side 1  free  transition at x/c =  0.9507   72
 Side 2  free  transition at x/c =  0.1315   41

   7   rms: 0.1307E-03   max: -.1772E-02   T at   41  2
       a = -5.000      CL = -0.2653
      Cm = -0.0740     CD =  0.03876   =>   CDf =  0.00529    CDp =  0.03348

 Side 1  free  transition at x/c =  0.9507   72
 Side 2  free  transition at x/c =  0.1316   41

   8   rms: 0.2713E-05   max: -.3906E-04   T at   41  2
       a = -5.000      CL = -0.2653
      Cm = -0.0740     CD =  0.03876   =>   CDf =  0.00529    CDp =  0.03348
      9.000   12.7960   0.038765   0.003275   0.000000  -0.003275    0.9507     #

 Point added to stored polar  1
 Point written to save file  clarky_re150000_clean.polar                     
 Dump file unspecified or not available
 Calculating wake trajectory ...
 Calculating source influence matrix ...

 Solving BL system ...

 Side 1  free  transition at x/c =  0.9507   72
 Side 2  free  transition at x/c =  0.1316   41

   1   rms: 0.8444E-01   max: -.1212E+01   T at   41  2   RLX: 0.412
       a = -4.750      CL = -0.2486
      Cm = -0.0750     CD =  0.03881   =>   CDf =  0.00529    CDp =  0.03353

 Side 1  free  transition at x/c =  0.9497   71
 Side 2  free  transition at x/c =  0.1442   42

   2   rms: 0.5565E+00   max: 0.6377E+01   T at   42  2   RLX: 0.174
       a = -4.750      CL = -0.3096
      Cm = -0.0630     CD =  0.03563   =>   CDf =  0.00555    CDp =  0.03008

 MRCHDU: Convergence failed at  50  side 2    Res =  0.8418E+00
 MRCHDU: Convergence failed at  51  side 2    Res =  0.1229E+01
 MRCHDU: Convergence failed at  52  side 2    Res =  0.2127E+01
 MRCHDU: Convergence failed at  53  side 2    Res =  0.4610E+01
 MRCHDU: Convergence failed at  54  side 2    Res =  0.5163E+02
 MRCHDU: Convergence failed at  55  side 2    Res =  0.6710E+01
 MRCHDU: Convergence failed at  56  side 2    Res =  0.4002E+01
 MRCHDU: Convergence failed at  57  side 2    Res =  0.3123E+01
 MRCHDU: Convergence failed at  58  side 2    Res =  0.2625E+01
 MRCHDU: Convergence failed at  59  side 2    Res =  0.2382E+01
 MRCHDU: Convergence failed at  60  side 2    Res =  0.2216E+01
 MRCHDU: Convergence failed at  61  side 2    Res =  0.2128E+01
 MRCHDU: Convergence failed at  62  side 2    Res =  0.2070E+01
 MRCHDU: Convergence failed at  63  side 2    Res =  0.2039E+01
 MRCHDU: Convergence failed at  64  side 2    Res =  0.2029E+01
 MRCHDU: Convergence failed at  65  side 2    Res =  0.2033E+01
 MRCHDU: Convergence failed at  66  side 2    Res =  0.2049E+01
 MRCHDU: Convergence failed at  67  side 2    Res =  0.2074E+01
 MRCHDU: Convergence failed at  68  side 2    Res =  0.2055E+01
 MRCHDU: Convergence failed at  69  side 2    Res =  0.2091E+01
 MRCHDU: Convergence failed at  70  side 2    Res =  0.2132E+01
 MRCHDU: Convergence failed at  71  side 2    Res =  0.2175E+01
 MRCHDU: Convergence failed at  72  side 2    Res =  0.2262E+01
 MRCHDU: Convergence failed at  73  side 2    Res =  0.2354E+01
 MRCHDU: Convergence failed at  74  side 2    Res =  0.2444E+01
 MRCHDU: Convergence failed at  75  side 2    Res =  0.2531E+01
 MRCHDU: Convergence failed at  76  side 2    Res =  0.2615E+01
 MRCHDU: Convergence failed at  77  side 2    Res =  0.2694E+01
 MRCHDU: Convergence failed at  78  side 2    Res =  0.2767E+01
 MRCHDU: Convergence failed at  79  side 2    Res =  0.2834E+01
 MRCHDU: Convergence failed at  80  side 2    Res =  0.2895E+01
 MRCHDU: Convergence failed at  81  side 2    Res =  0.2947E+01
 MRCHDU: Convergence failed at  82  side 2    Res =  0.2992E+01
 MRCHDU: Convergence failed at  83  side 2    Res =  0.3029E+01
 MRCHDU: Convergence failed at  84  side 2    Res =  0.2954E+01
 MRCHDU: Convergence failed at  85  side 2    Res =  0.2970E+01
 MRCHDU: Convergence failed at  86  side 2    Res =  0.3386E+01
 MRCHDU: Convergence failed at  87  side 2    Res =  0.3517E+01
 MRCHDU: Convergence failed at  88  side 2    Res =  0.3665E+01
 MRCHDU: Convergence failed at  89  side 2    Res =  0.3901E+01
 Side 1  free  transition at x/c =  0.9280   70
 Side 2  free  transition at x/c =  0.1256   40

   3   rms: 0.5468E+00   max: 0.5056E+01   T at   40  2   RLX: 0.110
       a = -4.750      CL = -0.5715
      Cm =  0.0484     CD =  0.03464   =>   CDf =  0.00376    CDp =  0.03088

 Side 1  free  transition at x/c =  0.9342   71
 Side 2  free  transition at x/c =  0.1323   41

   4   rms: 0.2118E+00   max: 0.3509E+00   T at   90  2   RLX: 0.796
       a = -4.750      CL = -0.3327
      Cm = -0.0469     CD =  0.03342   =>   CDf =  0.00688    CDp =  0.02654

 Side 1  free  transition at x/c =  0.9353   71
 Side 2  free  transition at x/c =  0.1383   41

   5   rms: 0.1242E+00   max: -.4598E+00   D at   53  2
       a = -4.750      CL = -0.2481
      Cm = -0.0729     CD =  0.03795   =>   CDf =  0.00519    CDp =  0.03276

 Side 1  free  transition at x/c =  0.9392   71
 Side 2  free  transition at x/c =  0.1083   39

   6   rms: 0.1396E+00   max: -.7358E+00   D at   41  2   RLX: 0.680
       a = -4.750      CL = -0.2630
      Cm = -0.0703     CD =  0.04221   =>   CDf =  0.00453    CDp =  0.03768

 Side 1  free  transition at x/c =  0.9393   71
 Side 2  free  transition at x/c =  0.1097   39

   7   rms: 0.9127E-01   max: -.1430E+01   T at   39  2   RLX: 0.350
       a = -4.750      CL = -0.2529
      Cm = -0.0708     CD =  0.04203   =>   CDf =  0.00502    CDp =  0.03701

 Side 1  free  transition at x/c =  0.9402   71
 Side 2  free  transition at x/c =  0.1152   39

   8   rms: 0.1622E+00   max: -.5762E+00   D at   41  2   RLX: 0.868
       a = -4.750      CL = -0.2604
      Cm = -0.0719     CD =  0.03648   =>   CDf =  0.00477    CDp =  0.03171

 Side 1  free  transition at x/c =  0.9394   71
 Side 2  free  transition at x/c =  0.0999   38

   9   rms: 0.1387E+00   max: -.1320E+01   T at   38  2   RLX: 0.379
       a = -4.750      CL = -0.2666
      Cm = -0.0705     CD =  0.04373   =>   CDf =  0.00469    CDp =  0.03904

 Side 1  free  transition at x/c =  0.9395   71
 Side 2  free  transition at x/c =  0.1033   38

  10   rms: 0.1995E+00   max: 0.7656E+00   T at   38  2   RLX: 0.823
       a = -4.750      CL = -0.2750
      Cm = -0.0714     CD =  0.03517   =>   CDf =  0.00465    CDp =  0.03053

 Side 1  free  transition at x/c =  0.9373   71
 Side 2  free  transition at x/c =  0.0922   37

  11   rms: 0.1773E+00   max: -.3557E+01   T at   37  2   RLX: 0.141
       a = -4.750      CL = -0.2757
      Cm = -0.0701     CD =  0.04397   =>   CDf =  0.00494    CDp =  0.03903

 Side 1  free  transition at x/c =  0.9377   71
 Side 2  free  transition at x/c =  0.0951   37

  12   rms: 0.2289E+00   max: -.7076E+00   D at   61  2   RLX: 0.707
       a = -4.750      CL = -0.2873
      Cm = -0.0705     CD =  0.03570   =>   CDf =  0.00466    CDp =  0.03103

 Side 1  free  transition at x/c =  0.9355   71
 Side 2  free  transition at x/c =  0.0881   36

  13   rms: 0.1924E+00   max: 0.1501E+01   T at   36  2   RLX: 0.672
       a = -4.750      CL = -0.2801
      Cm = -0.0697     CD =  0.03364   =>   CDf =  0.00513    CDp =  0.02851

 Side 1  free  transition at x/c =  0.9376   71
 Side 2  free  transition at x/c =  0.0853   36

  14   rms: 0.5321E+01   max: -.4466E+02   T at   36  2   RLX: 0.011
       a = -4.750      CL = -0.2763
      Cm = -0.0694     CD =  0.04578   =>   CDf =  0.00500    CDp =  0.04079

 Side 1  free  transition at x/c =  0.9388   71
 Side 2  free  transition at x/c =  0.0920   37

  15   rms: 0.1798E+00   max: -.3404E+01   T at   37  2   RLX: 0.147
       a = -4.750      CL = -0.2731
      Cm = -0.0693     CD =  0.04663   =>   CDf =  0.00465    CDp =  0.04198

 Side 1  free  transition at x/c =  0.9390   71
 Side 2  free  transition at x/c =  0.0950   37

  16   rms: 0.2723E+00   max: -.8301E+00   D at   63  2   RLX: 0.602
       a = -4.750      CL = -0.2969
      Cm = -0.0701     CD =  0.03784   =>   CDf =  0.00446    CDp =  0.03338

 Side 1  free  transition at x/c =  0.9346   70
 Side 2  free  transition at x/c =  0.0886   37

  17   rms: 0.2022E+00   max: 0.1152E+01   T at   37  2   RLX: 0.794
       a = -4.750      CL = -0.2924
      Cm = -0.0681     CD =  0.03353   =>   CDf =  0.00483    CDp =  0.02870

 Side 1  free  transition at x/c =  0.9362   71
 Side 2  free  transition at x/c =  0.0867   36

  18   rms: 0.4080E+00   max: 0.2291E+01   D at    2  1   RLX: 0.445
       a = -4.750      CL = -0.3173
      Cm = -0.0681     CD =  0.03351   =>   CDf =  0.00473    CDp =  0.02877

 Side 1  free  transition at x/c =  0.9337   70
 Side 2  free  transition at x/c =  0.0807   36

  19   rms: 0.2547E+00   max: -.7955E+00   D at   60  2   RLX: 0.629
       a = -4.750      CL = -0.3157
      Cm = -0.0666     CD =  0.03138   =>   CDf =  0.00514    CDp =  0.02624

 Side 1  free  transition at x/c =  0.9338   70
 Side 2  free  transition at x/c =  0.0787   36

  20   rms: 0.1841E+00   max: -.5901E+00   D at   57  2   RLX: 0.847
       a = -4.750      CL = -0.2810
      Cm = -0.0682     CD =  0.02692   =>   CDf =  0.00604    CDp =  0.02087

 Side 1  free  transition at x/c =  0.9372   70
 Side 2  free  transition at x/c =  0.0768   36

  21   rms: 0.8859E-01   max: -.3350E+00   D at   43  2
       a = -4.750      CL = -0.2481
      Cm = -0.0722     CD =  0.02567   =>   CDf =  0.00717    CDp =  0.01850

 Side 1  free  transition at x/c =  0.9423   70
 Side 2  free  transition at x/c =  0.0762   36

  22   rms: 0.1570E-01   max: 0.9775E-01   D at   39  2
       a = -4.750      CL = -0.2397
      Cm = -0.0737     CD =  0.02625   =>   CDf =  0.00786    CDp =  0.01838

 Side 1  free  transition at x/c =  0.9442   71
 Side 2  free  transition at x/c =  0.0765   35

  23   rms: 0.2495E-02   max: -.3562E-01   D at    2  1
       a = -4.750      CL = -0.2392
      Cm = -0.0738     CD =  0.02621   =>   CDf =  0.00777    CDp =  0.01844

 Side 1  free  transition at x/c =  0.9445   71
 Side 2  free  transition at x/c =  0.0765   35

  24   rms: 0.6492E-03   max: 0.8776E-02   D at    4  1
       a = -4.750      CL = -0.2392
      Cm = -0.0738     CD =  0.02621   =>   CDf =  0.00778    CDp =  0.01844

 Side 1  free  transition at x/c =  0.9445   71
 Side 2  free  transition at x/c =  0.0765   35

  25   rms: 0.5602E-06   max: 0.4526E-05   D at    6  1
       a = -4.750      CL = -0.2392
      Cm = -0.0738     CD =  0.02621   =>   CDf =  0.00778    CDp =  0.01844
      9.000   12.5306   0.026212   0.003260   0.000000  -0.003260    0.9445     #

 Point added to stored polar  1
 Point written to save file  clarky_re150000_clean.polar                     
 Dump file unspecified or not available
 Calculating wake trajectory ...
 Calculating source influence matrix ...

 Solving BL system ...

 Side 1  free  transition at x/c =  0.9445   71
 Side 2  free  transition at x/c =  0.0765   35

   1   rms: 0.5472E-01   max: -.1395E+00   D at   43  2
       a = -4.500      CL = -0.2112
      Cm = -0.0740     CD =  0.02472   =>   CDf =  0.00778    CDp =  0.01694

 Side 1  free  transition at x/c =  0.9367   71
 Side 2  free  transition at x/c =  0.0774   35

   2   rms: 0.1090E-01   max: -.6077E-01   D at   74  1
       a = -4.500      CL = -0.2055
      Cm = -0.0750     CD =  0.02485   =>   CDf =  0.00803    CDp =  0.01682

 Side 1  free  transition at x/c =  0.9386   71
 Side 2  free  transition at x/c =  0.0775   35

   3   rms: 0.6691E-03   max: -.5056E-02   T at   71  1
       a = -4.500      CL = -0.2050
      Cm = -0.0751     CD =  0.02484   =>   CDf =  0.00800    CDp =  0.01684

 Side 1  free  transition at x/c =  0.9388   71
 Side 2  free  transition at x/c =  0.0775   35

   4   rms: 0.1780E-04   max: 0.1433E-03   D at   38  2
       a = -4.500      CL = -0.2050
      Cm = -0.0751     CD =  0.02484   =>   CDf =  0.00800    CDp =  0.01684
      9.000   12.4070   0.024837   0.003290   0.000000  -0.003290    0.9388     #

 Point added to stored polar  1
 Point written to save file  clarky_re150000_clean.polar                     
 Dump file unspecified or not available
 Calculating wake trajectory ...
 Calculating source influence matrix ...

 Solving BL system ...

 Side 1  free  transition at x/c =  0.9388   71
 Side 2  free  transition at x/c =  0.0775   35

   1   rms: 0.5689E-01   max: -.2143E+00   T at   35  2
       a = -4.250      CL = -0.1672
      Cm = -0.0772     CD =  0.02361   =>   CDf =  0.00800    CDp =  0.01561

 Side 1  free  transition at x/c =  0.9343   71
 Side 2  free  transition at x/c =  0.0799   35

   2   rms: 0.1204E-01   max: -.5887E-01   D at   38  2
       a = -4.250      CL = -0.1649
      Cm = -0.0775     CD =  0.02366   =>   CDf =  0.00819    CDp =  0.01547

 Side 1  free  transition at x/c =  0.9350   71
 Side 2  free  transition at x/c =  0.0800   35

   3   rms: 0.2608E-03   max: 0.2683E-02   D at   38  2
       a = -4.250      CL = -0.1649
      Cm = -0.0775     CD =  0.02367   =>   CDf =  0.00823    CDp =  0.01544

 Side 1  free  transition at x/c =  0.9350   71
 Side 2  free  transition at x/c =  0.0800   35

   4   rms: 0.3406E-05   max: 0.2876E-04   D at   38  2
       a = -4.250      CL = -0.1649
      Cm = -0.0775     CD =  0.02367   =>   CDf =  0.00823    CDp =  0.01544
      9.000   12.0574   0.023673   0.003330   0.000000  -0.003330    0.9350     #

 Point added to stored polar  1
 Point written to save file  clarky_re150000_clean.polar                     
 Dump file unspecified or not available
 Calculating wake trajectory ...
 Calculating source influence matrix ...

 Solving BL system ...

 Side 1  free  transition at x/c =  0.9350   71
 Side 2  free  transition at x/c =  0.0800   35

   1   rms: 0.6322E-01   max: -.2284E+00   T at   35  2
       a = -4.000      CL = -0.1233
      Cm = -0.0801     CD =  0.02245   =>   CDf =  0.00825    CDp =  0.01421

 Side 1  free  transition at x/c =  0.9320   72
 Side 2  free  transition at x/c =  0.0820   34

   2   rms: 0.1816E-01   max: -.8303E-01   D at   35  2
       a = -4.000      CL = -0.1217
      Cm = -0.0803     CD =  0.02254   =>   CDf =  0.00854    CDp =  0.01400

 Side 1  free  transition at x/c =  0.9323   72
 Side 2  free  transition at x/c =  0.0820   34

   3   rms: 0.8852E-03   max: 0.8000E-02   D at    4  1
       a = -4.000      CL = -0.1217
      Cm = -0.0803     CD =  0.02256   =>   CDf =  0.00857    CDp =  0.01399

 Side 1  free  transition at x/c =  0.9323   72
 Side 2  free  transition at x/c =  0.0820   34

   4   rms: 0.2980E-05   max: 0.2789E-04   D at   36  2
       a = -4.000      CL = -0.1217
      Cm = -0.0803     CD =  0.02256   =>   CDf =  0.00857    CDp =  0.01399
      9.000   11.6176   0.022559   0.003375   0.000000  -0.003375    0.9323     #

 Point added to stored polar  1
 Point written to save file  clarky_re150000_clean.polar                     
 Dump file unspecified or not available
 Calculating wake trajectory ...
 Calculating source influence matrix ...

 Solving BL system ...

 Side 1  free  transition at x/c =  0.9323   72
 Side 2  free  transition at x/c =  0.0820   34

   1   rms: 0.6655E-01   max: -.2397E+00   D at   39  2
       a = -3.750      CL = -0.0772
      Cm = -0.0832     CD =  0.02154   =>   CDf =  0.00857    CDp =  0.01297

 Side 1  free  transition at x/c =  0.9304   71
 Side 2  free  transition at x/c =  0.0856   35

   2   rms: 0.6204E+00   max: -.5023E+01   T at   71  1   RLX: 0.100
       a = -3.750      CL = -0.0235
      Cm = -0.0945     CD =  0.01892   =>   CDf =  0.00845    CDp =  0.01048

 MRCHDU: Convergence failed at  76  side 1    Res =  0.2765E+01
 Side 1  free  transition at x/c =  0.9552   74
 Side 2  free  transition at x/c =  0.0891   34

   3   rms: 0.1205E+00   max: 0.8488E+00   D at   74  1
       a = -3.750      CL = -0.0309
      Cm = -0.0928     CD =  0.01899   =>   CDf =  0.00838    CDp =  0.01062

 Side 1  free  transition at x/c =  0.9462   73
 Side 2  free  transition at x/c =  0.0878   34

   4   rms: 0.1712E+00   max: 0.1165E+01   T at   73  1   RLX: 0.789
       a = -3.750      CL = -0.1361
      Cm = -0.0728     CD =  0.02172   =>   CDf =  0.00849    CDp =  0.01323

 Side 1  free  transition at x/c =  0.9128   70
 Side 2  free  transition at x/c =  0.0824   35

   5   rms: 0.5292E+00   max: -.4182E+01   T at   70  1   RLX: 0.120
       a = -3.750      CL = -0.0853
      Cm = -0.0817     CD =  0.02403   =>   CDf =  0.00853    CDp =  0.01550

 Side 1  free  transition at x/c =  0.9335   72
 Side 2  free  transition at x/c =  0.0843   35

   6   rms: 0.4470E-01   max: 0.5049E+00   D at   72  1
       a = -3.750      CL = -0.0762
      Cm = -0.0838     CD =  0.02142   =>   CDf =  0.00846    CDp =  0.01295

 Side 1  free  transition at x/c =  0.9309   71
 Side 2  free  transition at x/c =  0.0848   35

   7   rms: 0.9830E-01   max: -.7948E+00   T at   71  1   RLX: 0.629
       a = -3.750      CL = -0.0211
      Cm = -0.0945     CD =  0.02027   =>   CDf =  0.00851    CDp =  0.01177

 MRCHDU: Convergence failed at  76  side 1    Res =  0.2982E+01
 Side 1  free  transition at x/c =  0.9556   74
 Side 2  free  transition at x/c =  0.0880   34

   8   rms: 0.8945E-01   max: 0.8345E+00   D at   74  1
       a = -3.750      CL = -0.0308
      Cm = -0.0931     CD =  0.01911   =>   CDf =  0.00856    CDp =  0.01056

 Side 1  free  transition at x/c =  0.9459   73
 Side 2  free  transition at x/c =  0.0873   34

   9   rms: 0.1518E+00   max: 0.1073E+01   T at   73  1   RLX: 0.872
       a = -3.750      CL = -0.1396
      Cm = -0.0720     CD =  0.02192   =>   CDf =  0.00849    CDp =  0.01342

 Side 1  free  transition at x/c =  0.9122   70
 Side 2  free  transition at x/c =  0.0823   35

  10   rms: 0.3462E+00   max: -.2580E+01   T at   70  1   RLX: 0.194
       a = -3.750      CL = -0.0871
      Cm = -0.0814     CD =  0.02394   =>   CDf =  0.00853    CDp =  0.01542

 Side 1  free  transition at x/c =  0.9330   72
 Side 2  free  transition at x/c =  0.0842   35

  11   rms: 0.4669E-01   max: 0.4817E+00   D at   72  1
       a = -3.750      CL = -0.0764
      Cm = -0.0838     CD =  0.02142   =>   CDf =  0.00845    CDp =  0.01297

 Side 1  free  transition at x/c =  0.9308   71
 Side 2  free  transition at x/c =  0.0848   35

  12   rms: 0.9984E-01   max: -.8062E+00   T at   71  1   RLX: 0.620
       a = -3.750      CL = -0.0212
      Cm = -0.0944     CD =  0.02027   =>   CDf =  0.00851    CDp =  0.01176

 MRCHDU: Convergence failed at  76  side 1    Res =  0.2974E+01
 Side 1  free  transition at x/c =  0.9556   74
 Side 2  free  transition at x/c =  0.0880   34

  13   rms: 0.8939E-01   max: 0.8346E+00   D at   74  1
       a = -3.750      CL = -0.0308
      Cm = -0.0931     CD =  0.01912   =>   CDf =  0.00855    CDp =  0.01056

 Side 1  free  transition at x/c =  0.9459   73
 Side 2  free  transition at x/c =  0.0873   34

  14   rms: 0.1515E+00   max: 0.1071E+01   T at   73  1   RLX: 0.874
       a = -3.750      CL = -0.1398
      Cm = -0.0720     CD =  0.02192   =>   CDf =  0.00849    CDp =  0.01343

 Side 1  free  transition at x/c =  0.9122   70
 Side 2  free  transition at x/c =  0.0823   35

  15   rms: 0.3410E+00   max: -.2535E+01   T at   70  1   RLX: 0.197
       a = -3.750      CL = -0.0872
      Cm = -0.0814     CD =  0.02393   =>   CDf =  0.00853    CDp =  0.01541

 Side 1  free  transition at x/c =  0.9330   72
 Side 2  free  transition at x/c =  0.0842   35

  16   rms: 0.4668E-01   max: 0.4805E+00   D at   72  1
       a = -3.750      CL = -0.0764
      Cm = -0.0838     CD =  0.02142   =>   CDf =  0.00845    CDp =  0.01297

 Side 1  free  transition at x/c =  0.9308   71
 Side 2  free  transition at x/c =  0.0848   35

  17   rms: 0.1000E+00   max: -.8076E+00   T at   71  1   RLX: 0.619
       a = -3.750      CL = -0.0212
      Cm = -0.0944     CD =  0.02027   =>   CDf =  0.00851    CDp =  0.01176

 MRCHDU: Convergence failed at  76  side 1    Res =  0.2974E+01
 Side 1  free  transition at x/c =  0.9556   74
 Side 2  free  transition at x/c =  0.0880   34

  18   rms: 0.8938E-01   max: 0.8345E+00   D at   74  1
       a = -3.750      CL = -0.0308
      Cm = -0.0931     CD =  0.01912   =>   CDf =  0.00855    CDp =  0.01056

 Side 1  free  transition at x/c =  0.9459   73
 Side 2  free  transition at x/c =  0.0873   34

  19   rms: 0.1515E+00   max: 0.1070E+01   T at   73  1   RLX: 0.874
       a = -3.750      CL = -0.1398
      Cm = -0.0720     CD =  0.02193   =>   CDf =  0.00849    CDp =  0.01343

 Side 1  free  transition at x/c =  0.9122   70
 Side 2  free  transition at x/c =  0.0823   35

  20   rms: 0.3405E+00   max: -.2530E+01   T at   70  1   RLX: 0.198
       a = -3.750      CL = -0.0872
      Cm = -0.0814     CD =  0.02393   =>   CDf =  0.00853    CDp =  0.01541

 Side 1  free  transition at x/c =  0.9330   72
 Side 2  free  transition at x/c =  0.0842   35

  21   rms: 0.4667E-01   max: 0.4804E+00   D at   72  1
       a = -3.750      CL = -0.0764
      Cm = -0.0838     CD =  0.02142   =>   CDf =  0.00845    CDp =  0.01297

 Side 1  free  transition at x/c =  0.9308   71
 Side 2  free  transition at x/c =  0.0848   35

  22   rms: 0.1000E+00   max: -.8077E+00   T at   71  1   RLX: 0.619
       a = -3.750      CL = -0.0212
      Cm = -0.0944     CD =  0.02027   =>   CDf =  0.00851    CDp =  0.01176

 MRCHDU: Convergence failed at  76  side 1    Res =  0.2973E+01
 Side 1  free  transition at x/c =  0.9556   74
 Side 2  free  transition at x/c =  0.0880   34

  23   rms: 0.8938E-01   max: 0.8345E+00   D at   74  1
       a = -3.750      CL = -0.0308
      Cm = -0.0931     CD =  0.01912   =>   CDf =  0.00855    CDp =  0.01056

 Side 1  free  transition at x/c =  0.9459   73
 Side 2  free  transition at x/c =  0.0873   34

  24   rms: 0.1515E+00   max: 0.1070E+01   T at   73  1   RLX: 0.874
       a = -3.750      CL = -0.1398
      Cm = -0.0720     CD =  0.02193   =>   CDf =  0.00849    CDp =  0.01343

 Side 1  free  transition at x/c =  0.9122   70
 Side 2  free  transition at x/c =  0.0823   35

  25   rms: 0.3404E+00   max: -.2529E+01   T at   70  1   RLX: 0.198
       a = -3.750      CL = -0.0872
      Cm = -0.0814     CD =  0.02393   =>   CDf =  0.00853    CDp =  0.01541

 Side 1  free  transition at x/c =  0.9330   72
 Side 2  free  transition at x/c =  0.0842   35

  26   rms: 0.4667E-01   max: 0.4804E+00   D at   72  1
       a = -3.750      CL = -0.0764
      Cm = -0.0838     CD =  0.02142   =>   CDf =  0.00845    CDp =  0.01297

 Side 1  free  transition at x/c =  0.9308   71
 Side 2  free  transition at x/c =  0.0848   35

  27   rms: 0.1000E+00   max: -.8078E+00   T at   71  1   RLX: 0.619
       a = -3.750      CL = -0.0212
      Cm = -0.0944     CD =  0.02027   =>   CDf =  0.00851    CDp =  0.01176

 MRCHDU: Convergence failed at  76  side 1    Res =  0.2973E+01
 Side 1  free  transition at x/c =  0.9556   74
 Side 2  free  transition at x/c =  0.0880   34

  28   rms: 0.8938E-01   max: 0.8345E+00   D at   74  1
       a = -3.750      CL = -0.0308
      Cm = -0.0931     CD =  0.01912   =>   CDf =  0.00855    CDp =  0.01056

 Side 1  free  transition at x/c =  0.9459   73
 Side 2  free  transition at x/c =  0.0873   34

  29   rms: 0.1515E+00   max: 0.1070E+01   T at   73  1   RLX: 0.874
       a = -3.750      CL = -0.1398
      Cm = -0.0720     CD =  0.02193   =>   CDf =  0.00849    CDp =  0.01343

 Side 1  free  transition at x/c =  0.9122   70
 Side 2  free  transition at x/c =  0.0823   35

  30   rms: 0.3404E+00   max: -.2529E+01   T at   70  1   RLX: 0.198
       a = -3.750      CL = -0.0872
      Cm = -0.0814     CD =  0.02393   =>   CDf =  0.00853    CDp =  0.01541

 Side 1  free  transition at x/c =  0.9330   72
 Side 2  free  transition at x/c =  0.0842   35

  31   rms: 0.4667E-01   max: 0.4804E+00   D at   72  1
       a = -3.750      CL = -0.0764
      Cm = -0.0838     CD =  0.02142   =>   CDf =  0.00845    CDp =  0.01297

 Side 1  free  transition at x/c =  0.9308   71
 Side 2  free  transition at x/c =  0.0848   35

  32   rms: 0.1000E+00   max: -.8078E+00   T at   71  1   RLX: 0.619
       a = -3.750      CL = -0.0212
      Cm = -0.0944     CD =  0.02027   =>   CDf =  0.00851    CDp =  0.01176

 MRCHDU: Convergence failed at  76  side 1    Res =  0.2973E+01
 Side 1  free  transition at x/c =  0.9556   74
 Side 2  free  transition at x/c =  0.0880   34

  33   rms: 0.8938E-01   max: 0.8345E+00   D at   74  1
       a = -3.750      CL = -0.0308
      Cm = -0.0931     CD =  0.01912   =>   CDf =  0.00855    CDp =  0.01056

 Side 1  free  transition at x/c =  0.9459   73
 Side 2  free  transition at x/c =  0.0873   34

  34   rms: 0.1515E+00   max: 0.1070E+01   T at   73  1   RLX: 0.874
       a = -3.750      CL = -0.1398
      Cm = -0.0720     CD =  0.02193   =>   CDf =  0.00849    CDp =  0.01343

 Side 1  free  transition at x/c =  0.9122   70
 Side 2  free  transition at x/c =  0.0823   35

  35   rms: 0.3404E+00   max: -.2529E+01   T at   70  1   RLX: 0.198
       a = -3.750      CL = -0.0872
      Cm = -0.0814     CD =  0.02393   =>   CDf =  0.00853    CDp =  0.01541

 Side 1  free  transition at x/c =  0.9330   72
 Side 2  free  transition at x/c =  0.0842   35

  36   rms: 0.4667E-01   max: 0.4804E+00   D at   72  1
       a = -3.750      CL = -0.0764
      Cm = -0.0838     CD =  0.02142   =>   CDf =  0.00845    CDp =  0.01297

 Side 1  free  transition at x/c =  0.9308   71
 Side 2  free  transition at x/c =  0.0848   35

  37   rms: 0.1000E+00   max: -.8078E+00   T at   71  1   RLX: 0.619
       a = -3.750      CL = -0.0212
      Cm = -0.0944     CD =  0.02027   =>   CDf =  0.00851    CDp =  0.01176

 MRCHDU: Convergence failed at  76  side 1    Res =  0.2973E+01
 Side 1  free  transition at x/c =  0.9556   74
 Side 2  free  transition at x/c =  0.0880   34

  38   rms: 0.8938E-01   max: 0.8345E+00   D at   74  1
       a = -3.750      CL = -0.0308
      Cm = -0.0931     CD =  0.01912   =>   CDf =  0.00855    CDp =  0.01056

 Side 1  free  transition at x/c =  0.9459   73
 Side 2  free  transition at x/c =  0.0873   34

  39   rms: 0.1515E+00   max: 0.1070E+01   T at   73  1   RLX: 0.874
       a = -3.750      CL = -0.1398
      Cm = -0.0720     CD =  0.02193   =>   CDf =  0.00849    CDp =  0.01343

 Side 1  free  transition at x/c =  0.9122   70
 Side 2  free  transition at x/c =  0.0823   35

  40   rms: 0.3404E+00   max: -.2529E+01   T at   70  1   RLX: 0.198
       a = -3.750      CL = -0.0872
      Cm = -0.0814     CD =  0.02393   =>   CDf =  0.00853    CDp =  0.01541

 Side 1  free  transition at x/c =  0.9330   72
 Side 2  free  transition at x/c =  0.0842   35

  41   rms: 0.4667E-01   max: 0.4804E+00   D at   72  1
       a = -3.750      CL = -0.0764
      Cm = -0.0838     CD =  0.02142   =>   CDf =  0.00845    CDp =  0.01297

 Side 1  free  transition at x/c =  0.9308   71
 Side 2  free  transition at x/c =  0.0848   35

  42   rms: 0.1000E+00   max: -.8078E+00   T at   71  1   RLX: 0.619
       a = -3.750      CL = -0.0212
      Cm = -0.0944     CD =  0.02027   =>   CDf =  0.00851    CDp =  0.01176

 MRCHDU: Convergence failed at  76  side 1    Res =  0.2973E+01
 Side 1  free  transition at x/c =  0.9556   74
 Side 2  free  transition at x/c =  0.0880   34

  43   rms: 0.8938E-01   max: 0.8345E+00   D at   74  1
       a = -3.750      CL = -0.0308
      Cm = -0.0931     CD =  0.01912   =>   CDf =  0.00855    CDp =  0.01056

 Side 1  free  transition at x/c =  0.9459   73
 Side 2  free  transition at x/c =  0.0873   34

  44   rms: 0.1515E+00   max: 0.1070E+01   T at   73  1   RLX: 0.874
       a = -3.750      CL = -0.1398
      Cm = -0.0720     CD =  0.02193   =>   CDf =  0.00849    CDp =  0.01343

 Side 1  free  transition at x/c =  0.9122   70
 Side 2  free  transition at x/c =  0.0823   35

  45   rms: 0.3404E+00   max: -.2529E+01   T at   70  1   RLX: 0.198
       a = -3.750      CL = -0.0872
      Cm = -0.0814     CD =  0.02393   =>   CDf =  0.00853    CDp =  0.01541

 Side 1  free  transition at x/c =  0.9330   72
 Side 2  free  transition at x/c =  0.0842   35

  46   rms: 0.4667E-01   max: 0.4804E+00   D at   72  1
       a = -3.750      CL = -0.0764
      Cm = -0.0838     CD =  0.02142   =>   CDf =  0.00845    CDp =  0.01297

 Side 1  free  transition at x/c =  0.9308   71
 Side 2  free  transition at x/c =  0.0848   35

  47   rms: 0.1000E+00   max: -.8078E+00   T at   71  1   RLX: 0.619
       a = -3.750      CL = -0.0212
      Cm = -0.0944     CD =  0.02027   =>   CDf =  0.00851    CDp =  0.01176

 MRCHDU: Convergence failed at  76  side 1    Res =  0.2973E+01
 Side 1  free  transition at x/c =  0.9556   74
 Side 2  free  transition at x/c =  0.0880   34

  48   rms: 0.8938E-01   max: 0.8345E+00   D at   74  1
       a = -3.750      CL = -0.0308
      Cm = -0.0931     CD =  0.01912   =>   CDf =  0.00855    CDp =  0.01056

 Side 1  free  transition at x/c =  0.9459   73
 Side 2  free  transition at x/c =  0.0873   34

  49   rms: 0.1515E+00   max: 0.1070E+01   T at   73  1   RLX: 0.874
       a = -3.750      CL = -0.1398
      Cm = -0.0720     CD =  0.02193   =>   CDf =  0.00849    CDp =  0.01343

 Side 1  free  transition at x/c =  0.9122   70
 Side 2  free  transition at x/c =  0.0823   35

  50   rms: 0.3404E+00   max: -.2529E+01   T at   70  1   RLX: 0.198
       a = -3.750      CL = -0.0872
      Cm = -0.0814     CD =  0.02393   =>   CDf =  0.00853    CDp =  0.01541

 Side 1  free  transition at x/c =  0.9330   72
 Side 2  free  transition at x/c =  0.0842   35

  51   rms: 0.4667E-01   max: 0.4804E+00   D at   72  1
       a = -3.750      CL = -0.0764
      Cm = -0.0838     CD =  0.02142   =>   CDf =  0.00845    CDp =  0.01297

 Side 1  free  transition at x/c =  0.9308   71
 Side 2  free  transition at x/c =  0.0848   35

  52   rms: 0.1000E+00   max: -.8078E+00   T at   71  1   RLX: 0.619
       a = -3.750      CL = -0.0212
      Cm = -0.0944     CD =  0.02027   =>   CDf =  0.00851    CDp =  0.01176

 MRCHDU: Convergence failed at  76  side 1    Res =  0.2973E+01
 Side 1  free  transition at x/c =  0.9556   74
 Side 2  free  transition at x/c =  0.0880   34

  53   rms: 0.8938E-01   max: 0.8345E+00   D at   74  1
       a = -3.750      CL = -0.0308
      Cm = -0.0931     CD =  0.01912   =>   CDf =  0.00855    CDp =  0.01056

 Side 1  free  transition at x/c =  0.9459   73
 Side 2  free  transition at x/c =  0.0873   34

  54   rms: 0.1515E+00   max: 0.1070E+01   T at   73  1   RLX: 0.874
       a = -3.750      CL = -0.1398
      Cm = -0.0720     CD =  0.02193   =>   CDf =  0.00849    CDp =  0.01343

 Side 1  free  transition at x/c =  0.9122   70
 Side 2  free  transition at x/c =  0.0823   35

  55   rms: 0.3404E+00   max: -.2529E+01   T at   70  1   RLX: 0.198
       a = -3.750      CL = -0.0872
      Cm = -0.0814     CD =  0.02393   =>   CDf =  0.00853    CDp =  0.01541

 Side 1  free  transition at x/c =  0.9330   72
 Side 2  free  transition at x/c =  0.0842   35

  56   rms: 0.4667E-01   max: 0.4804E+00   D at   72  1
       a = -3.750      CL = -0.0764
      Cm = -0.0838     CD =  0.02142   =>   CDf =  0.00845    CDp =  0.01297

 Side 1  free  transition at x/c =  0.9308   71
 Side 2  free  transition at x/c =  0.0848   35

  57   rms: 0.1000E+00   max: -.8078E+00   T at   71  1   RLX: 0.619
       a = -3.750      CL = -0.0212
      Cm = -0.0944     CD =  0.02027   =>   CDf =  0.00851    CDp =  0.01176

 MRCHDU: Convergence failed at  76  side 1    Res =  0.2973E+01
 Side 1  free  transition at x/c =  0.9556   74
 Side 2  free  transition at x/c =  0.0880   34

  58   rms: 0.8938E-01   max: 0.8345E+00   D at   74  1
       a = -3.750      CL = -0.0308
      Cm = -0.0931     CD =  0.01912   =>   CDf =  0.00855    CDp =  0.01056

 Side 1  free  transition at x/c =  0.9459   73
 Side 2  free  transition at x/c =  0.0873   34

  59   rms: 0.1515E+00   max: 0.1070E+01   T at   73  1   RLX: 0.874
       a = -3.750      CL = -0.1398
      Cm = -0.0720     CD =  0.02193   =>   CDf =  0.00849    CDp =  0.01343

 Side 1  free  transition at x/c =  0.9122   70
 Side 2  free  transition at x/c =  0.0823   35

  60   rms: 0.3404E+00   max: -.2529E+01   T at   70  1   RLX: 0.198
       a = -3.750      CL = -0.0872
      Cm = -0.0814     CD =  0.02393   =>   CDf =  0.00853    CDp =  0.01541

 Side 1  free  transition at x/c =  0.9330   72
 Side 2  free  transition at x/c =  0.0842   35

  61   rms: 0.4667E-01   max: 0.4804E+00   D at   72  1
       a = -3.750      CL = -0.0764
      Cm = -0.0838     CD =  0.02142   =>   CDf =  0.00845    CDp =  0.01297

 Side 1  free  transition at x/c =  0.9308   71
 Side 2  free  transition at x/c =  0.0848   35

  62   rms: 0.1000E+00   max: -.8078E+00   T at   71  1   RLX: 0.619
       a = -3.750      CL = -0.0212
      Cm = -0.0944     CD =  0.02027   =>   CDf =  0.00851    CDp =  0.01176

 MRCHDU: Convergence failed at  76  side 1    Res =  0.2973E+01
 Side 1  free  transition at x/c =  0.9556   74
 Side 2  free  transition at x/c =  0.0880   34

  63   rms: 0.8938E-01   max: 0.8345E+00   D at   74  1
       a = -3.750      CL = -0.0308
      Cm = -0.0931     CD =  0.01912   =>   CDf =  0.00855    CDp =  0.01056

 Side 1  free  transition at x/c =  0.9459   73
 Side 2  free  transition at x/c =  0.0873   34

  64   rms: 0.1515E+00   max: 0.1070E+01   T at   73  1   RLX: 0.874
       a = -3.750      CL = -0.1398
      Cm = -0.0720     CD =  0.02193   =>   CDf =  0.00849    CDp =  0.01343

 Side 1  free  transition at x/c =  0.9122   70
 Side 2  free  transition at x/c =  0.0823   35

  65   rms: 0.3404E+00   max: -.2529E+01   T at   70  1   RLX: 0.198
       a = -3.750      CL = -0.0872
      Cm = -0.0814     CD =  0.02393   =>   CDf =  0.00853    CDp =  0.01541

 Side 1  free  transition at x/c =  0.9330   72
 Side 2  free  transition at x/c =  0.0842   35

  66   rms: 0.4667E-01   max: 0.4804E+00   D at   72  1
       a = -3.750      CL = -0.0764
      Cm = -0.0838     CD =  0.02142   =>   CDf =  0.00845    CDp =  0.01297

 Side 1  free  transition at x/c =  0.9308   71
 Side 2  free  transition at x/c =  0.0848   35

  67   rms: 0.1000E+00   max: -.8078E+00   T at   71  1   RLX: 0.619
       a = -3.750      CL = -0.0212
      Cm = -0.0944     CD =  0.02027   =>   CDf =  0.00851    CDp =  0.01176

 MRCHDU: Convergence failed at  76  side 1    Res =  0.2973E+01
 Side 1  free  transition at x/c =  0.9556   74
 Side 2  free  transition at x/c =  0.0880   34

  68   rms: 0.8938E-01   max: 0.8345E+00   D at   74  1
       a = -3.750      CL = -0.0308
      Cm = -0.0931     CD =  0.01912   =>   CDf =  0.00855    CDp =  0.01056

 Side 1  free  transition at x/c =  0.9459   73
 Side 2  free  transition at x/c =  0.0873   34

  69   rms: 0.1515E+00   max: 0.1070E+01   T at   73  1   RLX: 0.874
       a = -3.750      CL = -0.1398
      Cm = -0.0720     CD =  0.02193   =>   CDf =  0.00849    CDp =  0.01343

 Side 1  free  transition at x/c =  0.9122   70
 Side 2  free  transition at x/c =  0.0823   35

  70   rms: 0.3404E+00   max: -.2529E+01   T at   70  1   RLX: 0.198
       a = -3.750      CL = -0.0872
      Cm = -0.0814     CD =  0.02393   =>   CDf =  0.00853    CDp =  0.01541

 Side 1  free  transition at x/c =  0.9330   72
 Side 2  free  transition at x/c =  0.0842   35

  71   rms: 0.4667E-01   max: 0.4804E+00   D at   72  1
       a = -3.750      CL = -0.0764
      Cm = -0.0838     CD =  0.02142   =>   CDf =  0.00845    CDp =  0.01297

 Side 1  free  transition at x/c =  0.9308   71
 Side 2  free  transition at x/c =  0.0848   35

  72   rms: 0.1000E+00   max: -.8078E+00   T at   71  1   RLX: 0.619
       a = -3.750      CL = -0.0212
      Cm = -0.0944     CD =  0.02027   =>   CDf =  0.00851    CDp =  0.01176

 MRCHDU: Convergence failed at  76  side 1    Res =  0.2973E+01
 Side 1  free  transition at x/c =  0.9556   74
 Side 2  free  transition at x/c =  0.0880   34

  73   rms: 0.8938E-01   max: 0.8345E+00   D at   74  1
       a = -3.750      CL = -0.0308
      Cm = -0.0931     CD =  0.01912   =>   CDf =  0.00855    CDp =  0.01056

 Side 1  free  transition at x/c =  0.9459   73
 Side 2  free  transition at x/c =  0.0873   34

  74   rms: 0.1515E+00   max: 0.1070E+01   T at   73  1   RLX: 0.874
       a = -3.750      CL = -0.1398
      Cm = -0.0720     CD =  0.02193   =>   CDf =  0.00849    CDp =  0.01343

 Side 1  free  transition at x/c =  0.9122   70
 Side 2  free  transition at x/c =  0.0823   35

  75   rms: 0.3404E+00   max: -.2529E+01   T at   70  1   RLX: 0.198
       a = -3.750      CL = -0.0872
      Cm = -0.0814     CD =  0.02393   =>   CDf =  0.00853    CDp =  0.01541

 Side 1  free  transition at x/c =  0.9330   72
 Side 2  free  transition at x/c =  0.0842   35

  76   rms: 0.4667E-01   max: 0.4804E+00   D at   72  1
       a = -3.750      CL = -0.0764
      Cm = -0.0838     CD =  0.02142   =>   CDf =  0.00845    CDp =  0.01297

 Side 1  free  transition at x/c =  0.9308   71
 Side 2  free  transition at x/c =  0.0848   35

  77   rms: 0.1000E+00   max: -.8078E+00   T at   71  1   RLX: 0.619
       a = -3.750      CL = -0.0212
      Cm = -0.0944     CD =  0.02027   =>   CDf =  0.00851    CDp =  0.01176

 MRCHDU: Convergence failed at  76  side 1    Res =  0.2973E+01
 Side 1  free  transition at x/c =  0.9556   74
 Side 2  free  transition at x/c =  0.0880   34

  78   rms: 0.8938E-01   max: 0.8345E+00   D at   74  1
       a = -3.750      CL = -0.0308
      Cm = -0.0931     CD =  0.01912   =>   CDf =  0.00855    CDp =  0.01056

 Side 1  free  transition at x/c =  0.9459   73
 Side 2  free  transition at x/c =  0.0873   34

  79   rms: 0.1515E+00   max: 0.1070E+01   T at   73  1   RLX: 0.874
       a = -3.750      CL = -0.1398
      Cm = -0.0720     CD =  0.02193   =>   CDf =  0.00849    CDp =  0.01343

 Side 1  free  transition at x/c =  0.9122   70
 Side 2  free  transition at x/c =  0.0823   35

  80   rms: 0.3404E+00   max: -.2529E+01   T at   70  1   RLX: 0.198
       a = -3.750      CL = -0.0872
      Cm = -0.0814     CD =  0.02393   =>   CDf =  0.00853    CDp =  0.01541

 Side 1  free  transition at x/c =  0.9330   72
 Side 2  free  transition at x/c =  0.0842   35

  81   rms: 0.4667E-01   max: 0.4804E+00   D at   72  1
       a = -3.750      CL = -0.0764
      Cm = -0.0838     CD =  0.02142   =>   CDf =  0.00845    CDp =  0.01297

 Side 1  free  transition at x/c =  0.9308   71
 Side 2  free  transition at x/c =  0.0848   35

  82   rms: 0.1000E+00   max: -.8078E+00   T at   71  1   RLX: 0.619
       a = -3.750      CL = -0.0212
      Cm = -0.0944     CD =  0.02027   =>   CDf =  0.00851    CDp =  0.01176

 MRCHDU: Convergence failed at  76  side 1    Res =  0.2973E+01
 Side 1  free  transition at x/c =  0.9556   74
 Side 2  free  transition at x/c =  0.0880   34

  83   rms: 0.8938E-01   max: 0.8345E+00   D at   74  1
       a = -3.750      CL = -0.0308
      Cm = -0.0931     CD =  0.01912   =>   CDf =  0.00855    CDp =  0.01056

 Side 1  free  transition at x/c =  0.9459   73
 Side 2  free  transition at x/c =  0.0873   34

  84   rms: 0.1515E+00   max: 0.1070E+01   T at   73  1   RLX: 0.874
       a = -3.750      CL = -0.1398
      Cm = -0.0720     CD =  0.02193   =>   CDf =  0.00849    CDp =  0.01343

 Side 1  free  transition at x/c =  0.9122   70
 Side 2  free  transition at x/c =  0.0823   35

  85   rms: 0.3404E+00   max: -.2529E+01   T at   70  1   RLX: 0.198
       a = -3.750      CL = -0.0872
      Cm = -0.0814     CD =  0.02393   =>   CDf =  0.00853    CDp =  0.01541

 Side 1  free  transition at x/c =  0.9330   72
 Side 2  free  transition at x/c =  0.0842   35

  86   rms: 0.4667E-01   max: 0.4804E+00   D at   72  1
       a = -3.750      CL = -0.0764
      Cm = -0.0838     CD =  0.02142   =>   CDf =  0.00845    CDp =  0.01297

 Side 1  free  transition at x/c =  0.9308   71
 Side 2  free  transition at x/c =  0.0848   35

  87   rms: 0.1000E+00   max: -.8078E+00   T at   71  1   RLX: 0.619
       a = -3.750      CL = -0.0212
      Cm = -0.0944     CD =  0.02027   =>   CDf =  0.00851    CDp =  0.01176

 MRCHDU: Convergence failed at  76  side 1    Res =  0.2973E+01
 Side 1  free  transition at x/c =  0.9556   74
 Side 2  free  transition at x/c =  0.0880   34

  88   rms: 0.8938E-01   max: 0.8345E+00   D at   74  1
       a = -3.750      CL = -0.0308
      Cm = -0.0931     CD =  0.01912   =>   CDf =  0.00855    CDp =  0.01056

 Side 1  free  transition at x/c =  0.9459   73
 Side 2  free  transition at x/c =  0.0873   34

  89   rms: 0.1515E+00   max: 0.1070E+01   T at   73  1   RLX: 0.874
       a = -3.750      CL = -0.1398
      Cm = -0.0720     CD =  0.02193   =>   CDf =  0.00849    CDp =  0.01343

 Side 1  free  transition at x/c =  0.9122   70
 Side 2  free  transition at x/c =  0.0823   35

  90   rms: 0.3404E+00   max: -.2529E+01   T at   70  1   RLX: 0.198
       a = -3.750      CL = -0.0872
      Cm = -0.0814     CD =  0.02393   =>   CDf =  0.00853    CDp =  0.01541

 Side 1  free  transition at x/c =  0.9330   72
 Side 2  free  transition at x/c =  0.0842   35

  91   rms: 0.4667E-01   max: 0.4804E+00   D at   72  1
       a = -3.750      CL = -0.0764
      Cm = -0.0838     CD =  0.02142   =>   CDf =  0.00845    CDp =  0.01297

 Side 1  free  transition at x/c =  0.9308   71
 Side 2  free  transition at x/c =  0.0848   35

  92   rms: 0.1000E+00   max: -.8078E+00   T at   71  1   RLX: 0.619
       a = -3.750      CL = -0.0212
      Cm = -0.0944     CD =  0.02027   =>   CDf =  0.00851    CDp =  0.01176

 MRCHDU: Convergence failed at  76  side 1    Res =  0.2973E+01
 Side 1  free  transition at x/c =  0.9556   74
 Side 2  free  transition at x/c =  0.0880   34

  93   rms: 0.8938E-01   max: 0.8345E+00   D at   74  1
       a = -3.750      CL = -0.0308
      Cm = -0.0931     CD =  0.01912   =>   CDf =  0.00855    CDp =  0.01056

 Side 1  free  transition at x/c =  0.9459   73
 Side 2  free  transition at x/c =  0.0873   34

  94   rms: 0.1515E+00   max: 0.1070E+01   T at   73  1   RLX: 0.874
       a = -3.750      CL = -0.1398
      Cm = -0.0720     CD =  0.02193   =>   CDf =  0.00849    CDp =  0.01343

 Side 1  free  transition at x/c =  0.9122   70
 Side 2  free  transition at x/c =  0.0823   35

  95   rms: 0.3404E+00   max: -.2529E+01   T at   70  1   RLX: 0.198
       a = -3.750      CL = -0.0872
      Cm = -0.0814     CD =  0.02393   =>   CDf =  0.00853    CDp =  0.01541

 Side 1  free  transition at x/c =  0.9330   72
 Side 2  free  transition at x/c =  0.0842   35

  96   rms: 0.4667E-01   max: 0.4804E+00   D at   72  1
       a = -3.750      CL = -0.0764
      Cm = -0.0838     CD =  0.02142   =>   CDf =  0.00845    CDp =  0.01297

 Side 1  free  transition at x/c =  0.9308   71
 Side 2  free  transition at x/c =  0.0848   35

  97   rms: 0.1000E+00   max: -.8078E+00   T at   71  1   RLX: 0.619
       a = -3.750      CL = -0.0212
      Cm = -0.0944     CD =  0.02027   =>   CDf =  0.00851    CDp =  0.01176

 MRCHDU: Convergence failed at  76  side 1    Res =  0.2973E+01
 Side 1  free  transition at x/c =  0.9556   74
 Side 2  free  transition at x/c =  0.0880   34

  98   rms: 0.8938E-01   max: 0.8345E+00   D at   74  1
       a = -3.750      CL = -0.0308
      Cm = -0.0931     CD =  0.01912   =>   CDf =  0.00855    CDp =  0.01056

 Side 1  free  transition at x/c =  0.9459   73
 Side 2  free  transition at x/c =  0.0873   34

  99   rms: 0.1515E+00   max: 0.1070E+01   T at   73  1   RLX: 0.874
       a = -3.750      CL = -0.1398
      Cm = -0.0720     CD =  0.02193   =>   CDf =  0.00849    CDp =  0.01343

 Side 1  free  transition at x/c =  0.9122   70
 Side 2  free  transition at x/c =  0.0823   35

 100   rms: 0.3404E+00   max: -.2529E+01   T at   70  1   RLX: 0.198
       a = -3.750      CL = -0.0872
      Cm = -0.0814     CD =  0.02393   =>   CDf =  0.00853    CDp =  0.01541

 Side 1  free  transition at x/c =  0.9330   72
 Side 2  free  transition at x/c =  0.0842   35

 101   rms: 0.4667E-01   max: 0.4804E+00   D at   72  1
       a = -3.750      CL = -0.0764
      Cm = -0.0838     CD =  0.02142   =>   CDf =  0.00845    CDp =  0.01297

 Side 1  free  transition at x/c =  0.9308   71
 Side 2  free  transition at x/c =  0.0848   35

 102   rms: 0.1000E+00   max: -.8078E+00   T at   71  1   RLX: 0.619
       a = -3.750      CL = -0.0212
      Cm = -0.0944     CD =  0.02027   =>   CDf =  0.00851    CDp =  0.01176

 MRCHDU: Convergence failed at  76  side 1    Res =  0.2973E+01
 Side 1  free  transition at x/c =  0.9556   74
 Side 2  free  transition at x/c =  0.0880   34

 103   rms: 0.8938E-01   max: 0.8345E+00   D at   74  1
       a = -3.750      CL = -0.0308
      Cm = -0.0931     CD =  0.01912   =>   CDf =  0.00855    CDp =  0.01056

 Side 1  free  transition at x/c =  0.9459   73
 Side 2  free  transition at x/c =  0.0873   34

 104   rms: 0.1515E+00   max: 0.1070E+01   T at   73  1   RLX: 0.874
       a = -3.750      CL = -0.1398
      Cm = -0.0720     CD =  0.02193   =>   CDf =  0.00849    CDp =  0.01343

 Side 1  free  transition at x/c =  0.9122   70
 Side 2  free  transition at x/c =  0.0823   35

 105   rms: 0.3404E+00   max: -.2529E+01   T at   70  1   RLX: 0.198
       a = -3.750      CL = -0.0872
      Cm = -0.0814     CD =  0.02393   =>   CDf =  0.00853    CDp =  0.01541

 Side 1  free  transition at x/c =  0.9330   72
 Side 2  free  transition at x/c =  0.0842   35

 106   rms: 0.4667E-01   max: 0.4804E+00   D at   72  1
       a = -3.750      CL = -0.0764
      Cm = -0.0838     CD =  0.02142   =>   CDf =  0.00845    CDp =  0.01297

 Side 1  free  transition at x/c =  0.9308   71
 Side 2  free  transition at x/c =  0.0848   35

 107   rms: 0.1000E+00   max: -.8078E+00   T at   71  1   RLX: 0.619
       a = -3.750      CL = -0.0212
      Cm = -0.0944     CD =  0.02027   =>   CDf =  0.00851    CDp =  0.01176

 MRCHDU: Convergence failed at  76  side 1    Res =  0.2973E+01
 Side 1  free  transition at x/c =  0.9556   74
 Side 2  free  transition at x/c =  0.0880   34

 108   rms: 0.8938E-01   max: 0.8345E+00   D at   74  1
       a = -3.750      CL = -0.0308
      Cm = -0.0931     CD =  0.01912   =>   CDf =  0.00855    CDp =  0.01056

 Side 1  free  transition at x/c =  0.9459   73
 Side 2  free  transition at x/c =  0.0873   34

 109   rms: 0.1515E+00   max: 0.1070E+01   T at   73  1   RLX: 0.874
       a = -3.750      CL = -0.1398
      Cm = -0.0720     CD =  0.02193   =>   CDf =  0.00849    CDp =  0.01343

 Side 1  free  transition at x/c =  0.9122   70
 Side 2  free  transition at x/c =  0.0823   35

 110   rms: 0.3404E+00   max: -.2529E+01   T at   70  1   RLX: 0.198
       a = -3.750      CL = -0.0872
      Cm = -0.0814     CD =  0.02393   =>   CDf =  0.00853    CDp =  0.01541

 Side 1  free  transition at x/c =  0.9330   72
 Side 2  free  transition at x/c =  0.0842   35

 111   rms: 0.4667E-01   max: 0.4804E+00   D at   72  1
       a = -3.750      CL = -0.0764
      Cm = -0.0838     CD =  0.02142   =>   CDf =  0.00845    CDp =  0.01297

 Side 1  free  transition at x/c =  0.9308   71
 Side 2  free  transition at x/c =  0.0848   35

 112   rms: 0.1000E+00   max: -.8078E+00   T at   71  1   RLX: 0.619
       a = -3.750      CL = -0.0212
      Cm = -0.0944     CD =  0.02027   =>   CDf =  0.00851    CDp =  0.01176

 MRCHDU: Convergence failed at  76  side 1    Res =  0.2973E+01
 Side 1  free  transition at x/c =  0.9556   74
 Side 2  free  transition at x/c =  0.0880   34

 113   rms: 0.8938E-01   max: 0.8345E+00   D at   74  1
       a = -3.750      CL = -0.0308
      Cm = -0.0931     CD =  0.01912   =>   CDf =  0.00855    CDp =  0.01056

 Side 1  free  transition at x/c =  0.9459   73
 Side 2  free  transition at x/c =  0.0873   34

 114   rms: 0.1515E+00   max: 0.1070E+01   T at   73  1   RLX: 0.874
       a = -3.750      CL = -0.1398
      Cm = -0.0720     CD =  0.02193   =>   CDf =  0.00849    CDp =  0.01343

 Side 1  free  transition at x/c =  0.9122   70
 Side 2  free  transition at x/c =  0.0823   35

 115   rms: 0.3404E+00   max: -.2529E+01   T at   70  1   RLX: 0.198
       a = -3.750      CL = -0.0872
      Cm = -0.0814     CD =  0.02393   =>   CDf =  0.00853    CDp =  0.01541

 Side 1  free  transition at x/c =  0.9330   72
 Side 2  free  transition at x/c =  0.0842   35

 116   rms: 0.4667E-01   max: 0.4804E+00   D at   72  1
       a = -3.750      CL = -0.0764
      Cm = -0.0838     CD =  0.02142   =>   CDf =  0.00845    CDp =  0.01297

 Side 1  free  transition at x/c =  0.9308   71
 Side 2  free  transition at x/c =  0.0848   35

 117   rms: 0.1000E+00   max: -.8078E+00   T at   71  1   RLX: 0.619
       a = -3.750      CL = -0.0212
      Cm = -0.0944     CD =  0.02027   =>   CDf =  0.00851    CDp =  0.01176

 MRCHDU: Convergence failed at  76  side 1    Res =  0.2973E+01
 Side 1  free  transition at x/c =  0.9556   74
 Side 2  free  transition at x/c =  0.0880   34

 118   rms: 0.8938E-01   max: 0.8345E+00   D at   74  1
       a = -3.750      CL = -0.0308
      Cm = -0.0931     CD =  0.01912   =>   CDf =  0.00855    CDp =  0.01056

 Side 1  free  transition at x/c =  0.9459   73
 Side 2  free  transition at x/c =  0.0873   34

 119   rms: 0.1515E+00   max: 0.1070E+01   T at   73  1   RLX: 0.874
       a = -3.750      CL = -0.1398
      Cm = -0.0720     CD =  0.02193   =>   CDf =  0.00849    CDp =  0.01343

 Side 1  free  transition at x/c =  0.9122   70
 Side 2  free  transition at x/c =  0.0823   35

 120   rms: 0.3404E+00   max: -.2529E+01   T at   70  1   RLX: 0.198
       a = -3.750      CL = -0.0872
      Cm = -0.0814     CD =  0.02393   =>   CDf =  0.00853    CDp =  0.01541

 Side 1  free  transition at x/c =  0.9330   72
 Side 2  free  transition at x/c =  0.0842   35

 121   rms: 0.4667E-01   max: 0.4804E+00   D at   72  1
       a = -3.750      CL = -0.0764
      Cm = -0.0838     CD =  0.02142   =>   CDf =  0.00845    CDp =  0.01297

 Side 1  free  transition at x/c =  0.9308   71
 Side 2  free  transition at x/c =  0.0848   35

 122   rms: 0.1000E+00   max: -.8078E+00   T at   71  1   RLX: 0.619
       a = -3.750      CL = -0.0212
      Cm = -0.0944     CD =  0.02027   =>   CDf =  0.00851    CDp =  0.01176

 MRCHDU: Convergence failed at  76  side 1    Res =  0.2973E+01
 Side 1  free  transition at x/c =  0.9556   74
 Side 2  free  transition at x/c =  0.0880   34

 123   rms: 0.8938E-01   max: 0.8345E+00   D at   74  1
       a = -3.750      CL = -0.0308
      Cm = -0.0931     CD =  0.01912   =>   CDf =  0.00855    CDp =  0.01056

 Side 1  free  transition at x/c =  0.9459   73
 Side 2  free  transition at x/c =  0.0873   34

 124   rms: 0.1515E+00   max: 0.1070E+01   T at   73  1   RLX: 0.874
       a = -3.750      CL = -0.1398
      Cm = -0.0720     CD =  0.02193   =>   CDf =  0.00849    CDp =  0.01343

 Side 1  free  transition at x/c =  0.9122   70
 Side 2  free  transition at x/c =  0.0823   35

 125   rms: 0.3404E+00   max: -.2529E+01   T at   70  1   RLX: 0.198
       a = -3.750      CL = -0.0872
      Cm = -0.0814     CD =  0.02393   =>   CDf =  0.00853    CDp =  0.01541

 Side 1  free  transition at x/c =  0.9330   72
 Side 2  free  transition at x/c =  0.0842   35

 126   rms: 0.4667E-01   max: 0.4804E+00   D at   72  1
       a = -3.750      CL = -0.0764
      Cm = -0.0838     CD =  0.02142   =>   CDf =  0.00845    CDp =  0.01297

 Side 1  free  transition at x/c =  0.9308   71
 Side 2  free  transition at x/c =  0.0848   35

 127   rms: 0.1000E+00   max: -.8078E+00   T at   71  1   RLX: 0.619
       a = -3.750      CL = -0.0212
      Cm = -0.0944     CD =  0.02027   =>   CDf =  0.00851    CDp =  0.01176

 MRCHDU: Convergence failed at  76  side 1    Res =  0.2973E+01
 Side 1  free  transition at x/c =  0.9556   74
 Side 2  free  transition at x/c =  0.0880   34

 128   rms: 0.8938E-01   max: 0.8345E+00   D at   74  1
       a = -3.750      CL = -0.0308
      Cm = -0.0931     CD =  0.01912   =>   CDf =  0.00855    CDp =  0.01056

 Side 1  free  transition at x/c =  0.9459   73
 Side 2  free  transition at x/c =  0.0873   34

 129   rms: 0.1515E+00   max: 0.1070E+01   T at   73  1   RLX: 0.874
       a = -3.750      CL = -0.1398
      Cm = -0.0720     CD =  0.02193   =>   CDf =  0.00849    CDp =  0.01343

 Side 1  free  transition at x/c =  0.9122   70
 Side 2  free  transition at x/c =  0.0823   35

 130   rms: 0.3404E+00   max: -.2529E+01   T at   70  1   RLX: 0.198
       a = -3.750      CL = -0.0872
      Cm = -0.0814     CD =  0.02393   =>   CDf =  0.00853    CDp =  0.01541

 Side 1  free  transition at x/c =  0.9330   72
 Side 2  free  transition at x/c =  0.0842   35

 131   rms: 0.4667E-01   max: 0.4804E+00   D at   72  1
       a = -3.750      CL = -0.0764
      Cm = -0.0838     CD =  0.02142   =>   CDf =  0.00845    CDp =  0.01297

 Side 1  free  transition at x/c =  0.9308   71
 Side 2  free  transition at x/c =  0.0848   35

 132   rms: 0.1000E+00   max: -.8078E+00   T at   71  1   RLX: 0.619
       a = -3.750      CL = -0.0212
      Cm = -0.0944     CD =  0.02027   =>   CDf =  0.00851    CDp =  0.01176

 MRCHDU: Convergence failed at  76  side 1    Res =  0.2973E+01
 Side 1  free  transition at x/c =  0.9556   74
 Side 2  free  transition at x/c =  0.0880   34

 133   rms: 0.8938E-01   max: 0.8345E+00   D at   74  1
       a = -3.750      CL = -0.0308
      Cm = -0.0931     CD =  0.01912   =>   CDf =  0.00855    CDp =  0.01056

 Side 1  free  transition at x/c =  0.9459   73
 Side 2  free  transition at x/c =  0.0873   34

 134   rms: 0.1515E+00   max: 0.1070E+01   T at   73  1   RLX: 0.874
       a = -3.750      CL = -0.1398
      Cm = -0.0720     CD =  0.02193   =>   CDf =  0.00849    CDp =  0.01343

 Side 1  free  transition at x/c =  0.9122   70
 Side 2  free  transition at x/c =  0.0823   35

 135   rms: 0.3404E+00   max: -.2529E+01   T at   70  1   RLX: 0.198
       a = -3.750      CL = -0.0872
      Cm = -0.0814     CD =  0.02393   =>   CDf =  0.00853    CDp =  0.01541

 Side 1  free  transition at x/c =  0.9330   72
 Side 2  free  transition at x/c =  0.0842   35

 136   rms: 0.4667E-01   max: 0.4804E+00   D at   72  1
       a = -3.750      CL = -0.0764
      Cm = -0.0838     CD =  0.02142   =>   CDf =  0.00845    CDp =  0.01297

 Side 1  free  transition at x/c =  0.9308   71
 Side 2  free  transition at x/c =  0.0848   35

 137   rms: 0.1000E+00   max: -.8078E+00   T at   71  1   RLX: 0.619
       a = -3.750      CL = -0.0212
      Cm = -0.0944     CD =  0.02027   =>   CDf =  0.00851    CDp =  0.01176

 MRCHDU: Convergence failed at  76  side 1    Res =  0.2973E+01
 Side 1  free  transition at x/c =  0.9556   74
 Side 2  free  transition at x/c =  0.0880   34

 138   rms: 0.8938E-01   max: 0.8345E+00   D at   74  1
       a = -3.750      CL = -0.0308
      Cm = -0.0931     CD =  0.01912   =>   CDf =  0.00855    CDp =  0.01056

 Side 1  free  transition at x/c =  0.9459   73
 Side 2  free  transition at x/c =  0.0873   34

 139   rms: 0.1515E+00   max: 0.1070E+01   T at   73  1   RLX: 0.874
       a = -3.750      CL = -0.1398
      Cm = -0.0720     CD =  0.02193   =>   CDf =  0.00849    CDp =  0.01343

 Side 1  free  transition at x/c =  0.9122   70
 Side 2  free  transition at x/c =  0.0823   35

 140   rms: 0.3404E+00   max: -.2529E+01   T at   70  1   RLX: 0.198
       a = -3.750      CL = -0.0872
      Cm = -0.0814     CD =  0.02393   =>   CDf =  0.00853    CDp =  0.01541

 Side 1  free  transition at x/c =  0.9330   72
 Side 2  free  transition at x/c =  0.0842   35

 141   rms: 0.4667E-01   max: 0.4804E+00   D at   72  1
       a = -3.750      CL = -0.0764
      Cm = -0.0838     CD =  0.02142   =>   CDf =  0.00845    CDp =  0.01297

 Side 1  free  transition at x/c =  0.9308   71
 Side 2  free  transition at x/c =  0.0848   35

 142   rms: 0.1000E+00   max: -.8078E+00   T at   71  1   RLX: 0.619
       a = -3.750      CL = -0.0212
      Cm = -0.0944     CD =  0.02027   =>   CDf =  0.00851    CDp =  0.01176

 MRCHDU: Convergence failed at  76  side 1    Res =  0.2973E+01
 Side 1  free  transition at x/c =  0.9556   74
 Side 2  free  transition at x/c =  0.0880   34

 143   rms: 0.8938E-01   max: 0.8345E+00   D at   74  1
       a = -3.750      CL = -0.0308
      Cm = -0.0931     CD =  0.01912   =>   CDf =  0.00855    CDp =  0.01056

 Side 1  free  transition at x/c =  0.9459   73
 Side 2  free  transition at x/c =  0.0873   34

 144   rms: 0.1515E+00   max: 0.1070E+01   T at   73  1   RLX: 0.874
       a = -3.750      CL = -0.1398
      Cm = -0.0720     CD =  0.02193   =>   CDf =  0.00849    CDp =  0.01343

 Side 1  free  transition at x/c =  0.9122   70
 Side 2  free  transition at x/c =  0.0823   35

 145   rms: 0.3404E+00   max: -.2529E+01   T at   70  1   RLX: 0.198
       a = -3.750      CL = -0.0872
      Cm = -0.0814     CD =  0.02393   =>   CDf =  0.00853    CDp =  0.01541

 Side 1  free  transition at x/c =  0.9330   72
 Side 2  free  transition at x/c =  0.0842   35

 146   rms: 0.4667E-01   max: 0.4804E+00   D at   72  1
       a = -3.750      CL = -0.0764
      Cm = -0.0838     CD =  0.02142   =>   CDf =  0.00845    CDp =  0.01297

 Side 1  free  transition at x/c =  0.9308   71
 Side 2  free  transition at x/c =  0.0848   35

 147   rms: 0.1000E+00   max: -.8078E+00   T at   71  1   RLX: 0.619
       a = -3.750      CL = -0.0212
      Cm = -0.0944     CD =  0.02027   =>   CDf =  0.00851    CDp =  0.01176

 MRCHDU: Convergence failed at  76  side 1    Res =  0.2973E+01
 Side 1  free  transition at x/c =  0.9556   74
 Side 2  free  transition at x/c =  0.0880   34

 148   rms: 0.8938E-01   max: 0.8345E+00   D at   74  1
       a = -3.750      CL = -0.0308
      Cm = -0.0931     CD =  0.01912   =>   CDf =  0.00855    CDp =  0.01056

 Side 1  free  transition at x/c =  0.9459   73
 Side 2  free  transition at x/c =  0.0873   34

 149   rms: 0.1515E+00   max: 0.1070E+01   T at   73  1   RLX: 0.874
       a = -3.750      CL = -0.1398
      Cm = -0.0720     CD =  0.02193   =>   CDf =  0.00849    CDp =  0.01343

 Side 1  free  transition at x/c =  0.9122   70
 Side 2  free  transition at x/c =  0.0823   35

 150   rms: 0.3404E+00   max: -.2529E+01   T at   70  1   RLX: 0.198
       a = -3.750      CL = -0.0872
      Cm = -0.0814     CD =  0.02393   =>   CDf =  0.00853    CDp =  0.01541

 Side 1  free  transition at x/c =  0.9330   72
 Side 2  free  transition at x/c =  0.0842   35

 151   rms: 0.4667E-01   max: 0.4804E+00   D at   72  1
       a = -3.750      CL = -0.0764
      Cm = -0.0838     CD =  0.02142   =>   CDf =  0.00845    CDp =  0.01297

 Side 1  free  transition at x/c =  0.9308   71
 Side 2  free  transition at x/c =  0.0848   35

 152   rms: 0.1000E+00   max: -.8078E+00   T at   71  1   RLX: 0.619
       a = -3.750      CL = -0.0212
      Cm = -0.0944     CD =  0.02027   =>   CDf =  0.00851    CDp =  0.01176

 MRCHDU: Convergence failed at  76  side 1    Res =  0.2973E+01
 Side 1  free  transition at x/c =  0.9556   74
 Side 2  free  transition at x/c =  0.0880   34

 153   rms: 0.8938E-01   max: 0.8345E+00   D at   74  1
       a = -3.750      CL = -0.0308
      Cm = -0.0931     CD =  0.01912   =>   CDf =  0.00855    CDp =  0.01056

 Side 1  free  transition at x/c =  0.9459   73
 Side 2  free  transition at x/c =  0.0873   34

 154   rms: 0.1515E+00   max: 0.1070E+01   T at   73  1   RLX: 0.874
       a = -3.750      CL = -0.1398
      Cm = -0.0720     CD =  0.02193   =>   CDf =  0.00849    CDp =  0.01343

 Side 1  free  transition at x/c =  0.9122   70
 Side 2  free  transition at x/c =  0.0823   35

 155   rms: 0.3404E+00   max: -.2529E+01   T at   70  1   RLX: 0.198
       a = -3.750      CL = -0.0872
      Cm = -0.0814     CD =  0.02393   =>   CDf =  0.00853    CDp =  0.01541

 Side 1  free  transition at x/c =  0.9330   72
 Side 2  free  transition at x/c =  0.0842   35

 156   rms: 0.4667E-01   max: 0.4804E+00   D at   72  1
       a = -3.750      CL = -0.0764
      Cm = -0.0838     CD =  0.02142   =>   CDf =  0.00845    CDp =  0.01297

 Side 1  free  transition at x/c =  0.9308   71
 Side 2  free  transition at x/c =  0.0848   35

 157   rms: 0.1000E+00   max: -.8078E+00   T at   71  1   RLX: 0.619
       a = -3.750      CL = -0.0212
      Cm = -0.0944     CD =  0.02027   =>   CDf =  0.00851    CDp =  0.01176

 MRCHDU: Convergence failed at  76  side 1    Res =  0.2973E+01
 Side 1  free  transition at x/c =  0.9556   74
 Side 2  free  transition at x/c =  0.0880   34

 158   rms: 0.8938E-01   max: 0.8345E+00   D at   74  1
       a = -3.750      CL = -0.0308
      Cm = -0.0931     CD =  0.01912   =>   CDf =  0.00855    CDp =  0.01056

 Side 1  free  transition at x/c =  0.9459   73
 Side 2  free  transition at x/c =  0.0873   34

 159   rms: 0.1515E+00   max: 0.1070E+01   T at   73  1   RLX: 0.874
       a = -3.750      CL = -0.1398
      Cm = -0.0720     CD =  0.02193   =>   CDf =  0.00849    CDp =  0.01343

 Side 1  free  transition at x/c =  0.9122   70
 Side 2  free  transition at x/c =  0.0823   35

 160   rms: 0.3404E+00   max: -.2529E+01   T at   70  1   RLX: 0.198
       a = -3.750      CL = -0.0872
      Cm = -0.0814     CD =  0.02393   =>   CDf =  0.00853    CDp =  0.01541

 Side 1  free  transition at x/c =  0.9330   72
 Side 2  free  transition at x/c =  0.0842   35

 161   rms: 0.4667E-01   max: 0.4804E+00   D at   72  1
       a = -3.750      CL = -0.0764
      Cm = -0.0838     CD =  0.02142   =>   CDf =  0.00845    CDp =  0.01297

 Side 1  free  transition at x/c =  0.9308   71
 Side 2  free  transition at x/c =  0.0848   35

 162   rms: 0.1000E+00   max: -.8078E+00   T at   71  1   RLX: 0.619
       a = -3.750      CL = -0.0212
      Cm = -0.0944     CD =  0.02027   =>   CDf =  0.00851    CDp =  0.01176

 MRCHDU: Convergence failed at  76  side 1    Res =  0.2973E+01
 Side 1  free  transition at x/c =  0.9556   74
 Side 2  free  transition at x/c =  0.0880   34

 163   rms: 0.8938E-01   max: 0.8345E+00   D at   74  1
       a = -3.750      CL = -0.0308
      Cm = -0.0931     CD =  0.01912   =>   CDf =  0.00855    CDp =  0.01056

 Side 1  free  transition at x/c =  0.9459   73
 Side 2  free  transition at x/c =  0.0873   34

 164   rms: 0.1515E+00   max: 0.1070E+01   T at   73  1   RLX: 0.874
       a = -3.750      CL = -0.1398
      Cm = -0.0720     CD =  0.02193   =>   CDf =  0.00849    CDp =  0.01343

 Side 1  free  transition at x/c =  0.9122   70
 Side 2  free  transition at x/c =  0.0823   35

 165   rms: 0.3404E+00   max: -.2529E+01   T at   70  1   RLX: 0.198
       a = -3.750      CL = -0.0872
      Cm = -0.0814     CD =  0.02393   =>   CDf =  0.00853    CDp =  0.01541

 Side 1  free  transition at x/c =  0.9330   72
 Side 2  free  transition at x/c =  0.0842   35

 166   rms: 0.4667E-01   max: 0.4804E+00   D at   72  1
       a = -3.750      CL = -0.0764
      Cm = -0.0838     CD =  0.02142   =>   CDf =  0.00845    CDp =  0.01297

 Side 1  free  transition at x/c =  0.9308   71
 Side 2  free  transition at x/c =  0.0848   35

 167   rms: 0.1000E+00   max: -.8078E+00   T at   71  1   RLX: 0.619
       a = -3.750      CL = -0.0212
      Cm = -0.0944     CD =  0.02027   =>   CDf =  0.00851    CDp =  0.01176

 MRCHDU: Convergence failed at  76  side 1    Res =  0.2973E+01
 Side 1  free  transition at x/c =  0.9556   74
 Side 2  free  transition at x/c =  0.0880   34

 168   rms: 0.8938E-01   max: 0.8345E+00   D at   74  1
       a = -3.750      CL = -0.0308
      Cm = -0.0931     CD =  0.01912   =>   CDf =  0.00855    CDp =  0.01056

 Side 1  free  transition at x/c =  0.9459   73
 Side 2  free  transition at x/c =  0.0873   34

 169   rms: 0.1515E+00   max: 0.1070E+01   T at   73  1   RLX: 0.874
       a = -3.750      CL = -0.1398
      Cm = -0.0720     CD =  0.02193   =>   CDf =  0.00849    CDp =  0.01343

 Side 1  free  transition at x/c =  0.9122   70
 Side 2  free  transition at x/c =  0.0823   35

 170   rms: 0.3404E+00   max: -.2529E+01   T at   70  1   RLX: 0.198
       a = -3.750      CL = -0.0872
      Cm = -0.0814     CD =  0.02393   =>   CDf =  0.00853    CDp =  0.01541

 Side 1  free  transition at x/c =  0.9330   72
 Side 2  free  transition at x/c =  0.0842   35

 171   rms: 0.4667E-01   max: 0.4804E+00   D at   72  1
       a = -3.750      CL = -0.0764
      Cm = -0.0838     CD =  0.02142   =>   CDf =  0.00845    CDp =  0.01297

 Side 1  free  transition at x/c =  0.9308   71
 Side 2  free  transition at x/c =  0.0848   35

 172   rms: 0.1000E+00   max: -.8078E+00   T at   71  1   RLX: 0.619
       a = -3.750      CL = -0.0212
      Cm = -0.0944     CD =  0.02027   =>   CDf =  0.00851    CDp =  0.01176

 MRCHDU: Convergence failed at  76  side 1    Res =  0.2973E+01
 Side 1  free  transition at x/c =  0.9556   74
 Side 2  free  transition at x/c =  0.0880   34

 173   rms: 0.8938E-01   max: 0.8345E+00   D at   74  1
       a = -3.750      CL = -0.0308
      Cm = -0.0931     CD =  0.01912   =>   CDf =  0.00855    CDp =  0.01056

 Side 1  free  transition at x/c =  0.9459   73
 Side 2  free  transition at x/c =  0.0873   34

 174   rms: 0.1515E+00   max: 0.1070E+01   T at   73  1   RLX: 0.874
       a = -3.750      CL = -0.1398
      Cm = -0.0720     CD =  0.02193   =>   CDf =  0.00849    CDp =  0.01343

 Side 1  free  transition at x/c =  0.9122   70
 Side 2  free  transition at x/c =  0.0823   35

 175   rms: 0.3404E+00   max: -.2529E+01   T at   70  1   RLX: 0.198
       a = -3.750      CL = -0.0872
      Cm = -0.0814     CD =  0.02393   =>   CDf =  0.00853    CDp =  0.01541

 Side 1  free  transition at x/c =  0.9330   72
 Side 2  free  transition at x/c =  0.0842   35

 176   rms: 0.4667E-01   max: 0.4804E+00   D at   72  1
       a = -3.750      CL = -0.0764
      Cm = -0.0838     CD =  0.02142   =>   CDf =  0.00845    CDp =  0.01297

 Side 1  free  transition at x/c =  0.9308   71
 Side 2  free  transition at x/c =  0.0848   35

 177   rms: 0.1000E+00   max: -.8078E+00   T at   71  1   RLX: 0.619
       a = -3.750      CL = -0.0212
      Cm = -0.0944     CD =  0.02027   =>   CDf =  0.00851    CDp =  0.01176

 MRCHDU: Convergence failed at  76  side 1    Res =  0.2973E+01
 Side 1  free  transition at x/c =  0.9556   74
 Side 2  free  transition at x/c =  0.0880   34

 178   rms: 0.8938E-01   max: 0.8345E+00   D at   74  1
       a = -3.750      CL = -0.0308
      Cm = -0.0931     CD =  0.01912   =>   CDf =  0.00855    CDp =  0.01056

 Side 1  free  transition at x/c =  0.9459   73
 Side 2  free  transition at x/c =  0.0873   34

 179   rms: 0.1515E+00   max: 0.1070E+01   T at   73  1   RLX: 0.874
       a = -3.750      CL = -0.1398
      Cm = -0.0720     CD =  0.02193   =>   CDf =  0.00849    CDp =  0.01343

 Side 1  free  transition at x/c =  0.9122   70
 Side 2  free  transition at x/c =  0.0823   35

 180   rms: 0.3404E+00   max: -.2529E+01   T at   70  1   RLX: 0.198
       a = -3.750      CL = -0.0872
      Cm = -0.0814     CD =  0.02393   =>   CDf =  0.00853    CDp =  0.01541

 Side 1  free  transition at x/c =  0.9330   72
 Side 2  free  transition at x/c =  0.0842   35

 181   rms: 0.4667E-01   max: 0.4804E+00   D at   72  1
       a = -3.750      CL = -0.0764
      Cm = -0.0838     CD =  0.02142   =>   CDf =  0.00845    CDp =  0.01297

 Side 1  free  transition at x/c =  0.9308   71
 Side 2  free  transition at x/c =  0.0848   35

 182   rms: 0.1000E+00   max: -.8078E+00   T at   71  1   RLX: 0.619
       a = -3.750      CL = -0.0212
      Cm = -0.0944     CD =  0.02027   =>   CDf =  0.00851    CDp =  0.01176

 MRCHDU: Convergence failed at  76  side 1    Res =  0.2973E+01
 Side 1  free  transition at x/c =  0.9556   74
 Side 2  free  transition at x/c =  0.0880   34

 183   rms: 0.8938E-01   max: 0.8345E+00   D at   74  1
       a = -3.750      CL = -0.0308
      Cm = -0.0931     CD =  0.01912   =>   CDf =  0.00855    CDp =  0.01056

 Side 1  free  transition at x/c =  0.9459   73
 Side 2  free  transition at x/c =  0.0873   34

 184   rms: 0.1515E+00   max: 0.1070E+01   T at   73  1   RLX: 0.874
       a = -3.750      CL = -0.1398
      Cm = -0.0720     CD =  0.02193   =>   CDf =  0.00849    CDp =  0.01343

 Side 1  free  transition at x/c =  0.9122   70
 Side 2  free  transition at x/c =  0.0823   35

 185   rms: 0.3404E+00   max: -.2529E+01   T at   70  1   RLX: 0.198
       a = -3.750      CL = -0.0872
      Cm = -0.0814     CD =  0.02393   =>   CDf =  0.00853    CDp =  0.01541

 Side 1  free  transition at x/c =  0.9330   72
 Side 2  free  transition at x/c =  0.0842   35

 186   rms: 0.4667E-01   max: 0.4804E+00   D at   72  1
       a = -3.750      CL = -0.0764
      Cm = -0.0838     CD =  0.02142   =>   CDf =  0.00845    CDp =  0.01297

 Side 1  free  transition at x/c =  0.9308   71
 Side 2  free  transition at x/c =  0.0848   35

 187   rms: 0.1000E+00   max: -.8078E+00   T at   71  1   RLX: 0.619
       a = -3.750      CL = -0.0212
      Cm = -0.0944     CD =  0.02027   =>   CDf =  0.00851    CDp =  0.01176

 MRCHDU: Convergence failed at  76  side 1    Res =  0.2973E+01
 Side 1  free  transition at x/c =  0.9556   74
 Side 2  free  transition at x/c =  0.0880   34

 188   rms: 0.8938E-01   max: 0.8345E+00   D at   74  1
       a = -3.750      CL = -0.0308
      Cm = -0.0931     CD =  0.01912   =>   CDf =  0.00855    CDp =  0.01056

 Side 1  free  transition at x/c =  0.9459   73
 Side 2  free  transition at x/c =  0.0873   34

 189   rms: 0.1515E+00   max: 0.1070E+01   T at   73  1   RLX: 0.874
       a = -3.750      CL = -0.1398
      Cm = -0.0720     CD =  0.02193   =>   CDf =  0.00849    CDp =  0.01343

 Side 1  free  transition at x/c =  0.9122   70
 Side 2  free  transition at x/c =  0.0823   35

 190   rms: 0.3404E+00   max: -.2529E+01   T at   70  1   RLX: 0.198
       a = -3.750      CL = -0.0872
      Cm = -0.0814     CD =  0.02393   =>   CDf =  0.00853    CDp =  0.01541

 Side 1  free  transition at x/c =  0.9330   72
 Side 2  free  transition at x/c =  0.0842   35

 191   rms: 0.4667E-01   max: 0.4804E+00   D at   72  1
       a = -3.750      CL = -0.0764
      Cm = -0.0838     CD =  0.02142   =>   CDf =  0.00845    CDp =  0.01297

 Side 1  free  transition at x/c =  0.9308   71
 Side 2  free  transition at x/c =  0.0848   35

 192   rms: 0.1000E+00   max: -.8078E+00   T at   71  1   RLX: 0.619
       a = -3.750      CL = -0.0212
      Cm = -0.0944     CD =  0.02027   =>   CDf =  0.00851    CDp =  0.01176

 MRCHDU: Convergence failed at  76  side 1    Res =  0.2973E+01
 Side 1  free  transition at x/c =  0.9556   74
 Side 2  free  transition at x/c =  0.0880   34

 193   rms: 0.8938E-01   max: 0.8345E+00   D at   74  1
       a = -3.750      CL = -0.0308
      Cm = -0.0931     CD =  0.01912   =>   CDf =  0.00855    CDp =  0.01056

 Side 1  free  transition at x/c =  0.9459   73
 Side 2  free  transition at x/c =  0.0873   34

 194   rms: 0.1515E+00   max: 0.1070E+01   T at   73  1   RLX: 0.874
       a = -3.750      CL = -0.1398
      Cm = -0.0720     CD =  0.02193   =>   CDf =  0.00849    CDp =  0.01343

 Side 1  free  transition at x/c =  0.9122   70
 Side 2  free  transition at x/c =  0.0823   35

 195   rms: 0.3404E+00   max: -.2529E+01   T at   70  1   RLX: 0.198
       a = -3.750      CL = -0.0872
      Cm = -0.0814     CD =  0.02393   =>   CDf =  0.00853    CDp =  0.01541

 Side 1  free  transition at x/c =  0.9330   72
 Side 2  free  transition at x/c =  0.0842   35

 196   rms: 0.4667E-01   max: 0.4804E+00   D at   72  1
       a = -3.750      CL = -0.0764
      Cm = -0.0838     CD =  0.02142   =>   CDf =  0.00845    CDp =  0.01297

 Side 1  free  transition at x/c =  0.9308   71
 Side 2  free  transition at x/c =  0.0848   35

 197   rms: 0.1000E+00   max: -.8078E+00   T at   71  1   RLX: 0.619
       a = -3.750      CL = -0.0212
      Cm = -0.0944     CD =  0.02027   =>   CDf =  0.00851    CDp =  0.01176

 MRCHDU: Convergence failed at  76  side 1    Res =  0.2973E+01
 Side 1  free  transition at x/c =  0.9556   74
 Side 2  free  transition at x/c =  0.0880   34

 198   rms: 0.8938E-01   max: 0.8345E+00   D at   74  1
       a = -3.750      CL = -0.0308
      Cm = -0.0931     CD =  0.01912   =>   CDf =  0.00855    CDp =  0.01056

 Side 1  free  transition at x/c =  0.9459   73
 Side 2  free  transition at x/c =  0.0873   34

 199   rms: 0.1515E+00   max: 0.1070E+01   T at   73  1   RLX: 0.874
       a = -3.750      CL = -0.1398
      Cm = -0.0720     CD =  0.02193   =>   CDf =  0.00849    CDp =  0.01343

 Side 1  free  transition at x/c =  0.9122   70
 Side 2  free  transition at x/c =  0.0823   35

 200   rms: 0.3404E+00   max: -.2529E+01   T at   70  1   RLX: 0.198
       a = -3.750      CL = -0.0872
      Cm = -0.0814     CD =  0.02393   =>   CDf =  0.00853    CDp =  0.01541

 Side 1  free  transition at x/c =  0.9330   72
 Side 2  free  transition at x/c =  0.0842   35

 201   rms: 0.4667E-01   max: 0.4804E+00   D at   72  1
       a = -3.750      CL = -0.0764
      Cm = -0.0838     CD =  0.02142   =>   CDf =  0.00845    CDp =  0.01297

 Side 1  free  transition at x/c =  0.9308   71
 Side 2  free  transition at x/c =  0.0848   35

 202   rms: 0.1000E+00   max: -.8078E+00   T at   71  1   RLX: 0.619
       a = -3.750      CL = -0.0212
      Cm = -0.0944     CD =  0.02027   =>   CDf =  0.00851    CDp =  0.01176

 MRCHDU: Convergence failed at  76  side 1    Res =  0.2973E+01
 Side 1  free  transition at x/c =  0.9556   74
 Side 2  free  transition at x/c =  0.0880   34

 203   rms: 0.8938E-01   max: 0.8345E+00   D at   74  1
       a = -3.750      CL = -0.0308
      Cm = -0.0931     CD =  0.01912   =>   CDf =  0.00855    CDp =  0.01056

 Side 1  free  transition at x/c =  0.9459   73
 Side 2  free  transition at x/c =  0.0873   34

 204   rms: 0.1515E+00   max: 0.1070E+01   T at   73  1   RLX: 0.874
       a = -3.750      CL = -0.1398
      Cm = -0.0720     CD =  0.02193   =>   CDf =  0.00849    CDp =  0.01343

 Side 1  free  transition at x/c =  0.9122   70
 Side 2  free  transition at x/c =  0.0823   35

 205   rms: 0.3404E+00   max: -.2529E+01   T at   70  1   RLX: 0.198
       a = -3.750      CL = -0.0872
      Cm = -0.0814     CD =  0.02393   =>   CDf =  0.00853    CDp =  0.01541
 VISCAL:  Convergence failed
      9.000   22.1549   0.023933   0.003426   0.011286   0.007860    0.9122     #
 Calculating wake trajectory ...
 Calculating source influence matrix ...

 Solving BL system ...

 Side 1  free  transition at x/c =  0.9330   72
 Side 2  free  transition at x/c =  0.0842   35

   1   rms: 0.9624E-01   max: 0.4113E+00   D at   72  1
       a = -3.500      CL = -0.0309
      Cm = -0.0872     CD =  0.02028   =>   CDf =  0.00845    CDp =  0.01183

 Side 1  free  transition at x/c =  0.9293   72
 Side 2  free  transition at x/c =  0.0893   34

   2   rms: 0.1842E+00   max: 0.1410E+01   T at   72  1   RLX: 0.592
       a = -3.500      CL = -0.1227
      Cm = -0.0704     CD =  0.02174   =>   CDf =  0.00860    CDp =  0.01314

 Side 1  free  transition at x/c =  0.9000   70
 Side 2  free  transition at x/c =  0.0837   35

   3   rms: 0.1104E+00   max: -.4703E+00   T at   70  1
       a = -3.500      CL = -0.0597
      Cm = -0.0815     CD =  0.02045   =>   CDf =  0.00842    CDp =  0.01203

 Side 1  free  transition at x/c =  0.9213   72
 Side 2  free  transition at x/c =  0.0874   34

   4   rms: 0.1527E-01   max: 0.1175E+00   D at   73  1
       a = -3.500      CL = -0.0592
      Cm = -0.0817     CD =  0.02085   =>   CDf =  0.00855    CDp =  0.01229

 Side 1  free  transition at x/c =  0.9189   72
 Side 2  free  transition at x/c =  0.0875   34

   5   rms: 0.1214E-02   max: 0.1223E-01   D at    4  1
       a = -3.500      CL = -0.0589
      Cm = -0.0817     CD =  0.02083   =>   CDf =  0.00854    CDp =  0.01228

 Side 1  free  transition at x/c =  0.9190   72
 Side 2  free  transition at x/c =  0.0875   34

   6   rms: 0.1308E-04   max: 0.1328E-03   D at   36  2
       a = -3.500      CL = -0.0589
      Cm = -0.0817     CD =  0.02083   =>   CDf =  0.00854    CDp =  0.01228
      9.000   11.2148   0.020826   0.003426   0.000000  -0.003426    0.9190     #

 Point added to stored polar  1
 Point written to save file  clarky_re150000_clean.polar                     
 Dump file unspecified or not available
 Calculating wake trajectory ...
 Calculating source influence matrix ...

 Solving BL system ...

 Side 1  free  transition at x/c =  0.9190   72
 Side 2  free  transition at x/c =  0.0875   34

   1   rms: 0.6081E-01   max: -.3527E+00   T at   34  2
       a = -3.250      CL = -0.0180
      Cm = -0.0841     CD =  0.02002   =>   CDf =  0.00854    CDp =  0.01148

 Side 1  free  transition at x/c =  0.9152   72
 Side 2  free  transition at x/c =  0.0935   35

   2   rms: 0.3259E-01   max: 0.3271E+00   D at   35  2
       a = -3.250      CL = -0.0165
      Cm = -0.0845     CD =  0.01994   =>   CDf =  0.00845    CDp =  0.01149

 Side 1  free  transition at x/c =  0.9159   72
 Side 2  free  transition at x/c =  0.0931   35

   3   rms: 0.2969E-02   max: 0.3344E-01   D at   36  2
       a = -3.250      CL = -0.0167
      Cm = -0.0845     CD =  0.01993   =>   CDf =  0.00850    CDp =  0.01143

 Side 1  free  transition at x/c =  0.9159   72
 Side 2  free  transition at x/c =  0.0930   35

   4   rms: 0.5518E-04   max: 0.7319E-03   D at   36  2
       a = -3.250      CL = -0.0167
      Cm = -0.0845     CD =  0.01993   =>   CDf =  0.00850    CDp =  0.01143
      9.000   10.8022   0.019928   0.003474   0.009084   0.005610    0.9159     #

 Point added to stored polar  1
 Point written to save file  clarky_re150000_clean.polar                     
 Dump file unspecified or not available
 Calculating wake trajectory ...
 Calculating source influence matrix ...

 Solving BL system ...

 Side 1  free  transition at x/c =  0.9159   72
 Side 2  free  transition at x/c =  0.0930   35

   1   rms: 0.6424E-01   max: -.4237E+00   T at   35  2
       a = -3.000      CL =  0.0266
      Cm = -0.0874     CD =  0.01911   =>   CDf =  0.00850    CDp =  0.01060

 Side 1  free  transition at x/c =  0.9134   72
 Side 2  free  transition at x/c =  0.0992   36

   2   rms: 0.2302E-01   max: -.1612E+00   D at   36  2
       a = -3.000      CL =  0.0259
      Cm = -0.0872     CD =  0.01901   =>   CDf =  0.00854    CDp =  0.01046

 Side 1  free  transition at x/c =  0.9135   72
 Side 2  free  transition at x/c =  0.1003   36

   3   rms: 0.5351E-03   max: -.6869E-02   D at   38  2
       a = -3.000      CL =  0.0259
      Cm = -0.0872     CD =  0.01904   =>   CDf =  0.00845    CDp =  0.01059

 Side 1  free  transition at x/c =  0.9134   72
 Side 2  free  transition at x/c =  0.1002   36

   4   rms: 0.2476E-05   max: -.3437E-04   D at   38  2
       a = -3.000      CL =  0.0259
      Cm = -0.0872     CD =  0.01904   =>   CDf =  0.00845    CDp =  0.01059
      9.000   10.3414   0.019043   0.003522   0.008586   0.005065    0.9134     #

 Point added to stored polar  1
 Point written to save file  clarky_re150000_clean.polar                     
 Dump file unspecified or not available
 Calculating wake trajectory ...
 Calculating source influence matrix ...

 Solving BL system ...

 Side 1  free  transition at x/c =  0.9134   72
 Side 2  free  transition at x/c =  0.1002   36

   1   rms: 0.6936E-01   max: -.5314E+00   T at   36  2   RLX: 0.941
       a = -2.750      CL =  0.0649
      Cm = -0.0897     CD =  0.01821   =>   CDf =  0.00843    CDp =  0.00977

 Side 1  free  transition at x/c =  0.9114   72
 Side 2  free  transition at x/c =  0.1098   36

   2   rms: 0.1669E+00   max: 0.1183E+01   T at   36  2   RLX: 0.714
       a = -2.750      CL = -0.0193
      Cm = -0.0737     CD =  0.02024   =>   CDf =  0.00842    CDp =  0.01182

 MRCHDU: Convergence failed at  37  side 2    Res =  0.5795E+01
 MRCHDU: Convergence failed at  38  side 2    Res =  0.1141E+02
 MRCHDU: Convergence failed at  39  side 2    Res =  0.5920E+01
 MRCHDU: Convergence failed at  40  side 2    Res =  0.4620E+01
 MRCHDU: Convergence failed at  41  side 2    Res =  0.4511E+01
 MRCHDU: Convergence failed at  42  side 2    Res =  0.5318E+01
 MRCHDU: Convergence failed at  43  side 2    Res =  0.7057E+01
 MRCHDU: Convergence failed at  44  side 2    Res =  0.8836E+01
 MRCHDU: Convergence failed at  45  side 2    Res =  0.1076E+02
 MRCHDU: Convergence failed at  46  side 2    Res =  0.1254E+02
 MRCHDU: Convergence failed at  47  side 2    Res =  0.1320E+02
 MRCHDU: Convergence failed at  48  side 2    Res =  0.1064E+02
 MRCHDU: Convergence failed at  49  side 2    Res =  0.1017E+02
 MRCHDU: Convergence failed at  50  side 2    Res =  0.8644E+01
 MRCHDU: Convergence failed at  51  side 2    Res =  0.7513E+01
 MRCHDU: Convergence failed at  52  side 2    Res =  0.6874E+01
 MRCHDU: Convergence failed at  53  side 2    Res =  0.4899E+02
 MRCHDU: Convergence failed at  54  side 2    Res =  0.7068E+02
 MRCHDU: Convergence failed at  55  side 2    Res =  0.1133E+03
 MRCHDU: Convergence failed at  56  side 2    Res =  0.1983E+03
 MRCHDU: Convergence failed at  57  side 2    Res =  0.1909E+04
 MRCHDU: Convergence failed at  58  side 2    Res =  0.1854E+03
 MRCHDU: Convergence failed at  59  side 2    Res =  0.8651E+02
 MRCHDU: Convergence failed at  60  side 2    Res =  0.6345E+02
 MRCHDU: Convergence failed at  61  side 2    Res =  0.5226E+02
 MRCHDU: Convergence failed at  62  side 2    Res =  0.4569E+02
 MRCHDU: Convergence failed at  63  side 2    Res =  0.4061E+02
 MRCHDU: Convergence failed at  64  side 2    Res =  0.3673E+02
 MRCHDU: Convergence failed at  65  side 2    Res =  0.3367E+02
 MRCHDU: Convergence failed at  66  side 2    Res =  0.3201E+02
 MRCHDU: Convergence failed at  67  side 2    Res =  0.2993E+02
 MRCHDU: Convergence failed at  68  side 2    Res =  0.2817E+02
 MRCHDU: Convergence failed at  69  side 2    Res =  0.2666E+02
 MRCHDU: Convergence failed at  70  side 2    Res =  0.2617E+02
 MRCHDU: Convergence failed at  71  side 2    Res =  0.2497E+02
 MRCHDU: Convergence failed at  72  side 2    Res =  0.2389E+02
 MRCHDU: Convergence failed at  73  side 2    Res =  0.2363E+02
 MRCHDU: Convergence failed at  74  side 2    Res =  0.2270E+02
 MRCHDU: Convergence failed at  75  side 2    Res =  0.2246E+02
 MRCHDU: Convergence failed at  76  side 2    Res =  0.2164E+02
 MRCHDU: Convergence failed at  77  side 2    Res =  0.2087E+02
 MRCHDU: Convergence failed at  78  side 2    Res =  0.2014E+02
 MRCHDU: Convergence failed at  79  side 2    Res =  0.1944E+02
 MRCHDU: Convergence failed at  80  side 2    Res =  0.1877E+02
 MRCHDU: Convergence failed at  81  side 2    Res =  0.1811E+02
 MRCHDU: Convergence failed at  82  side 2    Res =  0.1746E+02
 MRCHDU: Convergence failed at  83  side 2    Res =  0.1680E+02
 MRCHDU: Convergence failed at  84  side 2    Res =  0.1258E+02
 MRCHDU: Convergence failed at  85  side 2    Res =  0.1304E+02
 MRCHDU: Convergence failed at  86  side 2    Res =  0.2911E+02
 MRCHDU: Convergence failed at  87  side 2    Res =  0.3550E+02
 Side 1  free  transition at x/c =  0.8817   70
 Side 2  free  transition at x/c =  0.0986   36

   3   rms: 0.4420E+00   max: -.1774E+01   T at   36  2   RLX: 0.282
       a = -2.750      CL = -0.3549
      Cm =  0.0620     CD =  0.01763   =>   CDf =  0.00367    CDp =  0.01396

 Side 1  free  transition at x/c =  0.9001   72
 Side 2  free  transition at x/c =  0.1065   35

   4   rms: 0.3968E+00   max: 0.2822E+01   T at   35  2   RLX: 0.208
       a = -2.750      CL = -0.1259
      Cm = -0.0226     CD =  0.03681   =>   CDf =  0.00538    CDp =  0.03143

 Side 1  free  transition at x/c =  0.9004   72
 Side 2  free  transition at x/c =  0.1011   35

   5   rms: 0.3119E+00   max: -.1174E+01   D at   51  2   RLX: 0.426
       a = -2.750      CL = -0.0764
      Cm = -0.0494     CD =  0.03264   =>   CDf =  0.00506    CDp =  0.02758

 Side 1  free  transition at x/c =  0.8996   72
 Side 2  free  transition at x/c =  0.1007   35

   6   rms: 0.4047E+00   max: -.1692E+01   D at   51  2   RLX: 0.296
       a = -2.750      CL = -0.0421
      Cm = -0.0657     CD =  0.02693   =>   CDf =  0.00535    CDp =  0.02158

 Side 1  free  transition at x/c =  0.8980   71
 Side 2  free  transition at x/c =  0.1012   36

   7   rms: 0.4738E+00   max: -.2034E+01   D at   60  2   RLX: 0.246
       a = -2.750      CL = -0.0308
      Cm = -0.0716     CD =  0.02379   =>   CDf =  0.00583    CDp =  0.01796

 MRCHDU: Convergence failed at  46  side 2    Res =  0.5113E+00
 Side 1  free  transition at x/c =  0.8982   71
 Side 2  free  transition at x/c =  0.1028   36

   8   rms: 0.4888E+00   max: -.1854E+01   D at   63  2   RLX: 0.270
       a = -2.750      CL = -0.0756
      Cm = -0.0708     CD =  0.02140   =>   CDf =  0.00681    CDp =  0.01459

 MRCHDU: Convergence failed at  54  side 2    Res =  0.1863E+00
 Side 1  free  transition at x/c =  0.8925   70
 Side 2  free  transition at x/c =  0.0975   35

   9   rms: 0.7225E+00   max: -.3888E+01   T at   35  2   RLX: 0.129
       a = -2.750      CL = -0.0297
      Cm = -0.0771     CD =  0.01984   =>   CDf =  0.00771    CDp =  0.01213

 MRCHDU: Convergence failed at  37  side 2    Res =  0.4183E+01
 MRCHDU: Convergence failed at  38  side 2    Res =  0.7995E+02
 MRCHDU: Convergence failed at  39  side 2    Res =  0.8867E+01
 MRCHDU: Convergence failed at  40  side 2    Res =  0.8125E+01
 MRCHDU: Convergence failed at  41  side 2    Res =  0.1204E+02
 MRCHDU: Convergence failed at  42  side 2    Res =  0.8022E+01
 MRCHDU: Convergence failed at  43  side 2    Res =  0.1634E+02
 MRCHDU: Convergence failed at  44  side 2    Res =  0.2549E+02
 MRCHDU: Convergence failed at  45  side 2    Res =  0.1078E+02
 MRCHDU: Convergence failed at  46  side 2    Res =  0.5326E+01
 MRCHDU: Convergence failed at  47  side 2    Res =  0.2030E+02
 MRCHDU: Convergence failed at  48  side 2    Res =  0.2487E+02
 MRCHDU: Convergence failed at  49  side 2    Res =  0.3759E+02
 MRCHDU: Convergence failed at  50  side 2    Res =  0.6779E+02
 MRCHDU: Convergence failed at  51  side 2    Res =  0.2103E+02
 MRCHDU: Convergence failed at  52  side 2    Res =  0.9815E+01
 MRCHDU: Convergence failed at  55  side 2    Res =  0.1859E+02
 MRCHDU: Convergence failed at  56  side 2    Res =  0.4331E+02
 MRCHDU: Convergence failed at  57  side 2    Res =  0.1489E+03
 MRCHDU: Convergence failed at  58  side 2    Res =  0.9162E+03
 MRCHDU: Convergence failed at  59  side 2    Res =  0.3107E+03
 MRCHDU: Convergence failed at  60  side 2    Res =  0.1151E+04
 MRCHDU: Convergence failed at  61  side 2    Res =  0.1410E+03
 MRCHDU: Convergence failed at  62  side 2    Res =  0.5334E+02
 MRCHDU: Convergence failed at  63  side 2    Res =  0.2810E+02
 MRCHDU: Convergence failed at  64  side 2    Res =  0.1633E+02
 MRCHDU: Convergence failed at  65  side 2    Res =  0.9422E+01
 MRCHDU: Convergence failed at  66  side 2    Res =  0.5143E+01
 MRCHDU: Convergence failed at  67  side 2    Res =  0.6750E+01
 MRCHDU: Convergence failed at  70  side 2    Res =  0.5650E+02
 MRCHDU: Convergence failed at  71  side 2    Res =  0.1846E+01
 MRCHDU: Convergence failed at  72  side 2    Res =  0.1728E+01
 MRCHDU: Convergence failed at  73  side 2    Res =  0.1684E+01
 MRCHDU: Convergence failed at  74  side 2    Res =  0.1676E+01
 MRCHDU: Convergence failed at  75  side 2    Res =  0.1712E+01
 MRCHDU: Convergence failed at  76  side 2    Res =  0.1791E+01
 MRCHDU: Convergence failed at  77  side 2    Res =  0.1922E+01
 MRCHDU: Convergence failed at  78  side 2    Res =  0.2072E+01
 MRCHDU: Convergence failed at  79  side 2    Res =  0.2254E+01
 MRCHDU: Convergence failed at  80  side 2    Res =  0.2491E+01
 MRCHDU: Convergence failed at  81  side 2    Res =  0.2842E+01
 MRCHDU: Convergence failed at  82  side 2    Res =  0.3276E+01
 MRCHDU: Convergence failed at  83  side 2    Res =  0.3883E+01
 MRCHDU: Convergence failed at  84  side 2    Res =  0.4873E+01
 MRCHDU: Convergence failed at  85  side 2    Res =  0.6862E+01
 MRCHDU: Convergence failed at  86  side 2    Res =  0.1200E+02
 MRCHDU: Convergence failed at  87  side 2    Res =  0.1401E+03
 Side 1  free  transition at x/c =  0.9141   72
 Side 2  free  transition at x/c =  0.1123   37

  10   rms: 0.4502E+00   max: 0.1076E+01   D at   89  2
       a = -2.750      CL =  0.0587
      Cm = -0.0893     CD =  0.01372   =>   CDf =  0.00744    CDp =  0.00627

 Side 1  free  transition at x/c =  0.9159   73
 Side 2  free  transition at x/c =  0.1058   35

  11   rms: 0.7289E-01   max: -.6218E+00   D at   37  2   RLX: 0.804
       a = -2.750      CL =  0.0691
      Cm = -0.0898     CD =  0.01859   =>   CDf =  0.00859    CDp =  0.01000

 MRCHDU: Convergence failed at  37  side 2    Res =  0.4024E+01
 MRCHDU: Convergence failed at  38  side 2    Res =  0.1027E+02
 MRCHDU: Convergence failed at  39  side 2    Res =  0.3877E+01
 MRCHDU: Convergence failed at  40  side 2    Res =  0.3730E+01
 MRCHDU: Convergence failed at  41  side 2    Res =  0.3277E+01
 MRCHDU: Convergence failed at  42  side 2    Res =  0.4094E+01
 MRCHDU: Convergence failed at  43  side 2    Res =  0.4957E+01
 MRCHDU: Convergence failed at  44  side 2    Res =  0.6052E+01
 MRCHDU: Convergence failed at  45  side 2    Res =  0.7100E+01
 MRCHDU: Convergence failed at  46  side 2    Res =  0.8054E+01
 MRCHDU: Convergence failed at  47  side 2    Res =  0.8838E+01
 MRCHDU: Convergence failed at  48  side 2    Res =  0.8938E+01
 MRCHDU: Convergence failed at  49  side 2    Res =  0.8911E+01
 MRCHDU: Convergence failed at  50  side 2    Res =  0.9014E+01
 MRCHDU: Convergence failed at  51  side 2    Res =  0.8478E+01
 MRCHDU: Convergence failed at  52  side 2    Res =  0.7449E+01
 MRCHDU: Convergence failed at  53  side 2    Res =  0.7269E+01
 MRCHDU: Convergence failed at  54  side 2    Res =  0.7128E+01
 MRCHDU: Convergence failed at  55  side 2    Res =  0.6587E+01
 MRCHDU: Convergence failed at  56  side 2    Res =  0.6113E+01
 MRCHDU: Convergence failed at  57  side 2    Res =  0.5992E+01
 MRCHDU: Convergence failed at  58  side 2    Res =  0.3753E+02
 MRCHDU: Convergence failed at  59  side 2    Res =  0.4681E+02
 MRCHDU: Convergence failed at  60  side 2    Res =  0.5604E+02
 MRCHDU: Convergence failed at  61  side 2    Res =  0.7690E+02
 MRCHDU: Convergence failed at  62  side 2    Res =  0.8996E+02
 MRCHDU: Convergence failed at  63  side 2    Res =  0.1304E+03
 MRCHDU: Convergence failed at  64  side 2    Res =  0.2266E+03
 MRCHDU: Convergence failed at  65  side 2    Res =  0.1156E+02
 MRCHDU: Convergence failed at  66  side 2    Res =  0.1123E+02
 MRCHDU: Convergence failed at  67  side 2    Res =  0.1114E+02
 MRCHDU: Convergence failed at  68  side 2    Res =  0.1181E+02
 MRCHDU: Convergence failed at  69  side 2    Res =  0.1163E+02
 MRCHDU: Convergence failed at  70  side 2    Res =  0.1194E+02
 MRCHDU: Convergence failed at  71  side 2    Res =  0.1190E+02
 MRCHDU: Convergence failed at  72  side 2    Res =  0.1219E+02
 MRCHDU: Convergence failed at  73  side 2    Res =  0.1204E+02
 MRCHDU: Convergence failed at  74  side 2    Res =  0.1235E+02
 MRCHDU: Convergence failed at  75  side 2    Res =  0.1270E+02
 MRCHDU: Convergence failed at  76  side 2    Res =  0.1308E+02
 MRCHDU: Convergence failed at  77  side 2    Res =  0.1324E+02
 MRCHDU: Convergence failed at  78  side 2    Res =  0.1370E+02
 MRCHDU: Convergence failed at  79  side 2    Res =  0.1428E+02
 MRCHDU: Convergence failed at  80  side 2    Res =  0.1628E+02
 MRCHDU: Convergence failed at  81  side 2    Res =  0.1674E+02
 MRCHDU: Convergence failed at  82  side 2    Res =  0.1772E+02
 MRCHDU: Convergence failed at  83  side 2    Res =  0.1831E+02
 MRCHDU: Convergence failed at  84  side 2    Res =  0.1906E+02
 MRCHDU: Convergence failed at  85  side 2    Res =  0.2774E+02
 MRCHDU: Convergence failed at  86  side 2    Res =  0.1824E+02
 Side 1  free  transition at x/c =  0.9123   72
 Side 2  free  transition at x/c =  0.1155   36

  12   rms: 0.8697E+00   max: -.8542E+01   T at   36  2   RLX: 0.059
       a = -2.750      CL = -0.4287
      Cm =  0.0939     CD =  0.01194   =>   CDf =  0.00380    CDp =  0.00814

 Side 1  free  transition at x/c =  0.9194   73
 Side 2  free  transition at x/c =  0.1331   38

  13   rms: 0.3380E+00   max: 0.2179E+01   T at   38  2   RLX: 0.491
       a = -2.750      CL = -0.1783
      Cm = -0.0082     CD =  0.01813   =>   CDf =  0.01058    CDp =  0.00755

 MRCHDU: Convergence failed at  38  side 2    Res =  0.6611E+01
 MRCHDU: Convergence failed at  39  side 2    Res =  0.3318E+02
 Side 1  free  transition at x/c =  0.9129   72
 Side 2  free  transition at x/c =  0.1065   35

  14   rms: 0.1769E+01   max: -.1712E+02   T at   35  2   RLX: 0.029
       a = -2.750      CL = -0.1329
      Cm = -0.0205     CD =  0.01776   =>   CDf =  0.00913    CDp =  0.00863

 Side 1  free  transition at x/c =  0.9265   73
 Side 2  free  transition at x/c =  0.1205   37

  15   rms: 0.3528E+00   max: 0.1955E+01   T at   37  2   RLX: 0.319
       a = -2.750      CL = -0.1156
      Cm = -0.0395     CD =  0.01547   =>   CDf =  0.00919    CDp =  0.00629

 Side 1  free  transition at x/c =  0.9128   72
 Side 2  free  transition at x/c =  0.1071   36

  16   rms: 0.3634E+01   max: -.2969E+02   T at   36  2   RLX: 0.017
       a = -2.750      CL = -0.0673
      Cm = -0.0488     CD =  0.01510   =>   CDf =  0.00905    CDp =  0.00605

 Side 1  free  transition at x/c =  0.9309   73
 Side 2  free  transition at x/c =  0.1161   36

  17   rms: 0.3818E+00   max: 0.3795E+01   T at   36  2   RLX: 0.143
       a = -2.750      CL = -0.0595
      Cm = -0.0546     CD =  0.01491   =>   CDf =  0.00981    CDp =  0.00510

 Side 1  free  transition at x/c =  0.9225   73
 Side 2  free  transition at x/c =  0.1099   36

  18   rms: 0.1375E+00   max: -.8043E+00   D at   39  2   RLX: 0.622
       a = -2.750      CL =  0.0025
      Cm = -0.0736     CD =  0.01711   =>   CDf =  0.00939    CDp =  0.00772

 Side 1  free  transition at x/c =  0.9108   72
 Side 2  free  transition at x/c =  0.1091   36

  19   rms: 0.1012E+00   max: -.7317E+00   D at   39  2   RLX: 0.683
       a = -2.750      CL = -0.0075
      Cm = -0.0746     CD =  0.01877   =>   CDf =  0.00861    CDp =  0.01016

 Side 1  free  transition at x/c =  0.8923   70
 Side 2  free  transition at x/c =  0.1030   36

  20   rms: 0.3007E+01   max: -.4935E+02   D at    2  2   RLX: 0.010
       a = -2.750      CL = -0.0022
      Cm = -0.0745     CD =  0.02090   =>   CDf =  0.00847    CDp =  0.01243

 Side 1  free  transition at x/c =  0.8951   72
 Side 2  free  transition at x/c =  0.1046   35

  21   rms: 0.6015E-01   max: -.5427E+00   T at    2  1   RLX: 0.921
       a = -2.750      CL =  0.0378
      Cm = -0.0840     CD =  0.01885   =>   CDf =  0.00851    CDp =  0.01034

 Side 1  free  transition at x/c =  0.9000   72
 Side 2  free  transition at x/c =  0.1079   36

  22   rms: 0.1718E-01   max: 0.1257E+00   D at   36  2
       a = -2.750      CL =  0.0469
      Cm = -0.0859     CD =  0.01858   =>   CDf =  0.00842    CDp =  0.01015

 Side 1  free  transition at x/c =  0.9029   72
 Side 2  free  transition at x/c =  0.1086   36

  23   rms: 0.1817E-02   max: 0.2171E-01   D at   36  2
       a = -2.750      CL =  0.0471
      Cm = -0.0860     CD =  0.01858   =>   CDf =  0.00838    CDp =  0.01019

 Side 1  free  transition at x/c =  0.9031   72
 Side 2  free  transition at x/c =  0.1085   36

  24   rms: 0.1813E-04   max: 0.1161E-03   T at   36  2
       a = -2.750      CL =  0.0471
      Cm = -0.0860     CD =  0.01858   =>   CDf =  0.00839    CDp =  0.01019
      9.000   10.4208   0.018579   0.003527   0.008777   0.005249    0.9031     #

 Point added to stored polar  1
 Point written to save file  clarky_re150000_clean.polar                     
 Dump file unspecified or not available
 Calculating wake trajectory ...
 Calculating source influence matrix ...

 Solving BL system ...

 Side 1  free  transition at x/c =  0.9031   72
 Side 2  free  transition at x/c =  0.1085   36

   1   rms: 0.7418E-01   max: -.7294E+00   T at   36  2   RLX: 0.686
       a = -2.500      CL =  0.0702
      Cm = -0.0869     CD =  0.01800   =>   CDf =  0.00839    CDp =  0.00961

 Side 1  free  transition at x/c =  0.8991   72
 Side 2  free  transition at x/c =  0.1170   37

   2   rms: 0.1290E+00   max: -.9886E+00   T at   37  2   RLX: 0.506
       a = -2.500      CL =  0.0770
      Cm = -0.0871     CD =  0.01768   =>   CDf =  0.00858    CDp =  0.00910

 Side 1  free  transition at x/c =  0.8992   72
 Side 2  free  transition at x/c =  0.1235   37

   3   rms: 0.5870E-01   max: -.4346E+00   T at   37  2
       a = -2.500      CL =  0.0850
      Cm = -0.0876     CD =  0.01767   =>   CDf =  0.00843    CDp =  0.00924

 Side 1  free  transition at x/c =  0.8986   72
 Side 2  free  transition at x/c =  0.1376   38

   4   rms: 0.1998E-01   max: -.2978E+00   C at   38  2
       a = -2.500      CL =  0.0838
      Cm = -0.0876     CD =  0.01765   =>   CDf =  0.00825    CDp =  0.00940

 Side 1  free  transition at x/c =  0.8985   72
 Side 2  free  transition at x/c =  0.1312   38

   5   rms: 0.5305E-02   max: -.4748E-01   T at   38  2
       a = -2.500      CL =  0.0841
      Cm = -0.0876     CD =  0.01768   =>   CDf =  0.00821    CDp =  0.00947

 Side 1  free  transition at x/c =  0.8985   72
 Side 2  free  transition at x/c =  0.1326   38

   6   rms: 0.4442E-03   max: -.4779E-02   D at   38  2
       a = -2.500      CL =  0.0841
      Cm = -0.0876     CD =  0.01768   =>   CDf =  0.00819    CDp =  0.00949

 Side 1  free  transition at x/c =  0.8985   72
 Side 2  free  transition at x/c =  0.1327   38

   7   rms: 0.4999E-05   max: 0.3427E-04   T at   56  2
       a = -2.500      CL =  0.0841
      Cm = -0.0876     CD =  0.01768   =>   CDf =  0.00819    CDp =  0.00949
      9.000   10.0640   0.017681   0.003569   0.008408   0.004839    0.8985     #

 Point added to stored polar  1
 Point written to save file  clarky_re150000_clean.polar                     
 Dump file unspecified or not available
 Calculating wake trajectory ...
 Calculating source influence matrix ...

 Solving BL system ...

 Side 1  free  transition at x/c =  0.8985   72
 Side 2  free  transition at x/c =  0.1327   38

   1   rms: 0.1092E+00   max: -.1150E+01   T at   38  2   RLX: 0.435
       a = -2.250      CL =  0.1007
      Cm = -0.0885     CD =  0.01724   =>   CDf =  0.00819    CDp =  0.00905

 Side 1  free  transition at x/c =  0.8967   72
 Side 2  free  transition at x/c =  0.1531   40

   2   rms: 0.1054E+00   max: -.8394E+00   C at   40  2   RLX: 0.596
       a = -2.250      CL =  0.1125
      Cm = -0.0890     CD =  0.01654   =>   CDf =  0.00815    CDp =  0.00839

 Side 1  free  transition at x/c =  0.8956   72
 Side 2  free  transition at x/c =  0.1740   41

   3   rms: 0.4877E-01   max: -.4914E+00   T at   41  2
       a = -2.250      CL =  0.1230
      Cm = -0.0896     CD =  0.01654   =>   CDf =  0.00794    CDp =  0.00860

 Side 1  free  transition at x/c =  0.8950   73
 Side 2  free  transition at x/c =  0.2129   43

   4   rms: 0.1496E-01   max: -.1751E+00   C at   43  2
       a = -2.250      CL =  0.1226
      Cm = -0.0896     CD =  0.01648   =>   CDf =  0.00780    CDp =  0.00868

 Side 1  free  transition at x/c =  0.8950   73
 Side 2  free  transition at x/c =  0.2171   43

   5   rms: 0.3174E-02   max: 0.5197E-01   C at   43  2
       a = -2.250      CL =  0.1227
      Cm = -0.0896     CD =  0.01650   =>   CDf =  0.00769    CDp =  0.00881

 Side 1  free  transition at x/c =  0.8950   73
 Side 2  free  transition at x/c =  0.2152   43

   6   rms: 0.8656E-04   max: -.1285E-02   C at   43  2
       a = -2.250      CL =  0.1227
      Cm = -0.0896     CD =  0.01650   =>   CDf =  0.00771    CDp =  0.00880
      9.000    9.5199   0.016505   0.003618   0.007954   0.004336    0.8950     #

 Point added to stored polar  1
 Point written to save file  clarky_re150000_clean.polar                     
 Dump file unspecified or not available
 Calculating wake trajectory ...
 Calculating source influence matrix ...

 Solving BL system ...

 Side 1  free  transition at x/c =  0.8950   73
 Side 2  free  transition at x/c =  0.2152   43

   1   rms: 0.1522E+00   max: -.2101E+01   C at   43  2   RLX: 0.238
       a = -2.000      CL =  0.1317
      Cm = -0.0901     CD =  0.01623   =>   CDf =  0.00771    CDp =  0.00852

 Side 1  free  transition at x/c =  0.8942   72
 Side 2  free  transition at x/c =  0.2406   44

   2   rms: 0.3908E+00   max: 0.2638E+01   T at   72  1   RLX: 0.284
       a = -2.000      CL =  0.0653
      Cm = -0.0775     CD =  0.01779   =>   CDf =  0.00771    CDp =  0.01008

 Side 1  free  transition at x/c =  0.8661   70
 Side 2  free  transition at x/c =  0.1718   41

   3   rms: 0.2105E+00   max: -.1979E+01   T at   41  2   RLX: 0.253
       a = -2.000      CL =  0.0893
      Cm = -0.0790     CD =  0.02016   =>   CDf =  0.00800    CDp =  0.01216

 Side 1  free  transition at x/c =  0.8727   70
 Side 2  free  transition at x/c =  0.2104   44

   4   rms: 0.4688E+00   max: 0.3816E+01   C at   44  2   RLX: 0.141
       a = -2.000      CL =  0.0519
      Cm = -0.0722     CD =  0.02056   =>   CDf =  0.00787    CDp =  0.01269

 Side 1  free  transition at x/c =  0.8588   70
 Side 2  free  transition at x/c =  0.1852   42

   5   rms: 0.1247E+00   max: -.7642E+00   T at   42  2   RLX: 0.654
       a = -2.000      CL =  0.0934
      Cm = -0.0787     CD =  0.01895   =>   CDf =  0.00790    CDp =  0.01105

 Side 1  free  transition at x/c =  0.8674   70
 Side 2  free  transition at x/c =  0.2233   44

   6   rms: 0.1520E+00   max: -.1300E+01   T at   44  2   RLX: 0.384
       a = -2.000      CL =  0.1271
      Cm = -0.0844     CD =  0.01858   =>   CDf =  0.00773    CDp =  0.01085

 Side 1  free  transition at x/c =  0.8782   72
 Side 2  free  transition at x/c =  0.2778   46

   7   rms: 0.4297E-01   max: -.2498E+00   T at   46  2
       a = -2.000      CL =  0.1441
      Cm = -0.0883     CD =  0.01615   =>   CDf =  0.00764    CDp =  0.00851

 Side 1  free  transition at x/c =  0.8829   72
 Side 2  free  transition at x/c =  0.3363   50

   8   rms: 0.2680E-01   max: 0.4330E+00   C at   50  2
       a = -2.000      CL =  0.1446
      Cm = -0.0885     CD =  0.01606   =>   CDf =  0.00725    CDp =  0.00881

 Side 1  free  transition at x/c =  0.8837   72
 Side 2  free  transition at x/c =  0.3146   48

   9   rms: 0.4321E-02   max: -.5795E-01   D at   51  2
       a = -2.000      CL =  0.1441
      Cm = -0.0884     CD =  0.01598   =>   CDf =  0.00730    CDp =  0.00867

 Side 1  free  transition at x/c =  0.8837   72
 Side 2  free  transition at x/c =  0.3102   48

  10   rms: 0.2408E-03   max: -.3861E-02   C at   48  2
       a = -2.000      CL =  0.1441
      Cm = -0.0884     CD =  0.01598   =>   CDf =  0.00732    CDp =  0.00866

 Side 1  free  transition at x/c =  0.8837   72
 Side 2  free  transition at x/c =  0.3104   48

  11   rms: 0.8937E-06   max: -.6172E-05   D at   50  2
       a = -2.000      CL =  0.1441
      Cm = -0.0884     CD =  0.01598   =>   CDf =  0.00732    CDp =  0.00866
      9.000    9.5148   0.015981   0.003629   0.007985   0.004355    0.8837     #

 Point added to stored polar  1
 Point written to save file  clarky_re150000_clean.polar                     
 Dump file unspecified or not available
 Calculating wake trajectory ...
 Calculating source influence matrix ...

 Solving BL system ...

 Side 1  free  transition at x/c =  0.8837   72
 Side 2  free  transition at x/c =  0.3104   48

   1   rms: 0.9517E-01   max: -.1258E+01   C at   48  2   RLX: 0.397
       a = -1.750      CL =  0.1574
      Cm = -0.0887     CD =  0.01571   =>   CDf =  0.00732    CDp =  0.00839

 Side 1  free  transition at x/c =  0.8808   72
 Side 2  free  transition at x/c =  0.3508   50

   2   rms: 0.7706E-01   max: -.1282E+01   C at   50  2   RLX: 0.390
       a = -1.750      CL =  0.1650
      Cm = -0.0889     CD =  0.01549   =>   CDf =  0.00717    CDp =  0.00832

 Side 1  free  transition at x/c =  0.8796   72
 Side 2  free  transition at x/c =  0.3679   51

   3   rms: 0.4845E-01   max: -.7772E+00   C at   51  2   RLX: 0.643
       a = -1.750      CL =  0.1743
      Cm = -0.0892     CD =  0.01530   =>   CDf =  0.00714    CDp =  0.00816

 Side 1  free  transition at x/c =  0.8786   72
 Side 2  free  transition at x/c =  0.3924   53

   4   rms: 0.4076E-01   max: -.6709E+00   C at   53  2   RLX: 0.745
       a = -1.750      CL =  0.1772
      Cm = -0.0892     CD =  0.01510   =>   CDf =  0.00709    CDp =  0.00801

 Side 1  free  transition at x/c =  0.8782   72
 Side 2  free  transition at x/c =  0.4104   54

   5   rms: 0.2426E-01   max: -.4162E+00   C at   54  2
       a = -1.750      CL =  0.1780
      Cm = -0.0892     CD =  0.01503   =>   CDf =  0.00698    CDp =  0.00805

 Side 1  free  transition at x/c =  0.8781   72
 Side 2  free  transition at x/c =  0.4269   55

   6   rms: 0.7232E-02   max: -.1252E+00   C at   55  2
       a = -1.750      CL =  0.1781
      Cm = -0.0892     CD =  0.01505   =>   CDf =  0.00688    CDp =  0.00817

 Side 1  free  transition at x/c =  0.8781   72
 Side 2  free  transition at x/c =  0.4300   55

   7   rms: 0.7840E-04   max: -.1097E-02   D at   58  2
       a = -1.750      CL =  0.1781
      Cm = -0.0892     CD =  0.01506   =>   CDf =  0.00684    CDp =  0.00822
      9.000    8.9585   0.015056   0.003676   0.007565   0.003889    0.8781     #

 Point added to stored polar  1
 Point written to save file  clarky_re150000_clean.polar                     
 Dump file unspecified or not available
 Calculating wake trajectory ...
 Calculating source influence matrix ...

 Solving BL system ...

 Side 1  free  transition at x/c =  0.8781   72
 Side 2  free  transition at x/c =  0.4300   55

   1   rms: 0.1537E+00   max: -.2524E+01   C at   55  2   RLX: 0.198
       a = -1.500      CL =  0.1845
      Cm = -0.0893     CD =  0.01482   =>   CDf =  0.00684    CDp =  0.00798

 Side 1  free  transition at x/c =  0.8772   72
 Side 2  free  transition at x/c =  0.4563   56

   2   rms: 0.1157E+00   max: -.1883E+01   C at   56  2   RLX: 0.266
       a = -1.500      CL =  0.1924
      Cm = -0.0896     CD =  0.01466   =>   CDf =  0.00674    CDp =  0.00792

 Side 1  free  transition at x/c =  0.8762   72
 Side 2  free  transition at x/c =  0.4909   58

   3   rms: 0.1189E+00   max: -.2014E+01   C at   58  2   RLX: 0.248
       a = -1.500      CL =  0.1968
      Cm = -0.0895     CD =  0.01446   =>   CDf =  0.00660    CDp =  0.00786

 Side 1  free  transition at x/c =  0.8757   71
 Side 2  free  transition at x/c =  0.5148   59

   4   rms: 0.6396E-01   max: 0.5628E+00   T at   71  1
       a = -1.500      CL =  0.1660
      Cm = -0.0824     CD =  0.01558   =>   CDf =  0.00651    CDp =  0.00907

 Side 1  free  transition at x/c =  0.8514   70
 Side 2  free  transition at x/c =  0.4929   58

   5   rms: 0.5047E+00   max: -.7755E+01   C at   58  2   RLX: 0.064
       a = -1.500      CL =  0.1709
      Cm = -0.0805     CD =  0.01776   =>   CDf =  0.00653    CDp =  0.01122

 Side 1  free  transition at x/c =  0.8558   70
 Side 2  free  transition at x/c =  0.5217   60

   6   rms: 0.3927E+00   max: 0.6124E+01   C at   60  2   RLX: 0.245
       a = -1.500      CL =  0.1436
      Cm = -0.0771     CD =  0.01845   =>   CDf =  0.00644    CDp =  0.01202

 Side 1  free  transition at x/c =  0.8411   70
 Side 2  free  transition at x/c =  0.4353   55

   7   rms: 0.1256E+00   max: -.1420E+01   C at   55  2   RLX: 0.352
       a = -1.500      CL =  0.1564
      Cm = -0.0787     CD =  0.01830   =>   CDf =  0.00680    CDp =  0.01150

 Side 1  free  transition at x/c =  0.8466   70
 Side 2  free  transition at x/c =  0.4685   57

   8   rms: 0.2067E+00   max: -.3123E+01   C at   57  2   RLX: 0.160
       a = -1.500      CL =  0.1656
      Cm = -0.0803     CD =  0.01796   =>   CDf =  0.00666    CDp =  0.01130

 Side 1  free  transition at x/c =  0.8506   70
 Side 2  free  transition at x/c =  0.4868   58

   9   rms: 0.2899E+00   max: -.4445E+01   C at   58  2   RLX: 0.112
       a = -1.500      CL =  0.1751
      Cm = -0.0820     CD =  0.01750   =>   CDf =  0.00659    CDp =  0.01091

 Side 1  free  transition at x/c =  0.8548   70
 Side 2  free  transition at x/c =  0.5030   59

  10   rms: 0.4419E+01   max: 0.6615E+02   C at   59  2   RLX: 0.023
       a = -1.500      CL =  0.1437
      Cm = -0.0775     CD =  0.01898   =>   CDf =  0.00655    CDp =  0.01242

 Side 1  free  transition at x/c =  0.8387   70
 Side 2  free  transition at x/c =  0.4345   55

  11   rms: 0.1124E+00   max: -.1010E+01   C at   55  2   RLX: 0.495
       a = -1.500      CL =  0.1568
      Cm = -0.0792     CD =  0.01806   =>   CDf =  0.00680    CDp =  0.01126

 Side 1  free  transition at x/c =  0.8453   70
 Side 2  free  transition at x/c =  0.4680   57

  12   rms: 0.1788E+00   max: -.2560E+01   C at   57  2   RLX: 0.195
       a = -1.500      CL =  0.1666
      Cm = -0.0808     CD =  0.01801   =>   CDf =  0.00666    CDp =  0.01134

 Side 1  free  transition at x/c =  0.8500   70
 Side 2  free  transition at x/c =  0.4874   58

  13   rms: 0.2490E+00   max: -.3633E+01   C at   58  2   RLX: 0.138
       a = -1.500      CL =  0.1777
      Cm = -0.0827     CD =  0.01748   =>   CDf =  0.00659    CDp =  0.01089

 Side 1  free  transition at x/c =  0.8551   70
 Side 2  free  transition at x/c =  0.5059   59

  14   rms: 0.9494E+00   max: 0.1282E+02   C at   59  2   RLX: 0.117
       a = -1.500      CL =  0.1330
      Cm = -0.0763     CD =  0.01899   =>   CDf =  0.00654    CDp =  0.01245

 Side 1  free  transition at x/c =  0.8345   69
 Side 2  free  transition at x/c =  0.4115   54

  15   rms: 0.5375E+00   max: -.6077E+01   C at   54  2   RLX: 0.082
       a = -1.500      CL =  0.1511
      Cm = -0.0765     CD =  0.02068   =>   CDf =  0.00691    CDp =  0.01377

 Side 1  free  transition at x/c =  0.8454   70
 Side 2  free  transition at x/c =  0.4477   56

  16   rms: 0.1360E+00   max: -.1872E+01   C at   56  2   RLX: 0.267
       a = -1.500      CL =  0.1654
      Cm = -0.0810     CD =  0.01760   =>   CDf =  0.00680    CDp =  0.01080

 Side 1  free  transition at x/c =  0.8496   70
 Side 2  free  transition at x/c =  0.4643   56

  17   rms: 0.1003E+00   max: -.7154E+00   C at   56  2   RLX: 0.699
       a = -1.500      CL =  0.1998
      Cm = -0.0874     CD =  0.01561   =>   CDf =  0.00676    CDp =  0.00886

 Side 1  free  transition at x/c =  0.8657   71
 Side 2  free  transition at x/c =  0.6119   64

  18   rms: 0.5110E-01   max: -.7672E+00   C at   64  2   RLX: 0.652
       a = -1.500      CL =  0.1939
      Cm = -0.0859     CD =  0.01417   =>   CDf =  0.00608    CDp =  0.00809

 Side 1  free  transition at x/c =  0.8670   71
 Side 2  free  transition at x/c =  0.6127   64

  19   rms: 0.1777E-01   max: -.2571E+00   C at   64  2
       a = -1.500      CL =  0.1975
      Cm = -0.0870     CD =  0.01420   =>   CDf =  0.00613    CDp =  0.00807

 Side 1  free  transition at x/c =  0.8679   71
 Side 2  free  transition at x/c =  0.6182   65

  20   rms: 0.1094E-02   max: -.1385E-01   D at   64  2
       a = -1.500      CL =  0.1977
      Cm = -0.0871     CD =  0.01422   =>   CDf =  0.00605    CDp =  0.00817

 Side 1  free  transition at x/c =  0.8680   71
 Side 2  free  transition at x/c =  0.6158   65

  21   rms: 0.2159E-04   max: -.3263E-03   C at   65  2
       a = -1.500      CL =  0.1977
      Cm = -0.0871     CD =  0.01422   =>   CDf =  0.00605    CDp =  0.00816
      9.000    8.8227   0.014216   0.003696   0.007446   0.003750    0.8680     #

 Point added to stored polar  1
 Point written to save file  clarky_re150000_clean.polar                     
 Dump file unspecified or not available
 Calculating wake trajectory ...
 Calculating source influence matrix ...

 Solving BL system ...

 Side 1  free  transition at x/c =  0.8680   71
 Side 2  free  transition at x/c =  0.6158   65

   1   rms: 0.2095E+00   max: -.3471E+01   C at   65  2   RLX: 0.144
       a = -1.250      CL =  0.2000
      Cm = -0.0865     CD =  0.01405   =>   CDf =  0.00596    CDp =  0.00809

 Side 1  free  transition at x/c =  0.8666   72
 Side 2  free  transition at x/c =  0.6468   65

   2   rms: 0.2331E+00   max: -.3147E+01   D at    2  1   RLX: 0.159
       a = -1.250      CL =  0.2034
      Cm = -0.0864     CD =  0.01398   =>   CDf =  0.00594    CDp =  0.00804

 Side 1  free  transition at x/c =  0.8654   72
 Side 2  free  transition at x/c =  0.6898   67

   3   rms: 0.1103E+00   max: -.1716E+01   C at   67  2   RLX: 0.291
       a = -1.250      CL =  0.2077
      Cm = -0.0856     CD =  0.01378   =>   CDf =  0.00578    CDp =  0.00800

 Side 1  free  transition at x/c =  0.8638   72
 Side 2  free  transition at x/c =  0.7763   72

   4   rms: 0.1282E+00   max: -.1963E+01   C at   72  2   RLX: 0.255
       a = -1.250      CL =  0.2100
      Cm = -0.0839     CD =  0.01357   =>   CDf =  0.00549    CDp =  0.00807

 Side 1  free  transition at x/c =  0.8633   72
 Side 2  free  transition at x/c =  0.8101   74

   5   rms: 0.5151E-01   max: -.7026E+00   C at   74  2   RLX: 0.712
       a = -1.250      CL =  0.2215
      Cm = -0.0844     CD =  0.01342   =>   CDf =  0.00540    CDp =  0.00801

 Side 1  free  transition at x/c =  0.8621   72
 Side 2  free  transition at x/c =  0.8913   78

   6   rms: 0.2065E-01   max: 0.1434E+00   D at   76  2
       a = -1.250      CL =  0.2340
      Cm = -0.0861     CD =  0.01336   =>   CDf =  0.00529    CDp =  0.00807

 Side 1  free  transition at x/c =  0.8623   72
 Side 2  free  transition at x/c =  0.9101   79

   7   rms: 0.7112E-02   max: 0.6343E-01   C at   79  2
       a = -1.250      CL =  0.2384
      Cm = -0.0869     CD =  0.01336   =>   CDf =  0.00528    CDp =  0.00808

 Side 1  free  transition at x/c =  0.8626   72
 Side 2  free  transition at x/c =  0.9088   79

   8   rms: 0.2796E-03   max: -.2332E-02   D at   82  2
       a = -1.250      CL =  0.2382
      Cm = -0.0869     CD =  0.01337   =>   CDf =  0.00528    CDp =  0.00809

 Side 1  free  transition at x/c =  0.8626   72
 Side 2  free  transition at x/c =  0.9084   79

   9   rms: 0.2513E-05   max: -.3307E-04   C at   79  2
       a = -1.250      CL =  0.2382
      Cm = -0.0869     CD =  0.01337   =>   CDf =  0.00528    CDp =  0.00809
      9.000    8.3124   0.013366   0.003755   0.007133   0.003378    0.8626     #

 Point added to stored polar  1
 Point written to save file  clarky_re150000_clean.polar                     
 Dump file unspecified or not available
 Calculating wake trajectory ...
 Calculating source influence matrix ...

 Solving BL system ...

 Side 1  free  transition at x/c =  0.8626   72
 Side 2  free  transition at x/c =  0.9084   79

   1   rms: 0.1290E+00   max: -.7709E+00   C at   79  2   RLX: 0.649
       a = -1.000      CL =  0.2929
      Cm = -0.0925     CD =  0.01300   =>   CDf =  0.00528    CDp =  0.00772

 Side 1  free  transition at x/c =  0.8614   72
 Side 2  free  transition at x/c =  0.9739   83

   2   rms: 0.3833E-01   max: 0.4392E+00   C at   83  2
       a = -1.000      CL =  0.3183
      Cm = -0.0961     CD =  0.01298   =>   CDf =  0.00537    CDp =  0.00760

 Side 1  free  transition at x/c =  0.8596   72
 Side 2 forced transition at x/c =  1.0000   84

   3   rms: 0.2052E-01   max: 0.2511E+00   C at   84  2
       a = -1.000      CL =  0.3353
      Cm = -0.0997     CD =  0.01280   =>   CDf =  0.00544    CDp =  0.00736

 Side 1  free  transition at x/c =  0.8604   73
 Side 2 forced transition at x/c =  1.0000   83

   4   rms: 0.2205E-02   max: -.2832E-01   T at    2  1
       a = -1.000      CL =  0.3357
      Cm = -0.0997     CD =  0.01283   =>   CDf =  0.00548    CDp =  0.00734

 Side 1  free  transition at x/c =  0.8604   73
 Side 2  free  transition at x/c =  0.9990   83

   5   rms: 0.1425E-02   max: -.1201E-01   D at   83  2
       a = -1.000      CL =  0.3347
      Cm = -0.0995     CD =  0.01283   =>   CDf =  0.00548    CDp =  0.00735

 Side 1  free  transition at x/c =  0.8604   73
 Side 2  free  transition at x/c =  0.9994   83

   6   rms: 0.2099E-04   max: 0.1885E-03   C at   83  2
       a = -1.000      CL =  0.3347
      Cm = -0.0995     CD =  0.01283   =>   CDf =  0.00548    CDp =  0.00735
      9.000    7.5518   0.012831   0.003889   0.006651   0.002761    0.8604     #

 Point added to stored polar  1
 Point written to save file  clarky_re150000_clean.polar                     
 Dump file unspecified or not available
 Calculating wake trajectory ...
 Calculating source influence matrix ...

 Solving BL system ...

 Side 1  free  transition at x/c =  0.8604   73
 Side 2  free  transition at x/c =  0.9994   83

   1   rms: 0.1050E+00   max: 0.6812E+00   C at   83  2
       a = -0.750      CL =  0.4288
      Cm = -0.1126     CD =  0.01225   =>   CDf =  0.00545    CDp =  0.00679

 Side 1  free  transition at x/c =  0.8598   74
 Side 2 forced transition at x/c =  1.0000   82

   2   rms: 0.6696E-01   max: -.4383E+00   D at   82  2
       a = -0.750      CL =  0.3669
      Cm = -0.0999     CD =  0.01239   =>   CDf =  0.00573    CDp =  0.00666

 Side 1  free  transition at x/c =  0.8546   72
 Side 2 forced transition at x/c =  1.0000   83

   3   rms: 0.1802E-01   max: 0.1146E+00   D at   74  1
       a = -0.750      CL =  0.3542
      Cm = -0.0979     CD =  0.01289   =>   CDf =  0.00566    CDp =  0.00723

 Side 1  free  transition at x/c =  0.8476   72
 Side 2 forced transition at x/c =  1.0000   83

   4   rms: 0.6761E-02   max: -.5047E-01   D at   74  1
       a = -0.750      CL =  0.3585
      Cm = -0.0986     CD =  0.01277   =>   CDf =  0.00562    CDp =  0.00715

 Side 1  free  transition at x/c =  0.8496   72
 Side 2 forced transition at x/c =  1.0000   83

   5   rms: 0.4111E-03   max: -.3035E-02   D at   73  1
       a = -0.750      CL =  0.3586
      Cm = -0.0986     CD =  0.01277   =>   CDf =  0.00563    CDp =  0.00714

 Side 1  free  transition at x/c =  0.8497   72
 Side 2 forced transition at x/c =  1.0000   83

   6   rms: 0.4820E-05   max: -.2417E-04   C at   83  2
       a = -0.750      CL =  0.3586
      Cm = -0.0986     CD =  0.01277   =>   CDf =  0.00563    CDp =  0.00714
      9.000    7.4511   0.012770   0.003912   0.006646   0.002735    0.8497     #

 Point added to stored polar  1
 Point written to save file  clarky_re150000_clean.polar                     
 Dump file unspecified or not available
 Calculating wake trajectory ...
 Calculating source influence matrix ...

 Solving BL system ...

 Side 1  free  transition at x/c =  0.8497   72
 Side 2 forced transition at x/c =  1.0000   83

   1   rms: 0.4220E-01   max: -.1006E+00   n at   82  2
       a = -0.500      CL =  0.3800
      Cm = -0.0973     CD =  0.01277   =>   CDf =  0.00559    CDp =  0.00717

 Side 1  free  transition at x/c =  0.8382   72
 Side 2 forced transition at x/c =  1.0000   82

   2   rms: 0.3303E-01   max: -.2099E+00   D at   74  1
       a = -0.500      CL =  0.3982
      Cm = -0.0998     CD =  0.01227   =>   CDf =  0.00579    CDp =  0.00648

 Side 1  free  transition at x/c =  0.8521   73
 Side 2 forced transition at x/c =  1.0000   82

   3   rms: 0.3771E-01   max: 0.3723E+00   D at   74  1
       a = -0.500      CL =  0.4069
      Cm = -0.1021     CD =  0.01220   =>   CDf =  0.00576    CDp =  0.00644

 Side 1  free  transition at x/c =  0.8469   73
 Side 2 forced transition at x/c =  1.0000   82

   4   rms: 0.2318E-01   max: 0.1065E+00   T at   73  1
       a = -0.500      CL =  0.3867
      Cm = -0.0984     CD =  0.01265   =>   CDf =  0.00576    CDp =  0.00689

 Side 1  free  transition at x/c =  0.8404   73
 Side 2 forced transition at x/c =  1.0000   82

   5   rms: 0.3371E-02   max: -.3394E-01   D at   74  1
       a = -0.500      CL =  0.3854
      Cm = -0.0980     CD =  0.01263   =>   CDf =  0.00578    CDp =  0.00685

 Side 1  free  transition at x/c =  0.8410   73
 Side 2 forced transition at x/c =  1.0000   82

   6   rms: 0.4684E-04   max: 0.8288E-03   D at   74  1
       a = -0.500      CL =  0.3854
      Cm = -0.0981     CD =  0.01263   =>   CDf =  0.00578    CDp =  0.00686
      9.000    7.2884   0.012631   0.003939   0.006527   0.002588    0.8410     #

 Point added to stored polar  1
 Point written to save file  clarky_re150000_clean.polar                     
 Dump file unspecified or not available
 Calculating wake trajectory ...
 Calculating source influence matrix ...

 Solving BL system ...

 Side 1  free  transition at x/c =  0.8410   73
 Side 2 forced transition at x/c =  1.0000   82

   1   rms: 0.4950E-01   max: -.1053E+00   n at   81  2
       a = -0.250      CL =  0.4157
      Cm = -0.0980     CD =  0.01244   =>   CDf =  0.00578    CDp =  0.00666

 Side 1  free  transition at x/c =  0.8350   72
 Side 2 forced transition at x/c =  1.0000   82

   2   rms: 0.1556E-01   max: 0.1077E+00   D at   74  1
       a = -0.250      CL =  0.4051
      Cm = -0.0964     CD =  0.01274   =>   CDf =  0.00591    CDp =  0.00682

 Side 1  free  transition at x/c =  0.8289   72
 Side 2 forced transition at x/c =  1.0000   82

   3   rms: 0.4826E-02   max: -.3691E-01   D at   74  1
       a = -0.250      CL =  0.4081
      Cm = -0.0969     CD =  0.01264   =>   CDf =  0.00589    CDp =  0.00675

 Side 1  free  transition at x/c =  0.8305   72
 Side 2 forced transition at x/c =  1.0000   82

   4   rms: 0.1879E-03   max: -.1527E-02   D at   73  1
       a = -0.250      CL =  0.4082
      Cm = -0.0969     CD =  0.01264   =>   CDf =  0.00589    CDp =  0.00675

 Side 1  free  transition at x/c =  0.8305   72
 Side 2 forced transition at x/c =  1.0000   82

   5   rms: 0.2228E-05   max: 0.8678E-05   n at   73  2
       a = -0.250      CL =  0.4082
      Cm = -0.0969     CD =  0.01264   =>   CDf =  0.00589    CDp =  0.00676
      9.000    7.2526   0.012644   0.003957   0.006535   0.002577    0.8305     #

 Point added to stored polar  1
 Point written to save file  clarky_re150000_clean.polar                     
 Dump file unspecified or not available
 Calculating wake trajectory ...
 Calculating source influence matrix ...

 Solving BL system ...

 Side 1  free  transition at x/c =  0.8305   72
 Side 2 forced transition at x/c =  1.0000   82

   1   rms: 0.4226E-01   max: -.9398E-01   n at   81  2
       a =  0.000      CL =  0.4305
      Cm = -0.0957     CD =  0.01267   =>   CDf =  0.00585    CDp =  0.00682

 Side 1  free  transition at x/c =  0.8193   73
 Side 2 forced transition at x/c =  1.0000   81

   2   rms: 0.1229E-01   max: -.1048E+00   D at   74  1
       a =  0.000      CL =  0.4354
      Cm = -0.0964     CD =  0.01252   =>   CDf =  0.00604    CDp =  0.00648

 Side 1  free  transition at x/c =  0.8220   73
 Side 2 forced transition at x/c =  1.0000   81

   3   rms: 0.7894E-03   max: -.5621E-02   D at   73  1
       a =  0.000      CL =  0.4350
      Cm = -0.0963     CD =  0.01254   =>   CDf =  0.00602    CDp =  0.00653

 Side 1  free  transition at x/c =  0.8219   73
 Side 2 forced transition at x/c =  1.0000   81

   4   rms: 0.5408E-05   max: -.4647E-04   C at   81  2
       a =  0.000      CL =  0.4350
      Cm = -0.0963     CD =  0.01254   =>   CDf =  0.00602    CDp =  0.00652
      9.000    7.1000   0.012545   0.003987   0.006447   0.002460    0.8219     #

 Point added to stored polar  1
 Point written to save file  clarky_re150000_clean.polar                     
 Dump file unspecified or not available
 Calculating wake trajectory ...
 Calculating source influence matrix ...

 Solving BL system ...

 Side 1  free  transition at x/c =  0.8219   73
 Side 2 forced transition at x/c =  1.0000   81

   1   rms: 0.4602E-01   max: -.6159E-01   n at   80  2
       a =  0.250      CL =  0.4649
      Cm = -0.0962     CD =  0.01239   =>   CDf =  0.00602    CDp =  0.00636

 Side 1  free  transition at x/c =  0.8152   72
 Side 2 forced transition at x/c =  1.0000   81

   2   rms: 0.1339E-01   max: 0.9465E-01   D at   74  1
       a =  0.250      CL =  0.4555
      Cm = -0.0948     CD =  0.01266   =>   CDf =  0.00613    CDp =  0.00653

 Side 1  free  transition at x/c =  0.8098   72
 Side 2 forced transition at x/c =  1.0000   81

   3   rms: 0.3825E-02   max: -.3017E-01   D at   74  1
       a =  0.250      CL =  0.4579
      Cm = -0.0952     CD =  0.01258   =>   CDf =  0.00612    CDp =  0.00647

 Side 1  free  transition at x/c =  0.8111   72
 Side 2 forced transition at x/c =  1.0000   81

   4   rms: 0.1010E-03   max: -.8947E-03   D at   73  1
       a =  0.250      CL =  0.4579
      Cm = -0.0952     CD =  0.01258   =>   CDf =  0.00611    CDp =  0.00647

 Side 1  free  transition at x/c =  0.8111   72
 Side 2 forced transition at x/c =  1.0000   81

   5   rms: 0.1311E-05   max: 0.4811E-05   n at   75  2
       a =  0.250      CL =  0.4579
      Cm = -0.0952     CD =  0.01258   =>   CDf =  0.00611    CDp =  0.00647
      9.000    7.0709   0.012583   0.004003   0.006440   0.002437    0.8111     #

 Point added to stored polar  1
 Point written to save file  clarky_re150000_clean.polar                     
 Dump file unspecified or not available
 Calculating wake trajectory ...
 Calculating source influence matrix ...

 Solving BL system ...

 Side 1  free  transition at x/c =  0.8111   72
 Side 2 forced transition at x/c =  1.0000   81

   1   rms: 0.4005E-01   max: -.6574E-01   C at   81  2
       a =  0.500      CL =  0.4810
      Cm = -0.0940     CD =  0.01260   =>   CDf =  0.00612    CDp =  0.00648

 Side 1  free  transition at x/c =  0.7996   71
 Side 2 forced transition at x/c =  1.0000   81

   2   rms: 0.1869E-01   max: -.1386E+00   D at   73  1
       a =  0.500      CL =  0.4908
      Cm = -0.0954     CD =  0.01233   =>   CDf =  0.00626    CDp =  0.00607

 Side 1  free  transition at x/c =  0.8065   72
 Side 2 forced transition at x/c =  1.0000   81

   3   rms: 0.1538E-01   max: 0.1637E+00   D at   73  1
       a =  0.500      CL =  0.4873
      Cm = -0.0950     CD =  0.01243   =>   CDf =  0.00621    CDp =  0.00622

 Side 1  free  transition at x/c =  0.8027   72
 Side 2 forced transition at x/c =  1.0000   81

   4   rms: 0.2442E-02   max: 0.1412E-01   T at   72  1
       a =  0.500      CL =  0.4854
      Cm = -0.0947     CD =  0.01248   =>   CDf =  0.00623    CDp =  0.00625

 Side 1  free  transition at x/c =  0.8021   72
 Side 2 forced transition at x/c =  1.0000   81

   5   rms: 0.5919E-04   max: -.4669E-03   D at   72  1
       a =  0.500      CL =  0.4853
      Cm = -0.0947     CD =  0.01248   =>   CDf =  0.00624    CDp =  0.00624
      9.000    6.8719   0.012480   0.004037   0.006345   0.002308    0.8021     #

 Point added to stored polar  1
 Point written to save file  clarky_re150000_clean.polar                     
 Dump file unspecified or not available
 Calculating wake trajectory ...
 Calculating source influence matrix ...

 Solving BL system ...

 Side 1  free  transition at x/c =  0.8021   72
 Side 2 forced transition at x/c =  1.0000   81

   1   rms: 0.4598E-01   max: -.3996E-01   n at   80  2
       a =  0.750      CL =  0.5156
      Cm = -0.0945     CD =  0.01233   =>   CDf =  0.00619    CDp =  0.00614

 Side 1  free  transition at x/c =  0.7953   72
 Side 2 forced transition at x/c =  1.0000   80

   2   rms: 0.1562E-01   max: 0.1188E+00   D at   73  1
       a =  0.750      CL =  0.5049
      Cm = -0.0930     CD =  0.01264   =>   CDf =  0.00632    CDp =  0.00632

 Side 1  free  transition at x/c =  0.7887   72
 Side 2 forced transition at x/c =  1.0000   80

   3   rms: 0.4843E-02   max: -.3654E-01   D at   73  1
       a =  0.750      CL =  0.5078
      Cm = -0.0934     CD =  0.01254   =>   CDf =  0.00632    CDp =  0.00622

 Side 1  free  transition at x/c =  0.7903   72
 Side 2 forced transition at x/c =  1.0000   80

   4   rms: 0.1133E-03   max: -.1093E-02   D at   72  1
       a =  0.750      CL =  0.5077
      Cm = -0.0934     CD =  0.01254   =>   CDf =  0.00631    CDp =  0.00623

 Side 1  free  transition at x/c =  0.7903   72
 Side 2 forced transition at x/c =  1.0000   80

   5   rms: 0.1353E-05   max: -.6891E-05   C at   80  2
       a =  0.750      CL =  0.5077
      Cm = -0.0934     CD =  0.01254   =>   CDf =  0.00631    CDp =  0.00623
      9.000    6.8482   0.012540   0.004052   0.006320   0.002267    0.7903     #

 Point added to stored polar  1
 Point written to save file  clarky_re150000_clean.polar                     
 Dump file unspecified or not available
 Calculating wake trajectory ...
 Calculating source influence matrix ...

 Solving BL system ...

 Side 1  free  transition at x/c =  0.7903   72
 Side 2 forced transition at x/c =  1.0000   80

   1   rms: 0.4108E-01   max: -.5341E-01   C at   80  2
       a =  1.000      CL =  0.5328
      Cm = -0.0925     CD =  0.01252   =>   CDf =  0.00631    CDp =  0.00620

 Side 1  free  transition at x/c =  0.7798   71
 Side 2 forced transition at x/c =  1.0000   80

   2   rms: 0.8844E-02   max: -.7098E-01   D at   72  1
       a =  1.000      CL =  0.5372
      Cm = -0.0931     CD =  0.01242   =>   CDf =  0.00645    CDp =  0.00597

 Side 1  free  transition at x/c =  0.7822   72
 Side 2 forced transition at x/c =  1.0000   80

   3   rms: 0.1768E-02   max: -.2770E-01   D at   71  1
       a =  1.000      CL =  0.5363
      Cm = -0.0930     CD =  0.01245   =>   CDf =  0.00645    CDp =  0.00600

 Side 1  free  transition at x/c =  0.7817   72
 Side 2 forced transition at x/c =  1.0000   80

   4   rms: 0.1131E-03   max: 0.1093E-02   D at   72  1
       a =  1.000      CL =  0.5362
      Cm = -0.0930     CD =  0.01245   =>   CDf =  0.00644    CDp =  0.00601

 Side 1  free  transition at x/c =  0.7816   72
 Side 2 forced transition at x/c =  1.0000   80

   5   rms: 0.8922E-06   max: 0.4238E-05   C at   80  2
       a =  1.000      CL =  0.5362
      Cm = -0.0930     CD =  0.01245   =>   CDf =  0.00644    CDp =  0.00601
      9.000    6.6337   0.012446   0.004088   0.006222   0.002134    0.7816     #

 Point added to stored polar  1
 Point written to save file  clarky_re150000_clean.polar                     
 Dump file unspecified or not available
 Calculating wake trajectory ...
 Calculating source influence matrix ...

 Solving BL system ...

 Side 1  free  transition at x/c =  0.7816   72
 Side 2 forced transition at x/c =  1.0000   80

   1   rms: 0.4620E-01   max: -.3335E-01   D at   82  2
       a =  1.250      CL =  0.5668
      Cm = -0.0930     CD =  0.01236   =>   CDf =  0.00644    CDp =  0.00592

 Side 1  free  transition at x/c =  0.7750   71
 Side 2 forced transition at x/c =  1.0000   80

   2   rms: 0.1813E-01   max: 0.1747E+00   D at   72  1
       a =  1.250      CL =  0.5549
      Cm = -0.0912     CD =  0.01266   =>   CDf =  0.00648    CDp =  0.00617

 Side 1  free  transition at x/c =  0.7671   71
 Side 2 forced transition at x/c =  1.0000   80

   3   rms: 0.6230E-02   max: -.4910E-01   D at   72  1
       a =  1.250      CL =  0.5583
      Cm = -0.0917     CD =  0.01253   =>   CDf =  0.00651    CDp =  0.00603

 Side 1  free  transition at x/c =  0.7691   71
 Side 2 forced transition at x/c =  1.0000   80

   4   rms: 0.2070E-03   max: -.1764E-02   D at   71  1
       a =  1.250      CL =  0.5582
      Cm = -0.0917     CD =  0.01254   =>   CDf =  0.00649    CDp =  0.00606

 Side 1  free  transition at x/c =  0.7691   71
 Side 2 forced transition at x/c =  1.0000   80

   5   rms: 0.2368E-05   max: -.1185E-04   C at   80  2
       a =  1.250      CL =  0.5582
      Cm = -0.0917     CD =  0.01254   =>   CDf =  0.00649    CDp =  0.00606
      9.000    6.6261   0.012542   0.004102   0.006243   0.002141    0.7691     #

 Point added to stored polar  1
 Point written to save file  clarky_re150000_clean.polar                     
 Dump file unspecified or not available
 Calculating wake trajectory ...
 Calculating source influence matrix ...

 Solving BL system ...

 Side 1  free  transition at x/c =  0.7691   71
 Side 2 forced transition at x/c =  1.0000   80

   1   rms: 0.4255E-01   max: -.3941E-01   C at   80  2
       a =  1.500      CL =  0.5852
      Cm = -0.0911     CD =  0.01250   =>   CDf =  0.00649    CDp =  0.00601

 Side 1  free  transition at x/c =  0.7594   70
 Side 2 forced transition at x/c =  1.0000   80

   2   rms: 0.3855E-02   max: -.4380E-01   D at   70  1
       a =  1.500      CL =  0.5845
      Cm = -0.0910     CD =  0.01254   =>   CDf =  0.00660    CDp =  0.00594

 Side 1  free  transition at x/c =  0.7590   70
 Side 2 forced transition at x/c =  1.0000   80

   3   rms: 0.5609E-04   max: -.4599E-03   C at   80  2
       a =  1.500      CL =  0.5845
      Cm = -0.0910     CD =  0.01254   =>   CDf =  0.00658    CDp =  0.00597
      9.000    6.4940   0.012545   0.004128   0.006174   0.002045    0.7590     #

 Point added to stored polar  1
 Point written to save file  clarky_re150000_clean.polar                     
 Dump file unspecified or not available
 Calculating wake trajectory ...
 Calculating source influence matrix ...

 Solving BL system ...

 Side 1  free  transition at x/c =  0.7590   70
 Side 2 forced transition at x/c =  1.0000   80

   1   rms: 0.3882E-01   max: 0.2059E+00   T at   70  1
       a =  1.750      CL =  0.6028
      Cm = -0.0892     CD =  0.01275   =>   CDf =  0.00651    CDp =  0.00625

 Side 1  free  transition at x/c =  0.7427   70
 Side 2 forced transition at x/c =  1.0000   79

   2   rms: 0.2435E-01   max: -.2186E+00   D at   72  1
       a =  1.750      CL =  0.6156
      Cm = -0.0909     CD =  0.01243   =>   CDf =  0.00672    CDp =  0.00572

 Side 1  free  transition at x/c =  0.7532   71
 Side 2 forced transition at x/c =  1.0000   79

   3   rms: 0.2066E-01   max: 0.2070E+00   D at   72  1
       a =  1.750      CL =  0.6138
      Cm = -0.0909     CD =  0.01242   =>   CDf =  0.00656    CDp =  0.00586

 Side 1  free  transition at x/c =  0.7486   71
 Side 2 forced transition at x/c =  1.0000   79

   4   rms: 0.5735E-02   max: -.3304E-01   C at   79  2
       a =  1.750      CL =  0.6095
      Cm = -0.0902     CD =  0.01257   =>   CDf =  0.00662    CDp =  0.00595

 Side 1  free  transition at x/c =  0.7469   71
 Side 2 forced transition at x/c =  1.0000   79

   5   rms: 0.2473E-03   max: -.2297E-02   D at   71  1
       a =  1.750      CL =  0.6093
      Cm = -0.0901     CD =  0.01257   =>   CDf =  0.00665    CDp =  0.00592

 Side 1  free  transition at x/c =  0.7470   71
 Side 2 forced transition at x/c =  1.0000   79

   6   rms: 0.3402E-05   max: -.1530E-04   C at   79  2
       a =  1.750      CL =  0.6093
      Cm = -0.0901     CD =  0.01257   =>   CDf =  0.00665    CDp =  0.00592
      9.000    6.3695   0.012568   0.004153   0.006138   0.001985    0.7470     #

 Point added to stored polar  1
 Point written to save file  clarky_re150000_clean.polar                     
 Dump file unspecified or not available
 Calculating wake trajectory ...
 Calculating source influence matrix ...

 Solving BL system ...

 Side 1  free  transition at x/c =  0.7470   71
 Side 2 forced transition at x/c =  1.0000   79

   1   rms: 0.4557E-01   max: -.5566E-01   n at   78  2
       a =  2.000      CL =  0.6381
      Cm = -0.0898     CD =  0.01250   =>   CDf =  0.00665    CDp =  0.00585

 Side 1  free  transition at x/c =  0.7376   70
 Side 2 forced transition at x/c =  1.0000   79

   2   rms: 0.8313E-02   max: 0.7038E-01   D at   71  1
       a =  2.000      CL =  0.6324
      Cm = -0.0890     CD =  0.01266   =>   CDf =  0.00672    CDp =  0.00594

 Side 1  free  transition at x/c =  0.7336   70
 Side 2 forced transition at x/c =  1.0000   79

   3   rms: 0.1849E-02   max: -.1611E-01   D at   71  1
       a =  2.000      CL =  0.6335
      Cm = -0.0891     CD =  0.01263   =>   CDf =  0.00671    CDp =  0.00592

 Side 1  free  transition at x/c =  0.7343   70
 Side 2 forced transition at x/c =  1.0000   79

   4   rms: 0.1548E-04   max: -.1453E-03   D at   70  1
       a =  2.000      CL =  0.6335
      Cm = -0.0891     CD =  0.01263   =>   CDf =  0.00671    CDp =  0.00592
      9.000    6.2788   0.012630   0.004171   0.006099   0.001927    0.7343     #

 Point added to stored polar  1
 Point written to save file  clarky_re150000_clean.polar                     
 Dump file unspecified or not available
 Calculating wake trajectory ...
 Calculating source influence matrix ...

 Solving BL system ...

 Side 1  free  transition at x/c =  0.7343   70
 Side 2 forced transition at x/c =  1.0000   79

   1   rms: 0.4111E-01   max: -.5751E-01   C at   79  2
       a =  2.250      CL =  0.6580
      Cm = -0.0882     CD =  0.01266   =>   CDf =  0.00671    CDp =  0.00596

 Side 1  free  transition at x/c =  0.7212   69
 Side 2 forced transition at x/c =  1.0000   79

   2   rms: 0.8107E-02   max: -.7614E-01   D at   70  1
       a =  2.250      CL =  0.6606
      Cm = -0.0885     CD =  0.01262   =>   CDf =  0.00683    CDp =  0.00578

 Side 1  free  transition at x/c =  0.7230   69
 Side 2 forced transition at x/c =  1.0000   79

   3   rms: 0.5018E-03   max: 0.5377E-02   D at   70  1
       a =  2.250      CL =  0.6603
      Cm = -0.0885     CD =  0.01263   =>   CDf =  0.00681    CDp =  0.00582

 Side 1  free  transition at x/c =  0.7228   69
 Side 2 forced transition at x/c =  1.0000   79

   4   rms: 0.2753E-05   max: 0.3449E-04   C at   79  2
       a =  2.250      CL =  0.6603
      Cm = -0.0885     CD =  0.01263   =>   CDf =  0.00681    CDp =  0.00582
      9.000    6.0792   0.012628   0.004202   0.005987   0.001785    0.7228     #

 Point added to stored polar  1
 Point written to save file  clarky_re150000_clean.polar                     
 Dump file unspecified or not available
 Calculating wake trajectory ...
 Calculating source influence matrix ...

 Solving BL system ...

 Side 1  free  transition at x/c =  0.7228   69
 Side 2 forced transition at x/c =  1.0000   79

   1   rms: 0.3925E-01   max: 0.2331E+00   T at   69  1
       a =  2.500      CL =  0.6772
      Cm = -0.0865     CD =  0.01287   =>   CDf =  0.00682    CDp =  0.00605

 Side 1  free  transition at x/c =  0.7038   68
 Side 2 forced transition at x/c =  1.0000   79

   2   rms: 0.2254E-01   max: -.2339E+00   D at   70  1
       a =  2.500      CL =  0.6889
      Cm = -0.0881     CD =  0.01262   =>   CDf =  0.00685    CDp =  0.00577

 Side 1  free  transition at x/c =  0.7137   70
 Side 2 forced transition at x/c =  1.0000   78

   3   rms: 0.1591E-01   max: 0.1540E+00   D at   70  1
       a =  2.500      CL =  0.6863
      Cm = -0.0878     CD =  0.01262   =>   CDf =  0.00676    CDp =  0.00585

 Side 1  free  transition at x/c =  0.7097   70
 Side 2 forced transition at x/c =  1.0000   78

   4   rms: 0.3214E-02   max: -.2173E-01   D at   74  1
       a =  2.500      CL =  0.6845
      Cm = -0.0875     CD =  0.01269   =>   CDf =  0.00683    CDp =  0.00586

 Side 1  free  transition at x/c =  0.7088   70
 Side 2 forced transition at x/c =  1.0000   78

   5   rms: 0.8006E-04   max: -.6854E-03   D at   70  1
       a =  2.500      CL =  0.6844
      Cm = -0.0875     CD =  0.01269   =>   CDf =  0.00685    CDp =  0.00584
      9.000    5.9580   0.012692   0.004220   0.005954   0.001734    0.7088     #

 Point added to stored polar  1
 Point written to save file  clarky_re150000_clean.polar                     
 Dump file unspecified or not available
 Calculating wake trajectory ...
 Calculating source influence matrix ...

 Solving BL system ...

 Side 1  free  transition at x/c =  0.7088   70
 Side 2 forced transition at x/c =  1.0000   78

   1   rms: 0.4468E-01   max: -.2784E-01   C at   82  2
       a =  2.750      CL =  0.7126
      Cm = -0.0871     CD =  0.01268   =>   CDf =  0.00686    CDp =  0.00582

 Side 1  free  transition at x/c =  0.6985   69
 Side 2 forced transition at x/c =  1.0000   78

   2   rms: 0.8257E-02   max: 0.8988E-01   D at   70  1
       a =  2.750      CL =  0.7077
      Cm = -0.0864     CD =  0.01282   =>   CDf =  0.00690    CDp =  0.00591

 Side 1  free  transition at x/c =  0.6938   69
 Side 2 forced transition at x/c =  1.0000   78

   3   rms: 0.2174E-02   max: -.1950E-01   D at   70  1
       a =  2.750      CL =  0.7087
      Cm = -0.0865     CD =  0.01278   =>   CDf =  0.00691    CDp =  0.00587

 Side 1  free  transition at x/c =  0.6946   69
 Side 2 forced transition at x/c =  1.0000   78

   4   rms: 0.2537E-04   max: -.2719E-03   D at   72  1
       a =  2.750      CL =  0.7087
      Cm = -0.0865     CD =  0.01278   =>   CDf =  0.00690    CDp =  0.00589
      9.000    5.8587   0.012782   0.004236   0.005921   0.001685    0.6946     #

 Point added to stored polar  1
 Point written to save file  clarky_re150000_clean.polar                     
 Dump file unspecified or not available
 Calculating wake trajectory ...
 Calculating source influence matrix ...

 Solving BL system ...

 Side 1  free  transition at x/c =  0.6946   69
 Side 2 forced transition at x/c =  1.0000   78

   1   rms: 0.4168E-01   max: -.4997E-01   C at   78  2
       a =  3.000      CL =  0.7340
      Cm = -0.0857     CD =  0.01283   =>   CDf =  0.00690    CDp =  0.00593

 Side 1  free  transition at x/c =  0.6810   68
 Side 2 forced transition at x/c =  1.0000   78

   2   rms: 0.5611E-02   max: -.7097E-01   D at   68  1
       a =  3.000      CL =  0.7340
      Cm = -0.0857     CD =  0.01285   =>   CDf =  0.00700    CDp =  0.00584

 Side 1  free  transition at x/c =  0.6807   68
 Side 2 forced transition at x/c =  1.0000   78

   3   rms: 0.1891E-03   max: 0.1900E-02   D at   69  1
       a =  3.000      CL =  0.7339
      Cm = -0.0857     CD =  0.01285   =>   CDf =  0.00696    CDp =  0.00589

 Side 1  free  transition at x/c =  0.6806   68
 Side 2 forced transition at x/c =  1.0000   78

   4   rms: 0.1062E-05   max: 0.6004E-05   D at   85  1
       a =  3.000      CL =  0.7339
      Cm = -0.0857     CD =  0.01285   =>   CDf =  0.00697    CDp =  0.00589
      9.000    5.7094   0.012854   0.004253   0.005849   0.001596    0.6806     #

 Point added to stored polar  1
 Point written to save file  clarky_re150000_clean.polar                     
 Dump file unspecified or not available
 Calculating wake trajectory ...
 Calculating source influence matrix ...

 Solving BL system ...

 Side 1  free  transition at x/c =  0.6806   68
 Side 2 forced transition at x/c =  1.0000   78

   1   rms: 0.3949E-01   max: 0.1978E+00   T at   68  1
       a =  3.250      CL =  0.7558
      Cm = -0.0844     CD =  0.01299   =>   CDf =  0.00697    CDp =  0.00602

 Side 1  free  transition at x/c =  0.6626   67
 Side 2 forced transition at x/c =  1.0000   78

   2   rms: 0.1214E-01   max: -.1162E+00   D at   68  1
       a =  3.250      CL =  0.7599
      Cm = -0.0849     CD =  0.01290   =>   CDf =  0.00711    CDp =  0.00579

 Side 1  free  transition at x/c =  0.6662   67
 Side 2 forced transition at x/c =  1.0000   78

   3   rms: 0.8285E-03   max: 0.9292E-02   D at   68  1
       a =  3.250      CL =  0.7595
      Cm = -0.0849     CD =  0.01292   =>   CDf =  0.00706    CDp =  0.00586

 Side 1  free  transition at x/c =  0.6657   67
 Side 2 forced transition at x/c =  1.0000   78

   4   rms: 0.1133E-04   max: -.1298E-03   D at   68  1
       a =  3.250      CL =  0.7595
      Cm = -0.0849     CD =  0.01292   =>   CDf =  0.00706    CDp =  0.00586
      9.000    5.5288   0.012921   0.004270   0.005748   0.001477    0.6657     #

 Point added to stored polar  1
 Point written to save file  clarky_re150000_clean.polar                     
 Dump file unspecified or not available
 Calculating wake trajectory ...
 Calculating source influence matrix ...

 Solving BL system ...

 Side 1  free  transition at x/c =  0.6657   67
 Side 2 forced transition at x/c =  1.0000   78

   1   rms: 0.3995E-01   max: 0.2384E+00   T at   67  1
       a =  3.500      CL =  0.7774
      Cm = -0.0830     CD =  0.01313   =>   CDf =  0.00693    CDp =  0.00620

 Side 1  free  transition at x/c =  0.6432   67
 Side 2 forced transition at x/c =  1.0000   77

   2   rms: 0.1844E-01   max: -.1611E+00   D at   68  1
       a =  3.500      CL =  0.7848
      Cm = -0.0840     CD =  0.01298   =>   CDf =  0.00720    CDp =  0.00578

 Side 1  free  transition at x/c =  0.6498   68
 Side 2 forced transition at x/c =  1.0000   77

   3   rms: 0.2090E-02   max: -.2850E-01   D at   67  1
       a =  3.500      CL =  0.7841
      Cm = -0.0839     CD =  0.01301   =>   CDf =  0.00713    CDp =  0.00588

 Side 1  free  transition at x/c =  0.6489   68
 Side 2 forced transition at x/c =  1.0000   77

   4   rms: 0.1581E-03   max: 0.1603E-02   D at   68  1
       a =  3.500      CL =  0.7840
      Cm = -0.0839     CD =  0.01301   =>   CDf =  0.00712    CDp =  0.00589

 Side 1  free  transition at x/c =  0.6488   68
 Side 2 forced transition at x/c =  1.0000   77

   5   rms: 0.9109E-06   max: -.6979E-05   C at   77  2
       a =  3.500      CL =  0.7840
      Cm = -0.0839     CD =  0.01301   =>   CDf =  0.00712    CDp =  0.00589
      9.000    5.3681   0.013010   0.004279   0.005649   0.001370    0.6488     #

 Point added to stored polar  1
 Point written to save file  clarky_re150000_clean.polar                     
 Dump file unspecified or not available
 Calculating wake trajectory ...
 Calculating source influence matrix ...

 Solving BL system ...

 Side 1  free  transition at x/c =  0.6488   68
 Side 2 forced transition at x/c =  1.0000   77

   1   rms: 0.4867E-01   max: -.3150E-01   C at   81  2
       a =  3.750      CL =  0.8136
      Cm = -0.0837     CD =  0.01309   =>   CDf =  0.00713    CDp =  0.00596

 Side 1  free  transition at x/c =  0.6359   67
 Side 2 forced transition at x/c =  1.0000   77

   2   rms: 0.1209E-01   max: -.1066E+00   D at   67  1
       a =  3.750      CL =  0.8066
      Cm = -0.0827     CD =  0.01315   =>   CDf =  0.00709    CDp =  0.00605

 Side 1  free  transition at x/c =  0.6289   66
 Side 2 forced transition at x/c =  1.0000   77

   3   rms: 0.4931E-02   max: -.5626E-01   D at   67  1
       a =  3.750      CL =  0.8088
      Cm = -0.0830     CD =  0.01312   =>   CDf =  0.00723    CDp =  0.00589

 Side 1  free  transition at x/c =  0.6313   67
 Side 2 forced transition at x/c =  1.0000   77

   4   rms: 0.1987E-02   max: -.2944E-01   D at   66  1
       a =  3.750      CL =  0.8079
      Cm = -0.0829     CD =  0.01313   =>   CDf =  0.00719    CDp =  0.00594

 Side 1  free  transition at x/c =  0.6305   67
 Side 2 forced transition at x/c =  1.0000   77

   5   rms: 0.1567E-03   max: 0.1591E-02   D at   67  1
       a =  3.750      CL =  0.8079
      Cm = -0.0829     CD =  0.01313   =>   CDf =  0.00718    CDp =  0.00594

 Side 1  free  transition at x/c =  0.6304   67
 Side 2 forced transition at x/c =  1.0000   77

   6   rms: 0.9770E-06   max: -.7149E-05   C at   77  2
       a =  3.750      CL =  0.8079
      Cm = -0.0829     CD =  0.01313   =>   CDf =  0.00719    CDp =  0.00594
      9.000    5.2440   0.013129   0.004272   0.005563   0.001291    0.6304     #

 Point added to stored polar  1
 Point written to save file  clarky_re150000_clean.polar                     
 Dump file unspecified or not available
 Calculating wake trajectory ...
 Calculating source influence matrix ...

 Solving BL system ...

 Side 1  free  transition at x/c =  0.6304   67
 Side 2 forced transition at x/c =  1.0000   77

   1   rms: 0.4828E-01   max: -.2132E+00   D at   69  1
       a =  4.000      CL =  0.8365
      Cm = -0.0825     CD =  0.01325   =>   CDf =  0.00719    CDp =  0.00606

 Side 1  free  transition at x/c =  0.6167   66
 Side 2 forced transition at x/c =  1.0000   77

   2   rms: 0.1163E-01   max: -.1124E+00   D at   66  1
       a =  4.000      CL =  0.8306
      Cm = -0.0817     CD =  0.01329   =>   CDf =  0.00717    CDp =  0.00612

 Side 1  free  transition at x/c =  0.6097   65
 Side 2 forced transition at x/c =  1.0000   77

   3   rms: 0.4166E-02   max: -.4617E-01   D at   66  1
       a =  4.000      CL =  0.8324
      Cm = -0.0819     CD =  0.01328   =>   CDf =  0.00730    CDp =  0.00597

 Side 1  free  transition at x/c =  0.6118   66
 Side 2 forced transition at x/c =  1.0000   77

   4   rms: 0.2035E-02   max: -.3396E-01   D at   65  1
       a =  4.000      CL =  0.8318
      Cm = -0.0818     CD =  0.01328   =>   CDf =  0.00729    CDp =  0.00599

 Side 1  free  transition at x/c =  0.6113   66
 Side 2 forced transition at x/c =  1.0000   77

   5   rms: 0.1576E-03   max: 0.1487E-02   C at   66  1
       a =  4.000      CL =  0.8318
      Cm = -0.0819     CD =  0.01328   =>   CDf =  0.00726    CDp =  0.00602

 Side 1  free  transition at x/c =  0.6112   66
 Side 2 forced transition at x/c =  1.0000   77

   6   rms: 0.8068E-06   max: -.6260E-05   C at   77  2
       a =  4.000      CL =  0.8318
      Cm = -0.0819     CD =  0.01328   =>   CDf =  0.00726    CDp =  0.00602
      9.000    5.1520   0.013280   0.004244   0.005484   0.001240    0.6112     #

 Point added to stored polar  1
 Point written to save file  clarky_re150000_clean.polar                     
 Dump file unspecified or not available
 Calculating wake trajectory ...
 Calculating source influence matrix ...

 Solving BL system ...

 Side 1  free  transition at x/c =  0.6112   66
 Side 2 forced transition at x/c =  1.0000   77

   1   rms: 0.4867E-01   max: -.2254E+00   D at   68  1
       a =  4.250      CL =  0.8600
      Cm = -0.0815     CD =  0.01345   =>   CDf =  0.00711    CDp =  0.00633

 Side 1  free  transition at x/c =  0.5955   66
 Side 2 forced transition at x/c =  1.0000   76

   2   rms: 0.1295E-01   max: -.1513E+00   D at   66  1
       a =  4.250      CL =  0.8546
      Cm = -0.0807     CD =  0.01345   =>   CDf =  0.00725    CDp =  0.00621

 Side 1  free  transition at x/c =  0.5899   65
 Side 2 forced transition at x/c =  1.0000   76

   3   rms: 0.2462E-02   max: -.2406E-01   C at   65  1
       a =  4.250      CL =  0.8554
      Cm = -0.0808     CD =  0.01347   =>   CDf =  0.00737    CDp =  0.00610

 Side 1  free  transition at x/c =  0.5907   65
 Side 2 forced transition at x/c =  1.0000   76

   4   rms: 0.5497E-04   max: 0.5687E-03   D at   66  1
       a =  4.250      CL =  0.8554
      Cm = -0.0808     CD =  0.01347   =>   CDf =  0.00734    CDp =  0.00612
      9.000    5.0886   0.013468   0.004160   0.005412   0.001252    0.5907     #

 Point added to stored polar  1
 Point written to save file  clarky_re150000_clean.polar                     
 Dump file unspecified or not available
 Calculating wake trajectory ...
 Calculating source influence matrix ...

 Solving BL system ...

 Side 1  free  transition at x/c =  0.5906   65
 Side 2 forced transition at x/c =  1.0000   76

   1   rms: 0.4185E-01   max: 0.2632E+00   T at   65  1
       a =  4.500      CL =  0.8736
      Cm = -0.0790     CD =  0.01371   =>   CDf =  0.00735    CDp =  0.00637

 Side 1  free  transition at x/c =  0.5624   64
 Side 2 forced transition at x/c =  1.0000   76

   2   rms: 0.1855E-01   max: -.1668E+00   D at   64  1
       a =  4.500      CL =  0.8787
      Cm = -0.0797     CD =  0.01364   =>   CDf =  0.00757    CDp =  0.00607

 Side 1  free  transition at x/c =  0.5700   64
 Side 2 forced transition at x/c =  1.0000   76

   3   rms: 0.2018E-02   max: -.1852E-01   D at   67  1
       a =  4.500      CL =  0.8782
      Cm = -0.0796     CD =  0.01370   =>   CDf =  0.00741    CDp =  0.00629

 Side 1  free  transition at x/c =  0.5682   64
 Side 2 forced transition at x/c =  1.0000   76

   4   rms: 0.1522E-03   max: -.1703E-02   D at   65  1
       a =  4.500      CL =  0.8782
      Cm = -0.0796     CD =  0.01370   =>   CDf =  0.00741    CDp =  0.00628

 Side 1  free  transition at x/c =  0.5683   64
 Side 2 forced transition at x/c =  1.0000   76

   5   rms: 0.1780E-05   max: -.8964E-05   D at   86  1
       a =  4.500      CL =  0.8782
      Cm = -0.0796     CD =  0.01370   =>   CDf =  0.00741    CDp =  0.00629
      9.000    5.0809   0.013698   0.003881   0.005364   0.001484    0.5683     #

 Point added to stored polar  1
 Point written to save file  clarky_re150000_clean.polar                     
 Dump file unspecified or not available
 Calculating wake trajectory ...
 Calculating source influence matrix ...

 Solving BL system ...

 Side 1  free  transition at x/c =  0.5683   64
 Side 2 forced transition at x/c =  1.0000   76

   1   rms: 0.4112E-01   max: 0.2394E+00   T at   64  1
       a =  4.750      CL =  0.8988
      Cm = -0.0782     CD =  0.01396   =>   CDf =  0.00742    CDp =  0.00654

 Side 1  free  transition at x/c =  0.5430   63
 Side 2 forced transition at x/c =  1.0000   76

   2   rms: 0.1433E-01   max: -.1569E+00   D at   63  1
       a =  4.750      CL =  0.9013
      Cm = -0.0785     CD =  0.01393   =>   CDf =  0.00763    CDp =  0.00630

 Side 1  free  transition at x/c =  0.5476   63
 Side 2 forced transition at x/c =  1.0000   76

   3   rms: 0.1963E-02   max: -.1697E-01   D at   66  1
       a =  4.750      CL =  0.9011
      Cm = -0.0786     CD =  0.01398   =>   CDf =  0.00749    CDp =  0.00649

 Side 1  free  transition at x/c =  0.5463   63
 Side 2 forced transition at x/c =  1.0000   76

   4   rms: 0.6944E-04   max: -.6842E-03   C at   63  1
       a =  4.750      CL =  0.9011
      Cm = -0.0786     CD =  0.01398   =>   CDf =  0.00750    CDp =  0.00647
      9.000    5.1284   0.013975   0.003802   0.005336   0.001534    0.5463     #

 Point added to stored polar  1
 Point written to save file  clarky_re150000_clean.polar                     
 Dump file unspecified or not available
 Calculating wake trajectory ...
 Calculating source influence matrix ...

 Solving BL system ...

 Side 1  free  transition at x/c =  0.5463   63
 Side 2 forced transition at x/c =  1.0000   76

   1   rms: 0.4180E-01   max: 0.2292E+00   T at   63  1
       a =  5.000      CL =  0.9231
      Cm = -0.0774     CD =  0.01427   =>   CDf =  0.00733    CDp =  0.00694

 Side 1  free  transition at x/c =  0.5238   63
 Side 2 forced transition at x/c =  1.0000   75

   2   rms: 0.1183E-01   max: -.1514E+00   D at   63  1
       a =  5.000      CL =  0.9242
      Cm = -0.0775     CD =  0.01427   =>   CDf =  0.00770    CDp =  0.00657

 Side 1  free  transition at x/c =  0.5263   63
 Side 2 forced transition at x/c =  1.0000   75

   3   rms: 0.1617E-02   max: 0.1495E-01   C at   63  1
       a =  5.000      CL =  0.9242
      Cm = -0.0775     CD =  0.01430   =>   CDf =  0.00758    CDp =  0.00672

 Side 1  free  transition at x/c =  0.5254   63
 Side 2 forced transition at x/c =  1.0000   75

   4   rms: 0.2709E-04   max: -.3092E-03   D at   63  1
       a =  5.000      CL =  0.9241
      Cm = -0.0775     CD =  0.01430   =>   CDf =  0.00759    CDp =  0.00671
      9.000    5.2060   0.014297   0.003788   0.005332   0.001543    0.5254     #

 Point added to stored polar  1
 Point written to save file  clarky_re150000_clean.polar                     
 Dump file unspecified or not available
 Calculating wake trajectory ...
 Calculating source influence matrix ...

 Solving BL system ...

 Side 1  free  transition at x/c =  0.5254   63
 Side 2 forced transition at x/c =  1.0000   75

   1   rms: 0.4245E-01   max: 0.2269E+00   T at   63  1
       a =  5.250      CL =  0.9466
      Cm = -0.0764     CD =  0.01462   =>   CDf =  0.00759    CDp =  0.00702

 Side 1  free  transition at x/c =  0.5054   62
 Side 2 forced transition at x/c =  1.0000   75

   2   rms: 0.9705E-02   max: -.1386E+00   D at   62  1
       a =  5.250      CL =  0.9471
      Cm = -0.0765     CD =  0.01463   =>   CDf =  0.00777    CDp =  0.00686

 Side 1  free  transition at x/c =  0.5064   62
 Side 2 forced transition at x/c =  1.0000   75

   3   rms: 0.9214E-03   max: 0.8864E-02   C at   62  1
       a =  5.250      CL =  0.9472
      Cm = -0.0765     CD =  0.01465   =>   CDf =  0.00768    CDp =  0.00697

 Side 1  free  transition at x/c =  0.5059   62
 Side 2 forced transition at x/c =  1.0000   75

   4   rms: 0.8569E-05   max: -.9851E-04   D at   62  1
       a =  5.250      CL =  0.9472
      Cm = -0.0765     CD =  0.01465   =>   CDf =  0.00769    CDp =  0.00696
      9.000    5.3031   0.014647   0.003796   0.005345   0.001550    0.5059     #

 Point added to stored polar  1
 Point written to save file  clarky_re150000_clean.polar                     
 Dump file unspecified or not available
 Calculating wake trajectory ...
 Calculating source influence matrix ...

 Solving BL system ...

 Side 1  free  transition at x/c =  0.5059   62
 Side 2 forced transition at x/c =  1.0000   75

   1   rms: 0.4223E-01   max: 0.2201E+00   T at   62  1
       a =  5.500      CL =  0.9699
      Cm = -0.0755     CD =  0.01499   =>   CDf =  0.00769    CDp =  0.00730

 Side 1  free  transition at x/c =  0.4874   61
 Side 2 forced transition at x/c =  1.0000   75

   2   rms: 0.9299E-02   max: -.1312E+00   D at   61  1
       a =  5.500      CL =  0.9701
      Cm = -0.0756     CD =  0.01500   =>   CDf =  0.00786    CDp =  0.00715

 Side 1  free  transition at x/c =  0.4883   61
 Side 2 forced transition at x/c =  1.0000   75

   3   rms: 0.8215E-03   max: 0.7486E-02   C at   61  1
       a =  5.500      CL =  0.9702
      Cm = -0.0756     CD =  0.01502   =>   CDf =  0.00776    CDp =  0.00725

 Side 1  free  transition at x/c =  0.4878   61
 Side 2 forced transition at x/c =  1.0000   75

   4   rms: 0.7322E-05   max: -.7641E-04   D at   61  1
       a =  5.500      CL =  0.9702
      Cm = -0.0756     CD =  0.01502   =>   CDf =  0.00777    CDp =  0.00724
      9.000    5.4169   0.015016   0.003812   0.005374   0.001562    0.4878     #

 Point added to stored polar  1
 Point written to save file  clarky_re150000_clean.polar                     
 Dump file unspecified or not available
 Calculating wake trajectory ...
 Calculating source influence matrix ...

 Solving BL system ...

 Side 1  free  transition at x/c =  0.4878   61
 Side 2 forced transition at x/c =  1.0000   75

   1   rms: 0.4161E-01   max: 0.2198E+00   T at   61  1
       a =  5.750      CL =  0.9926
      Cm = -0.0745     CD =  0.01536   =>   CDf =  0.00777    CDp =  0.00758

 Side 1  free  transition at x/c =  0.4689   60
 Side 2 forced transition at x/c =  1.0000   75

   2   rms: 0.1079E-01   max: -.1371E+00   D at   60  1
       a =  5.750      CL =  0.9928
      Cm = -0.0746     CD =  0.01536   =>   CDf =  0.00795    CDp =  0.00741

 Side 1  free  transition at x/c =  0.4710   60
 Side 2 forced transition at x/c =  1.0000   75

   3   rms: 0.1123E-02   max: 0.9681E-02   C at   60  1
       a =  5.750      CL =  0.9929
      Cm = -0.0746     CD =  0.01538   =>   CDf =  0.00784    CDp =  0.00754

 Side 1  free  transition at x/c =  0.4704   60
 Side 2 forced transition at x/c =  1.0000   75

   4   rms: 0.1311E-04   max: -.1328E-03   D at   60  1
       a =  5.750      CL =  0.9929
      Cm = -0.0746     CD =  0.01538   =>   CDf =  0.00785    CDp =  0.00753
      9.000    5.5148   0.015382   0.003837   0.005390   0.001553    0.4704     #

 Point added to stored polar  1
 Point written to save file  clarky_re150000_clean.polar                     
 Dump file unspecified or not available
 Calculating wake trajectory ...
 Calculating source influence matrix ...

 Solving BL system ...

 Side 1  free  transition at x/c =  0.4704   60
 Side 2 forced transition at x/c =  1.0000   75

   1   rms: 0.4110E-01   max: 0.2224E+00   T at   60  1
       a =  6.000      CL =  1.0146
      Cm = -0.0735     CD =  0.01571   =>   CDf =  0.00764    CDp =  0.00806

 Side 1  free  transition at x/c =  0.4512   60
 Side 2 forced transition at x/c =  1.0000   74

   2   rms: 0.1162E-01   max: -.1306E+00   D at   60  1
       a =  6.000      CL =  1.0150
      Cm = -0.0735     CD =  0.01572   =>   CDf =  0.00802    CDp =  0.00770

 Side 1  free  transition at x/c =  0.4538   60
 Side 2 forced transition at x/c =  1.0000   74

   3   rms: 0.1278E-02   max: 0.9711E-02   D at   61  1
       a =  6.000      CL =  1.0152
      Cm = -0.0736     CD =  0.01574   =>   CDf =  0.00791    CDp =  0.00784

 Side 1  free  transition at x/c =  0.4532   60
 Side 2 forced transition at x/c =  1.0000   74

   4   rms: 0.1328E-04   max: -.1209E-03   D at   60  1
       a =  6.000      CL =  1.0152
      Cm = -0.0736     CD =  0.01574   =>   CDf =  0.00791    CDp =  0.00783
      9.000    5.6004   0.015743   0.003870   0.005389   0.001518    0.4532     #

 Point added to stored polar  1
 Point written to save file  clarky_re150000_clean.polar                     
 Dump file unspecified or not available
 Calculating wake trajectory ...
 Calculating source influence matrix ...

 Solving BL system ...

 Side 1  free  transition at x/c =  0.4532   60
 Side 2 forced transition at x/c =  1.0000   74

   1   rms: 0.4047E-01   max: 0.2160E+00   T at   60  1
       a =  6.250      CL =  1.0365
      Cm = -0.0724     CD =  0.01606   =>   CDf =  0.00792    CDp =  0.00814

 Side 1  free  transition at x/c =  0.4353   59
 Side 2 forced transition at x/c =  1.0000   74

   2   rms: 0.1005E-01   max: -.9548E-01   D at   59  1
       a =  6.250      CL =  1.0374
      Cm = -0.0725     CD =  0.01611   =>   CDf =  0.00808    CDp =  0.00803

 Side 1  free  transition at x/c =  0.4377   59
 Side 2 forced transition at x/c =  1.0000   74

   3   rms: 0.6425E-03   max: 0.7190E-02   D at   60  1
       a =  6.250      CL =  1.0375
      Cm = -0.0726     CD =  0.01612   =>   CDf =  0.00799    CDp =  0.00813

 Side 1  free  transition at x/c =  0.4373   59
 Side 2 forced transition at x/c =  1.0000   74

   4   rms: 0.6679E-05   max: -.5441E-04   D at   60  1
       a =  6.250      CL =  1.0375
      Cm = -0.0726     CD =  0.01612   =>   CDf =  0.00799    CDp =  0.00813
      9.000    5.6833   0.016124   0.003905   0.005395   0.001489    0.4373     #

 Point added to stored polar  1
 Point written to save file  clarky_re150000_clean.polar                     
 Dump file unspecified or not available
 Calculating wake trajectory ...
 Calculating source influence matrix ...

 Solving BL system ...

 Side 1  free  transition at x/c =  0.4373   59
 Side 2 forced transition at x/c =  1.0000   74

   1   rms: 0.3966E-01   max: 0.1975E+00   T at   59  1
       a =  6.500      CL =  1.0590
      Cm = -0.0715     CD =  0.01644   =>   CDf =  0.00800    CDp =  0.00844

 Side 1  free  transition at x/c =  0.4214   58
 Side 2 forced transition at x/c =  1.0000   74

   2   rms: 0.9290E-02   max: -.1369E+00   D at   59  1
       a =  6.500      CL =  1.0608
      Cm = -0.0718     CD =  0.01657   =>   CDf =  0.00815    CDp =  0.00842

 Side 1  free  transition at x/c =  0.4240   59
 Side 2 forced transition at x/c =  1.0000   74

   3   rms: 0.3559E-02   max: -.6146E-01   D at   58  1
       a =  6.500      CL =  1.0602
      Cm = -0.0717     CD =  0.01652   =>   CDf =  0.00809    CDp =  0.00842

 Side 1  free  transition at x/c =  0.4236   59
 Side 2 forced transition at x/c =  1.0000   74

   4   rms: 0.4343E-03   max: 0.4519E-02   D at   59  1
       a =  6.500      CL =  1.0603
      Cm = -0.0717     CD =  0.01652   =>   CDf =  0.00803    CDp =  0.00849

 Side 1  free  transition at x/c =  0.4235   59
 Side 2 forced transition at x/c =  1.0000   74

   5   rms: 0.3911E-05   max: -.2542E-04   C at   74  2
       a =  6.500      CL =  1.0603
      Cm = -0.0717     CD =  0.01652   =>   CDf =  0.00804    CDp =  0.00848
      9.000    5.7921   0.016519   0.003941   0.005436   0.001495    0.4235     #

 Point added to stored polar  1
 Point written to save file  clarky_re150000_clean.polar                     
 Dump file unspecified or not available
 Calculating wake trajectory ...
 Calculating source influence matrix ...

 Solving BL system ...

 Side 1  free  transition at x/c =  0.4235   59
 Side 2 forced transition at x/c =  1.0000   74

   1   rms: 0.4372E-01   max: 0.1938E+00   T at   59  1
       a =  6.750      CL =  1.0847
      Cm = -0.0711     CD =  0.01705   =>   CDf =  0.00781    CDp =  0.00924

 Side 1  free  transition at x/c =  0.4129   59
 Side 2 forced transition at x/c =  1.0000   73

   2   rms: 0.7408E-02   max: -.1018E+00   D at   59  1
       a =  6.750      CL =  1.0828
      Cm = -0.0708     CD =  0.01691   =>   CDf =  0.00801    CDp =  0.00890

 Side 1  free  transition at x/c =  0.4106   59
 Side 2 forced transition at x/c =  1.0000   73

   3   rms: 0.1041E-02   max: -.8470E-02   D at   59  1
       a =  6.750      CL =  1.0830
      Cm = -0.0708     CD =  0.01691   =>   CDf =  0.00800    CDp =  0.00892

 Side 1  free  transition at x/c =  0.4108   59
 Side 2 forced transition at x/c =  1.0000   73

   4   rms: 0.1195E-04   max: 0.7696E-04   C at   73  2
       a =  6.750      CL =  1.0830
      Cm = -0.0708     CD =  0.01691   =>   CDf =  0.00799    CDp =  0.00892
      9.000    5.9589   0.016913   0.003977   0.005501   0.001524    0.4108     #

 Point added to stored polar  1
 Point written to save file  clarky_re150000_clean.polar                     
 Dump file unspecified or not available
 Calculating wake trajectory ...
 Calculating source influence matrix ...

 Solving BL system ...

 Side 1  free  transition at x/c =  0.4108   59
 Side 2 forced transition at x/c =  1.0000   73

   1   rms: 0.4050E-01   max: 0.1852E+00   T at   59  1
       a =  7.000      CL =  1.1057
      Cm = -0.0699     CD =  0.01732   =>   CDf =  0.00799    CDp =  0.00933

 Side 1  free  transition at x/c =  0.3992   58
 Side 2 forced transition at x/c =  1.0000   73

   2   rms: 0.5396E-02   max: -.6452E-01   D at   58  1
       a =  7.000      CL =  1.1060
      Cm = -0.0700     CD =  0.01736   =>   CDf =  0.00809    CDp =  0.00927

 Side 1  free  transition at x/c =  0.3994   58
 Side 2 forced transition at x/c =  1.0000   73

   3   rms: 0.2371E-03   max: 0.2395E-02   D at   59  1
       a =  7.000      CL =  1.1061
      Cm = -0.0700     CD =  0.01737   =>   CDf =  0.00803    CDp =  0.00934

 Side 1  free  transition at x/c =  0.3993   58
 Side 2 forced transition at x/c =  1.0000   73

   4   rms: 0.3946E-05   max: -.1946E-04   C at   73  2
       a =  7.000      CL =  1.1061
      Cm = -0.0700     CD =  0.01737   =>   CDf =  0.00803    CDp =  0.00933
      9.000    6.0584   0.017367   0.004020   0.005588   0.001568    0.3993     #

 Point added to stored polar  1
 Point written to save file  clarky_re150000_clean.polar                     
 Dump file unspecified or not available
 Calculating wake trajectory ...
 Calculating source influence matrix ...

 Solving BL system ...

 Side 1  free  transition at x/c =  0.3993   58
 Side 2 forced transition at x/c =  1.0000   73

   1   rms: 0.3903E-01   max: 0.1726E+00   T at   58  1
       a =  7.250      CL =  1.1281
      Cm = -0.0691     CD =  0.01774   =>   CDf =  0.00804    CDp =  0.00970

 Side 1  free  transition at x/c =  0.3857   58
 Side 2 forced transition at x/c =  1.0000   73

   2   rms: 0.1081E-01   max: -.1324E+00   D at   58  1
       a =  7.250      CL =  1.1283
      Cm = -0.0691     CD =  0.01777   =>   CDf =  0.00813    CDp =  0.00963

 Side 1  free  transition at x/c =  0.3877   58
 Side 2 forced transition at x/c =  1.0000   73

   3   rms: 0.6650E-03   max: -.7131E-02   D at   60  1
       a =  7.250      CL =  1.1287
      Cm = -0.0692     CD =  0.01779   =>   CDf =  0.00802    CDp =  0.00977

 Side 1  free  transition at x/c =  0.3875   58
 Side 2 forced transition at x/c =  1.0000   73

   4   rms: 0.4385E-05   max: -.6728E-04   D at   60  1
       a =  7.250      CL =  1.1287
      Cm = -0.0692     CD =  0.01779   =>   CDf =  0.00803    CDp =  0.00976
      9.000    6.1240   0.017792   0.004058   0.005649   0.001591    0.3875     #

 Point added to stored polar  1
 Point written to save file  clarky_re150000_clean.polar                     
 Dump file unspecified or not available
 Calculating wake trajectory ...
 Calculating source influence matrix ...

 Solving BL system ...

 Side 1  free  transition at x/c =  0.3875   58
 Side 2 forced transition at x/c =  1.0000   73

   1   rms: 0.4289E-01   max: 0.1998E+00   T at   58  1
       a =  7.500      CL =  1.1524
      Cm = -0.0685     CD =  0.01835   =>   CDf =  0.00778    CDp =  0.01056

 Side 1  free  transition at x/c =  0.3775   58
 Side 2 forced transition at x/c =  1.0000   72

   2   rms: 0.6963E-02   max: -.9314E-01   D at   58  1
       a =  7.500      CL =  1.1507
      Cm = -0.0682     CD =  0.01824   =>   CDf =  0.00801    CDp =  0.01023

 Side 1  free  transition at x/c =  0.3758   58
 Side 2 forced transition at x/c =  1.0000   72

   3   rms: 0.7884E-03   max: -.8502E-02   D at    4  1
       a =  7.500      CL =  1.1509
      Cm = -0.0683     CD =  0.01824   =>   CDf =  0.00798    CDp =  0.01026

 Side 1  free  transition at x/c =  0.3759   58
 Side 2 forced transition at x/c =  1.0000   72

   4   rms: 0.7478E-05   max: 0.3371E-04   C at   72  2
       a =  7.500      CL =  1.1509
      Cm = -0.0683     CD =  0.01824   =>   CDf =  0.00797    CDp =  0.01027
      9.000    6.2230   0.018240   0.004097   0.005733   0.001636    0.3759     #

 Point added to stored polar  1
 Point written to save file  clarky_re150000_clean.polar                     
 Dump file unspecified or not available
 Calculating wake trajectory ...
 Calculating source influence matrix ...

 Solving BL system ...

 Side 1  free  transition at x/c =  0.3759   58
 Side 2 forced transition at x/c =  1.0000   72

   1   rms: 0.3961E-01   max: 0.1916E+00   T at   58  1
       a =  7.750      CL =  1.1726
      Cm = -0.0673     CD =  0.01866   =>   CDf =  0.00798    CDp =  0.01068

 Side 1  free  transition at x/c =  0.3640   57
 Side 2 forced transition at x/c =  1.0000   72

   2   rms: 0.7784E-02   max: -.8079E-01   D at   58  1
       a =  7.750      CL =  1.1736
      Cm = -0.0675     CD =  0.01876   =>   CDf =  0.00809    CDp =  0.01066

 Side 1  free  transition at x/c =  0.3648   57
 Side 2 forced transition at x/c =  1.0000   72

   3   rms: 0.2473E-03   max: 0.3340E-02   D at   58  1
       a =  7.750      CL =  1.1736
      Cm = -0.0675     CD =  0.01876   =>   CDf =  0.00804    CDp =  0.01072

 Side 1  free  transition at x/c =  0.3648   57
 Side 2 forced transition at x/c =  1.0000   72

   4   rms: 0.5777E-05   max: -.2817E-04   C at   72  2
       a =  7.750      CL =  1.1736
      Cm = -0.0675     CD =  0.01876   =>   CDf =  0.00804    CDp =  0.01072
      9.000    6.2009   0.018762   0.004145   0.005809   0.001664    0.3648     #

 Point added to stored polar  1
 Point written to save file  clarky_re150000_clean.polar                     
 Dump file unspecified or not available
 Calculating wake trajectory ...
 Calculating source influence matrix ...

 Solving BL system ...

 Side 1  free  transition at x/c =  0.3648   57
 Side 2 forced transition at x/c =  1.0000   72

   1   rms: 0.3859E-01   max: 0.2000E+00   T at   57  1
       a =  8.000      CL =  1.1932
      Cm = -0.0661     CD =  0.01911   =>   CDf =  0.00805    CDp =  0.01106

 Side 1  free  transition at x/c =  0.3508   57
 Side 2 forced transition at x/c =  1.0000   72

   2   rms: 0.1114E-01   max: -.1205E+00   D at   57  1
       a =  8.000      CL =  1.1940
      Cm = -0.0663     CD =  0.01915   =>   CDf =  0.00804    CDp =  0.01111

 Side 1  free  transition at x/c =  0.3528   57
 Side 2 forced transition at x/c =  1.0000   72

   3   rms: 0.6271E-03   max: -.7528E-02   D at   59  1
       a =  8.000      CL =  1.1943
      Cm = -0.0663     CD =  0.01917   =>   CDf =  0.00793    CDp =  0.01125

 Side 1  free  transition at x/c =  0.3526   57
 Side 2 forced transition at x/c =  1.0000   72

   4   rms: 0.4447E-05   max: -.5560E-04   D at   59  1
       a =  8.000      CL =  1.1943
      Cm = -0.0663     CD =  0.01917   =>   CDf =  0.00793    CDp =  0.01124
      9.000    6.2222   0.019174   0.004184   0.005841   0.001657    0.3526     #

 Point added to stored polar  1
 Point written to save file  clarky_re150000_clean.polar                     
 Dump file unspecified or not available
 Calculating wake trajectory ...
 Calculating source influence matrix ...

 Solving BL system ...

 Side 1  free  transition at x/c =  0.3526   57
 Side 2 forced transition at x/c =  1.0000   72

   1   rms: 0.4159E-01   max: 0.2234E+00   T at   57  1
       a =  8.250      CL =  1.2159
      Cm = -0.0654     CD =  0.01969   =>   CDf =  0.00767    CDp =  0.01202

 Side 1  free  transition at x/c =  0.3419   57
 Side 2 forced transition at x/c =  1.0000   71

   2   rms: 0.6799E-02   max: -.8631E-01   D at   57  1
       a =  8.250      CL =  1.2151
      Cm = -0.0652     CD =  0.01968   =>   CDf =  0.00796    CDp =  0.01173

 Side 1  free  transition at x/c =  0.3407   57
 Side 2 forced transition at x/c =  1.0000   71

   3   rms: 0.9892E-03   max: -.1229E-01   D at    4  1
       a =  8.250      CL =  1.2153
      Cm = -0.0653     CD =  0.01968   =>   CDf =  0.00790    CDp =  0.01179

 Side 1  free  transition at x/c =  0.3406   57
 Side 2 forced transition at x/c =  1.0000   71

   4   rms: 0.2006E-05   max: 0.1484E-04   D at    6  1
       a =  8.250      CL =  1.2153
      Cm = -0.0653     CD =  0.01968   =>   CDf =  0.00790    CDp =  0.01179
      9.000    6.1921   0.019684   0.004220   0.005927   0.001707    0.3406     #

 Point added to stored polar  1
 Point written to save file  clarky_re150000_clean.polar                     
 Dump file unspecified or not available
 Calculating wake trajectory ...
 Calculating source influence matrix ...

 Solving BL system ...

 Side 1  free  transition at x/c =  0.3406   57
 Side 2 forced transition at x/c =  1.0000   71

   1   rms: 0.3884E-01   max: 0.2094E+00   T at   57  1
       a =  8.500      CL =  1.2349
      Cm = -0.0640     CD =  0.02011   =>   CDf =  0.00790    CDp =  0.01221

 Side 1  free  transition at x/c =  0.3269   56
 Side 2 forced transition at x/c =  1.0000   71

   2   rms: 0.1271E-01   max: -.1502E+00   D at   57  1
       a =  8.500      CL =  1.2360
      Cm = -0.0642     CD =  0.02023   =>   CDf =  0.00801    CDp =  0.01222

 Side 1  free  transition at x/c =  0.3283   56
 Side 2 forced transition at x/c =  1.0000   71

   3   rms: 0.7087E-03   max: 0.9827E-02   D at   57  1
       a =  8.500      CL =  1.2361
      Cm = -0.0642     CD =  0.02024   =>   CDf =  0.00796    CDp =  0.01228

 Side 1  free  transition at x/c =  0.3281   56
 Side 2 forced transition at x/c =  1.0000   71

   4   rms: 0.1563E-04   max: -.8627E-04   C at   71  2
       a =  8.500      CL =  1.2361
      Cm = -0.0642     CD =  0.02024   =>   CDf =  0.00795    CDp =  0.01229
      9.000    5.9998   0.020239   0.004264   0.005943   0.001679    0.3281     #

 Point added to stored polar  1
 Point written to save file  clarky_re150000_clean.polar                     
 Dump file unspecified or not available
 Calculating wake trajectory ...
 Calculating source influence matrix ...

 Solving BL system ...

 Side 1  free  transition at x/c =  0.3281   56
 Side 2 forced transition at x/c =  1.0000   71

   1   rms: 0.3893E-01   max: 0.2516E+00   T at   56  1
       a =  8.750      CL =  1.2516
      Cm = -0.0622     CD =  0.02052   =>   CDf =  0.00796    CDp =  0.01257

 Side 1  free  transition at x/c =  0.3111   56
 Side 2 forced transition at x/c =  1.0000   71

   2   rms: 0.1851E-01   max: -.2016E+00   D at   56  1
       a =  8.750      CL =  1.2521
      Cm = -0.0623     CD =  0.02058   =>   CDf =  0.00800    CDp =  0.01258

 Side 1  free  transition at x/c =  0.3143   56
 Side 2 forced transition at x/c =  1.0000   71

   3   rms: 0.1774E-02   max: -.1858E-01   D at   58  1
       a =  8.750      CL =  1.2534
      Cm = -0.0625     CD =  0.02065   =>   CDf =  0.00782    CDp =  0.01283

 Side 1  free  transition at x/c =  0.3136   56
 Side 2 forced transition at x/c =  1.0000   71

   4   rms: 0.5920E-04   max: -.6070E-03   D at   56  1
       a =  8.750      CL =  1.2534
      Cm = -0.0625     CD =  0.02065   =>   CDf =  0.00784    CDp =  0.01282
      9.000    5.8428   0.020651   0.004299   0.005886   0.001587    0.3136     #

 Point added to stored polar  1
 Point written to save file  clarky_re150000_clean.polar                     
 Dump file unspecified or not available
 Calculating wake trajectory ...
 Calculating source influence matrix ...

 Solving BL system ...

 Side 1  free  transition at x/c =  0.3136   56
 Side 2 forced transition at x/c =  1.0000   71

   1   rms: 0.4516E-01   max: 0.2787E+00   T at   56  1
       a =  9.000      CL =  1.2724
      Cm = -0.0612     CD =  0.02129   =>   CDf =  0.00756    CDp =  0.01373

 Side 1  free  transition at x/c =  0.2995   56
 Side 2 forced transition at x/c =  1.0000   70

   2   rms: 0.3595E-01   max: -.5935E+00   D at    2  1   RLX: 0.842
       a =  9.000      CL =  1.2698
      Cm = -0.0607     CD =  0.02115   =>   CDf =  0.00805    CDp =  0.01309

 Side 1  free  transition at x/c =  0.2980   55
 Side 2 forced transition at x/c =  1.0000   71

   3   rms: 0.4325E-02   max: -.4179E-01   D at    3  1
       a =  9.000      CL =  1.2694
      Cm = -0.0607     CD =  0.02110   =>   CDf =  0.00777    CDp =  0.01333

 Side 1  free  transition at x/c =  0.2977   55
 Side 2 forced transition at x/c =  1.0000   71

   4   rms: 0.1240E-02   max: 0.1661E-01   D at    4  2
       a =  9.000      CL =  1.2695
      Cm = -0.0607     CD =  0.02111   =>   CDf =  0.00776    CDp =  0.01335

 Side 1  free  transition at x/c =  0.2976   55
 Side 2 forced transition at x/c =  1.0000   71

   5   rms: 0.1572E-05   max: -.2372E-04   D at    4  2
       a =  9.000      CL =  1.2695
      Cm = -0.0607     CD =  0.02111   =>   CDf =  0.00776    CDp =  0.01335
      9.000    5.5176   0.021107   0.004318   0.005778   0.001460    0.2976     #

 Point added to stored polar  1
 Point written to save file  clarky_re150000_clean.polar                     
 Dump file unspecified or not available
 Calculating wake trajectory ...
 Calculating source influence matrix ...

 Solving BL system ...

 Side 1  free  transition at x/c =  0.2976   55
 Side 2 forced transition at x/c =  1.0000   71

   1   rms: 0.4290E-01   max: 0.2705E+00   T at   55  1
       a =  9.250      CL =  1.2848
      Cm = -0.0588     CD =  0.02161   =>   CDf =  0.00748    CDp =  0.01413

 Side 1  free  transition at x/c =  0.2821   55
 Side 2 forced transition at x/c =  1.0000   70

   2   rms: 0.1295E-01   max: -.1570E+00   D at   55  1
       a =  9.250      CL =  1.2832
      Cm = -0.0585     CD =  0.02155   =>   CDf =  0.00776    CDp =  0.01379

 Side 1  free  transition at x/c =  0.2804   55
 Side 2 forced transition at x/c =  1.0000   70

   3   rms: 0.1643E-02   max: -.1210E-01   D at    4  1
       a =  9.250      CL =  1.2838
      Cm = -0.0586     CD =  0.02157   =>   CDf =  0.00770    CDp =  0.01387

 Side 1  free  transition at x/c =  0.2803   55
 Side 2 forced transition at x/c =  1.0000   70

   4   rms: 0.2263E-04   max: 0.1136E-03   C at   70  2
       a =  9.250      CL =  1.2838
      Cm = -0.0586     CD =  0.02157   =>   CDf =  0.00770    CDp =  0.01387
      9.000    5.1389   0.021570   0.004332   0.005606   0.001274    0.2803     #

 Point added to stored polar  1
 Point written to save file  clarky_re150000_clean.polar                     
 Dump file unspecified or not available
 Calculating wake trajectory ...
 Calculating source influence matrix ...

 Solving BL system ...

 Side 1  free  transition at x/c =  0.2803   55
 Side 2 forced transition at x/c =  1.0000   70

   1   rms: 0.4220E-01   max: 0.2579E+00   T at   55  1
       a =  9.500      CL =  1.2966
      Cm = -0.0563     CD =  0.02207   =>   CDf =  0.00770    CDp =  0.01437

 Side 1  free  transition at x/c =  0.2635   54
 Side 2 forced transition at x/c =  1.0000   70

   2   rms: 0.1264E-01   max: -.1607E+00   D at   54  1
       a =  9.500      CL =  1.2956
      Cm = -0.0562     CD =  0.02202   =>   CDf =  0.00770    CDp =  0.01432

 Side 1  free  transition at x/c =  0.2615   54
 Side 2 forced transition at x/c =  1.0000   70

   3   rms: 0.1261E-02   max: -.5920E-02   D at   76  2
       a =  9.500      CL =  1.2963
      Cm = -0.0563     CD =  0.02206   =>   CDf =  0.00766    CDp =  0.01440

 Side 1  free  transition at x/c =  0.2613   54
 Side 2 forced transition at x/c =  1.0000   70

   4   rms: 0.7910E-05   max: 0.3677E-04   C at   70  2
       a =  9.500      CL =  1.2963
      Cm = -0.0563     CD =  0.02206   =>   CDf =  0.00766    CDp =  0.01440
      9.000    4.7468   0.022060   0.004278   0.005355   0.001077    0.2613     #

 Point added to stored polar  1
 Point written to save file  clarky_re150000_clean.polar                     
 Dump file unspecified or not available
 Calculating wake trajectory ...
 Calculating source influence matrix ...

 Solving BL system ...

 Side 1  free  transition at x/c =  0.2613   54
 Side 2 forced transition at x/c =  1.0000   70

   1   rms: 0.4244E-01   max: -.2620E+00   D at   55  1
       a =  9.750      CL =  1.3070
      Cm = -0.0537     CD =  0.02266   =>   CDf =  0.00766    CDp =  0.01500

 Side 1  free  transition at x/c =  0.2441   53
 Side 2 forced transition at x/c =  1.0000   70

   2   rms: 0.1335E-01   max: -.1818E+00   D at   53  1
       a =  9.750      CL =  1.3064
      Cm = -0.0536     CD =  0.02257   =>   CDf =  0.00765    CDp =  0.01491

 Side 1  free  transition at x/c =  0.2413   53
 Side 2 forced transition at x/c =  1.0000   70

   3   rms: 0.1043E-02   max: 0.6426E-02   D at   54  1
       a =  9.750      CL =  1.3069
      Cm = -0.0537     CD =  0.02264   =>   CDf =  0.00766    CDp =  0.01498

 Side 1  free  transition at x/c =  0.2414   53
 Side 2 forced transition at x/c =  1.0000   70

   4   rms: 0.3268E-04   max: 0.1474E-03   D at   93  1
       a =  9.750      CL =  1.3069
      Cm = -0.0537     CD =  0.02264   =>   CDf =  0.00766    CDp =  0.01498
      9.000    4.4181   0.022641   0.003853   0.005072   0.001219    0.2414     #

 Point added to stored polar  1
 Point written to save file  clarky_re150000_clean.polar                     
 Dump file unspecified or not available
 Calculating wake trajectory ...
 Calculating source influence matrix ...

 Solving BL system ...

 Side 1  free  transition at x/c =  0.2414   53
 Side 2 forced transition at x/c =  1.0000   70

   1   rms: 0.4294E-01   max: -.2847E+00   D at   54  1
       a = 10.000      CL =  1.3134
      Cm = -0.0506     CD =  0.02343   =>   CDf =  0.00735    CDp =  0.01608

 Side 1  free  transition at x/c =  0.2251   53
 Side 2 forced transition at x/c =  1.0000   69

   2   rms: 0.1386E-01   max: -.1880E+00   D at   53  1
       a = 10.000      CL =  1.3142
      Cm = -0.0507     CD =  0.02326   =>   CDf =  0.00762    CDp =  0.01564

 Side 1  free  transition at x/c =  0.2218   52
 Side 2 forced transition at x/c =  1.0000   69

   3   rms: 0.1800E-02   max: -.1458E-01   D at    4  1
       a = 10.000      CL =  1.3147
      Cm = -0.0508     CD =  0.02334   =>   CDf =  0.00768    CDp =  0.01565

 Side 1  free  transition at x/c =  0.2213   52
 Side 2 forced transition at x/c =  1.0000   69

   4   rms: 0.2071E-04   max: -.2612E-03   D at   53  1
       a = 10.000      CL =  1.3147
      Cm = -0.0508     CD =  0.02334   =>   CDf =  0.00767    CDp =  0.01567
      9.000    4.3579   0.023341   0.003437   0.004840   0.001403    0.2213     #

 Point added to stored polar  1
 Point written to save file  clarky_re150000_clean.polar                     
 Dump file unspecified or not available
 Calculating wake trajectory ...
 Calculating source influence matrix ...

 Solving BL system ...

 Side 1  free  transition at x/c =  0.2213   52
 Side 2 forced transition at x/c =  1.0000   69

   1   rms: 0.4028E-01   max: 0.2508E+00   T at   52  1
       a = 10.250      CL =  1.3291
      Cm = -0.0488     CD =  0.02394   =>   CDf =  0.00768    CDp =  0.01627

 Side 1  free  transition at x/c =  0.1942   51
 Side 2 forced transition at x/c =  1.0000   69

   2   rms: 0.2210E-01   max: -.2294E+00   D at   51  1
       a = 10.250      CL =  1.3205
      Cm = -0.0477     CD =  0.02410   =>   CDf =  0.00785    CDp =  0.01625

 Side 1  free  transition at x/c =  0.2036   51
 Side 2 forced transition at x/c =  1.0000   69

   3   rms: 0.4421E-02   max: -.2724E-01   D at   53  1
       a = 10.250      CL =  1.3229
      Cm = -0.0481     CD =  0.02418   =>   CDf =  0.00769    CDp =  0.01649

 Side 1  free  transition at x/c =  0.2007   51
 Side 2 forced transition at x/c =  1.0000   69

   4   rms: 0.5435E-03   max: -.7400E-02   C at   51  1
       a = 10.250      CL =  1.3228
      Cm = -0.0481     CD =  0.02419   =>   CDf =  0.00769    CDp =  0.01650

 Side 1  free  transition at x/c =  0.2010   51
 Side 2 forced transition at x/c =  1.0000   69

   5   rms: 0.1206E-04   max: -.5763E-04   D at   92  1
       a = 10.250      CL =  1.3228
      Cm = -0.0481     CD =  0.02419   =>   CDf =  0.00769    CDp =  0.01651
      9.000    4.6212   0.024193   0.003355   0.004715   0.001360    0.2010     #

 Point added to stored polar  1
 Point written to save file  clarky_re150000_clean.polar                     
 Dump file unspecified or not available
 Calculating wake trajectory ...
 Calculating source influence matrix ...

 Solving BL system ...

 Side 1  free  transition at x/c =  0.2010   51
 Side 2 forced transition at x/c =  1.0000   69

   1   rms: 0.3953E-01   max: 0.1976E+00   C at   51  1
       a = 10.500      CL =  1.3322
      Cm = -0.0457     CD =  0.02512   =>   CDf =  0.00769    CDp =  0.01743

 Side 1  free  transition at x/c =  0.1816   50
 Side 2 forced transition at x/c =  1.0000   69

   2   rms: 0.1234E-01   max: -.1573E+00   D at   50  1
       a = 10.500      CL =  1.3288
      Cm = -0.0453     CD =  0.02521   =>   CDf =  0.00784    CDp =  0.01737

 Side 1  free  transition at x/c =  0.1850   50
 Side 2 forced transition at x/c =  1.0000   69

   3   rms: 0.2211E-02   max: 0.2627E-01   C at   50  1
       a = 10.500      CL =  1.3298
      Cm = -0.0455     CD =  0.02523   =>   CDf =  0.00773    CDp =  0.01750

 Side 1  free  transition at x/c =  0.1840   50
 Side 2 forced transition at x/c =  1.0000   69

   4   rms: 0.5841E-04   max: -.7574E-03   C at   50  1
       a = 10.500      CL =  1.3298
      Cm = -0.0455     CD =  0.02523   =>   CDf =  0.00775    CDp =  0.01749
      9.000    4.8589   0.025232   0.021419   0.004690  -0.016729    0.1840     #

 Point added to stored polar  1
 Point written to save file  clarky_re150000_clean.polar                     
 Dump file unspecified or not available
 Calculating wake trajectory ...
 Calculating source influence matrix ...

 Solving BL system ...

 Side 1  free  transition at x/c =  0.1840   50
 Side 2 forced transition at x/c =  1.0000   69

   1   rms: 0.3958E-01   max: 0.2298E+00   C at   50  1
       a = 10.750      CL =  1.3382
      Cm = -0.0431     CD =  0.02635   =>   CDf =  0.00775    CDp =  0.01860

 Side 1  free  transition at x/c =  0.1695   49
 Side 2 forced transition at x/c =  1.0000   69

   2   rms: 0.9096E-02   max: -.1171E+00   D at   49  1
       a = 10.750      CL =  1.3361
      Cm = -0.0429     CD =  0.02638   =>   CDf =  0.00786    CDp =  0.01852

 Side 1  free  transition at x/c =  0.1709   49
 Side 2 forced transition at x/c =  1.0000   69

   3   rms: 0.1284E-02   max: 0.1370E-01   C at   49  1
       a = 10.750      CL =  1.3368
      Cm = -0.0430     CD =  0.02639   =>   CDf =  0.00778    CDp =  0.01861

 Side 1  free  transition at x/c =  0.1704   49
 Side 2 forced transition at x/c =  1.0000   69

   4   rms: 0.2609E-04   max: -.1994E-03   C at   49  1
       a = 10.750      CL =  1.3368
      Cm = -0.0430     CD =  0.02639   =>   CDf =  0.00779    CDp =  0.01860
      9.000    5.0695   0.026392   0.021644   0.004707  -0.016937    0.1704     #

 Point added to stored polar  1
 Point written to save file  clarky_re150000_clean.polar                     
 Dump file unspecified or not available
 Calculating wake trajectory ...
 Calculating source influence matrix ...

 Solving BL system ...

 Side 1  free  transition at x/c =  0.1704   49
 Side 2 forced transition at x/c =  1.0000   69

   1   rms: 0.3813E-01   max: 0.1754E+00   T at   49  1
       a = 11.000      CL =  1.3462
      Cm = -0.0410     CD =  0.02755   =>   CDf =  0.00744    CDp =  0.02011

 Side 1  free  transition at x/c =  0.1574   49
 Side 2 forced transition at x/c =  1.0000   68

   2   rms: 0.5361E-01   max: -.9424E+00   D at    2  1   RLX: 0.531
       a = 11.000      CL =  1.3439
      Cm = -0.0411     CD =  0.02771   =>   CDf =  0.00823    CDp =  0.01947

 Side 1  free  transition at x/c =  0.1585   48
 Side 2 forced transition at x/c =  1.0000   69

   3   rms: 0.5424E-02   max: -.5489E-01   C at   48  1
       a = 11.000      CL =  1.3429
      Cm = -0.0407     CD =  0.02765   =>   CDf =  0.00787    CDp =  0.01978

 Side 1  free  transition at x/c =  0.1594   48
 Side 2 forced transition at x/c =  1.0000   69

   4   rms: 0.1040E-02   max: 0.1307E-01   D at    4  2
       a = 11.000      CL =  1.3432
      Cm = -0.0407     CD =  0.02765   =>   CDf =  0.00783    CDp =  0.01982

 Side 1  free  transition at x/c =  0.1592   48
 Side 2 forced transition at x/c =  1.0000   69

   5   rms: 0.5120E-05   max: -.3220E-04   D at    4  2
       a = 11.000      CL =  1.3432
      Cm = -0.0407     CD =  0.02765   =>   CDf =  0.00783    CDp =  0.01982
      9.000    5.2334   0.027651   0.021894   0.004744  -0.017150    0.1592     #

 Point added to stored polar  1
 Point written to save file  clarky_re150000_clean.polar                     
 Dump file unspecified or not available
 Calculating wake trajectory ...
 Calculating source influence matrix ...

 Solving BL system ...

 Side 1  free  transition at x/c =  0.1592   48
 Side 2 forced transition at x/c =  1.0000   69

   1   rms: 0.3727E-01   max: 0.1935E+00   T at   48  1
       a = 11.250      CL =  1.3555
      Cm = -0.0391     CD =  0.02872   =>   CDf =  0.00747    CDp =  0.02125

 Side 1  free  transition at x/c =  0.1465   48
 Side 2 forced transition at x/c =  1.0000   68

   2   rms: 0.1241E-01   max: -.1098E+00   D at   49  1
       a = 11.250      CL =  1.3473
      Cm = -0.0383     CD =  0.02907   =>   CDf =  0.00793    CDp =  0.02115

 Side 1  free  transition at x/c =  0.1497   49
 Side 2 forced transition at x/c =  1.0000   68

   3   rms: 0.5092E-02   max: -.7135E-01   D at   48  1
       a = 11.250      CL =  1.3497
      Cm = -0.0386     CD =  0.02894   =>   CDf =  0.00788    CDp =  0.02106

 Side 1  free  transition at x/c =  0.1493   49
 Side 2 forced transition at x/c =  1.0000   68

   4   rms: 0.5573E-03   max: 0.5287E-02   C at   49  1
       a = 11.250      CL =  1.3499
      Cm = -0.0386     CD =  0.02894   =>   CDf =  0.00782    CDp =  0.02112

 Side 1  free  transition at x/c =  0.1492   49
 Side 2 forced transition at x/c =  1.0000   68

   5   rms: 0.1986E-04   max: 0.8787E-04   D at   89  1
       a = 11.250      CL =  1.3499
      Cm = -0.0386     CD =  0.02894   =>   CDf =  0.00783    CDp =  0.02111
      9.000    5.3280   0.028942   0.022117   0.004786  -0.017331    0.1492     #

 Point added to stored polar  1
 Point written to save file  clarky_re150000_clean.polar                     
 Dump file unspecified or not available
 Calculating wake trajectory ...
 Calculating source influence matrix ...

 Solving BL system ...

 Side 1  free  transition at x/c =  0.1492   49
 Side 2 forced transition at x/c =  1.0000   68

   1   rms: 0.3986E-01   max: -.1748E+00   D at   50  1
       a = 11.500      CL =  1.3535
      Cm = -0.0363     CD =  0.03061   =>   CDf =  0.00783    CDp =  0.02278

 Side 1  free  transition at x/c =  0.1417   48
 Side 2 forced transition at x/c =  1.0000   68

   2   rms: 0.1151E-01   max: -.1431E+00   D at   48  1
       a = 11.500      CL =  1.3582
      Cm = -0.0367     CD =  0.03013   =>   CDf =  0.00778    CDp =  0.02235

 Side 1  free  transition at x/c =  0.1398   48
 Side 2 forced transition at x/c =  1.0000   68

   3   rms: 0.9319E-03   max: -.5019E-02   D at   88  1
       a = 11.500      CL =  1.3584
      Cm = -0.0368     CD =  0.03017   =>   CDf =  0.00775    CDp =  0.02242

 Side 1  free  transition at x/c =  0.1398   48
 Side 2 forced transition at x/c =  1.0000   68

   4   rms: 0.2231E-04   max: -.8465E-04   D at   49  1
       a = 11.500      CL =  1.3584
      Cm = -0.0368     CD =  0.03018   =>   CDf =  0.00775    CDp =  0.02243
      9.000    5.4350   0.030175   0.022299   0.004819  -0.017480    0.1398     #

 Point added to stored polar  1
 Point written to save file  clarky_re150000_clean.polar                     
 Dump file unspecified or not available
 Calculating wake trajectory ...
 Calculating source influence matrix ...

 Solving BL system ...

 Side 1  free  transition at x/c =  0.1398   48
 Side 2 forced transition at x/c =  1.0000   68

   1   rms: 0.3806E-01   max: 0.1819E+00   T at   48  1
       a = 11.750      CL =  1.3648
      Cm = -0.0349     CD =  0.03166   =>   CDf =  0.00775    CDp =  0.02391

 Side 1  free  transition at x/c =  0.1312   47
 Side 2 forced transition at x/c =  1.0000   68

   2   rms: 0.7879E-02   max: -.1046E+00   D at   47  1
       a = 11.750      CL =  1.3642
      Cm = -0.0349     CD =  0.03158   =>   CDf =  0.00777    CDp =  0.02381

 Side 1  free  transition at x/c =  0.1313   47
 Side 2 forced transition at x/c =  1.0000   68

   3   rms: 0.1275E-02   max: 0.6207E-02   T at   47  1
       a = 11.750      CL =  1.3650
      Cm = -0.0349     CD =  0.03156   =>   CDf =  0.00770    CDp =  0.02385

 Side 1  free  transition at x/c =  0.1310   47
 Side 2 forced transition at x/c =  1.0000   68

   4   rms: 0.1791E-04   max: -.1623E-03   C at   47  1
       a = 11.750      CL =  1.3650
      Cm = -0.0349     CD =  0.03156   =>   CDf =  0.00770    CDp =  0.02386
      9.000    5.4968   0.031561   0.022441   0.004811  -0.017630    0.1310     #

 Point added to stored polar  1
 Point written to save file  clarky_re150000_clean.polar                     
 Dump file unspecified or not available
 Calculating wake trajectory ...
 Calculating source influence matrix ...

 Solving BL system ...

 Side 1  free  transition at x/c =  0.1310   47
 Side 2 forced transition at x/c =  1.0000   68

   1   rms: 0.3769E-01   max: 0.2093E+00   T at   47  1
       a = 12.000      CL =  1.3743
      Cm = -0.0335     CD =  0.03289   =>   CDf =  0.00771    CDp =  0.02518

 Side 1  free  transition at x/c =  0.1200   46
 Side 2 forced transition at x/c =  1.0000   68

   2   rms: 0.1123E-01   max: -.1096E+00   D at   46  1
       a = 12.000      CL =  1.3687
      Cm = -0.0331     CD =  0.03313   =>   CDf =  0.00776    CDp =  0.02537

 Side 1  free  transition at x/c =  0.1223   46
 Side 2 forced transition at x/c =  1.0000   68

   3   rms: 0.1941E-02   max: 0.1019E-01   T at   46  1
       a = 12.000      CL =  1.3700
      Cm = -0.0332     CD =  0.03308   =>   CDf =  0.00768    CDp =  0.02539

 Side 1  free  transition at x/c =  0.1218   46
 Side 2 forced transition at x/c =  1.0000   68

   4   rms: 0.3790E-04   max: -.3732E-03   C at   46  1
       a = 12.000      CL =  1.3700
      Cm = -0.0332     CD =  0.03308   =>   CDf =  0.00768    CDp =  0.02540
      9.000    5.8121   0.033083   0.022494   0.004754  -0.017741    0.1218     #

 Point added to stored polar  1
 Point written to save file  clarky_re150000_clean.polar                     
 Dump file unspecified or not available
 Calculating wake trajectory ...
 Calculating source influence matrix ...

 Solving BL system ...

 Side 1  free  transition at x/c =  0.1218   46
 Side 2 forced transition at x/c =  1.0000   68

   1   rms: 0.3920E-01   max: 0.2415E+00   T at   46  1
       a = 12.250      CL =  1.3820
      Cm = -0.0321     CD =  0.03429   =>   CDf =  0.00727    CDp =  0.02702

 Side 1  free  transition at x/c =  0.1100   46
 Side 2 forced transition at x/c =  1.0000   67

   2   rms: 0.1362E-01   max: -.8984E-01   D at   46  1
       a = 12.250      CL =  1.3731
      Cm = -0.0316     CD =  0.03480   =>   CDf =  0.00769    CDp =  0.02711

 Side 1  free  transition at x/c =  0.1129   46
 Side 2 forced transition at x/c =  1.0000   67

   3   rms: 0.2513E-02   max: -.1891E-01   C at   46  1
       a = 12.250      CL =  1.3742
      Cm = -0.0317     CD =  0.03473   =>   CDf =  0.00765    CDp =  0.02709

 Side 1  free  transition at x/c =  0.1126   46
 Side 2 forced transition at x/c =  1.0000   67

   4   rms: 0.7697E-04   max: -.4619E-03   D at   47  1
       a = 12.250      CL =  1.3742
      Cm = -0.0317     CD =  0.03474   =>   CDf =  0.00763    CDp =  0.02711
      9.000    6.1402   0.034742   0.022511   0.004664  -0.017847    0.1126     #

 Point added to stored polar  1
 Point written to save file  clarky_re150000_clean.polar                     
 Dump file unspecified or not available
 Calculating wake trajectory ...
 Calculating source influence matrix ...

 Solving BL system ...

 Side 1  free  transition at x/c =  0.1125   46
 Side 2 forced transition at x/c =  1.0000   67

   1   rms: 0.4349E-01   max: 0.2952E+00   T at   46  1   RLX: 0.980
       a = 12.500      CL =  1.3893
      Cm = -0.0309     CD =  0.03576   =>   CDf =  0.00764    CDp =  0.02812

 Side 1  free  transition at x/c =  0.0981   45
 Side 2 forced transition at x/c =  1.0000   67

   2   rms: 0.2077E-01   max: -.1538E+00   D at   45  1
       a = 12.500      CL =  1.3767
      Cm = -0.0302     CD =  0.03659   =>   CDf =  0.00764    CDp =  0.02895

 Side 1  free  transition at x/c =  0.1025   45
 Side 2 forced transition at x/c =  1.0000   67

   3   rms: 0.4318E-02   max: -.4080E-01   C at   45  1
       a = 12.500      CL =  1.3786
      Cm = -0.0303     CD =  0.03646   =>   CDf =  0.00757    CDp =  0.02889

 Side 1  free  transition at x/c =  0.1016   45
 Side 2 forced transition at x/c =  1.0000   67

   4   rms: 0.1603E-03   max: -.2387E-02   D at   46  1
       a = 12.500      CL =  1.3786
      Cm = -0.0303     CD =  0.03649   =>   CDf =  0.00754    CDp =  0.02895

 Side 1  free  transition at x/c =  0.1016   45
 Side 2 forced transition at x/c =  1.0000   67

   5   rms: 0.9540E-05   max: 0.4824E-04   T at   45  1
       a = 12.500      CL =  1.3786
      Cm = -0.0303     CD =  0.03649   =>   CDf =  0.00754    CDp =  0.02895
      9.000    6.4674   0.036487   0.022476   0.004536  -0.017940    0.1016     #

 Point added to stored polar  1
 Point written to save file  clarky_re150000_clean.polar                     
 Dump file unspecified or not available
 Calculating wake trajectory ...
 Calculating source influence matrix ...

 Solving BL system ...

 Side 1  free  transition at x/c =  0.1016   45
 Side 2 forced transition at x/c =  1.0000   67

   1   rms: 0.4617E-01   max: 0.3380E+00   T at   45  1   RLX: 0.931
       a = 12.750      CL =  1.3909
      Cm = -0.0296     CD =  0.03770   =>   CDf =  0.00755    CDp =  0.03016

 Side 1  free  transition at x/c =  0.0866   44
 Side 2 forced transition at x/c =  1.0000   67

   2   rms: 0.2180E-01   max: -.2411E+00   D at   44  1
       a = 12.750      CL =  1.3788
      Cm = -0.0290     CD =  0.03866   =>   CDf =  0.00757    CDp =  0.03108

 Side 1  free  transition at x/c =  0.0901   44
 Side 2 forced transition at x/c =  1.0000   67

   3   rms: 0.5588E-02   max: 0.4831E-01   C at   44  1
       a = 12.750      CL =  1.3809
      Cm = -0.0290     CD =  0.03851   =>   CDf =  0.00743    CDp =  0.03108

 Side 1  free  transition at x/c =  0.0882   44
 Side 2 forced transition at x/c =  1.0000   67

   4   rms: 0.7899E-03   max: -.8617E-02   C at   44  1
       a = 12.750      CL =  1.3806
      Cm = -0.0290     CD =  0.03855   =>   CDf =  0.00746    CDp =  0.03108

 Side 1  free  transition at x/c =  0.0884   44
 Side 2 forced transition at x/c =  1.0000   67

   5   rms: 0.3884E-04   max: -.2405E-03   D at   44  1
       a = 12.750      CL =  1.3807
      Cm = -0.0290     CD =  0.03854   =>   CDf =  0.00746    CDp =  0.03109
      9.000    6.8146   0.038545   0.022442   0.004356  -0.018086    0.0884     #

 Point added to stored polar  1
 Point written to save file  clarky_re150000_clean.polar                     
 Dump file unspecified or not available
 Calculating wake trajectory ...
 Calculating source influence matrix ...

 Solving BL system ...

 Side 1  free  transition at x/c =  0.0884   44
 Side 2 forced transition at x/c =  1.0000   67

   1   rms: 0.5124E-01   max: -.3102E+00   D at   45  1   RLX: 0.865
       a = 13.000      CL =  1.3801
      Cm = -0.0280     CD =  0.04085   =>   CDf =  0.00746    CDp =  0.03339

 Side 1  free  transition at x/c =  0.0775   42
 Side 2 forced transition at x/c =  1.0000   67

   2   rms: 0.3066E-01   max: -.3143E+00   D at   43  1
       a = 13.000      CL =  1.3848
      Cm = -0.0281     CD =  0.04054   =>   CDf =  0.00746    CDp =  0.03308

 Side 1  free  transition at x/c =  0.0688   41
 Side 2 forced transition at x/c =  1.0000   67

   3   rms: 0.2344E-01   max: -.2127E+00   T at   41  1
       a = 13.000      CL =  1.3728
      Cm = -0.0277     CD =  0.04161   =>   CDf =  0.00754    CDp =  0.03407

 Side 1  free  transition at x/c =  0.0798   43
 Side 2 forced transition at x/c =  1.0000   67

   4   rms: 0.2107E-01   max: 0.2793E+00   C at   43  1
       a = 13.000      CL =  1.3761
      Cm = -0.0278     CD =  0.04135   =>   CDf =  0.00737    CDp =  0.03398

 Side 1  free  transition at x/c =  0.0757   42
 Side 2 forced transition at x/c =  1.0000   67

   5   rms: 0.7843E-02   max: -.4459E-01   D at   45  1
       a = 13.000      CL =  1.3783
      Cm = -0.0277     CD =  0.04113   =>   CDf =  0.00745    CDp =  0.03368

 Side 1  free  transition at x/c =  0.0722   42
 Side 2 forced transition at x/c =  1.0000   67

   6   rms: 0.4877E-02   max: -.5120E-01   C at   42  1
       a = 13.000      CL =  1.3773
      Cm = -0.0277     CD =  0.04121   =>   CDf =  0.00747    CDp =  0.03374

 Side 1  free  transition at x/c =  0.0733   42
 Side 2 forced transition at x/c =  1.0000   67

   7   rms: 0.3834E-03   max: -.4142E-02   D at   42  1
       a = 13.000      CL =  1.3773
      Cm = -0.0277     CD =  0.04122   =>   CDf =  0.00745    CDp =  0.03378

 Side 1  free  transition at x/c =  0.0734   42
 Side 2 forced transition at x/c =  1.0000   67

   8   rms: 0.2502E-04   max: -.1499E-03   D at   43  1
       a = 13.000      CL =  1.3774
      Cm = -0.0277     CD =  0.04122   =>   CDf =  0.00744    CDp =  0.03378
      9.000    7.2128   0.041222   0.022429   0.004110  -0.018319    0.0734     #

 Point added to stored polar  1
 Point written to save file  clarky_re150000_clean.polar                     
 Dump file unspecified or not available
 Calculating wake trajectory ...
 Calculating source influence matrix ...

 Solving BL system ...

 Side 1  free  transition at x/c =  0.0734   42
 Side 2 forced transition at x/c =  1.0000   67

   1   rms: 0.5791E-01   max: -.3288E+00   D at   43  1   RLX: 0.815
       a = 13.250      CL =  1.3739
      Cm = -0.0268     CD =  0.04390   =>   CDf =  0.00745    CDp =  0.03645

 Side 1  free  transition at x/c =  0.0621   40
 Side 2 forced transition at x/c =  1.0000   67

   2   rms: 0.2238E-01   max: -.3239E+00   D at   41  1
       a = 13.250      CL =  1.3738
      Cm = -0.0267     CD =  0.04412   =>   CDf =  0.00746    CDp =  0.03667

 Side 1  free  transition at x/c =  0.0584   40
 Side 2 forced transition at x/c =  1.0000   67

   3   rms: 0.7656E-02   max: -.7069E-01   C at   40  1
       a = 13.250      CL =  1.3706
      Cm = -0.0265     CD =  0.04437   =>   CDf =  0.00751    CDp =  0.03686

 Side 1  free  transition at x/c =  0.0598   40
 Side 2 forced transition at x/c =  1.0000   67

   4   rms: 0.9618E-03   max: -.1040E-01   C at   40  1
       a = 13.250      CL =  1.3705
      Cm = -0.0265     CD =  0.04439   =>   CDf =  0.00746    CDp =  0.03693

 Side 1  free  transition at x/c =  0.0599   40
 Side 2 forced transition at x/c =  1.0000   67

   5   rms: 0.5522E-04   max: 0.3766E-03   C at   40  1
       a = 13.250      CL =  1.3705
      Cm = -0.0265     CD =  0.04440   =>   CDf =  0.00746    CDp =  0.03694
      9.000    7.6350   0.044396   0.022433   0.003882  -0.018551    0.0599     #

 Point added to stored polar  1
 Point written to save file  clarky_re150000_clean.polar                     
 Dump file unspecified or not available
 Calculating wake trajectory ...
 Calculating source influence matrix ...

 Solving BL system ...

 Side 1  free  transition at x/c =  0.0599   40
 Side 2 forced transition at x/c =  1.0000   67

   1   rms: 0.5344E-01   max: 0.3497E+00   C at   40  1   RLX: 0.768
       a = 13.500      CL =  1.3658
      Cm = -0.0259     CD =  0.04723   =>   CDf =  0.00696    CDp =  0.04027

 Side 1  free  transition at x/c =  0.0532   40
 Side 2 forced transition at x/c =  1.0000   66

   2   rms: 0.1533E-01   max: -.2107E+00   D at   40  1
       a = 13.500      CL =  1.3635
      Cm = -0.0257     CD =  0.04782   =>   CDf =  0.00747    CDp =  0.04034

 Side 1  free  transition at x/c =  0.0521   39
 Side 2 forced transition at x/c =  1.0000   66

   3   rms: 0.1870E-02   max: 0.2385E-01   D at   40  1
       a = 13.500      CL =  1.3627
      Cm = -0.0256     CD =  0.04780   =>   CDf =  0.00749    CDp =  0.04032

 Side 1  free  transition at x/c =  0.0523   39
 Side 2 forced transition at x/c =  1.0000   66

   4   rms: 0.8040E-04   max: 0.1044E-02   D at   40  1
       a = 13.500      CL =  1.3627
      Cm = -0.0256     CD =  0.04780   =>   CDf =  0.00747    CDp =  0.04033
      9.000    8.0574   0.047799   0.022381   0.003815  -0.018566    0.0523     #

 Point added to stored polar  1
 Point written to save file  clarky_re150000_clean.polar                     
 Dump file unspecified or not available
 Calculating wake trajectory ...
 Calculating source influence matrix ...

 Solving BL system ...

 Side 1  free  transition at x/c =  0.0522   39
 Side 2 forced transition at x/c =  1.0000   66

   1   rms: 0.4406E-01   max: 0.2566E+00   T at   39  1   RLX: 0.731
       a = 13.750      CL =  1.3608
      Cm = -0.0250     CD =  0.05033   =>   CDf =  0.00748    CDp =  0.04286

 Side 1  free  transition at x/c =  0.0462   38
 Side 2 forced transition at x/c =  1.0000   66

   2   rms: 0.1619E-01   max: -.1594E+00   D at   39  1
       a = 13.750      CL =  1.3557
      Cm = -0.0251     CD =  0.05139   =>   CDf =  0.00753    CDp =  0.04386

 Side 1  free  transition at x/c =  0.0475   38
 Side 2 forced transition at x/c =  1.0000   66

   3   rms: 0.1130E-02   max: 0.1508E-01   D at   39  1
       a = 13.750      CL =  1.3557
      Cm = -0.0250     CD =  0.05124   =>   CDf =  0.00744    CDp =  0.04380

 Side 1  free  transition at x/c =  0.0473   38
 Side 2 forced transition at x/c =  1.0000   66

   4   rms: 0.2558E-04   max: -.2291E-03   D at   39  1
       a = 13.750      CL =  1.3557
      Cm = -0.0250     CD =  0.05125   =>   CDf =  0.00744    CDp =  0.04381
      9.000    8.4564   0.051251   0.022287   0.003827  -0.018460    0.0473     #

 Point added to stored polar  1
 Point written to save file  clarky_re150000_clean.polar                     
 Dump file unspecified or not available
 Calculating wake trajectory ...
 Calculating source influence matrix ...

 Solving BL system ...

 Side 1  free  transition at x/c =  0.0473   38
 Side 2 forced transition at x/c =  1.0000   66

   1   rms: 0.3946E-01   max: 0.1982E+00   T at   38  1   RLX: 0.694
       a = 14.000      CL =  1.3540
      Cm = -0.0246     CD =  0.05376   =>   CDf =  0.00744    CDp =  0.04632

 Side 1  free  transition at x/c =  0.0435   38
 Side 2 forced transition at x/c =  1.0000   66

   2   rms: 0.1343E-01   max: -.1175E+00   D at   38  1
       a = 14.000      CL =  1.3500
      Cm = -0.0247     CD =  0.05488   =>   CDf =  0.00744    CDp =  0.04744

 Side 1  free  transition at x/c =  0.0437   38
 Side 2 forced transition at x/c =  1.0000   66

   3   rms: 0.8943E-03   max: 0.1051E-01   D at   38  1
       a = 14.000      CL =  1.3495
      Cm = -0.0246     CD =  0.05475   =>   CDf =  0.00735    CDp =  0.04740

 Side 1  free  transition at x/c =  0.0437   38
 Side 2 forced transition at x/c =  1.0000   66

   4   rms: 0.3163E-04   max: 0.1343E-03   D at   38  1
       a = 14.000      CL =  1.3495
      Cm = -0.0246     CD =  0.05475   =>   CDf =  0.00736    CDp =  0.04739
      9.000    8.8353   0.054750   0.022169   0.003864  -0.018305    0.0437     #

 Point added to stored polar  1
 Point written to save file  clarky_re150000_clean.polar                     
 Dump file unspecified or not available
 Calculating wake trajectory ...
 Calculating source influence matrix ...

 Solving BL system ...

 Side 1  free  transition at x/c =  0.0437   38
 Side 2 forced transition at x/c =  1.0000   66

   1   rms: 0.4050E-01   max: 0.1474E+00   D at   75  1   RLX: 0.659
       a = 14.250      CL =  1.3453
      Cm = -0.0247     CD =  0.05758   =>   CDf =  0.00736    CDp =  0.05022

 Side 1  free  transition at x/c =  0.0422   37
 Side 2 forced transition at x/c =  1.0000   66

   2   rms: 0.1317E-01   max: 0.5942E-01   T at   37  1
       a = 14.250      CL =  1.3436
      Cm = -0.0245     CD =  0.05859   =>   CDf =  0.00733    CDp =  0.05126

 Side 1  free  transition at x/c =  0.0409   37
 Side 2 forced transition at x/c =  1.0000   66

   3   rms: 0.2688E-02   max: -.2188E-01   D at   38  1
       a = 14.250      CL =  1.3426
      Cm = -0.0245     CD =  0.05847   =>   CDf =  0.00728    CDp =  0.05119

 Side 1  free  transition at x/c =  0.0412   37
 Side 2 forced transition at x/c =  1.0000   66

   4   rms: 0.1486E-03   max: -.7271E-03   D at   76  1
       a = 14.250      CL =  1.3426
      Cm = -0.0245     CD =  0.05845   =>   CDf =  0.00727    CDp =  0.05118

 Side 1  free  transition at x/c =  0.0412   37
 Side 2 forced transition at x/c =  1.0000   66

   5   rms: 0.1090E-04   max: -.5288E-04   D at   78  2
       a = 14.250      CL =  1.3427
      Cm = -0.0245     CD =  0.05846   =>   CDf =  0.00727    CDp =  0.05119
      9.000    9.2052   0.058455   0.022030   0.003956  -0.018074    0.0412     #

 Point added to stored polar  1
 Point written to save file  clarky_re150000_clean.polar                     
 Dump file unspecified or not available
 Calculating wake trajectory ...
 Calculating source influence matrix ...

 Solving BL system ...

 Side 1  free  transition at x/c =  0.0412   37
 Side 2 forced transition at x/c =  1.0000   66

   1   rms: 0.3630E-01   max: 0.1457E+00   T at   37  1   RLX: 0.631
       a = 14.500      CL =  1.3402
      Cm = -0.0246     CD =  0.06108   =>   CDf =  0.00727    CDp =  0.05381

 Side 1  free  transition at x/c =  0.0395   37
 Side 2 forced transition at x/c =  1.0000   66

   2   rms: 0.1363E-01   max: 0.6398E-01   D at   75  1
       a = 14.500      CL =  1.3363
      Cm = -0.0248     CD =  0.06256   =>   CDf =  0.00725    CDp =  0.05531

 Side 1  free  transition at x/c =  0.0391   37
 Side 2 forced transition at x/c =  1.0000   66

   3   rms: 0.1340E-02   max: 0.7837E-02   D at   78  2
       a = 14.500      CL =  1.3355
      Cm = -0.0247     CD =  0.06235   =>   CDf =  0.00721    CDp =  0.05515

 Side 1  free  transition at x/c =  0.0392   37
 Side 2 forced transition at x/c =  1.0000   66

   4   rms: 0.2179E-04   max: -.1389E-03   D at   75  1
       a = 14.500      CL =  1.3355
      Cm = -0.0247     CD =  0.06234   =>   CDf =  0.00720    CDp =  0.05514
      9.000    9.5629   0.062338   0.021849   0.003982  -0.017868    0.0392     #

 Point added to stored polar  1
 Point written to save file  clarky_re150000_clean.polar                     
 Dump file unspecified or not available
 Calculating wake trajectory ...
 Calculating source influence matrix ...

 Solving BL system ...

 Side 1  free  transition at x/c =  0.0392   37
 Side 2 forced transition at x/c =  1.0000   66

   1   rms: 0.3773E-01   max: 0.1450E+00   D at   72  1   RLX: 0.602
       a = 14.750      CL =  1.3315
      Cm = -0.0250     CD =  0.06520   =>   CDf =  0.00720    CDp =  0.05799

 Side 1  free  transition at x/c =  0.0383   36
 Side 2 forced transition at x/c =  1.0000   66

   2   rms: 0.1444E-01   max: 0.5839E-01   T at   36  1
       a = 14.750      CL =  1.3298
      Cm = -0.0250     CD =  0.06650   =>   CDf =  0.00717    CDp =  0.05933

 Side 1  free  transition at x/c =  0.0374   36
 Side 2 forced transition at x/c =  1.0000   66

   3   rms: 0.2205E-02   max: -.1514E-01   D at   37  1
       a = 14.750      CL =  1.3286
      Cm = -0.0250     CD =  0.06636   =>   CDf =  0.00710    CDp =  0.05925

 Side 1  free  transition at x/c =  0.0376   36
 Side 2 forced transition at x/c =  1.0000   66

   4   rms: 0.8511E-04   max: -.5389E-03   D at   74  1
       a = 14.750      CL =  1.3286
      Cm = -0.0250     CD =  0.06632   =>   CDf =  0.00710    CDp =  0.05922
      9.000    9.9042   0.066321   0.021705   0.004102  -0.017604    0.0376     #

 Point added to stored polar  1
 Point written to save file  clarky_re150000_clean.polar                     
 Dump file unspecified or not available
 Calculating wake trajectory ...
 Calculating source influence matrix ...

 Solving BL system ...

 Side 1  free  transition at x/c =  0.0376   36
 Side 2 forced transition at x/c =  1.0000   66

   1   rms: 0.3353E-01   max: 0.1271E+00   D at   71  1   RLX: 0.579
       a = 15.000      CL =  1.3265
      Cm = -0.0253     CD =  0.06891   =>   CDf =  0.00710    CDp =  0.06181

 Side 1  free  transition at x/c =  0.0365   36
 Side 2 forced transition at x/c =  1.0000   66

   2   rms: 0.1432E-01   max: 0.5971E-01   D at   72  1
       a = 15.000      CL =  1.3234
      Cm = -0.0255     CD =  0.07061   =>   CDf =  0.00705    CDp =  0.06356

 Side 1  free  transition at x/c =  0.0361   36
 Side 2 forced transition at x/c =  1.0000   66

   3   rms: 0.1927E-02   max: 0.9776E-02   D at   72  1
       a = 15.000      CL =  1.3222
      Cm = -0.0255     CD =  0.07039   =>   CDf =  0.00700    CDp =  0.06338

 Side 1  free  transition at x/c =  0.0361   36
 Side 2 forced transition at x/c =  1.0000   66

   4   rms: 0.5943E-04   max: 0.5949E-03   D at   79  2
       a = 15.000      CL =  1.3222
      Cm = -0.0255     CD =  0.07035   =>   CDf =  0.00700    CDp =  0.06336
      9.000   10.2260   0.070353   0.021562   0.004197  -0.017365    0.0361     #

 Point added to stored polar  1
 Point written to save file  clarky_re150000_clean.polar                     
 Dump file unspecified or not available
 Calculating wake trajectory ...
 Calculating source influence matrix ...

 Solving BL system ...

 Side 1  free  transition at x/c =  0.0362   36
 Side 2 forced transition at x/c =  1.0000   66

   1   rms: 0.3325E-01   max: 0.1287E+00   D at   70  1   RLX: 0.556
       a = 15.250      CL =  1.3197
      Cm = -0.0259     CD =  0.07299   =>   CDf =  0.00700    CDp =  0.06599

 Side 1  free  transition at x/c =  0.0355   36
 Side 2 forced transition at x/c =  1.0000   66

   2   rms: 0.1500E-01   max: 0.6183E-01   D at   71  1
       a = 15.250      CL =  1.3162
      Cm = -0.0262     CD =  0.07484   =>   CDf =  0.00697    CDp =  0.06787

 Side 1  free  transition at x/c =  0.0351   36
 Side 2 forced transition at x/c =  1.0000   66

   3   rms: 0.2003E-02   max: -.8883E-02   T at   36  1
       a = 15.250      CL =  1.3150
      Cm = -0.0261     CD =  0.07459   =>   CDf =  0.00695    CDp =  0.06764

 Side 1  free  transition at x/c =  0.0352   36
 Side 2 forced transition at x/c =  1.0000   66

   4   rms: 0.6531E-04   max: -.4244E-03   D at   71  1
       a = 15.250      CL =  1.3150
      Cm = -0.0261     CD =  0.07455   =>   CDf =  0.00694    CDp =  0.06761
      9.000   10.5451   0.074551   0.021434   0.004261  -0.017173    0.0352     #

 Point added to stored polar  1
 Point written to save file  clarky_re150000_clean.polar                     
 Dump file unspecified or not available
 Calculating wake trajectory ...
 Calculating source influence matrix ...

 Solving BL system ...

 Side 1  free  transition at x/c =  0.0352   36
 Side 2 forced transition at x/c =  1.0000   66

   1   rms: 0.3288E-01   max: 0.1315E+00   T at   36  1   RLX: 0.535
       a = 15.500      CL =  1.3122
      Cm = -0.0266     CD =  0.07720   =>   CDf =  0.00637    CDp =  0.07082

 Side 1  free  transition at x/c =  0.0347   36
 Side 2 forced transition at x/c =  1.0000   65

   2   rms: 0.3832E-01   max: 0.6296E+00   D at    2  1
       a = 15.500      CL =  1.3109
      Cm = -0.0267     CD =  0.07880   =>   CDf =  0.00693    CDp =  0.07188

 Side 1  free  transition at x/c =  0.0342   36
 Side 2 forced transition at x/c =  1.0000   65

   3   rms: 0.4714E-02   max: 0.5607E-01   D at    4  1
       a = 15.500      CL =  1.3094
      Cm = -0.0267     CD =  0.07862   =>   CDf =  0.00685    CDp =  0.07177

 Side 1  free  transition at x/c =  0.0343   36
 Side 2 forced transition at x/c =  1.0000   65

   4   rms: 0.9919E-04   max: -.6179E-03   D at   71  1
       a = 15.500      CL =  1.3094
      Cm = -0.0267     CD =  0.07856   =>   CDf =  0.00685    CDp =  0.07172
      9.000   10.8419   0.078565   0.021455   0.004389  -0.017066    0.0343     #

 Point added to stored polar  1
 Point written to save file  clarky_re150000_clean.polar                     
 Dump file unspecified or not available
 Calculating wake trajectory ...
 Calculating source influence matrix ...

 Solving BL system ...

 Side 1  free  transition at x/c =  0.0343   36
 Side 2 forced transition at x/c =  1.0000   65

   1   rms: 0.2952E-01   max: 0.1018E+00   D at   69  1   RLX: 0.518
       a = 15.750      CL =  1.3089
      Cm = -0.0269     CD =  0.08078   =>   CDf =  0.00685    CDp =  0.07393

 Side 1  free  transition at x/c =  0.0337   36
 Side 2 forced transition at x/c =  1.0000   65

   2   rms: 0.1424E-01   max: 0.5344E-01   D at   70  1
       a = 15.750      CL =  1.3071
      Cm = -0.0272     CD =  0.08265   =>   CDf =  0.00679    CDp =  0.07586

 Side 1  free  transition at x/c =  0.0332   36
 Side 2 forced transition at x/c =  1.0000   65

   3   rms: 0.2323E-02   max: 0.1054E-01   D at   79  2
       a = 15.750      CL =  1.3057
      Cm = -0.0272     CD =  0.08244   =>   CDf =  0.00674    CDp =  0.07570

 Side 1  free  transition at x/c =  0.0333   36
 Side 2 forced transition at x/c =  1.0000   65

   4   rms: 0.9892E-04   max: 0.6888E-03   D at   79  2
       a = 15.750      CL =  1.3057
      Cm = -0.0272     CD =  0.08238   =>   CDf =  0.00673    CDp =  0.07565
      9.000   11.1139   0.082377   0.021556   0.004561  -0.016995    0.0333     #

 Point added to stored polar  1
 Point written to save file  clarky_re150000_clean.polar                     
 Dump file unspecified or not available
 Calculating wake trajectory ...
 Calculating source influence matrix ...

 Solving BL system ...

 Side 1  free  transition at x/c =  0.0333   36
 Side 2 forced transition at x/c =  1.0000   65

   1   rms: 0.2850E-01   max: 0.9758E-01   D at   68  1   RLX: 0.501
       a = 16.000      CL =  1.3053
      Cm = -0.0274     CD =  0.08452   =>   CDf =  0.00674    CDp =  0.07778

 Side 1  free  transition at x/c =  0.0328   36
 Side 2 forced transition at x/c =  1.0000   65

   2   rms: 0.1414E-01   max: 0.5073E-01   D at   69  1
       a = 16.000      CL =  1.3040
      Cm = -0.0277     CD =  0.08640   =>   CDf =  0.00670    CDp =  0.07970

 Side 1  free  transition at x/c =  0.0324   36
 Side 2 forced transition at x/c =  1.0000   65

   3   rms: 0.2039E-02   max: 0.7772E-02   D at   80  2
       a = 16.000      CL =  1.3027
      Cm = -0.0277     CD =  0.08613   =>   CDf =  0.00666    CDp =  0.07947

 Side 1  free  transition at x/c =  0.0325   36
 Side 2 forced transition at x/c =  1.0000   65

   4   rms: 0.9857E-04   max: -.6539E-03   D at   70  1
       a = 16.000      CL =  1.3027
      Cm = -0.0277     CD =  0.08608   =>   CDf =  0.00665    CDp =  0.07942
      9.000   11.3753   0.086076   0.021730   0.004725  -0.017005    0.0325     #

 Point added to stored polar  1
 Point written to save file  clarky_re150000_clean.polar                     
 Dump file unspecified or not available
 Calculating wake trajectory ...
 Calculating source influence matrix ...

 Solving BL system ...

 Side 1  free  transition at x/c =  0.0325   36
 Side 2 forced transition at x/c =  1.0000   65

   1   rms: 0.2773E-01   max: 0.1066E+00   T at   36  1   RLX: 0.486
       a = 16.250      CL =  1.3026
      Cm = -0.0280     CD =  0.08809   =>   CDf =  0.00666    CDp =  0.08143

 Side 1  free  transition at x/c =  0.0320   36
 Side 2 forced transition at x/c =  1.0000   65

   2   rms: 0.1396E-01   max: 0.5486E-01   T at   36  1
       a = 16.250      CL =  1.3022
      Cm = -0.0282     CD =  0.08985   =>   CDf =  0.00665    CDp =  0.08321

 Side 1  free  transition at x/c =  0.0317   36
 Side 2 forced transition at x/c =  1.0000   65

   3   rms: 0.2019E-02   max: -.7904E-02   T at   36  1
       a = 16.250      CL =  1.3010
      Cm = -0.0282     CD =  0.08959   =>   CDf =  0.00664    CDp =  0.08294

 Side 1  free  transition at x/c =  0.0317   36
 Side 2 forced transition at x/c =  1.0000   65

   4   rms: 0.1774E-03   max: -.1083E-02   D at   69  1
       a = 16.250      CL =  1.3010
      Cm = -0.0281     CD =  0.08952   =>   CDf =  0.00663    CDp =  0.08289

 Side 1  free  transition at x/c =  0.0317   36
 Side 2 forced transition at x/c =  1.0000   65

   5   rms: 0.2463E-04   max: -.1040E-03   D at   83  2
       a = 16.250      CL =  1.3010
      Cm = -0.0281     CD =  0.08952   =>   CDf =  0.00663    CDp =  0.08289
      9.000   11.6220   0.089524   0.022035   0.004875  -0.017160    0.0317     #

 Point added to stored polar  1
 Point written to save file  clarky_re150000_clean.polar                     
 Dump file unspecified or not available
 Calculating wake trajectory ...
 Calculating source influence matrix ...

 Solving BL system ...

 Side 1  free  transition at x/c =  0.0317   36
 Side 2 forced transition at x/c =  1.0000   65

   1   rms: 0.2759E-01   max: 0.1373E+00   T at   36  1   RLX: 0.474
       a = 16.500      CL =  1.3020
      Cm = -0.0282     CD =  0.09120   =>   CDf =  0.00664    CDp =  0.08456

 Side 1  free  transition at x/c =  0.0313   36
 Side 2 forced transition at x/c =  1.0000   65

   2   rms: 0.1490E-01   max: 0.8633E-01   T at   36  1
       a = 16.500      CL =  1.3042
      Cm = -0.0278     CD =  0.09222   =>   CDf =  0.00666    CDp =  0.08556

 Side 1  free  transition at x/c =  0.0310   35
 Side 2 forced transition at x/c =  1.0000   65

   3   rms: 0.4774E-02   max: 0.5414E-01   D at   36  1
       a = 16.500      CL =  1.3032
      Cm = -0.0280     CD =  0.09238   =>   CDf =  0.00667    CDp =  0.08571

 Side 1  free  transition at x/c =  0.0310   35
 Side 2 forced transition at x/c =  1.0000   65

   4   rms: 0.1045E-02   max: 0.4305E-02   D at   68  1
       a = 16.500      CL =  1.3026
      Cm = -0.0281     CD =  0.09236   =>   CDf =  0.00665    CDp =  0.08571

 Side 1  free  transition at x/c =  0.0310   35
 Side 2 forced transition at x/c =  1.0000   65

   5   rms: 0.9631E-04   max: 0.4640E-03   D at   80  2
       a = 16.500      CL =  1.3025
      Cm = -0.0280     CD =  0.09233   =>   CDf =  0.00665    CDp =  0.08568
      9.000   11.8363   0.092330   0.022723   0.005071  -0.017651    0.0310     #

 Point added to stored polar  1
 Point written to save file  clarky_re150000_clean.polar                     
 Dump file unspecified or not available
 Calculating wake trajectory ...
 Calculating source influence matrix ...

 Solving BL system ...

 Side 1  free  transition at x/c =  0.0310   35
 Side 2 forced transition at x/c =  1.0000   65

   1   rms: 0.2809E-01   max: 0.9958E-01   T at   35  1   RLX: 0.463
       a = 16.750      CL =  1.3043
      Cm = -0.0280     CD =  0.09389   =>   CDf =  0.00665    CDp =  0.08723

 Side 1  free  transition at x/c =  0.0306   35
 Side 2 forced transition at x/c =  1.0000   65

   2   rms: 0.1453E-01   max: 0.4342E-01   T at   35  1
       a = 16.750      CL =  1.3052
      Cm = -0.0281     CD =  0.09568   =>   CDf =  0.00658    CDp =  0.08910

 Side 1  free  transition at x/c =  0.0303   35
 Side 2 forced transition at x/c =  1.0000   65

   3   rms: 0.3151E-02   max: 0.1146E-01   D at   68  1
       a = 16.750      CL =  1.3033
      Cm = -0.0283     CD =  0.09562   =>   CDf =  0.00650    CDp =  0.08912

 Side 1  free  transition at x/c =  0.0304   35
 Side 2 forced transition at x/c =  1.0000   65

   4   rms: 0.1972E-03   max: -.1216E-02   D at   69  1
       a = 16.750      CL =  1.3033
      Cm = -0.0283     CD =  0.09550   =>   CDf =  0.00650    CDp =  0.08900

 Side 1  free  transition at x/c =  0.0304   35
 Side 2 forced transition at x/c =  1.0000   65

   5   rms: 0.3139E-04   max: -.1239E-03   D at   83  2
       a = 16.750      CL =  1.3033
      Cm = -0.0283     CD =  0.09550   =>   CDf =  0.00650    CDp =  0.08900
      9.000   12.2095   0.095502   0.023257   0.005329  -0.017928    0.0304     #

 Point added to stored polar  1
 Point written to save file  clarky_re150000_clean.polar                     
 Dump file unspecified or not available
 Calculating wake trajectory ...
 Calculating source influence matrix ...

 Solving BL system ...

 Side 1  free  transition at x/c =  0.0304   35
 Side 2 forced transition at x/c =  1.0000   65

   1   rms: 0.2760E-01   max: 0.8953E-01   T at   35  1   RLX: 0.451
       a = 17.000      CL =  1.3054
      Cm = -0.0282     CD =  0.09694   =>   CDf =  0.00593    CDp =  0.09101

 Side 1  free  transition at x/c =  0.0300   36
 Side 2 forced transition at x/c =  1.0000   64

   2   rms: 0.2078E-01   max: 0.2616E+00   T at    2  1
       a = 17.000      CL =  1.3065
      Cm = -0.0284     CD =  0.09881   =>   CDf =  0.00644    CDp =  0.09237

 Side 1  free  transition at x/c =  0.0297   36
 Side 2 forced transition at x/c =  1.0000   64

   3   rms: 0.3682E-02   max: 0.2209E-01   D at    4  1
       a = 17.000      CL =  1.3044
      Cm = -0.0286     CD =  0.09875   =>   CDf =  0.00638    CDp =  0.09237

 Side 1  free  transition at x/c =  0.0297   36
 Side 2 forced transition at x/c =  1.0000   64

   4   rms: 0.2804E-03   max: -.1827E-02   D at   69  1
       a = 17.000      CL =  1.3045
      Cm = -0.0286     CD =  0.09861   =>   CDf =  0.00637    CDp =  0.09224

 Side 1  free  transition at x/c =  0.0297   36
 Side 2 forced transition at x/c =  1.0000   64

   5   rms: 0.4394E-04   max: -.1924E-03   D at   82  2
       a = 17.000      CL =  1.3045
      Cm = -0.0286     CD =  0.09861   =>   CDf =  0.00637    CDp =  0.09224
      9.000   12.7552   0.098614   0.023850   0.005574  -0.018276    0.0297     #

 Point added to stored polar  1
 Point written to save file  clarky_re150000_clean.polar                     
 Dump file unspecified or not available
 Calculating wake trajectory ...
 Calculating source influence matrix ...

 Solving BL system ...

 Side 1  free  transition at x/c =  0.0297   36
 Side 2 forced transition at x/c =  1.0000   64

   1   rms: 0.2698E-01   max: 0.9792E-01   T at   36  1   RLX: 0.441
       a = 17.250      CL =  1.3064
      Cm = -0.0286     CD =  0.10008   =>   CDf =  0.00638    CDp =  0.09371

 Side 1  free  transition at x/c =  0.0294   36
 Side 2 forced transition at x/c =  1.0000   64

   2   rms: 0.1433E-01   max: 0.5277E-01   T at   36  1
       a = 17.250      CL =  1.3078
      Cm = -0.0288     CD =  0.10193   =>   CDf =  0.00633    CDp =  0.09560

 Side 1  free  transition at x/c =  0.0290   36
 Side 2 forced transition at x/c =  1.0000   64

   3   rms: 0.2951E-02   max: -.9620E-02   T at   36  1
       a = 17.250      CL =  1.3061
      Cm = -0.0290     CD =  0.10179   =>   CDf =  0.00629    CDp =  0.09550

 Side 1  free  transition at x/c =  0.0291   36
 Side 2 forced transition at x/c =  1.0000   64

   4   rms: 0.3511E-03   max: -.2035E-02   D at   69  1
       a = 17.250      CL =  1.3062
      Cm = -0.0289     CD =  0.10166   =>   CDf =  0.00628    CDp =  0.09538

 Side 1  free  transition at x/c =  0.0291   36
 Side 2 forced transition at x/c =  1.0000   64

   5   rms: 0.4931E-04   max: -.2234E-03   D at   82  2
       a = 17.250      CL =  1.3062
      Cm = -0.0289     CD =  0.10167   =>   CDf =  0.00628    CDp =  0.09539
      9.000   13.2562   0.101668   0.024470   0.005783  -0.018686    0.0291     #

 Point added to stored polar  1
 Point written to save file  clarky_re150000_clean.polar                     
 Dump file unspecified or not available
 Calculating wake trajectory ...
 Calculating source influence matrix ...

 Solving BL system ...

 Side 1  free  transition at x/c =  0.0291   36
 Side 2 forced transition at x/c =  1.0000   64

   1   rms: 0.2663E-01   max: 0.1175E+00   T at   36  1   RLX: 0.431
       a = 17.500      CL =  1.3081
      Cm = -0.0290     CD =  0.10310   =>   CDf =  0.00628    CDp =  0.09682

 Side 1  free  transition at x/c =  0.0287   36
 Side 2 forced transition at x/c =  1.0000   64

   2   rms: 0.1459E-01   max: 0.7020E-01   T at   36  1
       a = 17.500      CL =  1.3103
      Cm = -0.0292     CD =  0.10478   =>   CDf =  0.00626    CDp =  0.09852

 Side 1  free  transition at x/c =  0.0284   36
 Side 2 forced transition at x/c =  1.0000   64

   3   rms: 0.2584E-02   max: -.1298E-01   D at   36  1
       a = 17.500      CL =  1.3090
      Cm = -0.0293     CD =  0.10448   =>   CDf =  0.00625    CDp =  0.09823

 Side 1  free  transition at x/c =  0.0284   36
 Side 2 forced transition at x/c =  1.0000   64

   4   rms: 0.8405E-03   max: -.3665E-02   D at   68  1
       a = 17.500      CL =  1.3095
      Cm = -0.0292     CD =  0.10435   =>   CDf =  0.00625    CDp =  0.09810

 Side 1  free  transition at x/c =  0.0284   36
 Side 2 forced transition at x/c =  1.0000   64

   5   rms: 0.1122E-03   max: -.4888E-03   D at   83  2
       a = 17.500      CL =  1.3096
      Cm = -0.0292     CD =  0.10437   =>   CDf =  0.00625    CDp =  0.09812

 Side 1  free  transition at x/c =  0.0284   36
 Side 2 forced transition at x/c =  1.0000   64

   6   rms: 0.4691E-05   max: -.2970E-04   D at   80  2
       a = 17.500      CL =  1.3096
      Cm = -0.0292     CD =  0.10438   =>   CDf =  0.00625    CDp =  0.09813
      9.000   13.7019   0.104377   0.025192   0.005961  -0.019231    0.0284     #

 Point added to stored polar  1
 Point written to save file  clarky_re150000_clean.polar                     
 Dump file unspecified or not available
 Calculating wake trajectory ...
 Calculating source influence matrix ...

 Solving BL system ...

 Side 1  free  transition at x/c =  0.0284   36
 Side 2 forced transition at x/c =  1.0000   64

   1   rms: 0.3109E-01   max: 0.1850E+00   T at   36  1   RLX: 0.423
       a = 17.750      CL =  1.3135
      Cm = -0.0289     CD =  0.10516   =>   CDf =  0.00625    CDp =  0.09891

 Side 1  free  transition at x/c =  0.0280   36
 Side 2 forced transition at x/c =  1.0000   64

   2   rms: 0.2921E-01   max: 0.1789E+00   T at   36  1
       a = 17.750      CL =  1.3261
      Cm = -0.0269     CD =  0.10379   =>   CDf =  0.00630    CDp =  0.09749

 Side 1  free  transition at x/c =  0.0274   35
 Side 2 forced transition at x/c =  1.0000   64

   3   rms: 0.2316E-01   max: 0.1349E+00   D at   36  1
       a = 17.750      CL =  1.3181
      Cm = -0.0289     CD =  0.10722   =>   CDf =  0.00632    CDp =  0.10091

 Side 1  free  transition at x/c =  0.0276   35
 Side 2 forced transition at x/c =  1.0000   64

   4   rms: 0.4132E-02   max: 0.2065E-01   D at   68  1
       a = 17.750      CL =  1.3161
      Cm = -0.0288     CD =  0.10660   =>   CDf =  0.00626    CDp =  0.10034

 Side 1  free  transition at x/c =  0.0276   35
 Side 2 forced transition at x/c =  1.0000   64

   5   rms: 0.3583E-03   max: 0.1803E-02   D at   85  2
       a = 17.750      CL =  1.3159
      Cm = -0.0288     CD =  0.10644   =>   CDf =  0.00626    CDp =  0.10018

 Side 1  free  transition at x/c =  0.0277   35
 Side 2 forced transition at x/c =  1.0000   64

   6   rms: 0.3064E-04   max: -.1163E-03   D at   66  1
       a = 17.750      CL =  1.3159
      Cm = -0.0288     CD =  0.10643   =>   CDf =  0.00626    CDp =  0.10016
      9.000   14.1986   0.106427   0.026407   0.006276  -0.020131    0.0277     #

 Point added to stored polar  1
 Point written to save file  clarky_re150000_clean.polar                     
 Dump file unspecified or not available
 Calculating wake trajectory ...
 Calculating source influence matrix ...

 Solving BL system ...

 Side 1  free  transition at x/c =  0.0277   35
 Side 2 forced transition at x/c =  1.0000   64

   1   rms: 0.2888E-01   max: 0.1098E+00   D at   65  1   RLX: 0.412
       a = 18.000      CL =  1.3148
      Cm = -0.0295     CD =  0.10874   =>   CDf =  0.00627    CDp =  0.10247

 Side 1  free  transition at x/c =  0.0275   35
 Side 2 forced transition at x/c =  1.0000   64

   2   rms: 0.1715E-01   max: 0.6767E-01   D at   67  1
       a = 18.000      CL =  1.3122
      Cm = -0.0307     CD =  0.11180   =>   CDf =  0.00616    CDp =  0.10564

 Side 1  free  transition at x/c =  0.0272   35
 Side 2 forced transition at x/c =  1.0000   64

   3   rms: 0.3266E-02   max: 0.1148E-01   D at   83  2
       a = 18.000      CL =  1.3102
      Cm = -0.0308     CD =  0.11126   =>   CDf =  0.00602    CDp =  0.10524

 Side 1  free  transition at x/c =  0.0273   35
 Side 2 forced transition at x/c =  1.0000   64

   4   rms: 0.3230E-03   max: -.1859E-02   D at   68  1
       a = 18.000      CL =  1.3103
      Cm = -0.0307     CD =  0.11108   =>   CDf =  0.00603    CDp =  0.10506

 Side 1  free  transition at x/c =  0.0273   35
 Side 2 forced transition at x/c =  1.0000   64

   5   rms: 0.3208E-04   max: -.1877E-03   D at   83  2
       a = 18.000      CL =  1.3104
      Cm = -0.0307     CD =  0.11110   =>   CDf =  0.00603    CDp =  0.10507
      9.000   14.6487   0.111099   0.026539   0.006478  -0.020062    0.0273     #

 Point added to stored polar  1
 Point written to save file  clarky_re150000_clean.polar                     
 Dump file unspecified or not available

.OPERva   c>  
 Polar accumulation disabled

.OPERv   c>  
 XFOIL   c>  
--- STDERR ---
