
 ===================================================
  XFOIL Version 6.99
  Copyright (C) 2000   Mark Drela, Harold Youngren

  This software comes with ABSOLUTELY NO WARRANTY,
    subject to the GNU General Public License.

  Caveat computor
 ===================================================

 File  xfoil.def  not found

   QUIT    Exit program

  .OPER    Direct operating point(s)
  .MDES    Complex mapping design routine
  .QDES    Surface speed design routine
  .GDES    Geometry design routine

   SAVE f  Write airfoil to labeled coordinate file
   PSAV f  Write airfoil to plain coordinate file
   ISAV f  Write airfoil to ISES coordinate file
   MSAV f  Write airfoil to MSES coordinate file
   REVE    Reverse written-airfoil node ordering
   DELI i  Change written-airfoil file delimiters

   LOAD f  Read buffer airfoil from coordinate file
   NACA i  Set NACA 4,5-digit airfoil and buffer airfoil
   INTE    Set buffer airfoil by interpolating two airfoils
   NORM    Buffer airfoil normalization toggle
   HALF    Halve the number of points in buffer airfoil
   XYCM rr Change CM reference location, currently  0.25000 0.00000

   BEND    Display structural properties of current airfoil

   PCOP    Set current-airfoil panel nodes directly from buffer airfoil points
   PANE    Set current-airfoil panel nodes ( 160 ) based on curvature
  .PPAR    Show/change paneling

  .PLOP    Plotting options

   WDEF f  Write  current-settings file
   RDEF f  Reread current-settings file
   NAME s  Specify new airfoil name
   NINC    Increment name version number

   Z       Zoom    | (available in all menus)
   U       Unzoom  | 

 XFOIL   c>  
 Labeled airfoil file.  Name:  Clark Y generated XFOIL input; source clarky.dat

 Number of input coordinate points: 122
 Counterclockwise ordering
 Max thickness =     0.117071  at x =   0.280
 Max camber    =     0.034331  at x =   0.420

  LE  x,y  =   0.00000   0.00000  |   Chord =   1.00000
  TE  x,y  =   1.00000   0.00000  |

 Current airfoil nodes set from buffer airfoil nodes ( 121 )

 XFOIL   c>  
 Sharp leading edge

 Blunt trailing edge.  Gap =  0.00120

 Paneling parameters used...
   Number of panel nodes       160
   Panel bunching parameter    1.000
   TE/LE panel density ratio   0.150
   Refined-area/LE panel density ratio    0.200
   Top    side refined area x/c limits  1.000 1.000
   Bottom side refined area x/c limits  1.000 1.000

 XFOIL   c>  
.OPERi   c>  
 M  =    0.0000
 Re =  0.1500E+06

.OPERv   c>  
 Xtr/c     =  1.0000    top    side
 Xtr/c     =  1.0000    bottom side
 NcritT    =    9.00   ( 0.070 % turb. level )
 NcritB    =    9.00   ( 0.070 % turb. level )
 Vacc      =  0.0100
 WakeL/c   =   1.000

 Klag  =  5.6000     Uxwt  =    1.00       Kdl =  0.9000
 A     =  6.7000     B     =  0.7500       KCt = 0.01485
 CtiniK=  1.8000     CtiniX=  3.3000

..VPAR   c>  
..VPAR   c>  
.OPERv   c>  
.OPERv   c>  
 Polar  1 newly created for accumulation
 Airfoil archived with polar: Clark Y generated XFOIL input; source clarky.dat

Enter  polar save filename  OR  <return> for no file   s>  
 New polar save file available

Enter  polar dump filename  OR  <return> for no file   s>  
 Polar dump file will NOT be written

 Polar accumulation enabled

.OPERva   c>   Calculating unit vorticity distributions ...
 Calculating wake trajectory ...
 Calculating source influence matrix ...

 Solving BL system ...

 Initializing BL ...
    side            1  ...
 MRCHUE: Inverse mode at  31     Hk =   3.800
 MRCHUE: Inverse mode at  32     Hk =   4.467
 MRCHUE: Inverse mode at  33     Hk =   5.077
 MRCHUE: Convergence failed at  34  side 1    Res =  0.2092E+02
 MRCHUE: Inverse mode at  35     Hk =   5.667
 MRCHUE: Convergence failed at  36  side 1    Res =  0.4773E+01
 MRCHUE: Inverse mode at  37     Hk =   6.246
 MRCHUE: Inverse mode at  38     Hk =   5.542
 MRCHUE: Inverse mode at  39     Hk =   3.103
 MRCHUE: Inverse mode at  40     Hk =   2.500
 MRCHUE: Inverse mode at  80     Hk =   2.500
 MRCHUE: Inverse mode at  81     Hk =   2.500
 MRCHUE: Inverse mode at  82     Hk =   2.500
 MRCHUE: Inverse mode at  83     Hk =   2.500
 MRCHUE: Inverse mode at  84     Hk =   2.500
 MRCHUE: Inverse mode at  85     Hk =   2.500
 MRCHUE: Inverse mode at  86     Hk =   2.500
 MRCHUE: Inverse mode at  87     Hk =   2.500
 MRCHUE: Inverse mode at  88     Hk =   2.500
 MRCHUE: Inverse mode at  89     Hk =   2.500
 MRCHUE: Inverse mode at  90     Hk =   2.500
 MRCHUE: Inverse mode at  91     Hk =   2.500
 MRCHUE: Inverse mode at  92     Hk =   2.500
 MRCHUE: Inverse mode at  93     Hk =   2.500
 MRCHUE: Inverse mode at  94     Hk =   2.500
 MRCHUE: Inverse mode at  95     Hk =   2.500
 MRCHUE: Inverse mode at  96     Hk =   2.500
 MRCHUE: Inverse mode at  97     Hk =   2.500
 MRCHUE: Inverse mode at  98     Hk =   2.500
 MRCHUE: Inverse mode at  99     Hk =   2.500
 MRCHUE: Inverse mode at 100     Hk =   2.500
 MRCHUE: Inverse mode at 101     Hk =   2.500
 MRCHUE: Convergence failed at 102  side 1    Res =  0.4729E+01
 MRCHUE: Inverse mode at 103     Hk =   2.500
 MRCHUE: Inverse mode at 104     Hk =   2.500
 MRCHUE: Inverse mode at 105     Hk =   2.500
 MRCHUE: Convergence failed at 106  side 1    Res =  0.4665E+01
 MRCHUE: Inverse mode at 107     Hk =   2.500
 MRCHUE: Convergence failed at 108  side 1    Res =  0.5436E+01
    side            2  ...
 MRCHUE: Inverse mode at  55     Hk =   2.918

 MRCHDU: Convergence failed at  36  side 1    Res =  0.3318E+01
 MRCHDU: Convergence failed at  37  side 1    Res =  0.4044E+01
 MRCHDU: Convergence failed at  38  side 1    Res =  0.5532E+01
 MRCHDU: Convergence failed at  39  side 1    Res =  0.3854E+01
 MRCHDU: Convergence failed at  40  side 1    Res =  0.8401E+01
 MRCHDU: Convergence failed at  41  side 1    Res =  0.1317E+02
 MRCHDU: Convergence failed at  42  side 1    Res =  0.1120E+02
 MRCHDU: Convergence failed at  43  side 1    Res =  0.1190E+02
 MRCHDU: Convergence failed at  44  side 1    Res =  0.1269E+02
 MRCHDU: Convergence failed at  45  side 1    Res =  0.1440E+02
 MRCHDU: Convergence failed at  46  side 1    Res =  0.1738E+02
 MRCHDU: Convergence failed at  47  side 1    Res =  0.3195E+02
 MRCHDU: Convergence failed at  48  side 1    Res =  0.4677E+02
 MRCHDU: Convergence failed at  49  side 1    Res =  0.3523E+02
 MRCHDU: Convergence failed at  50  side 1    Res =  0.1047E+02
 MRCHDU: Convergence failed at  51  side 1    Res =  0.9763E+01
 MRCHDU: Convergence failed at  52  side 1    Res =  0.9447E+01
 MRCHDU: Convergence failed at  53  side 1    Res =  0.1026E+02
 MRCHDU: Convergence failed at  54  side 1    Res =  0.1078E+02
 MRCHDU: Convergence failed at  55  side 1    Res =  0.1028E+02
 MRCHDU: Convergence failed at  56  side 1    Res =  0.1101E+02
 MRCHDU: Convergence failed at  57  side 1    Res =  0.1250E+02
 MRCHDU: Convergence failed at  58  side 1    Res =  0.2111E+02
 MRCHDU: Convergence failed at  59  side 1    Res =  0.2265E+02
 MRCHDU: Convergence failed at  60  side 1    Res =  0.2247E+02
 MRCHDU: Convergence failed at  61  side 1    Res =  0.2257E+02
 MRCHDU: Convergence failed at  62  side 1    Res =  0.2295E+02
 MRCHDU: Convergence failed at  63  side 1    Res =  0.2330E+02
 MRCHDU: Convergence failed at  64  side 1    Res =  0.7233E+02
 MRCHDU: Convergence failed at  65  side 1    Res =  0.2505E+02
 MRCHDU: Convergence failed at  66  side 1    Res =  0.2167E+02
 MRCHDU: Convergence failed at  67  side 1    Res =  0.2053E+02
 MRCHDU: Convergence failed at  68  side 1    Res =  0.1251E+02
 MRCHDU: Convergence failed at  69  side 1    Res =  0.4487E+02
 MRCHDU: Convergence failed at  70  side 1    Res =  0.3465E+02
 MRCHDU: Convergence failed at  71  side 1    Res =  0.1566E+03
 MRCHDU: Convergence failed at  72  side 1    Res =  0.7750E+02
 MRCHDU: Convergence failed at  73  side 1    Res =  0.5596E+02
 MRCHDU: Convergence failed at  74  side 1    Res =  0.4542E+02
 MRCHDU: Convergence failed at  75  side 1    Res =  0.3811E+02
 MRCHDU: Convergence failed at  76  side 1    Res =  0.3744E+02
 MRCHDU: Convergence failed at  77  side 1    Res =  0.3119E+02
 MRCHDU: Convergence failed at  78  side 1    Res =  0.2689E+02
 MRCHDU: Convergence failed at  79  side 1    Res =  0.2417E+02
 MRCHDU: Convergence failed at  80  side 1    Res =  0.2206E+02
 MRCHDU: Convergence failed at  81  side 1    Res =  0.2109E+02
 MRCHDU: Convergence failed at  82  side 1    Res =  0.2028E+02
 MRCHDU: Convergence failed at  83  side 1    Res =  0.2547E+02
 MRCHDU: Convergence failed at  84  side 1    Res =  0.2477E+02
 MRCHDU: Convergence failed at  85  side 1    Res =  0.2408E+02
 MRCHDU: Convergence failed at  86  side 1    Res =  0.2344E+02
 MRCHDU: Convergence failed at  87  side 1    Res =  0.2284E+02
 MRCHDU: Convergence failed at  88  side 1    Res =  0.2228E+02
 MRCHDU: Convergence failed at  89  side 1    Res =  0.2174E+02
 MRCHDU: Convergence failed at  90  side 1    Res =  0.2125E+02
 MRCHDU: Convergence failed at  91  side 1    Res =  0.2077E+02
 MRCHDU: Convergence failed at  92  side 1    Res =  0.2033E+02
 MRCHDU: Convergence failed at  93  side 1    Res =  0.1990E+02
 MRCHDU: Convergence failed at  94  side 1    Res =  0.1949E+02
 MRCHDU: Convergence failed at  95  side 1    Res =  0.2602E+02
 MRCHDU: Convergence failed at  96  side 1    Res =  0.2479E+02
 MRCHDU: Convergence failed at  97  side 1    Res =  0.2372E+02
 MRCHDU: Convergence failed at  98  side 1    Res =  0.2279E+02
 MRCHDU: Convergence failed at  99  side 1    Res =  0.2197E+02
 MRCHDU: Convergence failed at 100  side 1    Res =  0.2123E+02
 MRCHDU: Convergence failed at 101  side 1    Res =  0.2076E+02
 MRCHDU: Convergence failed at 102  side 1    Res =  0.1523E+02
 MRCHDU: Convergence failed at 103  side 1    Res =  0.1503E+02
 MRCHDU: Convergence failed at 104  side 1    Res =  0.1484E+02
 MRCHDU: Convergence failed at 105  side 1    Res =  0.1466E+02
 MRCHDU: Convergence failed at 106  side 1    Res =  0.1197E+02
 MRCHDU: Convergence failed at 107  side 1    Res =  0.1188E+02
 MRCHDU: Convergence failed at 108  side 1    Res =  0.9136E+01
 Side 1  free  transition at x/c =  0.0123   38
 Side 2 forced transition at x/c =  1.0000   55

   1   rms: 0.3447E+01   max: -.5227E+01   C at   55  2   RLX: 0.096
       a = 18.000      CL = 13.4634
      Cm = -3.4220     CD =  0.00120   =>   CDf = -0.00269    CDp =  0.00388

 Side 1  free  transition at x/c =  0.0118   38
 Side 2 forced transition at x/c =  1.0000   55

   2   rms: 0.2570E+01   max: -.2892E+01   U at  108  1   RLX: 0.046
       a = 18.000      CL = 12.4872
      Cm = -3.1395     CD =  0.00281   =>   CDf =  0.05795    CDp = -0.05514

 Side 1  free  transition at x/c =  0.0115   38
 Side 2 forced transition at x/c =  1.0000   55

   3   rms: 0.2461E+01   max: -.2758E+01   U at  108  1   RLX: 0.050
       a = 18.000      CL = 11.7896
      Cm = -2.9128     CD =  0.00297   =>   CDf =  0.05476    CDp = -0.05180

 Side 1  free  transition at x/c =  0.0112   38
 Side 2 forced transition at x/c =  1.0000   55

   4   rms: 0.2347E+01   max: -.2618E+01   U at  108  1   RLX: 0.054
       a = 18.000      CL = 11.0983
      Cm = -2.6895     CD =  0.00315   =>   CDf =  0.05149    CDp = -0.04834

 Side 1  free  transition at x/c =  0.0110   38
 Side 2 forced transition at x/c =  1.0000   55

   5   rms: 0.2233E+01   max: -.2475E+01   U at  108  1   RLX: 0.058
       a = 18.000      CL = 10.4137
      Cm = -2.4697     CD =  0.00335   =>   CDf =  0.04823    CDp = -0.04488

 Side 1  free  transition at x/c =  0.0107   38
 Side 2 forced transition at x/c =  1.0000   55

   6   rms: 0.2110E+01   max: -.2327E+01   U at  108  1   RLX: 0.063
       a = 18.000      CL =  9.7372
      Cm = -2.2538     CD =  0.00360   =>   CDf =  0.04504    CDp = -0.04144

 Side 1  free  transition at x/c =  0.0106   38
 Side 2 forced transition at x/c =  1.0000   55

   7   rms: 0.1987E+01   max: -.2176E+01   U at  108  1   RLX: 0.069
       a = 18.000      CL =  9.0689
      Cm = -2.0422     CD =  0.00391   =>   CDf =  0.04189    CDp = -0.03798

 Side 1  free  transition at x/c =  0.0104   38
 Side 2 forced transition at x/c =  1.0000   55

   8   rms: 0.1865E+01   max: -.2020E+01   U at  108  1   RLX: 0.075
       a = 18.000      CL =  8.4095
      Cm = -1.8352     CD =  0.00429   =>   CDf =  0.03878    CDp = -0.03449

 Side 1  free  transition at x/c =  0.0103   37
 Side 2 forced transition at x/c =  1.0000   55

   9   rms: 0.1735E+01   max: -.1862E+01   U at  108  1   RLX: 0.084
       a = 18.000      CL =  7.7602
      Cm = -1.6329     CD =  0.00475   =>   CDf =  0.03572    CDp = -0.03096

 Side 1  free  transition at x/c =  0.0101   37
 Side 2 forced transition at x/c =  1.0000   55

  10   rms: 0.1611E+01   max: -.1698E+01   U at  108  1   RLX: 0.093
       a = 18.000      CL =  7.1200
      Cm = -1.4363     CD =  0.00537   =>   CDf =  0.03260    CDp = -0.02723

 Side 1  free  transition at x/c =  0.0100   37
 Side 2 forced transition at x/c =  1.0000   55

  11   rms: 0.1488E+01   max: -.1528E+01   U at  108  1   RLX: 0.106
       a = 18.000      CL =  6.4904
      Cm = -1.2457     CD =  0.00618   =>   CDf =  0.02952    CDp = -0.02333

 Side 1  free  transition at x/c =  0.0098   37
 Side 2 forced transition at x/c =  1.0000   55

  12   rms: 0.1366E+01   max: 0.1551E+01   D at   60  2   RLX: 0.121
       a = 18.000      CL =  5.8723
      Cm = -1.0618     CD =  0.00732   =>   CDf =  0.02648    CDp = -0.01916

 Side 1  free  transition at x/c =  0.0097   37
 Side 2 forced transition at x/c =  1.0000   55

  13   rms: 0.1245E+01   max: 0.1618E+01   D at   60  2   RLX: 0.140
       a = 18.000      CL =  5.2666
      Cm = -0.8855     CD =  0.00894   =>   CDf =  0.02458    CDp = -0.01564

 Side 1  free  transition at x/c =  0.0096   36
 Side 2 forced transition at x/c =  1.0000   56

  14   rms: 0.1131E+01   max: -.1709E+01   D at    2  2   RLX: 0.165
       a = 18.000      CL =  4.6745
      Cm = -0.7177     CD =  0.01135   =>   CDf =  0.02057    CDp = -0.00923

 Side 1  free  transition at x/c =  0.0096   36
 Side 2 forced transition at x/c =  1.0000   56

  15   rms: 0.1013E+01   max: 0.1749E+01   D at   62  2   RLX: 0.198
       a = 18.000      CL =  4.0966
      Cm = -0.5600     CD =  0.01505   =>   CDf =  0.01771    CDp = -0.00266

 Side 1  free  transition at x/c =  0.0096   36
 Side 2 forced transition at x/c =  1.0000   56

  16   rms: 0.9159E+00   max: 0.1795E+01   D at   63  2   RLX: 0.239
       a = 18.000      CL =  3.5336
      Cm = -0.4152     CD =  0.02086   =>   CDf =  0.01598    CDp =  0.00488

 Side 1  free  transition at x/c =  0.0097   35
 Side 2 forced transition at x/c =  1.0000   57

  17   rms: 0.8709E+00   max: -.2505E+01   T at    2  2   RLX: 0.200
       a = 18.000      CL =  3.1463
      Cm = -0.3262     CD =  0.02696   =>   CDf =  0.01240    CDp =  0.01456

 Side 1  free  transition at x/c =  0.0099   35
 Side 2 forced transition at x/c =  1.0000   57

  18   rms: 0.8768E+00   max: 0.1889E+01   D at   65  2   RLX: 0.310
       a = 18.000      CL =  2.6077
      Cm = -0.2169     CD =  0.03701   =>   CDf =  0.01189    CDp =  0.02512

 Side 1  free  transition at x/c =  0.0105   35
 Side 2 forced transition at x/c =  1.0000   58

  19   rms: 0.9414E+00   max: 0.2316E+01   D at   97  1   RLX: 0.373
       a = 18.000      CL =  2.0891
      Cm = -0.1435     CD =  0.05546   =>   CDf =  0.01103    CDp =  0.04443

 Side 1  free  transition at x/c =  0.0116   33
 Side 2 forced transition at x/c =  1.0000   60

  20   rms: 0.7231E+00   max: 0.2043E+01   D at   85  1   RLX: 0.562
       a = 18.000      CL =  1.5788
      Cm = -0.0886     CD =  0.09811   =>   CDf =  0.01035    CDp =  0.08776

 MRCHDU: Convergence failed at  70  side 1    Res =  0.1618E+01
 MRCHDU: Convergence failed at  71  side 1    Res =  0.1305E+01
 MRCHDU: Convergence failed at  72  side 1    Res =  0.1138E+01
 MRCHDU: Convergence failed at  73  side 1    Res =  0.2683E+01
 Side 1  free  transition at x/c =  0.0143   31
 Side 2 forced transition at x/c =  1.0000   63

  21   rms: 0.2712E+00   max: 0.1416E+01   D at   73  1   RLX: 0.387
       a = 18.000      CL =  1.5095
      Cm = -0.0795     CD =  0.10184   =>   CDf =  0.00703    CDp =  0.09481

 Side 1  free  transition at x/c =  0.0146   32
 Side 2 forced transition at x/c =  1.0000   63

  22   rms: 0.3244E+00   max: 0.1456E+01   D at   73  1
       a = 18.000      CL =  1.2262
      Cm = -0.0592     CD =  0.15687   =>   CDf =  0.00789    CDp =  0.14898

 Side 1  free  transition at x/c =  0.0161   30
 Side 2 forced transition at x/c =  1.0000   65

  23   rms: 0.1101E+00   max: -.1311E+01   D at    2  2   RLX: 0.381
       a = 18.000      CL =  1.2048
      Cm = -0.0539     CD =  0.13129   =>   CDf =  0.00605    CDp =  0.12524

 Side 1  free  transition at x/c =  0.0164   30
 Side 2 forced transition at x/c =  1.0000   65

  24   rms: 0.4042E-01   max: 0.2017E+00   D at   61  1
       a = 18.000      CL =  1.1962
      Cm = -0.0540     CD =  0.13866   =>   CDf =  0.00599    CDp =  0.13267

 Side 1  free  transition at x/c =  0.0167   30
 Side 2 forced transition at x/c =  1.0000   65

  25   rms: 0.2032E-01   max: -.8876E-01   D at   60  1
       a = 18.000      CL =  1.2070
      Cm = -0.0525     CD =  0.13388   =>   CDf =  0.00587    CDp =  0.12801

 Side 1  free  transition at x/c =  0.0165   30
 Side 2 forced transition at x/c =  1.0000   65

  26   rms: 0.2012E-02   max: -.1119E-01   D at   85  2
       a = 18.000      CL =  1.2083
      Cm = -0.0527     CD =  0.13467   =>   CDf =  0.00590    CDp =  0.12877

 Side 1  free  transition at x/c =  0.0165   30
 Side 2 forced transition at x/c =  1.0000   65

  27   rms: 0.1179E-03   max: -.7854E-03   D at   86  2
       a = 18.000      CL =  1.2083
      Cm = -0.0527     CD =  0.13480   =>   CDf =  0.00589    CDp =  0.12890

 Side 1  free  transition at x/c =  0.0165   30
 Side 2 forced transition at x/c =  1.0000   65

  28   rms: 0.1436E-04   max: 0.6400E-04   D at   84  2
       a = 18.000      CL =  1.2083
      Cm = -0.0527     CD =  0.13479   =>   CDf =  0.00589    CDp =  0.12890
      5.000   13.1397   0.134794   0.016363   0.003894  -0.012469    0.0165     #

 Point added to stored polar  1
 Point written to save file  clarky_re150000_realistic_model_reverse.polar   
 Dump file unspecified or not available
 Calculating wake trajectory ...
 Calculating source influence matrix ...

 Solving BL system ...

 Side 1  free  transition at x/c =  0.0165   30
 Side 2 forced transition at x/c =  1.0000   65

   1   rms: 0.2358E-01   max: -.1005E+00   D at   57  1   RLX: 0.387
       a = 17.750      CL =  1.2084
      Cm = -0.0518     CD =  0.13256   =>   CDf =  0.00589    CDp =  0.12667

 Side 1  free  transition at x/c =  0.0166   30
 Side 2 forced transition at x/c =  1.0000   65

   2   rms: 0.1553E-01   max: -.6960E-01   D at   57  1
       a = 17.750      CL =  1.2097
      Cm = -0.0503     CD =  0.12926   =>   CDf =  0.00593    CDp =  0.12333

 Side 1  free  transition at x/c =  0.0168   30
 Side 2 forced transition at x/c =  1.0000   65

   3   rms: 0.3985E-02   max: -.1568E-01   D at   85  2
       a = 17.750      CL =  1.2121
      Cm = -0.0503     CD =  0.12984   =>   CDf =  0.00601    CDp =  0.12383

 Side 1  free  transition at x/c =  0.0167   30
 Side 2 forced transition at x/c =  1.0000   65

   4   rms: 0.3084E-03   max: -.2106E-02   D at   85  2
       a = 17.750      CL =  1.2123
      Cm = -0.0503     CD =  0.13003   =>   CDf =  0.00601    CDp =  0.12402

 Side 1  free  transition at x/c =  0.0167   30
 Side 2 forced transition at x/c =  1.0000   65

   5   rms: 0.1970E-04   max: 0.7013E-04   D at   58  1
       a = 17.750      CL =  1.2123
      Cm = -0.0503     CD =  0.13005   =>   CDf =  0.00601    CDp =  0.12404
      5.000   12.9283   0.130046   0.016529   0.003807  -0.012723    0.0167     #

 Point added to stored polar  1
 Point written to save file  clarky_re150000_realistic_model_reverse.polar   
 Dump file unspecified or not available
 Calculating wake trajectory ...
 Calculating source influence matrix ...

 Solving BL system ...

 Side 1  free  transition at x/c =  0.0167   30
 Side 2 forced transition at x/c =  1.0000   65

   1   rms: 0.2466E-01   max: -.1098E+00   D at   58  1   RLX: 0.397
       a = 17.500      CL =  1.2129
      Cm = -0.0494     CD =  0.12764   =>   CDf =  0.00600    CDp =  0.12164

 Side 1  free  transition at x/c =  0.0168   31
 Side 2 forced transition at x/c =  1.0000   65

   2   rms: 0.1818E-01   max: -.8941E-01   D at   30  1
       a = 17.500      CL =  1.2142
      Cm = -0.0482     CD =  0.12477   =>   CDf =  0.00610    CDp =  0.11867

 Side 1  free  transition at x/c =  0.0170   31
 Side 2 forced transition at x/c =  1.0000   65

   3   rms: 0.7908E-02   max: -.3424E-01   D at   60  1
       a = 17.500      CL =  1.2181
      Cm = -0.0477     CD =  0.12462   =>   CDf =  0.00606    CDp =  0.11857

 Side 1  free  transition at x/c =  0.0169   31
 Side 2 forced transition at x/c =  1.0000   65

   4   rms: 0.7747E-03   max: -.4289E-02   D at   85  2
       a = 17.500      CL =  1.2186
      Cm = -0.0478     CD =  0.12490   =>   CDf =  0.00609    CDp =  0.11882

 Side 1  free  transition at x/c =  0.0169   31
 Side 2 forced transition at x/c =  1.0000   65

   5   rms: 0.3436E-04   max: -.2394E-03   D at   86  2
       a = 17.500      CL =  1.2186
      Cm = -0.0478     CD =  0.12494   =>   CDf =  0.00609    CDp =  0.11885
      5.000   12.7022   0.124941   0.016750   0.003738  -0.013012    0.0169     #

 Point added to stored polar  1
 Point written to save file  clarky_re150000_realistic_model_reverse.polar   
 Dump file unspecified or not available
 Calculating wake trajectory ...
 Calculating source influence matrix ...

 Solving BL system ...

 Side 1  free  transition at x/c =  0.0169   31
 Side 2 forced transition at x/c =  1.0000   65

   1   rms: 0.2764E-01   max: -.1299E+00   D at   58  1   RLX: 0.409
       a = 17.250      CL =  1.2205
      Cm = -0.0466     CD =  0.12214   =>   CDf =  0.00608    CDp =  0.11606

 Side 1  free  transition at x/c =  0.0170   31
 Side 2 forced transition at x/c =  1.0000   65

   2   rms: 0.1794E-01   max: -.8354E-01   D at   59  1
       a = 17.250      CL =  1.2245
      Cm = -0.0450     CD =  0.11851   =>   CDf =  0.00612    CDp =  0.11240

 Side 1  free  transition at x/c =  0.0171   31
 Side 2 forced transition at x/c =  1.0000   65

   3   rms: 0.3445E-02   max: -.1635E-01   D at   85  2
       a = 17.250      CL =  1.2268
      Cm = -0.0451     CD =  0.11931   =>   CDf =  0.00618    CDp =  0.11313

 Side 1  free  transition at x/c =  0.0171   31
 Side 2 forced transition at x/c =  1.0000   65

   4   rms: 0.1874E-03   max: -.1288E-02   D at   86  2
       a = 17.250      CL =  1.2268
      Cm = -0.0451     CD =  0.11947   =>   CDf =  0.00618    CDp =  0.11328

 Side 1  free  transition at x/c =  0.0171   31
 Side 2 forced transition at x/c =  1.0000   65

   5   rms: 0.1633E-04   max: 0.5738E-04   D at   83  2
       a = 17.250      CL =  1.2268
      Cm = -0.0451     CD =  0.11947   =>   CDf =  0.00618    CDp =  0.11329
      5.000   12.4756   0.119468   0.017103   0.003686  -0.013417    0.0171     #

 Point added to stored polar  1
 Point written to save file  clarky_re150000_realistic_model_reverse.polar   
 Dump file unspecified or not available
 Calculating wake trajectory ...
 Calculating source influence matrix ...

 Solving BL system ...

 Side 1  free  transition at x/c =  0.0171   31
 Side 2 forced transition at x/c =  1.0000   65

   1   rms: 0.2923E-01   max: -.1389E+00   D at   59  1   RLX: 0.422
       a = 17.000      CL =  1.2293
      Cm = -0.0439     CD =  0.11650   =>   CDf =  0.00618    CDp =  0.11033

 Side 1  free  transition at x/c =  0.0172   31
 Side 2 forced transition at x/c =  1.0000   65

   2   rms: 0.1826E-01   max: -.8379E-01   D at   59  1
       a = 17.000      CL =  1.2339
      Cm = -0.0423     CD =  0.11295   =>   CDf =  0.00622    CDp =  0.10673

 Side 1  free  transition at x/c =  0.0173   31
 Side 2 forced transition at x/c =  1.0000   65

   3   rms: 0.3286E-02   max: -.1584E-01   D at   85  2
       a = 17.000      CL =  1.2361
      Cm = -0.0425     CD =  0.11372   =>   CDf =  0.00629    CDp =  0.10743

 Side 1  free  transition at x/c =  0.0173   31
 Side 2 forced transition at x/c =  1.0000   65

   4   rms: 0.1520E-03   max: -.1023E-02   D at   86  2
       a = 17.000      CL =  1.2361
      Cm = -0.0425     CD =  0.11385   =>   CDf =  0.00629    CDp =  0.10756

 Side 1  free  transition at x/c =  0.0173   31
 Side 2 forced transition at x/c =  1.0000   65

   5   rms: 0.1415E-04   max: 0.4916E-04   D at   82  2
       a = 17.000      CL =  1.2361
      Cm = -0.0425     CD =  0.11385   =>   CDf =  0.00629    CDp =  0.10756
      5.000   12.2469   0.113854   0.017545   0.003640  -0.013905    0.0173     #

 Point added to stored polar  1
 Point written to save file  clarky_re150000_realistic_model_reverse.polar   
 Dump file unspecified or not available
 Calculating wake trajectory ...
 Calculating source influence matrix ...

 Solving BL system ...

 Side 1  free  transition at x/c =  0.0173   31
 Side 2 forced transition at x/c =  1.0000   65

   1   rms: 0.3031E-01   max: -.1432E+00   D at   60  1   RLX: 0.436
       a = 16.750      CL =  1.2389
      Cm = -0.0413     CD =  0.11078   =>   CDf =  0.00628    CDp =  0.10449

 Side 1  free  transition at x/c =  0.0174   31
 Side 2 forced transition at x/c =  1.0000   65

   2   rms: 0.1860E-01   max: -.8443E-01   D at   61  1
       a = 16.750      CL =  1.2440
      Cm = -0.0398     CD =  0.10728   =>   CDf =  0.00634    CDp =  0.10094

 Side 1  free  transition at x/c =  0.0175   31
 Side 2 forced transition at x/c =  1.0000   65

   3   rms: 0.3235E-02   max: -.1551E-01   D at   84  2
       a = 16.750      CL =  1.2462
      Cm = -0.0399     CD =  0.10801   =>   CDf =  0.00641    CDp =  0.10160

 Side 1  free  transition at x/c =  0.0175   31
 Side 2 forced transition at x/c =  1.0000   65

   4   rms: 0.1450E-03   max: -.9439E-03   D at   85  2
       a = 16.750      CL =  1.2462
      Cm = -0.0399     CD =  0.10813   =>   CDf =  0.00641    CDp =  0.10172

 Side 1  free  transition at x/c =  0.0175   31
 Side 2 forced transition at x/c =  1.0000   65

   5   rms: 0.1418E-04   max: 0.5471E-04   D at   82  2
       a = 16.750      CL =  1.2462
      Cm = -0.0399     CD =  0.10813   =>   CDf =  0.00641    CDp =  0.10172
      5.000   12.0159   0.108132   0.018051   0.003597  -0.014454    0.0175     #

 Point added to stored polar  1
 Point written to save file  clarky_re150000_realistic_model_reverse.polar   
 Dump file unspecified or not available
 Calculating wake trajectory ...
 Calculating source influence matrix ...

 Solving BL system ...

 Side 1  free  transition at x/c =  0.0175   31
 Side 2 forced transition at x/c =  1.0000   65

   1   rms: 0.3183E-01   max: -.1513E+00   D at   62  1   RLX: 0.452
       a = 16.500      CL =  1.2495
      Cm = -0.0387     CD =  0.10490   =>   CDf =  0.00641    CDp =  0.09850

 Side 1  free  transition at x/c =  0.0176   31
 Side 2 forced transition at x/c =  1.0000   65

   2   rms: 0.1834E-01   max: -.8144E-01   D at   62  1
       a = 16.500      CL =  1.2547
      Cm = -0.0374     CD =  0.10163   =>   CDf =  0.00647    CDp =  0.09516

 Side 1  free  transition at x/c =  0.0177   31
 Side 2 forced transition at x/c =  1.0000   65

   3   rms: 0.3282E-02   max: -.1529E-01   D at   84  2
       a = 16.500      CL =  1.2569
      Cm = -0.0375     CD =  0.10226   =>   CDf =  0.00654    CDp =  0.09572

 Side 1  free  transition at x/c =  0.0177   31
 Side 2 forced transition at x/c =  1.0000   65

   4   rms: 0.1497E-03   max: -.9820E-03   D at   84  2
       a = 16.500      CL =  1.2570
      Cm = -0.0375     CD =  0.10237   =>   CDf =  0.00654    CDp =  0.09582

 Side 1  free  transition at x/c =  0.0177   31
 Side 2 forced transition at x/c =  1.0000   65

   5   rms: 0.1076E-04   max: 0.3758E-04   D at   82  2
       a = 16.500      CL =  1.2570
      Cm = -0.0375     CD =  0.10237   =>   CDf =  0.00654    CDp =  0.09583
      5.000   11.7831   0.102370   0.018603   0.003556  -0.015047    0.0177     #

 Point added to stored polar  1
 Point written to save file  clarky_re150000_realistic_model_reverse.polar   
 Dump file unspecified or not available
 Calculating wake trajectory ...
 Calculating source influence matrix ...

 Solving BL system ...

 Side 1  free  transition at x/c =  0.0177   31
 Side 2 forced transition at x/c =  1.0000   65

   1   rms: 0.3246E-01   max: -.1532E+00   D at   63  1   RLX: 0.469
       a = 16.250      CL =  1.2605
      Cm = -0.0363     CD =  0.09910   =>   CDf =  0.00654    CDp =  0.09257

 Side 1  free  transition at x/c =  0.0178   31
 Side 2 forced transition at x/c =  1.0000   65

   2   rms: 0.1843E-01   max: -.8129E-01   D at   63  1
       a = 16.250      CL =  1.2660
      Cm = -0.0351     CD =  0.09597   =>   CDf =  0.00660    CDp =  0.08937

 Side 1  free  transition at x/c =  0.0180   31
 Side 2 forced transition at x/c =  1.0000   65

   3   rms: 0.2874E-02   max: -.1369E-01   D at   83  2
       a = 16.250      CL =  1.2679
      Cm = -0.0352     CD =  0.09659   =>   CDf =  0.00668    CDp =  0.08991

 Side 1  free  transition at x/c =  0.0179   31
 Side 2 forced transition at x/c =  1.0000   65

   4   rms: 0.1021E-03   max: -.6216E-03   D at   79  2
       a = 16.250      CL =  1.2679
      Cm = -0.0352     CD =  0.09668   =>   CDf =  0.00668    CDp =  0.09000

 Side 1  free  transition at x/c =  0.0179   31
 Side 2 forced transition at x/c =  1.0000   65

   5   rms: 0.1072E-04   max: 0.4561E-04   D at   82  2
       a = 16.250      CL =  1.2679
      Cm = -0.0352     CD =  0.09668   =>   CDf =  0.00668    CDp =  0.09000
      5.000   11.5414   0.096684   0.019140   0.003514  -0.015626    0.0179     #

 Point added to stored polar  1
 Point written to save file  clarky_re150000_realistic_model_reverse.polar   
 Dump file unspecified or not available
 Calculating wake trajectory ...
 Calculating source influence matrix ...

 Solving BL system ...

 Side 1  free  transition at x/c =  0.0179   31
 Side 2 forced transition at x/c =  1.0000   65

   1   rms: 0.3289E-01   max: -.1535E+00   D at   64  1   RLX: 0.487
       a = 16.000      CL =  1.2717
      Cm = -0.0341     CD =  0.09340   =>   CDf =  0.00668    CDp =  0.08672

 Side 1  free  transition at x/c =  0.0181   31
 Side 2 forced transition at x/c =  1.0000   65

   2   rms: 0.1814E-01   max: -.7980E-01   D at   64  1
       a = 16.000      CL =  1.2771
      Cm = -0.0330     CD =  0.09046   =>   CDf =  0.00675    CDp =  0.08371

 Side 1  free  transition at x/c =  0.0183   31
 Side 2 forced transition at x/c =  1.0000   65

   3   rms: 0.2595E-02   max: -.1239E-01   D at   83  2
       a = 16.000      CL =  1.2788
      Cm = -0.0331     CD =  0.09105   =>   CDf =  0.00683    CDp =  0.08421

 Side 1  free  transition at x/c =  0.0182   31
 Side 2 forced transition at x/c =  1.0000   65

   4   rms: 0.8323E-04   max: -.6134E-03   D at   79  2
       a = 16.000      CL =  1.2788
      Cm = -0.0331     CD =  0.09112   =>   CDf =  0.00683    CDp =  0.08429
      5.000   11.2886   0.091118   0.019656   0.003467  -0.016189    0.0182     #

 Point added to stored polar  1
 Point written to save file  clarky_re150000_realistic_model_reverse.polar   
 Dump file unspecified or not available
 Calculating wake trajectory ...
 Calculating source influence matrix ...

 Solving BL system ...

 Side 1  free  transition at x/c =  0.0182   31
 Side 2 forced transition at x/c =  1.0000   65

   1   rms: 0.3344E-01   max: -.1543E+00   D at   65  1   RLX: 0.506
       a = 15.750      CL =  1.2827
      Cm = -0.0320     CD =  0.08780   =>   CDf =  0.00682    CDp =  0.08098

 Side 1  free  transition at x/c =  0.0184   31
 Side 2 forced transition at x/c =  1.0000   65

   2   rms: 0.1740E-01   max: -.7540E-01   D at   65  1
       a = 15.750      CL =  1.2878
      Cm = -0.0311     CD =  0.08518   =>   CDf =  0.00691    CDp =  0.07827

 Side 1  free  transition at x/c =  0.0186   31
 Side 2 forced transition at x/c =  1.0000   65

   3   rms: 0.2351E-02   max: -.1118E-01   D at   83  2
       a = 15.750      CL =  1.2894
      Cm = -0.0313     CD =  0.08568   =>   CDf =  0.00699    CDp =  0.07869

 Side 1  free  transition at x/c =  0.0186   31
 Side 2 forced transition at x/c =  1.0000   65

   4   rms: 0.7232E-04   max: -.4889E-03   D at   78  2
       a = 15.750      CL =  1.2894
      Cm = -0.0313     CD =  0.08574   =>   CDf =  0.00699    CDp =  0.07875
      5.000   11.0231   0.085739   0.020150   0.003415  -0.016735    0.0186     #

 Point added to stored polar  1
 Point written to save file  clarky_re150000_realistic_model_reverse.polar   
 Dump file unspecified or not available
 Calculating wake trajectory ...
 Calculating source influence matrix ...

 Solving BL system ...

 Side 1  free  transition at x/c =  0.0186   31
 Side 2 forced transition at x/c =  1.0000   65

   1   rms: 0.3313E-01   max: -.1493E+00   D at   67  1   RLX: 0.527
       a = 15.500      CL =  1.2931
      Cm = -0.0303     CD =  0.08251   =>   CDf =  0.00698    CDp =  0.07553

 Side 1  free  transition at x/c =  0.0188   31
 Side 2 forced transition at x/c =  1.0000   65

   2   rms: 0.1690E-01   max: -.7267E-01   D at   66  1
       a = 15.500      CL =  1.2978
      Cm = -0.0295     CD =  0.08012   =>   CDf =  0.00707    CDp =  0.07305

 Side 1  free  transition at x/c =  0.0190   31
 Side 2 forced transition at x/c =  1.0000   65

   3   rms: 0.1934E-02   max: -.8980E-02   D at   78  2
       a = 15.500      CL =  1.2991
      Cm = -0.0297     CD =  0.08059   =>   CDf =  0.00715    CDp =  0.07344

 Side 1  free  transition at x/c =  0.0190   31
 Side 2 forced transition at x/c =  1.0000   65

   4   rms: 0.4835E-04   max: -.4028E-03   D at   78  2
       a = 15.500      CL =  1.2991
      Cm = -0.0297     CD =  0.08064   =>   CDf =  0.00715    CDp =  0.07349
      5.000   10.7453   0.080636   0.020598   0.003355  -0.017243    0.0190     #

 Point added to stored polar  1
 Point written to save file  clarky_re150000_realistic_model_reverse.polar   
 Dump file unspecified or not available
 Calculating wake trajectory ...
 Calculating source influence matrix ...

 Solving BL system ...

 Side 1  free  transition at x/c =  0.0190   31
 Side 2 forced transition at x/c =  1.0000   65

   1   rms: 0.3315E-01   max: -.1463E+00   D at   68  1   RLX: 0.549
       a = 15.250      CL =  1.3025
      Cm = -0.0288     CD =  0.07746   =>   CDf =  0.00772    CDp =  0.06974

 Side 1  free  transition at x/c =  0.0192   30
 Side 2 forced transition at x/c =  1.0000   66

   2   rms: 0.2278E-01   max: -.1569E+00   T at    2  2
       a = 15.250      CL =  1.3049
      Cm = -0.0283     CD =  0.07557   =>   CDf =  0.00729    CDp =  0.06828

 Side 1  free  transition at x/c =  0.0195   31
 Side 2 forced transition at x/c =  1.0000   66

   3   rms: 0.8452E-02   max: -.1104E+00   D at   30  1
       a = 15.250      CL =  1.3086
      Cm = -0.0282     CD =  0.07552   =>   CDf =  0.00733    CDp =  0.06819

 Side 1  free  transition at x/c =  0.0194   31
 Side 2 forced transition at x/c =  1.0000   66

   4   rms: 0.1344E-02   max: 0.1015E-01   D at   31  1
       a = 15.250      CL =  1.3093
      Cm = -0.0283     CD =  0.07559   =>   CDf =  0.00730    CDp =  0.06830

 Side 1  free  transition at x/c =  0.0194   31
 Side 2 forced transition at x/c =  1.0000   66

   5   rms: 0.7036E-04   max: 0.4191E-03   D at   70  1
       a = 15.250      CL =  1.3092
      Cm = -0.0283     CD =  0.07561   =>   CDf =  0.00730    CDp =  0.06831
      5.000   10.4471   0.075615   0.021039   0.003292  -0.017747    0.0194     #

 Point added to stored polar  1
 Point written to save file  clarky_re150000_realistic_model_reverse.polar   
 Dump file unspecified or not available
 Calculating wake trajectory ...
 Calculating source influence matrix ...

 Solving BL system ...

 Side 1  free  transition at x/c =  0.0194   31
 Side 2 forced transition at x/c =  1.0000   66

   1   rms: 0.3682E-01   max: -.1618E+00   D at   68  1   RLX: 0.575
       a = 15.000      CL =  1.3144
      Cm = -0.0273     CD =  0.07214   =>   CDf =  0.00729    CDp =  0.06484

 Side 1  free  transition at x/c =  0.0196   31
 Side 2 forced transition at x/c =  1.0000   66

   2   rms: 0.1586E-01   max: -.6568E-01   D at   68  1
       a = 15.000      CL =  1.3187
      Cm = -0.0270     CD =  0.07032   =>   CDf =  0.00738    CDp =  0.06294

 Side 1  free  transition at x/c =  0.0198   31
 Side 2 forced transition at x/c =  1.0000   66

   3   rms: 0.1464E-02   max: -.6987E-02   D at   78  2
       a = 15.000      CL =  1.3197
      Cm = -0.0271     CD =  0.07071   =>   CDf =  0.00744    CDp =  0.06327

 Side 1  free  transition at x/c =  0.0198   31
 Side 2 forced transition at x/c =  1.0000   66

   4   rms: 0.2558E-04   max: -.1534E-03   D at   78  2
       a = 15.000      CL =  1.3197
      Cm = -0.0271     CD =  0.07074   =>   CDf =  0.00744    CDp =  0.06330
      5.000   10.1257   0.070735   0.021425   0.003227  -0.018198    0.0198     #

 Point added to stored polar  1
 Point written to save file  clarky_re150000_realistic_model_reverse.polar   
 Dump file unspecified or not available
 Calculating wake trajectory ...
 Calculating source influence matrix ...

 Solving BL system ...

 Side 1  free  transition at x/c =  0.0198   31
 Side 2 forced transition at x/c =  1.0000   66

   1   rms: 0.3545E-01   max: -.1493E+00   D at   70  1   RLX: 0.600
       a = 14.750      CL =  1.3239
      Cm = -0.0264     CD =  0.06750   =>   CDf =  0.00743    CDp =  0.06007

 Side 1  free  transition at x/c =  0.0202   31
 Side 2 forced transition at x/c =  1.0000   66

   2   rms: 0.1483E-01   max: -.6070E-01   D at   69  1
       a = 14.750      CL =  1.3274
      Cm = -0.0261     CD =  0.06593   =>   CDf =  0.00752    CDp =  0.05841

 Side 1  free  transition at x/c =  0.0204   31
 Side 2 forced transition at x/c =  1.0000   66

   3   rms: 0.1485E-02   max: -.6949E-02   D at   78  2
       a = 14.750      CL =  1.3284
      Cm = -0.0262     CD =  0.06623   =>   CDf =  0.00758    CDp =  0.05865

 Side 1  free  transition at x/c =  0.0204   31
 Side 2 forced transition at x/c =  1.0000   66

   4   rms: 0.3402E-04   max: -.2839E-03   D at   78  2
       a = 14.750      CL =  1.3284
      Cm = -0.0262     CD =  0.06625   =>   CDf =  0.00758    CDp =  0.05867
      5.000    9.7970   0.066251   0.021759   0.003168  -0.018592    0.0204     #

 Point added to stored polar  1
 Point written to save file  clarky_re150000_realistic_model_reverse.polar   
 Dump file unspecified or not available
 Calculating wake trajectory ...
 Calculating source influence matrix ...

 Solving BL system ...

 Side 1  free  transition at x/c =  0.0204   31
 Side 2 forced transition at x/c =  1.0000   66

   1   rms: 0.3492E-01   max: -.1433E+00   D at   71  1   RLX: 0.628
       a = 14.500      CL =  1.3320
      Cm = -0.0257     CD =  0.06316   =>   CDf =  0.00757    CDp =  0.05559

 Side 1  free  transition at x/c =  0.0208   31
 Side 2 forced transition at x/c =  1.0000   66

   2   rms: 0.1366E-01   max: -.5448E-01   D at   70  1
       a = 14.500      CL =  1.3348
      Cm = -0.0256     CD =  0.06189   =>   CDf =  0.00767    CDp =  0.05422

 Side 1  free  transition at x/c =  0.0211   31
 Side 2 forced transition at x/c =  1.0000   66

   3   rms: 0.1155E-02   max: -.5624E-02   D at   78  2
       a = 14.500      CL =  1.3356
      Cm = -0.0257     CD =  0.06214   =>   CDf =  0.00773    CDp =  0.05441

 Side 1  free  transition at x/c =  0.0211   31
 Side 2 forced transition at x/c =  1.0000   66

   4   rms: 0.1937E-04   max: -.1536E-03   D at   77  2
       a = 14.500      CL =  1.3356
      Cm = -0.0257     CD =  0.06216   =>   CDf =  0.00773    CDp =  0.05443
      5.000    9.4617   0.062156   0.022028   0.003099  -0.018929    0.0211     #

 Point added to stored polar  1
 Point written to save file  clarky_re150000_realistic_model_reverse.polar   
 Dump file unspecified or not available
 Calculating wake trajectory ...
 Calculating source influence matrix ...

 Solving BL system ...

 Side 1  free  transition at x/c =  0.0211   31
 Side 2 forced transition at x/c =  1.0000   66

   1   rms: 0.3405E-01   max: -.1340E+00   D at   72  1   RLX: 0.656
       a = 14.250      CL =  1.3383
      Cm = -0.0254     CD =  0.05927   =>   CDf =  0.00772    CDp =  0.05154

 Side 1  free  transition at x/c =  0.0216   31
 Side 2 forced transition at x/c =  1.0000   66

   2   rms: 0.1264E-01   max: -.4947E-01   D at   71  1
       a = 14.250      CL =  1.3405
      Cm = -0.0254     CD =  0.05821   =>   CDf =  0.00783    CDp =  0.05038

 Side 1  free  transition at x/c =  0.0217   31
 Side 2 forced transition at x/c =  1.0000   66

   3   rms: 0.1291E-01   max: -.1641E+00   C at   31  1
       a = 14.250      CL =  1.3407
      Cm = -0.0255     CD =  0.05840   =>   CDf =  0.00793    CDp =  0.05047

 Side 1  free  transition at x/c =  0.0218   31
 Side 2 forced transition at x/c =  1.0000   66

   4   rms: 0.1218E-01   max: -.1633E+00   C at   31  1
       a = 14.250      CL =  1.3408
      Cm = -0.0255     CD =  0.05839   =>   CDf =  0.00793    CDp =  0.05046

 Side 1  free  transition at x/c =  0.0218   31
 Side 2 forced transition at x/c =  1.0000   66

   5   rms: 0.1227E-01   max: -.1632E+00   C at   31  1
       a = 14.250      CL =  1.3407
      Cm = -0.0255     CD =  0.05839   =>   CDf =  0.00793    CDp =  0.05047

 Side 1  free  transition at x/c =  0.0218   31
 Side 2 forced transition at x/c =  1.0000   66

   6   rms: 0.1225E-01   max: -.1632E+00   C at   31  1
       a = 14.250      CL =  1.3407
      Cm = -0.0255     CD =  0.05839   =>   CDf =  0.00793    CDp =  0.05047

 Side 1  free  transition at x/c =  0.0218   31
 Side 2 forced transition at x/c =  1.0000   66

   7   rms: 0.1226E-01   max: -.1632E+00   C at   31  1
       a = 14.250      CL =  1.3407
      Cm = -0.0255     CD =  0.05839   =>   CDf =  0.00793    CDp =  0.05047

 Side 1  free  transition at x/c =  0.0218   31
 Side 2 forced transition at x/c =  1.0000   66

   8   rms: 0.1226E-01   max: -.1632E+00   C at   31  1
       a = 14.250      CL =  1.3407
      Cm = -0.0255     CD =  0.05839   =>   CDf =  0.00793    CDp =  0.05047

 Side 1  free  transition at x/c =  0.0218   31
 Side 2 forced transition at x/c =  1.0000   66

   9   rms: 0.1226E-01   max: -.1632E+00   C at   31  1
       a = 14.250      CL =  1.3407
      Cm = -0.0255     CD =  0.05839   =>   CDf =  0.00793    CDp =  0.05047

 Side 1  free  transition at x/c =  0.0218   31
 Side 2 forced transition at x/c =  1.0000   66

  10   rms: 0.1226E-01   max: -.1632E+00   C at   31  1
       a = 14.250      CL =  1.3407
      Cm = -0.0255     CD =  0.05839   =>   CDf =  0.00793    CDp =  0.05047

 Side 1  free  transition at x/c =  0.0218   31
 Side 2 forced transition at x/c =  1.0000   66

  11   rms: 0.1226E-01   max: -.1632E+00   C at   31  1
       a = 14.250      CL =  1.3407
      Cm = -0.0255     CD =  0.05839   =>   CDf =  0.00793    CDp =  0.05047

 Side 1  free  transition at x/c =  0.0218   31
 Side 2 forced transition at x/c =  1.0000   66

  12   rms: 0.1226E-01   max: -.1632E+00   C at   31  1
       a = 14.250      CL =  1.3407
      Cm = -0.0255     CD =  0.05839   =>   CDf =  0.00793    CDp =  0.05047

 Side 1  free  transition at x/c =  0.0218   31
 Side 2 forced transition at x/c =  1.0000   66

  13   rms: 0.1226E-01   max: -.1632E+00   C at   31  1
       a = 14.250      CL =  1.3407
      Cm = -0.0255     CD =  0.05839   =>   CDf =  0.00793    CDp =  0.05047

 Side 1  free  transition at x/c =  0.0218   31
 Side 2 forced transition at x/c =  1.0000   66

  14   rms: 0.1226E-01   max: -.1632E+00   C at   31  1
       a = 14.250      CL =  1.3407
      Cm = -0.0255     CD =  0.05839   =>   CDf =  0.00793    CDp =  0.05047

 Side 1  free  transition at x/c =  0.0218   31
 Side 2 forced transition at x/c =  1.0000   66

  15   rms: 0.1226E-01   max: -.1632E+00   C at   31  1
       a = 14.250      CL =  1.3407
      Cm = -0.0255     CD =  0.05839   =>   CDf =  0.00793    CDp =  0.05047

 Side 1  free  transition at x/c =  0.0218   31
 Side 2 forced transition at x/c =  1.0000   66

  16   rms: 0.1226E-01   max: -.1632E+00   C at   31  1
       a = 14.250      CL =  1.3407
      Cm = -0.0255     CD =  0.05839   =>   CDf =  0.00793    CDp =  0.05047

 Side 1  free  transition at x/c =  0.0218   31
 Side 2 forced transition at x/c =  1.0000   66

  17   rms: 0.1226E-01   max: -.1632E+00   C at   31  1
       a = 14.250      CL =  1.3407
      Cm = -0.0255     CD =  0.05839   =>   CDf =  0.00793    CDp =  0.05047

 Side 1  free  transition at x/c =  0.0218   31
 Side 2 forced transition at x/c =  1.0000   66

  18   rms: 0.1226E-01   max: -.1632E+00   C at   31  1
       a = 14.250      CL =  1.3407
      Cm = -0.0255     CD =  0.05839   =>   CDf =  0.00793    CDp =  0.05047

 Side 1  free  transition at x/c =  0.0218   31
 Side 2 forced transition at x/c =  1.0000   66

  19   rms: 0.1226E-01   max: -.1632E+00   C at   31  1
       a = 14.250      CL =  1.3407
      Cm = -0.0255     CD =  0.05839   =>   CDf =  0.00793    CDp =  0.05047

 Side 1  free  transition at x/c =  0.0218   31
 Side 2 forced transition at x/c =  1.0000   66

  20   rms: 0.1226E-01   max: -.1632E+00   C at   31  1
       a = 14.250      CL =  1.3407
      Cm = -0.0255     CD =  0.05839   =>   CDf =  0.00793    CDp =  0.05047

 Side 1  free  transition at x/c =  0.0218   31
 Side 2 forced transition at x/c =  1.0000   66

  21   rms: 0.1226E-01   max: -.1632E+00   C at   31  1
       a = 14.250      CL =  1.3407
      Cm = -0.0255     CD =  0.05839   =>   CDf =  0.00793    CDp =  0.05047

 Side 1  free  transition at x/c =  0.0218   31
 Side 2 forced transition at x/c =  1.0000   66

  22   rms: 0.1226E-01   max: -.1632E+00   C at   31  1
       a = 14.250      CL =  1.3407
      Cm = -0.0255     CD =  0.05839   =>   CDf =  0.00793    CDp =  0.05047

 Side 1  free  transition at x/c =  0.0218   31
 Side 2 forced transition at x/c =  1.0000   66

  23   rms: 0.1226E-01   max: -.1632E+00   C at   31  1
       a = 14.250      CL =  1.3407
      Cm = -0.0255     CD =  0.05839   =>   CDf =  0.00793    CDp =  0.05047

 Side 1  free  transition at x/c =  0.0218   31
 Side 2 forced transition at x/c =  1.0000   66

  24   rms: 0.1226E-01   max: -.1632E+00   C at   31  1
       a = 14.250      CL =  1.3407
      Cm = -0.0255     CD =  0.05839   =>   CDf =  0.00793    CDp =  0.05047

 Side 1  free  transition at x/c =  0.0218   31
 Side 2 forced transition at x/c =  1.0000   66

  25   rms: 0.1226E-01   max: -.1632E+00   C at   31  1
       a = 14.250      CL =  1.3407
      Cm = -0.0255     CD =  0.05839   =>   CDf =  0.00793    CDp =  0.05047

 Side 1  free  transition at x/c =  0.0218   31
 Side 2 forced transition at x/c =  1.0000   66

  26   rms: 0.1226E-01   max: -.1632E+00   C at   31  1
       a = 14.250      CL =  1.3407
      Cm = -0.0255     CD =  0.05839   =>   CDf =  0.00793    CDp =  0.05047

 Side 1  free  transition at x/c =  0.0218   31
 Side 2 forced transition at x/c =  1.0000   66

  27   rms: 0.1226E-01   max: -.1632E+00   C at   31  1
       a = 14.250      CL =  1.3407
      Cm = -0.0255     CD =  0.05839   =>   CDf =  0.00793    CDp =  0.05047

 Side 1  free  transition at x/c =  0.0218   31
 Side 2 forced transition at x/c =  1.0000   66

  28   rms: 0.1226E-01   max: -.1632E+00   C at   31  1
       a = 14.250      CL =  1.3407
      Cm = -0.0255     CD =  0.05839   =>   CDf =  0.00793    CDp =  0.05047

 Side 1  free  transition at x/c =  0.0218   31
 Side 2 forced transition at x/c =  1.0000   66

  29   rms: 0.1226E-01   max: -.1632E+00   C at   31  1
       a = 14.250      CL =  1.3407
      Cm = -0.0255     CD =  0.05839   =>   CDf =  0.00793    CDp =  0.05047

 Side 1  free  transition at x/c =  0.0218   31
 Side 2 forced transition at x/c =  1.0000   66

  30   rms: 0.1226E-01   max: -.1632E+00   C at   31  1
       a = 14.250      CL =  1.3407
      Cm = -0.0255     CD =  0.05839   =>   CDf =  0.00793    CDp =  0.05047

 Side 1  free  transition at x/c =  0.0218   31
 Side 2 forced transition at x/c =  1.0000   66

  31   rms: 0.1226E-01   max: -.1632E+00   C at   31  1
       a = 14.250      CL =  1.3407
      Cm = -0.0255     CD =  0.05839   =>   CDf =  0.00793    CDp =  0.05047

 Side 1  free  transition at x/c =  0.0218   31
 Side 2 forced transition at x/c =  1.0000   66

  32   rms: 0.1226E-01   max: -.1632E+00   C at   31  1
       a = 14.250      CL =  1.3407
      Cm = -0.0255     CD =  0.05839   =>   CDf =  0.00793    CDp =  0.05047

 Side 1  free  transition at x/c =  0.0218   31
 Side 2 forced transition at x/c =  1.0000   66

  33   rms: 0.1226E-01   max: -.1632E+00   C at   31  1
       a = 14.250      CL =  1.3407
      Cm = -0.0255     CD =  0.05839   =>   CDf =  0.00793    CDp =  0.05047

 Side 1  free  transition at x/c =  0.0218   31
 Side 2 forced transition at x/c =  1.0000   66

  34   rms: 0.1226E-01   max: -.1632E+00   C at   31  1
       a = 14.250      CL =  1.3407
      Cm = -0.0255     CD =  0.05839   =>   CDf =  0.00793    CDp =  0.05047

 Side 1  free  transition at x/c =  0.0218   31
 Side 2 forced transition at x/c =  1.0000   66

  35   rms: 0.1226E-01   max: -.1632E+00   C at   31  1
       a = 14.250      CL =  1.3407
      Cm = -0.0255     CD =  0.05839   =>   CDf =  0.00793    CDp =  0.05047

 Side 1  free  transition at x/c =  0.0218   31
 Side 2 forced transition at x/c =  1.0000   66

  36   rms: 0.1226E-01   max: -.1632E+00   C at   31  1
       a = 14.250      CL =  1.3407
      Cm = -0.0255     CD =  0.05839   =>   CDf =  0.00793    CDp =  0.05047

 Side 1  free  transition at x/c =  0.0218   31
 Side 2 forced transition at x/c =  1.0000   66

  37   rms: 0.1226E-01   max: -.1632E+00   C at   31  1
       a = 14.250      CL =  1.3407
      Cm = -0.0255     CD =  0.05839   =>   CDf =  0.00793    CDp =  0.05047

 Side 1  free  transition at x/c =  0.0218   31
 Side 2 forced transition at x/c =  1.0000   66

  38   rms: 0.1226E-01   max: -.1632E+00   C at   31  1
       a = 14.250      CL =  1.3407
      Cm = -0.0255     CD =  0.05839   =>   CDf =  0.00793    CDp =  0.05047

 Side 1  free  transition at x/c =  0.0218   31
 Side 2 forced transition at x/c =  1.0000   66

  39   rms: 0.1226E-01   max: -.1632E+00   C at   31  1
       a = 14.250      CL =  1.3407
      Cm = -0.0255     CD =  0.05839   =>   CDf =  0.00793    CDp =  0.05047

 Side 1  free  transition at x/c =  0.0218   31
 Side 2 forced transition at x/c =  1.0000   66

  40   rms: 0.1226E-01   max: -.1632E+00   C at   31  1
       a = 14.250      CL =  1.3407
      Cm = -0.0255     CD =  0.05839   =>   CDf =  0.00793    CDp =  0.05047

 Side 1  free  transition at x/c =  0.0218   31
 Side 2 forced transition at x/c =  1.0000   66

  41   rms: 0.1226E-01   max: -.1632E+00   C at   31  1
       a = 14.250      CL =  1.3407
      Cm = -0.0255     CD =  0.05839   =>   CDf =  0.00793    CDp =  0.05047

 Side 1  free  transition at x/c =  0.0218   31
 Side 2 forced transition at x/c =  1.0000   66

  42   rms: 0.1226E-01   max: -.1632E+00   C at   31  1
       a = 14.250      CL =  1.3407
      Cm = -0.0255     CD =  0.05839   =>   CDf =  0.00793    CDp =  0.05047

 Side 1  free  transition at x/c =  0.0218   31
 Side 2 forced transition at x/c =  1.0000   66

  43   rms: 0.1226E-01   max: -.1632E+00   C at   31  1
       a = 14.250      CL =  1.3407
      Cm = -0.0255     CD =  0.05839   =>   CDf =  0.00793    CDp =  0.05047

 Side 1  free  transition at x/c =  0.0218   31
 Side 2 forced transition at x/c =  1.0000   66

  44   rms: 0.1226E-01   max: -.1632E+00   C at   31  1
       a = 14.250      CL =  1.3407
      Cm = -0.0255     CD =  0.05839   =>   CDf =  0.00793    CDp =  0.05047

 Side 1  free  transition at x/c =  0.0218   31
 Side 2 forced transition at x/c =  1.0000   66

  45   rms: 0.1226E-01   max: -.1632E+00   C at   31  1
       a = 14.250      CL =  1.3407
      Cm = -0.0255     CD =  0.05839   =>   CDf =  0.00793    CDp =  0.05047

 Side 1  free  transition at x/c =  0.0218   31
 Side 2 forced transition at x/c =  1.0000   66

  46   rms: 0.1226E-01   max: -.1632E+00   C at   31  1
       a = 14.250      CL =  1.3407
      Cm = -0.0255     CD =  0.05839   =>   CDf =  0.00793    CDp =  0.05047

 Side 1  free  transition at x/c =  0.0218   31
 Side 2 forced transition at x/c =  1.0000   66

  47   rms: 0.1226E-01   max: -.1632E+00   C at   31  1
       a = 14.250      CL =  1.3407
      Cm = -0.0255     CD =  0.05839   =>   CDf =  0.00793    CDp =  0.05047

 Side 1  free  transition at x/c =  0.0218   31
 Side 2 forced transition at x/c =  1.0000   66

  48   rms: 0.1226E-01   max: -.1632E+00   C at   31  1
       a = 14.250      CL =  1.3407
      Cm = -0.0255     CD =  0.05839   =>   CDf =  0.00793    CDp =  0.05047

 Side 1  free  transition at x/c =  0.0218   31
 Side 2 forced transition at x/c =  1.0000   66

  49   rms: 0.1226E-01   max: -.1632E+00   C at   31  1
       a = 14.250      CL =  1.3407
      Cm = -0.0255     CD =  0.05839   =>   CDf =  0.00793    CDp =  0.05047

 Side 1  free  transition at x/c =  0.0218   31
 Side 2 forced transition at x/c =  1.0000   66

  50   rms: 0.1226E-01   max: -.1632E+00   C at   31  1
       a = 14.250      CL =  1.3407
      Cm = -0.0255     CD =  0.05839   =>   CDf =  0.00793    CDp =  0.05047

 Side 1  free  transition at x/c =  0.0218   31
 Side 2 forced transition at x/c =  1.0000   66

  51   rms: 0.1226E-01   max: -.1632E+00   C at   31  1
       a = 14.250      CL =  1.3407
      Cm = -0.0255     CD =  0.05839   =>   CDf =  0.00793    CDp =  0.05047

 Side 1  free  transition at x/c =  0.0218   31
 Side 2 forced transition at x/c =  1.0000   66

  52   rms: 0.1226E-01   max: -.1632E+00   C at   31  1
       a = 14.250      CL =  1.3407
      Cm = -0.0255     CD =  0.05839   =>   CDf =  0.00793    CDp =  0.05047

 Side 1  free  transition at x/c =  0.0218   31
 Side 2 forced transition at x/c =  1.0000   66

  53   rms: 0.1226E-01   max: -.1632E+00   C at   31  1
       a = 14.250      CL =  1.3407
      Cm = -0.0255     CD =  0.05839   =>   CDf =  0.00793    CDp =  0.05047

 Side 1  free  transition at x/c =  0.0218   31
 Side 2 forced transition at x/c =  1.0000   66

  54   rms: 0.1226E-01   max: -.1632E+00   C at   31  1
       a = 14.250      CL =  1.3407
      Cm = -0.0255     CD =  0.05839   =>   CDf =  0.00793    CDp =  0.05047

 Side 1  free  transition at x/c =  0.0218   31
 Side 2 forced transition at x/c =  1.0000   66

  55   rms: 0.1226E-01   max: -.1632E+00   C at   31  1
       a = 14.250      CL =  1.3407
      Cm = -0.0255     CD =  0.05839   =>   CDf =  0.00793    CDp =  0.05047

 Side 1  free  transition at x/c =  0.0218   31
 Side 2 forced transition at x/c =  1.0000   66

  56   rms: 0.1226E-01   max: -.1632E+00   C at   31  1
       a = 14.250      CL =  1.3407
      Cm = -0.0255     CD =  0.05839   =>   CDf =  0.00793    CDp =  0.05047

 Side 1  free  transition at x/c =  0.0218   31
 Side 2 forced transition at x/c =  1.0000   66

  57   rms: 0.1226E-01   max: -.1632E+00   C at   31  1
       a = 14.250      CL =  1.3407
      Cm = -0.0255     CD =  0.05839   =>   CDf =  0.00793    CDp =  0.05047

 Side 1  free  transition at x/c =  0.0218   31
 Side 2 forced transition at x/c =  1.0000   66

  58   rms: 0.1226E-01   max: -.1632E+00   C at   31  1
       a = 14.250      CL =  1.3407
      Cm = -0.0255     CD =  0.05839   =>   CDf =  0.00793    CDp =  0.05047

 Side 1  free  transition at x/c =  0.0218   31
 Side 2 forced transition at x/c =  1.0000   66

  59   rms: 0.1226E-01   max: -.1632E+00   C at   31  1
       a = 14.250      CL =  1.3407
      Cm = -0.0255     CD =  0.05839   =>   CDf =  0.00793    CDp =  0.05047

 Side 1  free  transition at x/c =  0.0218   31
 Side 2 forced transition at x/c =  1.0000   66

  60   rms: 0.1226E-01   max: -.1632E+00   C at   31  1
       a = 14.250      CL =  1.3407
      Cm = -0.0255     CD =  0.05839   =>   CDf =  0.00793    CDp =  0.05047

 Side 1  free  transition at x/c =  0.0218   31
 Side 2 forced transition at x/c =  1.0000   66

  61   rms: 0.1226E-01   max: -.1632E+00   C at   31  1
       a = 14.250      CL =  1.3407
      Cm = -0.0255     CD =  0.05839   =>   CDf =  0.00793    CDp =  0.05047

 Side 1  free  transition at x/c =  0.0218   31
 Side 2 forced transition at x/c =  1.0000   66

  62   rms: 0.1226E-01   max: -.1632E+00   C at   31  1
       a = 14.250      CL =  1.3407
      Cm = -0.0255     CD =  0.05839   =>   CDf =  0.00793    CDp =  0.05047

 Side 1  free  transition at x/c =  0.0218   31
 Side 2 forced transition at x/c =  1.0000   66

  63   rms: 0.1226E-01   max: -.1632E+00   C at   31  1
       a = 14.250      CL =  1.3407
      Cm = -0.0255     CD =  0.05839   =>   CDf =  0.00793    CDp =  0.05047

 Side 1  free  transition at x/c =  0.0218   31
 Side 2 forced transition at x/c =  1.0000   66

  64   rms: 0.1226E-01   max: -.1632E+00   C at   31  1
       a = 14.250      CL =  1.3407
      Cm = -0.0255     CD =  0.05839   =>   CDf =  0.00793    CDp =  0.05047

 Side 1  free  transition at x/c =  0.0218   31
 Side 2 forced transition at x/c =  1.0000   66

  65   rms: 0.1226E-01   max: -.1632E+00   C at   31  1
       a = 14.250      CL =  1.3407
      Cm = -0.0255     CD =  0.05839   =>   CDf =  0.00793    CDp =  0.05047

 Side 1  free  transition at x/c =  0.0218   31
 Side 2 forced transition at x/c =  1.0000   66

  66   rms: 0.1226E-01   max: -.1632E+00   C at   31  1
       a = 14.250      CL =  1.3407
      Cm = -0.0255     CD =  0.05839   =>   CDf =  0.00793    CDp =  0.05047

 Side 1  free  transition at x/c =  0.0218   31
 Side 2 forced transition at x/c =  1.0000   66

  67   rms: 0.1226E-01   max: -.1632E+00   C at   31  1
       a = 14.250      CL =  1.3407
      Cm = -0.0255     CD =  0.05839   =>   CDf =  0.00793    CDp =  0.05047

 Side 1  free  transition at x/c =  0.0218   31
 Side 2 forced transition at x/c =  1.0000   66

  68   rms: 0.1226E-01   max: -.1632E+00   C at   31  1
       a = 14.250      CL =  1.3407
      Cm = -0.0255     CD =  0.05839   =>   CDf =  0.00793    CDp =  0.05047

 Side 1  free  transition at x/c =  0.0218   31
 Side 2 forced transition at x/c =  1.0000   66

  69   rms: 0.1226E-01   max: -.1632E+00   C at   31  1
       a = 14.250      CL =  1.3407
      Cm = -0.0255     CD =  0.05839   =>   CDf =  0.00793    CDp =  0.05047

 Side 1  free  transition at x/c =  0.0218   31
 Side 2 forced transition at x/c =  1.0000   66

  70   rms: 0.1226E-01   max: -.1632E+00   C at   31  1
       a = 14.250      CL =  1.3407
      Cm = -0.0255     CD =  0.05839   =>   CDf =  0.00793    CDp =  0.05047

 Side 1  free  transition at x/c =  0.0218   31
 Side 2 forced transition at x/c =  1.0000   66

  71   rms: 0.1226E-01   max: -.1632E+00   C at   31  1
       a = 14.250      CL =  1.3407
      Cm = -0.0255     CD =  0.05839   =>   CDf =  0.00793    CDp =  0.05047

 Side 1  free  transition at x/c =  0.0218   31
 Side 2 forced transition at x/c =  1.0000   66

  72   rms: 0.1226E-01   max: -.1632E+00   C at   31  1
       a = 14.250      CL =  1.3407
      Cm = -0.0255     CD =  0.05839   =>   CDf =  0.00793    CDp =  0.05047

 Side 1  free  transition at x/c =  0.0218   31
 Side 2 forced transition at x/c =  1.0000   66

  73   rms: 0.1226E-01   max: -.1632E+00   C at   31  1
       a = 14.250      CL =  1.3407
      Cm = -0.0255     CD =  0.05839   =>   CDf =  0.00793    CDp =  0.05047

 Side 1  free  transition at x/c =  0.0218   31
 Side 2 forced transition at x/c =  1.0000   66

  74   rms: 0.1226E-01   max: -.1632E+00   C at   31  1
       a = 14.250      CL =  1.3407
      Cm = -0.0255     CD =  0.05839   =>   CDf =  0.00793    CDp =  0.05047

 Side 1  free  transition at x/c =  0.0218   31
 Side 2 forced transition at x/c =  1.0000   66

  75   rms: 0.1226E-01   max: -.1632E+00   C at   31  1
       a = 14.250      CL =  1.3407
      Cm = -0.0255     CD =  0.05839   =>   CDf =  0.00793    CDp =  0.05047

 Side 1  free  transition at x/c =  0.0218   31
 Side 2 forced transition at x/c =  1.0000   66

  76   rms: 0.1226E-01   max: -.1632E+00   C at   31  1
       a = 14.250      CL =  1.3407
      Cm = -0.0255     CD =  0.05839   =>   CDf =  0.00793    CDp =  0.05047

 Side 1  free  transition at x/c =  0.0218   31
 Side 2 forced transition at x/c =  1.0000   66

  77   rms: 0.1226E-01   max: -.1632E+00   C at   31  1
       a = 14.250      CL =  1.3407
      Cm = -0.0255     CD =  0.05839   =>   CDf =  0.00793    CDp =  0.05047

 Side 1  free  transition at x/c =  0.0218   31
 Side 2 forced transition at x/c =  1.0000   66

  78   rms: 0.1226E-01   max: -.1632E+00   C at   31  1
       a = 14.250      CL =  1.3407
      Cm = -0.0255     CD =  0.05839   =>   CDf =  0.00793    CDp =  0.05047

 Side 1  free  transition at x/c =  0.0218   31
 Side 2 forced transition at x/c =  1.0000   66

  79   rms: 0.1226E-01   max: -.1632E+00   C at   31  1
       a = 14.250      CL =  1.3407
      Cm = -0.0255     CD =  0.05839   =>   CDf =  0.00793    CDp =  0.05047

 Side 1  free  transition at x/c =  0.0218   31
 Side 2 forced transition at x/c =  1.0000   66

  80   rms: 0.1226E-01   max: -.1632E+00   C at   31  1
       a = 14.250      CL =  1.3407
      Cm = -0.0255     CD =  0.05839   =>   CDf =  0.00793    CDp =  0.05047

 Side 1  free  transition at x/c =  0.0218   31
 Side 2 forced transition at x/c =  1.0000   66

  81   rms: 0.1226E-01   max: -.1632E+00   C at   31  1
       a = 14.250      CL =  1.3407
      Cm = -0.0255     CD =  0.05839   =>   CDf =  0.00793    CDp =  0.05047

 Side 1  free  transition at x/c =  0.0218   31
 Side 2 forced transition at x/c =  1.0000   66

  82   rms: 0.1226E-01   max: -.1632E+00   C at   31  1
       a = 14.250      CL =  1.3407
      Cm = -0.0255     CD =  0.05839   =>   CDf =  0.00793    CDp =  0.05047

 Side 1  free  transition at x/c =  0.0218   31
 Side 2 forced transition at x/c =  1.0000   66

  83   rms: 0.1226E-01   max: -.1632E+00   C at   31  1
       a = 14.250      CL =  1.3407
      Cm = -0.0255     CD =  0.05839   =>   CDf =  0.00793    CDp =  0.05047

 Side 1  free  transition at x/c =  0.0218   31
 Side 2 forced transition at x/c =  1.0000   66

  84   rms: 0.1226E-01   max: -.1632E+00   C at   31  1
       a = 14.250      CL =  1.3407
      Cm = -0.0255     CD =  0.05839   =>   CDf =  0.00793    CDp =  0.05047

 Side 1  free  transition at x/c =  0.0218   31
 Side 2 forced transition at x/c =  1.0000   66

  85   rms: 0.1226E-01   max: -.1632E+00   C at   31  1
       a = 14.250      CL =  1.3407
      Cm = -0.0255     CD =  0.05839   =>   CDf =  0.00793    CDp =  0.05047

 Side 1  free  transition at x/c =  0.0218   31
 Side 2 forced transition at x/c =  1.0000   66

  86   rms: 0.1226E-01   max: -.1632E+00   C at   31  1
       a = 14.250      CL =  1.3407
      Cm = -0.0255     CD =  0.05839   =>   CDf =  0.00793    CDp =  0.05047

 Side 1  free  transition at x/c =  0.0218   31
 Side 2 forced transition at x/c =  1.0000   66

  87   rms: 0.1226E-01   max: -.1632E+00   C at   31  1
       a = 14.250      CL =  1.3407
      Cm = -0.0255     CD =  0.05839   =>   CDf =  0.00793    CDp =  0.05047

 Side 1  free  transition at x/c =  0.0218   31
 Side 2 forced transition at x/c =  1.0000   66

  88   rms: 0.1226E-01   max: -.1632E+00   C at   31  1
       a = 14.250      CL =  1.3407
      Cm = -0.0255     CD =  0.05839   =>   CDf =  0.00793    CDp =  0.05047

 Side 1  free  transition at x/c =  0.0218   31
 Side 2 forced transition at x/c =  1.0000   66

  89   rms: 0.1226E-01   max: -.1632E+00   C at   31  1
       a = 14.250      CL =  1.3407
      Cm = -0.0255     CD =  0.05839   =>   CDf =  0.00793    CDp =  0.05047

 Side 1  free  transition at x/c =  0.0218   31
 Side 2 forced transition at x/c =  1.0000   66

  90   rms: 0.1226E-01   max: -.1632E+00   C at   31  1
       a = 14.250      CL =  1.3407
      Cm = -0.0255     CD =  0.05839   =>   CDf =  0.00793    CDp =  0.05047

 Side 1  free  transition at x/c =  0.0218   31
 Side 2 forced transition at x/c =  1.0000   66

  91   rms: 0.1226E-01   max: -.1632E+00   C at   31  1
       a = 14.250      CL =  1.3407
      Cm = -0.0255     CD =  0.05839   =>   CDf =  0.00793    CDp =  0.05047

 Side 1  free  transition at x/c =  0.0218   31
 Side 2 forced transition at x/c =  1.0000   66

  92   rms: 0.1226E-01   max: -.1632E+00   C at   31  1
       a = 14.250      CL =  1.3407
      Cm = -0.0255     CD =  0.05839   =>   CDf =  0.00793    CDp =  0.05047

 Side 1  free  transition at x/c =  0.0218   31
 Side 2 forced transition at x/c =  1.0000   66

  93   rms: 0.1226E-01   max: -.1632E+00   C at   31  1
       a = 14.250      CL =  1.3407
      Cm = -0.0255     CD =  0.05839   =>   CDf =  0.00793    CDp =  0.05047

 Side 1  free  transition at x/c =  0.0218   31
 Side 2 forced transition at x/c =  1.0000   66

  94   rms: 0.1226E-01   max: -.1632E+00   C at   31  1
       a = 14.250      CL =  1.3407
      Cm = -0.0255     CD =  0.05839   =>   CDf =  0.00793    CDp =  0.05047

 Side 1  free  transition at x/c =  0.0218   31
 Side 2 forced transition at x/c =  1.0000   66

  95   rms: 0.1226E-01   max: -.1632E+00   C at   31  1
       a = 14.250      CL =  1.3407
      Cm = -0.0255     CD =  0.05839   =>   CDf =  0.00793    CDp =  0.05047

 Side 1  free  transition at x/c =  0.0218   31
 Side 2 forced transition at x/c =  1.0000   66

  96   rms: 0.1226E-01   max: -.1632E+00   C at   31  1
       a = 14.250      CL =  1.3407
      Cm = -0.0255     CD =  0.05839   =>   CDf =  0.00793    CDp =  0.05047

 Side 1  free  transition at x/c =  0.0218   31
 Side 2 forced transition at x/c =  1.0000   66

  97   rms: 0.1226E-01   max: -.1632E+00   C at   31  1
       a = 14.250      CL =  1.3407
      Cm = -0.0255     CD =  0.05839   =>   CDf =  0.00793    CDp =  0.05047

 Side 1  free  transition at x/c =  0.0218   31
 Side 2 forced transition at x/c =  1.0000   66

  98   rms: 0.1226E-01   max: -.1632E+00   C at   31  1
       a = 14.250      CL =  1.3407
      Cm = -0.0255     CD =  0.05839   =>   CDf =  0.00793    CDp =  0.05047

 Side 1  free  transition at x/c =  0.0218   31
 Side 2 forced transition at x/c =  1.0000   66

  99   rms: 0.1226E-01   max: -.1632E+00   C at   31  1
       a = 14.250      CL =  1.3407
      Cm = -0.0255     CD =  0.05839   =>   CDf =  0.00793    CDp =  0.05047

 Side 1  free  transition at x/c =  0.0218   31
 Side 2 forced transition at x/c =  1.0000   66

 100   rms: 0.1226E-01   max: -.1632E+00   C at   31  1
       a = 14.250      CL =  1.3407
      Cm = -0.0255     CD =  0.05839   =>   CDf =  0.00793    CDp =  0.05047

 Side 1  free  transition at x/c =  0.0218   31
 Side 2 forced transition at x/c =  1.0000   66

 101   rms: 0.1226E-01   max: -.1632E+00   C at   31  1
       a = 14.250      CL =  1.3407
      Cm = -0.0255     CD =  0.05839   =>   CDf =  0.00793    CDp =  0.05047

 Side 1  free  transition at x/c =  0.0218   31
 Side 2 forced transition at x/c =  1.0000   66

 102   rms: 0.1226E-01   max: -.1632E+00   C at   31  1
       a = 14.250      CL =  1.3407
      Cm = -0.0255     CD =  0.05839   =>   CDf =  0.00793    CDp =  0.05047

 Side 1  free  transition at x/c =  0.0218   31
 Side 2 forced transition at x/c =  1.0000   66

 103   rms: 0.1226E-01   max: -.1632E+00   C at   31  1
       a = 14.250      CL =  1.3407
      Cm = -0.0255     CD =  0.05839   =>   CDf =  0.00793    CDp =  0.05047

 Side 1  free  transition at x/c =  0.0218   31
 Side 2 forced transition at x/c =  1.0000   66

 104   rms: 0.1226E-01   max: -.1632E+00   C at   31  1
       a = 14.250      CL =  1.3407
      Cm = -0.0255     CD =  0.05839   =>   CDf =  0.00793    CDp =  0.05047

 Side 1  free  transition at x/c =  0.0218   31
 Side 2 forced transition at x/c =  1.0000   66

 105   rms: 0.1226E-01   max: -.1632E+00   C at   31  1
       a = 14.250      CL =  1.3407
      Cm = -0.0255     CD =  0.05839   =>   CDf =  0.00793    CDp =  0.05047

 Side 1  free  transition at x/c =  0.0218   31
 Side 2 forced transition at x/c =  1.0000   66

 106   rms: 0.1226E-01   max: -.1632E+00   C at   31  1
       a = 14.250      CL =  1.3407
      Cm = -0.0255     CD =  0.05839   =>   CDf =  0.00793    CDp =  0.05047

 Side 1  free  transition at x/c =  0.0218   31
 Side 2 forced transition at x/c =  1.0000   66

 107   rms: 0.1226E-01   max: -.1632E+00   C at   31  1
       a = 14.250      CL =  1.3407
      Cm = -0.0255     CD =  0.05839   =>   CDf =  0.00793    CDp =  0.05047

 Side 1  free  transition at x/c =  0.0218   31
 Side 2 forced transition at x/c =  1.0000   66

 108   rms: 0.1226E-01   max: -.1632E+00   C at   31  1
       a = 14.250      CL =  1.3407
      Cm = -0.0255     CD =  0.05839   =>   CDf =  0.00793    CDp =  0.05047

 Side 1  free  transition at x/c =  0.0218   31
 Side 2 forced transition at x/c =  1.0000   66

 109   rms: 0.1226E-01   max: -.1632E+00   C at   31  1
       a = 14.250      CL =  1.3407
      Cm = -0.0255     CD =  0.05839   =>   CDf =  0.00793    CDp =  0.05047

 Side 1  free  transition at x/c =  0.0218   31
 Side 2 forced transition at x/c =  1.0000   66

 110   rms: 0.1226E-01   max: -.1632E+00   C at   31  1
       a = 14.250      CL =  1.3407
      Cm = -0.0255     CD =  0.05839   =>   CDf =  0.00793    CDp =  0.05047

 Side 1  free  transition at x/c =  0.0218   31
 Side 2 forced transition at x/c =  1.0000   66

 111   rms: 0.1226E-01   max: -.1632E+00   C at   31  1
       a = 14.250      CL =  1.3407
      Cm = -0.0255     CD =  0.05839   =>   CDf =  0.00793    CDp =  0.05047

 Side 1  free  transition at x/c =  0.0218   31
 Side 2 forced transition at x/c =  1.0000   66

 112   rms: 0.1226E-01   max: -.1632E+00   C at   31  1
       a = 14.250      CL =  1.3407
      Cm = -0.0255     CD =  0.05839   =>   CDf =  0.00793    CDp =  0.05047

 Side 1  free  transition at x/c =  0.0218   31
 Side 2 forced transition at x/c =  1.0000   66

 113   rms: 0.1226E-01   max: -.1632E+00   C at   31  1
       a = 14.250      CL =  1.3407
      Cm = -0.0255     CD =  0.05839   =>   CDf =  0.00793    CDp =  0.05047

 Side 1  free  transition at x/c =  0.0218   31
 Side 2 forced transition at x/c =  1.0000   66

 114   rms: 0.1226E-01   max: -.1632E+00   C at   31  1
       a = 14.250      CL =  1.3407
      Cm = -0.0255     CD =  0.05839   =>   CDf =  0.00793    CDp =  0.05047

 Side 1  free  transition at x/c =  0.0218   31
 Side 2 forced transition at x/c =  1.0000   66

 115   rms: 0.1226E-01   max: -.1632E+00   C at   31  1
       a = 14.250      CL =  1.3407
      Cm = -0.0255     CD =  0.05839   =>   CDf =  0.00793    CDp =  0.05047

 Side 1  free  transition at x/c =  0.0218   31
 Side 2 forced transition at x/c =  1.0000   66

 116   rms: 0.1226E-01   max: -.1632E+00   C at   31  1
       a = 14.250      CL =  1.3407
      Cm = -0.0255     CD =  0.05839   =>   CDf =  0.00793    CDp =  0.05047

 Side 1  free  transition at x/c =  0.0218   31
 Side 2 forced transition at x/c =  1.0000   66

 117   rms: 0.1226E-01   max: -.1632E+00   C at   31  1
       a = 14.250      CL =  1.3407
      Cm = -0.0255     CD =  0.05839   =>   CDf =  0.00793    CDp =  0.05047

 Side 1  free  transition at x/c =  0.0218   31
 Side 2 forced transition at x/c =  1.0000   66

 118   rms: 0.1226E-01   max: -.1632E+00   C at   31  1
       a = 14.250      CL =  1.3407
      Cm = -0.0255     CD =  0.05839   =>   CDf =  0.00793    CDp =  0.05047

 Side 1  free  transition at x/c =  0.0218   31
 Side 2 forced transition at x/c =  1.0000   66

 119   rms: 0.1226E-01   max: -.1632E+00   C at   31  1
       a = 14.250      CL =  1.3407
      Cm = -0.0255     CD =  0.05839   =>   CDf =  0.00793    CDp =  0.05047

 Side 1  free  transition at x/c =  0.0218   31
 Side 2 forced transition at x/c =  1.0000   66

 120   rms: 0.1226E-01   max: -.1632E+00   C at   31  1
       a = 14.250      CL =  1.3407
      Cm = -0.0255     CD =  0.05839   =>   CDf =  0.00793    CDp =  0.05047

 Side 1  free  transition at x/c =  0.0218   31
 Side 2 forced transition at x/c =  1.0000   66

 121   rms: 0.1226E-01   max: -.1632E+00   C at   31  1
       a = 14.250      CL =  1.3407
      Cm = -0.0255     CD =  0.05839   =>   CDf =  0.00793    CDp =  0.05047

 Side 1  free  transition at x/c =  0.0218   31
 Side 2 forced transition at x/c =  1.0000   66

 122   rms: 0.1226E-01   max: -.1632E+00   C at   31  1
       a = 14.250      CL =  1.3407
      Cm = -0.0255     CD =  0.05839   =>   CDf =  0.00793    CDp =  0.05047

 Side 1  free  transition at x/c =  0.0218   31
 Side 2 forced transition at x/c =  1.0000   66

 123   rms: 0.1226E-01   max: -.1632E+00   C at   31  1
       a = 14.250      CL =  1.3407
      Cm = -0.0255     CD =  0.05839   =>   CDf =  0.00793    CDp =  0.05047

 Side 1  free  transition at x/c =  0.0218   31
 Side 2 forced transition at x/c =  1.0000   66

 124   rms: 0.1226E-01   max: -.1632E+00   C at   31  1
       a = 14.250      CL =  1.3407
      Cm = -0.0255     CD =  0.05839   =>   CDf =  0.00793    CDp =  0.05047

 Side 1  free  transition at x/c =  0.0218   31
 Side 2 forced transition at x/c =  1.0000   66

 125   rms: 0.1226E-01   max: -.1632E+00   C at   31  1
       a = 14.250      CL =  1.3407
      Cm = -0.0255     CD =  0.05839   =>   CDf =  0.00793    CDp =  0.05047

 Side 1  free  transition at x/c =  0.0218   31
 Side 2 forced transition at x/c =  1.0000   66

 126   rms: 0.1226E-01   max: -.1632E+00   C at   31  1
       a = 14.250      CL =  1.3407
      Cm = -0.0255     CD =  0.05839   =>   CDf =  0.00793    CDp =  0.05047

 Side 1  free  transition at x/c =  0.0218   31
 Side 2 forced transition at x/c =  1.0000   66

 127   rms: 0.1226E-01   max: -.1632E+00   C at   31  1
       a = 14.250      CL =  1.3407
      Cm = -0.0255     CD =  0.05839   =>   CDf =  0.00793    CDp =  0.05047

 Side 1  free  transition at x/c =  0.0218   31
 Side 2 forced transition at x/c =  1.0000   66

 128   rms: 0.1226E-01   max: -.1632E+00   C at   31  1
       a = 14.250      CL =  1.3407
      Cm = -0.0255     CD =  0.05839   =>   CDf =  0.00793    CDp =  0.05047

 Side 1  free  transition at x/c =  0.0218   31
 Side 2 forced transition at x/c =  1.0000   66

 129   rms: 0.1226E-01   max: -.1632E+00   C at   31  1
       a = 14.250      CL =  1.3407
      Cm = -0.0255     CD =  0.05839   =>   CDf =  0.00793    CDp =  0.05047

 Side 1  free  transition at x/c =  0.0218   31
 Side 2 forced transition at x/c =  1.0000   66

 130   rms: 0.1226E-01   max: -.1632E+00   C at   31  1
       a = 14.250      CL =  1.3407
      Cm = -0.0255     CD =  0.05839   =>   CDf =  0.00793    CDp =  0.05047

 Side 1  free  transition at x/c =  0.0218   31
 Side 2 forced transition at x/c =  1.0000   66

 131   rms: 0.1226E-01   max: -.1632E+00   C at   31  1
       a = 14.250      CL =  1.3407
      Cm = -0.0255     CD =  0.05839   =>   CDf =  0.00793    CDp =  0.05047

 Side 1  free  transition at x/c =  0.0218   31
 Side 2 forced transition at x/c =  1.0000   66

 132   rms: 0.1226E-01   max: -.1632E+00   C at   31  1
       a = 14.250      CL =  1.3407
      Cm = -0.0255     CD =  0.05839   =>   CDf =  0.00793    CDp =  0.05047

 Side 1  free  transition at x/c =  0.0218   31
 Side 2 forced transition at x/c =  1.0000   66

 133   rms: 0.1226E-01   max: -.1632E+00   C at   31  1
       a = 14.250      CL =  1.3407
      Cm = -0.0255     CD =  0.05839   =>   CDf =  0.00793    CDp =  0.05047

 Side 1  free  transition at x/c =  0.0218   31
 Side 2 forced transition at x/c =  1.0000   66

 134   rms: 0.1226E-01   max: -.1632E+00   C at   31  1
       a = 14.250      CL =  1.3407
      Cm = -0.0255     CD =  0.05839   =>   CDf =  0.00793    CDp =  0.05047

 Side 1  free  transition at x/c =  0.0218   31
 Side 2 forced transition at x/c =  1.0000   66

 135   rms: 0.1226E-01   max: -.1632E+00   C at   31  1
       a = 14.250      CL =  1.3407
      Cm = -0.0255     CD =  0.05839   =>   CDf =  0.00793    CDp =  0.05047

 Side 1  free  transition at x/c =  0.0218   31
 Side 2 forced transition at x/c =  1.0000   66

 136   rms: 0.1226E-01   max: -.1632E+00   C at   31  1
       a = 14.250      CL =  1.3407
      Cm = -0.0255     CD =  0.05839   =>   CDf =  0.00793    CDp =  0.05047

 Side 1  free  transition at x/c =  0.0218   31
 Side 2 forced transition at x/c =  1.0000   66

 137   rms: 0.1226E-01   max: -.1632E+00   C at   31  1
       a = 14.250      CL =  1.3407
      Cm = -0.0255     CD =  0.05839   =>   CDf =  0.00793    CDp =  0.05047

 Side 1  free  transition at x/c =  0.0218   31
 Side 2 forced transition at x/c =  1.0000   66

 138   rms: 0.1226E-01   max: -.1632E+00   C at   31  1
       a = 14.250      CL =  1.3407
      Cm = -0.0255     CD =  0.05839   =>   CDf =  0.00793    CDp =  0.05047

 Side 1  free  transition at x/c =  0.0218   31
 Side 2 forced transition at x/c =  1.0000   66

 139   rms: 0.1226E-01   max: -.1632E+00   C at   31  1
       a = 14.250      CL =  1.3407
      Cm = -0.0255     CD =  0.05839   =>   CDf =  0.00793    CDp =  0.05047

 Side 1  free  transition at x/c =  0.0218   31
 Side 2 forced transition at x/c =  1.0000   66

 140   rms: 0.1226E-01   max: -.1632E+00   C at   31  1
       a = 14.250      CL =  1.3407
      Cm = -0.0255     CD =  0.05839   =>   CDf =  0.00793    CDp =  0.05047

 Side 1  free  transition at x/c =  0.0218   31
 Side 2 forced transition at x/c =  1.0000   66

 141   rms: 0.1226E-01   max: -.1632E+00   C at   31  1
       a = 14.250      CL =  1.3407
      Cm = -0.0255     CD =  0.05839   =>   CDf =  0.00793    CDp =  0.05047

 Side 1  free  transition at x/c =  0.0218   31
 Side 2 forced transition at x/c =  1.0000   66

 142   rms: 0.1226E-01   max: -.1632E+00   C at   31  1
       a = 14.250      CL =  1.3407
      Cm = -0.0255     CD =  0.05839   =>   CDf =  0.00793    CDp =  0.05047

 Side 1  free  transition at x/c =  0.0218   31
 Side 2 forced transition at x/c =  1.0000   66

 143   rms: 0.1226E-01   max: -.1632E+00   C at   31  1
       a = 14.250      CL =  1.3407
      Cm = -0.0255     CD =  0.05839   =>   CDf =  0.00793    CDp =  0.05047

 Side 1  free  transition at x/c =  0.0218   31
 Side 2 forced transition at x/c =  1.0000   66

 144   rms: 0.1226E-01   max: -.1632E+00   C at   31  1
       a = 14.250      CL =  1.3407
      Cm = -0.0255     CD =  0.05839   =>   CDf =  0.00793    CDp =  0.05047

 Side 1  free  transition at x/c =  0.0218   31
 Side 2 forced transition at x/c =  1.0000   66

 145   rms: 0.1226E-01   max: -.1632E+00   C at   31  1
       a = 14.250      CL =  1.3407
      Cm = -0.0255     CD =  0.05839   =>   CDf =  0.00793    CDp =  0.05047

 Side 1  free  transition at x/c =  0.0218   31
 Side 2 forced transition at x/c =  1.0000   66

 146   rms: 0.1226E-01   max: -.1632E+00   C at   31  1
       a = 14.250      CL =  1.3407
      Cm = -0.0255     CD =  0.05839   =>   CDf =  0.00793    CDp =  0.05047

 Side 1  free  transition at x/c =  0.0218   31
 Side 2 forced transition at x/c =  1.0000   66

 147   rms: 0.1226E-01   max: -.1632E+00   C at   31  1
       a = 14.250      CL =  1.3407
      Cm = -0.0255     CD =  0.05839   =>   CDf =  0.00793    CDp =  0.05047

 Side 1  free  transition at x/c =  0.0218   31
 Side 2 forced transition at x/c =  1.0000   66

 148   rms: 0.1226E-01   max: -.1632E+00   C at   31  1
       a = 14.250      CL =  1.3407
      Cm = -0.0255     CD =  0.05839   =>   CDf =  0.00793    CDp =  0.05047

 Side 1  free  transition at x/c =  0.0218   31
 Side 2 forced transition at x/c =  1.0000   66

 149   rms: 0.1226E-01   max: -.1632E+00   C at   31  1
       a = 14.250      CL =  1.3407
      Cm = -0.0255     CD =  0.05839   =>   CDf =  0.00793    CDp =  0.05047

 Side 1  free  transition at x/c =  0.0218   31
 Side 2 forced transition at x/c =  1.0000   66

 150   rms: 0.1226E-01   max: -.1632E+00   C at   31  1
       a = 14.250      CL =  1.3407
      Cm = -0.0255     CD =  0.05839   =>   CDf =  0.00793    CDp =  0.05047

 Side 1  free  transition at x/c =  0.0218   31
 Side 2 forced transition at x/c =  1.0000   66

 151   rms: 0.1226E-01   max: -.1632E+00   C at   31  1
       a = 14.250      CL =  1.3407
      Cm = -0.0255     CD =  0.05839   =>   CDf =  0.00793    CDp =  0.05047

 Side 1  free  transition at x/c =  0.0218   31
 Side 2 forced transition at x/c =  1.0000   66

 152   rms: 0.1226E-01   max: -.1632E+00   C at   31  1
       a = 14.250      CL =  1.3407
      Cm = -0.0255     CD =  0.05839   =>   CDf =  0.00793    CDp =  0.05047

 Side 1  free  transition at x/c =  0.0218   31
 Side 2 forced transition at x/c =  1.0000   66

 153   rms: 0.1226E-01   max: -.1632E+00   C at   31  1
       a = 14.250      CL =  1.3407
      Cm = -0.0255     CD =  0.05839   =>   CDf =  0.00793    CDp =  0.05047

 Side 1  free  transition at x/c =  0.0218   31
 Side 2 forced transition at x/c =  1.0000   66

 154   rms: 0.1226E-01   max: -.1632E+00   C at   31  1
       a = 14.250      CL =  1.3407
      Cm = -0.0255     CD =  0.05839   =>   CDf =  0.00793    CDp =  0.05047

 Side 1  free  transition at x/c =  0.0218   31
 Side 2 forced transition at x/c =  1.0000   66

 155   rms: 0.1226E-01   max: -.1632E+00   C at   31  1
       a = 14.250      CL =  1.3407
      Cm = -0.0255     CD =  0.05839   =>   CDf =  0.00793    CDp =  0.05047

 Side 1  free  transition at x/c =  0.0218   31
 Side 2 forced transition at x/c =  1.0000   66

 156   rms: 0.1226E-01   max: -.1632E+00   C at   31  1
       a = 14.250      CL =  1.3407
      Cm = -0.0255     CD =  0.05839   =>   CDf =  0.00793    CDp =  0.05047

 Side 1  free  transition at x/c =  0.0218   31
 Side 2 forced transition at x/c =  1.0000   66

 157   rms: 0.1226E-01   max: -.1632E+00   C at   31  1
       a = 14.250      CL =  1.3407
      Cm = -0.0255     CD =  0.05839   =>   CDf =  0.00793    CDp =  0.05047

 Side 1  free  transition at x/c =  0.0218   31
 Side 2 forced transition at x/c =  1.0000   66

 158   rms: 0.1226E-01   max: -.1632E+00   C at   31  1
       a = 14.250      CL =  1.3407
      Cm = -0.0255     CD =  0.05839   =>   CDf =  0.00793    CDp =  0.05047

 Side 1  free  transition at x/c =  0.0218   31
 Side 2 forced transition at x/c =  1.0000   66

 159   rms: 0.1226E-01   max: -.1632E+00   C at   31  1
       a = 14.250      CL =  1.3407
      Cm = -0.0255     CD =  0.05839   =>   CDf =  0.00793    CDp =  0.05047

 Side 1  free  transition at x/c =  0.0218   31
 Side 2 forced transition at x/c =  1.0000   66

 160   rms: 0.1226E-01   max: -.1632E+00   C at   31  1
       a = 14.250      CL =  1.3407
      Cm = -0.0255     CD =  0.05839   =>   CDf =  0.00793    CDp =  0.05047

 Side 1  free  transition at x/c =  0.0218   31
 Side 2 forced transition at x/c =  1.0000   66

 161   rms: 0.1226E-01   max: -.1632E+00   C at   31  1
       a = 14.250      CL =  1.3407
      Cm = -0.0255     CD =  0.05839   =>   CDf =  0.00793    CDp =  0.05047

 Side 1  free  transition at x/c =  0.0218   31
 Side 2 forced transition at x/c =  1.0000   66

 162   rms: 0.1226E-01   max: -.1632E+00   C at   31  1
       a = 14.250      CL =  1.3407
      Cm = -0.0255     CD =  0.05839   =>   CDf =  0.00793    CDp =  0.05047

 Side 1  free  transition at x/c =  0.0218   31
 Side 2 forced transition at x/c =  1.0000   66

 163   rms: 0.1226E-01   max: -.1632E+00   C at   31  1
       a = 14.250      CL =  1.3407
      Cm = -0.0255     CD =  0.05839   =>   CDf =  0.00793    CDp =  0.05047

 Side 1  free  transition at x/c =  0.0218   31
 Side 2 forced transition at x/c =  1.0000   66

 164   rms: 0.1226E-01   max: -.1632E+00   C at   31  1
       a = 14.250      CL =  1.3407
      Cm = -0.0255     CD =  0.05839   =>   CDf =  0.00793    CDp =  0.05047

 Side 1  free  transition at x/c =  0.0218   31
 Side 2 forced transition at x/c =  1.0000   66

 165   rms: 0.1226E-01   max: -.1632E+00   C at   31  1
       a = 14.250      CL =  1.3407
      Cm = -0.0255     CD =  0.05839   =>   CDf =  0.00793    CDp =  0.05047

 Side 1  free  transition at x/c =  0.0218   31
 Side 2 forced transition at x/c =  1.0000   66

 166   rms: 0.1226E-01   max: -.1632E+00   C at   31  1
       a = 14.250      CL =  1.3407
      Cm = -0.0255     CD =  0.05839   =>   CDf =  0.00793    CDp =  0.05047

 Side 1  free  transition at x/c =  0.0218   31
 Side 2 forced transition at x/c =  1.0000   66

 167   rms: 0.1226E-01   max: -.1632E+00   C at   31  1
       a = 14.250      CL =  1.3407
      Cm = -0.0255     CD =  0.05839   =>   CDf =  0.00793    CDp =  0.05047

 Side 1  free  transition at x/c =  0.0218   31
 Side 2 forced transition at x/c =  1.0000   66

 168   rms: 0.1226E-01   max: -.1632E+00   C at   31  1
       a = 14.250      CL =  1.3407
      Cm = -0.0255     CD =  0.05839   =>   CDf =  0.00793    CDp =  0.05047

 Side 1  free  transition at x/c =  0.0218   31
 Side 2 forced transition at x/c =  1.0000   66

 169   rms: 0.1226E-01   max: -.1632E+00   C at   31  1
       a = 14.250      CL =  1.3407
      Cm = -0.0255     CD =  0.05839   =>   CDf =  0.00793    CDp =  0.05047

 Side 1  free  transition at x/c =  0.0218   31
 Side 2 forced transition at x/c =  1.0000   66

 170   rms: 0.1226E-01   max: -.1632E+00   C at   31  1
       a = 14.250      CL =  1.3407
      Cm = -0.0255     CD =  0.05839   =>   CDf =  0.00793    CDp =  0.05047

 Side 1  free  transition at x/c =  0.0218   31
 Side 2 forced transition at x/c =  1.0000   66

 171   rms: 0.1226E-01   max: -.1632E+00   C at   31  1
       a = 14.250      CL =  1.3407
      Cm = -0.0255     CD =  0.05839   =>   CDf =  0.00793    CDp =  0.05047

 Side 1  free  transition at x/c =  0.0218   31
 Side 2 forced transition at x/c =  1.0000   66

 172   rms: 0.1226E-01   max: -.1632E+00   C at   31  1
       a = 14.250      CL =  1.3407
      Cm = -0.0255     CD =  0.05839   =>   CDf =  0.00793    CDp =  0.05047

 Side 1  free  transition at x/c =  0.0218   31
 Side 2 forced transition at x/c =  1.0000   66

 173   rms: 0.1226E-01   max: -.1632E+00   C at   31  1
       a = 14.250      CL =  1.3407
      Cm = -0.0255     CD =  0.05839   =>   CDf =  0.00793    CDp =  0.05047

 Side 1  free  transition at x/c =  0.0218   31
 Side 2 forced transition at x/c =  1.0000   66

 174   rms: 0.1226E-01   max: -.1632E+00   C at   31  1
       a = 14.250      CL =  1.3407
      Cm = -0.0255     CD =  0.05839   =>   CDf =  0.00793    CDp =  0.05047

 Side 1  free  transition at x/c =  0.0218   31
 Side 2 forced transition at x/c =  1.0000   66

 175   rms: 0.1226E-01   max: -.1632E+00   C at   31  1
       a = 14.250      CL =  1.3407
      Cm = -0.0255     CD =  0.05839   =>   CDf =  0.00793    CDp =  0.05047

 Side 1  free  transition at x/c =  0.0218   31
 Side 2 forced transition at x/c =  1.0000   66

 176   rms: 0.1226E-01   max: -.1632E+00   C at   31  1
       a = 14.250      CL =  1.3407
      Cm = -0.0255     CD =  0.05839   =>   CDf =  0.00793    CDp =  0.05047

 Side 1  free  transition at x/c =  0.0218   31
 Side 2 forced transition at x/c =  1.0000   66

 177   rms: 0.1226E-01   max: -.1632E+00   C at   31  1
       a = 14.250      CL =  1.3407
      Cm = -0.0255     CD =  0.05839   =>   CDf =  0.00793    CDp =  0.05047

 Side 1  free  transition at x/c =  0.0218   31
 Side 2 forced transition at x/c =  1.0000   66

 178   rms: 0.1226E-01   max: -.1632E+00   C at   31  1
       a = 14.250      CL =  1.3407
      Cm = -0.0255     CD =  0.05839   =>   CDf =  0.00793    CDp =  0.05047

 Side 1  free  transition at x/c =  0.0218   31
 Side 2 forced transition at x/c =  1.0000   66

 179   rms: 0.1226E-01   max: -.1632E+00   C at   31  1
       a = 14.250      CL =  1.3407
      Cm = -0.0255     CD =  0.05839   =>   CDf =  0.00793    CDp =  0.05047

 Side 1  free  transition at x/c =  0.0218   31
 Side 2 forced transition at x/c =  1.0000   66

 180   rms: 0.1226E-01   max: -.1632E+00   C at   31  1
       a = 14.250      CL =  1.3407
      Cm = -0.0255     CD =  0.05839   =>   CDf =  0.00793    CDp =  0.05047

 Side 1  free  transition at x/c =  0.0218   31
 Side 2 forced transition at x/c =  1.0000   66

 181   rms: 0.1226E-01   max: -.1632E+00   C at   31  1
       a = 14.250      CL =  1.3407
      Cm = -0.0255     CD =  0.05839   =>   CDf =  0.00793    CDp =  0.05047

 Side 1  free  transition at x/c =  0.0218   31
 Side 2 forced transition at x/c =  1.0000   66

 182   rms: 0.1226E-01   max: -.1632E+00   C at   31  1
       a = 14.250      CL =  1.3407
      Cm = -0.0255     CD =  0.05839   =>   CDf =  0.00793    CDp =  0.05047

 Side 1  free  transition at x/c =  0.0218   31
 Side 2 forced transition at x/c =  1.0000   66

 183   rms: 0.1226E-01   max: -.1632E+00   C at   31  1
       a = 14.250      CL =  1.3407
      Cm = -0.0255     CD =  0.05839   =>   CDf =  0.00793    CDp =  0.05047

 Side 1  free  transition at x/c =  0.0218   31
 Side 2 forced transition at x/c =  1.0000   66

 184   rms: 0.1226E-01   max: -.1632E+00   C at   31  1
       a = 14.250      CL =  1.3407
      Cm = -0.0255     CD =  0.05839   =>   CDf =  0.00793    CDp =  0.05047

 Side 1  free  transition at x/c =  0.0218   31
 Side 2 forced transition at x/c =  1.0000   66

 185   rms: 0.1226E-01   max: -.1632E+00   C at   31  1
       a = 14.250      CL =  1.3407
      Cm = -0.0255     CD =  0.05839   =>   CDf =  0.00793    CDp =  0.05047

 Side 1  free  transition at x/c =  0.0218   31
 Side 2 forced transition at x/c =  1.0000   66

 186   rms: 0.1226E-01   max: -.1632E+00   C at   31  1
       a = 14.250      CL =  1.3407
      Cm = -0.0255     CD =  0.05839   =>   CDf =  0.00793    CDp =  0.05047

 Side 1  free  transition at x/c =  0.0218   31
 Side 2 forced transition at x/c =  1.0000   66

 187   rms: 0.1226E-01   max: -.1632E+00   C at   31  1
       a = 14.250      CL =  1.3407
      Cm = -0.0255     CD =  0.05839   =>   CDf =  0.00793    CDp =  0.05047

 Side 1  free  transition at x/c =  0.0218   31
 Side 2 forced transition at x/c =  1.0000   66

 188   rms: 0.1226E-01   max: -.1632E+00   C at   31  1
       a = 14.250      CL =  1.3407
      Cm = -0.0255     CD =  0.05839   =>   CDf =  0.00793    CDp =  0.05047

 Side 1  free  transition at x/c =  0.0218   31
 Side 2 forced transition at x/c =  1.0000   66

 189   rms: 0.1226E-01   max: -.1632E+00   C at   31  1
       a = 14.250      CL =  1.3407
      Cm = -0.0255     CD =  0.05839   =>   CDf =  0.00793    CDp =  0.05047

 Side 1  free  transition at x/c =  0.0218   31
 Side 2 forced transition at x/c =  1.0000   66

 190   rms: 0.1226E-01   max: -.1632E+00   C at   31  1
       a = 14.250      CL =  1.3407
      Cm = -0.0255     CD =  0.05839   =>   CDf =  0.00793    CDp =  0.05047

 Side 1  free  transition at x/c =  0.0218   31
 Side 2 forced transition at x/c =  1.0000   66

 191   rms: 0.1226E-01   max: -.1632E+00   C at   31  1
       a = 14.250      CL =  1.3407
      Cm = -0.0255     CD =  0.05839   =>   CDf =  0.00793    CDp =  0.05047

 Side 1  free  transition at x/c =  0.0218   31
 Side 2 forced transition at x/c =  1.0000   66

 192   rms: 0.1226E-01   max: -.1632E+00   C at   31  1
       a = 14.250      CL =  1.3407
      Cm = -0.0255     CD =  0.05839   =>   CDf =  0.00793    CDp =  0.05047

 Side 1  free  transition at x/c =  0.0218   31
 Side 2 forced transition at x/c =  1.0000   66

 193   rms: 0.1226E-01   max: -.1632E+00   C at   31  1
       a = 14.250      CL =  1.3407
      Cm = -0.0255     CD =  0.05839   =>   CDf =  0.00793    CDp =  0.05047

 Side 1  free  transition at x/c =  0.0218   31
 Side 2 forced transition at x/c =  1.0000   66

 194   rms: 0.1226E-01   max: -.1632E+00   C at   31  1
       a = 14.250      CL =  1.3407
      Cm = -0.0255     CD =  0.05839   =>   CDf =  0.00793    CDp =  0.05047

 Side 1  free  transition at x/c =  0.0218   31
 Side 2 forced transition at x/c =  1.0000   66

 195   rms: 0.1226E-01   max: -.1632E+00   C at   31  1
       a = 14.250      CL =  1.3407
      Cm = -0.0255     CD =  0.05839   =>   CDf =  0.00793    CDp =  0.05047

 Side 1  free  transition at x/c =  0.0218   31
 Side 2 forced transition at x/c =  1.0000   66

 196   rms: 0.1226E-01   max: -.1632E+00   C at   31  1
       a = 14.250      CL =  1.3407
      Cm = -0.0255     CD =  0.05839   =>   CDf =  0.00793    CDp =  0.05047

 Side 1  free  transition at x/c =  0.0218   31
 Side 2 forced transition at x/c =  1.0000   66

 197   rms: 0.1226E-01   max: -.1632E+00   C at   31  1
       a = 14.250      CL =  1.3407
      Cm = -0.0255     CD =  0.05839   =>   CDf =  0.00793    CDp =  0.05047

 Side 1  free  transition at x/c =  0.0218   31
 Side 2 forced transition at x/c =  1.0000   66

 198   rms: 0.1226E-01   max: -.1632E+00   C at   31  1
       a = 14.250      CL =  1.3407
      Cm = -0.0255     CD =  0.05839   =>   CDf =  0.00793    CDp =  0.05047

 Side 1  free  transition at x/c =  0.0218   31
 Side 2 forced transition at x/c =  1.0000   66

 199   rms: 0.1226E-01   max: -.1632E+00   C at   31  1
       a = 14.250      CL =  1.3407
      Cm = -0.0255     CD =  0.05839   =>   CDf =  0.00793    CDp =  0.05047

 Side 1  free  transition at x/c =  0.0218   31
 Side 2 forced transition at x/c =  1.0000   66

 200   rms: 0.1226E-01   max: -.1632E+00   C at   31  1
       a = 14.250      CL =  1.3407
      Cm = -0.0255     CD =  0.05839   =>   CDf =  0.00793    CDp =  0.05047

 Side 1  free  transition at x/c =  0.0218   31
 Side 2 forced transition at x/c =  1.0000   66

 201   rms: 0.1226E-01   max: -.1632E+00   C at   31  1
       a = 14.250      CL =  1.3407
      Cm = -0.0255     CD =  0.05839   =>   CDf =  0.00793    CDp =  0.05047

 Side 1  free  transition at x/c =  0.0218   31
 Side 2 forced transition at x/c =  1.0000   66

 202   rms: 0.1226E-01   max: -.1632E+00   C at   31  1
       a = 14.250      CL =  1.3407
      Cm = -0.0255     CD =  0.05839   =>   CDf =  0.00793    CDp =  0.05047

 Side 1  free  transition at x/c =  0.0218   31
 Side 2 forced transition at x/c =  1.0000   66

 203   rms: 0.1226E-01   max: -.1632E+00   C at   31  1
       a = 14.250      CL =  1.3407
      Cm = -0.0255     CD =  0.05839   =>   CDf =  0.00793    CDp =  0.05047

 Side 1  free  transition at x/c =  0.0218   31
 Side 2 forced transition at x/c =  1.0000   66

 204   rms: 0.1226E-01   max: -.1632E+00   C at   31  1
       a = 14.250      CL =  1.3407
      Cm = -0.0255     CD =  0.05839   =>   CDf =  0.00793    CDp =  0.05047

 Side 1  free  transition at x/c =  0.0218   31
 Side 2 forced transition at x/c =  1.0000   66

 205   rms: 0.1226E-01   max: -.1632E+00   C at   31  1
       a = 14.250      CL =  1.3407
      Cm = -0.0255     CD =  0.05839   =>   CDf =  0.00793    CDp =  0.05047
 VISCAL:  Convergence failed
      5.000    9.1353   0.058393   0.022235   0.003004  -0.019231    0.0218     #
 Calculating wake trajectory ...
 Calculating source influence matrix ...

 Solving BL system ...

 Side 1  free  transition at x/c =  0.0218   31
 Side 2 forced transition at x/c =  1.0000   66

   1   rms: 0.3813E-01   max: -.1560E+00   D at   31  1   RLX: 0.684
       a = 14.000      CL =  1.3425
      Cm = -0.0258     CD =  0.05584   =>   CDf =  0.00792    CDp =  0.04791

 Side 1  free  transition at x/c =  0.0226   32
 Side 2 forced transition at x/c =  1.0000   66

   2   rms: 0.1702E-01   max: -.1144E+00   D at   31  1
       a = 14.000      CL =  1.3474
      Cm = -0.0254     CD =  0.05444   =>   CDf =  0.00798    CDp =  0.04646

 Side 1  free  transition at x/c =  0.0228   32
 Side 2 forced transition at x/c =  1.0000   66

   3   rms: 0.1260E-02   max: 0.1210E-01   C at   32  1
       a = 14.000      CL =  1.3481
      Cm = -0.0255     CD =  0.05469   =>   CDf =  0.00799    CDp =  0.04670

 Side 1  free  transition at x/c =  0.0227   32
 Side 2 forced transition at x/c =  1.0000   66

   4   rms: 0.2447E-04   max: 0.1592E-03   D at   77  1
       a = 14.000      CL =  1.3481
      Cm = -0.0255     CD =  0.05470   =>   CDf =  0.00799    CDp =  0.04671
      5.000    8.7585   0.054698   0.022421   0.002955  -0.019466    0.0227     #

 Point added to stored polar  1
 Point written to save file  clarky_re150000_realistic_model_reverse.polar   
 Dump file unspecified or not available
 Calculating wake trajectory ...
 Calculating source influence matrix ...

 Solving BL system ...

 Side 1  free  transition at x/c =  0.0227   32
 Side 2 forced transition at x/c =  1.0000   66

   1   rms: 0.3629E-01   max: -.1687E+00   C at   32  1   RLX: 0.722
       a = 13.750      CL =  1.3509
      Cm = -0.0255     CD =  0.05184   =>   CDf =  0.00798    CDp =  0.04385

 Side 1  free  transition at x/c =  0.0236   32
 Side 2 forced transition at x/c =  1.0000   66

   2   rms: 0.1109E-01   max: -.6739E-01   C at   32  1
       a = 13.750      CL =  1.3525
      Cm = -0.0257     CD =  0.05122   =>   CDf =  0.00808    CDp =  0.04314

 Side 1  free  transition at x/c =  0.0240   32
 Side 2 forced transition at x/c =  1.0000   66

   3   rms: 0.6485E-03   max: -.3312E-02   D at   76  2
       a = 13.750      CL =  1.3530
      Cm = -0.0258     CD =  0.05135   =>   CDf =  0.00811    CDp =  0.04324

 Side 1  free  transition at x/c =  0.0240   32
 Side 2 forced transition at x/c =  1.0000   66

   4   rms: 0.1064E-04   max: -.8074E-04   D at   76  2
       a = 13.750      CL =  1.3530
      Cm = -0.0258     CD =  0.05136   =>   CDf =  0.00811    CDp =  0.04325
      5.000    8.3994   0.051358   0.022547   0.002880  -0.019667    0.0240     #

 Point added to stored polar  1
 Point written to save file  clarky_re150000_realistic_model_reverse.polar   
 Dump file unspecified or not available
 Calculating wake trajectory ...
 Calculating source influence matrix ...

 Solving BL system ...

 Side 1  free  transition at x/c =  0.0240   32
 Side 2 forced transition at x/c =  1.0000   66

   1   rms: 0.3629E-01   max: -.2194E+00   C at   32  1   RLX: 0.757
       a = 13.500      CL =  1.3546
      Cm = -0.0260     CD =  0.04868   =>   CDf =  0.00810    CDp =  0.04058

 Side 1  free  transition at x/c =  0.0249   33
 Side 2 forced transition at x/c =  1.0000   66

   2   rms: 0.2033E-01   max: -.2437E+00   C at   33  1
       a = 13.500      CL =  1.3574
      Cm = -0.0263     CD =  0.04796   =>   CDf =  0.00825    CDp =  0.03972

 Side 1  free  transition at x/c =  0.0257   33
 Side 2 forced transition at x/c =  1.0000   66

   3   rms: 0.8153E-03   max: -.1081E-01   D at   33  1
       a = 13.500      CL =  1.3573
      Cm = -0.0263     CD =  0.04819   =>   CDf =  0.00820    CDp =  0.04000

 Side 1  free  transition at x/c =  0.0257   33
 Side 2 forced transition at x/c =  1.0000   66

   4   rms: 0.7372E-05   max: 0.3936E-04   D at   80  1
       a = 13.500      CL =  1.3573
      Cm = -0.0263     CD =  0.04820   =>   CDf =  0.00820    CDp =  0.04000
      5.000    8.0347   0.048198   0.022628   0.002821  -0.019807    0.0257     #

 Point added to stored polar  1
 Point written to save file  clarky_re150000_realistic_model_reverse.polar   
 Dump file unspecified or not available
 Calculating wake trajectory ...
 Calculating source influence matrix ...

 Solving BL system ...

 Side 1  free  transition at x/c =  0.0257   33
 Side 2 forced transition at x/c =  1.0000   66

   1   rms: 0.4002E-01   max: -.3424E+00   C at   33  1   RLX: 0.798
       a = 13.250      CL =  1.3595
      Cm = -0.0268     CD =  0.04545   =>   CDf =  0.00875    CDp =  0.03670

 Side 1  free  transition at x/c =  0.0277   32
 Side 2 forced transition at x/c =  1.0000   67

   2   rms: 0.1187E-01   max: -.1372E+00   C at   32  1
       a = 13.250      CL =  1.3607
      Cm = -0.0271     CD =  0.04515   =>   CDf =  0.00827    CDp =  0.03688

 Side 1  free  transition at x/c =  0.0281   33
 Side 2 forced transition at x/c =  1.0000   67

   3   rms: 0.1207E-01   max: -.2041E+00   C at   33  1
       a = 13.250      CL =  1.3615
      Cm = -0.0271     CD =  0.04514   =>   CDf =  0.00833    CDp =  0.03681

 Side 1  free  transition at x/c =  0.0286   33
 Side 2 forced transition at x/c =  1.0000   67

   4   rms: 0.8790E-03   max: 0.1498E-01   C at   33  1
       a = 13.250      CL =  1.3614
      Cm = -0.0271     CD =  0.04519   =>   CDf =  0.00826    CDp =  0.03693

 Side 1  free  transition at x/c =  0.0285   33
 Side 2 forced transition at x/c =  1.0000   67

   5   rms: 0.2251E-04   max: -.2392E-03   C at   33  1
       a = 13.250      CL =  1.3613
      Cm = -0.0271     CD =  0.04519   =>   CDf =  0.00826    CDp =  0.03693
      5.000    7.6637   0.045194   0.022656   0.002765  -0.019891    0.0285     #

 Point added to stored polar  1
 Point written to save file  clarky_re150000_realistic_model_reverse.polar   
 Dump file unspecified or not available
 Calculating wake trajectory ...
 Calculating source influence matrix ...

 Solving BL system ...

 Side 1  free  transition at x/c =  0.0285   33
 Side 2 forced transition at x/c =  1.0000   67

   1   rms: 0.4607E-01   max: -.5246E+00   C at   33  1   RLX: 0.843
       a = 13.000      CL =  1.3640
      Cm = -0.0278     CD =  0.04241   =>   CDf =  0.00826    CDp =  0.03415

 Side 1  free  transition at x/c =  0.0325   34
 Side 2 forced transition at x/c =  1.0000   67

   2   rms: 0.1492E-01   max: -.2384E+00   C at   34  1
       a = 13.000      CL =  1.3653
      Cm = -0.0281     CD =  0.04223   =>   CDf =  0.00830    CDp =  0.03393

 Side 1  free  transition at x/c =  0.0344   34
 Side 2 forced transition at x/c =  1.0000   67

   3   rms: 0.1133E-02   max: -.1860E-01   C at   34  1
       a = 13.000      CL =  1.3653
      Cm = -0.0282     CD =  0.04231   =>   CDf =  0.00827    CDp =  0.03404

 Side 1  free  transition at x/c =  0.0346   34
 Side 2 forced transition at x/c =  1.0000   67

   4   rms: 0.2351E-04   max: 0.3427E-03   C at   34  1
       a = 13.000      CL =  1.3653
      Cm = -0.0282     CD =  0.04231   =>   CDf =  0.00826    CDp =  0.03405
      5.000    7.2859   0.042313   0.022639   0.002698  -0.019941    0.0346     #

 Point added to stored polar  1
 Point written to save file  clarky_re150000_realistic_model_reverse.polar   
 Dump file unspecified or not available
 Calculating wake trajectory ...
 Calculating source influence matrix ...

 Solving BL system ...

 Side 1  free  transition at x/c =  0.0346   34
 Side 2 forced transition at x/c =  1.0000   67

   1   rms: 0.5581E-01   max: -.7623E+00   C at   34  1   RLX: 0.656
       a = 12.750      CL =  1.3663
      Cm = -0.0288     CD =  0.04036   =>   CDf =  0.00826    CDp =  0.03211

 Side 1  free  transition at x/c =  0.0425   36
 Side 2 forced transition at x/c =  1.0000   67

   2   rms: 0.1388E-01   max: -.1225E+00   C at   36  1
       a = 12.750      CL =  1.3659
      Cm = -0.0293     CD =  0.03976   =>   CDf =  0.00824    CDp =  0.03152

 Side 1  free  transition at x/c =  0.0485   38
 Side 2 forced transition at x/c =  1.0000   67

   3   rms: 0.1003E-01   max: 0.1708E+00   C at   38  1
       a = 12.750      CL =  1.3675
      Cm = -0.0294     CD =  0.03972   =>   CDf =  0.00819    CDp =  0.03154

 Side 1  free  transition at x/c =  0.0462   37
 Side 2 forced transition at x/c =  1.0000   67

   4   rms: 0.3259E-03   max: -.2638E-02   C at   37  1
       a = 12.750      CL =  1.3674
      Cm = -0.0294     CD =  0.03974   =>   CDf =  0.00823    CDp =  0.03151

 Side 1  free  transition at x/c =  0.0463   37
 Side 2 forced transition at x/c =  1.0000   67

   5   rms: 0.2408E-05   max: -.9441E-05   T at   78  2
       a = 12.750      CL =  1.3674
      Cm = -0.0294     CD =  0.03974   =>   CDf =  0.00823    CDp =  0.03151
      5.000    6.9235   0.039739   0.022578   0.002616  -0.019962    0.0463     #

 Point added to stored polar  1
 Point written to save file  clarky_re150000_realistic_model_reverse.polar   
 Dump file unspecified or not available
 Calculating wake trajectory ...
 Calculating source influence matrix ...

 Solving BL system ...

 Side 1  free  transition at x/c =  0.0463   37
 Side 2 forced transition at x/c =  1.0000   67

   1   rms: 0.4520E-01   max: -.5353E+00   C at   37  1   RLX: 0.934
       a = 12.500      CL =  1.3653
      Cm = -0.0304     CD =  0.03746   =>   CDf =  0.00823    CDp =  0.02924

 Side 1  free  transition at x/c =  0.0636   40
 Side 2 forced transition at x/c =  1.0000   67

   2   rms: 0.1270E-01   max: 0.1306E+00   D at   38  1
       a = 12.500      CL =  1.3689
      Cm = -0.0308     CD =  0.03726   =>   CDf =  0.00818    CDp =  0.02908

 Side 1  free  transition at x/c =  0.0573   39
 Side 2 forced transition at x/c =  1.0000   67

   3   rms: 0.5806E-02   max: -.4065E-01   C at   39  1
       a = 12.500      CL =  1.3646
      Cm = -0.0306     CD =  0.03771   =>   CDf =  0.00826    CDp =  0.02945

 Side 1  free  transition at x/c =  0.0596   40
 Side 2 forced transition at x/c =  1.0000   67

   4   rms: 0.4707E-02   max: 0.7885E-01   C at   40  1
       a = 12.500      CL =  1.3653
      Cm = -0.0306     CD =  0.03763   =>   CDf =  0.00822    CDp =  0.02941

 Side 1  free  transition at x/c =  0.0588   40
 Side 2 forced transition at x/c =  1.0000   67

   5   rms: 0.2951E-03   max: -.3286E-02   C at   40  1
       a = 12.500      CL =  1.3651
      Cm = -0.0306     CD =  0.03764   =>   CDf =  0.00824    CDp =  0.02940

 Side 1  free  transition at x/c =  0.0589   40
 Side 2 forced transition at x/c =  1.0000   67

   6   rms: 0.3225E-05   max: -.1096E-04   D at   81  1
       a = 12.500      CL =  1.3651
      Cm = -0.0306     CD =  0.03764   =>   CDf =  0.00824    CDp =  0.02940
      5.000    6.6048   0.037644   0.022506   0.002522  -0.019984    0.0589     #

 Point added to stored polar  1
 Point written to save file  clarky_re150000_realistic_model_reverse.polar   
 Dump file unspecified or not available
 Calculating wake trajectory ...
 Calculating source influence matrix ...

 Solving BL system ...

 Side 1  free  transition at x/c =  0.0589   40
 Side 2 forced transition at x/c =  1.0000   67

   1   rms: 0.4287E-01   max: -.4218E+00   C at   40  1   RLX: 0.983
       a = 12.250      CL =  1.3623
      Cm = -0.0318     CD =  0.03540   =>   CDf =  0.00824    CDp =  0.02716

 Side 1  free  transition at x/c =  0.0686   41
 Side 2 forced transition at x/c =  1.0000   67

   2   rms: 0.6107E-02   max: -.6350E-01   C at   41  1
       a = 12.250      CL =  1.3598
      Cm = -0.0319     CD =  0.03588   =>   CDf =  0.00829    CDp =  0.02759

 Side 1  free  transition at x/c =  0.0701   41
 Side 2 forced transition at x/c =  1.0000   67

   3   rms: 0.6318E-03   max: 0.5725E-02   C at   41  1
       a = 12.250      CL =  1.3601
      Cm = -0.0319     CD =  0.03585   =>   CDf =  0.00828    CDp =  0.02757

 Side 1  free  transition at x/c =  0.0699   41
 Side 2 forced transition at x/c =  1.0000   67

   4   rms: 0.8246E-05   max: -.6580E-04   C at   41  1
       a = 12.250      CL =  1.3601
      Cm = -0.0319     CD =  0.03586   =>   CDf =  0.00828    CDp =  0.02757
      5.000    6.3144   0.035857   0.022428   0.002427  -0.020001    0.0699     #

 Point added to stored polar  1
 Point written to save file  clarky_re150000_realistic_model_reverse.polar   
 Dump file unspecified or not available
 Calculating wake trajectory ...
 Calculating source influence matrix ...

 Solving BL system ...

 Side 1  free  transition at x/c =  0.0699   41
 Side 2 forced transition at x/c =  1.0000   67

   1   rms: 0.3546E-01   max: -.1159E+00   T at   41  1
       a = 12.000      CL =  1.3496
      Cm = -0.0330     CD =  0.03440   =>   CDf =  0.00874    CDp =  0.02566

 Side 1  free  transition at x/c =  0.0828   42
 Side 2 forced transition at x/c =  1.0000   68

   2   rms: 0.1863E-01   max: 0.3150E+00   C at   42  1
       a = 12.000      CL =  1.3552
      Cm = -0.0334     CD =  0.03413   =>   CDf =  0.00825    CDp =  0.02588

 Side 1  free  transition at x/c =  0.0793   42
 Side 2 forced transition at x/c =  1.0000   68

   3   rms: 0.1632E-02   max: 0.1519E-01   D at    4  2
       a = 12.000      CL =  1.3547
      Cm = -0.0333     CD =  0.03417   =>   CDf =  0.00832    CDp =  0.02585

 Side 1  free  transition at x/c =  0.0793   42
 Side 2 forced transition at x/c =  1.0000   68

   4   rms: 0.7216E-05   max: -.7107E-04   D at   45  1
       a = 12.000      CL =  1.3547
      Cm = -0.0333     CD =  0.03417   =>   CDf =  0.00832    CDp =  0.02585
      5.000    6.0260   0.034169   0.022330   0.002333  -0.019997    0.0793     #

 Point added to stored polar  1
 Point written to save file  clarky_re150000_realistic_model_reverse.polar   
 Dump file unspecified or not available
 Calculating wake trajectory ...
 Calculating source influence matrix ...

 Solving BL system ...

 Side 1  free  transition at x/c =  0.0793   42
 Side 2 forced transition at x/c =  1.0000   68

   1   rms: 0.3881E-01   max: -.2671E+00   C at   42  1
       a = 11.750      CL =  1.3496
      Cm = -0.0348     CD =  0.03229   =>   CDf =  0.00832    CDp =  0.02397

 Side 1  free  transition at x/c =  0.0852   42
 Side 2 forced transition at x/c =  1.0000   68

   2   rms: 0.1156E-01   max: -.1369E+00   D at   43  1
       a = 11.750      CL =  1.3448
      Cm = -0.0346     CD =  0.03287   =>   CDf =  0.00847    CDp =  0.02440

 Side 1  free  transition at x/c =  0.0882   43
 Side 2 forced transition at x/c =  1.0000   68

   3   rms: 0.5200E-02   max: 0.6294E-01   C at   43  1
       a = 11.750      CL =  1.3479
      Cm = -0.0348     CD =  0.03265   =>   CDf =  0.00836    CDp =  0.02429

 Side 1  free  transition at x/c =  0.0871   43
 Side 2 forced transition at x/c =  1.0000   68

   4   rms: 0.1565E-03   max: -.2440E-02   D at   45  1
       a = 11.750      CL =  1.3479
      Cm = -0.0348     CD =  0.03265   =>   CDf =  0.00838    CDp =  0.02428

 Side 1  free  transition at x/c =  0.0871   43
 Side 2 forced transition at x/c =  1.0000   68

   5   rms: 0.2539E-05   max: -.1605E-04   C at   68  2
       a = 11.750      CL =  1.3479
      Cm = -0.0348     CD =  0.03265   =>   CDf =  0.00838    CDp =  0.02428
      5.000    5.7515   0.032654   0.022220   0.002237  -0.019984    0.0871     #

 Point added to stored polar  1
 Point written to save file  clarky_re150000_realistic_model_reverse.polar   
 Dump file unspecified or not available
 Calculating wake trajectory ...
 Calculating source influence matrix ...

 Solving BL system ...

 Side 1  free  transition at x/c =  0.0871   43
 Side 2 forced transition at x/c =  1.0000   68

   1   rms: 0.3731E-01   max: -.2331E+00   C at   43  1
       a = 11.500      CL =  1.3418
      Cm = -0.0363     CD =  0.03094   =>   CDf =  0.00837    CDp =  0.02257

 Side 1  free  transition at x/c =  0.0927   43
 Side 2 forced transition at x/c =  1.0000   68

   2   rms: 0.8464E-02   max: -.1115E+00   C at   43  1
       a = 11.500      CL =  1.3390
      Cm = -0.0363     CD =  0.03133   =>   CDf =  0.00850    CDp =  0.02283

 Side 1  free  transition at x/c =  0.0940   44
 Side 2 forced transition at x/c =  1.0000   68

   3   rms: 0.3546E-02   max: -.5015E-01   C at   44  1
       a = 11.500      CL =  1.3397
      Cm = -0.0363     CD =  0.03128   =>   CDf =  0.00848    CDp =  0.02280

 Side 1  free  transition at x/c =  0.0941   44
 Side 2 forced transition at x/c =  1.0000   68

   4   rms: 0.1440E-03   max: 0.2107E-02   C at   44  1
       a = 11.500      CL =  1.3397
      Cm = -0.0363     CD =  0.03129   =>   CDf =  0.00845    CDp =  0.02284

 Side 1  free  transition at x/c =  0.0941   44
 Side 2 forced transition at x/c =  1.0000   68

   5   rms: 0.3491E-05   max: -.1193E-04   C at   44  1
       a = 11.500      CL =  1.3397
      Cm = -0.0363     CD =  0.03129   =>   CDf =  0.00845    CDp =  0.02284
      5.000    5.4915   0.031290   0.022099   0.002132  -0.019967    0.0941     #

 Point added to stored polar  1
 Point written to save file  clarky_re150000_realistic_model_reverse.polar   
 Dump file unspecified or not available
 Calculating wake trajectory ...
 Calculating source influence matrix ...

 Solving BL system ...

 Side 1  free  transition at x/c =  0.0941   44
 Side 2 forced transition at x/c =  1.0000   68

   1   rms: 0.3708E-01   max: -.2193E+00   C at   44  1
       a = 11.250      CL =  1.3338
      Cm = -0.0380     CD =  0.02963   =>   CDf =  0.00845    CDp =  0.02119

 Side 1  free  transition at x/c =  0.1003   44
 Side 2 forced transition at x/c =  1.0000   68

   2   rms: 0.4674E-02   max: -.6713E-01   C at   44  1
       a = 11.250      CL =  1.3319
      Cm = -0.0380     CD =  0.02994   =>   CDf =  0.00851    CDp =  0.02143

 Side 1  free  transition at x/c =  0.1012   44
 Side 2 forced transition at x/c =  1.0000   68

   3   rms: 0.1644E-03   max: 0.1569E-02   C at   44  1
       a = 11.250      CL =  1.3320
      Cm = -0.0380     CD =  0.02994   =>   CDf =  0.00849    CDp =  0.02145

 Side 1  free  transition at x/c =  0.1011   44
 Side 2 forced transition at x/c =  1.0000   68

   4   rms: 0.1526E-05   max: 0.6580E-05   C at   68  2
       a = 11.250      CL =  1.3320
      Cm = -0.0380     CD =  0.02994   =>   CDf =  0.00849    CDp =  0.02145
      5.000    5.2267   0.029940   0.021946   0.000000  -0.021946    0.1011     #

 Point added to stored polar  1
 Point written to save file  clarky_re150000_realistic_model_reverse.polar   
 Dump file unspecified or not available
 Calculating wake trajectory ...
 Calculating source influence matrix ...

 Solving BL system ...

 Side 1  free  transition at x/c =  0.1011   44
 Side 2 forced transition at x/c =  1.0000   68

   1   rms: 0.3482E-01   max: -.1465E+00   C at   44  1
       a = 11.000      CL =  1.3209
      Cm = -0.0395     CD =  0.02873   =>   CDf =  0.00890    CDp =  0.01984

 Side 1  free  transition at x/c =  0.1090   44
 Side 2 forced transition at x/c =  1.0000   69

   2   rms: 0.4535E-02   max: -.3934E-01   D at   43  1
       a = 11.000      CL =  1.3238
      Cm = -0.0398     CD =  0.02865   =>   CDf =  0.00854    CDp =  0.02012

 Side 1  free  transition at x/c =  0.1090   44
 Side 2 forced transition at x/c =  1.0000   69

   3   rms: 0.1036E-02   max: 0.1366E-01   D at    4  2
       a = 11.000      CL =  1.3238
      Cm = -0.0398     CD =  0.02866   =>   CDf =  0.00853    CDp =  0.02013

 Side 1  free  transition at x/c =  0.1090   44
 Side 2 forced transition at x/c =  1.0000   69

   4   rms: 0.2362E-05   max: -.9349E-05   D at    4  2
       a = 11.000      CL =  1.3238
      Cm = -0.0398     CD =  0.02866   =>   CDf =  0.00853    CDp =  0.02013
      5.000    4.9679   0.028664   0.021767   0.000000  -0.021767    0.1090     #

 Point added to stored polar  1
 Point written to save file  clarky_re150000_realistic_model_reverse.polar   
 Dump file unspecified or not available
 Calculating wake trajectory ...
 Calculating source influence matrix ...

 Solving BL system ...

 Side 1  free  transition at x/c =  0.1090   44
 Side 2 forced transition at x/c =  1.0000   69

   1   rms: 0.3589E-01   max: -.2158E+00   C at   44  1
       a = 10.750      CL =  1.3135
      Cm = -0.0414     CD =  0.02744   =>   CDf =  0.00853    CDp =  0.01891

 Side 1  free  transition at x/c =  0.1160   45
 Side 2 forced transition at x/c =  1.0000   69

   2   rms: 0.6114E-02   max: -.9701E-01   C at   45  1
       a = 10.750      CL =  1.3147
      Cm = -0.0416     CD =  0.02747   =>   CDf =  0.00860    CDp =  0.01887

 Side 1  free  transition at x/c =  0.1172   45
 Side 2 forced transition at x/c =  1.0000   69

   3   rms: 0.1347E-03   max: -.1733E-02   D at   47  1
       a = 10.750      CL =  1.3146
      Cm = -0.0416     CD =  0.02749   =>   CDf =  0.00857    CDp =  0.01893

 Side 1  free  transition at x/c =  0.1172   45
 Side 2 forced transition at x/c =  1.0000   69

   4   rms: 0.1690E-05   max: -.8503E-05   C at   45  1
       a = 10.750      CL =  1.3146
      Cm = -0.0416     CD =  0.02749   =>   CDf =  0.00857    CDp =  0.01893
      5.000    4.7244   0.027492   0.021565   0.000000  -0.021565    0.1172     #

 Point added to stored polar  1
 Point written to save file  clarky_re150000_realistic_model_reverse.polar   
 Dump file unspecified or not available
 Calculating wake trajectory ...
 Calculating source influence matrix ...

 Solving BL system ...

 Side 1  free  transition at x/c =  0.1172   45
 Side 2 forced transition at x/c =  1.0000   69

   1   rms: 0.3712E-01   max: -.2709E+00   C at   45  1
       a = 10.500      CL =  1.3051
      Cm = -0.0434     CD =  0.02626   =>   CDf =  0.00856    CDp =  0.01770

 Side 1  free  transition at x/c =  0.1252   46
 Side 2 forced transition at x/c =  1.0000   69

   2   rms: 0.7589E-02   max: -.1238E+00   C at   46  1
       a = 10.500      CL =  1.3052
      Cm = -0.0435     CD =  0.02635   =>   CDf =  0.00864    CDp =  0.01771

 Side 1  free  transition at x/c =  0.1269   46
 Side 2 forced transition at x/c =  1.0000   69

   3   rms: 0.2616E-03   max: -.3279E-02   D at   48  1
       a = 10.500      CL =  1.3051
      Cm = -0.0435     CD =  0.02637   =>   CDf =  0.00859    CDp =  0.01779

 Side 1  free  transition at x/c =  0.1268   46
 Side 2 forced transition at x/c =  1.0000   69

   4   rms: 0.3406E-05   max: -.1597E-04   C at   46  1
       a = 10.500      CL =  1.3051
      Cm = -0.0435     CD =  0.02637   =>   CDf =  0.00859    CDp =  0.01779
      5.000    4.4879   0.026375   0.021335   0.000000  -0.021335    0.1268     #

 Point added to stored polar  1
 Point written to save file  clarky_re150000_realistic_model_reverse.polar   
 Dump file unspecified or not available
 Calculating wake trajectory ...
 Calculating source influence matrix ...

 Solving BL system ...

 Side 1  free  transition at x/c =  0.1268   46
 Side 2 forced transition at x/c =  1.0000   69

   1   rms: 0.3886E-01   max: -.3283E+00   C at   46  1
       a = 10.250      CL =  1.2961
      Cm = -0.0455     CD =  0.02513   =>   CDf =  0.00858    CDp =  0.01654

 Side 1  free  transition at x/c =  0.1355   47
 Side 2 forced transition at x/c =  1.0000   69

   2   rms: 0.1068E-01   max: -.1694E+00   C at   47  1
       a = 10.250      CL =  1.2957
      Cm = -0.0455     CD =  0.02525   =>   CDf =  0.00867    CDp =  0.01658

 Side 1  free  transition at x/c =  0.1384   47
 Side 2 forced transition at x/c =  1.0000   69

   3   rms: 0.6245E-03   max: 0.8506E-02   C at   47  1
       a = 10.250      CL =  1.2954
      Cm = -0.0455     CD =  0.02529   =>   CDf =  0.00858    CDp =  0.01671

 Side 1  free  transition at x/c =  0.1383   47
 Side 2 forced transition at x/c =  1.0000   69

   4   rms: 0.1035E-04   max: 0.4483E-04   D at   91  1
       a = 10.250      CL =  1.2954
      Cm = -0.0455     CD =  0.02529   =>   CDf =  0.00859    CDp =  0.01671
      5.000    4.2556   0.025293   0.021076   0.000000  -0.021076    0.1383     #

 Point added to stored polar  1
 Point written to save file  clarky_re150000_realistic_model_reverse.polar   
 Dump file unspecified or not available
 Calculating wake trajectory ...
 Calculating source influence matrix ...

 Solving BL system ...

 Side 1  free  transition at x/c =  0.1383   47
 Side 2 forced transition at x/c =  1.0000   69

   1   rms: 0.3992E-01   max: -.3717E+00   C at   47  1
       a = 10.000      CL =  1.2865
      Cm = -0.0476     CD =  0.02409   =>   CDf =  0.00893    CDp =  0.01515

 Side 1  free  transition at x/c =  0.1482   47
 Side 2 forced transition at x/c =  1.0000   70

   2   rms: 0.1261E-01   max: -.1991E+00   C at   47  1
       a = 10.000      CL =  1.2860
      Cm = -0.0477     CD =  0.02420   =>   CDf =  0.00867    CDp =  0.01553

 Side 1  free  transition at x/c =  0.1520   47
 Side 2 forced transition at x/c =  1.0000   70

   3   rms: 0.1153E-02   max: 0.1175E-01   C at   47  1
       a = 10.000      CL =  1.2857
      Cm = -0.0476     CD =  0.02425   =>   CDf =  0.00856    CDp =  0.01569

 Side 1  free  transition at x/c =  0.1517   47
 Side 2 forced transition at x/c =  1.0000   70

   4   rms: 0.1277E-04   max: 0.5496E-04   D at   90  1
       a = 10.000      CL =  1.2857
      Cm = -0.0476     CD =  0.02425   =>   CDf =  0.00857    CDp =  0.01568
      5.000    4.0270   0.024247   0.020802   0.000000  -0.020802    0.1517     #

 Point added to stored polar  1
 Point written to save file  clarky_re150000_realistic_model_reverse.polar   
 Dump file unspecified or not available
 Calculating wake trajectory ...
 Calculating source influence matrix ...

 Solving BL system ...

 Side 1  free  transition at x/c =  0.1517   47
 Side 2 forced transition at x/c =  1.0000   70

   1   rms: 0.4144E-01   max: -.4361E+00   C at   47  1
       a =  9.750      CL =  1.2765
      Cm = -0.0498     CD =  0.02310   =>   CDf =  0.00856    CDp =  0.01454

 Side 1  free  transition at x/c =  0.1657   48
 Side 2 forced transition at x/c =  1.0000   70

   2   rms: 0.7180E-02   max: -.1330E+00   C at   48  1
       a =  9.750      CL =  1.2762
      Cm = -0.0499     CD =  0.02322   =>   CDf =  0.00855    CDp =  0.01467

 Side 1  free  transition at x/c =  0.1689   48
 Side 2 forced transition at x/c =  1.0000   70

   3   rms: 0.1112E-03   max: -.9826E-03   D at   50  1
       a =  9.750      CL =  1.2762
      Cm = -0.0499     CD =  0.02323   =>   CDf =  0.00850    CDp =  0.01474

 Side 1  free  transition at x/c =  0.1689   48
 Side 2 forced transition at x/c =  1.0000   70

   4   rms: 0.9896E-06   max: 0.5811E-05   C at   70  2
       a =  9.750      CL =  1.2762
      Cm = -0.0499     CD =  0.02323   =>   CDf =  0.00850    CDp =  0.01474
      5.000    3.7961   0.023233   0.000000   0.000000   0.000000    0.1689     #

 Point added to stored polar  1
 Point written to save file  clarky_re150000_realistic_model_reverse.polar   
 Dump file unspecified or not available
 Calculating wake trajectory ...
 Calculating source influence matrix ...

 Solving BL system ...

 Side 1  free  transition at x/c =  0.1689   48
 Side 2 forced transition at x/c =  1.0000   70

   1   rms: 0.4278E-01   max: -.5026E+00   C at   48  1   RLX: 0.995
       a =  9.500      CL =  1.2659
      Cm = -0.0521     CD =  0.02222   =>   CDf =  0.00849    CDp =  0.01373

 Side 1  free  transition at x/c =  0.1882   49
 Side 2 forced transition at x/c =  1.0000   70

   2   rms: 0.4380E-02   max: -.8077E-01   C at   49  1
       a =  9.500      CL =  1.2659
      Cm = -0.0522     CD =  0.02232   =>   CDf =  0.00843    CDp =  0.01389

 Side 1  free  transition at x/c =  0.1906   49
 Side 2 forced transition at x/c =  1.0000   70

   3   rms: 0.6790E-04   max: -.4946E-03   D at   52  1
       a =  9.500      CL =  1.2660
      Cm = -0.0522     CD =  0.02232   =>   CDf =  0.00841    CDp =  0.01392
      5.000    3.5739   0.022325   0.000000   0.000000   0.000000    0.1906     #

 Point added to stored polar  1
 Point written to save file  clarky_re150000_realistic_model_reverse.polar   
 Dump file unspecified or not available
 Calculating wake trajectory ...
 Calculating source influence matrix ...

 Solving BL system ...

 Side 1  free  transition at x/c =  0.1905   49
 Side 2 forced transition at x/c =  1.0000   70

   1   rms: 0.3989E-01   max: -.3886E+00   C at   49  1
       a =  9.250      CL =  1.2518
      Cm = -0.0540     CD =  0.02157   =>   CDf =  0.00840    CDp =  0.01316

 Side 1  free  transition at x/c =  0.2190   51
 Side 2 forced transition at x/c =  1.0000   70

   2   rms: 0.6014E-02   max: 0.4867E-01   D at   50  1
       a =  9.250      CL =  1.2564
      Cm = -0.0547     CD =  0.02150   =>   CDf =  0.00830    CDp =  0.01320

 Side 1  free  transition at x/c =  0.2125   51
 Side 2 forced transition at x/c =  1.0000   70

   3   rms: 0.2115E-02   max: -.3005E-01   C at   51  1
       a =  9.250      CL =  1.2553
      Cm = -0.0546     CD =  0.02154   =>   CDf =  0.00832    CDp =  0.01323

 Side 1  free  transition at x/c =  0.2136   51
 Side 2 forced transition at x/c =  1.0000   70

   4   rms: 0.1735E-04   max: -.2413E-03   C at   51  1
       a =  9.250      CL =  1.2553
      Cm = -0.0546     CD =  0.02154   =>   CDf =  0.00830    CDp =  0.01324
      5.000    3.4313   0.021542   0.000000   0.000000   0.000000    0.2136     #

 Point added to stored polar  1
 Point written to save file  clarky_re150000_realistic_model_reverse.polar   
 Dump file unspecified or not available
 Calculating wake trajectory ...
 Calculating source influence matrix ...

 Solving BL system ...

 Side 1  free  transition at x/c =  0.2137   51
 Side 2 forced transition at x/c =  1.0000   70

   1   rms: 0.3968E-01   max: -.3578E+00   C at   51  1
       a =  9.000      CL =  1.2427
      Cm = -0.0567     CD =  0.02085   =>   CDf =  0.00860    CDp =  0.01225

 Side 1  free  transition at x/c =  0.2335   51
 Side 2 forced transition at x/c =  1.0000   71

   2   rms: 0.4953E-02   max: 0.4606E-01   D at    3  2
       a =  9.000      CL =  1.2404
      Cm = -0.0564     CD =  0.02094   =>   CDf =  0.00830    CDp =  0.01264

 Side 1  free  transition at x/c =  0.2353   51
 Side 2 forced transition at x/c =  1.0000   71

   3   rms: 0.7347E-03   max: 0.9056E-02   D at    4  2
       a =  9.000      CL =  1.2405
      Cm = -0.0564     CD =  0.02094   =>   CDf =  0.00830    CDp =  0.01264

 Side 1  free  transition at x/c =  0.2352   51
 Side 2 forced transition at x/c =  1.0000   71

   4   rms: 0.9521E-06   max: -.1040E-04   C at   51  1
       a =  9.000      CL =  1.2405
      Cm = -0.0564     CD =  0.02094   =>   CDf =  0.00830    CDp =  0.01264
      5.000    3.4982   0.020939   0.000000   0.000000   0.000000    0.2352     #

 Point added to stored polar  1
 Point written to save file  clarky_re150000_realistic_model_reverse.polar   
 Dump file unspecified or not available
 Calculating wake trajectory ...
 Calculating source influence matrix ...

 Solving BL system ...

 Side 1  free  transition at x/c =  0.2352   51
 Side 2 forced transition at x/c =  1.0000   71

   1   rms: 0.3756E-01   max: -.1269E+00   C at   51  1
       a =  8.750      CL =  1.2218
      Cm = -0.0577     CD =  0.02045   =>   CDf =  0.00829    CDp =  0.01216

 Side 1  free  transition at x/c =  0.2549   52
 Side 2 forced transition at x/c =  1.0000   71

   2   rms: 0.5725E-02   max: 0.8053E-01   C at   52  1
       a =  8.750      CL =  1.2235
      Cm = -0.0580     CD =  0.02041   =>   CDf =  0.00829    CDp =  0.01212

 Side 1  free  transition at x/c =  0.2526   52
 Side 2 forced transition at x/c =  1.0000   71

   3   rms: 0.1474E-03   max: -.1767E-02   D at   55  1
       a =  8.750      CL =  1.2234
      Cm = -0.0579     CD =  0.02042   =>   CDf =  0.00832    CDp =  0.01210

 Side 1  free  transition at x/c =  0.2525   52
 Side 2 forced transition at x/c =  1.0000   71

   4   rms: 0.2008E-05   max: 0.8781E-05   C at   71  2
       a =  8.750      CL =  1.2234
      Cm = -0.0579     CD =  0.02042   =>   CDf =  0.00832    CDp =  0.01210
      5.000    3.7008   0.020417   0.000000   0.000000   0.000000    0.2525     #

 Point added to stored polar  1
 Point written to save file  clarky_re150000_realistic_model_reverse.polar   
 Dump file unspecified or not available
 Calculating wake trajectory ...
 Calculating source influence matrix ...

 Solving BL system ...

 Side 1  free  transition at x/c =  0.2525   52
 Side 2 forced transition at x/c =  1.0000   71

   1   rms: 0.3726E-01   max: 0.5846E-01   C at   71  2
       a =  8.500      CL =  1.2032
      Cm = -0.0590     CD =  0.02000   =>   CDf =  0.00832    CDp =  0.01168

 Side 1  free  transition at x/c =  0.2678   53
 Side 2 forced transition at x/c =  1.0000   71

   2   rms: 0.6102E-02   max: 0.9050E-01   C at   53  1
       a =  8.500      CL =  1.2050
      Cm = -0.0593     CD =  0.01992   =>   CDf =  0.00832    CDp =  0.01161

 Side 1  free  transition at x/c =  0.2659   53
 Side 2 forced transition at x/c =  1.0000   71

   3   rms: 0.2117E-03   max: -.2754E-02   D at   55  1
       a =  8.500      CL =  1.2050
      Cm = -0.0593     CD =  0.01993   =>   CDf =  0.00836    CDp =  0.01157

 Side 1  free  transition at x/c =  0.2658   53
 Side 2 forced transition at x/c =  1.0000   71

   4   rms: 0.1259E-05   max: -.5835E-05   D at   55  1
       a =  8.500      CL =  1.2050
      Cm = -0.0593     CD =  0.01993   =>   CDf =  0.00836    CDp =  0.01157
      5.000    3.8925   0.019929   0.000000   0.000000   0.000000    0.2658     #

 Point added to stored polar  1
 Point written to save file  clarky_re150000_realistic_model_reverse.polar   
 Dump file unspecified or not available
 Calculating wake trajectory ...
 Calculating source influence matrix ...

 Solving BL system ...

 Side 1  free  transition at x/c =  0.2658   53
 Side 2 forced transition at x/c =  1.0000   71

   1   rms: 0.3724E-01   max: 0.6066E-01   C at   71  2
       a =  8.250      CL =  1.1852
      Cm = -0.0605     CD =  0.01947   =>   CDf =  0.00863    CDp =  0.01085

 Side 1  free  transition at x/c =  0.2764   53
 Side 2 forced transition at x/c =  1.0000   72

   2   rms: 0.2699E-02   max: -.3147E-01   T at    2  2
       a =  8.250      CL =  1.1847
      Cm = -0.0604     CD =  0.01950   =>   CDf =  0.00845    CDp =  0.01104

 Side 1  free  transition at x/c =  0.2772   53
 Side 2 forced transition at x/c =  1.0000   72

   3   rms: 0.6671E-03   max: 0.8685E-02   D at    4  2
       a =  8.250      CL =  1.1848
      Cm = -0.0604     CD =  0.01950   =>   CDf =  0.00845    CDp =  0.01105

 Side 1  free  transition at x/c =  0.2772   53
 Side 2 forced transition at x/c =  1.0000   72

   4   rms: 0.3186E-06   max: 0.3508E-05   D at    6  2
       a =  8.250      CL =  1.1848
      Cm = -0.0604     CD =  0.01950   =>   CDf =  0.00845    CDp =  0.01105
      5.000    4.0135   0.019498   0.004551   0.004586   0.000034    0.2772     #

 Point added to stored polar  1
 Point written to save file  clarky_re150000_realistic_model_reverse.polar   
 Dump file unspecified or not available
 Calculating wake trajectory ...
 Calculating source influence matrix ...

 Solving BL system ...

 Side 1  free  transition at x/c =  0.2772   53
 Side 2 forced transition at x/c =  1.0000   72

   1   rms: 0.3803E-01   max: -.1461E+00   C at   53  1
       a =  8.000      CL =  1.1660
      Cm = -0.0617     CD =  0.01896   =>   CDf =  0.00844    CDp =  0.01051

 Side 1  free  transition at x/c =  0.2862   53
 Side 2 forced transition at x/c =  1.0000   72

   2   rms: 0.5690E-02   max: -.6727E-01   C at   53  1
       a =  8.000      CL =  1.1642
      Cm = -0.0615     CD =  0.01906   =>   CDf =  0.00854    CDp =  0.01052

 Side 1  free  transition at x/c =  0.2882   53
 Side 2 forced transition at x/c =  1.0000   72

   3   rms: 0.3090E-03   max: -.2324E-02   D at   55  1
       a =  8.000      CL =  1.1644
      Cm = -0.0615     CD =  0.01906   =>   CDf =  0.00850    CDp =  0.01056

 Side 1  free  transition at x/c =  0.2881   53
 Side 2 forced transition at x/c =  1.0000   72

   4   rms: 0.5996E-06   max: -.5673E-05   C at   53  1
       a =  8.000      CL =  1.1644
      Cm = -0.0615     CD =  0.01906   =>   CDf =  0.00850    CDp =  0.01056
      5.000    4.1160   0.019062   0.004411   0.004612   0.000201    0.2881     #

 Point added to stored polar  1
 Point written to save file  clarky_re150000_realistic_model_reverse.polar   
 Dump file unspecified or not available
 Calculating wake trajectory ...
 Calculating source influence matrix ...

 Solving BL system ...

 Side 1  free  transition at x/c =  0.2881   53
 Side 2 forced transition at x/c =  1.0000   72

   1   rms: 0.3754E-01   max: 0.5419E-01   C at   72  2
       a =  7.750      CL =  1.1423
      Cm = -0.0624     CD =  0.01870   =>   CDf =  0.00850    CDp =  0.01020

 Side 1  free  transition at x/c =  0.2984   54
 Side 2 forced transition at x/c =  1.0000   72

   2   rms: 0.3216E-02   max: 0.4011E-01   D at   54  1
       a =  7.750      CL =  1.1436
      Cm = -0.0626     CD =  0.01862   =>   CDf =  0.00852    CDp =  0.01010

 Side 1  free  transition at x/c =  0.2976   54
 Side 2 forced transition at x/c =  1.0000   72

   3   rms: 0.1001E-03   max: -.1477E-02   D at   56  1
       a =  7.750      CL =  1.1436
      Cm = -0.0626     CD =  0.01862   =>   CDf =  0.00854    CDp =  0.01008

 Side 1  free  transition at x/c =  0.2976   54
 Side 2 forced transition at x/c =  1.0000   72

   4   rms: 0.6878E-06   max: -.3233E-05   C at   72  2
       a =  7.750      CL =  1.1436
      Cm = -0.0626     CD =  0.01862   =>   CDf =  0.00854    CDp =  0.01008
      5.000    4.1779   0.018620   0.004338   0.004643   0.000305    0.2976     #

 Point added to stored polar  1
 Point written to save file  clarky_re150000_realistic_model_reverse.polar   
 Dump file unspecified or not available
 Calculating wake trajectory ...
 Calculating source influence matrix ...

 Solving BL system ...

 Side 1  free  transition at x/c =  0.2976   54
 Side 2 forced transition at x/c =  1.0000   72

   1   rms: 0.3815E-01   max: 0.5929E-01   C at   72  2
       a =  7.500      CL =  1.1230
      Cm = -0.0637     CD =  0.01814   =>   CDf =  0.00854    CDp =  0.00960

 Side 1  free  transition at x/c =  0.3062   54
 Side 2 forced transition at x/c =  1.0000   72

   2   rms: 0.4820E-02   max: -.5844E-01   C at   54  1
       a =  7.500      CL =  1.1219
      Cm = -0.0635     CD =  0.01822   =>   CDf =  0.00889    CDp =  0.00933

 Side 1  free  transition at x/c =  0.3077   53
 Side 2 forced transition at x/c =  1.0000   73

   3   rms: 0.9872E-03   max: -.1567E-01   D at    2  2
       a =  7.500      CL =  1.1220
      Cm = -0.0635     CD =  0.01822   =>   CDf =  0.00861    CDp =  0.00961

 Side 1  free  transition at x/c =  0.3076   53
 Side 2 forced transition at x/c =  1.0000   73

   4   rms: 0.4320E-03   max: 0.5841E-02   D at    4  2
       a =  7.500      CL =  1.1220
      Cm = -0.0635     CD =  0.01822   =>   CDf =  0.00861    CDp =  0.00961

 Side 1  free  transition at x/c =  0.3076   53
 Side 2 forced transition at x/c =  1.0000   73

   5   rms: 0.2009E-05   max: -.2613E-04   D at    4  2
       a =  7.500      CL =  1.1220
      Cm = -0.0635     CD =  0.01822   =>   CDf =  0.00861    CDp =  0.00961
      5.000    4.2517   0.018221   0.004278   0.004626   0.000348    0.3076     #

 Point added to stored polar  1
 Point written to save file  clarky_re150000_realistic_model_reverse.polar   
 Dump file unspecified or not available
 Calculating wake trajectory ...
 Calculating source influence matrix ...

 Solving BL system ...

 Side 1  free  transition at x/c =  0.3076   53
 Side 2 forced transition at x/c =  1.0000   73

   1   rms: 0.3998E-01   max: 0.2686E+00   D at    3  2
       a =  7.250      CL =  1.0991
      Cm = -0.0642     CD =  0.01788   =>   CDf =  0.00861    CDp =  0.00927

 Side 1  free  transition at x/c =  0.3173   54
 Side 2 forced transition at x/c =  1.0000   73

   2   rms: 0.6849E-02   max: -.7633E-01   D at    4  2
       a =  7.250      CL =  1.1007
      Cm = -0.0645     CD =  0.01778   =>   CDf =  0.00861    CDp =  0.00916

 Side 1  free  transition at x/c =  0.3167   54
 Side 2 forced transition at x/c =  1.0000   73

   3   rms: 0.1922E-03   max: 0.2563E-02   D at    8  2
       a =  7.250      CL =  1.1007
      Cm = -0.0645     CD =  0.01778   =>   CDf =  0.00862    CDp =  0.00916

 Side 1  free  transition at x/c =  0.3166   54
 Side 2 forced transition at x/c =  1.0000   73

   4   rms: 0.1323E-05   max: -.6614E-05   C at   73  2
       a =  7.250      CL =  1.1007
      Cm = -0.0645     CD =  0.01778   =>   CDf =  0.00862    CDp =  0.00916
      5.000    4.2862   0.017778   0.004221   0.004605   0.000383    0.3166     #

 Point added to stored polar  1
 Point written to save file  clarky_re150000_realistic_model_reverse.polar   
 Dump file unspecified or not available
 Calculating wake trajectory ...
 Calculating source influence matrix ...

 Solving BL system ...

 Side 1  free  transition at x/c =  0.3166   54
 Side 2 forced transition at x/c =  1.0000   73

   1   rms: 0.3845E-01   max: 0.5739E-01   C at   73  2
       a =  7.000      CL =  1.0792
      Cm = -0.0654     CD =  0.01732   =>   CDf =  0.00862    CDp =  0.00871

 Side 1  free  transition at x/c =  0.3251   54
 Side 2 forced transition at x/c =  1.0000   73

   2   rms: 0.4160E-02   max: -.5358E-01   C at   54  1
       a =  7.000      CL =  1.0783
      Cm = -0.0653     CD =  0.01739   =>   CDf =  0.00870    CDp =  0.00869

 Side 1  free  transition at x/c =  0.3265   54
 Side 2 forced transition at x/c =  1.0000   73

   3   rms: 0.1234E-03   max: -.1176E-02   D at   56  1
       a =  7.000      CL =  1.0784
      Cm = -0.0653     CD =  0.01739   =>   CDf =  0.00867    CDp =  0.00873

 Side 1  free  transition at x/c =  0.3264   54
 Side 2 forced transition at x/c =  1.0000   73

   4   rms: 0.1413E-06   max: -.1257E-05   D at   96  2
       a =  7.000      CL =  1.0784
      Cm = -0.0653     CD =  0.01739   =>   CDf =  0.00867    CDp =  0.00873
      5.000    4.2769   0.017393   0.004171   0.004549   0.000378    0.3264     #

 Point added to stored polar  1
 Point written to save file  clarky_re150000_realistic_model_reverse.polar   
 Dump file unspecified or not available
 Calculating wake trajectory ...
 Calculating source influence matrix ...

 Solving BL system ...

 Side 1  free  transition at x/c =  0.3264   54
 Side 2 forced transition at x/c =  1.0000   73

   1   rms: 0.3818E-01   max: 0.5266E-01   C at   73  2
       a =  6.750      CL =  1.0550
      Cm = -0.0660     CD =  0.01706   =>   CDf =  0.00866    CDp =  0.00839

 Side 1  free  transition at x/c =  0.3359   55
 Side 2 forced transition at x/c =  1.0000   73

   2   rms: 0.2457E-02   max: 0.4024E-01   D at   55  1
       a =  6.750      CL =  1.0566
      Cm = -0.0663     CD =  0.01696   =>   CDf =  0.00867    CDp =  0.00829

 Side 1  free  transition at x/c =  0.3357   55
 Side 2 forced transition at x/c =  1.0000   73

   3   rms: 0.1112E-03   max: 0.1573E-02   C at   55  1
       a =  6.750      CL =  1.0566
      Cm = -0.0663     CD =  0.01696   =>   CDf =  0.00865    CDp =  0.00831

 Side 1  free  transition at x/c =  0.3357   55
 Side 2 forced transition at x/c =  1.0000   73

   4   rms: 0.1226E-05   max: -.5989E-05   C at   73  2
       a =  6.750      CL =  1.0566
      Cm = -0.0663     CD =  0.01696   =>   CDf =  0.00865    CDp =  0.00831
      5.000    4.2874   0.016960   0.004123   0.004516   0.000393    0.3357     #

 Point added to stored polar  1
 Point written to save file  clarky_re150000_realistic_model_reverse.polar   
 Dump file unspecified or not available
 Calculating wake trajectory ...
 Calculating source influence matrix ...

 Solving BL system ...

 Side 1  free  transition at x/c =  0.3357   55
 Side 2 forced transition at x/c =  1.0000   73

   1   rms: 0.3881E-01   max: -.1466E+00   C at   55  1
       a =  6.500      CL =  1.0347
      Cm = -0.0672     CD =  0.01653   =>   CDf =  0.00888    CDp =  0.00765

 Side 1  free  transition at x/c =  0.3450   54
 Side 2 forced transition at x/c =  1.0000   74

   2   rms: 0.4582E-02   max: -.5582E-01   C at   54  1
       a =  6.500      CL =  1.0339
      Cm = -0.0671     CD =  0.01659   =>   CDf =  0.00872    CDp =  0.00787

 Side 1  free  transition at x/c =  0.3464   54
 Side 2 forced transition at x/c =  1.0000   74

   3   rms: 0.5032E-03   max: 0.5888E-02   D at    4  2
       a =  6.500      CL =  1.0340
      Cm = -0.0671     CD =  0.01659   =>   CDf =  0.00869    CDp =  0.00790

 Side 1  free  transition at x/c =  0.3463   54
 Side 2 forced transition at x/c =  1.0000   74

   4   rms: 0.3049E-06   max: -.2402E-05   D at    8  2
       a =  6.500      CL =  1.0340
      Cm = -0.0671     CD =  0.01659   =>   CDf =  0.00869    CDp =  0.00790
      5.000    4.2701   0.016592   0.004081   0.004453   0.000372    0.3463     #

 Point added to stored polar  1
 Point written to save file  clarky_re150000_realistic_model_reverse.polar   
 Dump file unspecified or not available
 Calculating wake trajectory ...
 Calculating source influence matrix ...

 Solving BL system ...

 Side 1  free  transition at x/c =  0.3463   54
 Side 2 forced transition at x/c =  1.0000   74

   1   rms: 0.3850E-01   max: 0.5399E-01   C at   74  2
       a =  6.250      CL =  1.0103
      Cm = -0.0677     CD =  0.01627   =>   CDf =  0.00869    CDp =  0.00759

 Side 1  free  transition at x/c =  0.3612   55
 Side 2 forced transition at x/c =  1.0000   74

   2   rms: 0.8124E-02   max: 0.1213E+00   C at   55  1
       a =  6.250      CL =  1.0128
      Cm = -0.0681     CD =  0.01614   =>   CDf =  0.00858    CDp =  0.00757

 Side 1  free  transition at x/c =  0.3596   55
 Side 2 forced transition at x/c =  1.0000   74

   3   rms: 0.6240E-03   max: 0.8834E-02   C at   55  1
       a =  6.250      CL =  1.0129
      Cm = -0.0681     CD =  0.01614   =>   CDf =  0.00862    CDp =  0.00753

 Side 1  free  transition at x/c =  0.3593   55
 Side 2 forced transition at x/c =  1.0000   74

   4   rms: 0.3260E-05   max: -.3025E-04   D at   57  1
       a =  6.250      CL =  1.0129
      Cm = -0.0681     CD =  0.01614   =>   CDf =  0.00862    CDp =  0.00752
      5.000    4.2679   0.016143   0.004038   0.004438   0.000400    0.3593     #

 Point added to stored polar  1
 Point written to save file  clarky_re150000_realistic_model_reverse.polar   
 Dump file unspecified or not available
 Calculating wake trajectory ...
 Calculating source influence matrix ...

 Solving BL system ...

 Side 1  free  transition at x/c =  0.3593   55
 Side 2 forced transition at x/c =  1.0000   74

   1   rms: 0.3943E-01   max: -.1666E+00   C at   55  1
       a =  6.000      CL =  0.9908
      Cm = -0.0691     CD =  0.01575   =>   CDf =  0.00862    CDp =  0.00713

 Side 1  free  transition at x/c =  0.3729   56
 Side 2 forced transition at x/c =  1.0000   74

   2   rms: 0.5753E-02   max: -.8721E-01   C at   56  1
       a =  6.000      CL =  0.9915
      Cm = -0.0692     CD =  0.01571   =>   CDf =  0.00861    CDp =  0.00710

 Side 1  free  transition at x/c =  0.3748   56
 Side 2 forced transition at x/c =  1.0000   74

   3   rms: 0.1058E-03   max: -.1298E-02   D at   56  1
       a =  6.000      CL =  0.9916
      Cm = -0.0692     CD =  0.01572   =>   CDf =  0.00855    CDp =  0.00717

 Side 1  free  transition at x/c =  0.3747   56
 Side 2 forced transition at x/c =  1.0000   74

   4   rms: 0.8138E-06   max: 0.4173E-05   C at   74  2
       a =  6.000      CL =  0.9916
      Cm = -0.0692     CD =  0.01572   =>   CDf =  0.00855    CDp =  0.00717
      5.000    4.2422   0.015717   0.003998   0.004411   0.000412    0.3747     #

 Point added to stored polar  1
 Point written to save file  clarky_re150000_realistic_model_reverse.polar   
 Dump file unspecified or not available
 Calculating wake trajectory ...
 Calculating source influence matrix ...

 Solving BL system ...

 Side 1  free  transition at x/c =  0.3747   56
 Side 2 forced transition at x/c =  1.0000   74

   1   rms: 0.4039E-01   max: -.2284E+00   C at   56  1
       a =  5.750      CL =  0.9702
      Cm = -0.0703     CD =  0.01529   =>   CDf =  0.00876    CDp =  0.00653

 Side 1  free  transition at x/c =  0.3868   56
 Side 2 forced transition at x/c =  1.0000   75

   2   rms: 0.1179E-01   max: -.1640E+00   C at   56  1
       a =  5.750      CL =  0.9697
      Cm = -0.0702     CD =  0.01528   =>   CDf =  0.00861    CDp =  0.00666

 Side 1  free  transition at x/c =  0.3911   56
 Side 2 forced transition at x/c =  1.0000   75

   3   rms: 0.8659E-03   max: -.8864E-02   D at   58  1
       a =  5.750      CL =  0.9700
      Cm = -0.0702     CD =  0.01531   =>   CDf =  0.00848    CDp =  0.00683

 Side 1  free  transition at x/c =  0.3908   56
 Side 2 forced transition at x/c =  1.0000   75

   4   rms: 0.3998E-05   max: -.4957E-04   C at   56  1
       a =  5.750      CL =  0.9700
      Cm = -0.0702     CD =  0.01531   =>   CDf =  0.00849    CDp =  0.00682
      5.000    4.2030   0.015312   0.003967   0.004382   0.000415    0.3908     #

 Point added to stored polar  1
 Point written to save file  clarky_re150000_realistic_model_reverse.polar   
 Dump file unspecified or not available
 Calculating wake trajectory ...
 Calculating source influence matrix ...

 Solving BL system ...

 Side 1  free  transition at x/c =  0.3908   56
 Side 2 forced transition at x/c =  1.0000   75

   1   rms: 0.4069E-01   max: -.2502E+00   C at   56  1
       a =  5.500      CL =  0.9486
      Cm = -0.0713     CD =  0.01488   =>   CDf =  0.00848    CDp =  0.00640

 Side 1  free  transition at x/c =  0.4023   56
 Side 2 forced transition at x/c =  1.0000   75

   2   rms: 0.9404E-02   max: -.1286E+00   C at   56  1
       a =  5.500      CL =  0.9468
      Cm = -0.0710     CD =  0.01497   =>   CDf =  0.00855    CDp =  0.00642

 Side 1  free  transition at x/c =  0.4067   57
 Side 2 forced transition at x/c =  1.0000   75

   3   rms: 0.3137E-02   max: -.4400E-01   D at   56  1
       a =  5.500      CL =  0.9478
      Cm = -0.0712     CD =  0.01493   =>   CDf =  0.00846    CDp =  0.00647

 Side 1  free  transition at x/c =  0.4065   57
 Side 2 forced transition at x/c =  1.0000   75

   4   rms: 0.1987E-03   max: 0.3117E-02   C at   57  1
       a =  5.500      CL =  0.9478
      Cm = -0.0712     CD =  0.01494   =>   CDf =  0.00842    CDp =  0.00651

 Side 1  free  transition at x/c =  0.4064   57
 Side 2 forced transition at x/c =  1.0000   75

   5   rms: 0.6890E-06   max: 0.3283E-05   D at   61  1
       a =  5.500      CL =  0.9478
      Cm = -0.0712     CD =  0.01493   =>   CDf =  0.00843    CDp =  0.00651
      5.000    4.1220   0.014935   0.003957   0.004308   0.000351    0.4064     #

 Point added to stored polar  1
 Point written to save file  clarky_re150000_realistic_model_reverse.polar   
 Dump file unspecified or not available
 Calculating wake trajectory ...
 Calculating source influence matrix ...

 Solving BL system ...

 Side 1  free  transition at x/c =  0.4064   57
 Side 2 forced transition at x/c =  1.0000   75

   1   rms: 0.4089E-01   max: -.2606E+00   C at   57  1
       a =  5.250      CL =  0.9263
      Cm = -0.0723     CD =  0.01451   =>   CDf =  0.00842    CDp =  0.00608

 Side 1  free  transition at x/c =  0.4186   57
 Side 2 forced transition at x/c =  1.0000   75

   2   rms: 0.7960E-02   max: -.1152E+00   C at   57  1
       a =  5.250      CL =  0.9250
      Cm = -0.0721     CD =  0.01458   =>   CDf =  0.00844    CDp =  0.00614

 Side 1  free  transition at x/c =  0.4220   58
 Side 2 forced transition at x/c =  1.0000   75

   3   rms: 0.4419E-02   max: -.6639E-01   C at   58  1
       a =  5.250      CL =  0.9252
      Cm = -0.0721     CD =  0.01458   =>   CDf =  0.00843    CDp =  0.00615

 Side 1  free  transition at x/c =  0.4225   58
 Side 2 forced transition at x/c =  1.0000   75

   4   rms: 0.2086E-03   max: 0.3033E-02   C at   58  1
       a =  5.250      CL =  0.9253
      Cm = -0.0721     CD =  0.01458   =>   CDf =  0.00837    CDp =  0.00621

 Side 1  free  transition at x/c =  0.4224   58
 Side 2 forced transition at x/c =  1.0000   75

   5   rms: 0.4445E-06   max: -.3028E-05   D at   60  1
       a =  5.250      CL =  0.9253
      Cm = -0.0721     CD =  0.01458   =>   CDf =  0.00837    CDp =  0.00621
      5.000    4.0176   0.014583   0.004011   0.004131   0.000119    0.4224     #

 Point added to stored polar  1
 Point written to save file  clarky_re150000_realistic_model_reverse.polar   
 Dump file unspecified or not available
 Calculating wake trajectory ...
 Calculating source influence matrix ...

 Solving BL system ...

 Side 1  free  transition at x/c =  0.4224   58
 Side 2 forced transition at x/c =  1.0000   75

   1   rms: 0.4130E-01   max: -.2721E+00   C at   58  1
       a =  5.000      CL =  0.9037
      Cm = -0.0732     CD =  0.01416   =>   CDf =  0.00856    CDp =  0.00560

 Side 1  free  transition at x/c =  0.4353   57
 Side 2 forced transition at x/c =  1.0000   76

   2   rms: 0.7563E-02   max: -.1063E+00   C at   57  1
       a =  5.000      CL =  0.9026
      Cm = -0.0731     CD =  0.01423   =>   CDf =  0.00836    CDp =  0.00587

 Side 1  free  transition at x/c =  0.4392   57
 Side 2 forced transition at x/c =  1.0000   76

   3   rms: 0.6577E-03   max: 0.7348E-02   D at    4  2
       a =  5.000      CL =  0.9028
      Cm = -0.0731     CD =  0.01423   =>   CDf =  0.00831    CDp =  0.00593

 Side 1  free  transition at x/c =  0.4389   57
 Side 2 forced transition at x/c =  1.0000   76

   4   rms: 0.1518E-05   max: -.2227E-04   C at   57  1
       a =  5.000      CL =  0.9028
      Cm = -0.0731     CD =  0.01423   =>   CDf =  0.00831    CDp =  0.00593
      5.000    3.9076   0.014235   0.000000   0.000000   0.000000    0.4389     #

 Point added to stored polar  1
 Point written to save file  clarky_re150000_realistic_model_reverse.polar   
 Dump file unspecified or not available
 Calculating wake trajectory ...
 Calculating source influence matrix ...

 Solving BL system ...

 Side 1  free  transition at x/c =  0.4389   57
 Side 2 forced transition at x/c =  1.0000   76

   1   rms: 0.3925E-01   max: 0.6104E-01   C at   76  2
       a =  4.750      CL =  0.8790
      Cm = -0.0738     CD =  0.01395   =>   CDf =  0.00831    CDp =  0.00564

 Side 1  free  transition at x/c =  0.4580   58
 Side 2 forced transition at x/c =  1.0000   76

   2   rms: 0.4495E-02   max: 0.6796E-01   C at   58  1
       a =  4.750      CL =  0.8801
      Cm = -0.0740     CD =  0.01391   =>   CDf =  0.00821    CDp =  0.00570

 Side 1  free  transition at x/c =  0.4563   58
 Side 2 forced transition at x/c =  1.0000   76

   3   rms: 0.1620E-03   max: 0.2092E-02   C at   58  1
       a =  4.750      CL =  0.8801
      Cm = -0.0740     CD =  0.01391   =>   CDf =  0.00823    CDp =  0.00568

 Side 1  free  transition at x/c =  0.4562   58
 Side 2 forced transition at x/c =  1.0000   76

   4   rms: 0.3188E-06   max: -.2709E-05   D at   61  1
       a =  4.750      CL =  0.8801
      Cm = -0.0740     CD =  0.01391   =>   CDf =  0.00823    CDp =  0.00567
      5.000    3.7965   0.013906   0.000000   0.000000   0.000000    0.4562     #

 Point added to stored polar  1
 Point written to save file  clarky_re150000_realistic_model_reverse.polar   
 Dump file unspecified or not available
 Calculating wake trajectory ...
 Calculating source influence matrix ...

 Solving BL system ...

 Side 1  free  transition at x/c =  0.4562   58
 Side 2 forced transition at x/c =  1.0000   76

   1   rms: 0.3943E-01   max: 0.6324E-01   C at   76  2
       a =  4.500      CL =  0.8566
      Cm = -0.0748     CD =  0.01363   =>   CDf =  0.00823    CDp =  0.00540

 Side 1  free  transition at x/c =  0.4758   59
 Side 2 forced transition at x/c =  1.0000   76

   2   rms: 0.2757E-02   max: 0.3856E-01   C at   59  1
       a =  4.500      CL =  0.8572
      Cm = -0.0750     CD =  0.01360   =>   CDf =  0.00814    CDp =  0.00546

 Side 1  free  transition at x/c =  0.4745   59
 Side 2 forced transition at x/c =  1.0000   76

   3   rms: 0.6424E-04   max: 0.8103E-03   C at   59  1
       a =  4.500      CL =  0.8572
      Cm = -0.0750     CD =  0.01360   =>   CDf =  0.00815    CDp =  0.00545
      5.000    3.6901   0.013599   0.000000   0.000000   0.000000    0.4745     #

 Point added to stored polar  1
 Point written to save file  clarky_re150000_realistic_model_reverse.polar   
 Dump file unspecified or not available
 Calculating wake trajectory ...
 Calculating source influence matrix ...

 Solving BL system ...

 Side 1  free  transition at x/c =  0.4745   59
 Side 2 forced transition at x/c =  1.0000   76

   1   rms: 0.3945E-01   max: 0.6421E-01   C at   76  2
       a =  4.250      CL =  0.8337
      Cm = -0.0758     CD =  0.01333   =>   CDf =  0.00815    CDp =  0.00518

 Side 1  free  transition at x/c =  0.4943   60
 Side 2 forced transition at x/c =  1.0000   76

   2   rms: 0.2368E-02   max: 0.3168E-01   C at   60  1
       a =  4.250      CL =  0.8342
      Cm = -0.0759     CD =  0.01331   =>   CDf =  0.00806    CDp =  0.00525

 Side 1  free  transition at x/c =  0.4931   60
 Side 2 forced transition at x/c =  1.0000   76

   3   rms: 0.3912E-04   max: -.5345E-03   D at   63  1
       a =  4.250      CL =  0.8342
      Cm = -0.0759     CD =  0.01331   =>   CDf =  0.00808    CDp =  0.00524
      5.000    3.5908   0.013314   0.000000   0.000000   0.000000    0.4931     #

 Point added to stored polar  1
 Point written to save file  clarky_re150000_realistic_model_reverse.polar   
 Dump file unspecified or not available
 Calculating wake trajectory ...
 Calculating source influence matrix ...

 Solving BL system ...

 Side 1  free  transition at x/c =  0.4930   60
 Side 2 forced transition at x/c =  1.0000   76

   1   rms: 0.3958E-01   max: 0.6456E-01   C at   76  2
       a =  4.000      CL =  0.8105
      Cm = -0.0767     CD =  0.01307   =>   CDf =  0.00823    CDp =  0.00484

 Side 1  free  transition at x/c =  0.5122   60
 Side 2 forced transition at x/c =  1.0000   77

   2   rms: 0.3750E-02   max: 0.4381E-01   D at    3  2
       a =  4.000      CL =  0.8109
      Cm = -0.0768     CD =  0.01305   =>   CDf =  0.00800    CDp =  0.00505

 Side 1  free  transition at x/c =  0.5110   60
 Side 2 forced transition at x/c =  1.0000   77

   3   rms: 0.6387E-03   max: 0.7525E-02   D at    4  2
       a =  4.000      CL =  0.8109
      Cm = -0.0768     CD =  0.01305   =>   CDf =  0.00801    CDp =  0.00504

 Side 1  free  transition at x/c =  0.5110   60
 Side 2 forced transition at x/c =  1.0000   77

   4   rms: 0.2649E-06   max: 0.2468E-05   T at    6  1
       a =  4.000      CL =  0.8109
      Cm = -0.0768     CD =  0.01305   =>   CDf =  0.00801    CDp =  0.00504
      5.000    3.5685   0.013051   0.000000   0.000000   0.000000    0.5110     #

 Point added to stored polar  1
 Point written to save file  clarky_re150000_realistic_model_reverse.polar   
 Dump file unspecified or not available
 Calculating wake trajectory ...
 Calculating source influence matrix ...

 Solving BL system ...

 Side 1  free  transition at x/c =  0.5110   60
 Side 2 forced transition at x/c =  1.0000   77

   1   rms: 0.3937E-01   max: 0.6509E-01   C at   77  2
       a =  3.750      CL =  0.7872
      Cm = -0.0776     CD =  0.01282   =>   CDf =  0.00801    CDp =  0.00481

 Side 1  free  transition at x/c =  0.5306   61
 Side 2 forced transition at x/c =  1.0000   77

   2   rms: 0.2345E-02   max: 0.3144E-01   C at   61  1
       a =  3.750      CL =  0.7874
      Cm = -0.0777     CD =  0.01281   =>   CDf =  0.00791    CDp =  0.00489

 Side 1  free  transition at x/c =  0.5293   61
 Side 2 forced transition at x/c =  1.0000   77

   3   rms: 0.3843E-04   max: -.5044E-03   D at   64  1
       a =  3.750      CL =  0.7874
      Cm = -0.0777     CD =  0.01281   =>   CDf =  0.00793    CDp =  0.00488
      5.000    3.5890   0.012808   0.000000   0.000000   0.000000    0.5293     #

 Point added to stored polar  1
 Point written to save file  clarky_re150000_realistic_model_reverse.polar   
 Dump file unspecified or not available
 Calculating wake trajectory ...
 Calculating source influence matrix ...

 Solving BL system ...

 Side 1  free  transition at x/c =  0.5293   61
 Side 2 forced transition at x/c =  1.0000   77

   1   rms: 0.3941E-01   max: 0.6603E-01   C at   77  2
       a =  3.500      CL =  0.7638
      Cm = -0.0785     CD =  0.01259   =>   CDf =  0.00792    CDp =  0.00466

 Side 1  free  transition at x/c =  0.5481   62
 Side 2 forced transition at x/c =  1.0000   77

   2   rms: 0.1196E-02   max: 0.1422E-01   D at   63  1
       a =  3.500      CL =  0.7639
      Cm = -0.0786     CD =  0.01259   =>   CDf =  0.00784    CDp =  0.00475

 Side 1  free  transition at x/c =  0.5475   62
 Side 2 forced transition at x/c =  1.0000   77

   3   rms: 0.1815E-04   max: 0.2377E-03   C at   62  1
       a =  3.500      CL =  0.7639
      Cm = -0.0786     CD =  0.01259   =>   CDf =  0.00784    CDp =  0.00474
      5.000    3.6180   0.012586   0.000000   0.000000   0.000000    0.5475     #

 Point added to stored polar  1
 Point written to save file  clarky_re150000_realistic_model_reverse.polar   
 Dump file unspecified or not available
 Calculating wake trajectory ...
 Calculating source influence matrix ...

 Solving BL system ...

 Side 1  free  transition at x/c =  0.5475   62
 Side 2 forced transition at x/c =  1.0000   77

   1   rms: 0.3937E-01   max: 0.6610E-01   C at   77  2
       a =  3.250      CL =  0.7401
      Cm = -0.0794     CD =  0.01238   =>   CDf =  0.00797    CDp =  0.00441

 Side 1  free  transition at x/c =  0.5649   62
 Side 2 forced transition at x/c =  1.0000   78

   2   rms: 0.2765E-02   max: 0.3527E-01   D at    3  2
       a =  3.250      CL =  0.7401
      Cm = -0.0794     CD =  0.01238   =>   CDf =  0.00777    CDp =  0.00461

 Side 1  free  transition at x/c =  0.5649   62
 Side 2 forced transition at x/c =  1.0000   78

   3   rms: 0.6421E-03   max: 0.7932E-02   D at    4  2
       a =  3.250      CL =  0.7401
      Cm = -0.0794     CD =  0.01238   =>   CDf =  0.00777    CDp =  0.00462

 Side 1  free  transition at x/c =  0.5649   62
 Side 2 forced transition at x/c =  1.0000   78

   4   rms: 0.2027E-06   max: -.2339E-05   D at    4  2
       a =  3.250      CL =  0.7401
      Cm = -0.0794     CD =  0.01238   =>   CDf =  0.00777    CDp =  0.00462
      5.000    3.6505   0.012384   0.000000   0.000000   0.000000    0.5649     #

 Point added to stored polar  1
 Point written to save file  clarky_re150000_realistic_model_reverse.polar   
 Dump file unspecified or not available
 Calculating wake trajectory ...
 Calculating source influence matrix ...

 Solving BL system ...

 Side 1  free  transition at x/c =  0.5649   62
 Side 2 forced transition at x/c =  1.0000   78

   1   rms: 0.3939E-01   max: 0.6530E-01   C at   78  2
       a =  3.000      CL =  0.7162
      Cm = -0.0803     CD =  0.01220   =>   CDf =  0.00776    CDp =  0.00443

 Side 1  free  transition at x/c =  0.5803   63
 Side 2 forced transition at x/c =  1.0000   78

   2   rms: 0.1690E-02   max: -.2587E-01   C at   63  1
       a =  3.000      CL =  0.7160
      Cm = -0.0803     CD =  0.01220   =>   CDf =  0.00771    CDp =  0.00450

 Side 1  free  transition at x/c =  0.5811   63
 Side 2 forced transition at x/c =  1.0000   78

   3   rms: 0.1333E-04   max: -.1027E-03   D at   67  1
       a =  3.000      CL =  0.7160
      Cm = -0.0803     CD =  0.01220   =>   CDf =  0.00769    CDp =  0.00451
      5.000    3.6828   0.012204   0.000000   0.000000   0.000000    0.5811     #

 Point added to stored polar  1
 Point written to save file  clarky_re150000_realistic_model_reverse.polar   
 Dump file unspecified or not available
 Calculating wake trajectory ...
 Calculating source influence matrix ...

 Solving BL system ...

 Side 1  free  transition at x/c =  0.5810   63
 Side 2 forced transition at x/c =  1.0000   78

   1   rms: 0.3958E-01   max: 0.6367E-01   C at   78  2
       a =  2.750      CL =  0.6919
      Cm = -0.0811     CD =  0.01203   =>   CDf =  0.00769    CDp =  0.00434

 Side 1  free  transition at x/c =  0.5948   64
 Side 2 forced transition at x/c =  1.0000   78

   2   rms: 0.3499E-02   max: -.4956E-01   C at   64  1
       a =  2.750      CL =  0.6917
      Cm = -0.0811     CD =  0.01204   =>   CDf =  0.00766    CDp =  0.00438

 Side 1  free  transition at x/c =  0.5963   64
 Side 2 forced transition at x/c =  1.0000   78

   3   rms: 0.7372E-04   max: -.8984E-03   D at   67  1
       a =  2.750      CL =  0.6917
      Cm = -0.0811     CD =  0.01204   =>   CDf =  0.00762    CDp =  0.00442
      5.000    3.7151   0.012041   0.000000   0.000000   0.000000    0.5963     #

 Point added to stored polar  1
 Point written to save file  clarky_re150000_realistic_model_reverse.polar   
 Dump file unspecified or not available
 Calculating wake trajectory ...
 Calculating source influence matrix ...

 Solving BL system ...

 Side 1  free  transition at x/c =  0.5963   64
 Side 2 forced transition at x/c =  1.0000   78

   1   rms: 0.4001E-01   max: 0.6069E-01   C at   78  2
       a =  2.500      CL =  0.6674
      Cm = -0.0819     CD =  0.01187   =>   CDf =  0.00773    CDp =  0.00415

 Side 1  free  transition at x/c =  0.6091   63
 Side 2 forced transition at x/c =  1.0000   79

   2   rms: 0.5322E-02   max: -.6186E-01   C at   63  1
       a =  2.500      CL =  0.6676
      Cm = -0.0819     CD =  0.01189   =>   CDf =  0.00762    CDp =  0.00427

 Side 1  free  transition at x/c =  0.6117   64
 Side 2 forced transition at x/c =  1.0000   79

   3   rms: 0.9130E-03   max: -.9392E-02   D at   63  1
       a =  2.500      CL =  0.6675
      Cm = -0.0819     CD =  0.01189   =>   CDf =  0.00758    CDp =  0.00431

 Side 1  free  transition at x/c =  0.6114   64
 Side 2 forced transition at x/c =  1.0000   79

   4   rms: 0.1684E-04   max: 0.2185E-03   C at   64  1
       a =  2.500      CL =  0.6675
      Cm = -0.0819     CD =  0.01189   =>   CDf =  0.00757    CDp =  0.00432
      5.000    3.7502   0.011893   0.000000   0.000000   0.000000    0.6114     #

 Point added to stored polar  1
 Point written to save file  clarky_re150000_realistic_model_reverse.polar   
 Dump file unspecified or not available
 Calculating wake trajectory ...
 Calculating source influence matrix ...

 Solving BL system ...

 Side 1  free  transition at x/c =  0.6114   64
 Side 2 forced transition at x/c =  1.0000   79

   1   rms: 0.4078E-01   max: 0.5525E-01   C at   79  2
       a =  2.250      CL =  0.6427
      Cm = -0.0826     CD =  0.01174   =>   CDf =  0.00757    CDp =  0.00417

 Side 1  free  transition at x/c =  0.6238   64
 Side 2 forced transition at x/c =  1.0000   79

   2   rms: 0.4960E-02   max: -.6039E-01   C at   64  1
       a =  2.250      CL =  0.6432
      Cm = -0.0827     CD =  0.01175   =>   CDf =  0.00752    CDp =  0.00423

 Side 1  free  transition at x/c =  0.6262   64
 Side 2 forced transition at x/c =  1.0000   79

   3   rms: 0.1549E-03   max: -.1759E-02   D at   68  1
       a =  2.250      CL =  0.6432
      Cm = -0.0827     CD =  0.01175   =>   CDf =  0.00748    CDp =  0.00427

 Side 1  free  transition at x/c =  0.6261   64
 Side 2 forced transition at x/c =  1.0000   79

   4   rms: 0.5233E-06   max: -.2959E-05   C at   64  1
       a =  2.250      CL =  0.6432
      Cm = -0.0827     CD =  0.01175   =>   CDf =  0.00748    CDp =  0.00427
      5.000    3.8029   0.011755   0.000000   0.000000   0.000000    0.6261     #

 Point added to stored polar  1
 Point written to save file  clarky_re150000_realistic_model_reverse.polar   
 Dump file unspecified or not available
 Calculating wake trajectory ...
 Calculating source influence matrix ...

 Solving BL system ...

 Side 1  free  transition at x/c =  0.6261   64
 Side 2 forced transition at x/c =  1.0000   79

   1   rms: 0.3857E-01   max: 0.7220E-01   C at   79  2
       a =  2.000      CL =  0.6194
      Cm = -0.0835     CD =  0.01162   =>   CDf =  0.00748    CDp =  0.00414

 Side 1  free  transition at x/c =  0.6417   65
 Side 2 forced transition at x/c =  1.0000   79

   2   rms: 0.4316E-02   max: 0.5174E-01   C at   65  1
       a =  2.000      CL =  0.6188
      Cm = -0.0835     CD =  0.01163   =>   CDf =  0.00736    CDp =  0.00426

 Side 1  free  transition at x/c =  0.6400   65
 Side 2 forced transition at x/c =  1.0000   79

   3   rms: 0.1470E-03   max: -.1634E-02   D at   69  1
       a =  2.000      CL =  0.6188
      Cm = -0.0835     CD =  0.01163   =>   CDf =  0.00739    CDp =  0.00424

 Side 1  free  transition at x/c =  0.6399   65
 Side 2 forced transition at x/c =  1.0000   79

   4   rms: 0.5867E-06   max: -.3879E-05   C at   79  2
       a =  2.000      CL =  0.6188
      Cm = -0.0835     CD =  0.01163   =>   CDf =  0.00739    CDp =  0.00424
      5.000    3.8580   0.011628   0.000000   0.000000   0.000000    0.6399     #

 Point added to stored polar  1
 Point written to save file  clarky_re150000_realistic_model_reverse.polar   
 Dump file unspecified or not available
 Calculating wake trajectory ...
 Calculating source influence matrix ...

 Solving BL system ...

 Side 1  free  transition at x/c =  0.6399   65
 Side 2 forced transition at x/c =  1.0000   79

   1   rms: 0.3943E-01   max: 0.6659E-01   C at   79  2
       a =  1.750      CL =  0.5946
      Cm = -0.0843     CD =  0.01150   =>   CDf =  0.00738    CDp =  0.00412

 Side 1  free  transition at x/c =  0.6523   66
 Side 2 forced transition at x/c =  1.0000   79

   2   rms: 0.2063E-02   max: -.2840E-01   C at   66  1
       a =  1.750      CL =  0.5944
      Cm = -0.0843     CD =  0.01151   =>   CDf =  0.00733    CDp =  0.00418

 Side 1  free  transition at x/c =  0.6531   66
 Side 2 forced transition at x/c =  1.0000   79

   3   rms: 0.2165E-04   max: -.2331E-03   D at   69  1
       a =  1.750      CL =  0.5944
      Cm = -0.0843     CD =  0.01151   =>   CDf =  0.00731    CDp =  0.00420
      5.000    3.9128   0.011512   0.000000   0.000000   0.000000    0.6531     #

 Point added to stored polar  1
 Point written to save file  clarky_re150000_realistic_model_reverse.polar   
 Dump file unspecified or not available
 Calculating wake trajectory ...
 Calculating source influence matrix ...

 Solving BL system ...

 Side 1  free  transition at x/c =  0.6531   66
 Side 2 forced transition at x/c =  1.0000   79

   1   rms: 0.4074E-01   max: 0.5969E-01   C at   79  2
       a =  1.500      CL =  0.5696
      Cm = -0.0850     CD =  0.01140   =>   CDf =  0.00738    CDp =  0.00402

 Side 1  free  transition at x/c =  0.6637   65
 Side 2 forced transition at x/c =  1.0000   80

   2   rms: 0.5096E-02   max: -.5556E-01   C at   65  1
       a =  1.500      CL =  0.5702
      Cm = -0.0851     CD =  0.01140   =>   CDf =  0.00728    CDp =  0.00412

 Side 1  free  transition at x/c =  0.6662   65
 Side 2 forced transition at x/c =  1.0000   80

   3   rms: 0.4185E-03   max: 0.4726E-02   D at    4  2
       a =  1.500      CL =  0.5702
      Cm = -0.0851     CD =  0.01141   =>   CDf =  0.00725    CDp =  0.00416

 Side 1  free  transition at x/c =  0.6660   65
 Side 2 forced transition at x/c =  1.0000   80

   4   rms: 0.3821E-06   max: -.2698E-05   C at   65  1
       a =  1.500      CL =  0.5702
      Cm = -0.0851     CD =  0.01141   =>   CDf =  0.00725    CDp =  0.00416
      5.000    3.9582   0.011405   0.000000   0.000000   0.000000    0.6660     #

 Point added to stored polar  1
 Point written to save file  clarky_re150000_realistic_model_reverse.polar   
 Dump file unspecified or not available
 Calculating wake trajectory ...
 Calculating source influence matrix ...

 Solving BL system ...

 Side 1  free  transition at x/c =  0.6660   65
 Side 2 forced transition at x/c =  1.0000   80

   1   rms: 0.3888E-01   max: 0.7661E-01   C at   80  2
       a =  1.250      CL =  0.5467
      Cm = -0.0860     CD =  0.01129   =>   CDf =  0.00724    CDp =  0.00405

 Side 1  free  transition at x/c =  0.6802   66
 Side 2 forced transition at x/c =  1.0000   80

   2   rms: 0.7489E-02   max: 0.9077E-01   C at   66  1
       a =  1.250      CL =  0.5455
      Cm = -0.0858     CD =  0.01130   =>   CDf =  0.00709    CDp =  0.00421

 Side 1  free  transition at x/c =  0.6774   66
 Side 2 forced transition at x/c =  1.0000   80

   3   rms: 0.4377E-03   max: -.4394E-02   D at   70  1
       a =  1.250      CL =  0.5453
      Cm = -0.0858     CD =  0.01131   =>   CDf =  0.00713    CDp =  0.00417

 Side 1  free  transition at x/c =  0.6772   66
 Side 2 forced transition at x/c =  1.0000   80

   4   rms: 0.2559E-05   max: -.1823E-04   D at   70  1
       a =  1.250      CL =  0.5453
      Cm = -0.0858     CD =  0.01131   =>   CDf =  0.00714    CDp =  0.00417
      5.000    4.0013   0.011308   0.004464   0.004482   0.000018    0.6772     #

 Point added to stored polar  1
 Point written to save file  clarky_re150000_realistic_model_reverse.polar   
 Dump file unspecified or not available
 Calculating wake trajectory ...
 Calculating source influence matrix ...

 Solving BL system ...

 Side 1  free  transition at x/c =  0.6772   66
 Side 2 forced transition at x/c =  1.0000   80

   1   rms: 0.3918E-01   max: 0.6545E-01   C at   80  2
       a =  1.000      CL =  0.5210
      Cm = -0.0866     CD =  0.01121   =>   CDf =  0.00713    CDp =  0.00408

 Side 1  free  transition at x/c =  0.6881   67
 Side 2 forced transition at x/c =  1.0000   80

   2   rms: 0.2656E-02   max: -.3340E-01   C at   67  1
       a =  1.000      CL =  0.5211
      Cm = -0.0866     CD =  0.01121   =>   CDf =  0.00708    CDp =  0.00413

 Side 1  free  transition at x/c =  0.6889   67
 Side 2 forced transition at x/c =  1.0000   80

   3   rms: 0.3915E-04   max: -.4882E-03   D at   70  1
       a =  1.000      CL =  0.5211
      Cm = -0.0866     CD =  0.01122   =>   CDf =  0.00706    CDp =  0.00416
      5.000    4.0454   0.011216   0.004377   0.004495   0.000118    0.6889     #

 Point added to stored polar  1
 Point written to save file  clarky_re150000_realistic_model_reverse.polar   
 Dump file unspecified or not available
 Calculating wake trajectory ...
 Calculating source influence matrix ...

 Solving BL system ...

 Side 1  free  transition at x/c =  0.6889   67
 Side 2 forced transition at x/c =  1.0000   80

   1   rms: 0.4040E-01   max: 0.5485E-01   C at   80  2
       a =  0.750      CL =  0.4958
      Cm = -0.0873     CD =  0.01113   =>   CDf =  0.00710    CDp =  0.00403

 Side 1  free  transition at x/c =  0.6989   66
 Side 2 forced transition at x/c =  1.0000   81

   2   rms: 0.3977E-02   max: -.4289E-01   C at   66  1
       a =  0.750      CL =  0.4967
      Cm = -0.0874     CD =  0.01113   =>   CDf =  0.00697    CDp =  0.00416

 Side 1  free  transition at x/c =  0.7007   66
 Side 2 forced transition at x/c =  1.0000   81

   3   rms: 0.1080E-03   max: -.9289E-03   D at   70  1
       a =  0.750      CL =  0.4966
      Cm = -0.0874     CD =  0.01114   =>   CDf =  0.00695    CDp =  0.00419

 Side 1  free  transition at x/c =  0.7006   66
 Side 2 forced transition at x/c =  1.0000   81

   4   rms: 0.3129E-06   max: -.2070E-05   C at   81  2
       a =  0.750      CL =  0.4966
      Cm = -0.0874     CD =  0.01114   =>   CDf =  0.00695    CDp =  0.00419
      5.000    4.0935   0.011138   0.004328   0.004504   0.000175    0.7006     #

 Point added to stored polar  1
 Point written to save file  clarky_re150000_realistic_model_reverse.polar   
 Dump file unspecified or not available
 Calculating wake trajectory ...
 Calculating source influence matrix ...

 Solving BL system ...

 Side 1  free  transition at x/c =  0.7006   66
 Side 2 forced transition at x/c =  1.0000   81

   1   rms: 0.3860E-01   max: 0.7161E-01   C at   81  2
       a =  0.500      CL =  0.4731
      Cm = -0.0883     CD =  0.01105   =>   CDf =  0.00694    CDp =  0.00411

 Side 1  free  transition at x/c =  0.7128   67
 Side 2 forced transition at x/c =  1.0000   81

   2   rms: 0.2697E-02   max: 0.2799E-01   D at   68  1
       a =  0.500      CL =  0.4721
      Cm = -0.0881     CD =  0.01107   =>   CDf =  0.00682    CDp =  0.00425

 Side 1  free  transition at x/c =  0.7117   67
 Side 2 forced transition at x/c =  1.0000   81

   3   rms: 0.9812E-04   max: 0.9769E-03   C at   67  1
       a =  0.500      CL =  0.4720
      Cm = -0.0881     CD =  0.01107   =>   CDf =  0.00683    CDp =  0.00424
      5.000    4.1397   0.011070   0.004289   0.004518   0.000229    0.7117     #

 Point added to stored polar  1
 Point written to save file  clarky_re150000_realistic_model_reverse.polar   
 Dump file unspecified or not available
 Calculating wake trajectory ...
 Calculating source influence matrix ...

 Solving BL system ...

 Side 1  free  transition at x/c =  0.7117   67
 Side 2 forced transition at x/c =  1.0000   81

   1   rms: 0.3994E-01   max: 0.5892E-01   C at   81  2
       a =  0.250      CL =  0.4473
      Cm = -0.0889     CD =  0.01101   =>   CDf =  0.00683    CDp =  0.00418

 Side 1  free  transition at x/c =  0.7213   67
 Side 2 forced transition at x/c =  1.0000   81

   2   rms: 0.4462E-02   max: -.4590E-01   D at   68  1
       a =  0.250      CL =  0.4481
      Cm = -0.0890     CD =  0.01100   =>   CDf =  0.00676    CDp =  0.00424

 Side 1  free  transition at x/c =  0.7235   67
 Side 2 forced transition at x/c =  1.0000   81

   3   rms: 0.1110E-03   max: -.9198E-03   D at   71  1
       a =  0.250      CL =  0.4481
      Cm = -0.0889     CD =  0.01100   =>   CDf =  0.00673    CDp =  0.00427

 Side 1  free  transition at x/c =  0.7234   67
 Side 2 forced transition at x/c =  1.0000   81

   4   rms: 0.2951E-06   max: -.1977E-05   D at   68  1
       a =  0.250      CL =  0.4481
      Cm = -0.0889     CD =  0.01100   =>   CDf =  0.00673    CDp =  0.00427
      5.000    4.1681   0.011004   0.004260   0.004512   0.000252    0.7234     #

 Point added to stored polar  1
 Point written to save file  clarky_re150000_realistic_model_reverse.polar   
 Dump file unspecified or not available
 Calculating wake trajectory ...
 Calculating source influence matrix ...

 Solving BL system ...

 Side 1  free  transition at x/c =  0.7234   67
 Side 2 forced transition at x/c =  1.0000   81

   1   rms: 0.3868E-01   max: 0.7466E-01   C at   81  2
       a =  0.000      CL =  0.4252
      Cm = -0.0899     CD =  0.01092   =>   CDf =  0.00673    CDp =  0.00419

 Side 1  free  transition at x/c =  0.7367   68
 Side 2  free  transition at x/c =  0.9825   80

   2   rms: 0.1890E-01   max: -.1573E+00   D at   81  2
       a =  0.000      CL =  0.4109
      Cm = -0.0870     CD =  0.01097   =>   CDf =  0.00654    CDp =  0.00443

 Side 1  free  transition at x/c =  0.7335   68
 Side 2  free  transition at x/c =  0.9920   81

   3   rms: 0.4892E-02   max: 0.7126E-01   C at   81  2
       a =  0.000      CL =  0.4129
      Cm = -0.0875     CD =  0.01098   =>   CDf =  0.00658    CDp =  0.00440

 Side 1  free  transition at x/c =  0.7330   68
 Side 2  free  transition at x/c =  0.9898   81

   4   rms: 0.3883E-03   max: -.4009E-02   D at   81  2
       a =  0.000      CL =  0.4126
      Cm = -0.0874     CD =  0.01099   =>   CDf =  0.00658    CDp =  0.00440

 Side 1  free  transition at x/c =  0.7330   68
 Side 2  free  transition at x/c =  0.9900   81

   5   rms: 0.2843E-05   max: 0.2378E-04   D at   81  2
       a =  0.000      CL =  0.4126
      Cm = -0.0874     CD =  0.01098   =>   CDf =  0.00658    CDp =  0.00440
      5.000    4.2185   0.010985   0.004207   0.004514   0.000307    0.7330     #

 Point added to stored polar  1
 Point written to save file  clarky_re150000_realistic_model_reverse.polar   
 Dump file unspecified or not available
 Calculating wake trajectory ...
 Calculating source influence matrix ...

 Solving BL system ...

 Side 1  free  transition at x/c =  0.7330   68
 Side 2  free  transition at x/c =  0.9900   81

   1   rms: 0.6433E-01   max: 0.1394E+00   T at   81  2
       a = -0.250      CL =  0.3561
      Cm = -0.0814     CD =  0.01104   =>   CDf =  0.00660    CDp =  0.00444

 Side 1  free  transition at x/c =  0.7425   67
 Side 2  free  transition at x/c =  0.9189   78

   2   rms: 0.1778E-01   max: -.2073E+00   D at   81  2
       a = -0.250      CL =  0.3582
      Cm = -0.0821     CD =  0.01098   =>   CDf =  0.00648    CDp =  0.00449

 Side 1  free  transition at x/c =  0.7437   68
 Side 2  free  transition at x/c =  0.9320   78

   3   rms: 0.1639E-02   max: -.1827E-01   C at   68  1
       a = -0.250      CL =  0.3579
      Cm = -0.0820     CD =  0.01099   =>   CDf =  0.00651    CDp =  0.00449

 Side 1  free  transition at x/c =  0.7437   68
 Side 2  free  transition at x/c =  0.9314   78

   4   rms: 0.4801E-04   max: 0.4699E-03   C at   78  2
       a = -0.250      CL =  0.3579
      Cm = -0.0820     CD =  0.01100   =>   CDf =  0.00649    CDp =  0.00450
      5.000    4.2664   0.010995   0.004138   0.004481   0.000343    0.7437     #

 Point added to stored polar  1
 Point written to save file  clarky_re150000_realistic_model_reverse.polar   
 Dump file unspecified or not available
 Calculating wake trajectory ...
 Calculating source influence matrix ...

 Solving BL system ...

 Side 1  free  transition at x/c =  0.7437   68
 Side 2  free  transition at x/c =  0.9314   78

   1   rms: 0.6109E-01   max: -.2031E+00   D at   80  2
       a = -0.500      CL =  0.3137
      Cm = -0.0794     CD =  0.01102   =>   CDf =  0.00652    CDp =  0.00450

 Side 1  free  transition at x/c =  0.7519   67
 Side 2  free  transition at x/c =  0.7815   71

   2   rms: 0.1797E-01   max: -.2179E+00   C at   71  2
       a = -0.500      CL =  0.3099
      Cm = -0.0790     CD =  0.01112   =>   CDf =  0.00665    CDp =  0.00447

 Side 1  free  transition at x/c =  0.7526   67
 Side 2  free  transition at x/c =  0.7987   72

   3   rms: 0.2897E-02   max: 0.3859E-01   C at   72  2
       a = -0.500      CL =  0.3101
      Cm = -0.0790     CD =  0.01113   =>   CDf =  0.00656    CDp =  0.00457

 Side 1  free  transition at x/c =  0.7526   67
 Side 2  free  transition at x/c =  0.7962   72

   4   rms: 0.4058E-04   max: -.4882E-03   C at   72  2
       a = -0.500      CL =  0.3101
      Cm = -0.0790     CD =  0.01113   =>   CDf =  0.00657    CDp =  0.00456
      5.000    4.3483   0.011131   0.004067   0.004489   0.000421    0.7526     #

 Point added to stored polar  1
 Point written to save file  clarky_re150000_realistic_model_reverse.polar   
 Dump file unspecified or not available
 Calculating wake trajectory ...
 Calculating source influence matrix ...

 Solving BL system ...

 Side 1  free  transition at x/c =  0.7526   67
 Side 2  free  transition at x/c =  0.7962   72

   1   rms: 0.1055E+00   max: 0.1528E+01   C at   72  2   RLX: 0.981
       a = -0.750      CL =  0.2806
      Cm = -0.0797     CD =  0.01138   =>   CDf =  0.00661    CDp =  0.00477

 Side 1  free  transition at x/c =  0.7627   67
 Side 2  free  transition at x/c =  0.6277   64

   2   rms: 0.2285E-01   max: -.3041E+00   C at   64  2
       a = -0.750      CL =  0.2859
      Cm = -0.0807     CD =  0.01148   =>   CDf =  0.00708    CDp =  0.00439

 Side 1  free  transition at x/c =  0.7640   67
 Side 2  free  transition at x/c =  0.6519   65

   3   rms: 0.2899E-02   max: 0.3553E-01   C at   65  2
       a = -0.750      CL =  0.2857
      Cm = -0.0807     CD =  0.01147   =>   CDf =  0.00696    CDp =  0.00451

 Side 1  free  transition at x/c =  0.7639   67
 Side 2  free  transition at x/c =  0.6495   65

   4   rms: 0.4055E-04   max: -.6307E-03   C at   65  2
       a = -0.750      CL =  0.2857
      Cm = -0.0807     CD =  0.01147   =>   CDf =  0.00697    CDp =  0.00450
      5.000    4.4005   0.011475   0.004036   0.004496   0.000460    0.7639     #

 Point added to stored polar  1
 Point written to save file  clarky_re150000_realistic_model_reverse.polar   
 Dump file unspecified or not available
 Calculating wake trajectory ...
 Calculating source influence matrix ...

 Solving BL system ...

 Side 1  free  transition at x/c =  0.7639   67
 Side 2  free  transition at x/c =  0.6496   65

   1   rms: 0.1283E+00   max: 0.1985E+01   C at   65  2   RLX: 0.756
       a = -1.000      CL =  0.2674
      Cm = -0.0819     CD =  0.01183   =>   CDf =  0.00697    CDp =  0.00486

 Side 1  free  transition at x/c =  0.7708   67
 Side 2  free  transition at x/c =  0.5262   59

   2   rms: 0.1593E-01   max: 0.1797E+00   C at   59  2
       a = -1.000      CL =  0.2629
      Cm = -0.0822     CD =  0.01199   =>   CDf =  0.00739    CDp =  0.00460

 Side 1  free  transition at x/c =  0.7746   67
 Side 2  free  transition at x/c =  0.5047   58

   3   rms: 0.2339E-02   max: -.3908E-01   C at   58  2
       a = -1.000      CL =  0.2630
      Cm = -0.0822     CD =  0.01200   =>   CDf =  0.00744    CDp =  0.00456

 Side 1  free  transition at x/c =  0.7748   67
 Side 2  free  transition at x/c =  0.5064   58

   4   rms: 0.4448E-04   max: -.7729E-03   C at   58  2
       a = -1.000      CL =  0.2630
      Cm = -0.0822     CD =  0.01200   =>   CDf =  0.00743    CDp =  0.00457
      5.000    4.4754   0.011998   0.004001   0.004536   0.000535    0.7748     #

 Point added to stored polar  1
 Point written to save file  clarky_re150000_realistic_model_reverse.polar   
 Dump file unspecified or not available
 Calculating wake trajectory ...
 Calculating source influence matrix ...

 Solving BL system ...

 Side 1  free  transition at x/c =  0.7748   67
 Side 2  free  transition at x/c =  0.5065   58

   1   rms: 0.1234E+00   max: 0.2052E+01   C at   58  2   RLX: 0.731
       a = -1.250      CL =  0.2474
      Cm = -0.0833     CD =  0.01238   =>   CDf =  0.00743    CDp =  0.00495

 Side 1  free  transition at x/c =  0.7831   68
 Side 2  free  transition at x/c =  0.4170   53

   2   rms: 0.2080E-01   max: 0.2458E+00   C at   53  2
       a = -1.250      CL =  0.2393
      Cm = -0.0832     CD =  0.01246   =>   CDf =  0.00778    CDp =  0.00468

 Side 1  free  transition at x/c =  0.7857   68
 Side 2  free  transition at x/c =  0.3923   52

   3   rms: 0.3449E-02   max: -.6121E-01   C at   52  2
       a = -1.250      CL =  0.2394
      Cm = -0.0832     CD =  0.01248   =>   CDf =  0.00783    CDp =  0.00464

 Side 1  free  transition at x/c =  0.7859   68
 Side 2  free  transition at x/c =  0.3947   52

   4   rms: 0.4142E-04   max: -.7253E-03   C at   52  2
       a = -1.250      CL =  0.2394
      Cm = -0.0832     CD =  0.01248   =>   CDf =  0.00782    CDp =  0.00466
      5.000    4.5515   0.012478   0.003972   0.004558   0.000586    0.7859     #

 Point added to stored polar  1
 Point written to save file  clarky_re150000_realistic_model_reverse.polar   
 Dump file unspecified or not available
 Calculating wake trajectory ...
 Calculating source influence matrix ...

 Solving BL system ...

 Side 1  free  transition at x/c =  0.7859   68
 Side 2  free  transition at x/c =  0.3947   52

   1   rms: 0.1031E+00   max: 0.1716E+01   C at   52  2   RLX: 0.874
       a = -1.500      CL =  0.2172
      Cm = -0.0838     CD =  0.01294   =>   CDf =  0.00782    CDp =  0.00512

 Side 1  free  transition at x/c =  0.7936   68
 Side 2  free  transition at x/c =  0.3165   48

   2   rms: 0.1393E-01   max: 0.1465E+00   D at   51  2
       a = -1.500      CL =  0.2149
      Cm = -0.0839     CD =  0.01287   =>   CDf =  0.00814    CDp =  0.00474

 Side 1  free  transition at x/c =  0.7971   68
 Side 2  free  transition at x/c =  0.3142   47

   3   rms: 0.8499E-03   max: -.1129E-01   D at   51  2
       a = -1.500      CL =  0.2149
      Cm = -0.0839     CD =  0.01289   =>   CDf =  0.00811    CDp =  0.00478

 Side 1  free  transition at x/c =  0.7971   68
 Side 2  free  transition at x/c =  0.3137   47

   4   rms: 0.4329E-05   max: -.8081E-04   D at   51  2
       a = -1.500      CL =  0.2149
      Cm = -0.0839     CD =  0.01289   =>   CDf =  0.00811    CDp =  0.00478
      5.000    4.6118   0.012890   0.003943   0.004584   0.000641    0.7971     #

 Point added to stored polar  1
 Point written to save file  clarky_re150000_realistic_model_reverse.polar   
 Dump file unspecified or not available
 Calculating wake trajectory ...
 Calculating source influence matrix ...

 Solving BL system ...

 Side 1  free  transition at x/c =  0.7971   68
 Side 2  free  transition at x/c =  0.3137   47

   1   rms: 0.6376E-01   max: 0.9202E+00   C at   47  2
       a = -1.750      CL =  0.1912
      Cm = -0.0847     CD =  0.01311   =>   CDf =  0.00815    CDp =  0.00497

 Side 1  free  transition at x/c =  0.8108   68
 Side 2  free  transition at x/c =  0.2425   44

   2   rms: 0.1677E-01   max: 0.1627E+00   D at   47  2
       a = -1.750      CL =  0.1898
      Cm = -0.0846     CD =  0.01324   =>   CDf =  0.00831    CDp =  0.00493

 Side 1  free  transition at x/c =  0.8075   68
 Side 2  free  transition at x/c =  0.2454   45

   3   rms: 0.2944E-02   max: 0.3174E-01   C at   45  2
       a = -1.750      CL =  0.1884
      Cm = -0.0843     CD =  0.01327   =>   CDf =  0.00830    CDp =  0.00497

 Side 1  free  transition at x/c =  0.8069   68
 Side 2  free  transition at x/c =  0.2435   45

   4   rms: 0.3982E-04   max: -.6008E-03   D at   47  2
       a = -1.750      CL =  0.1884
      Cm = -0.0843     CD =  0.01327   =>   CDf =  0.00832    CDp =  0.00496
      5.000    4.6989   0.013272   0.003910   0.004619   0.000709    0.8069     #

 Point added to stored polar  1
 Point written to save file  clarky_re150000_realistic_model_reverse.polar   
 Dump file unspecified or not available
 Calculating wake trajectory ...
 Calculating source influence matrix ...

 Solving BL system ...

 Side 1  free  transition at x/c =  0.8069   68
 Side 2  free  transition at x/c =  0.2434   45

   1   rms: 0.8253E-01   max: 0.1286E+01   C at   45  2
       a = -2.000      CL =  0.1622
      Cm = -0.0846     CD =  0.01375   =>   CDf =  0.00832    CDp =  0.00544

 Side 1  free  transition at x/c =  0.8157   68
 Side 2  free  transition at x/c =  0.1880   41

   2   rms: 0.1759E-01   max: 0.1785E+00   D at   44  2
       a = -2.000      CL =  0.1637
      Cm = -0.0849     CD =  0.01354   =>   CDf =  0.00852    CDp =  0.00502

 Side 1  free  transition at x/c =  0.8187   68
 Side 2  free  transition at x/c =  0.1886   41

   3   rms: 0.1666E-02   max: 0.2749E-01   C at   41  2
       a = -2.000      CL =  0.1635
      Cm = -0.0849     CD =  0.01357   =>   CDf =  0.00849    CDp =  0.00508

 Side 1  free  transition at x/c =  0.8185   68
 Side 2  free  transition at x/c =  0.1875   41

   4   rms: 0.1095E-04   max: -.1683E-03   D at   44  2
       a = -2.000      CL =  0.1635
      Cm = -0.0849     CD =  0.01357   =>   CDf =  0.00850    CDp =  0.00508
      5.000    4.7497   0.013575   0.003886   0.004631   0.000745    0.8185     #

 Point added to stored polar  1
 Point written to save file  clarky_re150000_realistic_model_reverse.polar   
 Dump file unspecified or not available
 Calculating wake trajectory ...
 Calculating source influence matrix ...

 Solving BL system ...

 Side 1  free  transition at x/c =  0.8185   68
 Side 2  free  transition at x/c =  0.1876   41

   1   rms: 0.6300E-01   max: 0.9559E+00   C at   41  2
       a = -2.250      CL =  0.1414
      Cm = -0.0859     CD =  0.01379   =>   CDf =  0.00850    CDp =  0.00529

 Side 1  free  transition at x/c =  0.8337   69
 Side 2  free  transition at x/c =  0.1463   38

   2   rms: 0.2256E-01   max: 0.1949E+00   C at   69  1
       a = -2.250      CL =  0.1412
      Cm = -0.0861     CD =  0.01384   =>   CDf =  0.00858    CDp =  0.00526

 Side 1  free  transition at x/c =  0.8288   69
 Side 2  free  transition at x/c =  0.1451   38

   3   rms: 0.8701E-02   max: 0.1151E+00   C at   38  2
       a = -2.250      CL =  0.1356
      Cm = -0.0850     CD =  0.01397   =>   CDf =  0.00860    CDp =  0.00537

 Side 1  free  transition at x/c =  0.8265   69
 Side 2  free  transition at x/c =  0.1409   38

   4   rms: 0.3507E-03   max: -.2823E-02   D at   38  2
       a = -2.250      CL =  0.1354
      Cm = -0.0849     CD =  0.01398   =>   CDf =  0.00864    CDp =  0.00534

 Side 1  free  transition at x/c =  0.8265   69
 Side 2  free  transition at x/c =  0.1408   38

   5   rms: 0.3146E-05   max: 0.4036E-04   C at   38  2
       a = -2.250      CL =  0.1354
      Cm = -0.0849     CD =  0.01398   =>   CDf =  0.00864    CDp =  0.00534
      5.000    4.8405   0.013978   0.003851   0.004680   0.000829    0.8265     #

 Point added to stored polar  1
 Point written to save file  clarky_re150000_realistic_model_reverse.polar   
 Dump file unspecified or not available
 Calculating wake trajectory ...
 Calculating source influence matrix ...

 Solving BL system ...

 Side 1  free  transition at x/c =  0.8265   69
 Side 2  free  transition at x/c =  0.1408   38

   1   rms: 0.7419E-01   max: 0.1121E+01   C at   38  2
       a = -2.500      CL =  0.1084
      Cm = -0.0852     CD =  0.01443   =>   CDf =  0.00864    CDp =  0.00579

 Side 1  free  transition at x/c =  0.8338   68
 Side 2  free  transition at x/c =  0.1128   36

   2   rms: 0.1684E-01   max: 0.1979E+00   D at   38  2
       a = -2.500      CL =  0.1102
      Cm = -0.0855     CD =  0.01429   =>   CDf =  0.00875    CDp =  0.00554

 Side 1  free  transition at x/c =  0.8366   68
 Side 2  free  transition at x/c =  0.1113   36

   3   rms: 0.2545E-02   max: 0.3823E-01   C at   36  2
       a = -2.500      CL =  0.1099
      Cm = -0.0854     CD =  0.01431   =>   CDf =  0.00875    CDp =  0.00557

 Side 1  free  transition at x/c =  0.8364   68
 Side 2  free  transition at x/c =  0.1105   36

   4   rms: 0.2245E-04   max: -.2871E-03   D at   36  2
       a = -2.500      CL =  0.1099
      Cm = -0.0854     CD =  0.01431   =>   CDf =  0.00876    CDp =  0.00556
      5.000    4.8745   0.014315   0.003832   0.004673   0.000842    0.8364     #

 Point added to stored polar  1
 Point written to save file  clarky_re150000_realistic_model_reverse.polar   
 Dump file unspecified or not available
 Calculating wake trajectory ...
 Calculating source influence matrix ...

 Solving BL system ...

 Side 1  free  transition at x/c =  0.8364   68
 Side 2  free  transition at x/c =  0.1105   36

   1   rms: 0.5870E-01   max: 0.7344E+00   C at   36  2
       a = -2.750      CL =  0.0870
      Cm = -0.0863     CD =  0.01460   =>   CDf =  0.00875    CDp =  0.00585

 Side 1  free  transition at x/c =  0.8483   69
 Side 2  free  transition at x/c =  0.0936   34

   2   rms: 0.2137E-01   max: -.2761E+00   D at   35  2
       a = -2.750      CL =  0.0845
      Cm = -0.0861     CD =  0.01461   =>   CDf =  0.00875    CDp =  0.00587

 Side 1  free  transition at x/c =  0.8441   69
 Side 2  free  transition at x/c =  0.0911   34

   3   rms: 0.4527E-02   max: 0.4506E-01   C at   34  2
       a = -2.750      CL =  0.0818
      Cm = -0.0855     CD =  0.01472   =>   CDf =  0.00880    CDp =  0.00592

 Side 1  free  transition at x/c =  0.8430   69
 Side 2  free  transition at x/c =  0.0902   34

   4   rms: 0.1593E-03   max: -.2681E-02   D at   34  2
       a = -2.750      CL =  0.0817
      Cm = -0.0854     CD =  0.01472   =>   CDf =  0.00882    CDp =  0.00590

 Side 1  free  transition at x/c =  0.8430   69
 Side 2  free  transition at x/c =  0.0902   34

   5   rms: 0.8574E-06   max: -.3404E-05   C at   49  2
       a = -2.750      CL =  0.0817
      Cm = -0.0854     CD =  0.01472   =>   CDf =  0.00882    CDp =  0.00590
      5.000    4.9183   0.014725   0.003804   0.004689   0.000885    0.8430     #

 Point added to stored polar  1
 Point written to save file  clarky_re150000_realistic_model_reverse.polar   
 Dump file unspecified or not available
 Calculating wake trajectory ...
 Calculating source influence matrix ...

 Solving BL system ...

 Side 1  free  transition at x/c =  0.8430   69
 Side 2  free  transition at x/c =  0.0902   34

   1   rms: 0.6489E-01   max: 0.6197E+00   C at   34  2
       a = -3.000      CL =  0.0536
      Cm = -0.0854     CD =  0.01525   =>   CDf =  0.00882    CDp =  0.00643

 Side 1  free  transition at x/c =  0.8492   69
 Side 2  free  transition at x/c =  0.0780   32

   2   rms: 0.2360E-01   max: -.3199E+00   D at   33  2
       a = -3.000      CL =  0.0541
      Cm = -0.0856     CD =  0.01504   =>   CDf =  0.00880    CDp =  0.00624

 Side 1  free  transition at x/c =  0.8505   69
 Side 2  free  transition at x/c =  0.0773   32

   3   rms: 0.2947E-02   max: 0.2814E-01   C at   32  2
       a = -3.000      CL =  0.0542
      Cm = -0.0856     CD =  0.01511   =>   CDf =  0.00884    CDp =  0.00627

 Side 1  free  transition at x/c =  0.8504   69
 Side 2  free  transition at x/c =  0.0768   32

   4   rms: 0.6532E-04   max: -.8097E-03   D at   32  2
       a = -3.000      CL =  0.0542
      Cm = -0.0856     CD =  0.01511   =>   CDf =  0.00884    CDp =  0.00626
      5.000    4.9660   0.015107   0.003780   0.004699   0.000919    0.8504     #

 Point added to stored polar  1
 Point written to save file  clarky_re150000_realistic_model_reverse.polar   
 Dump file unspecified or not available
 Calculating wake trajectory ...
 Calculating source influence matrix ...

 Solving BL system ...

 Side 1  free  transition at x/c =  0.8504   69
 Side 2  free  transition at x/c =  0.0768   32

   1   rms: 0.5222E-01   max: 0.3348E+00   C at   32  2
       a = -3.250      CL =  0.0285
      Cm = -0.0860     CD =  0.01548   =>   CDf =  0.00878    CDp =  0.00670

 Side 1  free  transition at x/c =  0.8585   69
 Side 2  free  transition at x/c =  0.0693   32

   2   rms: 0.1260E-01   max: -.2043E+00   D at   32  2
       a = -3.250      CL =  0.0281
      Cm = -0.0860     CD =  0.01544   =>   CDf =  0.00884    CDp =  0.00661

 Side 1  free  transition at x/c =  0.8586   69
 Side 2  free  transition at x/c =  0.0690   32

   3   rms: 0.1172E-02   max: -.1281E-01   D at    4  2
       a = -3.250      CL =  0.0282
      Cm = -0.0860     CD =  0.01545   =>   CDf =  0.00886    CDp =  0.00659

 Side 1  free  transition at x/c =  0.8586   69
 Side 2  free  transition at x/c =  0.0690   32

   4   rms: 0.4335E-05   max: -.2475E-04   D at   35  2
       a = -3.250      CL =  0.0282
      Cm = -0.0860     CD =  0.01545   =>   CDf =  0.00886    CDp =  0.00659
      5.000    4.9634   0.015450   0.003763   0.004668   0.000905    0.8586     #

 Point added to stored polar  1
 Point written to save file  clarky_re150000_realistic_model_reverse.polar   
 Dump file unspecified or not available
 Calculating wake trajectory ...
 Calculating source influence matrix ...

 Solving BL system ...

 Side 1  free  transition at x/c =  0.8586   69
 Side 2  free  transition at x/c =  0.0690   32

   1   rms: 0.5425E-01   max: 0.2853E+00   T at   32  2
       a = -3.500      CL = -0.0019
      Cm = -0.0856     CD =  0.01594   =>   CDf =  0.00886    CDp =  0.00708

 Side 1  free  transition at x/c =  0.8637   69
 Side 2  free  transition at x/c =  0.0647   31

   2   rms: 0.8725E-02   max: 0.1154E+00   D at   32  2
       a = -3.500      CL = -0.0012
      Cm = -0.0858     CD =  0.01588   =>   CDf =  0.00881    CDp =  0.00706

 Side 1  free  transition at x/c =  0.8645   69
 Side 2  free  transition at x/c =  0.0638   31

   3   rms: 0.1700E-02   max: -.2033E-01   D at   31  2
       a = -3.500      CL = -0.0012
      Cm = -0.0858     CD =  0.01587   =>   CDf =  0.00882    CDp =  0.00705

 Side 1  free  transition at x/c =  0.8645   69
 Side 2  free  transition at x/c =  0.0639   31

   4   rms: 0.1349E-04   max: 0.1546E-03   D at   32  2
       a = -3.500      CL = -0.0012
      Cm = -0.0858     CD =  0.01587   =>   CDf =  0.00882    CDp =  0.00705
      5.000    5.0441   0.015871   0.003734   0.004715   0.000981    0.8645     #

 Point added to stored polar  1
 Point written to save file  clarky_re150000_realistic_model_reverse.polar   
 Dump file unspecified or not available
 Calculating wake trajectory ...
 Calculating source influence matrix ...

 Solving BL system ...

 Side 1  free  transition at x/c =  0.8645   69
 Side 2  free  transition at x/c =  0.0639   31

   1   rms: 0.4757E-01   max: 0.2093E+00   T at   31  2
       a = -3.750      CL = -0.0294
      Cm = -0.0858     CD =  0.01630   =>   CDf =  0.00882    CDp =  0.00748

 Side 1  free  transition at x/c =  0.8710   69
 Side 2  free  transition at x/c =  0.0608   30

   2   rms: 0.6772E-02   max: -.7892E-01   D at   30  2
       a = -3.750      CL = -0.0274
      Cm = -0.0862     CD =  0.01626   =>   CDf =  0.00881    CDp =  0.00745

 Side 1  free  transition at x/c =  0.8727   69
 Side 2  free  transition at x/c =  0.0606   30

   3   rms: 0.5195E-03   max: 0.7683E-02   D at   31  2
       a = -3.750      CL = -0.0275
      Cm = -0.0862     CD =  0.01627   =>   CDf =  0.00880    CDp =  0.00747

 Side 1  free  transition at x/c =  0.8726   69
 Side 2  free  transition at x/c =  0.0606   30

   4   rms: 0.2572E-05   max: 0.2421E-04   D at   31  2
       a = -3.750      CL = -0.0275
      Cm = -0.0862     CD =  0.01627   =>   CDf =  0.00880    CDp =  0.00747
      5.000    5.0623   0.016266   0.003716   0.004700   0.000984    0.8726     #

 Point added to stored polar  1
 Point written to save file  clarky_re150000_realistic_model_reverse.polar   
 Dump file unspecified or not available
 Calculating wake trajectory ...
 Calculating source influence matrix ...

 Solving BL system ...

 Side 1  free  transition at x/c =  0.8726   69
 Side 2  free  transition at x/c =  0.0606   30

   1   rms: 0.4182E-01   max: 0.1380E+00   T at   30  2
       a = -4.000      CL = -0.0508
      Cm = -0.0871     CD =  0.01660   =>   CDf =  0.00870    CDp =  0.00790

 Side 1  free  transition at x/c =  0.8833   69
 Side 2  free  transition at x/c =  0.0575   31

   2   rms: 0.1548E-01   max: -.1100E+00   D at   32  2
       a = -4.000      CL = -0.0542
      Cm = -0.0865     CD =  0.01666   =>   CDf =  0.00880    CDp =  0.00786

 Side 1  free  transition at x/c =  0.8797   69
 Side 2  free  transition at x/c =  0.0577   31

   3   rms: 0.2012E-02   max: -.1296E-01   D at   75  1
       a = -4.000      CL = -0.0556
      Cm = -0.0862     CD =  0.01670   =>   CDf =  0.00878    CDp =  0.00791

 Side 1  free  transition at x/c =  0.8791   69
 Side 2  free  transition at x/c =  0.0576   31

   4   rms: 0.2506E-04   max: -.2514E-03   D at   70  1
       a = -4.000      CL = -0.0556
      Cm = -0.0862     CD =  0.01670   =>   CDf =  0.00879    CDp =  0.00791
      5.000    5.1156   0.016699   0.003693   0.004723   0.001030    0.8791     #

 Point added to stored polar  1
 Point written to save file  clarky_re150000_realistic_model_reverse.polar   
 Dump file unspecified or not available
 Calculating wake trajectory ...
 Calculating source influence matrix ...

 Solving BL system ...

 Side 1  free  transition at x/c =  0.8791   69
 Side 2  free  transition at x/c =  0.0576   31

   1   rms: 0.4903E-01   max: 0.2370E+00   T at   31  2
       a = -4.250      CL = -0.0857
      Cm = -0.0857     CD =  0.01722   =>   CDf =  0.00879    CDp =  0.00844

 Side 1  free  transition at x/c =  0.8843   69
 Side 2  free  transition at x/c =  0.0554   30

   2   rms: 0.9806E-02   max: 0.1741E+00   D at   31  2
       a = -4.250      CL = -0.0849
      Cm = -0.0860     CD =  0.01721   =>   CDf =  0.00875    CDp =  0.00846

 Side 1  free  transition at x/c =  0.8852   69
 Side 2  free  transition at x/c =  0.0549   30

   3   rms: 0.1145E-02   max: 0.1663E-01   D at   31  2
       a = -4.250      CL = -0.0850
      Cm = -0.0860     CD =  0.01720   =>   CDf =  0.00873    CDp =  0.00847

 Side 1  free  transition at x/c =  0.8852   69
 Side 2  free  transition at x/c =  0.0549   30

   4   rms: 0.1626E-04   max: 0.2431E-03   D at   31  2
       a = -4.250      CL = -0.0850
      Cm = -0.0860     CD =  0.01720   =>   CDf =  0.00873    CDp =  0.00847
      5.000    5.2033   0.017199   0.003665   0.004765   0.001100    0.8852     #

 Point added to stored polar  1
 Point written to save file  clarky_re150000_realistic_model_reverse.polar   
 Dump file unspecified or not available
 Calculating wake trajectory ...
 Calculating source influence matrix ...

 Solving BL system ...

 Side 1  free  transition at x/c =  0.8852   69
 Side 2  free  transition at x/c =  0.0549   30

   1   rms: 0.4468E-01   max: 0.1456E+00   T at   30  2
       a = -4.500      CL = -0.1129
      Cm = -0.0860     CD =  0.01769   =>   CDf =  0.00862    CDp =  0.00907

 Side 1  free  transition at x/c =  0.8918   68
 Side 2  free  transition at x/c =  0.0530   31

   2   rms: 0.6869E-02   max: -.4396E-01   D at   70  1
       a = -4.500      CL = -0.1095
      Cm = -0.0866     CD =  0.01765   =>   CDf =  0.00872    CDp =  0.00893

 Side 1  free  transition at x/c =  0.8941   68
 Side 2  free  transition at x/c =  0.0531   31

   3   rms: 0.1331E-02   max: -.1731E-01   D at    4  2
       a = -4.500      CL = -0.1093
      Cm = -0.0866     CD =  0.01765   =>   CDf =  0.00872    CDp =  0.00893

 Side 1  free  transition at x/c =  0.8941   68
 Side 2  free  transition at x/c =  0.0531   31

   4   rms: 0.3756E-05   max: 0.2906E-04   D at    8  2
       a = -4.500      CL = -0.1093
      Cm = -0.0866     CD =  0.01765   =>   CDf =  0.00872    CDp =  0.00893
      5.000    5.1810   0.017647   0.003654   0.004737   0.001083    0.8941     #

 Point added to stored polar  1
 Point written to save file  clarky_re150000_realistic_model_reverse.polar   
 Dump file unspecified or not available
 Calculating wake trajectory ...
 Calculating source influence matrix ...

 Solving BL system ...

 Side 1  free  transition at x/c =  0.8941   68
 Side 2  free  transition at x/c =  0.0531   31

   1   rms: 0.3832E-01   max: 0.1175E+00   T at   31  2
       a = -4.750      CL = -0.1268
      Cm = -0.0886     CD =  0.01801   =>   CDf =  0.00871    CDp =  0.00929

 Side 1  free  transition at x/c =  0.9100   69
 Side 2  free  transition at x/c =  0.0520   30

   2   rms: 0.3131E-01   max: 0.2852E+00   C at   69  1
       a = -4.750      CL = -0.1346
      Cm = -0.0872     CD =  0.01812   =>   CDf =  0.00873    CDp =  0.00938

 Side 1  free  transition at x/c =  0.9017   69
 Side 2  free  transition at x/c =  0.0518   30

   3   rms: 0.7379E-02   max: 0.3739E-01   T at   69  1
       a = -4.750      CL = -0.1406
      Cm = -0.0860     CD =  0.01831   =>   CDf =  0.00870    CDp =  0.00961

 Side 1  free  transition at x/c =  0.8985   69
 Side 2  free  transition at x/c =  0.0517   30

   4   rms: 0.8850E-03   max: -.7897E-02   D at   70  1
       a = -4.750      CL = -0.1404
      Cm = -0.0860     CD =  0.01831   =>   CDf =  0.00869    CDp =  0.00962

 Side 1  free  transition at x/c =  0.8988   69
 Side 2  free  transition at x/c =  0.0517   30

   5   rms: 0.1055E-04   max: 0.1063E-03   D at   32  2
       a = -4.750      CL = -0.1404
      Cm = -0.0860     CD =  0.01831   =>   CDf =  0.00869    CDp =  0.00962
      5.000    5.3260   0.018307   0.003622   0.004816   0.001194    0.8988     #

 Point added to stored polar  1
 Point written to save file  clarky_re150000_realistic_model_reverse.polar   
 Dump file unspecified or not available
 Calculating wake trajectory ...
 Calculating source influence matrix ...

 Solving BL system ...

 Side 1  free  transition at x/c =  0.8988   69
 Side 2  free  transition at x/c =  0.0517   30

   1   rms: 0.4928E-01   max: 0.1108E+00   D at   35  2
       a = -5.000      CL = -0.1714
      Cm = -0.0855     CD =  0.01903   =>   CDf =  0.00869    CDp =  0.01034

 Side 1  free  transition at x/c =  0.9037   69
 Side 2  free  transition at x/c =  0.0502   30

   2   rms: 0.5649E-02   max: -.3457E-01   D at   32  2
       a = -5.000      CL = -0.1703
      Cm = -0.0857     CD =  0.01901   =>   CDf =  0.00859    CDp =  0.01043

 Side 1  free  transition at x/c =  0.9046   69
 Side 2  free  transition at x/c =  0.0503   30

   3   rms: 0.8371E-04   max: 0.9502E-03   D at   32  2
       a = -5.000      CL = -0.1703
      Cm = -0.0857     CD =  0.01902   =>   CDf =  0.00859    CDp =  0.01043
      5.000    5.4132   0.019020   0.003594   0.004867   0.001274    0.9046     #

 Point added to stored polar  1
 Point written to save file  clarky_re150000_realistic_model_reverse.polar   
 Dump file unspecified or not available
 Calculating wake trajectory ...
 Calculating source influence matrix ...

 Solving BL system ...

 Side 1  free  transition at x/c =  0.9046   69
 Side 2  free  transition at x/c =  0.0503   30

   1   rms: 0.4577E-01   max: 0.1095E+00   T at   30  2
       a = -5.250      CL = -0.1983
      Cm = -0.0856     CD =  0.01972   =>   CDf =  0.00846    CDp =  0.01126

 Side 1  free  transition at x/c =  0.9110   68
 Side 2  free  transition at x/c =  0.0487   31

   2   rms: 0.1243E-01   max: -.5835E-01   D at   32  2
       a = -5.250      CL = -0.1938
      Cm = -0.0865     CD =  0.01960   =>   CDf =  0.00853    CDp =  0.01107

 Side 1  free  transition at x/c =  0.9138   69
 Side 2  free  transition at x/c =  0.0489   31

   3   rms: 0.2782E-02   max: 0.1962E-01   C at   69  1
       a = -5.250      CL = -0.1943
      Cm = -0.0864     CD =  0.01962   =>   CDf =  0.00853    CDp =  0.01108

 Side 1  free  transition at x/c =  0.9134   69
 Side 2  free  transition at x/c =  0.0489   31

   4   rms: 0.4296E-04   max: -.2726E-03   D at   33  2
       a = -5.250      CL = -0.1943
      Cm = -0.0864     CD =  0.01962   =>   CDf =  0.00853    CDp =  0.01108
      5.000    5.4461   0.019618   0.003583   0.004862   0.001279    0.9134     #

 Point added to stored polar  1
 Point written to save file  clarky_re150000_realistic_model_reverse.polar   
 Dump file unspecified or not available
 Calculating wake trajectory ...
 Calculating source influence matrix ...

 Solving BL system ...

 Side 1  free  transition at x/c =  0.9134   69
 Side 2  free  transition at x/c =  0.0489   31

   1   rms: 0.4893E-01   max: 0.1562E+00   T at   31  2
       a = -5.500      CL = -0.2277
      Cm = -0.0852     CD =  0.02036   =>   CDf =  0.00853    CDp =  0.01182

 Side 1  free  transition at x/c =  0.9169   69
 Side 2  free  transition at x/c =  0.0474   30

   2   rms: 0.1242E-01   max: -.7846E-01   D at   32  2
       a = -5.500      CL = -0.2271
      Cm = -0.0852     CD =  0.02035   =>   CDf =  0.00854    CDp =  0.01181

 Side 1  free  transition at x/c =  0.9173   69
 Side 2  free  transition at x/c =  0.0475   31

   3   rms: 0.1233E-02   max: -.2127E-01   D at   30  2
       a = -5.500      CL = -0.2271
      Cm = -0.0852     CD =  0.02036   =>   CDf =  0.00856    CDp =  0.01180

 Side 1  free  transition at x/c =  0.9172   69
 Side 2  free  transition at x/c =  0.0475   31

   4   rms: 0.9909E-04   max: 0.8208E-03   D at   32  2
       a = -5.500      CL = -0.2271
      Cm = -0.0852     CD =  0.02036   =>   CDf =  0.00854    CDp =  0.01182
      5.000    5.5961   0.020364   0.003548   0.004962   0.001414    0.9172     #

 Point added to stored polar  1
 Point written to save file  clarky_re150000_realistic_model_reverse.polar   
 Dump file unspecified or not available
 Calculating wake trajectory ...
 Calculating source influence matrix ...

 Solving BL system ...

 Side 1  free  transition at x/c =  0.9172   69
 Side 2  free  transition at x/c =  0.0475   31

   1   rms: 0.4976E-01   max: 0.2141E+00   T at   31  2
       a = -5.750      CL = -0.2590
      Cm = -0.0842     CD =  0.02122   =>   CDf =  0.00839    CDp =  0.01283

 Side 1  free  transition at x/c =  0.9214   68
 Side 2  free  transition at x/c =  0.0465   31

   2   rms: 0.2543E-01   max: 0.2547E+00   D at   32  2
       a = -5.750      CL = -0.2581
      Cm = -0.0845     CD =  0.02130   =>   CDf =  0.00843    CDp =  0.01287

 Side 1  free  transition at x/c =  0.9223   68
 Side 2  free  transition at x/c =  0.0462   31

   3   rms: 0.6281E-02   max: 0.4942E-01   D at   33  2
       a = -5.750      CL = -0.2582
      Cm = -0.0845     CD =  0.02132   =>   CDf =  0.00834    CDp =  0.01297

 Side 1  free  transition at x/c =  0.9223   68
 Side 2  free  transition at x/c =  0.0461   31

   4   rms: 0.1513E-03   max: 0.1442E-02   D at   33  2
       a = -5.750      CL = -0.2582
      Cm = -0.0845     CD =  0.02131   =>   CDf =  0.00833    CDp =  0.01298

 Side 1  free  transition at x/c =  0.9223   68
 Side 2  free  transition at x/c =  0.0461   31

   5   rms: 0.3148E-05   max: 0.1315E-04   D at   49  2
       a = -5.750      CL = -0.2582
      Cm = -0.0845     CD =  0.02131   =>   CDf =  0.00833    CDp =  0.01298
      5.000    5.6935   0.021311   0.003518   0.005081   0.001563    0.9223     #

 Point added to stored polar  1
 Point written to save file  clarky_re150000_realistic_model_reverse.polar   
 Dump file unspecified or not available
 Calculating wake trajectory ...
 Calculating source influence matrix ...

 Solving BL system ...

 Side 1  free  transition at x/c =  0.9223   68
 Side 2  free  transition at x/c =  0.0461   31

   1   rms: 0.4904E-01   max: 0.1027E+00   D at   38  2
       a = -6.000      CL = -0.2874
      Cm = -0.0842     CD =  0.02232   =>   CDf =  0.00833    CDp =  0.01399

 Side 1  free  transition at x/c =  0.9280   68
 Side 2  free  transition at x/c =  0.0452   31

   2   rms: 0.6750E-02   max: -.3600E-01   D at   71  1
       a = -6.000      CL = -0.2841
      Cm = -0.0848     CD =  0.02225   =>   CDf =  0.00815    CDp =  0.01410

 Side 1  free  transition at x/c =  0.9299   68
 Side 2  free  transition at x/c =  0.0452   31

   3   rms: 0.3590E-03   max: -.2444E-02   D at   71  1
       a = -6.000      CL = -0.2838
      Cm = -0.0849     CD =  0.02225   =>   CDf =  0.00817    CDp =  0.01408

 Side 1  free  transition at x/c =  0.9300   68
 Side 2  free  transition at x/c =  0.0452   31

   4   rms: 0.6082E-05   max: 0.2877E-04   D at   34  2
       a = -6.000      CL = -0.2838
      Cm = -0.0849     CD =  0.02225   =>   CDf =  0.00817    CDp =  0.01408
      5.000    5.6920   0.022253   0.003502   0.005095   0.001593    0.9300     #

 Point added to stored polar  1
 Point written to save file  clarky_re150000_realistic_model_reverse.polar   
 Dump file unspecified or not available

.OPERva   c>  
 Polar accumulation disabled

.OPERv   c>  
 XFOIL   c>  
--- STDERR ---
