
 ===================================================
  XFOIL Version 6.99
  Copyright (C) 2000   Mark Drela, Harold Youngren

  This software comes with ABSOLUTELY NO WARRANTY,
    subject to the GNU General Public License.

  Caveat computor
 ===================================================

 File  xfoil.def  not found

   QUIT    Exit program

  .OPER    Direct operating point(s)
  .MDES    Complex mapping design routine
  .QDES    Surface speed design routine
  .GDES    Geometry design routine

   SAVE f  Write airfoil to labeled coordinate file
   PSAV f  Write airfoil to plain coordinate file
   ISAV f  Write airfoil to ISES coordinate file
   MSAV f  Write airfoil to MSES coordinate file
   REVE    Reverse written-airfoil node ordering
   DELI i  Change written-airfoil file delimiters

   LOAD f  Read buffer airfoil from coordinate file
   NACA i  Set NACA 4,5-digit airfoil and buffer airfoil
   INTE    Set buffer airfoil by interpolating two airfoils
   NORM    Buffer airfoil normalization toggle
   HALF    Halve the number of points in buffer airfoil
   XYCM rr Change CM reference location, currently  0.25000 0.00000

   BEND    Display structural properties of current airfoil

   PCOP    Set current-airfoil panel nodes directly from buffer airfoil points
   PANE    Set current-airfoil panel nodes ( 160 ) based on curvature
  .PPAR    Show/change paneling

  .PLOP    Plotting options

   WDEF f  Write  current-settings file
   RDEF f  Reread current-settings file
   NAME s  Specify new airfoil name
   NINC    Increment name version number

   Z       Zoom    | (available in all menus)
   U       Unzoom  | 

 XFOIL   c>  
 Labeled airfoil file.  Name:  Clark Y generated XFOIL input; source clarky.dat

 Number of input coordinate points: 122
 Counterclockwise ordering
 Max thickness =     0.117071  at x =   0.280
 Max camber    =     0.034331  at x =   0.420

  LE  x,y  =   0.00000   0.00000  |   Chord =   1.00000
  TE  x,y  =   1.00000   0.00000  |

 Current airfoil nodes set from buffer airfoil nodes ( 121 )

 XFOIL   c>  
 Sharp leading edge

 Blunt trailing edge.  Gap =  0.00120

 Paneling parameters used...
   Number of panel nodes       160
   Panel bunching parameter    1.000
   TE/LE panel density ratio   0.150
   Refined-area/LE panel density ratio    0.200
   Top    side refined area x/c limits  1.000 1.000
   Bottom side refined area x/c limits  1.000 1.000

 XFOIL   c>  
.OPERi   c>  
 M  =    0.0000
 Re =  0.3000E+06

.OPERv   c>  
 Xtr/c     =  1.0000    top    side
 Xtr/c     =  1.0000    bottom side
 NcritT    =    9.00   ( 0.070 % turb. level )
 NcritB    =    9.00   ( 0.070 % turb. level )
 Vacc      =  0.0100
 WakeL/c   =   1.000

 Klag  =  5.6000     Uxwt  =    1.00       Kdl =  0.9000
 A     =  6.7000     B     =  0.7500       KCt = 0.01485
 CtiniK=  1.8000     CtiniX=  3.3000

..VPAR   c>  
..VPAR   c>  
.OPERv   c>  
.OPERv   c>  
 Polar  1 newly created for accumulation
 Airfoil archived with polar: Clark Y generated XFOIL input; source clarky.dat

Enter  polar save filename  OR  <return> for no file   s>  
 New polar save file available

Enter  polar dump filename  OR  <return> for no file   s>  
 Polar dump file will NOT be written

 Polar accumulation enabled

.OPERva   c>   Calculating unit vorticity distributions ...
 Calculating wake trajectory ...
 Calculating source influence matrix ...

 Solving BL system ...

 Initializing BL ...
    side            1  ...
 MRCHUE: Inverse mode at  58     Hk =   3.993
 MRCHUE: Inverse mode at  59     Hk =   4.548
 MRCHUE: Inverse mode at  60     Hk =   5.091
 MRCHUE: Inverse mode at  61     Hk =   5.623
 MRCHUE: Inverse mode at  62     Hk =   6.148
 MRCHUE: Inverse mode at  63     Hk =   6.665
 MRCHUE: Inverse mode at  64     Hk =   7.175
 MRCHUE: Inverse mode at  65     Hk =   7.679
 MRCHUE: Inverse mode at  66     Hk =   8.177
 MRCHUE: Inverse mode at  67     Hk =   8.668
 MRCHUE: Inverse mode at  68     Hk =   9.114
 MRCHUE: Inverse mode at  69     Hk =   6.755
 MRCHUE: Inverse mode at  70     Hk =   5.385
 MRCHUE: Inverse mode at  71     Hk =   4.409
 MRCHUE: Inverse mode at  72     Hk =   3.758
    side            2  ...
 MRCHUE: Inverse mode at  23     Hk =   3.946
 MRCHUE: Inverse mode at  24     Hk =   4.551
 MRCHUE: Inverse mode at  25     Hk =   5.135
 MRCHUE: Convergence failed at  26  side 2    Res =  0.6520E+01
 MRCHUE: Inverse mode at  27     Hk =   5.723
 MRCHUE: Convergence failed at  27  side 2    Res =  0.3169E-01
 MRCHUE: Inverse mode at  28     Hk =   6.313
 MRCHUE: Inverse mode at  29     Hk =   6.897
 MRCHUE: Inverse mode at  30     Hk =   7.487
 MRCHUE: Inverse mode at  31     Hk =   8.087
 MRCHUE: Inverse mode at  32     Hk =   8.704
 MRCHUE: Inverse mode at  33     Hk =   9.339
 MRCHUE: Inverse mode at  34     Hk =   8.065
 MRCHUE: Inverse mode at  35     Hk =   5.472
 MRCHUE: Inverse mode at  36     Hk =   3.816
 MRCHUE: Inverse mode at  37     Hk =   2.568
 MRCHUE: Inverse mode at  91     Hk =   2.500

 MRCHDU: Convergence failed at  36  side 2    Res =  0.1370E+01
 MRCHDU: Convergence failed at  37  side 2    Res =  0.2446E+01
 MRCHDU: Convergence failed at  38  side 2    Res =  0.3129E+01
 MRCHDU: Convergence failed at  39  side 2    Res =  0.4634E+02
 MRCHDU: Convergence failed at  40  side 2    Res =  0.6260E+01
 MRCHDU: Convergence failed at  41  side 2    Res =  0.5285E+01
 MRCHDU: Convergence failed at  42  side 2    Res =  0.5814E+01
 MRCHDU: Convergence failed at  43  side 2    Res =  0.3903E+01
 MRCHDU: Convergence failed at  44  side 2    Res =  0.4781E+01
 MRCHDU: Convergence failed at  45  side 2    Res =  0.5667E+01
 MRCHDU: Convergence failed at  46  side 2    Res =  0.9354E+01
 MRCHDU: Convergence failed at  47  side 2    Res =  0.1110E+02
 MRCHDU: Convergence failed at  48  side 2    Res =  0.7402E+01
 MRCHDU: Convergence failed at  49  side 2    Res =  0.7519E+01
 MRCHDU: Convergence failed at  50  side 2    Res =  0.7446E+01
 MRCHDU: Convergence failed at  51  side 2    Res =  0.6964E+01
 MRCHDU: Convergence failed at  52  side 2    Res =  0.2546E+02
 MRCHDU: Convergence failed at  53  side 2    Res =  0.2857E+02
 MRCHDU: Convergence failed at  54  side 2    Res =  0.3191E+02
 MRCHDU: Convergence failed at  55  side 2    Res =  0.1394E+02
 MRCHDU: Convergence failed at  56  side 2    Res =  0.1405E+02
 MRCHDU: Convergence failed at  57  side 2    Res =  0.3871E+02
 MRCHDU: Convergence failed at  58  side 2    Res =  0.1595E+02
 MRCHDU: Convergence failed at  59  side 2    Res =  0.1664E+02
 MRCHDU: Convergence failed at  60  side 2    Res =  0.1685E+02
 MRCHDU: Convergence failed at  61  side 2    Res =  0.1705E+02
 MRCHDU: Convergence failed at  62  side 2    Res =  0.1652E+02
 MRCHDU: Convergence failed at  63  side 2    Res =  0.1690E+02
 MRCHDU: Convergence failed at  64  side 2    Res =  0.1516E+02
 MRCHDU: Convergence failed at  65  side 2    Res =  0.1545E+02
 MRCHDU: Convergence failed at  66  side 2    Res =  0.1609E+02
 MRCHDU: Convergence failed at  67  side 2    Res =  0.1628E+02
 MRCHDU: Convergence failed at  68  side 2    Res =  0.1694E+02
 MRCHDU: Convergence failed at  69  side 2    Res =  0.1442E+02
 MRCHDU: Convergence failed at  70  side 2    Res =  0.1499E+02
 MRCHDU: Convergence failed at  71  side 2    Res =  0.1559E+02
 MRCHDU: Convergence failed at  72  side 2    Res =  0.1624E+02
 MRCHDU: Convergence failed at  73  side 2    Res =  0.1693E+02
 MRCHDU: Convergence failed at  74  side 2    Res =  0.1769E+02
 MRCHDU: Convergence failed at  75  side 2    Res =  0.1642E+02
 MRCHDU: Convergence failed at  76  side 2    Res =  0.1711E+02
 MRCHDU: Convergence failed at  77  side 2    Res =  0.1443E+02
 MRCHDU: Convergence failed at  78  side 2    Res =  0.1501E+02
 MRCHDU: Convergence failed at  79  side 2    Res =  0.1567E+02
 MRCHDU: Convergence failed at  80  side 2    Res =  0.1640E+02
 MRCHDU: Convergence failed at  81  side 2    Res =  0.1736E+02
 MRCHDU: Convergence failed at  82  side 2    Res =  0.1547E+02
 MRCHDU: Convergence failed at  83  side 2    Res =  0.1832E+02
 MRCHDU: Convergence failed at  84  side 2    Res =  0.1959E+02
 MRCHDU: Convergence failed at  85  side 2    Res =  0.3454E+02
 MRCHDU: Convergence failed at  86  side 2    Res =  0.4264E+02
 MRCHDU: Convergence failed at  87  side 2    Res =  0.4609E+02
 MRCHDU: Convergence failed at  88  side 2    Res =  0.6893E+02
 MRCHDU: Convergence failed at  89  side 2    Res =  0.5183E+02
 MRCHDU: Convergence failed at  90  side 2    Res =  0.3257E+02
 MRCHDU: Convergence failed at  91  side 2    Res =  0.7082E+02
 Side 1  free  transition at x/c =  0.9315   68
 Side 2  free  transition at x/c =  0.0613   34

   1   rms: 0.4619E+01   max: -.3154E+02   T at   34  2   RLX: 0.016
       a = -6.000      CL = -1.9347
      Cm =  0.4320     CD =  0.00386   =>   CDf =  0.00269    CDp =  0.00117

 Side 1  free  transition at x/c =  0.9491   69
 Side 2  free  transition at x/c =  0.0682   35

   2   rms: 0.9026E+00   max: 0.6970E+01   T at   35  2   RLX: 0.083
       a = -6.000      CL = -1.7337
      Cm =  0.3659     CD =  0.00405   =>   CDf =  0.01479    CDp = -0.01073

 Side 1  free  transition at x/c =  0.9508   70
 Side 2  free  transition at x/c =  0.0626   34

   3   rms: 0.8333E+00   max: 0.6295E+01   T at   34  2   RLX: 0.104
       a = -6.000      CL = -1.5534
      Cm =  0.3079     CD =  0.00453   =>   CDf =  0.01410    CDp = -0.00958

 Side 1  free  transition at x/c =  0.9513   70
 Side 2  free  transition at x/c =  0.0575   34

   4   rms: 0.7105E+00   max: 0.2621E+01   T at   34  2   RLX: 0.394
       a = -6.000      CL = -0.9911
      Cm =  0.1302     CD =  0.00688   =>   CDf =  0.01341    CDp = -0.00653

 MRCHDU: Convergence failed at  34  side 2    Res =  0.7361E+02
 MRCHDU: Convergence failed at  35  side 2    Res =  0.2991E+02
 MRCHDU: Convergence failed at  36  side 2    Res =  0.1797E+02
 MRCHDU: Convergence failed at  37  side 2    Res =  0.1137E+02
 MRCHDU: Convergence failed at  38  side 2    Res =  0.9306E+01
 MRCHDU: Convergence failed at  39  side 2    Res =  0.1318E+02
 MRCHDU: Convergence failed at  40  side 2    Res =  0.1273E+02
 MRCHDU: Convergence failed at  41  side 2    Res =  0.1041E+02
 MRCHDU: Convergence failed at  42  side 2    Res =  0.8708E+01
 MRCHDU: Convergence failed at  43  side 2    Res =  0.7493E+01
 MRCHDU: Convergence failed at  44  side 2    Res =  0.5987E+01
 MRCHDU: Convergence failed at  45  side 2    Res =  0.5695E+01
 MRCHDU: Convergence failed at  46  side 2    Res =  0.5553E+01
 MRCHDU: Convergence failed at  47  side 2    Res =  0.5549E+01
 MRCHDU: Convergence failed at  48  side 2    Res =  0.5666E+01
 MRCHDU: Convergence failed at  49  side 2    Res =  0.5894E+01
 MRCHDU: Convergence failed at  50  side 2    Res =  0.6228E+01
 MRCHDU: Convergence failed at  51  side 2    Res =  0.6668E+01
 MRCHDU: Convergence failed at  52  side 2    Res =  0.7217E+01
 MRCHDU: Convergence failed at  53  side 2    Res =  0.7883E+01
 MRCHDU: Convergence failed at  54  side 2    Res =  0.8713E+01
 MRCHDU: Convergence failed at  55  side 2    Res =  0.9884E+01
 MRCHDU: Convergence failed at  56  side 2    Res =  0.1102E+02
 MRCHDU: Convergence failed at  57  side 2    Res =  0.1237E+02
 MRCHDU: Convergence failed at  58  side 2    Res =  0.1403E+02
 MRCHDU: Convergence failed at  59  side 2    Res =  0.1627E+02
 MRCHDU: Convergence failed at  60  side 2    Res =  0.1905E+02
 MRCHDU: Convergence failed at  61  side 2    Res =  0.3519E+02
 MRCHDU: Convergence failed at  62  side 2    Res =  0.4842E+02
 MRCHDU: Convergence failed at  63  side 2    Res =  0.7512E+02
 MRCHDU: Convergence failed at  64  side 2    Res =  0.1545E+03
 MRCHDU: Convergence failed at  65  side 2    Res =  0.4681E+02
 MRCHDU: Convergence failed at  66  side 2    Res =  0.4324E+02
 MRCHDU: Convergence failed at  67  side 2    Res =  0.4029E+02
 MRCHDU: Convergence failed at  68  side 2    Res =  0.3779E+02
 MRCHDU: Convergence failed at  69  side 2    Res =  0.3560E+02
 MRCHDU: Convergence failed at  70  side 2    Res =  0.3380E+02
 MRCHDU: Convergence failed at  71  side 2    Res =  0.3223E+02
 MRCHDU: Convergence failed at  72  side 2    Res =  0.3082E+02
 MRCHDU: Convergence failed at  73  side 2    Res =  0.2957E+02
 MRCHDU: Convergence failed at  74  side 2    Res =  0.2844E+02
 MRCHDU: Convergence failed at  75  side 2    Res =  0.2742E+02
 MRCHDU: Convergence failed at  76  side 2    Res =  0.2682E+02
 MRCHDU: Convergence failed at  77  side 2    Res =  0.2596E+02
 MRCHDU: Convergence failed at  78  side 2    Res =  0.2516E+02
 MRCHDU: Convergence failed at  79  side 2    Res =  0.2442E+02
 MRCHDU: Convergence failed at  80  side 2    Res =  0.2371E+02
 MRCHDU: Convergence failed at  81  side 2    Res =  0.2304E+02
 MRCHDU: Convergence failed at  82  side 2    Res =  0.2274E+02
 MRCHDU: Convergence failed at  83  side 2    Res =  0.2212E+02
 MRCHDU: Convergence failed at  84  side 2    Res =  0.2151E+02
 MRCHDU: Convergence failed at  85  side 2    Res =  0.2089E+02
 MRCHDU: Convergence failed at  86  side 2    Res =  0.2365E+02
 MRCHDU: Convergence failed at  87  side 2    Res =  0.2277E+02
 MRCHDU: Convergence failed at  88  side 2    Res =  0.2181E+02
 MRCHDU: Convergence failed at  89  side 2    Res =  0.2084E+02
 MRCHDU: Convergence failed at  90  side 2    Res =  0.1982E+02
 MRCHDU: Convergence failed at  91  side 2    Res =  0.2055E+02
 Side 1  free  transition at x/c =  0.9530   70
 Side 2  free  transition at x/c =  0.0543   33

   5   rms: 0.1492E+01   max: 0.5230E+01   D at   93  2   RLX: 0.257
       a = -6.000      CL = -1.6835
      Cm =  0.3640     CD =  0.00566   =>   CDf =  0.00257    CDp =  0.00309

 MRCHDU: Convergence failed at  93  side 2    Res =  0.2901E+02
 MRCHDU: Convergence failed at  94  side 2    Res =  0.6745E+01
 Side 1  free  transition at x/c =  0.9688   71
 Side 2  free  transition at x/c =  0.0520   32

   6   rms: 0.5456E+00   max: -.7346E+00   D at   94  2   RLX: 0.386
       a = -6.000      CL = -0.8753
      Cm =  0.1017     CD =  0.04015   =>   CDf =  0.00321    CDp =  0.03694

 Side 1  free  transition at x/c =  0.9708   71
 Side 2  free  transition at x/c =  0.0522   32

   7   rms: 0.3698E+00   max: -.7047E+00   D at   92  2   RLX: 0.666
       a = -6.000      CL = -0.4521
      Cm = -0.0348     CD =  0.04352   =>   CDf =  0.00300    CDp =  0.04051

 Side 1  free  transition at x/c =  0.9692   71
 Side 2  free  transition at x/c =  0.0520   32

   8   rms: 0.4686E+00   max: -.1480E+01   D at   55  2   RLX: 0.338
       a = -6.000      CL = -0.3221
      Cm = -0.0864     CD =  0.03439   =>   CDf =  0.00304    CDp =  0.03134

 Side 1  free  transition at x/c =  0.9638   70
 Side 2  free  transition at x/c =  0.0513   32

   9   rms: 0.8652E+00   max: 0.5934E+01   T at   70  1   RLX: 0.132
       a = -6.000      CL = -0.3716
      Cm = -0.0892     CD =  0.03448   =>   CDf =  0.00329    CDp =  0.03119

 Side 1  free  transition at x/c =  0.9326   69
 Side 2  free  transition at x/c =  0.0509   32

  10   rms: 0.7347E+00   max: -.2126E+01   D at   74  2   RLX: 0.235
       a = -6.000      CL = -0.3888
      Cm = -0.0928     CD =  0.02741   =>   CDf =  0.00346    CDp =  0.02396

 Side 1  free  transition at x/c =  0.9258   67
 Side 2  free  transition at x/c =  0.0496   33

  11   rms: 0.7354E+02   max: -.3351E+03   D at   55  2   RLX: 0.001
       a = -6.000      CL = -0.3591
      Cm = -0.0981     CD =  0.02443   =>   CDf =  0.00424    CDp =  0.02020

 Side 1  free  transition at x/c =  0.9425   68
 Side 2  free  transition at x/c =  0.0495   33

  12   rms: 0.6682E+00   max: 0.3289E+01   T at   68  1   RLX: 0.195
       a = -6.000      CL = -0.4199
      Cm = -0.0929     CD =  0.02228   =>   CDf =  0.00476    CDp =  0.01752

 MRCHDU: Convergence failed at  57  side 2    Res =  0.4275E+00
 Side 1  free  transition at x/c =  0.9176   67
 Side 2  free  transition at x/c =  0.0488   33

  13   rms: 0.2438E+00   max: -.1031E+01   D at   88  2   RLX: 0.485
       a = -6.000      CL = -0.4144
      Cm = -0.0823     CD =  0.02289   =>   CDf =  0.00553    CDp =  0.01735

 Side 1  free  transition at x/c =  0.9151   67
 Side 2  free  transition at x/c =  0.0491   33

  14   rms: 0.1592E+00   max: -.6604E+00   D at   91  2   RLX: 0.757
       a = -6.000      CL = -0.3461
      Cm = -0.0802     CD =  0.02263   =>   CDf =  0.00590    CDp =  0.01673

 Side 1  free  transition at x/c =  0.9243   68
 Side 2  free  transition at x/c =  0.0502   32

  15   rms: 0.1755E+00   max: -.9680E+00   T at   68  1   RLX: 0.517
       a = -6.000      CL = -0.2789
      Cm = -0.0903     CD =  0.02049   =>   CDf =  0.00607    CDp =  0.01442

 Side 1  free  transition at x/c =  0.9499   70
 Side 2  free  transition at x/c =  0.0505   32

  16   rms: 0.3732E-01   max: 0.3110E+00   D at   70  1
       a = -6.000      CL = -0.2615
      Cm = -0.0907     CD =  0.02014   =>   CDf =  0.00646    CDp =  0.01368

 Side 1  free  transition at x/c =  0.9491   69
 Side 2  free  transition at x/c =  0.0507   32

  17   rms: 0.2597E-01   max: 0.2337E+00   T at   69  1
       a = -6.000      CL = -0.2781
      Cm = -0.0873     CD =  0.02061   =>   CDf =  0.00655    CDp =  0.01407

 Side 1  free  transition at x/c =  0.9390   69
 Side 2  free  transition at x/c =  0.0505   32

  18   rms: 0.1833E-01   max: -.1342E+00   D at   72  1
       a = -6.000      CL = -0.2683
      Cm = -0.0894     CD =  0.02029   =>   CDf =  0.00648    CDp =  0.01381

 Side 1  free  transition at x/c =  0.9436   69
 Side 2  free  transition at x/c =  0.0506   32

  19   rms: 0.3763E-02   max: -.3490E-01   D at   71  1
       a = -6.000      CL = -0.2663
      Cm = -0.0898     CD =  0.02027   =>   CDf =  0.00653    CDp =  0.01375

 Side 1  free  transition at x/c =  0.9449   69
 Side 2  free  transition at x/c =  0.0506   32

  20   rms: 0.2882E-03   max: 0.1631E-02   D at   35  2
       a = -6.000      CL = -0.2661
      Cm = -0.0898     CD =  0.02028   =>   CDf =  0.00653    CDp =  0.01375

 Side 1  free  transition at x/c =  0.9450   69
 Side 2  free  transition at x/c =  0.0506   32

  21   rms: 0.5713E-05   max: 0.3645E-04   D at   35  2
       a = -6.000      CL = -0.2661
      Cm = -0.0898     CD =  0.02028   =>   CDf =  0.00653    CDp =  0.01375
      9.000    7.6314   0.020276   0.002427   0.004345   0.001918    0.9450     #

 Point added to stored polar  1
 Point written to save file  clarky_re300000_clean.polar                     
 Dump file unspecified or not available
 Calculating wake trajectory ...
 Calculating source influence matrix ...

 Solving BL system ...

 Side 1  free  transition at x/c =  0.9450   69
 Side 2  free  transition at x/c =  0.0506   32

   1   rms: 0.5545E-01   max: -.1502E+00   D at   39  2
       a = -5.750      CL = -0.2404
      Cm = -0.0894     CD =  0.01895   =>   CDf =  0.00662    CDp =  0.01234

 Side 1  free  transition at x/c =  0.9371   70
 Side 2  free  transition at x/c =  0.0512   31

   2   rms: 0.9414E-02   max: -.7743E-01   D at   72  1
       a = -5.750      CL = -0.2360
      Cm = -0.0903     CD =  0.01902   =>   CDf =  0.00676    CDp =  0.01225

 Side 1  free  transition at x/c =  0.9394   70
 Side 2  free  transition at x/c =  0.0512   31

   3   rms: 0.8107E-03   max: -.5639E-02   D at   71  1
       a = -5.750      CL = -0.2358
      Cm = -0.0903     CD =  0.01902   =>   CDf =  0.00677    CDp =  0.01225

 Side 1  free  transition at x/c =  0.9395   70
 Side 2  free  transition at x/c =  0.0512   31

   4   rms: 0.3625E-04   max: 0.2403E-03   D at   34  2
       a = -5.750      CL = -0.2358
      Cm = -0.0903     CD =  0.01902   =>   CDf =  0.00677    CDp =  0.01225
      9.000    7.4576   0.019022   0.002444   0.004215   0.001771    0.9395     #

 Point added to stored polar  1
 Point written to save file  clarky_re300000_clean.polar                     
 Dump file unspecified or not available
 Calculating wake trajectory ...
 Calculating source influence matrix ...

 Solving BL system ...

 Side 1  free  transition at x/c =  0.9395   70
 Side 2  free  transition at x/c =  0.0512   31

   1   rms: 0.5753E-01   max: -.1718E+00   T at   31  2
       a = -5.500      CL = -0.2032
      Cm = -0.0912     CD =  0.01786   =>   CDf =  0.00677    CDp =  0.01109

 Side 1  free  transition at x/c =  0.9351   70
 Side 2  free  transition at x/c =  0.0522   32

   2   rms: 0.9737E-02   max: -.4579E-01   D at   36  2
       a = -5.500      CL = -0.2024
      Cm = -0.0913     CD =  0.01806   =>   CDf =  0.00703    CDp =  0.01102

 Side 1  free  transition at x/c =  0.9356   70
 Side 2  free  transition at x/c =  0.0522   31

   3   rms: 0.1174E-02   max: 0.8723E-02   D at   32  2
       a = -5.500      CL = -0.2024
      Cm = -0.0913     CD =  0.01805   =>   CDf =  0.00706    CDp =  0.01099

 Side 1  free  transition at x/c =  0.9357   70
 Side 2  free  transition at x/c =  0.0522   31

   4   rms: 0.1283E-04   max: 0.8289E-04   D at   33  2
       a = -5.500      CL = -0.2024
      Cm = -0.0913     CD =  0.01805   =>   CDf =  0.00705    CDp =  0.01100
      9.000    7.1769   0.018050   0.002467   0.004087   0.001620    0.9357     #

 Point added to stored polar  1
 Point written to save file  clarky_re300000_clean.polar                     
 Dump file unspecified or not available
 Calculating wake trajectory ...
 Calculating source influence matrix ...

 Solving BL system ...

 Side 1  free  transition at x/c =  0.9357   70
 Side 2  free  transition at x/c =  0.0522   31

   1   rms: 0.5542E-01   max: -.2159E+00   T at   31  2
       a = -5.250      CL = -0.1682
      Cm = -0.0923     CD =  0.01720   =>   CDf =  0.00705    CDp =  0.01014

 Side 1  free  transition at x/c =  0.9322   70
 Side 2  free  transition at x/c =  0.0533   32

   2   rms: 0.6075E-01   max: 0.5021E+00   D at   32  2
       a = -5.250      CL = -0.1679
      Cm = -0.0926     CD =  0.01693   =>   CDf =  0.00709    CDp =  0.00984

 Side 1  free  transition at x/c =  0.9326   70
 Side 2  free  transition at x/c =  0.0532   32

   3   rms: 0.8574E-02   max: 0.6259E-01   D at   33  2
       a = -5.250      CL = -0.1684
      Cm = -0.0926     CD =  0.01691   =>   CDf =  0.00705    CDp =  0.00986

 Side 1  free  transition at x/c =  0.9326   70
 Side 2  free  transition at x/c =  0.0531   32

   4   rms: 0.3257E-03   max: 0.3364E-02   D at   33  2
       a = -5.250      CL = -0.1684
      Cm = -0.0926     CD =  0.01690   =>   CDf =  0.00704    CDp =  0.00986

 Side 1  free  transition at x/c =  0.9326   70
 Side 2  free  transition at x/c =  0.0531   32

   5   rms: 0.4398E-05   max: 0.1698E-04   D at   53  2
       a = -5.250      CL = -0.1684
      Cm = -0.0926     CD =  0.01690   =>   CDf =  0.00704    CDp =  0.00986
      9.000    6.9086   0.016902   0.002493   0.003957   0.001464    0.9326     #

 Point added to stored polar  1
 Point written to save file  clarky_re300000_clean.polar                     
 Dump file unspecified or not available
 Calculating wake trajectory ...
 Calculating source influence matrix ...

 Solving BL system ...

 Side 1  free  transition at x/c =  0.9326   70
 Side 2  free  transition at x/c =  0.0531   32

   1   rms: 0.5476E-01   max: -.1905E+00   T at   32  2
       a = -5.000      CL = -0.1343
      Cm = -0.0938     CD =  0.01599   =>   CDf =  0.00713    CDp =  0.00886

 Side 1  free  transition at x/c =  0.9298   70
 Side 2  free  transition at x/c =  0.0542   31

   2   rms: 0.1881E-01   max: 0.1550E+00   T at   70  1
       a = -5.000      CL = -0.1491
      Cm = -0.0907     CD =  0.01634   =>   CDf =  0.00707    CDp =  0.00927

 Side 1  free  transition at x/c =  0.9215   70
 Side 2  free  transition at x/c =  0.0539   31

   3   rms: 0.8413E-02   max: -.7040E-01   D at   72  1
       a = -5.000      CL = -0.1436
      Cm = -0.0919     CD =  0.01623   =>   CDf =  0.00707    CDp =  0.00916

 Side 1  free  transition at x/c =  0.9244   70
 Side 2  free  transition at x/c =  0.0540   31

   4   rms: 0.8103E-03   max: -.8787E-02   D at   71  1
       a = -5.000      CL = -0.1434
      Cm = -0.0919     CD =  0.01623   =>   CDf =  0.00707    CDp =  0.00916

 Side 1  free  transition at x/c =  0.9247   70
 Side 2  free  transition at x/c =  0.0540   31

   5   rms: 0.7136E-05   max: 0.6676E-04   D at   33  2
       a = -5.000      CL = -0.1434
      Cm = -0.0919     CD =  0.01623   =>   CDf =  0.00707    CDp =  0.00916
      9.000    6.8722   0.016229   0.002501   0.003917   0.001416    0.9247     #

 Point added to stored polar  1
 Point written to save file  clarky_re300000_clean.polar                     
 Dump file unspecified or not available
 Calculating wake trajectory ...
 Calculating source influence matrix ...

 Solving BL system ...

 Side 1  free  transition at x/c =  0.9247   70
 Side 2  free  transition at x/c =  0.0540   31

   1   rms: 0.4758E-01   max: -.1481E+00   T at   31  2
       a = -4.750      CL = -0.1162
      Cm = -0.0916     CD =  0.01554   =>   CDf =  0.00707    CDp =  0.00846

 Side 1  free  transition at x/c =  0.9173   70
 Side 2  free  transition at x/c =  0.0550   31

   2   rms: 0.7441E-02   max: -.5341E-01   D at   71  1
       a = -4.750      CL = -0.1138
      Cm = -0.0921     CD =  0.01552   =>   CDf =  0.00712    CDp =  0.00840

 Side 1  free  transition at x/c =  0.9188   70
 Side 2  free  transition at x/c =  0.0551   31

   3   rms: 0.2230E-03   max: -.2024E-02   D at   70  1
       a = -4.750      CL = -0.1140
      Cm = -0.0920     CD =  0.01553   =>   CDf =  0.00712    CDp =  0.00841

 Side 1  free  transition at x/c =  0.9188   70
 Side 2  free  transition at x/c =  0.0551   31

   4   rms: 0.1814E-05   max: 0.1676E-04   D at   33  2
       a = -4.750      CL = -0.1140
      Cm = -0.0920     CD =  0.01553   =>   CDf =  0.00712    CDp =  0.00841
      9.000    6.6996   0.015529   0.002519   0.003874   0.001356    0.9188     #

 Point added to stored polar  1
 Point written to save file  clarky_re300000_clean.polar                     
 Dump file unspecified or not available
 Calculating wake trajectory ...
 Calculating source influence matrix ...

 Solving BL system ...

 Side 1  free  transition at x/c =  0.9188   70
 Side 2  free  transition at x/c =  0.0551   31

   1   rms: 0.5100E-01   max: -.1508E+00   T at   31  2
       a = -4.500      CL = -0.0832
      Cm = -0.0924     CD =  0.01482   =>   CDf =  0.00721    CDp =  0.00761

 Side 1  free  transition at x/c =  0.9140   71
 Side 2  free  transition at x/c =  0.0564   30

   2   rms: 0.5626E-02   max: 0.3683E-01   D at    3  1
       a = -4.500      CL = -0.0828
      Cm = -0.0925     CD =  0.01486   =>   CDf =  0.00720    CDp =  0.00766

 Side 1  free  transition at x/c =  0.9144   71
 Side 2  free  transition at x/c =  0.0564   30

   3   rms: 0.6083E-03   max: 0.7592E-02   D at    4  1
       a = -4.500      CL = -0.0828
      Cm = -0.0925     CD =  0.01486   =>   CDf =  0.00720    CDp =  0.00766

 Side 1  free  transition at x/c =  0.9144   71
 Side 2  free  transition at x/c =  0.0564   30

   4   rms: 0.1142E-05   max: 0.4070E-05   D at   35  2
       a = -4.500      CL = -0.0828
      Cm = -0.0925     CD =  0.01486   =>   CDf =  0.00720    CDp =  0.00766
      9.000    6.5235   0.014859   0.002540   0.003767   0.001226    0.9144     #

 Point added to stored polar  1
 Point written to save file  clarky_re300000_clean.polar                     
 Dump file unspecified or not available
 Calculating wake trajectory ...
 Calculating source influence matrix ...

 Solving BL system ...

 Side 1  free  transition at x/c =  0.9144   71
 Side 2  free  transition at x/c =  0.0564   30

   1   rms: 0.5176E-01   max: -.1833E+00   T at   30  2
       a = -4.250      CL = -0.0517
      Cm = -0.0929     CD =  0.01424   =>   CDf =  0.00720    CDp =  0.00704

 Side 1  free  transition at x/c =  0.9106   70
 Side 2  free  transition at x/c =  0.0583   31

   2   rms: 0.2452E-01   max: 0.2060E+00   D at   31  2
       a = -4.250      CL = -0.0602
      Cm = -0.0913     CD =  0.01438   =>   CDf =  0.00721    CDp =  0.00718

 Side 1  free  transition at x/c =  0.9048   70
 Side 2  free  transition at x/c =  0.0578   31

   3   rms: 0.3504E-02   max: -.3190E-01   D at   71  1
       a = -4.250      CL = -0.0582
      Cm = -0.0917     CD =  0.01432   =>   CDf =  0.00723    CDp =  0.00709

 Side 1  free  transition at x/c =  0.9062   70
 Side 2  free  transition at x/c =  0.0579   31

   4   rms: 0.1081E-03   max: -.1241E-02   D at   71  1
       a = -4.250      CL = -0.0582
      Cm = -0.0917     CD =  0.01433   =>   CDf =  0.00722    CDp =  0.00710

 Side 1  free  transition at x/c =  0.9062   70
 Side 2  free  transition at x/c =  0.0579   31

   5   rms: 0.6707E-06   max: 0.2035E-05   C at   87  2
       a = -4.250      CL = -0.0582
      Cm = -0.0917     CD =  0.01433   =>   CDf =  0.00722    CDp =  0.00710
      9.000    6.4824   0.014325   0.002549   0.003784   0.001235    0.9062     #

 Point added to stored polar  1
 Point written to save file  clarky_re300000_clean.polar                     
 Dump file unspecified or not available
 Calculating wake trajectory ...
 Calculating source influence matrix ...

 Solving BL system ...

 Side 1  free  transition at x/c =  0.9062   70
 Side 2  free  transition at x/c =  0.0579   31

   1   rms: 0.5030E-01   max: -.3139E+00   T at   31  2
       a = -4.000      CL = -0.0328
      Cm = -0.0912     CD =  0.01369   =>   CDf =  0.00722    CDp =  0.00647

 Side 1  free  transition at x/c =  0.8979   70
 Side 2  free  transition at x/c =  0.0597   31

   2   rms: 0.1945E-01   max: -.1419E+00   D at   31  2
       a = -4.000      CL = -0.0303
      Cm = -0.0915     CD =  0.01380   =>   CDf =  0.00721    CDp =  0.00659

 Side 1  free  transition at x/c =  0.8996   70
 Side 2  free  transition at x/c =  0.0599   31

   3   rms: 0.6354E-03   max: 0.5905E-02   D at   32  2
       a = -4.000      CL = -0.0305
      Cm = -0.0915     CD =  0.01381   =>   CDf =  0.00719    CDp =  0.00662

 Side 1  free  transition at x/c =  0.8995   70
 Side 2  free  transition at x/c =  0.0599   31

   4   rms: 0.2787E-05   max: 0.3095E-04   D at   32  2
       a = -4.000      CL = -0.0305
      Cm = -0.0915     CD =  0.01381   =>   CDf =  0.00719    CDp =  0.00662
      9.000    6.3957   0.013810   0.002565   0.003737   0.001172    0.8995     #

 Point added to stored polar  1
 Point written to save file  clarky_re300000_clean.polar                     
 Dump file unspecified or not available
 Calculating wake trajectory ...
 Calculating source influence matrix ...

 Solving BL system ...

 Side 1  free  transition at x/c =  0.8995   70
 Side 2  free  transition at x/c =  0.0599   31

   1   rms: 0.4866E-01   max: -.2276E+00   T at   31  2
       a = -3.750      CL = -0.0017
      Cm = -0.0915     CD =  0.01332   =>   CDf =  0.00726    CDp =  0.00606

 Side 1  free  transition at x/c =  0.8937   70
 Side 2  free  transition at x/c =  0.0619   30

   2   rms: 0.1574E-01   max: -.1211E+00   D at   31  2
       a = -3.750      CL = -0.0018
      Cm = -0.0914     CD =  0.01334   =>   CDf =  0.00727    CDp =  0.00607

 Side 1  free  transition at x/c =  0.8939   70
 Side 2  free  transition at x/c =  0.0621   30

   3   rms: 0.1012E-02   max: 0.9427E-02   D at   31  2
       a = -3.750      CL = -0.0019
      Cm = -0.0914     CD =  0.01334   =>   CDf =  0.00724    CDp =  0.00610

 Side 1  free  transition at x/c =  0.8938   70
 Side 2  free  transition at x/c =  0.0621   30

   4   rms: 0.7035E-05   max: 0.7439E-04   D at   31  2
       a = -3.750      CL = -0.0019
      Cm = -0.0914     CD =  0.01334   =>   CDf =  0.00724    CDp =  0.00610
      9.000    6.2327   0.013343   0.002584   0.003679   0.001095    0.8938     #

 Point added to stored polar  1
 Point written to save file  clarky_re300000_clean.polar                     
 Dump file unspecified or not available
 Calculating wake trajectory ...
 Calculating source influence matrix ...

 Solving BL system ...

 Side 1  free  transition at x/c =  0.8938   70
 Side 2  free  transition at x/c =  0.0621   30

   1   rms: 0.4467E-01   max: 0.2164E+00   T at   70  1
       a = -3.500      CL =  0.0186
      Cm = -0.0898     CD =  0.01305   =>   CDf =  0.00725    CDp =  0.00581

 Side 1  free  transition at x/c =  0.8801   70
 Side 2  free  transition at x/c =  0.0645   31

   2   rms: 0.1998E-01   max: 0.2707E+00   D at   31  2
       a = -3.500      CL =  0.0227
      Cm = -0.0906     CD =  0.01289   =>   CDf =  0.00723    CDp =  0.00566

 Side 1  free  transition at x/c =  0.8844   70
 Side 2  free  transition at x/c =  0.0644   31

   3   rms: 0.1982E-02   max: 0.1891E-01   D at   31  2
       a = -3.500      CL =  0.0224
      Cm = -0.0905     CD =  0.01290   =>   CDf =  0.00721    CDp =  0.00569

 Side 1  free  transition at x/c =  0.8844   70
 Side 2  free  transition at x/c =  0.0643   31

   4   rms: 0.8670E-05   max: 0.6577E-04   D at   40  2
       a = -3.500      CL =  0.0224
      Cm = -0.0905     CD =  0.01290   =>   CDf =  0.00722    CDp =  0.00568
      9.000    6.2330   0.012897   0.002594   0.003689   0.001095    0.8844     #

 Point added to stored polar  1
 Point written to save file  clarky_re300000_clean.polar                     
 Dump file unspecified or not available
 Calculating wake trajectory ...
 Calculating source influence matrix ...

 Solving BL system ...

 Side 1  free  transition at x/c =  0.8844   70
 Side 2  free  transition at x/c =  0.0643   31

   1   rms: 0.4937E-01   max: -.2922E+00   T at   31  2
       a = -3.250      CL =  0.0491
      Cm = -0.0901     CD =  0.01246   =>   CDf =  0.00722    CDp =  0.00524

 Side 1  free  transition at x/c =  0.8755   69
 Side 2  free  transition at x/c =  0.0672   31

   2   rms: 0.2188E-01   max: -.1537E+00   D at   31  2
       a = -3.250      CL =  0.0520
      Cm = -0.0904     CD =  0.01245   =>   CDf =  0.00728    CDp =  0.00517

 Side 1  free  transition at x/c =  0.8792   70
 Side 2  free  transition at x/c =  0.0680   31

   3   rms: 0.6351E-02   max: 0.9922E-01   D at   70  1
       a = -3.250      CL =  0.0505
      Cm = -0.0902     CD =  0.01248   =>   CDf =  0.00724    CDp =  0.00524

 Side 1  free  transition at x/c =  0.8773   70
 Side 2  free  transition at x/c =  0.0678   31

   4   rms: 0.5006E-03   max: 0.4575E-02   T at   70  1
       a = -3.250      CL =  0.0503
      Cm = -0.0902     CD =  0.01248   =>   CDf =  0.00725    CDp =  0.00524

 Side 1  free  transition at x/c =  0.8772   70
 Side 2  free  transition at x/c =  0.0678   31

   5   rms: 0.4689E-05   max: -.5002E-04   D at   72  1
       a = -3.250      CL =  0.0503
      Cm = -0.0902     CD =  0.01248   =>   CDf =  0.00725    CDp =  0.00524
      9.000    6.0320   0.012484   0.002615   0.003604   0.000990    0.8772     #

 Point added to stored polar  1
 Point written to save file  clarky_re300000_clean.polar                     
 Dump file unspecified or not available
 Calculating wake trajectory ...
 Calculating source influence matrix ...

 Solving BL system ...

 Side 1  free  transition at x/c =  0.8772   70
 Side 2  free  transition at x/c =  0.0678   31

   1   rms: 0.5213E-01   max: -.2955E+00   T at   31  2
       a = -3.000      CL =  0.0792
      Cm = -0.0900     CD =  0.01211   =>   CDf =  0.00730    CDp =  0.00481

 Side 1  free  transition at x/c =  0.8711   70
 Side 2  free  transition at x/c =  0.0740   31

   2   rms: 0.1546E-01   max: -.1780E+00   C at   31  2
       a = -3.000      CL =  0.0744
      Cm = -0.0893     CD =  0.01214   =>   CDf =  0.00726    CDp =  0.00489

 Side 1  free  transition at x/c =  0.8663   70
 Side 2  free  transition at x/c =  0.0724   31

   3   rms: 0.2260E-02   max: -.1867E-01   D at   71  1
       a = -3.000      CL =  0.0753
      Cm = -0.0894     CD =  0.01212   =>   CDf =  0.00723    CDp =  0.00489

 Side 1  free  transition at x/c =  0.8671   70
 Side 2  free  transition at x/c =  0.0726   31

   4   rms: 0.4680E-04   max: -.3909E-03   D at   31  2
       a = -3.000      CL =  0.0753
      Cm = -0.0894     CD =  0.01213   =>   CDf =  0.00722    CDp =  0.00490
      9.000    5.9826   0.012125   0.002629   0.003606   0.000977    0.8671     #

 Point added to stored polar  1
 Point written to save file  clarky_re300000_clean.polar                     
 Dump file unspecified or not available
 Calculating wake trajectory ...
 Calculating source influence matrix ...

 Solving BL system ...

 Side 1  free  transition at x/c =  0.8671   70
 Side 2  free  transition at x/c =  0.0726   31

   1   rms: 0.5106E-01   max: -.3741E+00   T at   31  2
       a = -2.750      CL =  0.1015
      Cm = -0.0889     CD =  0.01180   =>   CDf =  0.00723    CDp =  0.00457

 Side 1  free  transition at x/c =  0.8579   70
 Side 2  free  transition at x/c =  0.0802   32

   2   rms: 0.1227E-01   max: 0.1959E+00   D at   32  2
       a = -2.750      CL =  0.1025
      Cm = -0.0890     CD =  0.01172   =>   CDf =  0.00724    CDp =  0.00449

 Side 1  free  transition at x/c =  0.8592   70
 Side 2  free  transition at x/c =  0.0811   32

   3   rms: 0.9037E-03   max: -.1172E-01   D at   33  2
       a = -2.750      CL =  0.1025
      Cm = -0.0890     CD =  0.01174   =>   CDf =  0.00723    CDp =  0.00451

 Side 1  free  transition at x/c =  0.8591   70
 Side 2  free  transition at x/c =  0.0812   32

   4   rms: 0.2021E-05   max: -.1746E-04   T at   32  2
       a = -2.750      CL =  0.1025
      Cm = -0.0890     CD =  0.01174   =>   CDf =  0.00723    CDp =  0.00451
      9.000    5.8232   0.011740   0.002648   0.003546   0.000898    0.8591     #

 Point added to stored polar  1
 Point written to save file  clarky_re300000_clean.polar                     
 Dump file unspecified or not available
 Calculating wake trajectory ...
 Calculating source influence matrix ...

 Solving BL system ...

 Side 1  free  transition at x/c =  0.8591   70
 Side 2  free  transition at x/c =  0.0812   32

   1   rms: 0.6387E-01   max: -.5895E+00   T at   32  2   RLX: 0.848
       a = -2.500      CL =  0.1267
      Cm = -0.0888     CD =  0.01147   =>   CDf =  0.00724    CDp =  0.00424

 MRCHDU: Convergence failed at  35  side 2    Res =  0.1479E+01
 MRCHDU: Convergence failed at  36  side 2    Res =  0.3640E+01
 MRCHDU: Convergence failed at  37  side 2    Res =  0.7298E+01
 MRCHDU: Convergence failed at  38  side 2    Res =  0.9208E+01
 MRCHDU: Convergence failed at  39  side 2    Res =  0.9648E+01
 MRCHDU: Convergence failed at  40  side 2    Res =  0.1025E+02
 MRCHDU: Convergence failed at  41  side 2    Res =  0.1263E+02
 MRCHDU: Convergence failed at  42  side 2    Res =  0.1808E+02
 MRCHDU: Convergence failed at  43  side 2    Res =  0.4134E+02
 MRCHDU: Convergence failed at  44  side 2    Res =  0.3614E+02
 MRCHDU: Convergence failed at  45  side 2    Res =  0.4415E+02
 MRCHDU: Convergence failed at  46  side 2    Res =  0.4613E+02
 MRCHDU: Convergence failed at  47  side 2    Res =  0.4304E+02
 MRCHDU: Convergence failed at  48  side 2    Res =  0.3905E+02
 MRCHDU: Convergence failed at  49  side 2    Res =  0.3587E+02
 MRCHDU: Convergence failed at  50  side 2    Res =  0.3413E+02
 MRCHDU: Convergence failed at  51  side 2    Res =  0.3262E+02
 MRCHDU: Convergence failed at  52  side 2    Res =  0.3078E+02
 MRCHDU: Convergence failed at  53  side 2    Res =  0.2879E+02
 MRCHDU: Convergence failed at  54  side 2    Res =  0.2672E+02
 MRCHDU: Convergence failed at  55  side 2    Res =  0.2474E+02
 MRCHDU: Convergence failed at  56  side 2    Res =  0.2297E+02
 MRCHDU: Convergence failed at  57  side 2    Res =  0.1962E+02
 MRCHDU: Convergence failed at  58  side 2    Res =  0.1853E+02
 MRCHDU: Convergence failed at  59  side 2    Res =  0.1759E+02
 MRCHDU: Convergence failed at  60  side 2    Res =  0.1677E+02
 MRCHDU: Convergence failed at  61  side 2    Res =  0.1551E+02
 MRCHDU: Convergence failed at  62  side 2    Res =  0.1450E+02
 MRCHDU: Convergence failed at  63  side 2    Res =  0.1400E+02
 MRCHDU: Convergence failed at  64  side 2    Res =  0.1355E+02
 MRCHDU: Convergence failed at  65  side 2    Res =  0.1313E+02
 MRCHDU: Convergence failed at  66  side 2    Res =  0.1274E+02
 MRCHDU: Convergence failed at  67  side 2    Res =  0.1199E+02
 MRCHDU: Convergence failed at  68  side 2    Res =  0.1168E+02
 MRCHDU: Convergence failed at  69  side 2    Res =  0.1139E+02
 MRCHDU: Convergence failed at  70  side 2    Res =  0.1110E+02
 MRCHDU: Convergence failed at  71  side 2    Res =  0.1072E+02
 MRCHDU: Convergence failed at  72  side 2    Res =  0.1040E+02
 MRCHDU: Convergence failed at  73  side 2    Res =  0.1015E+02
 MRCHDU: Convergence failed at  74  side 2    Res =  0.9895E+01
 MRCHDU: Convergence failed at  75  side 2    Res =  0.9641E+01
 MRCHDU: Convergence failed at  76  side 2    Res =  0.7740E+01
 MRCHDU: Convergence failed at  77  side 2    Res =  0.8042E+01
 MRCHDU: Convergence failed at  78  side 2    Res =  0.8397E+01
 MRCHDU: Convergence failed at  79  side 2    Res =  0.8958E+01
 MRCHDU: Convergence failed at  80  side 2    Res =  0.9494E+01
 MRCHDU: Convergence failed at  81  side 2    Res =  0.1025E+02
 MRCHDU: Convergence failed at  82  side 2    Res =  0.1122E+02
 MRCHDU: Convergence failed at  83  side 2    Res =  0.1263E+02
 MRCHDU: Convergence failed at  84  side 2    Res =  0.1481E+02
 MRCHDU: Convergence failed at  85  side 2    Res =  0.1922E+02
 MRCHDU: Convergence failed at  86  side 2    Res =  0.1565E+02
 Side 1  free  transition at x/c =  0.8539   69
 Side 2  free  transition at x/c =  0.0985   35

   2   rms: 0.3608E+00   max: 0.3659E+00   D at   90  2   RLX: 0.501
       a = -2.500      CL = -0.0887
      Cm = -0.0083     CD =  0.00719   =>   CDf =  0.00301    CDp =  0.00418

 Side 1  free  transition at x/c =  0.8540   69
 Side 2  free  transition at x/c =  0.1218   37

   3   rms: 0.1603E+00   max: 0.2304E+00   D at   87  2
       a = -2.500      CL =  0.1175
      Cm = -0.0864     CD =  0.01060   =>   CDf =  0.00828    CDp =  0.00232

 Side 1  free  transition at x/c =  0.8483   69
 Side 2  free  transition at x/c =  0.1037   35

   4   rms: 0.1801E-01   max: -.2530E+00   D at   37  2
       a = -2.500      CL =  0.1275
      Cm = -0.0883     CD =  0.01126   =>   CDf =  0.00713    CDp =  0.00413

 Side 1  free  transition at x/c =  0.8498   69
 Side 2  free  transition at x/c =  0.1043   35

   5   rms: 0.3452E-02   max: 0.5120E-01   C at   35  2
       a = -2.500      CL =  0.1276
      Cm = -0.0884     CD =  0.01125   =>   CDf =  0.00710    CDp =  0.00415

 Side 1  free  transition at x/c =  0.8498   69
 Side 2  free  transition at x/c =  0.1033   35

   6   rms: 0.1277E-03   max: -.1681E-02   D at   35  2
       a = -2.500      CL =  0.1276
      Cm = -0.0884     CD =  0.01125   =>   CDf =  0.00711    CDp =  0.00415

 Side 1  free  transition at x/c =  0.8498   69
 Side 2  free  transition at x/c =  0.1033   35

   7   rms: 0.9584E-06   max: -.3681E-05   D at   43  2
       a = -2.500      CL =  0.1276
      Cm = -0.0884     CD =  0.01125   =>   CDf =  0.00711    CDp =  0.00415
      9.000    5.8065   0.011254   0.002661   0.003557   0.000896    0.8498     #

 Point added to stored polar  1
 Point written to save file  clarky_re300000_clean.polar                     
 Dump file unspecified or not available
 Calculating wake trajectory ...
 Calculating source influence matrix ...

 Solving BL system ...

 Side 1  free  transition at x/c =  0.8498   69
 Side 2  free  transition at x/c =  0.1033   35

   1   rms: 0.1020E+00   max: -.1082E+01   C at   35  2   RLX: 0.462
       a = -2.250      CL =  0.1391
      Cm = -0.0881     CD =  0.01102   =>   CDf =  0.00711    CDp =  0.00391

 Side 1  free  transition at x/c =  0.8450   70
 Side 2  free  transition at x/c =  0.1255   36

   2   rms: 0.7937E-01   max: -.1470E+01   C at   36  2   RLX: 0.340
       a = -2.250      CL =  0.1431
      Cm = -0.0880     CD =  0.01091   =>   CDf =  0.00702    CDp =  0.00389

 Side 1  free  transition at x/c =  0.8435   70
 Side 2  free  transition at x/c =  0.1292   37

   3   rms: 0.5397E-01   max: -.6387E+00   C at   37  2   RLX: 0.783
       a = -2.250      CL =  0.1509
      Cm = -0.0879     CD =  0.01071   =>   CDf =  0.00705    CDp =  0.00366

 Side 1  free  transition at x/c =  0.8415   70
 Side 2  free  transition at x/c =  0.1401   38

   4   rms: 0.4635E-01   max: -.5302E+00   C at   38  2   RLX: 0.943
       a = -2.250      CL =  0.1526
      Cm = -0.0878     CD =  0.01060   =>   CDf =  0.00706    CDp =  0.00354

 Side 1  free  transition at x/c =  0.8411   70
 Side 2  free  transition at x/c =  0.1609   39

   5   rms: 0.1342E-01   max: -.2361E+00   C at   39  2
       a = -2.250      CL =  0.1533
      Cm = -0.0879     CD =  0.01070   =>   CDf =  0.00690    CDp =  0.00380

 Side 1  free  transition at x/c =  0.8411   70
 Side 2  free  transition at x/c =  0.1585   39

   6   rms: 0.7322E-03   max: 0.1490E-01   C at   39  2
       a = -2.250      CL =  0.1533
      Cm = -0.0879     CD =  0.01072   =>   CDf =  0.00688    CDp =  0.00384

 Side 1  free  transition at x/c =  0.8411   70
 Side 2  free  transition at x/c =  0.1582   39

   7   rms: 0.3672E-05   max: -.7386E-04   C at   39  2
       a = -2.250      CL =  0.1533
      Cm = -0.0879     CD =  0.01072   =>   CDf =  0.00689    CDp =  0.00383
      9.000    5.6820   0.010721   0.002680   0.003512   0.000832    0.8411     #

 Point added to stored polar  1
 Point written to save file  clarky_re300000_clean.polar                     
 Dump file unspecified or not available
 Calculating wake trajectory ...
 Calculating source influence matrix ...

 Solving BL system ...

 Side 1  free  transition at x/c =  0.8411   70
 Side 2  free  transition at x/c =  0.1582   39

   1   rms: 0.1159E+00   max: -.2090E+01   C at   39  2   RLX: 0.239
       a = -2.000      CL =  0.1598
      Cm = -0.0878     CD =  0.01061   =>   CDf =  0.00689    CDp =  0.00372

 Side 1  free  transition at x/c =  0.8393   70
 Side 2  free  transition at x/c =  0.1733   40

   2   rms: 0.8171E-01   max: -.1460E+01   C at   40  2   RLX: 0.343
       a = -2.000      CL =  0.1672
      Cm = -0.0878     CD =  0.01052   =>   CDf =  0.00685    CDp =  0.00367

 Side 1  free  transition at x/c =  0.8376   69
 Side 2  free  transition at x/c =  0.1898   41

   3   rms: 0.4962E-01   max: -.9104E+00   C at   41  2   RLX: 0.549
       a = -2.000      CL =  0.1734
      Cm = -0.0876     CD =  0.01044   =>   CDf =  0.00680    CDp =  0.00364

 Side 1  free  transition at x/c =  0.8338   69
 Side 2  free  transition at x/c =  0.2081   42

   4   rms: 0.2438E-01   max: -.4602E+00   C at   42  2
       a = -2.000      CL =  0.1788
      Cm = -0.0874     CD =  0.01037   =>   CDf =  0.00672    CDp =  0.00364

 Side 1  free  transition at x/c =  0.8314   69
 Side 2  free  transition at x/c =  0.2302   44

   5   rms: 0.1441E-02   max: -.1688E-01   D at   43  2
       a = -2.000      CL =  0.1787
      Cm = -0.0874     CD =  0.01034   =>   CDf =  0.00664    CDp =  0.00370

 Side 1  free  transition at x/c =  0.8315   69
 Side 2  free  transition at x/c =  0.2300   44

   6   rms: 0.3984E-04   max: 0.7495E-03   C at   44  2
       a = -2.000      CL =  0.1787
      Cm = -0.0874     CD =  0.01034   =>   CDf =  0.00664    CDp =  0.00370
      9.000    5.6423   0.010338   0.002696   0.003516   0.000820    0.8315     #

 Point added to stored polar  1
 Point written to save file  clarky_re300000_clean.polar                     
 Dump file unspecified or not available
 Calculating wake trajectory ...
 Calculating source influence matrix ...

 Solving BL system ...

 Side 1  free  transition at x/c =  0.8315   69
 Side 2  free  transition at x/c =  0.2300   44

   1   rms: 0.9864E-01   max: -.1649E+01   C at   44  2   RLX: 0.303
       a = -1.750      CL =  0.1862
      Cm = -0.0872     CD =  0.01022   =>   CDf =  0.00664    CDp =  0.00358

 Side 1  free  transition at x/c =  0.8282   69
 Side 2  free  transition at x/c =  0.2433   45

   2   rms: 0.6835E-01   max: -.8697E+00   C at   45  2   RLX: 0.575
       a = -1.750      CL =  0.1967
      Cm = -0.0870     CD =  0.01008   =>   CDf =  0.00665    CDp =  0.00343

 Side 1  free  transition at x/c =  0.8242   69
 Side 2  free  transition at x/c =  0.2612   46

   3   rms: 0.4491E-01   max: -.5786E+00   C at   46  2   RLX: 0.864
       a = -1.750      CL =  0.2033
      Cm = -0.0869     CD =  0.00997   =>   CDf =  0.00664    CDp =  0.00333

 Side 1  free  transition at x/c =  0.8223   69
 Side 2  free  transition at x/c =  0.2869   47

   4   rms: 0.9269E-02   max: -.1721E+00   C at   47  2
       a = -1.750      CL =  0.2048
      Cm = -0.0870     CD =  0.01002   =>   CDf =  0.00650    CDp =  0.00352

 Side 1  free  transition at x/c =  0.8221   69
 Side 2  free  transition at x/c =  0.2933   47

   5   rms: 0.1111E-02   max: -.2246E-01   C at   47  2
       a = -1.750      CL =  0.2049
      Cm = -0.0870     CD =  0.01003   =>   CDf =  0.00648    CDp =  0.00355

 Side 1  free  transition at x/c =  0.8221   69
 Side 2  free  transition at x/c =  0.2939   47

   6   rms: 0.4162E-05   max: -.7326E-04   D at   49  2
       a = -1.750      CL =  0.2049
      Cm = -0.0870     CD =  0.01003   =>   CDf =  0.00648    CDp =  0.00355
      9.000    5.5200   0.010027   0.002716   0.003479   0.000764    0.8221     #

 Point added to stored polar  1
 Point written to save file  clarky_re300000_clean.polar                     
 Dump file unspecified or not available
 Calculating wake trajectory ...
 Calculating source influence matrix ...

 Solving BL system ...

 Side 1  free  transition at x/c =  0.8221   69
 Side 2  free  transition at x/c =  0.2939   47

   1   rms: 0.6798E-01   max: -.9594E+00   C at   47  2   RLX: 0.521
       a = -1.500      CL =  0.2194
      Cm = -0.0868     CD =  0.00992   =>   CDf =  0.00643    CDp =  0.00348

 Side 1  free  transition at x/c =  0.8180   69
 Side 2  free  transition at x/c =  0.3217   48

   2   rms: 0.4944E-01   max: -.6864E+00   C at   48  2   RLX: 0.728
       a = -1.500      CL =  0.2268
      Cm = -0.0865     CD =  0.00978   =>   CDf =  0.00643    CDp =  0.00335

 Side 1  free  transition at x/c =  0.8128   69
 Side 2  free  transition at x/c =  0.3374   49

   3   rms: 0.2208E-01   max: -.3997E+00   C at   49  2
       a = -1.500      CL =  0.2302
      Cm = -0.0864     CD =  0.00973   =>   CDf =  0.00639    CDp =  0.00334

 Side 1  free  transition at x/c =  0.8118   69
 Side 2  free  transition at x/c =  0.3515   49

   4   rms: 0.5216E-02   max: -.1038E+00   C at   49  2
       a = -1.500      CL =  0.2304
      Cm = -0.0864     CD =  0.00975   =>   CDf =  0.00633    CDp =  0.00342

 Side 1  free  transition at x/c =  0.8118   69
 Side 2  free  transition at x/c =  0.3529   50

   5   rms: 0.5486E-02   max: -.9992E-01   C at   50  2
       a = -1.500      CL =  0.2303
      Cm = -0.0864     CD =  0.00974   =>   CDf =  0.00633    CDp =  0.00341

 Side 1  free  transition at x/c =  0.8118   69
 Side 2  free  transition at x/c =  0.3543   50

   6   rms: 0.1942E-03   max: 0.3625E-02   C at   50  2
       a = -1.500      CL =  0.2303
      Cm = -0.0864     CD =  0.00974   =>   CDf =  0.00631    CDp =  0.00343

 Side 1  free  transition at x/c =  0.8118   69
 Side 2  free  transition at x/c =  0.3543   50

   7   rms: 0.5036E-06   max: 0.3076E-05   D at   53  2
       a = -1.500      CL =  0.2303
      Cm = -0.0864     CD =  0.00974   =>   CDf =  0.00631    CDp =  0.00343
      9.000    5.4626   0.009743   0.002734   0.003471   0.000737    0.8118     #

 Point added to stored polar  1
 Point written to save file  clarky_re300000_clean.polar                     
 Dump file unspecified or not available
 Calculating wake trajectory ...
 Calculating source influence matrix ...

 Solving BL system ...

 Side 1  free  transition at x/c =  0.8118   69
 Side 2  free  transition at x/c =  0.3543   50

   1   rms: 0.9512E-01   max: -.1597E+01   C at   50  2   RLX: 0.313
       a = -1.250      CL =  0.2379
      Cm = -0.0862     CD =  0.00961   =>   CDf =  0.00631    CDp =  0.00330

 Side 1  free  transition at x/c =  0.8084   69
 Side 2  free  transition at x/c =  0.3710   51

   2   rms: 0.7466E-01   max: -.1211E+01   C at   51  2   RLX: 0.413
       a = -1.250      CL =  0.2454
      Cm = -0.0861     CD =  0.00954   =>   CDf =  0.00629    CDp =  0.00324

 Side 1  free  transition at x/c =  0.8057   69
 Side 2  free  transition at x/c =  0.3894   52

   3   rms: 0.5957E-01   max: -.1021E+01   C at   52  2   RLX: 0.490
       a = -1.250      CL =  0.2504
      Cm = -0.0860     CD =  0.00946   =>   CDf =  0.00624    CDp =  0.00322

 Side 1  free  transition at x/c =  0.8041   69
 Side 2  free  transition at x/c =  0.4084   53

   4   rms: 0.4507E-01   max: -.8317E+00   C at   53  2   RLX: 0.601
       a = -1.250      CL =  0.2535
      Cm = -0.0859     CD =  0.00939   =>   CDf =  0.00617    CDp =  0.00322

 Side 1  free  transition at x/c =  0.8032   69
 Side 2  free  transition at x/c =  0.4269   54

   5   rms: 0.2844E-01   max: -.5393E+00   C at   54  2   RLX: 0.927
       a = -1.250      CL =  0.2550
      Cm = -0.0858     CD =  0.00932   =>   CDf =  0.00611    CDp =  0.00321

 Side 1  free  transition at x/c =  0.8026   69
 Side 2  free  transition at x/c =  0.4457   55

   6   rms: 0.1021E-01   max: -.1974E+00   C at   55  2
       a = -1.250      CL =  0.2551
      Cm = -0.0858     CD =  0.00932   =>   CDf =  0.00604    CDp =  0.00328

 Side 1  free  transition at x/c =  0.8026   69
 Side 2  free  transition at x/c =  0.4525   55

   7   rms: 0.2388E-03   max: -.4459E-02   C at   55  2
       a = -1.250      CL =  0.2551
      Cm = -0.0858     CD =  0.00932   =>   CDf =  0.00600    CDp =  0.00332

 Side 1  free  transition at x/c =  0.8026   69
 Side 2  free  transition at x/c =  0.4527   55

   8   rms: 0.9709E-06   max: -.1401E-04   C at   55  2
       a = -1.250      CL =  0.2551
      Cm = -0.0858     CD =  0.00932   =>   CDf =  0.00600    CDp =  0.00332
      9.000    5.3643   0.009318   0.002753   0.003451   0.000698    0.8026     #

 Point added to stored polar  1
 Point written to save file  clarky_re300000_clean.polar                     
 Dump file unspecified or not available
 Calculating wake trajectory ...
 Calculating source influence matrix ...

 Solving BL system ...

 Side 1  free  transition at x/c =  0.8026   69
 Side 2  free  transition at x/c =  0.4527   55

   1   rms: 0.1536E+00   max: -.2885E+01   C at   55  2   RLX: 0.173
       a = -1.000      CL =  0.2593
      Cm = -0.0857     CD =  0.00923   =>   CDf =  0.00600    CDp =  0.00323

 Side 1  free  transition at x/c =  0.8013   69
 Side 2  free  transition at x/c =  0.4736   56

   2   rms: 0.1315E+00   max: -.2466E+01   C at   56  2   RLX: 0.203
       a = -1.000      CL =  0.2636
      Cm = -0.0856     CD =  0.00916   =>   CDf =  0.00594    CDp =  0.00322

 Side 1  free  transition at x/c =  0.8001   68
 Side 2  free  transition at x/c =  0.4970   57

   3   rms: 0.9965E-01   max: -.1853E+01   C at   57  2   RLX: 0.270
       a = -1.000      CL =  0.2675
      Cm = -0.0854     CD =  0.00908   =>   CDf =  0.00587    CDp =  0.00321

 Side 1  free  transition at x/c =  0.7981   68
 Side 2  free  transition at x/c =  0.5267   59

   4   rms: 0.8459E-01   max: -.1582E+01   C at   59  2   RLX: 0.316
       a = -1.000      CL =  0.2703
      Cm = -0.0851     CD =  0.00896   =>   CDf =  0.00575    CDp =  0.00321

 Side 1  free  transition at x/c =  0.7965   68
 Side 2  free  transition at x/c =  0.5506   60

   5   rms: 0.5646E-01   max: -.1047E+01   C at   60  2   RLX: 0.478
       a = -1.000      CL =  0.2735
      Cm = -0.0849     CD =  0.00888   =>   CDf =  0.00566    CDp =  0.00322

 Side 1  free  transition at x/c =  0.7948   68
 Side 2  free  transition at x/c =  0.5794   62

   6   rms: 0.3527E-01   max: -.6607E+00   C at   62  2   RLX: 0.757
       a = -1.000      CL =  0.2756
      Cm = -0.0845     CD =  0.00877   =>   CDf =  0.00556    CDp =  0.00321

 Side 1  free  transition at x/c =  0.7936   68
 Side 2  free  transition at x/c =  0.5994   63

   7   rms: 0.1516E-01   max: -.2874E+00   C at   63  2
       a = -1.000      CL =  0.2763
      Cm = -0.0844     CD =  0.00874   =>   CDf =  0.00549    CDp =  0.00326

 Side 1  free  transition at x/c =  0.7932   68
 Side 2  free  transition at x/c =  0.6122   63

   8   rms: 0.1475E-02   max: -.2737E-01   C at   63  2
       a = -1.000      CL =  0.2764
      Cm = -0.0844     CD =  0.00875   =>   CDf =  0.00544    CDp =  0.00331

 Side 1  free  transition at x/c =  0.7932   68
 Side 2  free  transition at x/c =  0.6135   63

   9   rms: 0.1218E-04   max: -.2212E-03   C at   63  2
       a = -1.000      CL =  0.2764
      Cm = -0.0844     CD =  0.00875   =>   CDf =  0.00543    CDp =  0.00332
      9.000    5.3620   0.008748   0.002766   0.003458   0.000692    0.7932     #

 Point added to stored polar  1
 Point written to save file  clarky_re300000_clean.polar                     
 Dump file unspecified or not available
 Calculating wake trajectory ...
 Calculating source influence matrix ...

 Solving BL system ...

 Side 1  free  transition at x/c =  0.7932   68
 Side 2  free  transition at x/c =  0.6135   63

   1   rms: 0.1777E+00   max: -.3208E+01   C at   63  2   RLX: 0.156
       a = -0.750      CL =  0.2796
      Cm = -0.0841     CD =  0.00867   =>   CDf =  0.00543    CDp =  0.00323

 Side 1  free  transition at x/c =  0.7916   68
 Side 2  free  transition at x/c =  0.6451   65

   2   rms: 0.1478E+00   max: -.2674E+01   C at   65  2   RLX: 0.187
       a = -0.750      CL =  0.2824
      Cm = -0.0837     CD =  0.00855   =>   CDf =  0.00531    CDp =  0.00324

 Side 1  free  transition at x/c =  0.7901   68
 Side 2  free  transition at x/c =  0.6771   67

   3   rms: 0.1130E+00   max: -.2039E+01   C at   67  2   RLX: 0.245
       a = -0.750      CL =  0.2853
      Cm = -0.0832     CD =  0.00844   =>   CDf =  0.00520    CDp =  0.00324

 Side 1  free  transition at x/c =  0.7885   68
 Side 2  free  transition at x/c =  0.7063   68

   4   rms: 0.5767E-01   max: -.9850E+00   C at   68  2   RLX: 0.508
       a = -0.750      CL =  0.2912
      Cm = -0.0828     CD =  0.00837   =>   CDf =  0.00511    CDp =  0.00325

 Side 1  free  transition at x/c =  0.7862   68
 Side 2  free  transition at x/c =  0.7651   71

   5   rms: 0.1638E-01   max: -.2191E+00   C at   71  2
       a = -0.750      CL =  0.2962
      Cm = -0.0821     CD =  0.00825   =>   CDf =  0.00488    CDp =  0.00337

 Side 1  free  transition at x/c =  0.7842   69
 Side 2  free  transition at x/c =  0.8034   73

   6   rms: 0.1079E-01   max: 0.1849E+00   C at   73  2
       a = -0.750      CL =  0.2957
      Cm = -0.0819     CD =  0.00822   =>   CDf =  0.00482    CDp =  0.00340

 Side 1  free  transition at x/c =  0.7843   69
 Side 2  free  transition at x/c =  0.7920   72

   7   rms: 0.1296E-02   max: 0.1788E-01   C at   72  2
       a = -0.750      CL =  0.2957
      Cm = -0.0819     CD =  0.00821   =>   CDf =  0.00485    CDp =  0.00336

 Side 1  free  transition at x/c =  0.7844   69
 Side 2  free  transition at x/c =  0.7914   72

   8   rms: 0.1929E-04   max: 0.3176E-03   C at   72  2
       a = -0.750      CL =  0.2957
      Cm = -0.0819     CD =  0.00821   =>   CDf =  0.00485    CDp =  0.00336
      9.000    5.2980   0.008211   0.002781   0.003450   0.000669    0.7844     #

 Point added to stored polar  1
 Point written to save file  clarky_re300000_clean.polar                     
 Dump file unspecified or not available
 Calculating wake trajectory ...
 Calculating source influence matrix ...

 Solving BL system ...

 Side 1  free  transition at x/c =  0.7844   69
 Side 2  free  transition at x/c =  0.7914   72

   1   rms: 0.1478E+00   max: -.2583E+01   C at   72  2   RLX: 0.194
       a = -0.500      CL =  0.2998
      Cm = -0.0814     CD =  0.00813   =>   CDf =  0.00485    CDp =  0.00328

 Side 1  free  transition at x/c =  0.7829   69
 Side 2  free  transition at x/c =  0.8188   73

   2   rms: 0.7818E-01   max: -.1243E+01   C at   73  2   RLX: 0.402
       a = -0.500      CL =  0.3080
      Cm = -0.0810     CD =  0.00810   =>   CDf =  0.00479    CDp =  0.00331

 Side 1  free  transition at x/c =  0.7806   68
 Side 2  free  transition at x/c =  0.8818   77

   3   rms: 0.6161E-01   max: -.8088E+00   C at   77  2   RLX: 0.618
       a = -0.500      CL =  0.3235
      Cm = -0.0817     CD =  0.00804   =>   CDf =  0.00467    CDp =  0.00336

 Side 1  free  transition at x/c =  0.7772   68
 Side 2  free  transition at x/c =  0.9039   78

   4   rms: 0.1072E-01   max: -.1080E+00   C at   78  2
       a = -0.500      CL =  0.3261
      Cm = -0.0814     CD =  0.00808   =>   CDf =  0.00464    CDp =  0.00344

 Side 1  free  transition at x/c =  0.7752   68
 Side 2  free  transition at x/c =  0.9210   79

   5   rms: 0.5375E-02   max: 0.6107E-01   C at   79  2
       a = -0.500      CL =  0.3294
      Cm = -0.0820     CD =  0.00808   =>   CDf =  0.00463    CDp =  0.00345

 Side 1  free  transition at x/c =  0.7754   68
 Side 2  free  transition at x/c =  0.9201   79

   6   rms: 0.5157E-04   max: -.6564E-03   D at   83  2
       a = -0.500      CL =  0.3294
      Cm = -0.0820     CD =  0.00808   =>   CDf =  0.00463    CDp =  0.00345
      9.000    5.2527   0.008081   0.002808   0.003454   0.000646    0.7754     #

 Point added to stored polar  1
 Point written to save file  clarky_re300000_clean.polar                     
 Dump file unspecified or not available
 Calculating wake trajectory ...
 Calculating source influence matrix ...

 Solving BL system ...

 Side 1  free  transition at x/c =  0.7754   68
 Side 2  free  transition at x/c =  0.9201   79

   1   rms: 0.9026E-01   max: -.6835E+00   C at   79  2   RLX: 0.731
       a = -0.250      CL =  0.3695
      Cm = -0.0855     CD =  0.00806   =>   CDf =  0.00461    CDp =  0.00345

 Side 1  free  transition at x/c =  0.7676   69
 Side 2  free  transition at x/c =  0.9512   80

   2   rms: 0.3628E-01   max: -.2334E+00   C at   80  2
       a = -0.250      CL =  0.3804
      Cm = -0.0863     CD =  0.00804   =>   CDf =  0.00469    CDp =  0.00335

 Side 1  free  transition at x/c =  0.7661   69
 Side 2  free  transition at x/c =  0.9669   80

   3   rms: 0.2265E-01   max: -.2344E+00   D at   82  2
       a = -0.250      CL =  0.3688
      Cm = -0.0839     CD =  0.00812   =>   CDf =  0.00471    CDp =  0.00341

 Side 1  free  transition at x/c =  0.7660   69
 Side 2  free  transition at x/c =  0.9805   81

   4   rms: 0.2351E-01   max: 0.2634E+00   C at   81  2
       a = -0.250      CL =  0.3790
      Cm = -0.0860     CD =  0.00807   =>   CDf =  0.00472    CDp =  0.00336

 Side 1  free  transition at x/c =  0.7661   69
 Side 2  free  transition at x/c =  0.9728   81

   5   rms: 0.5122E-03   max: -.8161E-02   D at   81  2
       a = -0.250      CL =  0.3791
      Cm = -0.0861     CD =  0.00811   =>   CDf =  0.00472    CDp =  0.00339

 Side 1  free  transition at x/c =  0.7661   69
 Side 2  free  transition at x/c =  0.9724   81

   6   rms: 0.2830E-04   max: -.2903E-03   D at   82  2
       a = -0.250      CL =  0.3791
      Cm = -0.0861     CD =  0.00811   =>   CDf =  0.00472    CDp =  0.00339
      9.000    5.1356   0.008110   0.002849   0.003456   0.000606    0.7661     #

 Point added to stored polar  1
 Point written to save file  clarky_re300000_clean.polar                     
 Dump file unspecified or not available
 Calculating wake trajectory ...
 Calculating source influence matrix ...

 Solving BL system ...

 Side 1  free  transition at x/c =  0.7661   69
 Side 2  free  transition at x/c =  0.9724   81

   1   rms: 0.7414E-01   max: 0.2863E+00   D at   82  2
       a =  0.000      CL =  0.4379
      Cm = -0.0923     CD =  0.00810   =>   CDf =  0.00471    CDp =  0.00340

 Side 1  free  transition at x/c =  0.7587   69
 Side 2  free  transition at x/c =  0.9911   81

   2   rms: 0.8166E-02   max: -.8394E-01   D at   81  2
       a =  0.000      CL =  0.4347
      Cm = -0.0918     CD =  0.00812   =>   CDf =  0.00484    CDp =  0.00328

 Side 1  free  transition at x/c =  0.7569   69
 Side 2  free  transition at x/c =  0.9959   81

   3   rms: 0.9720E-03   max: 0.9119E-02   D at   81  2
       a =  0.000      CL =  0.4350
      Cm = -0.0919     CD =  0.00812   =>   CDf =  0.00483    CDp =  0.00329

 Side 1  free  transition at x/c =  0.7570   69
 Side 2  free  transition at x/c =  0.9954   81

   4   rms: 0.5203E-05   max: -.4395E-04   C at   81  2
       a =  0.000      CL =  0.4350
      Cm = -0.0919     CD =  0.00812   =>   CDf =  0.00483    CDp =  0.00329
      9.000    5.0665   0.008119   0.002895   0.003468   0.000573    0.7570     #

 Point added to stored polar  1
 Point written to save file  clarky_re300000_clean.polar                     
 Dump file unspecified or not available
 Calculating wake trajectory ...
 Calculating source influence matrix ...

 Solving BL system ...

 Side 1  free  transition at x/c =  0.7570   69
 Side 2  free  transition at x/c =  0.9954   81

   1   rms: 0.7241E-01   max: 0.3011E+00   C at   81  2
       a =  0.250      CL =  0.4950
      Cm = -0.0987     CD =  0.00808   =>   CDf =  0.00483    CDp =  0.00325

 Side 1  free  transition at x/c =  0.7453   69
 Side 2 forced transition at x/c =  1.0000   81

   2   rms: 0.3488E-01   max: -.2711E+00   D at   81  2
       a =  0.250      CL =  0.4701
      Cm = -0.0934     CD =  0.00808   =>   CDf =  0.00499    CDp =  0.00309

 Side 1  free  transition at x/c =  0.7470   69
 Side 2 forced transition at x/c =  1.0000   81

   3   rms: 0.1515E-02   max: 0.1071E-01   D at   84  2
       a =  0.250      CL =  0.4686
      Cm = -0.0931     CD =  0.00814   =>   CDf =  0.00494    CDp =  0.00320

 Side 1  free  transition at x/c =  0.7469   69
 Side 2 forced transition at x/c =  1.0000   81

   4   rms: 0.3351E-05   max: -.5747E-04   D at   84  2
       a =  0.250      CL =  0.4686
      Cm = -0.0931     CD =  0.00814   =>   CDf =  0.00494    CDp =  0.00320
      9.000    4.9963   0.008143   0.002922   0.003477   0.000555    0.7469     #

 Point added to stored polar  1
 Point written to save file  clarky_re300000_clean.polar                     
 Dump file unspecified or not available
 Calculating wake trajectory ...
 Calculating source influence matrix ...

 Solving BL system ...

 Side 1  free  transition at x/c =  0.7469   69
 Side 2 forced transition at x/c =  1.0000   81

   1   rms: 0.4559E-01   max: -.1076E+00   n at   80  2
       a =  0.500      CL =  0.4943
      Cm = -0.0925     CD =  0.00820   =>   CDf =  0.00494    CDp =  0.00326

 Side 1  free  transition at x/c =  0.7380   68
 Side 2 forced transition at x/c =  1.0000   81

   2   rms: 0.3916E-02   max: -.5495E-01   D at   68  1
       a =  0.500      CL =  0.4934
      Cm = -0.0924     CD =  0.00819   =>   CDf =  0.00504    CDp =  0.00315

 Side 1  free  transition at x/c =  0.7365   68
 Side 2 forced transition at x/c =  1.0000   81

   3   rms: 0.1805E-03   max: -.1894E-02   C at   68  1
       a =  0.500      CL =  0.4935
      Cm = -0.0924     CD =  0.00819   =>   CDf =  0.00502    CDp =  0.00316

 Side 1  free  transition at x/c =  0.7366   68
 Side 2 forced transition at x/c =  1.0000   81

   4   rms: 0.6899E-06   max: -.4872E-05   D at   82  1
       a =  0.500      CL =  0.4935
      Cm = -0.0924     CD =  0.00819   =>   CDf =  0.00502    CDp =  0.00317
      9.000    4.9722   0.008189   0.002938   0.003476   0.000538    0.7366     #

 Point added to stored polar  1
 Point written to save file  clarky_re300000_clean.polar                     
 Dump file unspecified or not available
 Calculating wake trajectory ...
 Calculating source influence matrix ...

 Solving BL system ...

 Side 1  free  transition at x/c =  0.7366   68
 Side 2 forced transition at x/c =  1.0000   81

   1   rms: 0.4246E-01   max: -.8970E-01   n at   80  2
       a =  0.750      CL =  0.5179
      Cm = -0.0917     CD =  0.00824   =>   CDf =  0.00500    CDp =  0.00323

 Side 1  free  transition at x/c =  0.7240   68
 Side 2 forced transition at x/c =  1.0000   80

   2   rms: 0.6537E-02   max: -.1098E+00   D at   69  1
       a =  0.750      CL =  0.5191
      Cm = -0.0918     CD =  0.00826   =>   CDf =  0.00518    CDp =  0.00308

 Side 1  free  transition at x/c =  0.7266   69
 Side 2 forced transition at x/c =  1.0000   80

   3   rms: 0.2237E-02   max: -.3974E-01   D at   68  1
       a =  0.750      CL =  0.5186
      Cm = -0.0918     CD =  0.00824   =>   CDf =  0.00515    CDp =  0.00309

 Side 1  free  transition at x/c =  0.7260   69
 Side 2 forced transition at x/c =  1.0000   80

   4   rms: 0.2037E-03   max: 0.2301E-02   D at   69  1
       a =  0.750      CL =  0.5186
      Cm = -0.0918     CD =  0.00824   =>   CDf =  0.00514    CDp =  0.00311

 Side 1  free  transition at x/c =  0.7260   69
 Side 2 forced transition at x/c =  1.0000   80

   5   rms: 0.6555E-06   max: -.5998E-05   D at   71  1
       a =  0.750      CL =  0.5186
      Cm = -0.0918     CD =  0.00824   =>   CDf =  0.00514    CDp =  0.00311
      9.000    4.8811   0.008243   0.002959   0.003471   0.000512    0.7260     #

 Point added to stored polar  1
 Point written to save file  clarky_re300000_clean.polar                     
 Dump file unspecified or not available
 Calculating wake trajectory ...
 Calculating source influence matrix ...

 Solving BL system ...

 Side 1  free  transition at x/c =  0.7260   69
 Side 2 forced transition at x/c =  1.0000   80

   1   rms: 0.4363E-01   max: -.6881E-01   n at   79  2
       a =  1.000      CL =  0.5445
      Cm = -0.0912     CD =  0.00834   =>   CDf =  0.00514    CDp =  0.00320

 Side 1  free  transition at x/c =  0.7166   68
 Side 2 forced transition at x/c =  1.0000   80

   2   rms: 0.5222E-02   max: -.7420E-01   D at   68  1
       a =  1.000      CL =  0.5430
      Cm = -0.0910     CD =  0.00830   =>   CDf =  0.00520    CDp =  0.00310

 Side 1  free  transition at x/c =  0.7140   68
 Side 2 forced transition at x/c =  1.0000   80

   3   rms: 0.5552E-03   max: -.6089E-02   C at   68  1
       a =  1.000      CL =  0.5431
      Cm = -0.0911     CD =  0.00830   =>   CDf =  0.00520    CDp =  0.00310

 Side 1  free  transition at x/c =  0.7142   68
 Side 2 forced transition at x/c =  1.0000   80

   4   rms: 0.2855E-05   max: -.3196E-04   D at   70  1
       a =  1.000      CL =  0.5431
      Cm = -0.0911     CD =  0.00830   =>   CDf =  0.00519    CDp =  0.00310
      9.000    4.8390   0.008297   0.002976   0.003469   0.000493    0.7142     #

 Point added to stored polar  1
 Point written to save file  clarky_re300000_clean.polar                     
 Dump file unspecified or not available
 Calculating wake trajectory ...
 Calculating source influence matrix ...

 Solving BL system ...

 Side 1  free  transition at x/c =  0.7142   68
 Side 2 forced transition at x/c =  1.0000   80

   1   rms: 0.4122E-01   max: -.5609E-01   C at   80  2
       a =  1.250      CL =  0.5678
      Cm = -0.0903     CD =  0.00836   =>   CDf =  0.00520    CDp =  0.00317

 Side 1  free  transition at x/c =  0.7027   67
 Side 2 forced transition at x/c =  1.0000   80

   2   rms: 0.3911E-02   max: -.4632E-01   C at   67  1
       a =  1.250      CL =  0.5681
      Cm = -0.0904     CD =  0.00837   =>   CDf =  0.00533    CDp =  0.00305

 Side 1  free  transition at x/c =  0.7036   67
 Side 2 forced transition at x/c =  1.0000   80

   3   rms: 0.1246E-03   max: 0.1322E-02   D at   68  1
       a =  1.250      CL =  0.5681
      Cm = -0.0904     CD =  0.00838   =>   CDf =  0.00530    CDp =  0.00307

 Side 1  free  transition at x/c =  0.7035   67
 Side 2 forced transition at x/c =  1.0000   80

   4   rms: 0.4087E-06   max: 0.2162E-05   D at   83  1
       a =  1.250      CL =  0.5681
      Cm = -0.0904     CD =  0.00838   =>   CDf =  0.00530    CDp =  0.00307
      9.000    4.7446   0.008376   0.002997   0.003455   0.000458    0.7035     #

 Point added to stored polar  1
 Point written to save file  clarky_re300000_clean.polar                     
 Dump file unspecified or not available
 Calculating wake trajectory ...
 Calculating source influence matrix ...

 Solving BL system ...

 Side 1  free  transition at x/c =  0.7035   67
 Side 2 forced transition at x/c =  1.0000   80

   1   rms: 0.4015E-01   max: -.7055E-01   C at   80  2
       a =  1.500      CL =  0.5920
      Cm = -0.0896     CD =  0.00843   =>   CDf =  0.00531    CDp =  0.00312

 Side 1  free  transition at x/c =  0.6891   67
 Side 2 forced transition at x/c =  1.0000   80

   2   rms: 0.7078E-02   max: -.7444E-01   C at   67  1
       a =  1.500      CL =  0.5926
      Cm = -0.0896     CD =  0.00843   =>   CDf =  0.00541    CDp =  0.00302

 Side 1  free  transition at x/c =  0.6917   67
 Side 2 forced transition at x/c =  1.0000   80

   3   rms: 0.4774E-03   max: -.8215E-02   D at   69  1
       a =  1.500      CL =  0.5926
      Cm = -0.0896     CD =  0.00844   =>   CDf =  0.00536    CDp =  0.00309

 Side 1  free  transition at x/c =  0.6915   67
 Side 2 forced transition at x/c =  1.0000   80

   4   rms: 0.3325E-05   max: -.4239E-04   D at   69  1
       a =  1.500      CL =  0.5926
      Cm = -0.0896     CD =  0.00844   =>   CDf =  0.00536    CDp =  0.00308
      9.000    4.6840   0.008443   0.003015   0.003459   0.000445    0.6915     #

 Point added to stored polar  1
 Point written to save file  clarky_re300000_clean.polar                     
 Dump file unspecified or not available
 Calculating wake trajectory ...
 Calculating source influence matrix ...

 Solving BL system ...

 Side 1  free  transition at x/c =  0.6915   67
 Side 2 forced transition at x/c =  1.0000   80

   1   rms: 0.4163E-01   max: -.5568E-01   C at   80  2
       a =  1.750      CL =  0.6177
      Cm = -0.0889     CD =  0.00854   =>   CDf =  0.00532    CDp =  0.00322

 Side 1  free  transition at x/c =  0.6809   67
 Side 2 forced transition at x/c =  1.0000   79

   2   rms: 0.3958E-02   max: -.5363E-01   D at   67  1
       a =  1.750      CL =  0.6173
      Cm = -0.0889     CD =  0.00853   =>   CDf =  0.00544    CDp =  0.00308

 Side 1  free  transition at x/c =  0.6799   67
 Side 2 forced transition at x/c =  1.0000   79

   3   rms: 0.2731E-03   max: 0.2944E-02   D at    5  1
       a =  1.750      CL =  0.6174
      Cm = -0.0889     CD =  0.00853   =>   CDf =  0.00542    CDp =  0.00311

 Side 1  free  transition at x/c =  0.6799   67
 Side 2 forced transition at x/c =  1.0000   79

   4   rms: 0.2241E-06   max: 0.3577E-05   D at    7  1
       a =  1.750      CL =  0.6174
      Cm = -0.0889     CD =  0.00853   =>   CDf =  0.00542    CDp =  0.00311
      9.000    4.6226   0.008529   0.003032   0.003442   0.000410    0.6799     #

 Point added to stored polar  1
 Point written to save file  clarky_re300000_clean.polar                     
 Dump file unspecified or not available
 Calculating wake trajectory ...
 Calculating source influence matrix ...

 Solving BL system ...

 Side 1  free  transition at x/c =  0.6799   67
 Side 2 forced transition at x/c =  1.0000   79

   1   rms: 0.4014E-01   max: -.6897E-01   C at   79  2
       a =  2.000      CL =  0.6416
      Cm = -0.0881     CD =  0.00860   =>   CDf =  0.00542    CDp =  0.00318

 Side 1  free  transition at x/c =  0.6661   66
 Side 2 forced transition at x/c =  1.0000   79

   2   rms: 0.5689E-02   max: -.8272E-01   D at   67  1
       a =  2.000      CL =  0.6422
      Cm = -0.0882     CD =  0.00864   =>   CDf =  0.00556    CDp =  0.00308

 Side 1  free  transition at x/c =  0.6681   67
 Side 2 forced transition at x/c =  1.0000   79

   3   rms: 0.2814E-02   max: -.3818E-01   D at   66  1
       a =  2.000      CL =  0.6421
      Cm = -0.0882     CD =  0.00863   =>   CDf =  0.00555    CDp =  0.00308

 Side 1  free  transition at x/c =  0.6681   67
 Side 2 forced transition at x/c =  1.0000   79

   4   rms: 0.1810E-03   max: 0.2031E-02   C at   67  1
       a =  2.000      CL =  0.6421
      Cm = -0.0882     CD =  0.00863   =>   CDf =  0.00552    CDp =  0.00311

 Side 1  free  transition at x/c =  0.6681   67
 Side 2 forced transition at x/c =  1.0000   79

   5   rms: 0.5845E-06   max: -.5802E-05   D at   69  1
       a =  2.000      CL =  0.6421
      Cm = -0.0882     CD =  0.00863   =>   CDf =  0.00552    CDp =  0.00311
      9.000    4.5176   0.008632   0.003053   0.003425   0.000372    0.6681     #

 Point added to stored polar  1
 Point written to save file  clarky_re300000_clean.polar                     
 Dump file unspecified or not available
 Calculating wake trajectory ...
 Calculating source influence matrix ...

 Solving BL system ...

 Side 1  free  transition at x/c =  0.6681   67
 Side 2 forced transition at x/c =  1.0000   79

   1   rms: 0.4314E-01   max: -.5368E-01   C at   79  2
       a =  2.250      CL =  0.6674
      Cm = -0.0875     CD =  0.00878   =>   CDf =  0.00552    CDp =  0.00326

 Side 1  free  transition at x/c =  0.6569   66
 Side 2 forced transition at x/c =  1.0000   79

   2   rms: 0.5703E-02   max: -.8393E-01   D at   66  1
       a =  2.250      CL =  0.6662
      Cm = -0.0873     CD =  0.00871   =>   CDf =  0.00555    CDp =  0.00316

 Side 1  free  transition at x/c =  0.6544   66
 Side 2 forced transition at x/c =  1.0000   79

   3   rms: 0.4549E-03   max: -.5690E-02   C at   66  1
       a =  2.250      CL =  0.6663
      Cm = -0.0873     CD =  0.00872   =>   CDf =  0.00556    CDp =  0.00316

 Side 1  free  transition at x/c =  0.6547   66
 Side 2 forced transition at x/c =  1.0000   79

   4   rms: 0.2111E-05   max: -.2445E-04   D at   66  1
       a =  2.250      CL =  0.6663
      Cm = -0.0873     CD =  0.00872   =>   CDf =  0.00556    CDp =  0.00316
      9.000    4.4602   0.008718   0.003070   0.003423   0.000353    0.6547     #

 Point added to stored polar  1
 Point written to save file  clarky_re300000_clean.polar                     
 Dump file unspecified or not available
 Calculating wake trajectory ...
 Calculating source influence matrix ...

 Solving BL system ...

 Side 1  free  transition at x/c =  0.6547   66
 Side 2 forced transition at x/c =  1.0000   79

   1   rms: 0.4237E-01   max: -.6750E-01   C at   79  2
       a =  2.500      CL =  0.6906
      Cm = -0.0865     CD =  0.00883   =>   CDf =  0.00550    CDp =  0.00334

 Side 1  free  transition at x/c =  0.6414   66
 Side 2 forced transition at x/c =  1.0000   78

   2   rms: 0.4699E-02   max: -.6561E-01   D at   66  1
       a =  2.500      CL =  0.6905
      Cm = -0.0865     CD =  0.00882   =>   CDf =  0.00564    CDp =  0.00318

 Side 1  free  transition at x/c =  0.6410   66
 Side 2 forced transition at x/c =  1.0000   78

   3   rms: 0.7400E-03   max: -.8394E-02   D at    4  1
       a =  2.500      CL =  0.6905
      Cm = -0.0865     CD =  0.00883   =>   CDf =  0.00562    CDp =  0.00321

 Side 1  free  transition at x/c =  0.6409   66
 Side 2 forced transition at x/c =  1.0000   78

   4   rms: 0.1278E-05   max: 0.1308E-04   D at    8  1
       a =  2.500      CL =  0.6905
      Cm = -0.0865     CD =  0.00883   =>   CDf =  0.00562    CDp =  0.00321
      9.000    4.3745   0.008826   0.003089   0.003399   0.000309    0.6409     #

 Point added to stored polar  1
 Point written to save file  clarky_re300000_clean.polar                     
 Dump file unspecified or not available
 Calculating wake trajectory ...
 Calculating source influence matrix ...

 Solving BL system ...

 Side 1  free  transition at x/c =  0.6409   66
 Side 2 forced transition at x/c =  1.0000   78

   1   rms: 0.4107E-01   max: -.7711E-01   C at   78  2
       a =  2.750      CL =  0.7144
      Cm = -0.0856     CD =  0.00892   =>   CDf =  0.00562    CDp =  0.00331

 Side 1  free  transition at x/c =  0.6250   65
 Side 2 forced transition at x/c =  1.0000   78

   2   rms: 0.5450E-02   max: -.7274E-01   C at   65  1
       a =  2.750      CL =  0.7145
      Cm = -0.0856     CD =  0.00895   =>   CDf =  0.00574    CDp =  0.00321

 Side 1  free  transition at x/c =  0.6265   65
 Side 2 forced transition at x/c =  1.0000   78

   3   rms: 0.2057E-03   max: -.2751E-02   D at   67  1
       a =  2.750      CL =  0.7146
      Cm = -0.0856     CD =  0.00895   =>   CDf =  0.00570    CDp =  0.00325

 Side 1  free  transition at x/c =  0.6264   65
 Side 2 forced transition at x/c =  1.0000   78

   4   rms: 0.5376E-06   max: -.5931E-05   D at   67  1
       a =  2.750      CL =  0.7146
      Cm = -0.0856     CD =  0.00895   =>   CDf =  0.00570    CDp =  0.00325
      9.000    4.2750   0.008952   0.003112   0.003363   0.000251    0.6264     #

 Point added to stored polar  1
 Point written to save file  clarky_re300000_clean.polar                     
 Dump file unspecified or not available
 Calculating wake trajectory ...
 Calculating source influence matrix ...

 Solving BL system ...

 Side 1  free  transition at x/c =  0.6264   65
 Side 2 forced transition at x/c =  1.0000   78

   1   rms: 0.4036E-01   max: -.8386E-01   C at   78  2
       a =  3.000      CL =  0.7383
      Cm = -0.0847     CD =  0.00904   =>   CDf =  0.00570    CDp =  0.00333

 Side 1  free  transition at x/c =  0.6084   64
 Side 2 forced transition at x/c =  1.0000   78

   2   rms: 0.6304E-02   max: -.7103E-01   D at   65  1
       a =  3.000      CL =  0.7384
      Cm = -0.0847     CD =  0.00909   =>   CDf =  0.00582    CDp =  0.00327

 Side 1  free  transition at x/c =  0.6106   65
 Side 2 forced transition at x/c =  1.0000   78

   3   rms: 0.3604E-02   max: -.4705E-01   C at   65  1
       a =  3.000      CL =  0.7385
      Cm = -0.0847     CD =  0.00909   =>   CDf =  0.00582    CDp =  0.00327

 Side 1  free  transition at x/c =  0.6109   65
 Side 2 forced transition at x/c =  1.0000   78

   4   rms: 0.1332E-03   max: -.1919E-02   D at   66  1
       a =  3.000      CL =  0.7385
      Cm = -0.0847     CD =  0.00909   =>   CDf =  0.00578    CDp =  0.00331

 Side 1  free  transition at x/c =  0.6109   65
 Side 2 forced transition at x/c =  1.0000   78

   5   rms: 0.6047E-06   max: -.3437E-05   D at   85  1
       a =  3.000      CL =  0.7385
      Cm = -0.0847     CD =  0.00909   =>   CDf =  0.00578    CDp =  0.00331
      9.000    4.1872   0.009090   0.003135   0.003328   0.000193    0.6109     #

 Point added to stored polar  1
 Point written to save file  clarky_re300000_clean.polar                     
 Dump file unspecified or not available
 Calculating wake trajectory ...
 Calculating source influence matrix ...

 Solving BL system ...

 Side 1  free  transition at x/c =  0.6109   65
 Side 2 forced transition at x/c =  1.0000   78

   1   rms: 0.4354E-01   max: -.6646E-01   C at   78  2
       a =  3.250      CL =  0.7627
      Cm = -0.0838     CD =  0.00930   =>   CDf =  0.00579    CDp =  0.00351

 Side 1  free  transition at x/c =  0.5963   64
 Side 2 forced transition at x/c =  1.0000   78

   2   rms: 0.7054E-02   max: -.1035E+00   D at   64  1
       a =  3.250      CL =  0.7623
      Cm = -0.0838     CD =  0.00922   =>   CDf =  0.00582    CDp =  0.00339

 Side 1  free  transition at x/c =  0.5942   64
 Side 2 forced transition at x/c =  1.0000   78

   3   rms: 0.1480E-03   max: 0.2759E-02   D at   65  1
       a =  3.250      CL =  0.7623
      Cm = -0.0838     CD =  0.00923   =>   CDf =  0.00584    CDp =  0.00339

 Side 1  free  transition at x/c =  0.5943   64
 Side 2 forced transition at x/c =  1.0000   78

   4   rms: 0.3812E-06   max: -.4494E-05   D at   65  1
       a =  3.250      CL =  0.7623
      Cm = -0.0838     CD =  0.00923   =>   CDf =  0.00584    CDp =  0.00339
      9.000    4.1224   0.009228   0.003155   0.003313   0.000158    0.5943     #

 Point added to stored polar  1
 Point written to save file  clarky_re300000_clean.polar                     
 Dump file unspecified or not available
 Calculating wake trajectory ...
 Calculating source influence matrix ...

 Solving BL system ...

 Side 1  free  transition at x/c =  0.5943   64
 Side 2 forced transition at x/c =  1.0000   78

   1   rms: 0.4326E-01   max: 0.2186E+00   C at   64  1
       a =  3.500      CL =  0.7859
      Cm = -0.0829     CD =  0.00944   =>   CDf =  0.00575    CDp =  0.00368

 Side 1  free  transition at x/c =  0.5780   64
 Side 2 forced transition at x/c =  1.0000   77

   2   rms: 0.6625E-02   max: -.9367E-01   D at   64  1
       a =  3.500      CL =  0.7859
      Cm = -0.0829     CD =  0.00938   =>   CDf =  0.00589    CDp =  0.00349

 Side 1  free  transition at x/c =  0.5763   64
 Side 2 forced transition at x/c =  1.0000   77

   3   rms: 0.6056E-03   max: -.6268E-02   D at    4  1
       a =  3.500      CL =  0.7859
      Cm = -0.0829     CD =  0.00939   =>   CDf =  0.00590    CDp =  0.00349

 Side 1  free  transition at x/c =  0.5763   64
 Side 2 forced transition at x/c =  1.0000   77

   4   rms: 0.4788E-06   max: 0.3234E-05   D at    6  2
       a =  3.500      CL =  0.7859
      Cm = -0.0829     CD =  0.00939   =>   CDf =  0.00590    CDp =  0.00349
      9.000    4.0578   0.009392   0.003179   0.003289   0.000111    0.5763     #

 Point added to stored polar  1
 Point written to save file  clarky_re300000_clean.polar                     
 Dump file unspecified or not available
 Calculating wake trajectory ...
 Calculating source influence matrix ...

 Solving BL system ...

 Side 1  free  transition at x/c =  0.5763   64
 Side 2 forced transition at x/c =  1.0000   77

   1   rms: 0.4383E-01   max: 0.2526E+00   C at   64  1
       a =  3.750      CL =  0.8090
      Cm = -0.0818     CD =  0.00962   =>   CDf =  0.00590    CDp =  0.00372

 Side 1  free  transition at x/c =  0.5578   63
 Side 2 forced transition at x/c =  1.0000   77

   2   rms: 0.6574E-02   max: -.1029E+00   D at   63  1
       a =  3.750      CL =  0.8091
      Cm = -0.0819     CD =  0.00958   =>   CDf =  0.00599    CDp =  0.00359

 Side 1  free  transition at x/c =  0.5565   63
 Side 2 forced transition at x/c =  1.0000   77

   3   rms: 0.1643E-03   max: 0.2312E-02   C at   63  1
       a =  3.750      CL =  0.8091
      Cm = -0.0819     CD =  0.00959   =>   CDf =  0.00599    CDp =  0.00360

 Side 1  free  transition at x/c =  0.5564   63
 Side 2 forced transition at x/c =  1.0000   77

   4   rms: 0.7192E-06   max: -.3602E-05   C at   77  2
       a =  3.750      CL =  0.8091
      Cm = -0.0819     CD =  0.00959   =>   CDf =  0.00599    CDp =  0.00360
      9.000    3.9916   0.009589   0.000000   0.000000   0.000000    0.5564     #

 Point added to stored polar  1
 Point written to save file  clarky_re300000_clean.polar                     
 Dump file unspecified or not available
 Calculating wake trajectory ...
 Calculating source influence matrix ...

 Solving BL system ...

 Side 1  free  transition at x/c =  0.5564   63
 Side 2 forced transition at x/c =  1.0000   77

   1   rms: 0.4522E-01   max: 0.2965E+00   C at   63  1
       a =  4.000      CL =  0.8316
      Cm = -0.0807     CD =  0.00987   =>   CDf =  0.00599    CDp =  0.00387

 Side 1  free  transition at x/c =  0.5367   62
 Side 2 forced transition at x/c =  1.0000   77

   2   rms: 0.7761E-02   max: -.1164E+00   D at   62  1
       a =  4.000      CL =  0.8319
      Cm = -0.0808     CD =  0.00981   =>   CDf =  0.00608    CDp =  0.00373

 Side 1  free  transition at x/c =  0.5351   62
 Side 2 forced transition at x/c =  1.0000   77

   3   rms: 0.3551E-03   max: 0.5106E-02   C at   62  1
       a =  4.000      CL =  0.8319
      Cm = -0.0808     CD =  0.00983   =>   CDf =  0.00610    CDp =  0.00373

 Side 1  free  transition at x/c =  0.5350   62
 Side 2 forced transition at x/c =  1.0000   77

   4   rms: 0.1165E-05   max: -.1833E-04   D at   64  1
       a =  4.000      CL =  0.8319
      Cm = -0.0808     CD =  0.00983   =>   CDf =  0.00610    CDp =  0.00372
      9.000    3.9328   0.009825   0.000000   0.000000   0.000000    0.5350     #

 Point added to stored polar  1
 Point written to save file  clarky_re300000_clean.polar                     
 Dump file unspecified or not available
 Calculating wake trajectory ...
 Calculating source influence matrix ...

 Solving BL system ...

 Side 1  free  transition at x/c =  0.5350   62
 Side 2 forced transition at x/c =  1.0000   77

   1   rms: 0.4695E-01   max: 0.3246E+00   C at   62  1
       a =  4.250      CL =  0.8538
      Cm = -0.0796     CD =  0.01018   =>   CDf =  0.00600    CDp =  0.00419

 Side 1  free  transition at x/c =  0.5140   61
 Side 2 forced transition at x/c =  1.0000   76

   2   rms: 0.7557E-02   max: -.8722E-01   D at   63  1
       a =  4.250      CL =  0.8546
      Cm = -0.0798     CD =  0.01006   =>   CDf =  0.00618    CDp =  0.00387

 Side 1  free  transition at x/c =  0.5116   61
 Side 2 forced transition at x/c =  1.0000   76

   3   rms: 0.6354E-03   max: -.7201E-02   D at    4  1
       a =  4.250      CL =  0.8546
      Cm = -0.0798     CD =  0.01007   =>   CDf =  0.00618    CDp =  0.00389

 Side 1  free  transition at x/c =  0.5115   61
 Side 2 forced transition at x/c =  1.0000   76

   4   rms: 0.7917E-06   max: 0.1089E-04   D at    8  1
       a =  4.250      CL =  0.8546
      Cm = -0.0798     CD =  0.01007   =>   CDf =  0.00618    CDp =  0.00389
      9.000    3.8982   0.010068   0.000000   0.000000   0.000000    0.5115     #

 Point added to stored polar  1
 Point written to save file  clarky_re300000_clean.polar                     
 Dump file unspecified or not available
 Calculating wake trajectory ...
 Calculating source influence matrix ...

 Solving BL system ...

 Side 1  free  transition at x/c =  0.5115   61
 Side 2 forced transition at x/c =  1.0000   76

   1   rms: 0.4257E-01   max: 0.2137E+00   C at   61  1
       a =  4.500      CL =  0.8779
      Cm = -0.0788     CD =  0.01028   =>   CDf =  0.00618    CDp =  0.00410

 Side 1  free  transition at x/c =  0.4832   60
 Side 2 forced transition at x/c =  1.0000   76

   2   rms: 0.9549E-02   max: -.1316E+00   C at   60  1
       a =  4.500      CL =  0.8767
      Cm = -0.0786     CD =  0.01035   =>   CDf =  0.00635    CDp =  0.00400

 Side 1  free  transition at x/c =  0.4869   60
 Side 2 forced transition at x/c =  1.0000   76

   3   rms: 0.1161E-02   max: 0.1809E-01   C at   60  1
       a =  4.500      CL =  0.8768
      Cm = -0.0787     CD =  0.01036   =>   CDf =  0.00628    CDp =  0.00407

 Side 1  free  transition at x/c =  0.4862   60
 Side 2 forced transition at x/c =  1.0000   76

   4   rms: 0.9757E-05   max: -.1364E-03   C at   60  1
       a =  4.500      CL =  0.8768
      Cm = -0.0787     CD =  0.01036   =>   CDf =  0.00629    CDp =  0.00407
      9.000    4.0500   0.010358   0.002691   0.002873   0.000182    0.4862     #

 Point added to stored polar  1
 Point written to save file  clarky_re300000_clean.polar                     
 Dump file unspecified or not available
 Calculating wake trajectory ...
 Calculating source influence matrix ...

 Solving BL system ...

 Side 1  free  transition at x/c =  0.4862   60
 Side 2 forced transition at x/c =  1.0000   76

   1   rms: 0.4656E-01   max: 0.3855E+00   C at   60  1
       a =  4.750      CL =  0.8985
      Cm = -0.0775     CD =  0.01069   =>   CDf =  0.00629    CDp =  0.00440

 Side 1  free  transition at x/c =  0.4593   58
 Side 2 forced transition at x/c =  1.0000   76

   2   rms: 0.1052E-01   max: -.1879E+00   D at   59  1
       a =  4.750      CL =  0.8980
      Cm = -0.0774     CD =  0.01072   =>   CDf =  0.00648    CDp =  0.00425

 Side 1  free  transition at x/c =  0.4611   59
 Side 2 forced transition at x/c =  1.0000   76

   3   rms: 0.3509E-02   max: -.4876E-01   C at   59  1
       a =  4.750      CL =  0.8984
      Cm = -0.0775     CD =  0.01070   =>   CDf =  0.00647    CDp =  0.00423

 Side 1  free  transition at x/c =  0.4611   59
 Side 2 forced transition at x/c =  1.0000   76

   4   rms: 0.2860E-03   max: 0.4262E-02   C at   59  1
       a =  4.750      CL =  0.8985
      Cm = -0.0775     CD =  0.01070   =>   CDf =  0.00644    CDp =  0.00427

 Side 1  free  transition at x/c =  0.4610   59
 Side 2 forced transition at x/c =  1.0000   76

   5   rms: 0.1002E-05   max: -.8734E-05   D at   60  1
       a =  4.750      CL =  0.8985
      Cm = -0.0775     CD =  0.01070   =>   CDf =  0.00644    CDp =  0.00426
      9.000    4.2393   0.010703   0.002661   0.003093   0.000431    0.4610     #

 Point added to stored polar  1
 Point written to save file  clarky_re300000_clean.polar                     
 Dump file unspecified or not available
 Calculating wake trajectory ...
 Calculating source influence matrix ...

 Solving BL system ...

 Side 1  free  transition at x/c =  0.4610   59
 Side 2 forced transition at x/c =  1.0000   76

   1   rms: 0.4931E-01   max: 0.4094E+00   C at   59  1
       a =  5.000      CL =  0.9189
      Cm = -0.0761     CD =  0.01117   =>   CDf =  0.00631    CDp =  0.00486

 Side 1  free  transition at x/c =  0.4378   58
 Side 2 forced transition at x/c =  1.0000   75

   2   rms: 0.7672E-02   max: 0.1032E+00   D at   59  1
       a =  5.000      CL =  0.9205
      Cm = -0.0764     CD =  0.01105   =>   CDf =  0.00656    CDp =  0.00448

 Side 1  free  transition at x/c =  0.4377   58
 Side 2 forced transition at x/c =  1.0000   75

   3   rms: 0.6303E-03   max: 0.7787E-02   C at   58  1
       a =  5.000      CL =  0.9205
      Cm = -0.0764     CD =  0.01104   =>   CDf =  0.00655    CDp =  0.00449

 Side 1  free  transition at x/c =  0.4375   58
 Side 2 forced transition at x/c =  1.0000   75

   4   rms: 0.2047E-05   max: -.2179E-04   C at   58  1
       a =  5.000      CL =  0.9205
      Cm = -0.0764     CD =  0.01104   =>   CDf =  0.00655    CDp =  0.00449
      9.000    4.4248   0.011042   0.002667   0.003131   0.000464    0.4375     #

 Point added to stored polar  1
 Point written to save file  clarky_re300000_clean.polar                     
 Dump file unspecified or not available
 Calculating wake trajectory ...
 Calculating source influence matrix ...

 Solving BL system ...

 Side 1  free  transition at x/c =  0.4375   58
 Side 2 forced transition at x/c =  1.0000   75

   1   rms: 0.4260E-01   max: 0.2174E+00   C at   58  1
       a =  5.250      CL =  0.9441
      Cm = -0.0756     CD =  0.01130   =>   CDf =  0.00655    CDp =  0.00475

 Side 1  free  transition at x/c =  0.4127   57
 Side 2 forced transition at x/c =  1.0000   75

   2   rms: 0.9342E-02   max: -.1372E+00   C at   57  1
       a =  5.250      CL =  0.9427
      Cm = -0.0754     CD =  0.01138   =>   CDf =  0.00671    CDp =  0.00467

 Side 1  free  transition at x/c =  0.4170   57
 Side 2 forced transition at x/c =  1.0000   75

   3   rms: 0.5681E-03   max: -.7806E-02   D at   59  1
       a =  5.250      CL =  0.9428
      Cm = -0.0754     CD =  0.01138   =>   CDf =  0.00665    CDp =  0.00473

 Side 1  free  transition at x/c =  0.4165   57
 Side 2 forced transition at x/c =  1.0000   75

   4   rms: 0.5934E-05   max: -.9854E-04   C at   57  1
       a =  5.250      CL =  0.9428
      Cm = -0.0754     CD =  0.01138   =>   CDf =  0.00665    CDp =  0.00473
      9.000    4.5877   0.011383   0.002680   0.003146   0.000466    0.4165     #

 Point added to stored polar  1
 Point written to save file  clarky_re300000_clean.polar                     
 Dump file unspecified or not available
 Calculating wake trajectory ...
 Calculating source influence matrix ...

 Solving BL system ...

 Side 1  free  transition at x/c =  0.4165   57
 Side 2 forced transition at x/c =  1.0000   75

   1   rms: 0.4278E-01   max: 0.2492E+00   C at   57  1
       a =  5.500      CL =  0.9661
      Cm = -0.0746     CD =  0.01168   =>   CDf =  0.00665    CDp =  0.00502

 Side 1  free  transition at x/c =  0.3971   56
 Side 2 forced transition at x/c =  1.0000   75

   2   rms: 0.6271E-02   max: -.9697E-01   C at   56  1
       a =  5.500      CL =  0.9652
      Cm = -0.0744     CD =  0.01173   =>   CDf =  0.00678    CDp =  0.00495

 Side 1  free  transition at x/c =  0.3992   56
 Side 2 forced transition at x/c =  1.0000   75

   3   rms: 0.2949E-03   max: 0.4201E-02   C at   56  1
       a =  5.500      CL =  0.9652
      Cm = -0.0745     CD =  0.01173   =>   CDf =  0.00675    CDp =  0.00499

 Side 1  free  transition at x/c =  0.3990   56
 Side 2 forced transition at x/c =  1.0000   75

   4   rms: 0.1283E-05   max: -.1741E-04   C at   56  1
       a =  5.500      CL =  0.9652
      Cm = -0.0745     CD =  0.01173   =>   CDf =  0.00675    CDp =  0.00499
      9.000    4.7241   0.011734   0.002699   0.003170   0.000471    0.3990     #

 Point added to stored polar  1
 Point written to save file  clarky_re300000_clean.polar                     
 Dump file unspecified or not available
 Calculating wake trajectory ...
 Calculating source influence matrix ...

 Solving BL system ...

 Side 1  free  transition at x/c =  0.3990   56
 Side 2 forced transition at x/c =  1.0000   75

   1   rms: 0.4139E-01   max: 0.1759E+00   C at   56  1
       a =  5.750      CL =  0.9891
      Cm = -0.0738     CD =  0.01201   =>   CDf =  0.00675    CDp =  0.00526

 Side 1  free  transition at x/c =  0.3835   55
 Side 2 forced transition at x/c =  1.0000   75

   2   rms: 0.3689E-02   max: -.5105E-01   C at   55  1
       a =  5.750      CL =  0.9876
      Cm = -0.0735     CD =  0.01211   =>   CDf =  0.00687    CDp =  0.00525

 Side 1  free  transition at x/c =  0.3838   55
 Side 2 forced transition at x/c =  1.0000   75

   3   rms: 0.8957E-02   max: -.1500E+00   C at   55  1
       a =  5.750      CL =  0.9873
      Cm = -0.0735     CD =  0.01212   =>   CDf =  0.00692    CDp =  0.00520

 Side 1  free  transition at x/c =  0.3842   55
 Side 2 forced transition at x/c =  1.0000   75

   4   rms: 0.8608E-02   max: -.1480E+00   C at   55  1
       a =  5.750      CL =  0.9874
      Cm = -0.0735     CD =  0.01212   =>   CDf =  0.00692    CDp =  0.00520

 Side 1  free  transition at x/c =  0.3841   55
 Side 2 forced transition at x/c =  1.0000   75

   5   rms: 0.8669E-02   max: -.1484E+00   C at   55  1
       a =  5.750      CL =  0.9874
      Cm = -0.0735     CD =  0.01212   =>   CDf =  0.00692    CDp =  0.00520

 Side 1  free  transition at x/c =  0.3841   55
 Side 2 forced transition at x/c =  1.0000   75

   6   rms: 0.8658E-02   max: -.1483E+00   C at   55  1
       a =  5.750      CL =  0.9874
      Cm = -0.0735     CD =  0.01212   =>   CDf =  0.00692    CDp =  0.00520

 Side 1  free  transition at x/c =  0.3841   55
 Side 2 forced transition at x/c =  1.0000   75

   7   rms: 0.8660E-02   max: -.1484E+00   C at   55  1
       a =  5.750      CL =  0.9874
      Cm = -0.0735     CD =  0.01212   =>   CDf =  0.00692    CDp =  0.00520

 Side 1  free  transition at x/c =  0.3841   55
 Side 2 forced transition at x/c =  1.0000   75

   8   rms: 0.8659E-02   max: -.1484E+00   C at   55  1
       a =  5.750      CL =  0.9874
      Cm = -0.0735     CD =  0.01212   =>   CDf =  0.00692    CDp =  0.00520

 Side 1  free  transition at x/c =  0.3841   55
 Side 2 forced transition at x/c =  1.0000   75

   9   rms: 0.8659E-02   max: -.1484E+00   C at   55  1
       a =  5.750      CL =  0.9874
      Cm = -0.0735     CD =  0.01212   =>   CDf =  0.00692    CDp =  0.00520

 Side 1  free  transition at x/c =  0.3841   55
 Side 2 forced transition at x/c =  1.0000   75

  10   rms: 0.8659E-02   max: -.1484E+00   C at   55  1
       a =  5.750      CL =  0.9874
      Cm = -0.0735     CD =  0.01212   =>   CDf =  0.00692    CDp =  0.00520

 Side 1  free  transition at x/c =  0.3841   55
 Side 2 forced transition at x/c =  1.0000   75

  11   rms: 0.8659E-02   max: -.1484E+00   C at   55  1
       a =  5.750      CL =  0.9874
      Cm = -0.0735     CD =  0.01212   =>   CDf =  0.00692    CDp =  0.00520

 Side 1  free  transition at x/c =  0.3841   55
 Side 2 forced transition at x/c =  1.0000   75

  12   rms: 0.8659E-02   max: -.1484E+00   C at   55  1
       a =  5.750      CL =  0.9874
      Cm = -0.0735     CD =  0.01212   =>   CDf =  0.00692    CDp =  0.00520

 Side 1  free  transition at x/c =  0.3841   55
 Side 2 forced transition at x/c =  1.0000   75

  13   rms: 0.8659E-02   max: -.1484E+00   C at   55  1
       a =  5.750      CL =  0.9874
      Cm = -0.0735     CD =  0.01212   =>   CDf =  0.00692    CDp =  0.00520

 Side 1  free  transition at x/c =  0.3841   55
 Side 2 forced transition at x/c =  1.0000   75

  14   rms: 0.8659E-02   max: -.1484E+00   C at   55  1
       a =  5.750      CL =  0.9874
      Cm = -0.0735     CD =  0.01212   =>   CDf =  0.00692    CDp =  0.00520

 Side 1  free  transition at x/c =  0.3841   55
 Side 2 forced transition at x/c =  1.0000   75

  15   rms: 0.8659E-02   max: -.1484E+00   C at   55  1
       a =  5.750      CL =  0.9874
      Cm = -0.0735     CD =  0.01212   =>   CDf =  0.00692    CDp =  0.00520

 Side 1  free  transition at x/c =  0.3841   55
 Side 2 forced transition at x/c =  1.0000   75

  16   rms: 0.8659E-02   max: -.1484E+00   C at   55  1
       a =  5.750      CL =  0.9874
      Cm = -0.0735     CD =  0.01212   =>   CDf =  0.00692    CDp =  0.00520

 Side 1  free  transition at x/c =  0.3841   55
 Side 2 forced transition at x/c =  1.0000   75

  17   rms: 0.8659E-02   max: -.1484E+00   C at   55  1
       a =  5.750      CL =  0.9874
      Cm = -0.0735     CD =  0.01212   =>   CDf =  0.00692    CDp =  0.00520

 Side 1  free  transition at x/c =  0.3841   55
 Side 2 forced transition at x/c =  1.0000   75

  18   rms: 0.8659E-02   max: -.1484E+00   C at   55  1
       a =  5.750      CL =  0.9874
      Cm = -0.0735     CD =  0.01212   =>   CDf =  0.00692    CDp =  0.00520

 Side 1  free  transition at x/c =  0.3841   55
 Side 2 forced transition at x/c =  1.0000   75

  19   rms: 0.8659E-02   max: -.1484E+00   C at   55  1
       a =  5.750      CL =  0.9874
      Cm = -0.0735     CD =  0.01212   =>   CDf =  0.00692    CDp =  0.00520

 Side 1  free  transition at x/c =  0.3841   55
 Side 2 forced transition at x/c =  1.0000   75

  20   rms: 0.8659E-02   max: -.1484E+00   C at   55  1
       a =  5.750      CL =  0.9874
      Cm = -0.0735     CD =  0.01212   =>   CDf =  0.00692    CDp =  0.00520

 Side 1  free  transition at x/c =  0.3841   55
 Side 2 forced transition at x/c =  1.0000   75

  21   rms: 0.8659E-02   max: -.1484E+00   C at   55  1
       a =  5.750      CL =  0.9874
      Cm = -0.0735     CD =  0.01212   =>   CDf =  0.00692    CDp =  0.00520

 Side 1  free  transition at x/c =  0.3841   55
 Side 2 forced transition at x/c =  1.0000   75

  22   rms: 0.8659E-02   max: -.1484E+00   C at   55  1
       a =  5.750      CL =  0.9874
      Cm = -0.0735     CD =  0.01212   =>   CDf =  0.00692    CDp =  0.00520

 Side 1  free  transition at x/c =  0.3841   55
 Side 2 forced transition at x/c =  1.0000   75

  23   rms: 0.8659E-02   max: -.1484E+00   C at   55  1
       a =  5.750      CL =  0.9874
      Cm = -0.0735     CD =  0.01212   =>   CDf =  0.00692    CDp =  0.00520

 Side 1  free  transition at x/c =  0.3841   55
 Side 2 forced transition at x/c =  1.0000   75

  24   rms: 0.8659E-02   max: -.1484E+00   C at   55  1
       a =  5.750      CL =  0.9874
      Cm = -0.0735     CD =  0.01212   =>   CDf =  0.00692    CDp =  0.00520

 Side 1  free  transition at x/c =  0.3841   55
 Side 2 forced transition at x/c =  1.0000   75

  25   rms: 0.8659E-02   max: -.1484E+00   C at   55  1
       a =  5.750      CL =  0.9874
      Cm = -0.0735     CD =  0.01212   =>   CDf =  0.00692    CDp =  0.00520

 Side 1  free  transition at x/c =  0.3841   55
 Side 2 forced transition at x/c =  1.0000   75

  26   rms: 0.8659E-02   max: -.1484E+00   C at   55  1
       a =  5.750      CL =  0.9874
      Cm = -0.0735     CD =  0.01212   =>   CDf =  0.00692    CDp =  0.00520

 Side 1  free  transition at x/c =  0.3841   55
 Side 2 forced transition at x/c =  1.0000   75

  27   rms: 0.8659E-02   max: -.1484E+00   C at   55  1
       a =  5.750      CL =  0.9874
      Cm = -0.0735     CD =  0.01212   =>   CDf =  0.00692    CDp =  0.00520

 Side 1  free  transition at x/c =  0.3841   55
 Side 2 forced transition at x/c =  1.0000   75

  28   rms: 0.8659E-02   max: -.1484E+00   C at   55  1
       a =  5.750      CL =  0.9874
      Cm = -0.0735     CD =  0.01212   =>   CDf =  0.00692    CDp =  0.00520

 Side 1  free  transition at x/c =  0.3841   55
 Side 2 forced transition at x/c =  1.0000   75

  29   rms: 0.8659E-02   max: -.1484E+00   C at   55  1
       a =  5.750      CL =  0.9874
      Cm = -0.0735     CD =  0.01212   =>   CDf =  0.00692    CDp =  0.00520

 Side 1  free  transition at x/c =  0.3841   55
 Side 2 forced transition at x/c =  1.0000   75

  30   rms: 0.8659E-02   max: -.1484E+00   C at   55  1
       a =  5.750      CL =  0.9874
      Cm = -0.0735     CD =  0.01212   =>   CDf =  0.00692    CDp =  0.00520

 Side 1  free  transition at x/c =  0.3841   55
 Side 2 forced transition at x/c =  1.0000   75

  31   rms: 0.8659E-02   max: -.1484E+00   C at   55  1
       a =  5.750      CL =  0.9874
      Cm = -0.0735     CD =  0.01212   =>   CDf =  0.00692    CDp =  0.00520

 Side 1  free  transition at x/c =  0.3841   55
 Side 2 forced transition at x/c =  1.0000   75

  32   rms: 0.8659E-02   max: -.1484E+00   C at   55  1
       a =  5.750      CL =  0.9874
      Cm = -0.0735     CD =  0.01212   =>   CDf =  0.00692    CDp =  0.00520

 Side 1  free  transition at x/c =  0.3841   55
 Side 2 forced transition at x/c =  1.0000   75

  33   rms: 0.8659E-02   max: -.1484E+00   C at   55  1
       a =  5.750      CL =  0.9874
      Cm = -0.0735     CD =  0.01212   =>   CDf =  0.00692    CDp =  0.00520

 Side 1  free  transition at x/c =  0.3841   55
 Side 2 forced transition at x/c =  1.0000   75

  34   rms: 0.8659E-02   max: -.1484E+00   C at   55  1
       a =  5.750      CL =  0.9874
      Cm = -0.0735     CD =  0.01212   =>   CDf =  0.00692    CDp =  0.00520

 Side 1  free  transition at x/c =  0.3841   55
 Side 2 forced transition at x/c =  1.0000   75

  35   rms: 0.8659E-02   max: -.1484E+00   C at   55  1
       a =  5.750      CL =  0.9874
      Cm = -0.0735     CD =  0.01212   =>   CDf =  0.00692    CDp =  0.00520

 Side 1  free  transition at x/c =  0.3841   55
 Side 2 forced transition at x/c =  1.0000   75

  36   rms: 0.8659E-02   max: -.1484E+00   C at   55  1
       a =  5.750      CL =  0.9874
      Cm = -0.0735     CD =  0.01212   =>   CDf =  0.00692    CDp =  0.00520

 Side 1  free  transition at x/c =  0.3841   55
 Side 2 forced transition at x/c =  1.0000   75

  37   rms: 0.8659E-02   max: -.1484E+00   C at   55  1
       a =  5.750      CL =  0.9874
      Cm = -0.0735     CD =  0.01212   =>   CDf =  0.00692    CDp =  0.00520

 Side 1  free  transition at x/c =  0.3841   55
 Side 2 forced transition at x/c =  1.0000   75

  38   rms: 0.8659E-02   max: -.1484E+00   C at   55  1
       a =  5.750      CL =  0.9874
      Cm = -0.0735     CD =  0.01212   =>   CDf =  0.00692    CDp =  0.00520

 Side 1  free  transition at x/c =  0.3841   55
 Side 2 forced transition at x/c =  1.0000   75

  39   rms: 0.8659E-02   max: -.1484E+00   C at   55  1
       a =  5.750      CL =  0.9874
      Cm = -0.0735     CD =  0.01212   =>   CDf =  0.00692    CDp =  0.00520

 Side 1  free  transition at x/c =  0.3841   55
 Side 2 forced transition at x/c =  1.0000   75

  40   rms: 0.8659E-02   max: -.1484E+00   C at   55  1
       a =  5.750      CL =  0.9874
      Cm = -0.0735     CD =  0.01212   =>   CDf =  0.00692    CDp =  0.00520

 Side 1  free  transition at x/c =  0.3841   55
 Side 2 forced transition at x/c =  1.0000   75

  41   rms: 0.8659E-02   max: -.1484E+00   C at   55  1
       a =  5.750      CL =  0.9874
      Cm = -0.0735     CD =  0.01212   =>   CDf =  0.00692    CDp =  0.00520

 Side 1  free  transition at x/c =  0.3841   55
 Side 2 forced transition at x/c =  1.0000   75

  42   rms: 0.8659E-02   max: -.1484E+00   C at   55  1
       a =  5.750      CL =  0.9874
      Cm = -0.0735     CD =  0.01212   =>   CDf =  0.00692    CDp =  0.00520

 Side 1  free  transition at x/c =  0.3841   55
 Side 2 forced transition at x/c =  1.0000   75

  43   rms: 0.8659E-02   max: -.1484E+00   C at   55  1
       a =  5.750      CL =  0.9874
      Cm = -0.0735     CD =  0.01212   =>   CDf =  0.00692    CDp =  0.00520

 Side 1  free  transition at x/c =  0.3841   55
 Side 2 forced transition at x/c =  1.0000   75

  44   rms: 0.8659E-02   max: -.1484E+00   C at   55  1
       a =  5.750      CL =  0.9874
      Cm = -0.0735     CD =  0.01212   =>   CDf =  0.00692    CDp =  0.00520

 Side 1  free  transition at x/c =  0.3841   55
 Side 2 forced transition at x/c =  1.0000   75

  45   rms: 0.8659E-02   max: -.1484E+00   C at   55  1
       a =  5.750      CL =  0.9874
      Cm = -0.0735     CD =  0.01212   =>   CDf =  0.00692    CDp =  0.00520

 Side 1  free  transition at x/c =  0.3841   55
 Side 2 forced transition at x/c =  1.0000   75

  46   rms: 0.8659E-02   max: -.1484E+00   C at   55  1
       a =  5.750      CL =  0.9874
      Cm = -0.0735     CD =  0.01212   =>   CDf =  0.00692    CDp =  0.00520

 Side 1  free  transition at x/c =  0.3841   55
 Side 2 forced transition at x/c =  1.0000   75

  47   rms: 0.8659E-02   max: -.1484E+00   C at   55  1
       a =  5.750      CL =  0.9874
      Cm = -0.0735     CD =  0.01212   =>   CDf =  0.00692    CDp =  0.00520

 Side 1  free  transition at x/c =  0.3841   55
 Side 2 forced transition at x/c =  1.0000   75

  48   rms: 0.8659E-02   max: -.1484E+00   C at   55  1
       a =  5.750      CL =  0.9874
      Cm = -0.0735     CD =  0.01212   =>   CDf =  0.00692    CDp =  0.00520

 Side 1  free  transition at x/c =  0.3841   55
 Side 2 forced transition at x/c =  1.0000   75

  49   rms: 0.8659E-02   max: -.1484E+00   C at   55  1
       a =  5.750      CL =  0.9874
      Cm = -0.0735     CD =  0.01212   =>   CDf =  0.00692    CDp =  0.00520

 Side 1  free  transition at x/c =  0.3841   55
 Side 2 forced transition at x/c =  1.0000   75

  50   rms: 0.8659E-02   max: -.1484E+00   C at   55  1
       a =  5.750      CL =  0.9874
      Cm = -0.0735     CD =  0.01212   =>   CDf =  0.00692    CDp =  0.00520

 Side 1  free  transition at x/c =  0.3841   55
 Side 2 forced transition at x/c =  1.0000   75

  51   rms: 0.8659E-02   max: -.1484E+00   C at   55  1
       a =  5.750      CL =  0.9874
      Cm = -0.0735     CD =  0.01212   =>   CDf =  0.00692    CDp =  0.00520

 Side 1  free  transition at x/c =  0.3841   55
 Side 2 forced transition at x/c =  1.0000   75

  52   rms: 0.8659E-02   max: -.1484E+00   C at   55  1
       a =  5.750      CL =  0.9874
      Cm = -0.0735     CD =  0.01212   =>   CDf =  0.00692    CDp =  0.00520

 Side 1  free  transition at x/c =  0.3841   55
 Side 2 forced transition at x/c =  1.0000   75

  53   rms: 0.8659E-02   max: -.1484E+00   C at   55  1
       a =  5.750      CL =  0.9874
      Cm = -0.0735     CD =  0.01212   =>   CDf =  0.00692    CDp =  0.00520

 Side 1  free  transition at x/c =  0.3841   55
 Side 2 forced transition at x/c =  1.0000   75

  54   rms: 0.8659E-02   max: -.1484E+00   C at   55  1
       a =  5.750      CL =  0.9874
      Cm = -0.0735     CD =  0.01212   =>   CDf =  0.00692    CDp =  0.00520

 Side 1  free  transition at x/c =  0.3841   55
 Side 2 forced transition at x/c =  1.0000   75

  55   rms: 0.8659E-02   max: -.1484E+00   C at   55  1
       a =  5.750      CL =  0.9874
      Cm = -0.0735     CD =  0.01212   =>   CDf =  0.00692    CDp =  0.00520

 Side 1  free  transition at x/c =  0.3841   55
 Side 2 forced transition at x/c =  1.0000   75

  56   rms: 0.8659E-02   max: -.1484E+00   C at   55  1
       a =  5.750      CL =  0.9874
      Cm = -0.0735     CD =  0.01212   =>   CDf =  0.00692    CDp =  0.00520

 Side 1  free  transition at x/c =  0.3841   55
 Side 2 forced transition at x/c =  1.0000   75

  57   rms: 0.8659E-02   max: -.1484E+00   C at   55  1
       a =  5.750      CL =  0.9874
      Cm = -0.0735     CD =  0.01212   =>   CDf =  0.00692    CDp =  0.00520

 Side 1  free  transition at x/c =  0.3841   55
 Side 2 forced transition at x/c =  1.0000   75

  58   rms: 0.8659E-02   max: -.1484E+00   C at   55  1
       a =  5.750      CL =  0.9874
      Cm = -0.0735     CD =  0.01212   =>   CDf =  0.00692    CDp =  0.00520

 Side 1  free  transition at x/c =  0.3841   55
 Side 2 forced transition at x/c =  1.0000   75

  59   rms: 0.8659E-02   max: -.1484E+00   C at   55  1
       a =  5.750      CL =  0.9874
      Cm = -0.0735     CD =  0.01212   =>   CDf =  0.00692    CDp =  0.00520

 Side 1  free  transition at x/c =  0.3841   55
 Side 2 forced transition at x/c =  1.0000   75

  60   rms: 0.8659E-02   max: -.1484E+00   C at   55  1
       a =  5.750      CL =  0.9874
      Cm = -0.0735     CD =  0.01212   =>   CDf =  0.00692    CDp =  0.00520

 Side 1  free  transition at x/c =  0.3841   55
 Side 2 forced transition at x/c =  1.0000   75

  61   rms: 0.8659E-02   max: -.1484E+00   C at   55  1
       a =  5.750      CL =  0.9874
      Cm = -0.0735     CD =  0.01212   =>   CDf =  0.00692    CDp =  0.00520

 Side 1  free  transition at x/c =  0.3841   55
 Side 2 forced transition at x/c =  1.0000   75

  62   rms: 0.8659E-02   max: -.1484E+00   C at   55  1
       a =  5.750      CL =  0.9874
      Cm = -0.0735     CD =  0.01212   =>   CDf =  0.00692    CDp =  0.00520

 Side 1  free  transition at x/c =  0.3841   55
 Side 2 forced transition at x/c =  1.0000   75

  63   rms: 0.8659E-02   max: -.1484E+00   C at   55  1
       a =  5.750      CL =  0.9874
      Cm = -0.0735     CD =  0.01212   =>   CDf =  0.00692    CDp =  0.00520

 Side 1  free  transition at x/c =  0.3841   55
 Side 2 forced transition at x/c =  1.0000   75

  64   rms: 0.8659E-02   max: -.1484E+00   C at   55  1
       a =  5.750      CL =  0.9874
      Cm = -0.0735     CD =  0.01212   =>   CDf =  0.00692    CDp =  0.00520

 Side 1  free  transition at x/c =  0.3841   55
 Side 2 forced transition at x/c =  1.0000   75

  65   rms: 0.8659E-02   max: -.1484E+00   C at   55  1
       a =  5.750      CL =  0.9874
      Cm = -0.0735     CD =  0.01212   =>   CDf =  0.00692    CDp =  0.00520

 Side 1  free  transition at x/c =  0.3841   55
 Side 2 forced transition at x/c =  1.0000   75

  66   rms: 0.8659E-02   max: -.1484E+00   C at   55  1
       a =  5.750      CL =  0.9874
      Cm = -0.0735     CD =  0.01212   =>   CDf =  0.00692    CDp =  0.00520

 Side 1  free  transition at x/c =  0.3841   55
 Side 2 forced transition at x/c =  1.0000   75

  67   rms: 0.8659E-02   max: -.1484E+00   C at   55  1
       a =  5.750      CL =  0.9874
      Cm = -0.0735     CD =  0.01212   =>   CDf =  0.00692    CDp =  0.00520

 Side 1  free  transition at x/c =  0.3841   55
 Side 2 forced transition at x/c =  1.0000   75

  68   rms: 0.8659E-02   max: -.1484E+00   C at   55  1
       a =  5.750      CL =  0.9874
      Cm = -0.0735     CD =  0.01212   =>   CDf =  0.00692    CDp =  0.00520

 Side 1  free  transition at x/c =  0.3841   55
 Side 2 forced transition at x/c =  1.0000   75

  69   rms: 0.8659E-02   max: -.1484E+00   C at   55  1
       a =  5.750      CL =  0.9874
      Cm = -0.0735     CD =  0.01212   =>   CDf =  0.00692    CDp =  0.00520

 Side 1  free  transition at x/c =  0.3841   55
 Side 2 forced transition at x/c =  1.0000   75

  70   rms: 0.8659E-02   max: -.1484E+00   C at   55  1
       a =  5.750      CL =  0.9874
      Cm = -0.0735     CD =  0.01212   =>   CDf =  0.00692    CDp =  0.00520

 Side 1  free  transition at x/c =  0.3841   55
 Side 2 forced transition at x/c =  1.0000   75

  71   rms: 0.8659E-02   max: -.1484E+00   C at   55  1
       a =  5.750      CL =  0.9874
      Cm = -0.0735     CD =  0.01212   =>   CDf =  0.00692    CDp =  0.00520

 Side 1  free  transition at x/c =  0.3841   55
 Side 2 forced transition at x/c =  1.0000   75

  72   rms: 0.8659E-02   max: -.1484E+00   C at   55  1
       a =  5.750      CL =  0.9874
      Cm = -0.0735     CD =  0.01212   =>   CDf =  0.00692    CDp =  0.00520

 Side 1  free  transition at x/c =  0.3841   55
 Side 2 forced transition at x/c =  1.0000   75

  73   rms: 0.8659E-02   max: -.1484E+00   C at   55  1
       a =  5.750      CL =  0.9874
      Cm = -0.0735     CD =  0.01212   =>   CDf =  0.00692    CDp =  0.00520

 Side 1  free  transition at x/c =  0.3841   55
 Side 2 forced transition at x/c =  1.0000   75

  74   rms: 0.8659E-02   max: -.1484E+00   C at   55  1
       a =  5.750      CL =  0.9874
      Cm = -0.0735     CD =  0.01212   =>   CDf =  0.00692    CDp =  0.00520

 Side 1  free  transition at x/c =  0.3841   55
 Side 2 forced transition at x/c =  1.0000   75

  75   rms: 0.8659E-02   max: -.1484E+00   C at   55  1
       a =  5.750      CL =  0.9874
      Cm = -0.0735     CD =  0.01212   =>   CDf =  0.00692    CDp =  0.00520

 Side 1  free  transition at x/c =  0.3841   55
 Side 2 forced transition at x/c =  1.0000   75

  76   rms: 0.8659E-02   max: -.1484E+00   C at   55  1
       a =  5.750      CL =  0.9874
      Cm = -0.0735     CD =  0.01212   =>   CDf =  0.00692    CDp =  0.00520

 Side 1  free  transition at x/c =  0.3841   55
 Side 2 forced transition at x/c =  1.0000   75

  77   rms: 0.8659E-02   max: -.1484E+00   C at   55  1
       a =  5.750      CL =  0.9874
      Cm = -0.0735     CD =  0.01212   =>   CDf =  0.00692    CDp =  0.00520

 Side 1  free  transition at x/c =  0.3841   55
 Side 2 forced transition at x/c =  1.0000   75

  78   rms: 0.8659E-02   max: -.1484E+00   C at   55  1
       a =  5.750      CL =  0.9874
      Cm = -0.0735     CD =  0.01212   =>   CDf =  0.00692    CDp =  0.00520

 Side 1  free  transition at x/c =  0.3841   55
 Side 2 forced transition at x/c =  1.0000   75

  79   rms: 0.8659E-02   max: -.1484E+00   C at   55  1
       a =  5.750      CL =  0.9874
      Cm = -0.0735     CD =  0.01212   =>   CDf =  0.00692    CDp =  0.00520

 Side 1  free  transition at x/c =  0.3841   55
 Side 2 forced transition at x/c =  1.0000   75

  80   rms: 0.8659E-02   max: -.1484E+00   C at   55  1
       a =  5.750      CL =  0.9874
      Cm = -0.0735     CD =  0.01212   =>   CDf =  0.00692    CDp =  0.00520

 Side 1  free  transition at x/c =  0.3841   55
 Side 2 forced transition at x/c =  1.0000   75

  81   rms: 0.8659E-02   max: -.1484E+00   C at   55  1
       a =  5.750      CL =  0.9874
      Cm = -0.0735     CD =  0.01212   =>   CDf =  0.00692    CDp =  0.00520

 Side 1  free  transition at x/c =  0.3841   55
 Side 2 forced transition at x/c =  1.0000   75

  82   rms: 0.8659E-02   max: -.1484E+00   C at   55  1
       a =  5.750      CL =  0.9874
      Cm = -0.0735     CD =  0.01212   =>   CDf =  0.00692    CDp =  0.00520

 Side 1  free  transition at x/c =  0.3841   55
 Side 2 forced transition at x/c =  1.0000   75

  83   rms: 0.8659E-02   max: -.1484E+00   C at   55  1
       a =  5.750      CL =  0.9874
      Cm = -0.0735     CD =  0.01212   =>   CDf =  0.00692    CDp =  0.00520

 Side 1  free  transition at x/c =  0.3841   55
 Side 2 forced transition at x/c =  1.0000   75

  84   rms: 0.8659E-02   max: -.1484E+00   C at   55  1
       a =  5.750      CL =  0.9874
      Cm = -0.0735     CD =  0.01212   =>   CDf =  0.00692    CDp =  0.00520

 Side 1  free  transition at x/c =  0.3841   55
 Side 2 forced transition at x/c =  1.0000   75

  85   rms: 0.8659E-02   max: -.1484E+00   C at   55  1
       a =  5.750      CL =  0.9874
      Cm = -0.0735     CD =  0.01212   =>   CDf =  0.00692    CDp =  0.00520

 Side 1  free  transition at x/c =  0.3841   55
 Side 2 forced transition at x/c =  1.0000   75

  86   rms: 0.8659E-02   max: -.1484E+00   C at   55  1
       a =  5.750      CL =  0.9874
      Cm = -0.0735     CD =  0.01212   =>   CDf =  0.00692    CDp =  0.00520

 Side 1  free  transition at x/c =  0.3841   55
 Side 2 forced transition at x/c =  1.0000   75

  87   rms: 0.8659E-02   max: -.1484E+00   C at   55  1
       a =  5.750      CL =  0.9874
      Cm = -0.0735     CD =  0.01212   =>   CDf =  0.00692    CDp =  0.00520

 Side 1  free  transition at x/c =  0.3841   55
 Side 2 forced transition at x/c =  1.0000   75

  88   rms: 0.8659E-02   max: -.1484E+00   C at   55  1
       a =  5.750      CL =  0.9874
      Cm = -0.0735     CD =  0.01212   =>   CDf =  0.00692    CDp =  0.00520

 Side 1  free  transition at x/c =  0.3841   55
 Side 2 forced transition at x/c =  1.0000   75

  89   rms: 0.8659E-02   max: -.1484E+00   C at   55  1
       a =  5.750      CL =  0.9874
      Cm = -0.0735     CD =  0.01212   =>   CDf =  0.00692    CDp =  0.00520

 Side 1  free  transition at x/c =  0.3841   55
 Side 2 forced transition at x/c =  1.0000   75

  90   rms: 0.8659E-02   max: -.1484E+00   C at   55  1
       a =  5.750      CL =  0.9874
      Cm = -0.0735     CD =  0.01212   =>   CDf =  0.00692    CDp =  0.00520

 Side 1  free  transition at x/c =  0.3841   55
 Side 2 forced transition at x/c =  1.0000   75

  91   rms: 0.8659E-02   max: -.1484E+00   C at   55  1
       a =  5.750      CL =  0.9874
      Cm = -0.0735     CD =  0.01212   =>   CDf =  0.00692    CDp =  0.00520

 Side 1  free  transition at x/c =  0.3841   55
 Side 2 forced transition at x/c =  1.0000   75

  92   rms: 0.8659E-02   max: -.1484E+00   C at   55  1
       a =  5.750      CL =  0.9874
      Cm = -0.0735     CD =  0.01212   =>   CDf =  0.00692    CDp =  0.00520

 Side 1  free  transition at x/c =  0.3841   55
 Side 2 forced transition at x/c =  1.0000   75

  93   rms: 0.8659E-02   max: -.1484E+00   C at   55  1
       a =  5.750      CL =  0.9874
      Cm = -0.0735     CD =  0.01212   =>   CDf =  0.00692    CDp =  0.00520

 Side 1  free  transition at x/c =  0.3841   55
 Side 2 forced transition at x/c =  1.0000   75

  94   rms: 0.8659E-02   max: -.1484E+00   C at   55  1
       a =  5.750      CL =  0.9874
      Cm = -0.0735     CD =  0.01212   =>   CDf =  0.00692    CDp =  0.00520

 Side 1  free  transition at x/c =  0.3841   55
 Side 2 forced transition at x/c =  1.0000   75

  95   rms: 0.8659E-02   max: -.1484E+00   C at   55  1
       a =  5.750      CL =  0.9874
      Cm = -0.0735     CD =  0.01212   =>   CDf =  0.00692    CDp =  0.00520

 Side 1  free  transition at x/c =  0.3841   55
 Side 2 forced transition at x/c =  1.0000   75

  96   rms: 0.8659E-02   max: -.1484E+00   C at   55  1
       a =  5.750      CL =  0.9874
      Cm = -0.0735     CD =  0.01212   =>   CDf =  0.00692    CDp =  0.00520

 Side 1  free  transition at x/c =  0.3841   55
 Side 2 forced transition at x/c =  1.0000   75

  97   rms: 0.8659E-02   max: -.1484E+00   C at   55  1
       a =  5.750      CL =  0.9874
      Cm = -0.0735     CD =  0.01212   =>   CDf =  0.00692    CDp =  0.00520

 Side 1  free  transition at x/c =  0.3841   55
 Side 2 forced transition at x/c =  1.0000   75

  98   rms: 0.8659E-02   max: -.1484E+00   C at   55  1
       a =  5.750      CL =  0.9874
      Cm = -0.0735     CD =  0.01212   =>   CDf =  0.00692    CDp =  0.00520

 Side 1  free  transition at x/c =  0.3841   55
 Side 2 forced transition at x/c =  1.0000   75

  99   rms: 0.8659E-02   max: -.1484E+00   C at   55  1
       a =  5.750      CL =  0.9874
      Cm = -0.0735     CD =  0.01212   =>   CDf =  0.00692    CDp =  0.00520

 Side 1  free  transition at x/c =  0.3841   55
 Side 2 forced transition at x/c =  1.0000   75

 100   rms: 0.8659E-02   max: -.1484E+00   C at   55  1
       a =  5.750      CL =  0.9874
      Cm = -0.0735     CD =  0.01212   =>   CDf =  0.00692    CDp =  0.00520

 Side 1  free  transition at x/c =  0.3841   55
 Side 2 forced transition at x/c =  1.0000   75

 101   rms: 0.8659E-02   max: -.1484E+00   C at   55  1
       a =  5.750      CL =  0.9874
      Cm = -0.0735     CD =  0.01212   =>   CDf =  0.00692    CDp =  0.00520

 Side 1  free  transition at x/c =  0.3841   55
 Side 2 forced transition at x/c =  1.0000   75

 102   rms: 0.8659E-02   max: -.1484E+00   C at   55  1
       a =  5.750      CL =  0.9874
      Cm = -0.0735     CD =  0.01212   =>   CDf =  0.00692    CDp =  0.00520

 Side 1  free  transition at x/c =  0.3841   55
 Side 2 forced transition at x/c =  1.0000   75

 103   rms: 0.8659E-02   max: -.1484E+00   C at   55  1
       a =  5.750      CL =  0.9874
      Cm = -0.0735     CD =  0.01212   =>   CDf =  0.00692    CDp =  0.00520

 Side 1  free  transition at x/c =  0.3841   55
 Side 2 forced transition at x/c =  1.0000   75

 104   rms: 0.8659E-02   max: -.1484E+00   C at   55  1
       a =  5.750      CL =  0.9874
      Cm = -0.0735     CD =  0.01212   =>   CDf =  0.00692    CDp =  0.00520

 Side 1  free  transition at x/c =  0.3841   55
 Side 2 forced transition at x/c =  1.0000   75

 105   rms: 0.8659E-02   max: -.1484E+00   C at   55  1
       a =  5.750      CL =  0.9874
      Cm = -0.0735     CD =  0.01212   =>   CDf =  0.00692    CDp =  0.00520

 Side 1  free  transition at x/c =  0.3841   55
 Side 2 forced transition at x/c =  1.0000   75

 106   rms: 0.8659E-02   max: -.1484E+00   C at   55  1
       a =  5.750      CL =  0.9874
      Cm = -0.0735     CD =  0.01212   =>   CDf =  0.00692    CDp =  0.00520

 Side 1  free  transition at x/c =  0.3841   55
 Side 2 forced transition at x/c =  1.0000   75

 107   rms: 0.8659E-02   max: -.1484E+00   C at   55  1
       a =  5.750      CL =  0.9874
      Cm = -0.0735     CD =  0.01212   =>   CDf =  0.00692    CDp =  0.00520

 Side 1  free  transition at x/c =  0.3841   55
 Side 2 forced transition at x/c =  1.0000   75

 108   rms: 0.8659E-02   max: -.1484E+00   C at   55  1
       a =  5.750      CL =  0.9874
      Cm = -0.0735     CD =  0.01212   =>   CDf =  0.00692    CDp =  0.00520

 Side 1  free  transition at x/c =  0.3841   55
 Side 2 forced transition at x/c =  1.0000   75

 109   rms: 0.8659E-02   max: -.1484E+00   C at   55  1
       a =  5.750      CL =  0.9874
      Cm = -0.0735     CD =  0.01212   =>   CDf =  0.00692    CDp =  0.00520

 Side 1  free  transition at x/c =  0.3841   55
 Side 2 forced transition at x/c =  1.0000   75

 110   rms: 0.8659E-02   max: -.1484E+00   C at   55  1
       a =  5.750      CL =  0.9874
      Cm = -0.0735     CD =  0.01212   =>   CDf =  0.00692    CDp =  0.00520

 Side 1  free  transition at x/c =  0.3841   55
 Side 2 forced transition at x/c =  1.0000   75

 111   rms: 0.8659E-02   max: -.1484E+00   C at   55  1
       a =  5.750      CL =  0.9874
      Cm = -0.0735     CD =  0.01212   =>   CDf =  0.00692    CDp =  0.00520

 Side 1  free  transition at x/c =  0.3841   55
 Side 2 forced transition at x/c =  1.0000   75

 112   rms: 0.8659E-02   max: -.1484E+00   C at   55  1
       a =  5.750      CL =  0.9874
      Cm = -0.0735     CD =  0.01212   =>   CDf =  0.00692    CDp =  0.00520

 Side 1  free  transition at x/c =  0.3841   55
 Side 2 forced transition at x/c =  1.0000   75

 113   rms: 0.8659E-02   max: -.1484E+00   C at   55  1
       a =  5.750      CL =  0.9874
      Cm = -0.0735     CD =  0.01212   =>   CDf =  0.00692    CDp =  0.00520

 Side 1  free  transition at x/c =  0.3841   55
 Side 2 forced transition at x/c =  1.0000   75

 114   rms: 0.8659E-02   max: -.1484E+00   C at   55  1
       a =  5.750      CL =  0.9874
      Cm = -0.0735     CD =  0.01212   =>   CDf =  0.00692    CDp =  0.00520

 Side 1  free  transition at x/c =  0.3841   55
 Side 2 forced transition at x/c =  1.0000   75

 115   rms: 0.8659E-02   max: -.1484E+00   C at   55  1
       a =  5.750      CL =  0.9874
      Cm = -0.0735     CD =  0.01212   =>   CDf =  0.00692    CDp =  0.00520

 Side 1  free  transition at x/c =  0.3841   55
 Side 2 forced transition at x/c =  1.0000   75

 116   rms: 0.8659E-02   max: -.1484E+00   C at   55  1
       a =  5.750      CL =  0.9874
      Cm = -0.0735     CD =  0.01212   =>   CDf =  0.00692    CDp =  0.00520

 Side 1  free  transition at x/c =  0.3841   55
 Side 2 forced transition at x/c =  1.0000   75

 117   rms: 0.8659E-02   max: -.1484E+00   C at   55  1
       a =  5.750      CL =  0.9874
      Cm = -0.0735     CD =  0.01212   =>   CDf =  0.00692    CDp =  0.00520

 Side 1  free  transition at x/c =  0.3841   55
 Side 2 forced transition at x/c =  1.0000   75

 118   rms: 0.8659E-02   max: -.1484E+00   C at   55  1
       a =  5.750      CL =  0.9874
      Cm = -0.0735     CD =  0.01212   =>   CDf =  0.00692    CDp =  0.00520

 Side 1  free  transition at x/c =  0.3841   55
 Side 2 forced transition at x/c =  1.0000   75

 119   rms: 0.8659E-02   max: -.1484E+00   C at   55  1
       a =  5.750      CL =  0.9874
      Cm = -0.0735     CD =  0.01212   =>   CDf =  0.00692    CDp =  0.00520

 Side 1  free  transition at x/c =  0.3841   55
 Side 2 forced transition at x/c =  1.0000   75

 120   rms: 0.8659E-02   max: -.1484E+00   C at   55  1
       a =  5.750      CL =  0.9874
      Cm = -0.0735     CD =  0.01212   =>   CDf =  0.00692    CDp =  0.00520

 Side 1  free  transition at x/c =  0.3841   55
 Side 2 forced transition at x/c =  1.0000   75

 121   rms: 0.8659E-02   max: -.1484E+00   C at   55  1
       a =  5.750      CL =  0.9874
      Cm = -0.0735     CD =  0.01212   =>   CDf =  0.00692    CDp =  0.00520

 Side 1  free  transition at x/c =  0.3841   55
 Side 2 forced transition at x/c =  1.0000   75

 122   rms: 0.8659E-02   max: -.1484E+00   C at   55  1
       a =  5.750      CL =  0.9874
      Cm = -0.0735     CD =  0.01212   =>   CDf =  0.00692    CDp =  0.00520

 Side 1  free  transition at x/c =  0.3841   55
 Side 2 forced transition at x/c =  1.0000   75

 123   rms: 0.8659E-02   max: -.1484E+00   C at   55  1
       a =  5.750      CL =  0.9874
      Cm = -0.0735     CD =  0.01212   =>   CDf =  0.00692    CDp =  0.00520

 Side 1  free  transition at x/c =  0.3841   55
 Side 2 forced transition at x/c =  1.0000   75

 124   rms: 0.8659E-02   max: -.1484E+00   C at   55  1
       a =  5.750      CL =  0.9874
      Cm = -0.0735     CD =  0.01212   =>   CDf =  0.00692    CDp =  0.00520

 Side 1  free  transition at x/c =  0.3841   55
 Side 2 forced transition at x/c =  1.0000   75

 125   rms: 0.8659E-02   max: -.1484E+00   C at   55  1
       a =  5.750      CL =  0.9874
      Cm = -0.0735     CD =  0.01212   =>   CDf =  0.00692    CDp =  0.00520

 Side 1  free  transition at x/c =  0.3841   55
 Side 2 forced transition at x/c =  1.0000   75

 126   rms: 0.8659E-02   max: -.1484E+00   C at   55  1
       a =  5.750      CL =  0.9874
      Cm = -0.0735     CD =  0.01212   =>   CDf =  0.00692    CDp =  0.00520

 Side 1  free  transition at x/c =  0.3841   55
 Side 2 forced transition at x/c =  1.0000   75

 127   rms: 0.8659E-02   max: -.1484E+00   C at   55  1
       a =  5.750      CL =  0.9874
      Cm = -0.0735     CD =  0.01212   =>   CDf =  0.00692    CDp =  0.00520

 Side 1  free  transition at x/c =  0.3841   55
 Side 2 forced transition at x/c =  1.0000   75

 128   rms: 0.8659E-02   max: -.1484E+00   C at   55  1
       a =  5.750      CL =  0.9874
      Cm = -0.0735     CD =  0.01212   =>   CDf =  0.00692    CDp =  0.00520

 Side 1  free  transition at x/c =  0.3841   55
 Side 2 forced transition at x/c =  1.0000   75

 129   rms: 0.8659E-02   max: -.1484E+00   C at   55  1
       a =  5.750      CL =  0.9874
      Cm = -0.0735     CD =  0.01212   =>   CDf =  0.00692    CDp =  0.00520

 Side 1  free  transition at x/c =  0.3841   55
 Side 2 forced transition at x/c =  1.0000   75

 130   rms: 0.8659E-02   max: -.1484E+00   C at   55  1
       a =  5.750      CL =  0.9874
      Cm = -0.0735     CD =  0.01212   =>   CDf =  0.00692    CDp =  0.00520

 Side 1  free  transition at x/c =  0.3841   55
 Side 2 forced transition at x/c =  1.0000   75

 131   rms: 0.8659E-02   max: -.1484E+00   C at   55  1
       a =  5.750      CL =  0.9874
      Cm = -0.0735     CD =  0.01212   =>   CDf =  0.00692    CDp =  0.00520

 Side 1  free  transition at x/c =  0.3841   55
 Side 2 forced transition at x/c =  1.0000   75

 132   rms: 0.8659E-02   max: -.1484E+00   C at   55  1
       a =  5.750      CL =  0.9874
      Cm = -0.0735     CD =  0.01212   =>   CDf =  0.00692    CDp =  0.00520

 Side 1  free  transition at x/c =  0.3841   55
 Side 2 forced transition at x/c =  1.0000   75

 133   rms: 0.8659E-02   max: -.1484E+00   C at   55  1
       a =  5.750      CL =  0.9874
      Cm = -0.0735     CD =  0.01212   =>   CDf =  0.00692    CDp =  0.00520

 Side 1  free  transition at x/c =  0.3841   55
 Side 2 forced transition at x/c =  1.0000   75

 134   rms: 0.8659E-02   max: -.1484E+00   C at   55  1
       a =  5.750      CL =  0.9874
      Cm = -0.0735     CD =  0.01212   =>   CDf =  0.00692    CDp =  0.00520

 Side 1  free  transition at x/c =  0.3841   55
 Side 2 forced transition at x/c =  1.0000   75

 135   rms: 0.8659E-02   max: -.1484E+00   C at   55  1
       a =  5.750      CL =  0.9874
      Cm = -0.0735     CD =  0.01212   =>   CDf =  0.00692    CDp =  0.00520

 Side 1  free  transition at x/c =  0.3841   55
 Side 2 forced transition at x/c =  1.0000   75

 136   rms: 0.8659E-02   max: -.1484E+00   C at   55  1
       a =  5.750      CL =  0.9874
      Cm = -0.0735     CD =  0.01212   =>   CDf =  0.00692    CDp =  0.00520

 Side 1  free  transition at x/c =  0.3841   55
 Side 2 forced transition at x/c =  1.0000   75

 137   rms: 0.8659E-02   max: -.1484E+00   C at   55  1
       a =  5.750      CL =  0.9874
      Cm = -0.0735     CD =  0.01212   =>   CDf =  0.00692    CDp =  0.00520

 Side 1  free  transition at x/c =  0.3841   55
 Side 2 forced transition at x/c =  1.0000   75

 138   rms: 0.8659E-02   max: -.1484E+00   C at   55  1
       a =  5.750      CL =  0.9874
      Cm = -0.0735     CD =  0.01212   =>   CDf =  0.00692    CDp =  0.00520

 Side 1  free  transition at x/c =  0.3841   55
 Side 2 forced transition at x/c =  1.0000   75

 139   rms: 0.8659E-02   max: -.1484E+00   C at   55  1
       a =  5.750      CL =  0.9874
      Cm = -0.0735     CD =  0.01212   =>   CDf =  0.00692    CDp =  0.00520

 Side 1  free  transition at x/c =  0.3841   55
 Side 2 forced transition at x/c =  1.0000   75

 140   rms: 0.8659E-02   max: -.1484E+00   C at   55  1
       a =  5.750      CL =  0.9874
      Cm = -0.0735     CD =  0.01212   =>   CDf =  0.00692    CDp =  0.00520

 Side 1  free  transition at x/c =  0.3841   55
 Side 2 forced transition at x/c =  1.0000   75

 141   rms: 0.8659E-02   max: -.1484E+00   C at   55  1
       a =  5.750      CL =  0.9874
      Cm = -0.0735     CD =  0.01212   =>   CDf =  0.00692    CDp =  0.00520

 Side 1  free  transition at x/c =  0.3841   55
 Side 2 forced transition at x/c =  1.0000   75

 142   rms: 0.8659E-02   max: -.1484E+00   C at   55  1
       a =  5.750      CL =  0.9874
      Cm = -0.0735     CD =  0.01212   =>   CDf =  0.00692    CDp =  0.00520

 Side 1  free  transition at x/c =  0.3841   55
 Side 2 forced transition at x/c =  1.0000   75

 143   rms: 0.8659E-02   max: -.1484E+00   C at   55  1
       a =  5.750      CL =  0.9874
      Cm = -0.0735     CD =  0.01212   =>   CDf =  0.00692    CDp =  0.00520

 Side 1  free  transition at x/c =  0.3841   55
 Side 2 forced transition at x/c =  1.0000   75

 144   rms: 0.8659E-02   max: -.1484E+00   C at   55  1
       a =  5.750      CL =  0.9874
      Cm = -0.0735     CD =  0.01212   =>   CDf =  0.00692    CDp =  0.00520

 Side 1  free  transition at x/c =  0.3841   55
 Side 2 forced transition at x/c =  1.0000   75

 145   rms: 0.8659E-02   max: -.1484E+00   C at   55  1
       a =  5.750      CL =  0.9874
      Cm = -0.0735     CD =  0.01212   =>   CDf =  0.00692    CDp =  0.00520

 Side 1  free  transition at x/c =  0.3841   55
 Side 2 forced transition at x/c =  1.0000   75

 146   rms: 0.8659E-02   max: -.1484E+00   C at   55  1
       a =  5.750      CL =  0.9874
      Cm = -0.0735     CD =  0.01212   =>   CDf =  0.00692    CDp =  0.00520

 Side 1  free  transition at x/c =  0.3841   55
 Side 2 forced transition at x/c =  1.0000   75

 147   rms: 0.8659E-02   max: -.1484E+00   C at   55  1
       a =  5.750      CL =  0.9874
      Cm = -0.0735     CD =  0.01212   =>   CDf =  0.00692    CDp =  0.00520

 Side 1  free  transition at x/c =  0.3841   55
 Side 2 forced transition at x/c =  1.0000   75

 148   rms: 0.8659E-02   max: -.1484E+00   C at   55  1
       a =  5.750      CL =  0.9874
      Cm = -0.0735     CD =  0.01212   =>   CDf =  0.00692    CDp =  0.00520

 Side 1  free  transition at x/c =  0.3841   55
 Side 2 forced transition at x/c =  1.0000   75

 149   rms: 0.8659E-02   max: -.1484E+00   C at   55  1
       a =  5.750      CL =  0.9874
      Cm = -0.0735     CD =  0.01212   =>   CDf =  0.00692    CDp =  0.00520

 Side 1  free  transition at x/c =  0.3841   55
 Side 2 forced transition at x/c =  1.0000   75

 150   rms: 0.8659E-02   max: -.1484E+00   C at   55  1
       a =  5.750      CL =  0.9874
      Cm = -0.0735     CD =  0.01212   =>   CDf =  0.00692    CDp =  0.00520

 Side 1  free  transition at x/c =  0.3841   55
 Side 2 forced transition at x/c =  1.0000   75

 151   rms: 0.8659E-02   max: -.1484E+00   C at   55  1
       a =  5.750      CL =  0.9874
      Cm = -0.0735     CD =  0.01212   =>   CDf =  0.00692    CDp =  0.00520

 Side 1  free  transition at x/c =  0.3841   55
 Side 2 forced transition at x/c =  1.0000   75

 152   rms: 0.8659E-02   max: -.1484E+00   C at   55  1
       a =  5.750      CL =  0.9874
      Cm = -0.0735     CD =  0.01212   =>   CDf =  0.00692    CDp =  0.00520

 Side 1  free  transition at x/c =  0.3841   55
 Side 2 forced transition at x/c =  1.0000   75

 153   rms: 0.8659E-02   max: -.1484E+00   C at   55  1
       a =  5.750      CL =  0.9874
      Cm = -0.0735     CD =  0.01212   =>   CDf =  0.00692    CDp =  0.00520

 Side 1  free  transition at x/c =  0.3841   55
 Side 2 forced transition at x/c =  1.0000   75

 154   rms: 0.8659E-02   max: -.1484E+00   C at   55  1
       a =  5.750      CL =  0.9874
      Cm = -0.0735     CD =  0.01212   =>   CDf =  0.00692    CDp =  0.00520

 Side 1  free  transition at x/c =  0.3841   55
 Side 2 forced transition at x/c =  1.0000   75

 155   rms: 0.8659E-02   max: -.1484E+00   C at   55  1
       a =  5.750      CL =  0.9874
      Cm = -0.0735     CD =  0.01212   =>   CDf =  0.00692    CDp =  0.00520

 Side 1  free  transition at x/c =  0.3841   55
 Side 2 forced transition at x/c =  1.0000   75

 156   rms: 0.8659E-02   max: -.1484E+00   C at   55  1
       a =  5.750      CL =  0.9874
      Cm = -0.0735     CD =  0.01212   =>   CDf =  0.00692    CDp =  0.00520

 Side 1  free  transition at x/c =  0.3841   55
 Side 2 forced transition at x/c =  1.0000   75

 157   rms: 0.8659E-02   max: -.1484E+00   C at   55  1
       a =  5.750      CL =  0.9874
      Cm = -0.0735     CD =  0.01212   =>   CDf =  0.00692    CDp =  0.00520

 Side 1  free  transition at x/c =  0.3841   55
 Side 2 forced transition at x/c =  1.0000   75

 158   rms: 0.8659E-02   max: -.1484E+00   C at   55  1
       a =  5.750      CL =  0.9874
      Cm = -0.0735     CD =  0.01212   =>   CDf =  0.00692    CDp =  0.00520

 Side 1  free  transition at x/c =  0.3841   55
 Side 2 forced transition at x/c =  1.0000   75

 159   rms: 0.8659E-02   max: -.1484E+00   C at   55  1
       a =  5.750      CL =  0.9874
      Cm = -0.0735     CD =  0.01212   =>   CDf =  0.00692    CDp =  0.00520

 Side 1  free  transition at x/c =  0.3841   55
 Side 2 forced transition at x/c =  1.0000   75

 160   rms: 0.8659E-02   max: -.1484E+00   C at   55  1
       a =  5.750      CL =  0.9874
      Cm = -0.0735     CD =  0.01212   =>   CDf =  0.00692    CDp =  0.00520

 Side 1  free  transition at x/c =  0.3841   55
 Side 2 forced transition at x/c =  1.0000   75

 161   rms: 0.8659E-02   max: -.1484E+00   C at   55  1
       a =  5.750      CL =  0.9874
      Cm = -0.0735     CD =  0.01212   =>   CDf =  0.00692    CDp =  0.00520

 Side 1  free  transition at x/c =  0.3841   55
 Side 2 forced transition at x/c =  1.0000   75

 162   rms: 0.8659E-02   max: -.1484E+00   C at   55  1
       a =  5.750      CL =  0.9874
      Cm = -0.0735     CD =  0.01212   =>   CDf =  0.00692    CDp =  0.00520

 Side 1  free  transition at x/c =  0.3841   55
 Side 2 forced transition at x/c =  1.0000   75

 163   rms: 0.8659E-02   max: -.1484E+00   C at   55  1
       a =  5.750      CL =  0.9874
      Cm = -0.0735     CD =  0.01212   =>   CDf =  0.00692    CDp =  0.00520

 Side 1  free  transition at x/c =  0.3841   55
 Side 2 forced transition at x/c =  1.0000   75

 164   rms: 0.8659E-02   max: -.1484E+00   C at   55  1
       a =  5.750      CL =  0.9874
      Cm = -0.0735     CD =  0.01212   =>   CDf =  0.00692    CDp =  0.00520

 Side 1  free  transition at x/c =  0.3841   55
 Side 2 forced transition at x/c =  1.0000   75

 165   rms: 0.8659E-02   max: -.1484E+00   C at   55  1
       a =  5.750      CL =  0.9874
      Cm = -0.0735     CD =  0.01212   =>   CDf =  0.00692    CDp =  0.00520

 Side 1  free  transition at x/c =  0.3841   55
 Side 2 forced transition at x/c =  1.0000   75

 166   rms: 0.8659E-02   max: -.1484E+00   C at   55  1
       a =  5.750      CL =  0.9874
      Cm = -0.0735     CD =  0.01212   =>   CDf =  0.00692    CDp =  0.00520

 Side 1  free  transition at x/c =  0.3841   55
 Side 2 forced transition at x/c =  1.0000   75

 167   rms: 0.8659E-02   max: -.1484E+00   C at   55  1
       a =  5.750      CL =  0.9874
      Cm = -0.0735     CD =  0.01212   =>   CDf =  0.00692    CDp =  0.00520

 Side 1  free  transition at x/c =  0.3841   55
 Side 2 forced transition at x/c =  1.0000   75

 168   rms: 0.8659E-02   max: -.1484E+00   C at   55  1
       a =  5.750      CL =  0.9874
      Cm = -0.0735     CD =  0.01212   =>   CDf =  0.00692    CDp =  0.00520

 Side 1  free  transition at x/c =  0.3841   55
 Side 2 forced transition at x/c =  1.0000   75

 169   rms: 0.8659E-02   max: -.1484E+00   C at   55  1
       a =  5.750      CL =  0.9874
      Cm = -0.0735     CD =  0.01212   =>   CDf =  0.00692    CDp =  0.00520

 Side 1  free  transition at x/c =  0.3841   55
 Side 2 forced transition at x/c =  1.0000   75

 170   rms: 0.8659E-02   max: -.1484E+00   C at   55  1
       a =  5.750      CL =  0.9874
      Cm = -0.0735     CD =  0.01212   =>   CDf =  0.00692    CDp =  0.00520

 Side 1  free  transition at x/c =  0.3841   55
 Side 2 forced transition at x/c =  1.0000   75

 171   rms: 0.8659E-02   max: -.1484E+00   C at   55  1
       a =  5.750      CL =  0.9874
      Cm = -0.0735     CD =  0.01212   =>   CDf =  0.00692    CDp =  0.00520

 Side 1  free  transition at x/c =  0.3841   55
 Side 2 forced transition at x/c =  1.0000   75

 172   rms: 0.8659E-02   max: -.1484E+00   C at   55  1
       a =  5.750      CL =  0.9874
      Cm = -0.0735     CD =  0.01212   =>   CDf =  0.00692    CDp =  0.00520

 Side 1  free  transition at x/c =  0.3841   55
 Side 2 forced transition at x/c =  1.0000   75

 173   rms: 0.8659E-02   max: -.1484E+00   C at   55  1
       a =  5.750      CL =  0.9874
      Cm = -0.0735     CD =  0.01212   =>   CDf =  0.00692    CDp =  0.00520

 Side 1  free  transition at x/c =  0.3841   55
 Side 2 forced transition at x/c =  1.0000   75

 174   rms: 0.8659E-02   max: -.1484E+00   C at   55  1
       a =  5.750      CL =  0.9874
      Cm = -0.0735     CD =  0.01212   =>   CDf =  0.00692    CDp =  0.00520

 Side 1  free  transition at x/c =  0.3841   55
 Side 2 forced transition at x/c =  1.0000   75

 175   rms: 0.8659E-02   max: -.1484E+00   C at   55  1
       a =  5.750      CL =  0.9874
      Cm = -0.0735     CD =  0.01212   =>   CDf =  0.00692    CDp =  0.00520

 Side 1  free  transition at x/c =  0.3841   55
 Side 2 forced transition at x/c =  1.0000   75

 176   rms: 0.8659E-02   max: -.1484E+00   C at   55  1
       a =  5.750      CL =  0.9874
      Cm = -0.0735     CD =  0.01212   =>   CDf =  0.00692    CDp =  0.00520

 Side 1  free  transition at x/c =  0.3841   55
 Side 2 forced transition at x/c =  1.0000   75

 177   rms: 0.8659E-02   max: -.1484E+00   C at   55  1
       a =  5.750      CL =  0.9874
      Cm = -0.0735     CD =  0.01212   =>   CDf =  0.00692    CDp =  0.00520

 Side 1  free  transition at x/c =  0.3841   55
 Side 2 forced transition at x/c =  1.0000   75

 178   rms: 0.8659E-02   max: -.1484E+00   C at   55  1
       a =  5.750      CL =  0.9874
      Cm = -0.0735     CD =  0.01212   =>   CDf =  0.00692    CDp =  0.00520

 Side 1  free  transition at x/c =  0.3841   55
 Side 2 forced transition at x/c =  1.0000   75

 179   rms: 0.8659E-02   max: -.1484E+00   C at   55  1
       a =  5.750      CL =  0.9874
      Cm = -0.0735     CD =  0.01212   =>   CDf =  0.00692    CDp =  0.00520

 Side 1  free  transition at x/c =  0.3841   55
 Side 2 forced transition at x/c =  1.0000   75

 180   rms: 0.8659E-02   max: -.1484E+00   C at   55  1
       a =  5.750      CL =  0.9874
      Cm = -0.0735     CD =  0.01212   =>   CDf =  0.00692    CDp =  0.00520

 Side 1  free  transition at x/c =  0.3841   55
 Side 2 forced transition at x/c =  1.0000   75

 181   rms: 0.8659E-02   max: -.1484E+00   C at   55  1
       a =  5.750      CL =  0.9874
      Cm = -0.0735     CD =  0.01212   =>   CDf =  0.00692    CDp =  0.00520

 Side 1  free  transition at x/c =  0.3841   55
 Side 2 forced transition at x/c =  1.0000   75

 182   rms: 0.8659E-02   max: -.1484E+00   C at   55  1
       a =  5.750      CL =  0.9874
      Cm = -0.0735     CD =  0.01212   =>   CDf =  0.00692    CDp =  0.00520

 Side 1  free  transition at x/c =  0.3841   55
 Side 2 forced transition at x/c =  1.0000   75

 183   rms: 0.8659E-02   max: -.1484E+00   C at   55  1
       a =  5.750      CL =  0.9874
      Cm = -0.0735     CD =  0.01212   =>   CDf =  0.00692    CDp =  0.00520

 Side 1  free  transition at x/c =  0.3841   55
 Side 2 forced transition at x/c =  1.0000   75

 184   rms: 0.8659E-02   max: -.1484E+00   C at   55  1
       a =  5.750      CL =  0.9874
      Cm = -0.0735     CD =  0.01212   =>   CDf =  0.00692    CDp =  0.00520

 Side 1  free  transition at x/c =  0.3841   55
 Side 2 forced transition at x/c =  1.0000   75

 185   rms: 0.8659E-02   max: -.1484E+00   C at   55  1
       a =  5.750      CL =  0.9874
      Cm = -0.0735     CD =  0.01212   =>   CDf =  0.00692    CDp =  0.00520

 Side 1  free  transition at x/c =  0.3841   55
 Side 2 forced transition at x/c =  1.0000   75

 186   rms: 0.8659E-02   max: -.1484E+00   C at   55  1
       a =  5.750      CL =  0.9874
      Cm = -0.0735     CD =  0.01212   =>   CDf =  0.00692    CDp =  0.00520

 Side 1  free  transition at x/c =  0.3841   55
 Side 2 forced transition at x/c =  1.0000   75

 187   rms: 0.8659E-02   max: -.1484E+00   C at   55  1
       a =  5.750      CL =  0.9874
      Cm = -0.0735     CD =  0.01212   =>   CDf =  0.00692    CDp =  0.00520

 Side 1  free  transition at x/c =  0.3841   55
 Side 2 forced transition at x/c =  1.0000   75

 188   rms: 0.8659E-02   max: -.1484E+00   C at   55  1
       a =  5.750      CL =  0.9874
      Cm = -0.0735     CD =  0.01212   =>   CDf =  0.00692    CDp =  0.00520

 Side 1  free  transition at x/c =  0.3841   55
 Side 2 forced transition at x/c =  1.0000   75

 189   rms: 0.8659E-02   max: -.1484E+00   C at   55  1
       a =  5.750      CL =  0.9874
      Cm = -0.0735     CD =  0.01212   =>   CDf =  0.00692    CDp =  0.00520

 Side 1  free  transition at x/c =  0.3841   55
 Side 2 forced transition at x/c =  1.0000   75

 190   rms: 0.8659E-02   max: -.1484E+00   C at   55  1
       a =  5.750      CL =  0.9874
      Cm = -0.0735     CD =  0.01212   =>   CDf =  0.00692    CDp =  0.00520

 Side 1  free  transition at x/c =  0.3841   55
 Side 2 forced transition at x/c =  1.0000   75

 191   rms: 0.8659E-02   max: -.1484E+00   C at   55  1
       a =  5.750      CL =  0.9874
      Cm = -0.0735     CD =  0.01212   =>   CDf =  0.00692    CDp =  0.00520

 Side 1  free  transition at x/c =  0.3841   55
 Side 2 forced transition at x/c =  1.0000   75

 192   rms: 0.8659E-02   max: -.1484E+00   C at   55  1
       a =  5.750      CL =  0.9874
      Cm = -0.0735     CD =  0.01212   =>   CDf =  0.00692    CDp =  0.00520

 Side 1  free  transition at x/c =  0.3841   55
 Side 2 forced transition at x/c =  1.0000   75

 193   rms: 0.8659E-02   max: -.1484E+00   C at   55  1
       a =  5.750      CL =  0.9874
      Cm = -0.0735     CD =  0.01212   =>   CDf =  0.00692    CDp =  0.00520

 Side 1  free  transition at x/c =  0.3841   55
 Side 2 forced transition at x/c =  1.0000   75

 194   rms: 0.8659E-02   max: -.1484E+00   C at   55  1
       a =  5.750      CL =  0.9874
      Cm = -0.0735     CD =  0.01212   =>   CDf =  0.00692    CDp =  0.00520

 Side 1  free  transition at x/c =  0.3841   55
 Side 2 forced transition at x/c =  1.0000   75

 195   rms: 0.8659E-02   max: -.1484E+00   C at   55  1
       a =  5.750      CL =  0.9874
      Cm = -0.0735     CD =  0.01212   =>   CDf =  0.00692    CDp =  0.00520

 Side 1  free  transition at x/c =  0.3841   55
 Side 2 forced transition at x/c =  1.0000   75

 196   rms: 0.8659E-02   max: -.1484E+00   C at   55  1
       a =  5.750      CL =  0.9874
      Cm = -0.0735     CD =  0.01212   =>   CDf =  0.00692    CDp =  0.00520

 Side 1  free  transition at x/c =  0.3841   55
 Side 2 forced transition at x/c =  1.0000   75

 197   rms: 0.8659E-02   max: -.1484E+00   C at   55  1
       a =  5.750      CL =  0.9874
      Cm = -0.0735     CD =  0.01212   =>   CDf =  0.00692    CDp =  0.00520

 Side 1  free  transition at x/c =  0.3841   55
 Side 2 forced transition at x/c =  1.0000   75

 198   rms: 0.8659E-02   max: -.1484E+00   C at   55  1
       a =  5.750      CL =  0.9874
      Cm = -0.0735     CD =  0.01212   =>   CDf =  0.00692    CDp =  0.00520

 Side 1  free  transition at x/c =  0.3841   55
 Side 2 forced transition at x/c =  1.0000   75

 199   rms: 0.8659E-02   max: -.1484E+00   C at   55  1
       a =  5.750      CL =  0.9874
      Cm = -0.0735     CD =  0.01212   =>   CDf =  0.00692    CDp =  0.00520

 Side 1  free  transition at x/c =  0.3841   55
 Side 2 forced transition at x/c =  1.0000   75

 200   rms: 0.8659E-02   max: -.1484E+00   C at   55  1
       a =  5.750      CL =  0.9874
      Cm = -0.0735     CD =  0.01212   =>   CDf =  0.00692    CDp =  0.00520

 Side 1  free  transition at x/c =  0.3841   55
 Side 2 forced transition at x/c =  1.0000   75

 201   rms: 0.8659E-02   max: -.1484E+00   C at   55  1
       a =  5.750      CL =  0.9874
      Cm = -0.0735     CD =  0.01212   =>   CDf =  0.00692    CDp =  0.00520

 Side 1  free  transition at x/c =  0.3841   55
 Side 2 forced transition at x/c =  1.0000   75

 202   rms: 0.8659E-02   max: -.1484E+00   C at   55  1
       a =  5.750      CL =  0.9874
      Cm = -0.0735     CD =  0.01212   =>   CDf =  0.00692    CDp =  0.00520

 Side 1  free  transition at x/c =  0.3841   55
 Side 2 forced transition at x/c =  1.0000   75

 203   rms: 0.8659E-02   max: -.1484E+00   C at   55  1
       a =  5.750      CL =  0.9874
      Cm = -0.0735     CD =  0.01212   =>   CDf =  0.00692    CDp =  0.00520

 Side 1  free  transition at x/c =  0.3841   55
 Side 2 forced transition at x/c =  1.0000   75

 204   rms: 0.8659E-02   max: -.1484E+00   C at   55  1
       a =  5.750      CL =  0.9874
      Cm = -0.0735     CD =  0.01212   =>   CDf =  0.00692    CDp =  0.00520

 Side 1  free  transition at x/c =  0.3841   55
 Side 2 forced transition at x/c =  1.0000   75

 205   rms: 0.8659E-02   max: -.1484E+00   C at   55  1
       a =  5.750      CL =  0.9874
      Cm = -0.0735     CD =  0.01212   =>   CDf =  0.00692    CDp =  0.00520
 VISCAL:  Convergence failed
      9.000    4.8279   0.012118   0.002723   0.003167   0.000444    0.3841     #
 Calculating wake trajectory ...
 Calculating source influence matrix ...

 Solving BL system ...

 Side 1  free  transition at x/c =  0.3841   55
 Side 2 forced transition at x/c =  1.0000   75

   1   rms: 0.4273E-01   max: -.3305E+00   C at   55  1
       a =  6.000      CL =  1.0132
      Cm = -0.0731     CD =  0.01224   =>   CDf =  0.00677    CDp =  0.00547

 Side 1  free  transition at x/c =  0.3718   56
 Side 2 forced transition at x/c =  1.0000   74

   2   rms: 0.5394E-02   max: 0.6988E-01   D at   57  1
       a =  6.000      CL =  1.0117
      Cm = -0.0729     CD =  0.01239   =>   CDf =  0.00686    CDp =  0.00552

 Side 1  free  transition at x/c =  0.3735   56
 Side 2 forced transition at x/c =  1.0000   74

   3   rms: 0.5533E-03   max: -.5598E-02   D at    4  1
       a =  6.000      CL =  1.0117
      Cm = -0.0729     CD =  0.01239   =>   CDf =  0.00683    CDp =  0.00556

 Side 1  free  transition at x/c =  0.3734   56
 Side 2 forced transition at x/c =  1.0000   74

   4   rms: 0.1287E-05   max: -.1082E-04   D at   57  1
       a =  6.000      CL =  1.0117
      Cm = -0.0729     CD =  0.01239   =>   CDf =  0.00684    CDp =  0.00556
      9.000    4.9636   0.012393   0.002748   0.003264   0.000516    0.3734     #

 Point added to stored polar  1
 Point written to save file  clarky_re300000_clean.polar                     
 Dump file unspecified or not available
 Calculating wake trajectory ...
 Calculating source influence matrix ...

 Solving BL system ...

 Side 1  free  transition at x/c =  0.3734   56
 Side 2 forced transition at x/c =  1.0000   74

   1   rms: 0.4133E-01   max: 0.1778E+00   C at   56  1
       a =  6.250      CL =  1.0349
      Cm = -0.0721     CD =  0.01275   =>   CDf =  0.00684    CDp =  0.00591

 Side 1  free  transition at x/c =  0.3630   55
 Side 2 forced transition at x/c =  1.0000   74

   2   rms: 0.3986E-02   max: -.5764E-01   C at   55  1
       a =  6.250      CL =  1.0347
      Cm = -0.0721     CD =  0.01275   =>   CDf =  0.00691    CDp =  0.00584

 Side 1  free  transition at x/c =  0.3634   55
 Side 2 forced transition at x/c =  1.0000   74

   3   rms: 0.1212E-03   max: 0.1651E-02   C at   55  1
       a =  6.250      CL =  1.0348
      Cm = -0.0721     CD =  0.01275   =>   CDf =  0.00689    CDp =  0.00587

 Side 1  free  transition at x/c =  0.3634   55
 Side 2 forced transition at x/c =  1.0000   74

   4   rms: 0.9194E-06   max: -.4407E-05   C at   74  2
       a =  6.250      CL =  1.0348
      Cm = -0.0721     CD =  0.01275   =>   CDf =  0.00689    CDp =  0.00587
      9.000    5.0734   0.012755   0.002775   0.003297   0.000522    0.3634     #

 Point added to stored polar  1
 Point written to save file  clarky_re300000_clean.polar                     
 Dump file unspecified or not available
 Calculating wake trajectory ...
 Calculating source influence matrix ...

 Solving BL system ...

 Side 1  free  transition at x/c =  0.3634   55
 Side 2 forced transition at x/c =  1.0000   74

   1   rms: 0.3987E-01   max: -.5853E-01   C at   74  2
       a =  6.500      CL =  1.0597
      Cm = -0.0716     CD =  0.01299   =>   CDf =  0.00689    CDp =  0.00610

 Side 1  free  transition at x/c =  0.3522   55
 Side 2 forced transition at x/c =  1.0000   74

   2   rms: 0.4862E-02   max: -.5036E-01   C at   55  1
       a =  6.500      CL =  1.0585
      Cm = -0.0714     CD =  0.01305   =>   CDf =  0.00691    CDp =  0.00614

 Side 1  free  transition at x/c =  0.3536   55
 Side 2 forced transition at x/c =  1.0000   74

   3   rms: 0.1558E-03   max: -.2956E-02   D at   56  1
       a =  6.500      CL =  1.0586
      Cm = -0.0715     CD =  0.01306   =>   CDf =  0.00688    CDp =  0.00618

 Side 1  free  transition at x/c =  0.3535   55
 Side 2 forced transition at x/c =  1.0000   74

   4   rms: 0.7042E-06   max: -.5794E-05   D at   56  1
       a =  6.500      CL =  1.0586
      Cm = -0.0715     CD =  0.01306   =>   CDf =  0.00688    CDp =  0.00618
      9.000    5.1664   0.013057   0.002805   0.003380   0.000575    0.3535     #

 Point added to stored polar  1
 Point written to save file  clarky_re300000_clean.polar                     
 Dump file unspecified or not available
 Calculating wake trajectory ...
 Calculating source influence matrix ...

 Solving BL system ...

 Side 1  free  transition at x/c =  0.3535   55
 Side 2 forced transition at x/c =  1.0000   74

   1   rms: 0.4101E-01   max: -.6475E-01   C at   74  2
       a =  6.750      CL =  1.0816
      Cm = -0.0707     CD =  0.01343   =>   CDf =  0.00672    CDp =  0.00672

 Side 1  free  transition at x/c =  0.3446   55
 Side 2 forced transition at x/c =  1.0000   73

   2   rms: 0.4550E-02   max: -.5421E-01   C at   55  1
       a =  6.750      CL =  1.0815
      Cm = -0.0707     CD =  0.01342   =>   CDf =  0.00693    CDp =  0.00650

 Side 1  free  transition at x/c =  0.3447   55
 Side 2 forced transition at x/c =  1.0000   73

   3   rms: 0.4727E-03   max: -.5183E-02   D at    4  1
       a =  6.750      CL =  1.0816
      Cm = -0.0707     CD =  0.01343   =>   CDf =  0.00690    CDp =  0.00652

 Side 1  free  transition at x/c =  0.3447   55
 Side 2 forced transition at x/c =  1.0000   73

   4   rms: 0.9365E-06   max: -.4964E-05   C at   73  2
       a =  6.750      CL =  1.0816
      Cm = -0.0707     CD =  0.01343   =>   CDf =  0.00690    CDp =  0.00652
      9.000    5.2147   0.013426   0.002837   0.003416   0.000579    0.3447     #

 Point added to stored polar  1
 Point written to save file  clarky_re300000_clean.polar                     
 Dump file unspecified or not available
 Calculating wake trajectory ...
 Calculating source influence matrix ...

 Solving BL system ...

 Side 1  free  transition at x/c =  0.3447   55
 Side 2 forced transition at x/c =  1.0000   73

   1   rms: 0.3973E-01   max: -.5704E-01   C at   73  2
       a =  7.000      CL =  1.1064
      Cm = -0.0702     CD =  0.01364   =>   CDf =  0.00690    CDp =  0.00674

 Side 1  free  transition at x/c =  0.3343   55
 Side 2 forced transition at x/c =  1.0000   73

   2   rms: 0.4936E-02   max: -.4992E-01   D at   55  1
       a =  7.000      CL =  1.1053
      Cm = -0.0700     CD =  0.01371   =>   CDf =  0.00690    CDp =  0.00681

 Side 1  free  transition at x/c =  0.3356   55
 Side 2 forced transition at x/c =  1.0000   73

   3   rms: 0.1665E-03   max: -.2970E-02   D at   56  1
       a =  7.000      CL =  1.1053
      Cm = -0.0700     CD =  0.01372   =>   CDf =  0.00687    CDp =  0.00685

 Side 1  free  transition at x/c =  0.3355   55
 Side 2 forced transition at x/c =  1.0000   73

   4   rms: 0.6146E-06   max: -.6310E-05   D at   56  1
       a =  7.000      CL =  1.1053
      Cm = -0.0700     CD =  0.01372   =>   CDf =  0.00687    CDp =  0.00685
      9.000    5.2170   0.013719   0.002872   0.003489   0.000616    0.3355     #

 Point added to stored polar  1
 Point written to save file  clarky_re300000_clean.polar                     
 Dump file unspecified or not available
 Calculating wake trajectory ...
 Calculating source influence matrix ...

 Solving BL system ...

 Side 1  free  transition at x/c =  0.3355   55
 Side 2 forced transition at x/c =  1.0000   73

   1   rms: 0.4061E-01   max: -.6280E-01   C at   73  2
       a =  7.250      CL =  1.1282
      Cm = -0.0693     CD =  0.01409   =>   CDf =  0.00688    CDp =  0.00722

 Side 1  free  transition at x/c =  0.3267   54
 Side 2 forced transition at x/c =  1.0000   73

   2   rms: 0.3981E-02   max: -.4984E-01   C at   54  1
       a =  7.250      CL =  1.1278
      Cm = -0.0692     CD =  0.01411   =>   CDf =  0.00693    CDp =  0.00719

 Side 1  free  transition at x/c =  0.3270   54
 Side 2 forced transition at x/c =  1.0000   73

   3   rms: 0.1124E-03   max: 0.7218E-03   T at   54  1
       a =  7.250      CL =  1.1279
      Cm = -0.0692     CD =  0.01411   =>   CDf =  0.00690    CDp =  0.00721

 Side 1  free  transition at x/c =  0.3269   54
 Side 2 forced transition at x/c =  1.0000   73

   4   rms: 0.6655E-06   max: -.3043E-05   C at   73  2
       a =  7.250      CL =  1.1279
      Cm = -0.0692     CD =  0.01411   =>   CDf =  0.00690    CDp =  0.00721
      9.000    5.1881   0.014114   0.002910   0.003518   0.000609    0.3269     #

 Point added to stored polar  1
 Point written to save file  clarky_re300000_clean.polar                     
 Dump file unspecified or not available
 Calculating wake trajectory ...
 Calculating source influence matrix ...

 Solving BL system ...

 Side 1  free  transition at x/c =  0.3269   54
 Side 2 forced transition at x/c =  1.0000   73

   1   rms: 0.3993E-01   max: -.5766E-01   C at   73  2
       a =  7.500      CL =  1.1525
      Cm = -0.0687     CD =  0.01430   =>   CDf =  0.00672    CDp =  0.00757

 Side 1  free  transition at x/c =  0.3149   55
 Side 2 forced transition at x/c =  1.0000   72

   2   rms: 0.8480E-02   max: -.9045E-01   D at   55  1
       a =  7.500      CL =  1.1510
      Cm = -0.0685     CD =  0.01438   =>   CDf =  0.00689    CDp =  0.00749

 Side 1  free  transition at x/c =  0.3170   55
 Side 2 forced transition at x/c =  1.0000   72

   3   rms: 0.6589E-03   max: -.7012E-02   D at   56  1
       a =  7.500      CL =  1.1512
      Cm = -0.0685     CD =  0.01439   =>   CDf =  0.00684    CDp =  0.00755

 Side 1  free  transition at x/c =  0.3169   55
 Side 2 forced transition at x/c =  1.0000   72

   4   rms: 0.2601E-05   max: -.2554E-04   D at   56  1
       a =  7.500      CL =  1.1512
      Cm = -0.0685     CD =  0.01439   =>   CDf =  0.00685    CDp =  0.00754
      9.000    5.1283   0.014390   0.002949   0.003557   0.000608    0.3169     #

 Point added to stored polar  1
 Point written to save file  clarky_re300000_clean.polar                     
 Dump file unspecified or not available
 Calculating wake trajectory ...
 Calculating source influence matrix ...

 Solving BL system ...

 Side 1  free  transition at x/c =  0.3169   55
 Side 2 forced transition at x/c =  1.0000   72

   1   rms: 0.4147E-01   max: -.1790E+00   D at   55  1
       a =  7.750      CL =  1.1730
      Cm = -0.0676     CD =  0.01478   =>   CDf =  0.00685    CDp =  0.00793

 Side 1  free  transition at x/c =  0.3057   54
 Side 2 forced transition at x/c =  1.0000   72

   2   rms: 0.7686E-02   max: -.8979E-01   D at   54  1
       a =  7.750      CL =  1.1728
      Cm = -0.0675     CD =  0.01475   =>   CDf =  0.00689    CDp =  0.00786

 Side 1  free  transition at x/c =  0.3063   54
 Side 2 forced transition at x/c =  1.0000   72

   3   rms: 0.4001E-03   max: 0.3311E-02   C at   54  1
       a =  7.750      CL =  1.1731
      Cm = -0.0676     CD =  0.01475   =>   CDf =  0.00685    CDp =  0.00791

 Side 1  free  transition at x/c =  0.3061   54
 Side 2 forced transition at x/c =  1.0000   72

   4   rms: 0.2784E-05   max: -.1323E-04   C at   72  2
       a =  7.750      CL =  1.1731
      Cm = -0.0676     CD =  0.01475   =>   CDf =  0.00685    CDp =  0.00790
      9.000    4.9365   0.014751   0.002993   0.003543   0.000550    0.3061     #

 Point added to stored polar  1
 Point written to save file  clarky_re300000_clean.polar                     
 Dump file unspecified or not available
 Calculating wake trajectory ...
 Calculating source influence matrix ...

 Solving BL system ...

 Side 1  free  transition at x/c =  0.3061   54
 Side 2 forced transition at x/c =  1.0000   72

   1   rms: 0.4090E-01   max: 0.1767E+00   T at   54  1
       a =  8.000      CL =  1.1967
      Cm = -0.0669     CD =  0.01494   =>   CDf =  0.00685    CDp =  0.00809

 Side 1  free  transition at x/c =  0.2913   53
 Side 2 forced transition at x/c =  1.0000   72

   2   rms: 0.5191E-02   max: -.4257E-01   T at   53  1
       a =  8.000      CL =  1.1933
      Cm = -0.0664     CD =  0.01520   =>   CDf =  0.00692    CDp =  0.00827

 Side 1  free  transition at x/c =  0.2940   54
 Side 2 forced transition at x/c =  1.0000   72

   3   rms: 0.1637E-02   max: -.2428E-01   D at   53  1
       a =  8.000      CL =  1.1943
      Cm = -0.0666     CD =  0.01511   =>   CDf =  0.00688    CDp =  0.00824

 Side 1  free  transition at x/c =  0.2937   54
 Side 2 forced transition at x/c =  1.0000   72

   4   rms: 0.5042E-04   max: 0.4671E-03   C at   54  1
       a =  8.000      CL =  1.1943
      Cm = -0.0666     CD =  0.01511   =>   CDf =  0.00687    CDp =  0.00825
      9.000    4.6798   0.015113   0.003046   0.003505   0.000459    0.2937     #

 Point added to stored polar  1
 Point written to save file  clarky_re300000_clean.polar                     
 Dump file unspecified or not available
 Calculating wake trajectory ...
 Calculating source influence matrix ...

 Solving BL system ...

 Side 1  free  transition at x/c =  0.2937   54
 Side 2 forced transition at x/c =  1.0000   72

   1   rms: 0.4410E-01   max: -.2635E+00   D at   54  1
       a =  8.250      CL =  1.2133
      Cm = -0.0652     CD =  0.01570   =>   CDf =  0.00667    CDp =  0.00903

 Side 1  free  transition at x/c =  0.2824   54
 Side 2 forced transition at x/c =  1.0000   71

   2   rms: 0.1196E-01   max: -.1307E+00   D at   54  1
       a =  8.250      CL =  1.2164
      Cm = -0.0657     CD =  0.01536   =>   CDf =  0.00681    CDp =  0.00855

 Side 1  free  transition at x/c =  0.2810   54
 Side 2 forced transition at x/c =  1.0000   71

   3   rms: 0.7290E-03   max: -.7310E-02   D at    4  1
       a =  8.250      CL =  1.2164
      Cm = -0.0657     CD =  0.01539   =>   CDf =  0.00680    CDp =  0.00859

 Side 1  free  transition at x/c =  0.2809   54
 Side 2 forced transition at x/c =  1.0000   71

   4   rms: 0.2405E-05   max: -.1047E-04   C at   71  2
       a =  8.250      CL =  1.2164
      Cm = -0.0657     CD =  0.01539   =>   CDf =  0.00680    CDp =  0.00859
      9.000    4.4193   0.015392   0.003103   0.003443   0.000340    0.2809     #

 Point added to stored polar  1
 Point written to save file  clarky_re300000_clean.polar                     
 Dump file unspecified or not available
 Calculating wake trajectory ...
 Calculating source influence matrix ...

 Solving BL system ...

 Side 1  free  transition at x/c =  0.2809   54
 Side 2 forced transition at x/c =  1.0000   71

   1   rms: 0.4162E-01   max: -.2015E+00   D at   54  1
       a =  8.500      CL =  1.2372
      Cm = -0.0646     CD =  0.01577   =>   CDf =  0.00680    CDp =  0.00897

 Side 1  free  transition at x/c =  0.2673   53
 Side 2 forced transition at x/c =  1.0000   71

   2   rms: 0.6749E-02   max: -.8627E-01   D at   53  1
       a =  8.500      CL =  1.2373
      Cm = -0.0646     CD =  0.01573   =>   CDf =  0.00681    CDp =  0.00892

 Side 1  free  transition at x/c =  0.2676   53
 Side 2 forced transition at x/c =  1.0000   71

   3   rms: 0.3236E-03   max: 0.3603E-02   C at   53  1
       a =  8.500      CL =  1.2374
      Cm = -0.0647     CD =  0.01574   =>   CDf =  0.00678    CDp =  0.00896

 Side 1  free  transition at x/c =  0.2675   53
 Side 2 forced transition at x/c =  1.0000   71

   4   rms: 0.2062E-05   max: -.9688E-05   C at   71  2
       a =  8.500      CL =  1.2374
      Cm = -0.0647     CD =  0.01574   =>   CDf =  0.00678    CDp =  0.00895
      9.000    4.1476   0.015739   0.003178   0.003328   0.000150    0.2675     #

 Point added to stored polar  1
 Point written to save file  clarky_re300000_clean.polar                     
 Dump file unspecified or not available
 Calculating wake trajectory ...
 Calculating source influence matrix ...

 Solving BL system ...

 Side 1  free  transition at x/c =  0.2675   53
 Side 2 forced transition at x/c =  1.0000   71

   1   rms: 0.4119E-01   max: -.1779E+00   D at   53  1
       a =  8.750      CL =  1.2592
      Cm = -0.0637     CD =  0.01603   =>   CDf =  0.00679    CDp =  0.00924

 Side 1  free  transition at x/c =  0.2493   52
 Side 2 forced transition at x/c =  1.0000   71

   2   rms: 0.6659E-02   max: -.9957E-01   C at   52  1
       a =  8.750      CL =  1.2574
      Cm = -0.0635     CD =  0.01611   =>   CDf =  0.00682    CDp =  0.00929

 Side 1  free  transition at x/c =  0.2514   52
 Side 2 forced transition at x/c =  1.0000   71

   3   rms: 0.4016E-03   max: 0.5136E-02   C at   52  1
       a =  8.750      CL =  1.2576
      Cm = -0.0635     CD =  0.01611   =>   CDf =  0.00679    CDp =  0.00933

 Side 1  free  transition at x/c =  0.2511   52
 Side 2 forced transition at x/c =  1.0000   71

   4   rms: 0.3141E-05   max: -.4224E-04   C at   52  1
       a =  8.750      CL =  1.2575
      Cm = -0.0635     CD =  0.01611   =>   CDf =  0.00679    CDp =  0.00933
      9.000    3.8125   0.016114   0.000000   0.000000   0.000000    0.2511     #

 Point added to stored polar  1
 Point written to save file  clarky_re300000_clean.polar                     
 Dump file unspecified or not available
 Calculating wake trajectory ...
 Calculating source influence matrix ...

 Solving BL system ...

 Side 1  free  transition at x/c =  0.2511   52
 Side 2 forced transition at x/c =  1.0000   71

   1   rms: 0.4151E-01   max: -.1841E+00   D at   52  1
       a =  9.000      CL =  1.2793
      Cm = -0.0626     CD =  0.01641   =>   CDf =  0.00658    CDp =  0.00984

 Side 1  free  transition at x/c =  0.2284   52
 Side 2 forced transition at x/c =  1.0000   70

   2   rms: 0.7409E-02   max: -.1101E+00   C at   52  1
       a =  9.000      CL =  1.2765
      Cm = -0.0622     CD =  0.01654   =>   CDf =  0.00684    CDp =  0.00970

 Side 1  free  transition at x/c =  0.2311   52
 Side 2 forced transition at x/c =  1.0000   70

   3   rms: 0.1007E-02   max: -.1162E-01   D at    4  1
       a =  9.000      CL =  1.2766
      Cm = -0.0622     CD =  0.01654   =>   CDf =  0.00680    CDp =  0.00974

 Side 1  free  transition at x/c =  0.2309   52
 Side 2 forced transition at x/c =  1.0000   70

   4   rms: 0.2983E-05   max: -.4254E-04   C at   52  1
       a =  9.000      CL =  1.2766
      Cm = -0.0622     CD =  0.01654   =>   CDf =  0.00681    CDp =  0.00974
      9.000    3.5208   0.016544   0.000000   0.000000   0.000000    0.2309     #

 Point added to stored polar  1
 Point written to save file  clarky_re300000_clean.polar                     
 Dump file unspecified or not available
 Calculating wake trajectory ...
 Calculating source influence matrix ...

 Solving BL system ...

 Side 1  free  transition at x/c =  0.2309   52
 Side 2 forced transition at x/c =  1.0000   70

   1   rms: 0.4480E-01   max: 0.3610E+00   C at   52  1
       a =  9.250      CL =  1.2951
      Cm = -0.0609     CD =  0.01703   =>   CDf =  0.00681    CDp =  0.01022

 Side 1  free  transition at x/c =  0.2033   50
 Side 2 forced transition at x/c =  1.0000   70

   2   rms: 0.7063E-02   max: -.1194E+00   C at   50  1
       a =  9.250      CL =  1.2924
      Cm = -0.0605     CD =  0.01715   =>   CDf =  0.00694    CDp =  0.01021

 Side 1  free  transition at x/c =  0.2057   50
 Side 2 forced transition at x/c =  1.0000   70

   3   rms: 0.3858E-03   max: 0.7973E-02   C at   50  1
       a =  9.250      CL =  1.2925
      Cm = -0.0605     CD =  0.01714   =>   CDf =  0.00691    CDp =  0.01023

 Side 1  free  transition at x/c =  0.2055   50
 Side 2 forced transition at x/c =  1.0000   70

   4   rms: 0.3167E-05   max: -.3672E-04   C at   50  1
       a =  9.250      CL =  1.2925
      Cm = -0.0605     CD =  0.01714   =>   CDf =  0.00691    CDp =  0.01023
      9.000    3.6552   0.017144   0.000000   0.000000   0.000000    0.2055     #

 Point added to stored polar  1
 Point written to save file  clarky_re300000_clean.polar                     
 Dump file unspecified or not available
 Calculating wake trajectory ...
 Calculating source influence matrix ...

 Solving BL system ...

 Side 1  free  transition at x/c =  0.2055   50
 Side 2 forced transition at x/c =  1.0000   70

   1   rms: 0.4379E-01   max: 0.4226E+00   C at   50  1
       a =  9.500      CL =  1.3109
      Cm = -0.0591     CD =  0.01764   =>   CDf =  0.00691    CDp =  0.01073

 Side 1  free  transition at x/c =  0.1719   48
 Side 2 forced transition at x/c =  1.0000   70

   2   rms: 0.1328E-01   max: -.2316E+00   C at   48  1
       a =  9.500      CL =  1.3037
      Cm = -0.0581     CD =  0.01793   =>   CDf =  0.00712    CDp =  0.01081

 Side 1  free  transition at x/c =  0.1774   49
 Side 2 forced transition at x/c =  1.0000   70

   3   rms: 0.4041E-02   max: -.6350E-01   C at   49  1
       a =  9.500      CL =  1.3046
      Cm = -0.0582     CD =  0.01790   =>   CDf =  0.00708    CDp =  0.01083

 Side 1  free  transition at x/c =  0.1778   49
 Side 2 forced transition at x/c =  1.0000   70

   4   rms: 0.2377E-03   max: 0.4234E-02   C at   49  1
       a =  9.500      CL =  1.3046
      Cm = -0.0582     CD =  0.01791   =>   CDf =  0.00705    CDp =  0.01086

 Side 1  free  transition at x/c =  0.1777   49
 Side 2 forced transition at x/c =  1.0000   70

   5   rms: 0.3306E-05   max: -.2836E-04   C at   49  1
       a =  9.500      CL =  1.3046
      Cm = -0.0582     CD =  0.01791   =>   CDf =  0.00705    CDp =  0.01086
      9.000    3.8024   0.017911   0.000000   0.000000   0.000000    0.1777     #

 Point added to stored polar  1
 Point written to save file  clarky_re300000_clean.polar                     
 Dump file unspecified or not available
 Calculating wake trajectory ...
 Calculating source influence matrix ...

 Solving BL system ...

 Side 1  free  transition at x/c =  0.1777   49
 Side 2 forced transition at x/c =  1.0000   70

   1   rms: 0.5618E-01   max: 0.7344E+00   C at   49  1
       a =  9.750      CL =  1.3133
      Cm = -0.0555     CD =  0.01896   =>   CDf =  0.00705    CDp =  0.01191

 Side 1  free  transition at x/c =  0.1567   47
 Side 2 forced transition at x/c =  1.0000   70

   2   rms: 0.1003E-01   max: 0.1399E+00   D at   48  1
       a =  9.750      CL =  1.3156
      Cm = -0.0558     CD =  0.01879   =>   CDf =  0.00717    CDp =  0.01162

 Side 1  free  transition at x/c =  0.1559   47
 Side 2 forced transition at x/c =  1.0000   70

   3   rms: 0.7646E-03   max: 0.1494E-01   C at   47  1
       a =  9.750      CL =  1.3156
      Cm = -0.0558     CD =  0.01879   =>   CDf =  0.00717    CDp =  0.01163

 Side 1  free  transition at x/c =  0.1556   47
 Side 2 forced transition at x/c =  1.0000   70

   4   rms: 0.9834E-05   max: -.6501E-04   C at   47  1
       a =  9.750      CL =  1.3156
      Cm = -0.0558     CD =  0.01879   =>   CDf =  0.00717    CDp =  0.01162
      9.000    3.9619   0.018792   0.000000   0.000000   0.000000    0.1556     #

 Point added to stored polar  1
 Point written to save file  clarky_re300000_clean.polar                     
 Dump file unspecified or not available
 Calculating wake trajectory ...
 Calculating source influence matrix ...

 Solving BL system ...

 Side 1  free  transition at x/c =  0.1556   47
 Side 2 forced transition at x/c =  1.0000   70

   1   rms: 0.4857E-01   max: 0.6297E+00   C at   47  1
       a = 10.000      CL =  1.3276
      Cm = -0.0537     CD =  0.01970   =>   CDf =  0.00691    CDp =  0.01279

 Side 1  free  transition at x/c =  0.1380   47
 Side 2 forced transition at x/c =  1.0000   69

   2   rms: 0.5659E-02   max: -.7922E-01   C at   47  1
       a = 10.000      CL =  1.3269
      Cm = -0.0536     CD =  0.01969   =>   CDf =  0.00726    CDp =  0.01243

 Side 1  free  transition at x/c =  0.1393   47
 Side 2 forced transition at x/c =  1.0000   69

   3   rms: 0.8950E-03   max: -.1049E-01   D at    4  1
       a = 10.000      CL =  1.3269
      Cm = -0.0536     CD =  0.01969   =>   CDf =  0.00724    CDp =  0.01246

 Side 1  free  transition at x/c =  0.1392   47
 Side 2 forced transition at x/c =  1.0000   69

   4   rms: 0.1780E-05   max: -.1052E-04   C at   47  1
       a = 10.000      CL =  1.3269
      Cm = -0.0536     CD =  0.01969   =>   CDf =  0.00724    CDp =  0.01246
      9.000    4.1223   0.019695   0.002368   0.002674   0.000306    0.1392     #

 Point added to stored polar  1
 Point written to save file  clarky_re300000_clean.polar                     
 Dump file unspecified or not available
 Calculating wake trajectory ...
 Calculating source influence matrix ...

 Solving BL system ...

 Side 1  free  transition at x/c =  0.1392   47
 Side 2 forced transition at x/c =  1.0000   69

   1   rms: 0.4631E-01   max: 0.4819E+00   C at   47  1
       a = 10.250      CL =  1.3377
      Cm = -0.0514     CD =  0.02070   =>   CDf =  0.00724    CDp =  0.01346

 Side 1  free  transition at x/c =  0.1265   46
 Side 2 forced transition at x/c =  1.0000   69

   2   rms: 0.5107E-02   max: 0.8817E-02   D at   50  1
       a = 10.250      CL =  1.3386
      Cm = -0.0515     CD =  0.02058   =>   CDf =  0.00728    CDp =  0.01330

 Side 1  free  transition at x/c =  0.1266   46
 Side 2 forced transition at x/c =  1.0000   69

   3   rms: 0.1388E-03   max: 0.2120E-02   C at   46  1
       a = 10.250      CL =  1.3386
      Cm = -0.0515     CD =  0.02059   =>   CDf =  0.00728    CDp =  0.01331

 Side 1  free  transition at x/c =  0.1266   46
 Side 2 forced transition at x/c =  1.0000   69

   4   rms: 0.2193E-05   max: -.1084E-04   C at   46  1
       a = 10.250      CL =  1.3386
      Cm = -0.0515     CD =  0.02059   =>   CDf =  0.00728    CDp =  0.01331
      9.000    4.2620   0.020588   0.018088   0.002745  -0.015343    0.1266     #

 Point added to stored polar  1
 Point written to save file  clarky_re300000_clean.polar                     
 Dump file unspecified or not available
 Calculating wake trajectory ...
 Calculating source influence matrix ...

 Solving BL system ...

 Side 1  free  transition at x/c =  0.1266   46
 Side 2 forced transition at x/c =  1.0000   69

   1   rms: 0.4438E-01   max: 0.3805E+00   C at   46  1
       a = 10.500      CL =  1.3492
      Cm = -0.0494     CD =  0.02163   =>   CDf =  0.00728    CDp =  0.01435

 Side 1  free  transition at x/c =  0.1155   45
 Side 2 forced transition at x/c =  1.0000   69

   2   rms: 0.7063E-02   max: -.8280E-01   D at   45  1
       a = 10.500      CL =  1.3506
      Cm = -0.0495     CD =  0.02147   =>   CDf =  0.00730    CDp =  0.01417

 Side 1  free  transition at x/c =  0.1157   45
 Side 2 forced transition at x/c =  1.0000   69

   3   rms: 0.3235E-03   max: 0.4972E-02   C at   45  1
       a = 10.500      CL =  1.3505
      Cm = -0.0495     CD =  0.02149   =>   CDf =  0.00730    CDp =  0.01418

 Side 1  free  transition at x/c =  0.1156   45
 Side 2 forced transition at x/c =  1.0000   69

   4   rms: 0.5768E-05   max: -.2541E-04   C at   45  1
       a = 10.500      CL =  1.3505
      Cm = -0.0495     CD =  0.02149   =>   CDf =  0.00730    CDp =  0.01418
      9.000    4.3460   0.021487   0.018364   0.002747  -0.015616    0.1156     #

 Point added to stored polar  1
 Point written to save file  clarky_re300000_clean.polar                     
 Dump file unspecified or not available
 Calculating wake trajectory ...
 Calculating source influence matrix ...

 Solving BL system ...

 Side 1  free  transition at x/c =  0.1156   45
 Side 2 forced transition at x/c =  1.0000   69

   1   rms: 0.4291E-01   max: 0.3190E+00   C at   45  1
       a = 10.750      CL =  1.3611
      Cm = -0.0475     CD =  0.02254   =>   CDf =  0.00731    CDp =  0.01524

 Side 1  free  transition at x/c =  0.1074   44
 Side 2 forced transition at x/c =  1.0000   69

   2   rms: 0.5769E-02   max: -.6865E-01   D at   44  1
       a = 10.750      CL =  1.3630
      Cm = -0.0477     CD =  0.02235   =>   CDf =  0.00729    CDp =  0.01506

 Side 1  free  transition at x/c =  0.1067   44
 Side 2 forced transition at x/c =  1.0000   69

   3   rms: 0.2374E-03   max: 0.1050E-02   D at   44  1
       a = 10.750      CL =  1.3628
      Cm = -0.0477     CD =  0.02237   =>   CDf =  0.00730    CDp =  0.01507

 Side 1  free  transition at x/c =  0.1067   44
 Side 2 forced transition at x/c =  1.0000   69

   4   rms: 0.1035E-05   max: -.7832E-05   D at    4  2
       a = 10.750      CL =  1.3628
      Cm = -0.0477     CD =  0.02237   =>   CDf =  0.00730    CDp =  0.01507
      9.000    4.4713   0.022371   0.018603   0.002754  -0.015850    0.1067     #

 Point added to stored polar  1
 Point written to save file  clarky_re300000_clean.polar                     
 Dump file unspecified or not available
 Calculating wake trajectory ...
 Calculating source influence matrix ...

 Solving BL system ...

 Side 1  free  transition at x/c =  0.1067   44
 Side 2 forced transition at x/c =  1.0000   69

   1   rms: 0.4127E-01   max: 0.2729E+00   C at   44  1
       a = 11.000      CL =  1.3747
      Cm = -0.0459     CD =  0.02337   =>   CDf =  0.00698    CDp =  0.01639

 Side 1  free  transition at x/c =  0.0975   44
 Side 2 forced transition at x/c =  1.0000   68

   2   rms: 0.8668E-02   max: -.1151E+00   D at   44  1
       a = 11.000      CL =  1.3748
      Cm = -0.0460     CD =  0.02329   =>   CDf =  0.00730    CDp =  0.01599

 Side 1  free  transition at x/c =  0.0979   44
 Side 2 forced transition at x/c =  1.0000   68

   3   rms: 0.1049E-02   max: -.9754E-02   D at    4  1
       a = 11.000      CL =  1.3746
      Cm = -0.0459     CD =  0.02331   =>   CDf =  0.00729    CDp =  0.01603

 Side 1  free  transition at x/c =  0.0978   44
 Side 2 forced transition at x/c =  1.0000   68

   4   rms: 0.9752E-05   max: 0.3248E-04   D at   73  2
       a = 11.000      CL =  1.3746
      Cm = -0.0459     CD =  0.02331   =>   CDf =  0.00729    CDp =  0.01603
      9.000    4.7096   0.023313   0.018837   0.002737  -0.016101    0.0978     #

 Point added to stored polar  1
 Point written to save file  clarky_re300000_clean.polar                     
 Dump file unspecified or not available
 Calculating wake trajectory ...
 Calculating source influence matrix ...

 Solving BL system ...

 Side 1  free  transition at x/c =  0.0978   44
 Side 2 forced transition at x/c =  1.0000   68

   1   rms: 0.4184E-01   max: 0.2653E+00   C at   44  1
       a = 11.250      CL =  1.3867
      Cm = -0.0443     CD =  0.02432   =>   CDf =  0.00729    CDp =  0.01704

 Side 1  free  transition at x/c =  0.0878   43
 Side 2 forced transition at x/c =  1.0000   68

   2   rms: 0.9996E-02   max: -.1533E+00   D at   43  1
       a = 11.250      CL =  1.3859
      Cm = -0.0442     CD =  0.02430   =>   CDf =  0.00730    CDp =  0.01700

 Side 1  free  transition at x/c =  0.0883   43
 Side 2 forced transition at x/c =  1.0000   68

   3   rms: 0.8932E-03   max: 0.1369E-01   C at   43  1
       a = 11.250      CL =  1.3856
      Cm = -0.0442     CD =  0.02433   =>   CDf =  0.00729    CDp =  0.01704

 Side 1  free  transition at x/c =  0.0881   43
 Side 2 forced transition at x/c =  1.0000   68

   4   rms: 0.1873E-04   max: 0.8537E-04   D at   89  1
       a = 11.250      CL =  1.3856
      Cm = -0.0442     CD =  0.02433   =>   CDf =  0.00729    CDp =  0.01704
      9.000    5.1193   0.024330   0.019060   0.002679  -0.016381    0.0881     #

 Point added to stored polar  1
 Point written to save file  clarky_re300000_clean.polar                     
 Dump file unspecified or not available
 Calculating wake trajectory ...
 Calculating source influence matrix ...

 Solving BL system ...

 Side 1  free  transition at x/c =  0.0881   43
 Side 2 forced transition at x/c =  1.0000   68

   1   rms: 0.4728E-01   max: 0.3454E+00   C at   43  1
       a = 11.500      CL =  1.3951
      Cm = -0.0424     CD =  0.02556   =>   CDf =  0.00729    CDp =  0.01827

 Side 1  free  transition at x/c =  0.0767   41
 Side 2 forced transition at x/c =  1.0000   68

   2   rms: 0.1131E-01   max: -.1043E+00   C at   41  1
       a = 11.500      CL =  1.3960
      Cm = -0.0424     CD =  0.02542   =>   CDf =  0.00732    CDp =  0.01810

 Side 1  free  transition at x/c =  0.0758   41
 Side 2 forced transition at x/c =  1.0000   68

   3   rms: 0.7728E-03   max: 0.6089E-02   C at   41  1
       a = 11.500      CL =  1.3954
      Cm = -0.0424     CD =  0.02548   =>   CDf =  0.00732    CDp =  0.01815

 Side 1  free  transition at x/c =  0.0759   41
 Side 2 forced transition at x/c =  1.0000   68

   4   rms: 0.7963E-05   max: 0.4693E-04   D at   41  1
       a = 11.500      CL =  1.3954
      Cm = -0.0424     CD =  0.02547   =>   CDf =  0.00732    CDp =  0.01815
      9.000    5.7034   0.025475   0.019291   0.001743  -0.017548    0.0759     #

 Point added to stored polar  1
 Point written to save file  clarky_re300000_clean.polar                     
 Dump file unspecified or not available
 Calculating wake trajectory ...
 Calculating source influence matrix ...

 Solving BL system ...

 Side 1  free  transition at x/c =  0.0759   41
 Side 2 forced transition at x/c =  1.0000   68

   1   rms: 0.4868E-01   max: -.2672E+00   D at   41  1
       a = 11.750      CL =  1.4094
      Cm = -0.0410     CD =  0.02643   =>   CDf =  0.00695    CDp =  0.01948

 Side 1  free  transition at x/c =  0.0561   39
 Side 2 forced transition at x/c =  1.0000   67

   2   rms: 0.1870E-01   max: 0.2064E+00   D at   41  1
       a = 11.750      CL =  1.4022
      Cm = -0.0405     CD =  0.02689   =>   CDf =  0.00742    CDp =  0.01947

 Side 1  free  transition at x/c =  0.0589   40
 Side 2 forced transition at x/c =  1.0000   67

   3   rms: 0.5460E-02   max: 0.9937E-01   C at   40  1
       a = 11.750      CL =  1.4026
      Cm = -0.0405     CD =  0.02686   =>   CDf =  0.00738    CDp =  0.01948

 Side 1  free  transition at x/c =  0.0580   39
 Side 2 forced transition at x/c =  1.0000   67

   4   rms: 0.1463E-03   max: -.1337E-02   D at   42  1
       a = 11.750      CL =  1.4025
      Cm = -0.0405     CD =  0.02686   =>   CDf =  0.00740    CDp =  0.01945

 Side 1  free  transition at x/c =  0.0580   39
 Side 2 forced transition at x/c =  1.0000   67

   5   rms: 0.8349E-06   max: -.5083E-05   C at   67  2
       a = 11.750      CL =  1.4025
      Cm = -0.0405     CD =  0.02686   =>   CDf =  0.00740    CDp =  0.01945
      9.000    6.4435   0.026859   0.019556   0.001839  -0.017718    0.0580     #

 Point added to stored polar  1
 Point written to save file  clarky_re300000_clean.polar                     
 Dump file unspecified or not available
 Calculating wake trajectory ...
 Calculating source influence matrix ...

 Solving BL system ...

 Side 1  free  transition at x/c =  0.0580   39
 Side 2 forced transition at x/c =  1.0000   67

   1   rms: 0.5507E-01   max: 0.4920E+00   C at   39  1
       a = 12.000      CL =  1.4138
      Cm = -0.0389     CD =  0.02806   =>   CDf =  0.00741    CDp =  0.02066

 Side 1  free  transition at x/c =  0.0302   33
 Side 2 forced transition at x/c =  1.0000   67

   2   rms: 0.3420E-01   max: -.5122E+00   C at   33  1   RLX: 0.976
       a = 12.000      CL =  1.4014
      Cm = -0.0381     CD =  0.02893   =>   CDf =  0.00770    CDp =  0.02124

 Side 1  free  transition at x/c =  0.0351   35
 Side 2 forced transition at x/c =  1.0000   67

   3   rms: 0.6823E-02   max: -.1127E+00   C at   35  1
       a = 12.000      CL =  1.4027
      Cm = -0.0381     CD =  0.02882   =>   CDf =  0.00759    CDp =  0.02123

 Side 1  free  transition at x/c =  0.0360   35
 Side 2 forced transition at x/c =  1.0000   67

   4   rms: 0.2211E-03   max: 0.3093E-02   D at   33  1
       a = 12.000      CL =  1.4025
      Cm = -0.0381     CD =  0.02884   =>   CDf =  0.00757    CDp =  0.02127

 Side 1  free  transition at x/c =  0.0360   35
 Side 2 forced transition at x/c =  1.0000   67

   5   rms: 0.2671E-05   max: -.4686E-04   C at   35  1
       a = 12.000      CL =  1.4025
      Cm = -0.0381     CD =  0.02884   =>   CDf =  0.00757    CDp =  0.02127
      9.000    7.0945   0.028836   0.019905   0.001923  -0.017982    0.0360     #

 Point added to stored polar  1
 Point written to save file  clarky_re300000_clean.polar                     
 Dump file unspecified or not available
 Calculating wake trajectory ...
 Calculating source influence matrix ...

 Solving BL system ...

 Side 1  free  transition at x/c =  0.0360   35
 Side 2 forced transition at x/c =  1.0000   67

   1   rms: 0.8736E-01   max: 0.1565E+01   C at   35  1   RLX: 0.959
       a = 12.250      CL =  1.4007
      Cm = -0.0359     CD =  0.03112   =>   CDf =  0.00757    CDp =  0.02355

 Side 1  free  transition at x/c =  0.0282   33
 Side 2 forced transition at x/c =  1.0000   67

   2   rms: 0.1283E-01   max: 0.1726E+00   D at   34  1
       a = 12.250      CL =  1.4021
      Cm = -0.0359     CD =  0.03094   =>   CDf =  0.00763    CDp =  0.02331

 Side 1  free  transition at x/c =  0.0284   33
 Side 2 forced transition at x/c =  1.0000   67

   3   rms: 0.1379E-02   max: 0.2162E-01   C at   33  1
       a = 12.250      CL =  1.4018
      Cm = -0.0359     CD =  0.03096   =>   CDf =  0.00762    CDp =  0.02334

 Side 1  free  transition at x/c =  0.0283   33
 Side 2 forced transition at x/c =  1.0000   67

   4   rms: 0.2275E-04   max: -.2616E-03   D at   34  1
       a = 12.250      CL =  1.4018
      Cm = -0.0359     CD =  0.03095   =>   CDf =  0.00762    CDp =  0.02333
      9.000    7.6268   0.030954   0.020173   0.001973  -0.018199    0.0283     #

 Point added to stored polar  1
 Point written to save file  clarky_re300000_clean.polar                     
 Dump file unspecified or not available
 Calculating wake trajectory ...
 Calculating source influence matrix ...

 Solving BL system ...

 Side 1  free  transition at x/c =  0.0283   33
 Side 2 forced transition at x/c =  1.0000   67

   1   rms: 0.5210E-01   max: 0.6323E+00   C at   33  1
       a = 12.500      CL =  1.4026
      Cm = -0.0340     CD =  0.03322   =>   CDf =  0.00762    CDp =  0.02560

 Side 1  free  transition at x/c =  0.0256   32
 Side 2 forced transition at x/c =  1.0000   67

   2   rms: 0.8931E-02   max: -.1406E+00   D at   32  1
       a = 12.500      CL =  1.4038
      Cm = -0.0341     CD =  0.03294   =>   CDf =  0.00755    CDp =  0.02539

 Side 1  free  transition at x/c =  0.0256   32
 Side 2 forced transition at x/c =  1.0000   67

   3   rms: 0.5715E-03   max: 0.6152E-02   C at   32  1
       a = 12.500      CL =  1.4035
      Cm = -0.0341     CD =  0.03298   =>   CDf =  0.00757    CDp =  0.02541

 Side 1  free  transition at x/c =  0.0256   32
 Side 2 forced transition at x/c =  1.0000   67

   4   rms: 0.9249E-05   max: 0.4338E-04   D at   75  2
       a = 12.500      CL =  1.4035
      Cm = -0.0341     CD =  0.03298   =>   CDf =  0.00757    CDp =  0.02541
      9.000    8.1638   0.032976   0.020345   0.002056  -0.018289    0.0256     #

 Point added to stored polar  1
 Point written to save file  clarky_re300000_clean.polar                     
 Dump file unspecified or not available
 Calculating wake trajectory ...
 Calculating source influence matrix ...

 Solving BL system ...

 Side 1  free  transition at x/c =  0.0256   32
 Side 2 forced transition at x/c =  1.0000   67

   1   rms: 0.4285E-01   max: 0.3047E+00   C at   32  1   RLX: 0.955
       a = 12.750      CL =  1.4054
      Cm = -0.0326     CD =  0.03514   =>   CDf =  0.00757    CDp =  0.02757

 Side 1  free  transition at x/c =  0.0240   31
 Side 2 forced transition at x/c =  1.0000   67

   2   rms: 0.5104E-02   max: -.6313E-01   D at   31  1
       a = 12.750      CL =  1.4051
      Cm = -0.0326     CD =  0.03510   =>   CDf =  0.00749    CDp =  0.02761

 Side 1  free  transition at x/c =  0.0240   31
 Side 2 forced transition at x/c =  1.0000   67

   3   rms: 0.8620E-04   max: 0.1060E-02   C at   31  1
       a = 12.750      CL =  1.4051
      Cm = -0.0326     CD =  0.03509   =>   CDf =  0.00749    CDp =  0.02761
      9.000    8.6754   0.035094   0.020459   0.002152  -0.018308    0.0240     #

 Point added to stored polar  1
 Point written to save file  clarky_re300000_clean.polar                     
 Dump file unspecified or not available
 Calculating wake trajectory ...
 Calculating source influence matrix ...

 Solving BL system ...

 Side 1  free  transition at x/c =  0.0240   31
 Side 2 forced transition at x/c =  1.0000   67

   1   rms: 0.3758E-01   max: 0.1307E+00   C at   31  1   RLX: 0.910
       a = 13.000      CL =  1.4083
      Cm = -0.0314     CD =  0.03711   =>   CDf =  0.00702    CDp =  0.03009

 Side 1  free  transition at x/c =  0.0228   32
 Side 2 forced transition at x/c =  1.0000   66

   2   rms: 0.5073E-02   max: -.4873E-01   D at   32  1
       a = 13.000      CL =  1.4065
      Cm = -0.0312     CD =  0.03735   =>   CDf =  0.00739    CDp =  0.02996

 Side 1  free  transition at x/c =  0.0228   32
 Side 2 forced transition at x/c =  1.0000   66

   3   rms: 0.8780E-03   max: -.1120E-01   D at    4  1
       a = 13.000      CL =  1.4064
      Cm = -0.0312     CD =  0.03732   =>   CDf =  0.00738    CDp =  0.02995

 Side 1  free  transition at x/c =  0.0228   32
 Side 2 forced transition at x/c =  1.0000   66

   4   rms: 0.2780E-05   max: -.1617E-04   C at   66  2
       a = 13.000      CL =  1.4064
      Cm = -0.0312     CD =  0.03732   =>   CDf =  0.00738    CDp =  0.02995
      9.000    9.1541   0.037322   0.020516   0.002267  -0.018250    0.0228     #

 Point added to stored polar  1
 Point written to save file  clarky_re300000_clean.polar                     
 Dump file unspecified or not available
 Calculating wake trajectory ...
 Calculating source influence matrix ...

 Solving BL system ...

 Side 1  free  transition at x/c =  0.0228   32
 Side 2 forced transition at x/c =  1.0000   66

   1   rms: 0.3879E-01   max: 0.1349E+00   T at   32  1   RLX: 0.863
       a = 13.250      CL =  1.4071
      Cm = -0.0303     CD =  0.03958   =>   CDf =  0.00738    CDp =  0.03220

 Side 1  free  transition at x/c =  0.0220   32
 Side 2 forced transition at x/c =  1.0000   66

   2   rms: 0.6980E-02   max: 0.4179E-01   D at   82  1
       a = 13.250      CL =  1.4042
      Cm = -0.0300     CD =  0.04004   =>   CDf =  0.00730    CDp =  0.03274

 Side 1  free  transition at x/c =  0.0220   32
 Side 2 forced transition at x/c =  1.0000   66

   3   rms: 0.4038E-03   max: 0.4699E-02   D at   82  1
       a = 13.250      CL =  1.4039
      Cm = -0.0300     CD =  0.04000   =>   CDf =  0.00728    CDp =  0.03271

 Side 1  free  transition at x/c =  0.0220   32
 Side 2 forced transition at x/c =  1.0000   66

   4   rms: 0.5087E-05   max: 0.3455E-04   D at   75  2
       a = 13.250      CL =  1.4039
      Cm = -0.0300     CD =  0.03999   =>   CDf =  0.00728    CDp =  0.03271
      9.000    9.5463   0.039993   0.020534   0.002389  -0.018146    0.0220     #

 Point added to stored polar  1
 Point written to save file  clarky_re300000_clean.polar                     
 Dump file unspecified or not available
 Calculating wake trajectory ...
 Calculating source influence matrix ...

 Solving BL system ...

 Side 1  free  transition at x/c =  0.0220   32
 Side 2 forced transition at x/c =  1.0000   66

   1   rms: 0.4120E-01   max: 0.1515E+00   D at   79  1   RLX: 0.813
       a = 13.500      CL =  1.4010
      Cm = -0.0292     CD =  0.04264   =>   CDf =  0.00729    CDp =  0.03535

 Side 1  free  transition at x/c =  0.0215   31
 Side 2 forced transition at x/c =  1.0000   66

   2   rms: 0.7017E-02   max: -.4661E-01   D at   31  1
       a = 13.500      CL =  1.4029
      Cm = -0.0291     CD =  0.04269   =>   CDf =  0.00719    CDp =  0.03550

 Side 1  free  transition at x/c =  0.0214   31
 Side 2 forced transition at x/c =  1.0000   66

   3   rms: 0.2917E-03   max: 0.1524E-02   D at   76  2
       a = 13.500      CL =  1.4027
      Cm = -0.0291     CD =  0.04266   =>   CDf =  0.00716    CDp =  0.03550

 Side 1  free  transition at x/c =  0.0214   31
 Side 2 forced transition at x/c =  1.0000   66

   4   rms: 0.4293E-05   max: -.1964E-04   T at   75  2
       a = 13.500      CL =  1.4027
      Cm = -0.0291     CD =  0.04266   =>   CDf =  0.00716    CDp =  0.03550
      9.000   10.0074   0.042663   0.020493   0.002501  -0.017992    0.0214     #

 Point added to stored polar  1
 Point written to save file  clarky_re300000_clean.polar                     
 Dump file unspecified or not available
 Calculating wake trajectory ...
 Calculating source influence matrix ...

 Solving BL system ...

 Side 1  free  transition at x/c =  0.0214   31
 Side 2 forced transition at x/c =  1.0000   66

   1   rms: 0.3607E-01   max: 0.1281E+00   D at   78  1   RLX: 0.780
       a = 13.750      CL =  1.4031
      Cm = -0.0285     CD =  0.04496   =>   CDf =  0.00717    CDp =  0.03779

 Side 1  free  transition at x/c =  0.0208   31
 Side 2 forced transition at x/c =  1.0000   66

   2   rms: 0.8879E-02   max: 0.5259E-01   D at   80  1
       a = 13.750      CL =  1.4010
      Cm = -0.0284     CD =  0.04561   =>   CDf =  0.00707    CDp =  0.03854

 Side 1  free  transition at x/c =  0.0207   31
 Side 2 forced transition at x/c =  1.0000   66

   3   rms: 0.5055E-03   max: 0.4519E-02   D at   76  2
       a = 13.750      CL =  1.4006
      Cm = -0.0283     CD =  0.04552   =>   CDf =  0.00704    CDp =  0.03848

 Side 1  free  transition at x/c =  0.0208   31
 Side 2 forced transition at x/c =  1.0000   66

   4   rms: 0.6354E-05   max: 0.5592E-04   D at   76  2
       a = 13.750      CL =  1.4006
      Cm = -0.0283     CD =  0.04552   =>   CDf =  0.00704    CDp =  0.03848
      9.000   10.4279   0.045519   0.020406   0.002601  -0.017805    0.0208     #

 Point added to stored polar  1
 Point written to save file  clarky_re300000_clean.polar                     
 Dump file unspecified or not available
 Calculating wake trajectory ...
 Calculating source influence matrix ...

 Solving BL system ...

 Side 1  free  transition at x/c =  0.0208   31
 Side 2 forced transition at x/c =  1.0000   66

   1   rms: 0.3662E-01   max: 0.1374E+00   D at   77  1   RLX: 0.742
       a = 14.000      CL =  1.3994
      Cm = -0.0280     CD =  0.04798   =>   CDf =  0.00704    CDp =  0.04094

 Side 1  free  transition at x/c =  0.0203   31
 Side 2 forced transition at x/c =  1.0000   66

   2   rms: 0.1016E-01   max: 0.5175E-01   D at   79  1
       a = 14.000      CL =  1.3970
      Cm = -0.0279     CD =  0.04879   =>   CDf =  0.00696    CDp =  0.04183

 Side 1  free  transition at x/c =  0.0202   31
 Side 2 forced transition at x/c =  1.0000   66

   3   rms: 0.9146E-03   max: 0.8783E-02   D at   78  1
       a = 14.000      CL =  1.3964
      Cm = -0.0278     CD =  0.04871   =>   CDf =  0.00693    CDp =  0.04178

 Side 1  free  transition at x/c =  0.0202   31
 Side 2 forced transition at x/c =  1.0000   66

   4   rms: 0.3238E-04   max: 0.1857E-03   D at   77  2
       a = 14.000      CL =  1.3964
      Cm = -0.0278     CD =  0.04870   =>   CDf =  0.00693    CDp =  0.04178
      9.000   10.7746   0.048705   0.020280   0.002687  -0.017593    0.0202     #

 Point added to stored polar  1
 Point written to save file  clarky_re300000_clean.polar                     
 Dump file unspecified or not available
 Calculating wake trajectory ...
 Calculating source influence matrix ...

 Solving BL system ...

 Side 1  free  transition at x/c =  0.0202   31
 Side 2 forced transition at x/c =  1.0000   66

   1   rms: 0.3744E-01   max: 0.1466E+00   D at   76  1   RLX: 0.705
       a = 14.250      CL =  1.3940
      Cm = -0.0277     CD =  0.05135   =>   CDf =  0.00693    CDp =  0.04442

 Side 1  free  transition at x/c =  0.0198   31
 Side 2 forced transition at x/c =  1.0000   66

   2   rms: 0.1201E-01   max: 0.6364E-01   D at   77  1
       a = 14.250      CL =  1.3907
      Cm = -0.0276     CD =  0.05242   =>   CDf =  0.00686    CDp =  0.04556

 Side 1  free  transition at x/c =  0.0198   31
 Side 2 forced transition at x/c =  1.0000   66

   3   rms: 0.1005E-02   max: 0.7343E-02   D at   77  2
       a = 14.250      CL =  1.3900
      Cm = -0.0276     CD =  0.05229   =>   CDf =  0.00683    CDp =  0.04546

 Side 1  free  transition at x/c =  0.0198   31
 Side 2 forced transition at x/c =  1.0000   66

   4   rms: 0.2115E-04   max: 0.3018E-03   D at   77  2
       a = 14.250      CL =  1.3900
      Cm = -0.0276     CD =  0.05228   =>   CDf =  0.00682    CDp =  0.04546
      9.000   11.0558   0.052280   0.020123   0.002769  -0.017354    0.0198     #

 Point added to stored polar  1
 Point written to save file  clarky_re300000_clean.polar                     
 Dump file unspecified or not available
 Calculating wake trajectory ...
 Calculating source influence matrix ...

 Solving BL system ...

 Side 1  free  transition at x/c =  0.0198   31
 Side 2 forced transition at x/c =  1.0000   66

   1   rms: 0.3860E-01   max: 0.1563E+00   D at   75  1   RLX: 0.670
       a = 14.500      CL =  1.3862
      Cm = -0.0276     CD =  0.05512   =>   CDf =  0.00683    CDp =  0.04830

 Side 1  free  transition at x/c =  0.0195   31
 Side 2 forced transition at x/c =  1.0000   66

   2   rms: 0.1477E-01   max: 0.7918E-01   D at   76  1
       a = 14.500      CL =  1.3814
      Cm = -0.0277     CD =  0.05656   =>   CDf =  0.00677    CDp =  0.04979

 Side 1  free  transition at x/c =  0.0194   31
 Side 2 forced transition at x/c =  1.0000   66

   3   rms: 0.1159E-02   max: 0.9475E-02   D at   75  1
       a = 14.500      CL =  1.3807
      Cm = -0.0276     CD =  0.05636   =>   CDf =  0.00674    CDp =  0.04963

 Side 1  free  transition at x/c =  0.0194   31
 Side 2 forced transition at x/c =  1.0000   66

   4   rms: 0.3767E-04   max: -.3423E-03   D at    4  2
       a = 14.500      CL =  1.3806
      Cm = -0.0276     CD =  0.05635   =>   CDf =  0.00673    CDp =  0.04962
      9.000   11.2931   0.056352   0.019935   0.002867  -0.017067    0.0194     #

 Point added to stored polar  1
 Point written to save file  clarky_re300000_clean.polar                     
 Dump file unspecified or not available
 Calculating wake trajectory ...
 Calculating source influence matrix ...

 Solving BL system ...

 Side 1  free  transition at x/c =  0.0194   31
 Side 2 forced transition at x/c =  1.0000   66

   1   rms: 0.4104E-01   max: 0.1748E+00   D at   73  1   RLX: 0.635
       a = 14.750      CL =  1.3748
      Cm = -0.0279     CD =  0.05954   =>   CDf =  0.00624    CDp =  0.05331

 Side 1  free  transition at x/c =  0.0192   31
 Side 2 forced transition at x/c =  1.0000   65

   2   rms: 0.1350E-01   max: 0.6294E-01   T at    2  1
       a = 14.750      CL =  1.3733
      Cm = -0.0279     CD =  0.06063   =>   CDf =  0.00669    CDp =  0.05394

 Side 1  free  transition at x/c =  0.0191   31
 Side 2 forced transition at x/c =  1.0000   65

   3   rms: 0.1524E-02   max: 0.7292E-02   D at   75  1
       a = 14.750      CL =  1.3723
      Cm = -0.0279     CD =  0.06050   =>   CDf =  0.00663    CDp =  0.05387

 Side 1  free  transition at x/c =  0.0191   31
 Side 2 forced transition at x/c =  1.0000   65

   4   rms: 0.6499E-04   max: 0.5773E-03   D at   77  2
       a = 14.750      CL =  1.3722
      Cm = -0.0279     CD =  0.06048   =>   CDf =  0.00663    CDp =  0.05385
      9.000   11.5888   0.060480   0.019742   0.002982  -0.016760    0.0191     #

 Point added to stored polar  1
 Point written to save file  clarky_re300000_clean.polar                     
 Dump file unspecified or not available
 Calculating wake trajectory ...
 Calculating source influence matrix ...

 Solving BL system ...

 Side 1  free  transition at x/c =  0.0191   31
 Side 2 forced transition at x/c =  1.0000   65

   1   rms: 0.3328E-01   max: 0.1299E+00   D at   73  1   RLX: 0.612
       a = 15.000      CL =  1.3713
      Cm = -0.0282     CD =  0.06296   =>   CDf =  0.00663    CDp =  0.05633

 Side 1  free  transition at x/c =  0.0188   31
 Side 2 forced transition at x/c =  1.0000   65

   2   rms: 0.1417E-01   max: 0.6877E-01   D at   74  1
       a = 15.000      CL =  1.3684
      Cm = -0.0284     CD =  0.06451   =>   CDf =  0.00655    CDp =  0.05796

 Side 1  free  transition at x/c =  0.0187   31
 Side 2 forced transition at x/c =  1.0000   65

   3   rms: 0.1370E-02   max: 0.7262E-02   D at   77  2
       a = 15.000      CL =  1.3675
      Cm = -0.0283     CD =  0.06430   =>   CDf =  0.00650    CDp =  0.05780

 Side 1  free  transition at x/c =  0.0187   31
 Side 2 forced transition at x/c =  1.0000   65

   4   rms: 0.3187E-04   max: 0.2200E-03   D at   77  2
       a = 15.000      CL =  1.3674
      Cm = -0.0283     CD =  0.06428   =>   CDf =  0.00650    CDp =  0.05778
      9.000   11.9400   0.064277   0.019539   0.003075  -0.016465    0.0187     #

 Point added to stored polar  1
 Point written to save file  clarky_re300000_clean.polar                     
 Dump file unspecified or not available
 Calculating wake trajectory ...
 Calculating source influence matrix ...

 Solving BL system ...

 Side 1  free  transition at x/c =  0.0187   31
 Side 2 forced transition at x/c =  1.0000   65

   1   rms: 0.3328E-01   max: 0.1350E+00   D at   72  1   RLX: 0.587
       a = 15.250      CL =  1.3657
      Cm = -0.0286     CD =  0.06687   =>   CDf =  0.00650    CDp =  0.06037

 Side 1  free  transition at x/c =  0.0184   31
 Side 2 forced transition at x/c =  1.0000   65

   2   rms: 0.1493E-01   max: 0.7274E-01   D at   73  1
       a = 15.250      CL =  1.3625
      Cm = -0.0289     CD =  0.06860   =>   CDf =  0.00643    CDp =  0.06217

 Side 1  free  transition at x/c =  0.0183   31
 Side 2 forced transition at x/c =  1.0000   65

   3   rms: 0.1539E-02   max: 0.7521E-02   D at   72  1
       a = 15.250      CL =  1.3615
      Cm = -0.0289     CD =  0.06835   =>   CDf =  0.00638    CDp =  0.06197

 Side 1  free  transition at x/c =  0.0183   31
 Side 2 forced transition at x/c =  1.0000   65

   4   rms: 0.4019E-04   max: 0.3064E-03   D at   78  2
       a = 15.250      CL =  1.3615
      Cm = -0.0288     CD =  0.06833   =>   CDf =  0.00638    CDp =  0.06195
      9.000   12.2493   0.068326   0.019345   0.003165  -0.016181    0.0183     #

 Point added to stored polar  1
 Point written to save file  clarky_re300000_clean.polar                     
 Dump file unspecified or not available
 Calculating wake trajectory ...
 Calculating source influence matrix ...

 Solving BL system ...

 Side 1  free  transition at x/c =  0.0183   31
 Side 2 forced transition at x/c =  1.0000   65

   1   rms: 0.3325E-01   max: 0.1388E+00   D at   71  1   RLX: 0.563
       a = 15.500      CL =  1.3593
      Cm = -0.0293     CD =  0.07101   =>   CDf =  0.00638    CDp =  0.06462

 Side 1  free  transition at x/c =  0.0181   31
 Side 2 forced transition at x/c =  1.0000   65

   2   rms: 0.1506E-01   max: 0.6718E-01   D at   71  1
       a = 15.500      CL =  1.3562
      Cm = -0.0296     CD =  0.07283   =>   CDf =  0.00633    CDp =  0.06651

 Side 1  free  transition at x/c =  0.0180   31
 Side 2 forced transition at x/c =  1.0000   65

   3   rms: 0.1986E-02   max: 0.1078E-01   D at   71  1
       a = 15.500      CL =  1.3549
      Cm = -0.0296     CD =  0.07258   =>   CDf =  0.00628    CDp =  0.06630

 Side 1  free  transition at x/c =  0.0180   31
 Side 2 forced transition at x/c =  1.0000   65

   4   rms: 0.8658E-04   max: 0.8508E-03   D at   78  2
       a = 15.500      CL =  1.3549
      Cm = -0.0296     CD =  0.07255   =>   CDf =  0.00628    CDp =  0.06627
      9.000   12.5267   0.072547   0.019161   0.003250  -0.015911    0.0180     #

 Point added to stored polar  1
 Point written to save file  clarky_re300000_clean.polar                     
 Dump file unspecified or not available
 Calculating wake trajectory ...
 Calculating source influence matrix ...

 Solving BL system ...

 Side 1  free  transition at x/c =  0.0180   31
 Side 2 forced transition at x/c =  1.0000   65

   1   rms: 0.3264E-01   max: 0.1378E+00   D at   70  1   RLX: 0.542
       a = 15.750      CL =  1.3525
      Cm = -0.0301     CD =  0.07523   =>   CDf =  0.00628    CDp =  0.06895

 Side 1  free  transition at x/c =  0.0178   31
 Side 2 forced transition at x/c =  1.0000   65

   2   rms: 0.1509E-01   max: 0.6571E-01   D at   70  1
       a = 15.750      CL =  1.3496
      Cm = -0.0304     CD =  0.07712   =>   CDf =  0.00624    CDp =  0.07088

 Side 1  free  transition at x/c =  0.0176   31
 Side 2 forced transition at x/c =  1.0000   65

   3   rms: 0.2260E-02   max: 0.1283E-01   D at   70  1
       a = 15.750      CL =  1.3482
      Cm = -0.0304     CD =  0.07688   =>   CDf =  0.00620    CDp =  0.07068

 Side 1  free  transition at x/c =  0.0177   31
 Side 2 forced transition at x/c =  1.0000   65

   4   rms: 0.1013E-03   max: 0.6000E-03   D at   79  2
       a = 15.750      CL =  1.3481
      Cm = -0.0304     CD =  0.07683   =>   CDf =  0.00619    CDp =  0.07064

 Side 1  free  transition at x/c =  0.0177   31
 Side 2 forced transition at x/c =  1.0000   65

   5   rms: 0.4928E-05   max: -.1598E-04   D at   69  1
       a = 15.750      CL =  1.3481
      Cm = -0.0304     CD =  0.07683   =>   CDf =  0.00619    CDp =  0.07064
      9.000   12.7854   0.076830   0.019011   0.003333  -0.015678    0.0177     #

 Point added to stored polar  1
 Point written to save file  clarky_re300000_clean.polar                     
 Dump file unspecified or not available
 Calculating wake trajectory ...
 Calculating source influence matrix ...

 Solving BL system ...

 Side 1  free  transition at x/c =  0.0177   31
 Side 2 forced transition at x/c =  1.0000   65

   1   rms: 0.3150E-01   max: 0.1313E+00   D at   69  1   RLX: 0.522
       a = 16.000      CL =  1.3460
      Cm = -0.0309     CD =  0.07944   =>   CDf =  0.00620    CDp =  0.07324

 Side 1  free  transition at x/c =  0.0175   31
 Side 2 forced transition at x/c =  1.0000   65

   2   rms: 0.1511E-01   max: 0.6419E-01   D at   69  1
       a = 16.000      CL =  1.3432
      Cm = -0.0313     CD =  0.08142   =>   CDf =  0.00616    CDp =  0.07526

 Side 1  free  transition at x/c =  0.0174   31
 Side 2 forced transition at x/c =  1.0000   65

   3   rms: 0.2269E-02   max: 0.1211E-01   D at   69  1
       a = 16.000      CL =  1.3418
      Cm = -0.0313     CD =  0.08115   =>   CDf =  0.00613    CDp =  0.07502

 Side 1  free  transition at x/c =  0.0174   31
 Side 2 forced transition at x/c =  1.0000   65

   4   rms: 0.1141E-03   max: 0.7294E-03   D at   79  2
       a = 16.000      CL =  1.3417
      Cm = -0.0312     CD =  0.08109   =>   CDf =  0.00612    CDp =  0.07497

 Side 1  free  transition at x/c =  0.0174   31
 Side 2 forced transition at x/c =  1.0000   65

   5   rms: 0.5617E-05   max: -.1971E-04   D at   68  1
       a = 16.000      CL =  1.3417
      Cm = -0.0312     CD =  0.08109   =>   CDf =  0.00612    CDp =  0.07497
      9.000   13.0449   0.081093   0.018937   0.003419  -0.015519    0.0174     #

 Point added to stored polar  1
 Point written to save file  clarky_re300000_clean.polar                     
 Dump file unspecified or not available
 Calculating wake trajectory ...
 Calculating source influence matrix ...

 Solving BL system ...

 Side 1  free  transition at x/c =  0.0174   31
 Side 2 forced transition at x/c =  1.0000   65

   1   rms: 0.3009E-01   max: 0.1212E+00   D at   68  1   RLX: 0.504
       a = 16.250      CL =  1.3399
      Cm = -0.0317     CD =  0.08356   =>   CDf =  0.00613    CDp =  0.07743

 Side 1  free  transition at x/c =  0.0173   31
 Side 2 forced transition at x/c =  1.0000   65

   2   rms: 0.1494E-01   max: 0.6009E-01   D at   68  1
       a = 16.250      CL =  1.3376
      Cm = -0.0320     CD =  0.08554   =>   CDf =  0.00610    CDp =  0.07944

 Side 1  free  transition at x/c =  0.0171   31
 Side 2 forced transition at x/c =  1.0000   65

   3   rms: 0.2186E-02   max: 0.1268E-01   D at   79  2
       a = 16.250      CL =  1.3362
      Cm = -0.0320     CD =  0.08522   =>   CDf =  0.00608    CDp =  0.07914

 Side 1  free  transition at x/c =  0.0172   31
 Side 2 forced transition at x/c =  1.0000   65

   4   rms: 0.9093E-04   max: 0.8207E-03   D at   79  2
       a = 16.250      CL =  1.3362
      Cm = -0.0320     CD =  0.08517   =>   CDf =  0.00607    CDp =  0.07909
      9.000   13.3295   0.085168   0.019003   0.003520  -0.015483    0.0172     #

 Point added to stored polar  1
 Point written to save file  clarky_re300000_clean.polar                     
 Dump file unspecified or not available
 Calculating wake trajectory ...
 Calculating source influence matrix ...

 Solving BL system ...

 Side 1  free  transition at x/c =  0.0172   31
 Side 2 forced transition at x/c =  1.0000   65

   1   rms: 0.2854E-01   max: 0.1046E+00   T at   31  1   RLX: 0.488
       a = 16.500      CL =  1.3351
      Cm = -0.0323     CD =  0.08735   =>   CDf =  0.00557    CDp =  0.08178

 Side 1  free  transition at x/c =  0.0170   32
 Side 2 forced transition at x/c =  1.0000   64

   2   rms: 0.6313E-01   max: 0.1091E+01   T at    2  1
       a = 16.500      CL =  1.3335
      Cm = -0.0324     CD =  0.08916   =>   CDf =  0.00607    CDp =  0.08309

 Side 1  free  transition at x/c =  0.0169   32
 Side 2 forced transition at x/c =  1.0000   64

   3   rms: 0.6038E-02   max: 0.7646E-01   D at    4  1
       a = 16.500      CL =  1.3323
      Cm = -0.0324     CD =  0.08888   =>   CDf =  0.00607    CDp =  0.08281

 Side 1  free  transition at x/c =  0.0169   32
 Side 2 forced transition at x/c =  1.0000   64

   4   rms: 0.9215E-04   max: -.6028E-03   D at   69  1
       a = 16.500      CL =  1.3323
      Cm = -0.0324     CD =  0.08882   =>   CDf =  0.00606    CDp =  0.08276
      9.000   13.6610   0.088821   0.019340   0.003662  -0.015677    0.0169     #

 Point added to stored polar  1
 Point written to save file  clarky_re300000_clean.polar                     
 Dump file unspecified or not available
 Calculating wake trajectory ...
 Calculating source influence matrix ...

 Solving BL system ...

 Side 1  free  transition at x/c =  0.0169   32
 Side 2 forced transition at x/c =  1.0000   64

   1   rms: 0.2885E-01   max: 0.1350E+00   T at   32  1   RLX: 0.474
       a = 16.750      CL =  1.3327
      Cm = -0.0322     CD =  0.09039   =>   CDf =  0.00607    CDp =  0.08432

 Side 1  free  transition at x/c =  0.0168   31
 Side 2 forced transition at x/c =  1.0000   64

   2   rms: 0.1435E-01   max: 0.5125E-01   D at   68  1
       a = 16.750      CL =  1.3330
      Cm = -0.0326     CD =  0.09236   =>   CDf =  0.00609    CDp =  0.08627

 Side 1  free  transition at x/c =  0.0167   31
 Side 2 forced transition at x/c =  1.0000   64

   3   rms: 0.2487E-02   max: 0.8967E-02   D at   68  1
       a = 16.750      CL =  1.3314
      Cm = -0.0327     CD =  0.09214   =>   CDf =  0.00602    CDp =  0.08612

 Side 1  free  transition at x/c =  0.0167   31
 Side 2 forced transition at x/c =  1.0000   64

   4   rms: 0.1294E-03   max: 0.8189E-03   D at   79  2
       a = 16.750      CL =  1.3313
      Cm = -0.0326     CD =  0.09207   =>   CDf =  0.00602    CDp =  0.08605

 Side 1  free  transition at x/c =  0.0167   31
 Side 2 forced transition at x/c =  1.0000   64

   5   rms: 0.1115E-04   max: -.3360E-04   D at   81  2
       a = 16.750      CL =  1.3313
      Cm = -0.0326     CD =  0.09207   =>   CDf =  0.00602    CDp =  0.08604
      9.000   14.1266   0.092066   0.019784   0.003834  -0.015950    0.0167     #

 Point added to stored polar  1
 Point written to save file  clarky_re300000_clean.polar                     
 Dump file unspecified or not available
 Calculating wake trajectory ...
 Calculating source influence matrix ...

 Solving BL system ...

 Side 1  free  transition at x/c =  0.0167   31
 Side 2 forced transition at x/c =  1.0000   64

   1   rms: 0.2651E-01   max: 0.8763E-01   D at   67  1   RLX: 0.462
       a = 17.000      CL =  1.3322
      Cm = -0.0330     CD =  0.09394   =>   CDf =  0.00603    CDp =  0.08792

 Side 1  free  transition at x/c =  0.0166   31
 Side 2 forced transition at x/c =  1.0000   64

   2   rms: 0.1438E-01   max: 0.5272E-01   D at   68  1
       a = 17.000      CL =  1.3321
      Cm = -0.0334     CD =  0.09598   =>   CDf =  0.00597    CDp =  0.09001

 Side 1  free  transition at x/c =  0.0165   31
 Side 2 forced transition at x/c =  1.0000   64

   3   rms: 0.2718E-02   max: 0.1153E-01   D at   79  2
       a = 17.000      CL =  1.3303
      Cm = -0.0335     CD =  0.09575   =>   CDf =  0.00591    CDp =  0.08983

 Side 1  free  transition at x/c =  0.0165   31
 Side 2 forced transition at x/c =  1.0000   64

   4   rms: 0.1531E-03   max: 0.1155E-02   D at   79  2
       a = 17.000      CL =  1.3303
      Cm = -0.0334     CD =  0.09565   =>   CDf =  0.00591    CDp =  0.08974

 Side 1  free  transition at x/c =  0.0165   31
 Side 2 forced transition at x/c =  1.0000   64

   5   rms: 0.2016E-04   max: -.7732E-04   D at   81  2
       a = 17.000      CL =  1.3303
      Cm = -0.0334     CD =  0.09565   =>   CDf =  0.00591    CDp =  0.08974
      9.000   14.5984   0.095650   0.019890   0.003962  -0.015928    0.0165     #

 Point added to stored polar  1
 Point written to save file  clarky_re300000_clean.polar                     
 Dump file unspecified or not available
 Calculating wake trajectory ...
 Calculating source influence matrix ...

 Solving BL system ...

 Side 1  free  transition at x/c =  0.0165   31
 Side 2 forced transition at x/c =  1.0000   64

   1   rms: 0.2601E-01   max: 0.8000E-01   T at   31  1   RLX: 0.450
       a = 17.250      CL =  1.3315
      Cm = -0.0337     CD =  0.09736   =>   CDf =  0.00591    CDp =  0.09145

 Side 1  free  transition at x/c =  0.0164   31
 Side 2 forced transition at x/c =  1.0000   64

   2   rms: 0.1426E-01   max: 0.4750E-01   D at   67  1
       a = 17.250      CL =  1.3320
      Cm = -0.0341     CD =  0.09932   =>   CDf =  0.00587    CDp =  0.09345

 Side 1  free  transition at x/c =  0.0163   31
 Side 2 forced transition at x/c =  1.0000   64

   3   rms: 0.2950E-02   max: 0.1205E-01   D at   67  1
       a = 17.250      CL =  1.3302
      Cm = -0.0342     CD =  0.09916   =>   CDf =  0.00581    CDp =  0.09335

 Side 1  free  transition at x/c =  0.0163   31
 Side 2 forced transition at x/c =  1.0000   64

   4   rms: 0.1812E-03   max: 0.9938E-03   D at   78  2
       a = 17.250      CL =  1.3301
      Cm = -0.0341     CD =  0.09905   =>   CDf =  0.00581    CDp =  0.09324

 Side 1  free  transition at x/c =  0.0163   31
 Side 2 forced transition at x/c =  1.0000   64

   5   rms: 0.2087E-04   max: -.6512E-04   D at   81  2
       a = 17.250      CL =  1.3301
      Cm = -0.0341     CD =  0.09905   =>   CDf =  0.00581    CDp =  0.09324
      9.000   15.0862   0.099050   0.020122   0.004103  -0.016019    0.0163     #

 Point added to stored polar  1
 Point written to save file  clarky_re300000_clean.polar                     
 Dump file unspecified or not available
 Calculating wake trajectory ...
 Calculating source influence matrix ...

 Solving BL system ...

 Side 1  free  transition at x/c =  0.0163   31
 Side 2 forced transition at x/c =  1.0000   64

   1   rms: 0.2576E-01   max: 0.7594E-01   T at   31  1   RLX: 0.439
       a = 17.500      CL =  1.3315
      Cm = -0.0344     CD =  0.10066   =>   CDf =  0.00581    CDp =  0.09484

 Side 1  free  transition at x/c =  0.0162   31
 Side 2 forced transition at x/c =  1.0000   64

   2   rms: 0.1436E-01   max: 0.4528E-01   D at   66  1
       a = 17.500      CL =  1.3324
      Cm = -0.0347     CD =  0.10261   =>   CDf =  0.00577    CDp =  0.09684

 Side 1  free  transition at x/c =  0.0160   31
 Side 2 forced transition at x/c =  1.0000   64

   3   rms: 0.3026E-02   max: 0.1052E-01   D at   67  1
       a = 17.500      CL =  1.3306
      Cm = -0.0348     CD =  0.10247   =>   CDf =  0.00572    CDp =  0.09674

 Side 1  free  transition at x/c =  0.0161   31
 Side 2 forced transition at x/c =  1.0000   64

   4   rms: 0.1965E-03   max: -.1110E-02   D at   67  1
       a = 17.500      CL =  1.3305
      Cm = -0.0348     CD =  0.10234   =>   CDf =  0.00572    CDp =  0.09663

 Side 1  free  transition at x/c =  0.0161   31
 Side 2 forced transition at x/c =  1.0000   64

   5   rms: 0.3042E-04   max: -.1034E-03   D at   82  2
       a = 17.500      CL =  1.3305
      Cm = -0.0348     CD =  0.10234   =>   CDf =  0.00572    CDp =  0.09662
      9.000   15.5802   0.102342   0.020411   0.004253  -0.016158    0.0161     #

 Point added to stored polar  1
 Point written to save file  clarky_re300000_clean.polar                     
 Dump file unspecified or not available
 Calculating wake trajectory ...
 Calculating source influence matrix ...

 Solving BL system ...

 Side 1  free  transition at x/c =  0.0161   31
 Side 2 forced transition at x/c =  1.0000   64

   1   rms: 0.2570E-01   max: 0.7558E-01   T at   31  1   RLX: 0.429
       a = 17.750      CL =  1.3322
      Cm = -0.0350     CD =  0.10380   =>   CDf =  0.00572    CDp =  0.09807

 Side 1  free  transition at x/c =  0.0159   31
 Side 2 forced transition at x/c =  1.0000   64

   2   rms: 0.1445E-01   max: 0.4125E-01   D at   66  1
       a = 17.750      CL =  1.3339
      Cm = -0.0353     CD =  0.10566   =>   CDf =  0.00569    CDp =  0.09997

 Side 1  free  transition at x/c =  0.0158   31
 Side 2 forced transition at x/c =  1.0000   64

   3   rms: 0.3100E-02   max: 0.1075E-01   D at   66  1
       a = 17.750      CL =  1.3320
      Cm = -0.0354     CD =  0.10555   =>   CDf =  0.00564    CDp =  0.09991

 Side 1  free  transition at x/c =  0.0158   31
 Side 2 forced transition at x/c =  1.0000   64

   4   rms: 0.2256E-03   max: 0.1098E-02   D at   80  2
       a = 17.750      CL =  1.3320
      Cm = -0.0354     CD =  0.10542   =>   CDf =  0.00564    CDp =  0.09979

 Side 1  free  transition at x/c =  0.0158   31
 Side 2 forced transition at x/c =  1.0000   64

   5   rms: 0.3062E-04   max: -.1010E-03   D at   82  2
       a = 17.750      CL =  1.3320
      Cm = -0.0354     CD =  0.10542   =>   CDf =  0.00564    CDp =  0.09978
      9.000   16.0827   0.105419   0.020822   0.004413  -0.016409    0.0158     #

 Point added to stored polar  1
 Point written to save file  clarky_re300000_clean.polar                     
 Dump file unspecified or not available
 Calculating wake trajectory ...
 Calculating source influence matrix ...

 Solving BL system ...

 Side 1  free  transition at x/c =  0.0158   31
 Side 2 forced transition at x/c =  1.0000   64

   1   rms: 0.2582E-01   max: 0.7673E-01   T at   31  1   RLX: 0.420
       a = 18.000      CL =  1.3340
      Cm = -0.0355     CD =  0.10675   =>   CDf =  0.00514    CDp =  0.10161

 Side 1  free  transition at x/c =  0.0157   32
 Side 2 forced transition at x/c =  1.0000   63

   2   rms: 0.1551E-01   max: 0.8614E-01   D at    2  1
       a = 18.000      CL =  1.3362
      Cm = -0.0358     CD =  0.10856   =>   CDf =  0.00561    CDp =  0.10295

 Side 1  free  transition at x/c =  0.0156   32
 Side 2 forced transition at x/c =  1.0000   63

   3   rms: 0.3434E-02   max: 0.1330E-01   D at   67  1
       a = 18.000      CL =  1.3342
      Cm = -0.0360     CD =  0.10852   =>   CDf =  0.00557    CDp =  0.10296

 Side 1  free  transition at x/c =  0.0156   32
 Side 2 forced transition at x/c =  1.0000   63

   4   rms: 0.2392E-03   max: 0.1438E-02   D at   79  2
       a = 18.000      CL =  1.3341
      Cm = -0.0359     CD =  0.10838   =>   CDf =  0.00556    CDp =  0.10282

 Side 1  free  transition at x/c =  0.0156   32
 Side 2 forced transition at x/c =  1.0000   63

   5   rms: 0.3577E-04   max: -.1124E-03   D at   81  2
       a = 18.000      CL =  1.3341
      Cm = -0.0359     CD =  0.10837   =>   CDf =  0.00556    CDp =  0.10281
      9.000   16.5801   0.108373   0.021291   0.004579  -0.016711    0.0156     #

 Point added to stored polar  1
 Point written to save file  clarky_re300000_clean.polar                     
 Dump file unspecified or not available

.OPERva   c>  
 Polar accumulation disabled

.OPERv   c>  
 XFOIL   c>  
--- STDERR ---
