
 ===================================================
  XFOIL Version 6.99
  Copyright (C) 2000   Mark Drela, Harold Youngren

  This software comes with ABSOLUTELY NO WARRANTY,
    subject to the GNU General Public License.

  Caveat computor
 ===================================================

 File  xfoil.def  not found

   QUIT    Exit program

  .OPER    Direct operating point(s)
  .MDES    Complex mapping design routine
  .QDES    Surface speed design routine
  .GDES    Geometry design routine

   SAVE f  Write airfoil to labeled coordinate file
   PSAV f  Write airfoil to plain coordinate file
   ISAV f  Write airfoil to ISES coordinate file
   MSAV f  Write airfoil to MSES coordinate file
   REVE    Reverse written-airfoil node ordering
   DELI i  Change written-airfoil file delimiters

   LOAD f  Read buffer airfoil from coordinate file
   NACA i  Set NACA 4,5-digit airfoil and buffer airfoil
   INTE    Set buffer airfoil by interpolating two airfoils
   NORM    Buffer airfoil normalization toggle
   HALF    Halve the number of points in buffer airfoil
   XYCM rr Change CM reference location, currently  0.25000 0.00000

   BEND    Display structural properties of current airfoil

   PCOP    Set current-airfoil panel nodes directly from buffer airfoil points
   PANE    Set current-airfoil panel nodes ( 160 ) based on curvature
  .PPAR    Show/change paneling

  .PLOP    Plotting options

   WDEF f  Write  current-settings file
   RDEF f  Reread current-settings file
   NAME s  Specify new airfoil name
   NINC    Increment name version number

   Z       Zoom    | (available in all menus)
   U       Unzoom  | 

 XFOIL   c>  
 Labeled airfoil file.  Name:  Clark Y generated XFOIL input; source clarky.dat

 Number of input coordinate points: 122
 Counterclockwise ordering
 Max thickness =     0.117071  at x =   0.280
 Max camber    =     0.034331  at x =   0.420

  LE  x,y  =   0.00000   0.00000  |   Chord =   1.00000
  TE  x,y  =   1.00000   0.00000  |

 Current airfoil nodes set from buffer airfoil nodes ( 121 )

 XFOIL   c>  
 Sharp leading edge

 Blunt trailing edge.  Gap =  0.00120

 Paneling parameters used...
   Number of panel nodes       160
   Panel bunching parameter    1.000
   TE/LE panel density ratio   0.150
   Refined-area/LE panel density ratio    0.200
   Top    side refined area x/c limits  1.000 1.000
   Bottom side refined area x/c limits  1.000 1.000

 XFOIL   c>  
.OPERi   c>  
 M  =    0.0000
 Re =  0.2149E+06

.OPERv   c>  
 Xtr/c     =  1.0000    top    side
 Xtr/c     =  1.0000    bottom side
 NcritT    =    9.00   ( 0.070 % turb. level )
 NcritB    =    9.00   ( 0.070 % turb. level )
 Vacc      =  0.0100
 WakeL/c   =   1.000

 Klag  =  5.6000     Uxwt  =    1.00       Kdl =  0.9000
 A     =  6.7000     B     =  0.7500       KCt = 0.01485
 CtiniK=  1.8000     CtiniX=  3.3000

..VPAR   c>  
..VPAR   c>  
.OPERv   c>  
.OPERv   c>  
 Polar  1 newly created for accumulation
 Airfoil archived with polar: Clark Y generated XFOIL input; source clarky.dat

Enter  polar save filename  OR  <return> for no file   s>  
 New polar save file available

Enter  polar dump filename  OR  <return> for no file   s>  
 Polar dump file will NOT be written

 Polar accumulation enabled

.OPERva   c>   Calculating unit vorticity distributions ...
 Calculating wake trajectory ...
 Calculating source influence matrix ...

 Solving BL system ...

 Initializing BL ...
    side            1  ...
 MRCHUE: Inverse mode at  58     Hk =   3.905
 MRCHUE: Inverse mode at  59     Hk =   4.375
 MRCHUE: Inverse mode at  60     Hk =   4.834
 MRCHUE: Inverse mode at  61     Hk =   5.284
 MRCHUE: Inverse mode at  62     Hk =   5.726
 MRCHUE: Inverse mode at  63     Hk =   6.161
 MRCHUE: Inverse mode at  64     Hk =   6.590
 MRCHUE: Inverse mode at  65     Hk =   7.013
 MRCHUE: Inverse mode at  66     Hk =   7.431
 MRCHUE: Inverse mode at  67     Hk =   7.842
 MRCHUE: Inverse mode at  68     Hk =   8.246
 MRCHUE: Inverse mode at  69     Hk =   8.642
 MRCHUE: Inverse mode at  70     Hk =   9.029
 MRCHUE: Inverse mode at  71     Hk =   9.090
 MRCHUE: Inverse mode at  72     Hk =   7.604
    side            2  ...
 MRCHUE: Inverse mode at  23     Hk =   3.847
 MRCHUE: Inverse mode at  24     Hk =   4.360
 MRCHUE: Convergence failed at  25  side 2    Res =  0.3129E+02
 MRCHUE: Inverse mode at  26     Hk =   4.864
 MRCHUE: Convergence failed at  27  side 2    Res =  0.4852E+01
 MRCHUE: Inverse mode at  28     Hk =   5.370
 MRCHUE: Inverse mode at  29     Hk =   5.871
 MRCHUE: Inverse mode at  30     Hk =   6.371
 MRCHUE: Inverse mode at  31     Hk =   6.875
 MRCHUE: Inverse mode at  32     Hk =   7.389
 MRCHUE: Inverse mode at  33     Hk =   7.915
 MRCHUE: Inverse mode at  34     Hk =   8.458
 MRCHUE: Inverse mode at  35     Hk =   9.021
 MRCHUE: Inverse mode at  36     Hk =   8.638
 MRCHUE: Inverse mode at  37     Hk =   5.976
 MRCHUE: Inverse mode at  38     Hk =   4.319
 MRCHUE: Inverse mode at  39     Hk =   3.077
 MRCHUE: Inverse mode at  91     Hk =   2.500

 MRCHDU: Convergence failed at  27  side 2    Res =  0.1389E+01
 MRCHDU: Convergence failed at  28  side 2    Res =  0.2057E+01
 MRCHDU: Convergence failed at  29  side 2    Res =  0.3788E+01
 MRCHDU: Convergence failed at  30  side 2    Res =  0.1267E+02
 MRCHDU: Convergence failed at  31  side 2    Res =  0.7924E+01
 MRCHDU: Convergence failed at  32  side 2    Res =  0.3556E+01
 MRCHDU: Convergence failed at  33  side 2    Res =  0.2560E+01
 MRCHDU: Convergence failed at  34  side 2    Res =  0.1741E+01
 MRCHDU: Convergence failed at  35  side 2    Res =  0.1944E+01
 MRCHDU: Convergence failed at  36  side 2    Res =  0.3518E+01
 MRCHDU: Convergence failed at  37  side 2    Res =  0.6047E+01
 MRCHDU: Convergence failed at  38  side 2    Res =  0.1816E+02
 MRCHDU: Convergence failed at  39  side 2    Res =  0.3356E+02
 MRCHDU: Convergence failed at  40  side 2    Res =  0.1595E+02
 MRCHDU: Convergence failed at  41  side 2    Res =  0.2926E+03
 MRCHDU: Convergence failed at  42  side 2    Res =  0.8028E+02
 MRCHDU: Convergence failed at  43  side 2    Res =  0.4340E+02
 MRCHDU: Convergence failed at  44  side 2    Res =  0.5771E+02
 MRCHDU: Convergence failed at  45  side 2    Res =  0.6071E+02
 MRCHDU: Convergence failed at  46  side 2    Res =  0.5456E+02
 MRCHDU: Convergence failed at  47  side 2    Res =  0.4166E+02
 MRCHDU: Convergence failed at  48  side 2    Res =  0.3707E+02
 MRCHDU: Convergence failed at  49  side 2    Res =  0.4514E+02
 MRCHDU: Convergence failed at  50  side 2    Res =  0.3232E+02
 MRCHDU: Convergence failed at  51  side 2    Res =  0.3822E+02
 MRCHDU: Convergence failed at  52  side 2    Res =  0.4646E+02
 MRCHDU: Convergence failed at  53  side 2    Res =  0.4181E+02
 MRCHDU: Convergence failed at  54  side 2    Res =  0.3891E+02
 MRCHDU: Convergence failed at  55  side 2    Res =  0.4519E+02
 MRCHDU: Convergence failed at  56  side 2    Res =  0.5263E+02
 MRCHDU: Convergence failed at  57  side 2    Res =  0.5913E+02
 MRCHDU: Convergence failed at  58  side 2    Res =  0.6678E+02
 MRCHDU: Convergence failed at  59  side 2    Res =  0.7622E+02
 MRCHDU: Convergence failed at  60  side 2    Res =  0.8859E+02
 MRCHDU: Convergence failed at  61  side 2    Res =  0.1049E+03
 MRCHDU: Convergence failed at  62  side 2    Res =  0.1271E+03
 MRCHDU: Convergence failed at  63  side 2    Res =  0.1594E+03
 MRCHDU: Convergence failed at  64  side 2    Res =  0.1532E+03
 MRCHDU: Convergence failed at  65  side 2    Res =  0.1972E+03
 MRCHDU: Convergence failed at  66  side 2    Res =  0.2721E+03
 MRCHDU: Convergence failed at  67  side 2    Res =  0.4291E+03
 MRCHDU: Convergence failed at  68  side 2    Res =  0.9850E+03
 MRCHDU: Convergence failed at  69  side 2    Res =  0.3756E+04
 MRCHDU: Convergence failed at  70  side 2    Res =  0.3587E+02
 MRCHDU: Convergence failed at  71  side 2    Res =  0.1752E+02
 MRCHDU: Convergence failed at  72  side 2    Res =  0.1196E+04
 MRCHDU: Convergence failed at  73  side 2    Res =  0.4032E+03
 MRCHDU: Convergence failed at  74  side 2    Res =  0.2437E+03
 MRCHDU: Convergence failed at  75  side 2    Res =  0.1749E+03
 MRCHDU: Convergence failed at  76  side 2    Res =  0.1365E+03
 MRCHDU: Convergence failed at  77  side 2    Res =  0.1118E+03
 MRCHDU: Convergence failed at  78  side 2    Res =  0.9449E+02
 MRCHDU: Convergence failed at  79  side 2    Res =  0.8165E+02
 MRCHDU: Convergence failed at  80  side 2    Res =  0.1065E+03
 MRCHDU: Convergence failed at  81  side 2    Res =  0.8833E+02
 MRCHDU: Convergence failed at  82  side 2    Res =  0.5040E+02
 MRCHDU: Convergence failed at  83  side 2    Res =  0.5610E+02
 MRCHDU: Convergence failed at  84  side 2    Res =  0.6383E+02
 MRCHDU: Convergence failed at  85  side 2    Res =  0.7509E+02
 MRCHDU: Convergence failed at  86  side 2    Res =  0.9346E+02
 MRCHDU: Convergence failed at  87  side 2    Res =  0.1299E+03
 MRCHDU: Convergence failed at  88  side 2    Res =  0.2442E+03
 MRCHDU: Convergence failed at  89  side 2    Res =  0.2600E+03
 MRCHDU: Convergence failed at  90  side 2    Res =  0.5097E+02
 MRCHDU: Convergence failed at  91  side 2    Res =  0.3287E+02
 MRCHDU: Convergence failed at  93  side 2    Res =  0.5023E+00
 MRCHDU: Convergence failed at  94  side 2    Res =  0.6305E+00
 MRCHDU: Convergence failed at  95  side 2    Res =  0.6363E+00
 MRCHDU: Convergence failed at  96  side 2    Res =  0.5901E+00
 MRCHDU: Convergence failed at  97  side 2    Res =  0.5111E+00
 MRCHDU: Convergence failed at  98  side 2    Res =  0.4076E+00
 MRCHDU: Convergence failed at  99  side 2    Res =  0.2843E+00
 MRCHDU: Convergence failed at 100  side 2    Res =  0.1465E+00
 MRCHDU: Convergence failed at 101  side 2    Res =  0.2327E-01
 Side 1  free  transition at x/c =  0.9832   71
 Side 2  free  transition at x/c =  0.0825   38

   1   rms: 0.1243E+01   max: 0.3209E+01   D at  101  2   RLX: 0.327
       a = -6.000      CL = -1.8574
      Cm =  0.3769     CD =  0.00314   =>   CDf =  0.00288    CDp =  0.00026

 Side 1  free  transition at x/c =  0.9702   71
 Side 2  free  transition at x/c =  0.0714   36

   2   rms: 0.8231E+00   max: 0.3834E+01   T at   36  2   RLX: 0.333
       a = -6.000      CL = -1.2616
      Cm =  0.1954     CD =  0.00862   =>   CDf =  0.01516    CDp = -0.00654

 MRCHDU: Convergence failed at  36  side 2    Res =  0.7092E+02
 Side 1  free  transition at x/c =  0.9677   70
 Side 2  free  transition at x/c =  0.0614   34

   3   rms: 0.5731E+00   max: 0.2242E+01   D at   37  2   RLX: 0.479
       a = -6.000      CL = -0.8356
      Cm =  0.0607     CD =  0.01258   =>   CDf =  0.01223    CDp =  0.00035

 Side 1  free  transition at x/c =  0.9459   68
 Side 2  free  transition at x/c =  0.0585   35

   4   rms: 0.3042E+00   max: -.3957E+00   D at   96  2   RLX: 0.970
       a = -6.000      CL = -0.3343
      Cm = -0.0784     CD =  0.02116   =>   CDf =  0.00987    CDp =  0.01129

 Side 1  free  transition at x/c =  0.9626   70
 Side 2  free  transition at x/c =  0.0597   34

   5   rms: 0.1365E+00   max: 0.5313E+00   D at   38  2
       a = -6.000      CL = -0.3171
      Cm = -0.0813     CD =  0.02812   =>   CDf =  0.00676    CDp =  0.02136

 Side 1  free  transition at x/c =  0.9533   70
 Side 2  free  transition at x/c =  0.0617   34

   6   rms: 0.8983E-02   max: -.8180E-01   D at   36  2
       a = -6.000      CL = -0.3198
      Cm = -0.0806     CD =  0.02798   =>   CDf =  0.00616    CDp =  0.02182

 Side 1  free  transition at x/c =  0.9526   70
 Side 2  free  transition at x/c =  0.0614   34

   7   rms: 0.6615E-03   max: 0.3083E-02   T at   34  2
       a = -6.000      CL = -0.3198
      Cm = -0.0806     CD =  0.02795   =>   CDf =  0.00618    CDp =  0.02177

 Side 1  free  transition at x/c =  0.9527   70
 Side 2  free  transition at x/c =  0.0614   34

   8   rms: 0.2291E-05   max: 0.9672E-05   D at   49  2
       a = -6.000      CL = -0.3198
      Cm = -0.0806     CD =  0.02795   =>   CDf =  0.00618    CDp =  0.02177
      9.000   10.3670   0.027948   0.002756   0.000000  -0.002756    0.9527     #

 Point added to stored polar  1
 Point written to save file  clarky_re214862_clean.polar                     
 Dump file unspecified or not available
 Calculating wake trajectory ...
 Calculating source influence matrix ...

 Solving BL system ...

 Side 1  free  transition at x/c =  0.9527   70
 Side 2  free  transition at x/c =  0.0614   34

   1   rms: 0.7655E-01   max: -.2003E+00   D at   44  2
       a = -5.750      CL = -0.2845
      Cm = -0.0829     CD =  0.02487   =>   CDf =  0.00618    CDp =  0.01869

 Side 1  free  transition at x/c =  0.9501   70
 Side 2  free  transition at x/c =  0.0608   34

   2   rms: 0.5047E-02   max: 0.6086E-01   D at   34  2
       a = -5.750      CL = -0.2826
      Cm = -0.0831     CD =  0.02519   =>   CDf =  0.00661    CDp =  0.01858

 Side 1  free  transition at x/c =  0.9505   70
 Side 2  free  transition at x/c =  0.0607   34

   3   rms: 0.9019E-03   max: 0.4905E-02   D at   38  2
       a = -5.750      CL = -0.2825
      Cm = -0.0831     CD =  0.02521   =>   CDf =  0.00665    CDp =  0.01857

 Side 1  free  transition at x/c =  0.9505   70
 Side 2  free  transition at x/c =  0.0607   34

   4   rms: 0.7390E-05   max: 0.4832E-04   D at   38  2
       a = -5.750      CL = -0.2825
      Cm = -0.0831     CD =  0.02521   =>   CDf =  0.00664    CDp =  0.01857
      9.000    9.9690   0.025213   0.002787   0.000000  -0.002787    0.9505     #

 Point added to stored polar  1
 Point written to save file  clarky_re214862_clean.polar                     
 Dump file unspecified or not available
 Calculating wake trajectory ...
 Calculating source influence matrix ...

 Solving BL system ...

 Side 1  free  transition at x/c =  0.9505   70
 Side 2  free  transition at x/c =  0.0607   34

   1   rms: 0.7465E-01   max: -.2104E+00   D at   43  2
       a = -5.500      CL = -0.2435
      Cm = -0.0857     CD =  0.02279   =>   CDf =  0.00670    CDp =  0.01610

 Side 1  free  transition at x/c =  0.9489   70
 Side 2  free  transition at x/c =  0.0616   33

   2   rms: 0.1076E+00   max: -.9993E+00   T at   70  1   RLX: 0.500
       a = -5.500      CL = -0.1972
      Cm = -0.0952     CD =  0.02165   =>   CDf =  0.00711    CDp =  0.01453

 MRCHDU: Convergence failed at  72  side 1    Res =  0.1302E+02
 MRCHDU: Convergence failed at  73  side 1    Res =  0.5537E+01
 Side 1  free  transition at x/c =  0.9736   72
 Side 2  free  transition at x/c =  0.0622   33

   3   rms: 0.1418E+00   max: 0.1626E+01   C at   72  1   RLX: 0.923
       a = -5.500      CL = -0.2509
      Cm = -0.0852     CD =  0.02183   =>   CDf =  0.00730    CDp =  0.01453

 Side 1  free  transition at x/c =  0.9394   70
 Side 2  free  transition at x/c =  0.0615   33

   4   rms: 0.2704E-01   max: -.4643E+00   D at   71  1
       a = -5.500      CL = -0.2648
      Cm = -0.0813     CD =  0.02400   =>   CDf =  0.00699    CDp =  0.01701

 Side 1  free  transition at x/c =  0.9390   70
 Side 2  free  transition at x/c =  0.0612   33

   5   rms: 0.7372E-02   max: -.6820E-01   T at   70  1
       a = -5.500      CL = -0.2595
      Cm = -0.0823     CD =  0.02367   =>   CDf =  0.00695    CDp =  0.01672

 Side 1  free  transition at x/c =  0.9418   70
 Side 2  free  transition at x/c =  0.0613   33

   6   rms: 0.1941E-02   max: -.1367E-01   D at   73  1
       a = -5.500      CL = -0.2583
      Cm = -0.0826     CD =  0.02364   =>   CDf =  0.00697    CDp =  0.01668

 Side 1  free  transition at x/c =  0.9424   70
 Side 2  free  transition at x/c =  0.0613   33

   7   rms: 0.9963E-04   max: -.5556E-03   T at   70  1
       a = -5.500      CL = -0.2583
      Cm = -0.0826     CD =  0.02365   =>   CDf =  0.00697    CDp =  0.01667
      9.000    9.7573   0.023645   0.002794   0.000000  -0.002794    0.9424     #

 Point added to stored polar  1
 Point written to save file  clarky_re214862_clean.polar                     
 Dump file unspecified or not available
 Calculating wake trajectory ...
 Calculating source influence matrix ...

 Solving BL system ...

 Side 1  free  transition at x/c =  0.9425   70
 Side 2  free  transition at x/c =  0.0613   33

   1   rms: 0.6126E-01   max: -.1787E+00   D at   41  2
       a = -5.250      CL = -0.2267
      Cm = -0.0835     CD =  0.02200   =>   CDf =  0.00697    CDp =  0.01502

 Side 1  free  transition at x/c =  0.9368   70
 Side 2  free  transition at x/c =  0.0622   33

   2   rms: 0.1036E-01   max: -.4558E-01   D at   73  1
       a = -5.250      CL = -0.2231
      Cm = -0.0841     CD =  0.02208   =>   CDf =  0.00731    CDp =  0.01477

 Side 1  free  transition at x/c =  0.9382   70
 Side 2  free  transition at x/c =  0.0622   33

   3   rms: 0.3885E-03   max: -.2672E-02   D at   73  1
       a = -5.250      CL = -0.2229
      Cm = -0.0841     CD =  0.02209   =>   CDf =  0.00734    CDp =  0.01475

 Side 1  free  transition at x/c =  0.9383   70
 Side 2  free  transition at x/c =  0.0622   33

   4   rms: 0.1354E-04   max: 0.1071E-03   D at   36  2
       a = -5.250      CL = -0.2229
      Cm = -0.0841     CD =  0.02209   =>   CDf =  0.00734    CDp =  0.01475
      9.000    9.5175   0.022094   0.002821   0.006581   0.003760    0.9383     #

 Point added to stored polar  1
 Point written to save file  clarky_re214862_clean.polar                     
 Dump file unspecified or not available
 Calculating wake trajectory ...
 Calculating source influence matrix ...

 Solving BL system ...

 Side 1  free  transition at x/c =  0.9383   70
 Side 2  free  transition at x/c =  0.0622   33

   1   rms: 0.6517E-01   max: -.1954E+00   D at   39  2
       a = -5.000      CL = -0.1850
      Cm = -0.0861     CD =  0.02055   =>   CDf =  0.00740    CDp =  0.01315

 Side 1  free  transition at x/c =  0.9351   71
 Side 2  free  transition at x/c =  0.0628   33

   2   rms: 0.6679E-02   max: -.4019E-01   T at    2  1
       a = -5.000      CL = -0.1836
      Cm = -0.0863     CD =  0.02075   =>   CDf =  0.00764    CDp =  0.01311

 Side 1  free  transition at x/c =  0.9356   71
 Side 2  free  transition at x/c =  0.0628   32

   3   rms: 0.2371E-02   max: 0.1622E-01   D at   33  2
       a = -5.000      CL = -0.1837
      Cm = -0.0863     CD =  0.02073   =>   CDf =  0.00766    CDp =  0.01307

 Side 1  free  transition at x/c =  0.9356   71
 Side 2  free  transition at x/c =  0.0628   32

   4   rms: 0.5158E-04   max: 0.3899E-03   D at   34  2
       a = -5.000      CL = -0.1837
      Cm = -0.0863     CD =  0.02073   =>   CDf =  0.00765    CDp =  0.01308
      9.000    9.1691   0.020730   0.002855   0.006198   0.003343    0.9356     #

 Point added to stored polar  1
 Point written to save file  clarky_re214862_clean.polar                     
 Dump file unspecified or not available
 Calculating wake trajectory ...
 Calculating source influence matrix ...

 Solving BL system ...

 Side 1  free  transition at x/c =  0.9356   71
 Side 2  free  transition at x/c =  0.0628   32

   1   rms: 0.6331E-01   max: -.2018E+00   D at   37  2
       a = -4.750      CL = -0.1441
      Cm = -0.0885     CD =  0.01951   =>   CDf =  0.00765    CDp =  0.01185

 Side 1  free  transition at x/c =  0.9332   71
 Side 2  free  transition at x/c =  0.0642   33

   2   rms: 0.6669E-01   max: 0.5008E+00   D at   33  2
       a = -4.750      CL = -0.1443
      Cm = -0.0886     CD =  0.01951   =>   CDf =  0.00772    CDp =  0.01179

 Side 1  free  transition at x/c =  0.9333   71
 Side 2  free  transition at x/c =  0.0640   33

   3   rms: 0.8405E-02   max: 0.6333E-01   D at   34  2
       a = -4.750      CL = -0.1449
      Cm = -0.0886     CD =  0.01946   =>   CDf =  0.00768    CDp =  0.01178

 Side 1  free  transition at x/c =  0.9333   71
 Side 2  free  transition at x/c =  0.0639   33

   4   rms: 0.1534E-03   max: 0.1798E-02   D at   35  2
       a = -4.750      CL = -0.1449
      Cm = -0.0886     CD =  0.01945   =>   CDf =  0.00767    CDp =  0.01179

 Side 1  free  transition at x/c =  0.9333   71
 Side 2  free  transition at x/c =  0.0639   33

   5   rms: 0.1993E-05   max: 0.8034E-05   D at   46  2
       a = -4.750      CL = -0.1449
      Cm = -0.0886     CD =  0.01945   =>   CDf =  0.00767    CDp =  0.01179
      9.000    8.7858   0.019454   0.002891   0.005945   0.003054    0.9333     #

 Point added to stored polar  1
 Point written to save file  clarky_re214862_clean.polar                     
 Dump file unspecified or not available
 Calculating wake trajectory ...
 Calculating source influence matrix ...

 Solving BL system ...

 Side 1  free  transition at x/c =  0.9333   71
 Side 2  free  transition at x/c =  0.0639   33

   1   rms: 0.5839E-01   max: -.2258E+00   T at   33  2
       a = -4.500      CL = -0.1055
      Cm = -0.0909     CD =  0.01841   =>   CDf =  0.00772    CDp =  0.01068

 Side 1  free  transition at x/c =  0.9312   71
 Side 2  free  transition at x/c =  0.0659   32

   2   rms: 0.3504E+00   max: 0.4964E+01   D at    2  1   RLX: 0.220
       a = -4.500      CL = -0.1427
      Cm = -0.0837     CD =  0.01918   =>   CDf =  0.00762    CDp =  0.01156

 Side 1  free  transition at x/c =  0.9147   70
 Side 2  free  transition at x/c =  0.0647   33

   3   rms: 0.4163E-01   max: -.2645E+00   D at   72  1
       a = -4.500      CL = -0.1243
      Cm = -0.0872     CD =  0.01882   =>   CDf =  0.00767    CDp =  0.01114

 Side 1  free  transition at x/c =  0.9218   70
 Side 2  free  transition at x/c =  0.0652   33

   4   rms: 0.1582E-01   max: -.1184E+00   D at   73  1
       a = -4.500      CL = -0.1168
      Cm = -0.0886     CD =  0.01872   =>   CDf =  0.00769    CDp =  0.01104

 Side 1  free  transition at x/c =  0.9263   70
 Side 2  free  transition at x/c =  0.0654   33

   5   rms: 0.1840E-02   max: -.1319E-01   D at   72  1
       a = -4.500      CL = -0.1156
      Cm = -0.0888     CD =  0.01871   =>   CDf =  0.00769    CDp =  0.01102

 Side 1  free  transition at x/c =  0.9269   70
 Side 2  free  transition at x/c =  0.0655   33

   6   rms: 0.4561E-04   max: -.3271E-03   T at   70  1
       a = -4.500      CL = -0.1156
      Cm = -0.0888     CD =  0.01871   =>   CDf =  0.00769    CDp =  0.01102
      9.000    8.6156   0.018709   0.002909   0.005853   0.002945    0.9269     #

 Point added to stored polar  1
 Point written to save file  clarky_re214862_clean.polar                     
 Dump file unspecified or not available
 Calculating wake trajectory ...
 Calculating source influence matrix ...

 Solving BL system ...

 Side 1  free  transition at x/c =  0.9269   70
 Side 2  free  transition at x/c =  0.0655   33

   1   rms: 0.4466E-01   max: -.1999E+00   T at   33  2
       a = -4.250      CL = -0.0920
      Cm = -0.0879     CD =  0.01811   =>   CDf =  0.00774    CDp =  0.01037

 Side 1  free  transition at x/c =  0.9171   71
 Side 2  free  transition at x/c =  0.0674   32

   2   rms: 0.2254E-01   max: -.1131E+00   D at   74  1
       a = -4.250      CL = -0.0848
      Cm = -0.0892     CD =  0.01799   =>   CDf =  0.00778    CDp =  0.01021

 Side 1  free  transition at x/c =  0.9204   71
 Side 2  free  transition at x/c =  0.0677   32

   3   rms: 0.1817E-02   max: -.1430E-01   D at   73  1
       a = -4.250      CL = -0.0842
      Cm = -0.0893     CD =  0.01800   =>   CDf =  0.00780    CDp =  0.01020

 Side 1  free  transition at x/c =  0.9208   71
 Side 2  free  transition at x/c =  0.0677   32

   4   rms: 0.3964E-04   max: 0.4040E-03   D at   34  2
       a = -4.250      CL = -0.0842
      Cm = -0.0893     CD =  0.01800   =>   CDf =  0.00780    CDp =  0.01020
      9.000    8.4661   0.017998   0.002931   0.005759   0.002828    0.9208     #

 Point added to stored polar  1
 Point written to save file  clarky_re214862_clean.polar                     
 Dump file unspecified or not available
 Calculating wake trajectory ...
 Calculating source influence matrix ...

 Solving BL system ...

 Side 1  free  transition at x/c =  0.9208   71
 Side 2  free  transition at x/c =  0.0677   32

   1   rms: 0.5540E-01   max: -.2529E+00   T at   32  2
       a = -4.000      CL = -0.0496
      Cm = -0.0904     CD =  0.01723   =>   CDf =  0.00780    CDp =  0.00943

 Side 1  free  transition at x/c =  0.9163   71
 Side 2  free  transition at x/c =  0.0701   33

   2   rms: 0.2519E-01   max: 0.2431E+00   D at   33  2
       a = -4.000      CL = -0.0489
      Cm = -0.0906     CD =  0.01713   =>   CDf =  0.00780    CDp =  0.00933

 Side 1  free  transition at x/c =  0.9170   71
 Side 2  free  transition at x/c =  0.0698   33

   3   rms: 0.1767E-02   max: 0.1691E-01   D at   34  2
       a = -4.000      CL = -0.0490
      Cm = -0.0906     CD =  0.01712   =>   CDf =  0.00781    CDp =  0.00931

 Side 1  free  transition at x/c =  0.9169   71
 Side 2  free  transition at x/c =  0.0698   33

   4   rms: 0.1149E-04   max: 0.1384E-03   D at   34  2
       a = -4.000      CL = -0.0490
      Cm = -0.0906     CD =  0.01712   =>   CDf =  0.00781    CDp =  0.00931
      9.000    8.1689   0.017117   0.002961   0.005562   0.002601    0.9169     #

 Point added to stored polar  1
 Point written to save file  clarky_re214862_clean.polar                     
 Dump file unspecified or not available
 Calculating wake trajectory ...
 Calculating source influence matrix ...

 Solving BL system ...

 Side 1  free  transition at x/c =  0.9169   71
 Side 2  free  transition at x/c =  0.0698   33

   1   rms: 0.5691E-01   max: -.2949E+00   T at   33  2
       a = -3.750      CL = -0.0136
      Cm = -0.0921     CD =  0.01627   =>   CDf =  0.00786    CDp =  0.00841

 Side 1  free  transition at x/c =  0.9135   72
 Side 2  free  transition at x/c =  0.0723   32

   2   rms: 0.1894E-01   max: -.1224E+00   D at   32  2
       a = -3.750      CL = -0.0132
      Cm = -0.0920     CD =  0.01636   =>   CDf =  0.00782    CDp =  0.00854

 Side 1  free  transition at x/c =  0.9138   72
 Side 2  free  transition at x/c =  0.0726   32

   3   rms: 0.1086E-02   max: 0.8897E-02   D at    4  1
       a = -3.750      CL = -0.0133
      Cm = -0.0920     CD =  0.01637   =>   CDf =  0.00779    CDp =  0.00858

 Side 1  free  transition at x/c =  0.9138   72
 Side 2  free  transition at x/c =  0.0725   32

   4   rms: 0.1820E-05   max: 0.1050E-04   D at   33  2
       a = -3.750      CL = -0.0133
      Cm = -0.0920     CD =  0.01637   =>   CDf =  0.00779    CDp =  0.00858
      9.000    7.8624   0.016371   0.002995   0.005383   0.002389    0.9138     #

 Point added to stored polar  1
 Point written to save file  clarky_re214862_clean.polar                     
 Dump file unspecified or not available
 Calculating wake trajectory ...
 Calculating source influence matrix ...

 Solving BL system ...

 Side 1  free  transition at x/c =  0.9138   72
 Side 2  free  transition at x/c =  0.0725   32

   1   rms: 0.5653E-01   max: -.2538E+00   T at   32  2
       a = -3.500      CL =  0.0228
      Cm = -0.0934     CD =  0.01566   =>   CDf =  0.00780    CDp =  0.00786

 Side 1  free  transition at x/c =  0.9111   71
 Side 2  free  transition at x/c =  0.0761   33

   2   rms: 0.3938E-01   max: 0.2683E+00   T at   71  1
       a = -3.500      CL = -0.0037
      Cm = -0.0882     CD =  0.01625   =>   CDf =  0.00782    CDp =  0.00843

 Side 1  free  transition at x/c =  0.8974   71
 Side 2  free  transition at x/c =  0.0747   32

   3   rms: 0.2352E-01   max: -.1865E+00   D at   73  1
       a = -3.500      CL =  0.0087
      Cm = -0.0907     CD =  0.01599   =>   CDf =  0.00785    CDp =  0.00814

 Side 1  free  transition at x/c =  0.9031   71
 Side 2  free  transition at x/c =  0.0753   33

   4   rms: 0.6461E-02   max: -.4445E-01   D at   72  1
       a = -3.500      CL =  0.0102
      Cm = -0.0909     CD =  0.01591   =>   CDf =  0.00786    CDp =  0.00805

 Side 1  free  transition at x/c =  0.9044   71
 Side 2  free  transition at x/c =  0.0754   33

   5   rms: 0.4598E-03   max: 0.4450E-02   D at   33  2
       a = -3.500      CL =  0.0102
      Cm = -0.0909     CD =  0.01592   =>   CDf =  0.00784    CDp =  0.00808

 Side 1  free  transition at x/c =  0.9044   71
 Side 2  free  transition at x/c =  0.0753   33

   6   rms: 0.8717E-06   max: 0.7958E-05   T at   33  2
       a = -3.500      CL =  0.0102
      Cm = -0.0909     CD =  0.01592   =>   CDf =  0.00784    CDp =  0.00808
      9.000    7.8984   0.015917   0.003003   0.005422   0.002419    0.9044     #

 Point added to stored polar  1
 Point written to save file  clarky_re214862_clean.polar                     
 Dump file unspecified or not available
 Calculating wake trajectory ...
 Calculating source influence matrix ...

 Solving BL system ...

 Side 1  free  transition at x/c =  0.9044   71
 Side 2  free  transition at x/c =  0.0753   33

   1   rms: 0.6216E-01   max: -.4497E+00   T at   33  2
       a = -3.250      CL =  0.0380
      Cm = -0.0910     CD =  0.01498   =>   CDf =  0.00784    CDp =  0.00714

 Side 1  free  transition at x/c =  0.8976   71
 Side 2  free  transition at x/c =  0.0797   33

   2   rms: 0.2906E-01   max: -.2245E+00   D at   33  2
       a = -3.250      CL =  0.0414
      Cm = -0.0914     CD =  0.01528   =>   CDf =  0.00782    CDp =  0.00746

 Side 1  free  transition at x/c =  0.8990   71
 Side 2  free  transition at x/c =  0.0804   33

   3   rms: 0.2439E-02   max: 0.3105E-01   D at   34  2
       a = -3.250      CL =  0.0411
      Cm = -0.0914     CD =  0.01529   =>   CDf =  0.00776    CDp =  0.00753

 Side 1  free  transition at x/c =  0.8990   71
 Side 2  free  transition at x/c =  0.0802   33

   4   rms: 0.2476E-04   max: 0.3213E-03   D at   34  2
       a = -3.250      CL =  0.0411
      Cm = -0.0914     CD =  0.01529   =>   CDf =  0.00776    CDp =  0.00753
      9.000    7.6870   0.015290   0.003029   0.005265   0.002236    0.8990     #

 Point added to stored polar  1
 Point written to save file  clarky_re214862_clean.polar                     
 Dump file unspecified or not available
 Calculating wake trajectory ...
 Calculating source influence matrix ...

 Solving BL system ...

 Side 1  free  transition at x/c =  0.8990   71
 Side 2  free  transition at x/c =  0.0802   33

   1   rms: 0.5566E-01   max: -.3917E+00   T at   33  2
       a = -3.000      CL =  0.0736
      Cm = -0.0919     CD =  0.01474   =>   CDf =  0.00779    CDp =  0.00695

 Side 1  free  transition at x/c =  0.8938   71
 Side 2  free  transition at x/c =  0.0876   33

   2   rms: 0.2563E-01   max: 0.3158E+00   D at   33  2
       a = -3.000      CL =  0.0744
      Cm = -0.0921     CD =  0.01458   =>   CDf =  0.00768    CDp =  0.00690

 Side 1  free  transition at x/c =  0.8950   72
 Side 2  free  transition at x/c =  0.0875   33

   3   rms: 0.3356E-02   max: 0.3559E-01   D at   34  2
       a = -3.000      CL =  0.0740
      Cm = -0.0921     CD =  0.01463   =>   CDf =  0.00772    CDp =  0.00690

 Side 1  free  transition at x/c =  0.8947   72
 Side 2  free  transition at x/c =  0.0872   33

   4   rms: 0.5394E-04   max: 0.4137E-03   D at   73  1
       a = -3.000      CL =  0.0740
      Cm = -0.0921     CD =  0.01463   =>   CDf =  0.00772    CDp =  0.00690
      9.000    7.4027   0.014625   0.003061   0.005137   0.002076    0.8947     #

 Point added to stored polar  1
 Point written to save file  clarky_re214862_clean.polar                     
 Dump file unspecified or not available
 Calculating wake trajectory ...
 Calculating source influence matrix ...

 Solving BL system ...

 Side 1  free  transition at x/c =  0.8947   72
 Side 2  free  transition at x/c =  0.0872   33

   1   rms: 0.6207E-01   max: -.4661E+00   T at   33  2
       a = -2.750      CL =  0.1075
      Cm = -0.0928     CD =  0.01403   =>   CDf =  0.00773    CDp =  0.00630

 Side 1  free  transition at x/c =  0.8902   71
 Side 2  free  transition at x/c =  0.0986   35

   2   rms: 0.2945E-01   max: 0.1764E+00   D at   72  1
       a = -2.750      CL =  0.0902
      Cm = -0.0895     CD =  0.01446   =>   CDf =  0.00771    CDp =  0.00675

 Side 1  free  transition at x/c =  0.8801   71
 Side 2  free  transition at x/c =  0.0959   34

   3   rms: 0.1449E-01   max: -.1005E+00   D at   73  1
       a = -2.750      CL =  0.0969
      Cm = -0.0909     CD =  0.01415   =>   CDf =  0.00770    CDp =  0.00645

 Side 1  free  transition at x/c =  0.8837   71
 Side 2  free  transition at x/c =  0.0974   34

   4   rms: 0.1374E-02   max: -.1264E-01   D at   72  1
       a = -2.750      CL =  0.0964
      Cm = -0.0908     CD =  0.01416   =>   CDf =  0.00768    CDp =  0.00648

 Side 1  free  transition at x/c =  0.8838   71
 Side 2  free  transition at x/c =  0.0973   34

   5   rms: 0.7550E-05   max: -.1095E-03   D at   35  2
       a = -2.750      CL =  0.0964
      Cm = -0.0908     CD =  0.01416   =>   CDf =  0.00768    CDp =  0.00648
      9.000    7.3651   0.014157   0.003073   0.005106   0.002033    0.8838     #

 Point added to stored polar  1
 Point written to save file  clarky_re214862_clean.polar                     
 Dump file unspecified or not available
 Calculating wake trajectory ...
 Calculating source influence matrix ...

 Solving BL system ...

 Side 1  free  transition at x/c =  0.8838   71
 Side 2  free  transition at x/c =  0.0973   34

   1   rms: 0.7280E-01   max: -.7183E+00   T at   34  2   RLX: 0.696
       a = -2.500      CL =  0.1167
      Cm = -0.0905     CD =  0.01380   =>   CDf =  0.00768    CDp =  0.00612

 MRCHDU: Convergence failed at  37  side 2    Res =  0.1821E+01
 MRCHDU: Convergence failed at  38  side 2    Res =  0.5177E+01
 MRCHDU: Convergence failed at  39  side 2    Res =  0.1291E+02
 MRCHDU: Convergence failed at  40  side 2    Res =  0.1934E+02
 MRCHDU: Convergence failed at  41  side 2    Res =  0.2106E+02
 MRCHDU: Convergence failed at  42  side 2    Res =  0.2161E+02
 MRCHDU: Convergence failed at  43  side 2    Res =  0.2287E+02
 MRCHDU: Convergence failed at  44  side 2    Res =  0.2576E+02
 MRCHDU: Convergence failed at  45  side 2    Res =  0.3283E+02
 MRCHDU: Convergence failed at  46  side 2    Res =  0.9457E+02
 MRCHDU: Convergence failed at  47  side 2    Res =  0.7394E+02
 MRCHDU: Convergence failed at  48  side 2    Res =  0.5083E+02
 MRCHDU: Convergence failed at  49  side 2    Res =  0.4380E+02
 MRCHDU: Convergence failed at  50  side 2    Res =  0.4051E+02
 MRCHDU: Convergence failed at  51  side 2    Res =  0.3721E+02
 MRCHDU: Convergence failed at  52  side 2    Res =  0.3382E+02
 MRCHDU: Convergence failed at  53  side 2    Res =  0.3060E+02
 MRCHDU: Convergence failed at  54  side 2    Res =  0.2936E+02
 MRCHDU: Convergence failed at  55  side 2    Res =  0.2434E+02
 MRCHDU: Convergence failed at  56  side 2    Res =  0.2265E+02
 MRCHDU: Convergence failed at  57  side 2    Res =  0.2118E+02
 MRCHDU: Convergence failed at  58  side 2    Res =  0.1991E+02
 MRCHDU: Convergence failed at  59  side 2    Res =  0.1882E+02
 MRCHDU: Convergence failed at  60  side 2    Res =  0.1731E+02
 MRCHDU: Convergence failed at  61  side 2    Res =  0.1615E+02
 MRCHDU: Convergence failed at  62  side 2    Res =  0.1553E+02
 MRCHDU: Convergence failed at  63  side 2    Res =  0.1497E+02
 MRCHDU: Convergence failed at  64  side 2    Res =  0.1447E+02
 MRCHDU: Convergence failed at  65  side 2    Res =  0.1380E+02
 MRCHDU: Convergence failed at  66  side 2    Res =  0.1324E+02
 MRCHDU: Convergence failed at  67  side 2    Res =  0.1287E+02
 MRCHDU: Convergence failed at  68  side 2    Res =  0.1253E+02
 MRCHDU: Convergence failed at  69  side 2    Res =  0.1219E+02
 MRCHDU: Convergence failed at  70  side 2    Res =  0.1178E+02
 MRCHDU: Convergence failed at  71  side 2    Res =  0.1144E+02
 MRCHDU: Convergence failed at  72  side 2    Res =  0.1116E+02
 MRCHDU: Convergence failed at  73  side 2    Res =  0.1088E+02
 MRCHDU: Convergence failed at  74  side 2    Res =  0.1060E+02
 MRCHDU: Convergence failed at  75  side 2    Res =  0.1032E+02
 MRCHDU: Convergence failed at  76  side 2    Res =  0.1004E+02
 MRCHDU: Convergence failed at  77  side 2    Res =  0.7956E+01
 MRCHDU: Convergence failed at  78  side 2    Res =  0.8341E+01
 MRCHDU: Convergence failed at  79  side 2    Res =  0.8729E+01
 MRCHDU: Convergence failed at  80  side 2    Res =  0.9297E+01
 MRCHDU: Convergence failed at  81  side 2    Res =  0.9898E+01
 MRCHDU: Convergence failed at  82  side 2    Res =  0.1072E+02
 MRCHDU: Convergence failed at  83  side 2    Res =  0.1184E+02
 MRCHDU: Convergence failed at  84  side 2    Res =  0.1355E+02
 MRCHDU: Convergence failed at  85  side 2    Res =  0.1647E+02
 MRCHDU: Convergence failed at  86  side 2    Res =  0.2136E+02
 Side 1  free  transition at x/c =  0.8785   71
 Side 2  free  transition at x/c =  0.1180   37

   2   rms: 0.3617E+00   max: -.3443E+00   U at   86  2   RLX: 0.494
       a = -2.500      CL = -0.0812
      Cm = -0.0135     CD =  0.00939   =>   CDf =  0.00333    CDp =  0.00606

 Side 1  free  transition at x/c =  0.8799   71
 Side 2  free  transition at x/c =  0.1560   40

   3   rms: 0.1555E+00   max: 0.1948E+00   T at   87  2
       a = -2.500      CL =  0.1155
      Cm = -0.0887     CD =  0.01268   =>   CDf =  0.00862    CDp =  0.00406

 Side 1  free  transition at x/c =  0.8766   71
 Side 2  free  transition at x/c =  0.1373   38

   4   rms: 0.1881E-01   max: -.2660E+00   D at   40  2
       a = -2.500      CL =  0.1252
      Cm = -0.0907     CD =  0.01325   =>   CDf =  0.00742    CDp =  0.00583

 Side 1  free  transition at x/c =  0.8775   71
 Side 2  free  transition at x/c =  0.1313   38

   5   rms: 0.1521E-02   max: -.2680E-01   D at   40  2
       a = -2.500      CL =  0.1256
      Cm = -0.0908     CD =  0.01330   =>   CDf =  0.00746    CDp =  0.00584

 Side 1  free  transition at x/c =  0.8775   71
 Side 2  free  transition at x/c =  0.1313   38

   6   rms: 0.2266E-04   max: -.3686E-03   D at   40  2
       a = -2.500      CL =  0.1256
      Cm = -0.0908     CD =  0.01330   =>   CDf =  0.00746    CDp =  0.00584
      9.000    7.0882   0.013304   0.003102   0.004979   0.001877    0.8775     #

 Point added to stored polar  1
 Point written to save file  clarky_re214862_clean.polar                     
 Dump file unspecified or not available
 Calculating wake trajectory ...
 Calculating source influence matrix ...

 Solving BL system ...

 Side 1  free  transition at x/c =  0.8775   71
 Side 2  free  transition at x/c =  0.1313   38

   1   rms: 0.1319E+00   max: -.1511E+01   C at   38  2   RLX: 0.331
       a = -2.250      CL =  0.1353
      Cm = -0.0908     CD =  0.01299   =>   CDf =  0.00743    CDp =  0.00556

 Side 1  free  transition at x/c =  0.8758   71
 Side 2  free  transition at x/c =  0.1504   38

   2   rms: 0.1303E+00   max: -.2150E+01   T at    2  1   RLX: 0.233
       a = -2.250      CL =  0.1380
      Cm = -0.0903     CD =  0.01311   =>   CDf =  0.00742    CDp =  0.00569

 Side 1  free  transition at x/c =  0.8729   71
 Side 2  free  transition at x/c =  0.1578   39

   3   rms: 0.6142E-01   max: -.9513E+00   C at   39  2   RLX: 0.526
       a = -2.250      CL =  0.1424
      Cm = -0.0899     CD =  0.01288   =>   CDf =  0.00736    CDp =  0.00553

 Side 1  free  transition at x/c =  0.8693   71
 Side 2  free  transition at x/c =  0.1697   40

   4   rms: 0.4384E-01   max: -.6248E+00   C at   40  2   RLX: 0.800
       a = -2.250      CL =  0.1476
      Cm = -0.0898     CD =  0.01273   =>   CDf =  0.00731    CDp =  0.00542

 Side 1  free  transition at x/c =  0.8678   71
 Side 2  free  transition at x/c =  0.1884   41

   5   rms: 0.2118E-01   max: -.3915E+00   C at   41  2
       a = -2.250      CL =  0.1489
      Cm = -0.0899     CD =  0.01269   =>   CDf =  0.00721    CDp =  0.00549

 Side 1  free  transition at x/c =  0.8675   71
 Side 2  free  transition at x/c =  0.2015   42

   6   rms: 0.4581E-02   max: -.8639E-01   C at   42  2
       a = -2.250      CL =  0.1489
      Cm = -0.0899     CD =  0.01269   =>   CDf =  0.00714    CDp =  0.00556

 Side 1  free  transition at x/c =  0.8675   71
 Side 2  free  transition at x/c =  0.2035   42

   7   rms: 0.7256E-04   max: -.1122E-02   C at   42  2
       a = -2.250      CL =  0.1489
      Cm = -0.0899     CD =  0.01269   =>   CDf =  0.00712    CDp =  0.00558
      9.000    7.0070   0.012695   0.003117   0.004925   0.001808    0.8675     #

 Point added to stored polar  1
 Point written to save file  clarky_re214862_clean.polar                     
 Dump file unspecified or not available
 Calculating wake trajectory ...
 Calculating source influence matrix ...

 Solving BL system ...

 Side 1  free  transition at x/c =  0.8675   71
 Side 2  free  transition at x/c =  0.2035   42

   1   rms: 0.1057E+00   max: -.1739E+01   C at   42  2   RLX: 0.288
       a = -2.000      CL =  0.1561
      Cm = -0.0897     CD =  0.01254   =>   CDf =  0.00712    CDp =  0.00542

 Side 1  free  transition at x/c =  0.8647   71
 Side 2  free  transition at x/c =  0.2260   43

   2   rms: 0.4540E-01   max: -.3072E+00   T at   43  2
       a = -2.000      CL =  0.1771
      Cm = -0.0895     CD =  0.01239   =>   CDf =  0.00708    CDp =  0.00531

 Side 1  free  transition at x/c =  0.8593   71
 Side 2  free  transition at x/c =  0.3287   49

   3   rms: 0.3623E-01   max: 0.4964E+00   D at   43  2
       a = -2.000      CL =  0.1750
      Cm = -0.0895     CD =  0.01193   =>   CDf =  0.00686    CDp =  0.00507

 Side 1  free  transition at x/c =  0.8599   71
 Side 2  free  transition at x/c =  0.3118   48

   4   rms: 0.1373E-01   max: -.1788E+00   D at   49  2
       a = -2.000      CL =  0.1758
      Cm = -0.0895     CD =  0.01207   =>   CDf =  0.00677    CDp =  0.00530

 Side 1  free  transition at x/c =  0.8599   71
 Side 2  free  transition at x/c =  0.2856   47

   5   rms: 0.3896E-02   max: -.5976E-01   C at   47  2
       a = -2.000      CL =  0.1764
      Cm = -0.0896     CD =  0.01215   =>   CDf =  0.00686    CDp =  0.00529

 Side 1  free  transition at x/c =  0.8599   71
 Side 2  free  transition at x/c =  0.2865   47

   6   rms: 0.1488E-03   max: 0.2653E-02   C at   47  2
       a = -2.000      CL =  0.1764
      Cm = -0.0896     CD =  0.01215   =>   CDf =  0.00685    CDp =  0.00530

 Side 1  free  transition at x/c =  0.8599   71
 Side 2  free  transition at x/c =  0.2864   47

   7   rms: 0.3646E-06   max: 0.2382E-05   D at   51  2
       a = -2.000      CL =  0.1764
      Cm = -0.0896     CD =  0.01215   =>   CDf =  0.00685    CDp =  0.00530
      9.000    6.8014   0.012154   0.003144   0.004847   0.001703    0.8599     #

 Point added to stored polar  1
 Point written to save file  clarky_re214862_clean.polar                     
 Dump file unspecified or not available
 Calculating wake trajectory ...
 Calculating source influence matrix ...

 Solving BL system ...

 Side 1  free  transition at x/c =  0.8599   71
 Side 2  free  transition at x/c =  0.2864   47

   1   rms: 0.9019E-01   max: -.1349E+01   C at   47  2   RLX: 0.371
       a = -1.750      CL =  0.1871
      Cm = -0.0896     CD =  0.01196   =>   CDf =  0.00685    CDp =  0.00511

 Side 1  free  transition at x/c =  0.8576   71
 Side 2  free  transition at x/c =  0.3101   48

   2   rms: 0.4668E-01   max: -.5888E+00   C at   48  2   RLX: 0.849
       a = -1.750      CL =  0.2035
      Cm = -0.0896     CD =  0.01180   =>   CDf =  0.00682    CDp =  0.00498

 Side 1  free  transition at x/c =  0.8548   70
 Side 2  free  transition at x/c =  0.3485   50

   3   rms: 0.1464E-01   max: -.1943E+00   C at   50  2
       a = -1.750      CL =  0.1994
      Cm = -0.0886     CD =  0.01180   =>   CDf =  0.00667    CDp =  0.00513

 Side 1  free  transition at x/c =  0.8493   70
 Side 2  free  transition at x/c =  0.3545   51

   4   rms: 0.8938E-02   max: -.1524E+00   C at   51  2
       a = -1.750      CL =  0.2009
      Cm = -0.0888     CD =  0.01175   =>   CDf =  0.00666    CDp =  0.00510

 Side 1  free  transition at x/c =  0.8505   70
 Side 2  free  transition at x/c =  0.3586   51

   5   rms: 0.1421E-03   max: -.1475E-02   D at   53  2
       a = -1.750      CL =  0.2010
      Cm = -0.0888     CD =  0.01176   =>   CDf =  0.00661    CDp =  0.00515

 Side 1  free  transition at x/c =  0.8505   70
 Side 2  free  transition at x/c =  0.3586   51

   6   rms: 0.2323E-05   max: 0.3481E-04   C at   51  2
       a = -1.750      CL =  0.2010
      Cm = -0.0888     CD =  0.01176   =>   CDf =  0.00661    CDp =  0.00515
      9.000    6.7032   0.011758   0.003163   0.004796   0.001633    0.8505     #

 Point added to stored polar  1
 Point written to save file  clarky_re214862_clean.polar                     
 Dump file unspecified or not available
 Calculating wake trajectory ...
 Calculating source influence matrix ...

 Solving BL system ...

 Side 1  free  transition at x/c =  0.8505   70
 Side 2  free  transition at x/c =  0.3586   51

   1   rms: 0.9135E-01   max: -.1497E+01   C at   51  2   RLX: 0.334
       a = -1.500      CL =  0.2086
      Cm = -0.0885     CD =  0.01161   =>   CDf =  0.00661    CDp =  0.00500

 Side 1  free  transition at x/c =  0.8468   70
 Side 2  free  transition at x/c =  0.3804   52

   2   rms: 0.6796E-01   max: -.1139E+01   C at   52  2   RLX: 0.439
       a = -1.500      CL =  0.2165
      Cm = -0.0883     CD =  0.01150   =>   CDf =  0.00649    CDp =  0.00501

 Side 1  free  transition at x/c =  0.8443   71
 Side 2  free  transition at x/c =  0.4045   52

   3   rms: 0.5915E-01   max: -.8934E+00   C at   52  2   RLX: 0.560
       a = -1.500      CL =  0.2221
      Cm = -0.0882     CD =  0.01138   =>   CDf =  0.00648    CDp =  0.00490

 Side 1  free  transition at x/c =  0.8427   71
 Side 2  free  transition at x/c =  0.4276   54

   4   rms: 0.3936E-01   max: -.6977E+00   C at   54  2   RLX: 0.717
       a = -1.500      CL =  0.2247
      Cm = -0.0881     CD =  0.01123   =>   CDf =  0.00642    CDp =  0.00481

 Side 1  free  transition at x/c =  0.8420   71
 Side 2  free  transition at x/c =  0.4469   55

   5   rms: 0.2177E-01   max: -.3991E+00   C at   55  2
       a = -1.500      CL =  0.2255
      Cm = -0.0880     CD =  0.01117   =>   CDf =  0.00633    CDp =  0.00483

 Side 1  free  transition at x/c =  0.8417   71
 Side 2  free  transition at x/c =  0.4636   55

   6   rms: 0.3697E-02   max: -.6742E-01   C at   55  2
       a = -1.500      CL =  0.2256
      Cm = -0.0880     CD =  0.01118   =>   CDf =  0.00625    CDp =  0.00493

 Side 1  free  transition at x/c =  0.8417   71
 Side 2  free  transition at x/c =  0.4653   56

   7   rms: 0.3755E-02   max: -.6748E-01   C at   56  2
       a = -1.500      CL =  0.2256
      Cm = -0.0880     CD =  0.01118   =>   CDf =  0.00625    CDp =  0.00492

 Side 1  free  transition at x/c =  0.8417   71
 Side 2  free  transition at x/c =  0.4663   56

   8   rms: 0.1039E-04   max: -.1332E-03   D at   59  2
       a = -1.500      CL =  0.2256
      Cm = -0.0880     CD =  0.01118   =>   CDf =  0.00624    CDp =  0.00494
      9.000    6.5383   0.011179   0.003186   0.004735   0.001549    0.8417     #

 Point added to stored polar  1
 Point written to save file  clarky_re214862_clean.polar                     
 Dump file unspecified or not available
 Calculating wake trajectory ...
 Calculating source influence matrix ...

 Solving BL system ...

 Side 1  free  transition at x/c =  0.8417   71
 Side 2  free  transition at x/c =  0.4663   56

   1   rms: 0.1562E+00   max: -.2754E+01   C at   56  2   RLX: 0.182
       a = -1.250      CL =  0.2298
      Cm = -0.0878     CD =  0.01103   =>   CDf =  0.00624    CDp =  0.00479

 Side 1  free  transition at x/c =  0.8404   71
 Side 2  free  transition at x/c =  0.4893   57

   2   rms: 0.1320E+00   max: -.2333E+01   C at   57  2   RLX: 0.214
       a = -1.250      CL =  0.2345
      Cm = -0.0877     CD =  0.01092   =>   CDf =  0.00616    CDp =  0.00477

 Side 1  free  transition at x/c =  0.8391   71
 Side 2  free  transition at x/c =  0.5160   58

   3   rms: 0.1031E+00   max: -.1802E+01   C at   58  2   RLX: 0.278
       a = -1.250      CL =  0.2391
      Cm = -0.0875     CD =  0.01081   =>   CDf =  0.00607    CDp =  0.00475

 Side 1  free  transition at x/c =  0.8380   70
 Side 2  free  transition at x/c =  0.5534   60

   4   rms: 0.6841E-01   max: -.1186E+01   C at   60  2   RLX: 0.422
       a = -1.250      CL =  0.2411
      Cm = -0.0868     CD =  0.01069   =>   CDf =  0.00593    CDp =  0.00476

 Side 1  free  transition at x/c =  0.8347   70
 Side 2  free  transition at x/c =  0.5930   62

   5   rms: 0.3645E-01   max: -.6202E+00   C at   62  2   RLX: 0.806
       a = -1.250      CL =  0.2444
      Cm = -0.0861     CD =  0.01055   =>   CDf =  0.00577    CDp =  0.00478

 Side 1  free  transition at x/c =  0.8321   70
 Side 2  free  transition at x/c =  0.6483   65

   6   rms: 0.4218E-02   max: 0.5308E-01   D at   63  2
       a = -1.250      CL =  0.2446
      Cm = -0.0858     CD =  0.01045   =>   CDf =  0.00555    CDp =  0.00490

 Side 1  free  transition at x/c =  0.8318   70
 Side 2  free  transition at x/c =  0.6458   65

   7   rms: 0.4070E-03   max: -.6751E-02   C at   65  2
       a = -1.250      CL =  0.2447
      Cm = -0.0858     CD =  0.01045   =>   CDf =  0.00556    CDp =  0.00489

 Side 1  free  transition at x/c =  0.8318   70
 Side 2  free  transition at x/c =  0.6461   65

   8   rms: 0.7510E-06   max: 0.7622E-05   C at   65  2
       a = -1.250      CL =  0.2447
      Cm = -0.0858     CD =  0.01045   =>   CDf =  0.00556    CDp =  0.00490
      9.000    6.4310   0.010453   0.003203   0.004688   0.001484    0.8318     #

 Point added to stored polar  1
 Point written to save file  clarky_re214862_clean.polar                     
 Dump file unspecified or not available
 Calculating wake trajectory ...
 Calculating source influence matrix ...

 Solving BL system ...

 Side 1  free  transition at x/c =  0.8318   70
 Side 2  free  transition at x/c =  0.6461   65

   1   rms: 0.1778E+00   max: -.3048E+01   C at   65  2   RLX: 0.164
       a = -1.000      CL =  0.2474
      Cm = -0.0853     CD =  0.01034   =>   CDf =  0.00556    CDp =  0.00478

 Side 1  free  transition at x/c =  0.8298   70
 Side 2  free  transition at x/c =  0.6804   67

   2   rms: 0.1378E+00   max: -.2340E+01   C at   67  2   RLX: 0.214
       a = -1.000      CL =  0.2504
      Cm = -0.0847     CD =  0.01022   =>   CDf =  0.00542    CDp =  0.00479

 Side 1  free  transition at x/c =  0.8280   70
 Side 2  free  transition at x/c =  0.7213   69

   3   rms: 0.8005E-01   max: -.1300E+01   C at   69  2   RLX: 0.385
       a = -1.000      CL =  0.2553
      Cm = -0.0839     CD =  0.01008   =>   CDf =  0.00528    CDp =  0.00480

 Side 1  free  transition at x/c =  0.8256   70
 Side 2  free  transition at x/c =  0.7893   73

   4   rms: 0.5696E-01   max: -.9070E+00   C at   73  2   RLX: 0.551
       a = -1.000      CL =  0.2596
      Cm = -0.0827     CD =  0.00991   =>   CDf =  0.00508    CDp =  0.00483

 Side 1  free  transition at x/c =  0.8240   70
 Side 2  free  transition at x/c =  0.8176   74

   5   rms: 0.1588E-01   max: -.2154E+00   C at   74  2
       a = -1.000      CL =  0.2654
      Cm = -0.0829     CD =  0.00990   =>   CDf =  0.00502    CDp =  0.00488

 Side 1  free  transition at x/c =  0.8228   70
 Side 2  free  transition at x/c =  0.8530   76

   6   rms: 0.7188E-02   max: 0.9955E-01   C at   76  2
       a = -1.000      CL =  0.2670
      Cm = -0.0831     CD =  0.00989   =>   CDf =  0.00494    CDp =  0.00495

 Side 1  free  transition at x/c =  0.8229   70
 Side 2  free  transition at x/c =  0.8479   76

   7   rms: 0.3529E-03   max: -.5489E-02   C at   76  2
       a = -1.000      CL =  0.2670
      Cm = -0.0831     CD =  0.00989   =>   CDf =  0.00496    CDp =  0.00493

 Side 1  free  transition at x/c =  0.8229   70
 Side 2  free  transition at x/c =  0.8482   76

   8   rms: 0.6474E-06   max: 0.8096E-05   C at   76  2
       a = -1.000      CL =  0.2670
      Cm = -0.0831     CD =  0.00989   =>   CDf =  0.00496    CDp =  0.00493
      9.000    6.2651   0.009891   0.003228   0.004618   0.001390    0.8229     #

 Point added to stored polar  1
 Point written to save file  clarky_re214862_clean.polar                     
 Dump file unspecified or not available
 Calculating wake trajectory ...
 Calculating source influence matrix ...

 Solving BL system ...

 Side 1  free  transition at x/c =  0.8229   70
 Side 2  free  transition at x/c =  0.8482   76

   1   rms: 0.1426E+00   max: -.2057E+01   C at   76  2   RLX: 0.243
       a = -0.750      CL =  0.2773
      Cm = -0.0833     CD =  0.00980   =>   CDf =  0.00496    CDp =  0.00484

 Side 1  free  transition at x/c =  0.8214   70
 Side 2  free  transition at x/c =  0.8861   78

   2   rms: 0.5112E-01   max: 0.2334E+00   D at   80  2
       a = -0.750      CL =  0.3033
      Cm = -0.0833     CD =  0.00976   =>   CDf =  0.00488    CDp =  0.00488

 MRCHDU: Convergence failed at  83  side 2    Res =  0.1857E+01
 Side 1  free  transition at x/c =  0.8175   70
 Side 2  free  transition at x/c =  0.9926   83

   3   rms: 0.4610E-01   max: 0.5734E+00   C at   83  2
       a = -0.750      CL =  0.3230
      Cm = -0.0877     CD =  0.00964   =>   CDf =  0.00497    CDp =  0.00467

 Side 1  free  transition at x/c =  0.8164   70
 Side 2  free  transition at x/c =  0.9679   81

   4   rms: 0.6887E-02   max: -.7865E-01   D at   82  2
       a = -0.750      CL =  0.3253
      Cm = -0.0882     CD =  0.00979   =>   CDf =  0.00496    CDp =  0.00483

 Side 1  free  transition at x/c =  0.8165   70
 Side 2  free  transition at x/c =  0.9594   81

   5   rms: 0.2915E-02   max: -.2763E-01   D at   83  2
       a = -0.750      CL =  0.3229
      Cm = -0.0877     CD =  0.00981   =>   CDf =  0.00496    CDp =  0.00485

 Side 1  free  transition at x/c =  0.8163   70
 Side 2  free  transition at x/c =  0.9595   81

   6   rms: 0.7870E-04   max: 0.6670E-03   D at   83  2
       a = -0.750      CL =  0.3230
      Cm = -0.0877     CD =  0.00981   =>   CDf =  0.00496    CDp =  0.00486
      9.000    6.0966   0.009812   0.003284   0.004587   0.001303    0.8163     #

 Point added to stored polar  1
 Point written to save file  clarky_re214862_clean.polar                     
 Dump file unspecified or not available
 Calculating wake trajectory ...
 Calculating source influence matrix ...

 Solving BL system ...

 Side 1  free  transition at x/c =  0.8163   70
 Side 2  free  transition at x/c =  0.9595   81

   1   rms: 0.7898E-01   max: 0.3214E+00   D at   82  2
       a = -0.500      CL =  0.3821
      Cm = -0.0937     CD =  0.00981   =>   CDf =  0.00494    CDp =  0.00487

 Side 1  free  transition at x/c =  0.8059   71
 Side 2  free  transition at x/c =  0.9895   82

   2   rms: 0.1104E-01   max: -.7755E-01   D at   72  1
       a = -0.500      CL =  0.3844
      Cm = -0.0944     CD =  0.00975   =>   CDf =  0.00510    CDp =  0.00465

 Side 1  free  transition at x/c =  0.8080   71
 Side 2  free  transition at x/c =  0.9960   82

   3   rms: 0.1636E-02   max: 0.1758E-01   D at   82  2
       a = -0.500      CL =  0.3852
      Cm = -0.0946     CD =  0.00974   =>   CDf =  0.00509    CDp =  0.00465

 Side 1  free  transition at x/c =  0.8079   71
 Side 2  free  transition at x/c =  0.9951   82

   4   rms: 0.1309E-04   max: -.1203E-03   C at   82  2
       a = -0.500      CL =  0.3852
      Cm = -0.0946     CD =  0.00974   =>   CDf =  0.00509    CDp =  0.00465
      9.000    5.9623   0.009741   0.003343   0.004586   0.001243    0.8079     #

 Point added to stored polar  1
 Point written to save file  clarky_re214862_clean.polar                     
 Dump file unspecified or not available
 Calculating wake trajectory ...
 Calculating source influence matrix ...

 Solving BL system ...

 Side 1  free  transition at x/c =  0.8079   71
 Side 2  free  transition at x/c =  0.9951   82

   1   rms: 0.7444E-01   max: 0.2845E+00   C at   82  2
       a = -0.250      CL =  0.4491
      Cm = -0.1020     CD =  0.00959   =>   CDf =  0.00507    CDp =  0.00452

 Side 1  free  transition at x/c =  0.7994   71
 Side 2 forced transition at x/c =  1.0000   81

   2   rms: 0.3639E-01   max: -.2726E+00   D at   81  2
       a = -0.250      CL =  0.4208
      Cm = -0.0960     CD =  0.00961   =>   CDf =  0.00528    CDp =  0.00434

 Side 1  free  transition at x/c =  0.7997   70
 Side 2 forced transition at x/c =  1.0000   82

   3   rms: 0.3278E-02   max: 0.4983E-01   D at    2  2
       a = -0.250      CL =  0.4192
      Cm = -0.0957     CD =  0.00969   =>   CDf =  0.00525    CDp =  0.00444

 Side 1  free  transition at x/c =  0.7996   70
 Side 2 forced transition at x/c =  1.0000   82

   4   rms: 0.2097E-04   max: -.1816E-03   D at    3  1
       a = -0.250      CL =  0.4192
      Cm = -0.0957     CD =  0.00969   =>   CDf =  0.00525    CDp =  0.00444
      9.000    5.8376   0.009691   0.003377   0.004547   0.001170    0.7996     #

 Point added to stored polar  1
 Point written to save file  clarky_re214862_clean.polar                     
 Dump file unspecified or not available
 Calculating wake trajectory ...
 Calculating source influence matrix ...

 Solving BL system ...

 Side 1  free  transition at x/c =  0.7996   70
 Side 2 forced transition at x/c =  1.0000   82

   1   rms: 0.4366E-01   max: -.1125E+00   n at   81  2
       a =  0.000      CL =  0.4397
      Cm = -0.0945     CD =  0.00978   =>   CDf =  0.00523    CDp =  0.00455

 Side 1  free  transition at x/c =  0.7843   71
 Side 2 forced transition at x/c =  1.0000   81

   2   rms: 0.1273E-01   max: -.1432E+00   D at   72  1
       a =  0.000      CL =  0.4427
      Cm = -0.0948     CD =  0.00969   =>   CDf =  0.00538    CDp =  0.00431

 Side 1  free  transition at x/c =  0.7881   71
 Side 2 forced transition at x/c =  1.0000   81

   3   rms: 0.7695E-03   max: -.7485E-02   D at   74  1
       a =  0.000      CL =  0.4425
      Cm = -0.0948     CD =  0.00971   =>   CDf =  0.00533    CDp =  0.00438

 Side 1  free  transition at x/c =  0.7879   71
 Side 2 forced transition at x/c =  1.0000   81

   4   rms: 0.8024E-05   max: -.7037E-04   D at   71  1
       a =  0.000      CL =  0.4425
      Cm = -0.0948     CD =  0.00971   =>   CDf =  0.00533    CDp =  0.00438
      9.000    5.8105   0.009713   0.003392   0.004554   0.001161    0.7879     #

 Point added to stored polar  1
 Point written to save file  clarky_re214862_clean.polar                     
 Dump file unspecified or not available
 Calculating wake trajectory ...
 Calculating source influence matrix ...

 Solving BL system ...

 Side 1  free  transition at x/c =  0.7879   71
 Side 2 forced transition at x/c =  1.0000   81

   1   rms: 0.4506E-01   max: -.1043E+00   n at   80  2
       a =  0.250      CL =  0.4676
      Cm = -0.0941     CD =  0.00970   =>   CDf =  0.00534    CDp =  0.00437

 Side 1  free  transition at x/c =  0.7786   70
 Side 2 forced transition at x/c =  1.0000   81

   2   rms: 0.3046E-02   max: -.3845E-01   C at   70  1
       a =  0.250      CL =  0.4678
      Cm = -0.0941     CD =  0.00972   =>   CDf =  0.00548    CDp =  0.00425

 Side 1  free  transition at x/c =  0.7784   70
 Side 2 forced transition at x/c =  1.0000   81

   3   rms: 0.7029E-04   max: 0.8525E-03   D at   71  1
       a =  0.250      CL =  0.4678
      Cm = -0.0941     CD =  0.00973   =>   CDf =  0.00546    CDp =  0.00427
      9.000    5.7407   0.009726   0.003415   0.004541   0.001127    0.7784     #

 Point added to stored polar  1
 Point written to save file  clarky_re214862_clean.polar                     
 Dump file unspecified or not available
 Calculating wake trajectory ...
 Calculating source influence matrix ...

 Solving BL system ...

 Side 1  free  transition at x/c =  0.7784   70
 Side 2 forced transition at x/c =  1.0000   81

   1   rms: 0.4091E-01   max: -.7994E-01   n at   80  2
       a =  0.500      CL =  0.4898
      Cm = -0.0930     CD =  0.00980   =>   CDf =  0.00546    CDp =  0.00434

 Side 1  free  transition at x/c =  0.7648   70
 Side 2 forced transition at x/c =  1.0000   81

   2   rms: 0.9652E-02   max: -.8535E-01   D at   70  1
       a =  0.500      CL =  0.4921
      Cm = -0.0933     CD =  0.00974   =>   CDf =  0.00559    CDp =  0.00415

 Side 1  free  transition at x/c =  0.7676   70
 Side 2 forced transition at x/c =  1.0000   81

   3   rms: 0.5637E-03   max: -.6976E-02   D at   73  1
       a =  0.500      CL =  0.4920
      Cm = -0.0933     CD =  0.00976   =>   CDf =  0.00554    CDp =  0.00422

 Side 1  free  transition at x/c =  0.7674   70
 Side 2 forced transition at x/c =  1.0000   81

   4   rms: 0.5462E-05   max: -.4821E-04   D at   70  1
       a =  0.500      CL =  0.4920
      Cm = -0.0933     CD =  0.00976   =>   CDf =  0.00554    CDp =  0.00421
      9.000    5.6849   0.009760   0.003434   0.004527   0.001094    0.7674     #

 Point added to stored polar  1
 Point written to save file  clarky_re214862_clean.polar                     
 Dump file unspecified or not available
 Calculating wake trajectory ...
 Calculating source influence matrix ...

 Solving BL system ...

 Side 1  free  transition at x/c =  0.7674   70
 Side 2 forced transition at x/c =  1.0000   81

   1   rms: 0.4225E-01   max: -.5822E-01   n at   80  2
       a =  0.750      CL =  0.5177
      Cm = -0.0926     CD =  0.00978   =>   CDf =  0.00551    CDp =  0.00426

 Side 1  free  transition at x/c =  0.7586   70
 Side 2 forced transition at x/c =  1.0000   80

   2   rms: 0.3362E-02   max: -.4392E-01   C at   70  1
       a =  0.750      CL =  0.5169
      Cm = -0.0925     CD =  0.00981   =>   CDf =  0.00566    CDp =  0.00415

 Side 1  free  transition at x/c =  0.7574   70
 Side 2 forced transition at x/c =  1.0000   80

   3   rms: 0.1282E-03   max: 0.8367E-03   D at   73  1
       a =  0.750      CL =  0.5169
      Cm = -0.0926     CD =  0.00981   =>   CDf =  0.00564    CDp =  0.00417

 Side 1  free  transition at x/c =  0.7574   70
 Side 2 forced transition at x/c =  1.0000   80

   4   rms: 0.4981E-06   max: -.2989E-05   D at   82  1
       a =  0.750      CL =  0.5169
      Cm = -0.0926     CD =  0.00981   =>   CDf =  0.00564    CDp =  0.00417
      9.000    5.6453   0.009809   0.003453   0.004539   0.001086    0.7574     #

 Point added to stored polar  1
 Point written to save file  clarky_re214862_clean.polar                     
 Dump file unspecified or not available
 Calculating wake trajectory ...
 Calculating source influence matrix ...

 Solving BL system ...

 Side 1  free  transition at x/c =  0.7574   70
 Side 2 forced transition at x/c =  1.0000   80

   1   rms: 0.3973E-01   max: -.6931E-01   C at   80  2
       a =  1.000      CL =  0.5400
      Cm = -0.0916     CD =  0.00988   =>   CDf =  0.00564    CDp =  0.00424

 Side 1  free  transition at x/c =  0.7440   70
 Side 2 forced transition at x/c =  1.0000   80

   2   rms: 0.9857E-02   max: -.1110E+00   D at   70  1
       a =  1.000      CL =  0.5419
      Cm = -0.0918     CD =  0.00983   =>   CDf =  0.00579    CDp =  0.00404

 Side 1  free  transition at x/c =  0.7469   70
 Side 2 forced transition at x/c =  1.0000   80

   3   rms: 0.7819E-03   max: -.1039E-01   D at   72  1
       a =  1.000      CL =  0.5418
      Cm = -0.0918     CD =  0.00985   =>   CDf =  0.00573    CDp =  0.00412

 Side 1  free  transition at x/c =  0.7466   70
 Side 2 forced transition at x/c =  1.0000   80

   4   rms: 0.8303E-05   max: -.1129E-03   D at   72  1
       a =  1.000      CL =  0.5418
      Cm = -0.0918     CD =  0.00985   =>   CDf =  0.00574    CDp =  0.00412
      9.000    5.5569   0.009851   0.003474   0.004505   0.001031    0.7466     #

 Point added to stored polar  1
 Point written to save file  clarky_re214862_clean.polar                     
 Dump file unspecified or not available
 Calculating wake trajectory ...
 Calculating source influence matrix ...

 Solving BL system ...

 Side 1  free  transition at x/c =  0.7466   70
 Side 2 forced transition at x/c =  1.0000   80

   1   rms: 0.4286E-01   max: -.4193E-01   n at   79  2
       a =  1.250      CL =  0.5684
      Cm = -0.0913     CD =  0.00989   =>   CDf =  0.00574    CDp =  0.00415

 Side 1  free  transition at x/c =  0.7375   69
 Side 2 forced transition at x/c =  1.0000   80

   2   rms: 0.5250E-02   max: -.5762E-01   D at   69  1
       a =  1.250      CL =  0.5659
      Cm = -0.0909     CD =  0.00993   =>   CDf =  0.00582    CDp =  0.00410

 Side 1  free  transition at x/c =  0.7348   69
 Side 2 forced transition at x/c =  1.0000   80

   3   rms: 0.6872E-03   max: -.6027E-02   D at   70  1
       a =  1.250      CL =  0.5662
      Cm = -0.0910     CD =  0.00992   =>   CDf =  0.00581    CDp =  0.00411

 Side 1  free  transition at x/c =  0.7351   69
 Side 2 forced transition at x/c =  1.0000   80

   4   rms: 0.3013E-05   max: -.2683E-04   D at   72  1
       a =  1.250      CL =  0.5662
      Cm = -0.0910     CD =  0.00992   =>   CDf =  0.00581    CDp =  0.00411
      9.000    5.5087   0.009918   0.003492   0.004516   0.001024    0.7351     #

 Point added to stored polar  1
 Point written to save file  clarky_re214862_clean.polar                     
 Dump file unspecified or not available
 Calculating wake trajectory ...
 Calculating source influence matrix ...

 Solving BL system ...

 Side 1  free  transition at x/c =  0.7351   69
 Side 2 forced transition at x/c =  1.0000   80

   1   rms: 0.4021E-01   max: -.6459E-01   C at   80  2
       a =  1.500      CL =  0.5901
      Cm = -0.0900     CD =  0.00998   =>   CDf =  0.00581    CDp =  0.00417

 Side 1  free  transition at x/c =  0.7224   68
 Side 2 forced transition at x/c =  1.0000   80

   2   rms: 0.7049E-02   max: -.8767E-01   D at   69  1
       a =  1.500      CL =  0.5922
      Cm = -0.0903     CD =  0.00997   =>   CDf =  0.00595    CDp =  0.00401

 Side 1  free  transition at x/c =  0.7244   69
 Side 2 forced transition at x/c =  1.0000   80

   3   rms: 0.3436E-02   max: -.4194E-01   D at   68  1
       a =  1.500      CL =  0.5920
      Cm = -0.0903     CD =  0.00997   =>   CDf =  0.00597    CDp =  0.00400

 Side 1  free  transition at x/c =  0.7245   69
 Side 2 forced transition at x/c =  1.0000   80

   4   rms: 0.2247E-03   max: -.2613E-02   D at   71  1
       a =  1.500      CL =  0.5920
      Cm = -0.0903     CD =  0.00997   =>   CDf =  0.00593    CDp =  0.00404

 Side 1  free  transition at x/c =  0.7245   69
 Side 2 forced transition at x/c =  1.0000   80

   5   rms: 0.1353E-05   max: -.1370E-04   D at   71  1
       a =  1.500      CL =  0.5920
      Cm = -0.0903     CD =  0.00997   =>   CDf =  0.00593    CDp =  0.00404
      9.000    5.3647   0.009972   0.003518   0.004474   0.000956    0.7245     #

 Point added to stored polar  1
 Point written to save file  clarky_re214862_clean.polar                     
 Dump file unspecified or not available
 Calculating wake trajectory ...
 Calculating source influence matrix ...

 Solving BL system ...

 Side 1  free  transition at x/c =  0.7245   69
 Side 2 forced transition at x/c =  1.0000   80

   1   rms: 0.4433E-01   max: -.3376E-01   n at   79  2
       a =  1.750      CL =  0.6197
      Cm = -0.0900     CD =  0.01007   =>   CDf =  0.00588    CDp =  0.00419

 Side 1  free  transition at x/c =  0.7153   69
 Side 2 forced transition at x/c =  1.0000   79

   2   rms: 0.8362E-02   max: -.8055E-01   D at   69  1
       a =  1.750      CL =  0.6149
      Cm = -0.0892     CD =  0.01006   =>   CDf =  0.00595    CDp =  0.00411

 Side 1  free  transition at x/c =  0.7106   69
 Side 2 forced transition at x/c =  1.0000   79

   3   rms: 0.2289E-02   max: -.2180E-01   D at   69  1
       a =  1.750      CL =  0.6154
      Cm = -0.0893     CD =  0.01004   =>   CDf =  0.00598    CDp =  0.00407

 Side 1  free  transition at x/c =  0.7113   69
 Side 2 forced transition at x/c =  1.0000   79

   4   rms: 0.3888E-04   max: -.5327E-03   D at   71  1
       a =  1.750      CL =  0.6154
      Cm = -0.0893     CD =  0.01005   =>   CDf =  0.00596    CDp =  0.00408
      9.000    5.3046   0.010046   0.003534   0.004457   0.000923    0.7113     #

 Point added to stored polar  1
 Point written to save file  clarky_re214862_clean.polar                     
 Dump file unspecified or not available
 Calculating wake trajectory ...
 Calculating source influence matrix ...

 Solving BL system ...

 Side 1  free  transition at x/c =  0.7113   69
 Side 2 forced transition at x/c =  1.0000   79

   1   rms: 0.4214E-01   max: -.5455E-01   C at   79  2
       a =  2.000      CL =  0.6406
      Cm = -0.0886     CD =  0.01011   =>   CDf =  0.00597    CDp =  0.00414

 Side 1  free  transition at x/c =  0.7008   68
 Side 2 forced transition at x/c =  1.0000   79

   2   rms: 0.3549E-02   max: -.4869E-01   D at   68  1
       a =  2.000      CL =  0.6401
      Cm = -0.0885     CD =  0.01013   =>   CDf =  0.00607    CDp =  0.00407

 Side 1  free  transition at x/c =  0.6995   68
 Side 2 forced transition at x/c =  1.0000   79

   3   rms: 0.1287E-03   max: -.9305E-03   C at   68  1
       a =  2.000      CL =  0.6402
      Cm = -0.0885     CD =  0.01013   =>   CDf =  0.00604    CDp =  0.00409

 Side 1  free  transition at x/c =  0.6995   68
 Side 2 forced transition at x/c =  1.0000   79

   4   rms: 0.6135E-06   max: 0.4288E-05   C at   79  2
       a =  2.000      CL =  0.6402
      Cm = -0.0885     CD =  0.01013   =>   CDf =  0.00604    CDp =  0.00409
      9.000    5.2164   0.010132   0.003554   0.004450   0.000896    0.6995     #

 Point added to stored polar  1
 Point written to save file  clarky_re214862_clean.polar                     
 Dump file unspecified or not available
 Calculating wake trajectory ...
 Calculating source influence matrix ...

 Solving BL system ...

 Side 1  free  transition at x/c =  0.6995   68
 Side 2 forced transition at x/c =  1.0000   79

   1   rms: 0.4038E-01   max: -.7760E-01   C at   79  2
       a =  2.250      CL =  0.6634
      Cm = -0.0875     CD =  0.01022   =>   CDf =  0.00604    CDp =  0.00418

 Side 1  free  transition at x/c =  0.6849   67
 Side 2 forced transition at x/c =  1.0000   79

   2   rms: 0.8301E-02   max: -.1146E+00   D at   68  1
       a =  2.250      CL =  0.6659
      Cm = -0.0879     CD =  0.01022   =>   CDf =  0.00619    CDp =  0.00403

 Side 1  free  transition at x/c =  0.6882   68
 Side 2 forced transition at x/c =  1.0000   79

   3   rms: 0.2033E-02   max: -.3229E-01   D at   67  1
       a =  2.250      CL =  0.6652
      Cm = -0.0877     CD =  0.01022   =>   CDf =  0.00614    CDp =  0.00407

 Side 1  free  transition at x/c =  0.6875   68
 Side 2 forced transition at x/c =  1.0000   79

   4   rms: 0.1629E-03   max: 0.1940E-02   D at   68  1
       a =  2.250      CL =  0.6652
      Cm = -0.0877     CD =  0.01022   =>   CDf =  0.00613    CDp =  0.00408

 Side 1  free  transition at x/c =  0.6875   68
 Side 2 forced transition at x/c =  1.0000   79

   5   rms: 0.7913E-06   max: 0.4504E-05   D at   84  1
       a =  2.250      CL =  0.6652
      Cm = -0.0877     CD =  0.01022   =>   CDf =  0.00614    CDp =  0.00408
      9.000    5.0839   0.010218   0.003577   0.004413   0.000836    0.6875     #

 Point added to stored polar  1
 Point written to save file  clarky_re214862_clean.polar                     
 Dump file unspecified or not available
 Calculating wake trajectory ...
 Calculating source influence matrix ...

 Solving BL system ...

 Side 1  free  transition at x/c =  0.6875   68
 Side 2 forced transition at x/c =  1.0000   79

   1   rms: 0.4428E-01   max: -.4846E-01   n at   78  2
       a =  2.500      CL =  0.6922
      Cm = -0.0873     CD =  0.01033   =>   CDf =  0.00606    CDp =  0.00427

 Side 1  free  transition at x/c =  0.6772   68
 Side 2 forced transition at x/c =  1.0000   78

   2   rms: 0.7308E-02   max: -.8092E-01   D at   68  1
       a =  2.500      CL =  0.6886
      Cm = -0.0868     CD =  0.01032   =>   CDf =  0.00615    CDp =  0.00417

 Side 1  free  transition at x/c =  0.6729   68
 Side 2 forced transition at x/c =  1.0000   78

   3   rms: 0.1962E-02   max: -.1641E-01   C at   68  1
       a =  2.500      CL =  0.6890
      Cm = -0.0868     CD =  0.01031   =>   CDf =  0.00617    CDp =  0.00414

 Side 1  free  transition at x/c =  0.6736   68
 Side 2 forced transition at x/c =  1.0000   78

   4   rms: 0.2239E-04   max: -.3250E-03   D at   70  1
       a =  2.500      CL =  0.6890
      Cm = -0.0868     CD =  0.01031   =>   CDf =  0.00616    CDp =  0.00416
      9.000    5.0168   0.010314   0.003591   0.004388   0.000798    0.6736     #

 Point added to stored polar  1
 Point written to save file  clarky_re214862_clean.polar                     
 Dump file unspecified or not available
 Calculating wake trajectory ...
 Calculating source influence matrix ...

 Solving BL system ...

 Side 1  free  transition at x/c =  0.6736   68
 Side 2 forced transition at x/c =  1.0000   78

   1   rms: 0.4199E-01   max: -.5741E-01   C at   78  2
       a =  2.750      CL =  0.7141
      Cm = -0.0860     CD =  0.01041   =>   CDf =  0.00616    CDp =  0.00425

 Side 1  free  transition at x/c =  0.6607   67
 Side 2 forced transition at x/c =  1.0000   78

   2   rms: 0.4839E-02   max: -.7063E-01   D at   67  1
       a =  2.750      CL =  0.7133
      Cm = -0.0859     CD =  0.01042   =>   CDf =  0.00625    CDp =  0.00416

 Side 1  free  transition at x/c =  0.6596   67
 Side 2 forced transition at x/c =  1.0000   78

   3   rms: 0.9988E-04   max: -.7077E-03   C at   67  1
       a =  2.750      CL =  0.7134
      Cm = -0.0860     CD =  0.01042   =>   CDf =  0.00622    CDp =  0.00420
      9.000    4.9127   0.010419   0.003609   0.004357   0.000748    0.6596     #

 Point added to stored polar  1
 Point written to save file  clarky_re214862_clean.polar                     
 Dump file unspecified or not available
 Calculating wake trajectory ...
 Calculating source influence matrix ...

 Solving BL system ...

 Side 1  free  transition at x/c =  0.6596   67
 Side 2 forced transition at x/c =  1.0000   78

   1   rms: 0.4016E-01   max: -.7611E-01   C at   78  2
       a =  3.000      CL =  0.7369
      Cm = -0.0849     CD =  0.01052   =>   CDf =  0.00622    CDp =  0.00429

 Side 1  free  transition at x/c =  0.6432   66
 Side 2 forced transition at x/c =  1.0000   78

   2   rms: 0.6985E-02   max: -.7330E-01   C at   66  1
       a =  3.000      CL =  0.7379
      Cm = -0.0851     CD =  0.01052   =>   CDf =  0.00636    CDp =  0.00416

 Side 1  free  transition at x/c =  0.6452   66
 Side 2 forced transition at x/c =  1.0000   78

   3   rms: 0.4728E-03   max: 0.4850E-02   D at   67  1
       a =  3.000      CL =  0.7378
      Cm = -0.0851     CD =  0.01053   =>   CDf =  0.00630    CDp =  0.00423

 Side 1  free  transition at x/c =  0.6448   66
 Side 2 forced transition at x/c =  1.0000   78

   4   rms: 0.3624E-05   max: -.3855E-04   C at   66  1
       a =  3.000      CL =  0.7378
      Cm = -0.0851     CD =  0.01053   =>   CDf =  0.00631    CDp =  0.00423
      9.000    4.7803   0.010533   0.003628   0.004306   0.000678    0.6448     #

 Point added to stored polar  1
 Point written to save file  clarky_re214862_clean.polar                     
 Dump file unspecified or not available
 Calculating wake trajectory ...
 Calculating source influence matrix ...

 Solving BL system ...

 Side 1  free  transition at x/c =  0.6448   66
 Side 2 forced transition at x/c =  1.0000   78

   1   rms: 0.3964E-01   max: -.8883E-01   C at   78  2
       a =  3.250      CL =  0.7603
      Cm = -0.0840     CD =  0.01063   =>   CDf =  0.00631    CDp =  0.00433

 Side 1  free  transition at x/c =  0.6254   65
 Side 2 forced transition at x/c =  1.0000   78

   2   rms: 0.9408E-02   max: -.1046E+00   D at   66  1
       a =  3.250      CL =  0.7621
      Cm = -0.0842     CD =  0.01065   =>   CDf =  0.00645    CDp =  0.00420

 Side 1  free  transition at x/c =  0.6293   65
 Side 2 forced transition at x/c =  1.0000   78

   3   rms: 0.4518E-03   max: 0.5160E-02   D at   66  1
       a =  3.250      CL =  0.7621
      Cm = -0.0842     CD =  0.01066   =>   CDf =  0.00640    CDp =  0.00426

 Side 1  free  transition at x/c =  0.6289   65
 Side 2 forced transition at x/c =  1.0000   78

   4   rms: 0.6787E-05   max: -.9782E-04   D at   66  1
       a =  3.250      CL =  0.7621
      Cm = -0.0842     CD =  0.01066   =>   CDf =  0.00640    CDp =  0.00426
      9.000    4.6519   0.010661   0.003645   0.004246   0.000600    0.6289     #

 Point added to stored polar  1
 Point written to save file  clarky_re214862_clean.polar                     
 Dump file unspecified or not available
 Calculating wake trajectory ...
 Calculating source influence matrix ...

 Solving BL system ...

 Side 1  free  transition at x/c =  0.6289   65
 Side 2 forced transition at x/c =  1.0000   78

   1   rms: 0.4018E-01   max: -.9816E-01   C at   78  2
       a =  3.500      CL =  0.7839
      Cm = -0.0830     CD =  0.01076   =>   CDf =  0.00630    CDp =  0.00447

 Side 1  free  transition at x/c =  0.6073   65
 Side 2 forced transition at x/c =  1.0000   77

   2   rms: 0.1094E-01   max: -.1262E+00   D at   66  1
       a =  3.500      CL =  0.7860
      Cm = -0.0832     CD =  0.01080   =>   CDf =  0.00653    CDp =  0.00427

 Side 1  free  transition at x/c =  0.6122   66
 Side 2 forced transition at x/c =  1.0000   77

   3   rms: 0.1831E-02   max: -.3335E-01   D at   65  1
       a =  3.500      CL =  0.7858
      Cm = -0.0832     CD =  0.01080   =>   CDf =  0.00646    CDp =  0.00434

 Side 1  free  transition at x/c =  0.6115   66
 Side 2 forced transition at x/c =  1.0000   77

   4   rms: 0.1504E-03   max: 0.1722E-02   C at   66  1
       a =  3.500      CL =  0.7858
      Cm = -0.0832     CD =  0.01080   =>   CDf =  0.00645    CDp =  0.00435

 Side 1  free  transition at x/c =  0.6115   66
 Side 2 forced transition at x/c =  1.0000   77

   5   rms: 0.7054E-06   max: -.5943E-05   C at   77  2
       a =  3.500      CL =  0.7858
      Cm = -0.0832     CD =  0.01080   =>   CDf =  0.00645    CDp =  0.00435
      9.000    4.5630   0.010801   0.003655   0.004200   0.000545    0.6115     #

 Point added to stored polar  1
 Point written to save file  clarky_re214862_clean.polar                     
 Dump file unspecified or not available
 Calculating wake trajectory ...
 Calculating source influence matrix ...

 Solving BL system ...

 Side 1  free  transition at x/c =  0.6115   66
 Side 2 forced transition at x/c =  1.0000   77

   1   rms: 0.4477E-01   max: -.2139E+00   D at   67  1
       a =  3.750      CL =  0.8109
      Cm = -0.0824     CD =  0.01101   =>   CDf =  0.00645    CDp =  0.00456

 Side 1  free  transition at x/c =  0.5963   65
 Side 2 forced transition at x/c =  1.0000   77

   2   rms: 0.8872E-02   max: -.1197E+00   D at   65  1
       a =  3.750      CL =  0.8092
      Cm = -0.0822     CD =  0.01095   =>   CDf =  0.00647    CDp =  0.00448

 Side 1  free  transition at x/c =  0.5924   65
 Side 2 forced transition at x/c =  1.0000   77

   3   rms: 0.1228E-02   max: -.1365E-01   C at   65  1
       a =  3.750      CL =  0.8094
      Cm = -0.0822     CD =  0.01097   =>   CDf =  0.00653    CDp =  0.00443

 Side 1  free  transition at x/c =  0.5928   65
 Side 2 forced transition at x/c =  1.0000   77

   4   rms: 0.1536E-04   max: -.1856E-03   D at   66  1
       a =  3.750      CL =  0.8094
      Cm = -0.0822     CD =  0.01097   =>   CDf =  0.00652    CDp =  0.00445
      9.000    4.4880   0.010966   0.003658   0.004153   0.000496    0.5928     #

 Point added to stored polar  1
 Point written to save file  clarky_re214862_clean.polar                     
 Dump file unspecified or not available
 Calculating wake trajectory ...
 Calculating source influence matrix ...

 Solving BL system ...

 Side 1  free  transition at x/c =  0.5928   65
 Side 2 forced transition at x/c =  1.0000   77

   1   rms: 0.4530E-01   max: -.2300E+00   D at   66  1
       a =  4.000      CL =  0.8338
      Cm = -0.0813     CD =  0.01120   =>   CDf =  0.00652    CDp =  0.00468

 Side 1  free  transition at x/c =  0.5757   64
 Side 2 forced transition at x/c =  1.0000   77

   2   rms: 0.1010E-01   max: -.1461E+00   D at   64  1
       a =  4.000      CL =  0.8325
      Cm = -0.0811     CD =  0.01114   =>   CDf =  0.00657    CDp =  0.00458

 Side 1  free  transition at x/c =  0.5723   63
 Side 2 forced transition at x/c =  1.0000   77

   3   rms: 0.5571E-03   max: 0.8398E-02   D at   65  1
       a =  4.000      CL =  0.8326
      Cm = -0.0812     CD =  0.01117   =>   CDf =  0.00662    CDp =  0.00454

 Side 1  free  transition at x/c =  0.5725   63
 Side 2 forced transition at x/c =  1.0000   77

   4   rms: 0.3567E-05   max: -.6121E-04   D at   65  1
       a =  4.000      CL =  0.8326
      Cm = -0.0812     CD =  0.01117   =>   CDf =  0.00662    CDp =  0.00455
      9.000    4.4167   0.011167   0.003650   0.004097   0.000447    0.5725     #

 Point added to stored polar  1
 Point written to save file  clarky_re214862_clean.polar                     
 Dump file unspecified or not available
 Calculating wake trajectory ...
 Calculating source influence matrix ...

 Solving BL system ...

 Side 1  free  transition at x/c =  0.5725   63
 Side 2 forced transition at x/c =  1.0000   77

   1   rms: 0.4124E-01   max: 0.1994E+00   T at   63  1
       a =  4.250      CL =  0.8548
      Cm = -0.0801     CD =  0.01129   =>   CDf =  0.00649    CDp =  0.00479

 Side 1  free  transition at x/c =  0.5452   63
 Side 2 forced transition at x/c =  1.0000   76

   2   rms: 0.1356E-01   max: -.1340E+00   C at   63  1
       a =  4.250      CL =  0.8551
      Cm = -0.0800     CD =  0.01136   =>   CDf =  0.00679    CDp =  0.00457

 Side 1  free  transition at x/c =  0.5511   63
 Side 2 forced transition at x/c =  1.0000   76

   3   rms: 0.1471E-02   max: -.1595E-01   D at   66  1
       a =  4.250      CL =  0.8553
      Cm = -0.0801     CD =  0.01139   =>   CDf =  0.00668    CDp =  0.00471

 Side 1  free  transition at x/c =  0.5499   63
 Side 2 forced transition at x/c =  1.0000   76

   4   rms: 0.4060E-04   max: -.5075E-03   C at   63  1
       a =  4.250      CL =  0.8553
      Cm = -0.0801     CD =  0.01139   =>   CDf =  0.00668    CDp =  0.00470
      9.000    4.3795   0.011387   0.003608   0.004064   0.000456    0.5499     #

 Point added to stored polar  1
 Point written to save file  clarky_re214862_clean.polar                     
 Dump file unspecified or not available
 Calculating wake trajectory ...
 Calculating source influence matrix ...

 Solving BL system ...

 Side 1  free  transition at x/c =  0.5499   63
 Side 2 forced transition at x/c =  1.0000   76

   1   rms: 0.4122E-01   max: 0.1742E+00   T at   63  1
       a =  4.500      CL =  0.8777
      Cm = -0.0790     CD =  0.01158   =>   CDf =  0.00669    CDp =  0.00490

 Side 1  free  transition at x/c =  0.5243   62
 Side 2 forced transition at x/c =  1.0000   76

   2   rms: 0.1020E-01   max: -.1225E+00   D at   62  1
       a =  4.500      CL =  0.8777
      Cm = -0.0789     CD =  0.01164   =>   CDf =  0.00686    CDp =  0.00478

 Side 1  free  transition at x/c =  0.5273   62
 Side 2 forced transition at x/c =  1.0000   76

   3   rms: 0.1164E-02   max: 0.1468E-01   C at   62  1
       a =  4.500      CL =  0.8778
      Cm = -0.0790     CD =  0.01165   =>   CDf =  0.00677    CDp =  0.00488

 Side 1  free  transition at x/c =  0.5266   62
 Side 2 forced transition at x/c =  1.0000   76

   4   rms: 0.1118E-04   max: -.1266E-03   D at   62  1
       a =  4.500      CL =  0.8778
      Cm = -0.0790     CD =  0.01165   =>   CDf =  0.00678    CDp =  0.00488
      9.000    4.3825   0.011653   0.003234   0.004044   0.000810    0.5266     #

 Point added to stored polar  1
 Point written to save file  clarky_re214862_clean.polar                     
 Dump file unspecified or not available
 Calculating wake trajectory ...
 Calculating source influence matrix ...

 Solving BL system ...

 Side 1  free  transition at x/c =  0.5266   62
 Side 2 forced transition at x/c =  1.0000   76

   1   rms: 0.4304E-01   max: 0.2007E+00   C at   62  1
       a =  4.750      CL =  0.9001
      Cm = -0.0778     CD =  0.01193   =>   CDf =  0.00678    CDp =  0.00515

 Side 1  free  transition at x/c =  0.5023   61
 Side 2 forced transition at x/c =  1.0000   76

   2   rms: 0.9754E-02   max: -.1497E+00   D at   61  1
       a =  4.750      CL =  0.8999
      Cm = -0.0778     CD =  0.01195   =>   CDf =  0.00695    CDp =  0.00500

 Side 1  free  transition at x/c =  0.5039   61
 Side 2 forced transition at x/c =  1.0000   76

   3   rms: 0.1057E-02   max: 0.1453E-01   C at   61  1
       a =  4.750      CL =  0.9001
      Cm = -0.0778     CD =  0.01196   =>   CDf =  0.00689    CDp =  0.00508

 Side 1  free  transition at x/c =  0.5034   61
 Side 2 forced transition at x/c =  1.0000   76

   4   rms: 0.7261E-05   max: -.1121E-03   D at   63  1
       a =  4.750      CL =  0.9001
      Cm = -0.0778     CD =  0.01196   =>   CDf =  0.00689    CDp =  0.00507
      9.000    4.4228   0.011965   0.003164   0.004021   0.000857    0.5034     #

 Point added to stored polar  1
 Point written to save file  clarky_re214862_clean.polar                     
 Dump file unspecified or not available
 Calculating wake trajectory ...
 Calculating source influence matrix ...

 Solving BL system ...

 Side 1  free  transition at x/c =  0.5034   61
 Side 2 forced transition at x/c =  1.0000   76

   1   rms: 0.4500E-01   max: 0.2695E+00   C at   61  1
       a =  5.000      CL =  0.9220
      Cm = -0.0767     CD =  0.01233   =>   CDf =  0.00675    CDp =  0.00558

 Side 1  free  transition at x/c =  0.4817   61
 Side 2 forced transition at x/c =  1.0000   75

   2   rms: 0.1018E-01   max: -.1680E+00   D at   61  1
       a =  5.000      CL =  0.9221
      Cm = -0.0767     CD =  0.01229   =>   CDf =  0.00703    CDp =  0.00526

 Side 1  free  transition at x/c =  0.4818   61
 Side 2 forced transition at x/c =  1.0000   75

   3   rms: 0.1090E-02   max: 0.1126E-01   C at   61  1
       a =  5.000      CL =  0.9222
      Cm = -0.0767     CD =  0.01231   =>   CDf =  0.00700    CDp =  0.00531

 Side 1  free  transition at x/c =  0.4814   61
 Side 2 forced transition at x/c =  1.0000   75

   4   rms: 0.4976E-05   max: -.7262E-04   D at   63  1
       a =  5.000      CL =  0.9222
      Cm = -0.0767     CD =  0.01231   =>   CDf =  0.00701    CDp =  0.00530
      9.000    4.5235   0.012309   0.003160   0.004004   0.000844    0.4814     #

 Point added to stored polar  1
 Point written to save file  clarky_re214862_clean.polar                     
 Dump file unspecified or not available
 Calculating wake trajectory ...
 Calculating source influence matrix ...

 Solving BL system ...

 Side 1  free  transition at x/c =  0.4814   61
 Side 2 forced transition at x/c =  1.0000   75

   1   rms: 0.4598E-01   max: 0.2783E+00   C at   61  1
       a =  5.250      CL =  0.9440
      Cm = -0.0756     CD =  0.01274   =>   CDf =  0.00701    CDp =  0.00572

 Side 1  free  transition at x/c =  0.4613   60
 Side 2 forced transition at x/c =  1.0000   75

   2   rms: 0.1263E-01   max: -.2030E+00   D at   60  1
       a =  5.250      CL =  0.9442
      Cm = -0.0756     CD =  0.01264   =>   CDf =  0.00714    CDp =  0.00550

 Side 1  free  transition at x/c =  0.4613   60
 Side 2 forced transition at x/c =  1.0000   75

   3   rms: 0.1381E-02   max: 0.1721E-01   C at   60  1
       a =  5.250      CL =  0.9443
      Cm = -0.0756     CD =  0.01267   =>   CDf =  0.00712    CDp =  0.00555

 Side 1  free  transition at x/c =  0.4608   60
 Side 2 forced transition at x/c =  1.0000   75

   4   rms: 0.1223E-04   max: -.1817E-03   D at   62  1
       a =  5.250      CL =  0.9443
      Cm = -0.0756     CD =  0.01267   =>   CDf =  0.00713    CDp =  0.00554
      9.000    4.7202   0.012668   0.003171   0.003993   0.000822    0.4608     #

 Point added to stored polar  1
 Point written to save file  clarky_re214862_clean.polar                     
 Dump file unspecified or not available
 Calculating wake trajectory ...
 Calculating source influence matrix ...

 Solving BL system ...

 Side 1  free  transition at x/c =  0.4608   60
 Side 2 forced transition at x/c =  1.0000   75

   1   rms: 0.4628E-01   max: 0.2580E+00   C at   60  1
       a =  5.500      CL =  0.9659
      Cm = -0.0745     CD =  0.01315   =>   CDf =  0.00713    CDp =  0.00601

 Side 1  free  transition at x/c =  0.4421   59
 Side 2 forced transition at x/c =  1.0000   75

   2   rms: 0.1412E-01   max: -.2190E+00   D at   59  1
       a =  5.500      CL =  0.9663
      Cm = -0.0745     CD =  0.01298   =>   CDf =  0.00723    CDp =  0.00575

 Side 1  free  transition at x/c =  0.4420   59
 Side 2 forced transition at x/c =  1.0000   75

   3   rms: 0.1694E-02   max: 0.2052E-01   C at   59  1
       a =  5.500      CL =  0.9664
      Cm = -0.0746     CD =  0.01303   =>   CDf =  0.00722    CDp =  0.00581

 Side 1  free  transition at x/c =  0.4414   59
 Side 2 forced transition at x/c =  1.0000   75

   4   rms: 0.1854E-04   max: -.2947E-03   D at   61  1
       a =  5.500      CL =  0.9664
      Cm = -0.0746     CD =  0.01303   =>   CDf =  0.00724    CDp =  0.00579
      9.000    4.8910   0.013028   0.003189   0.003991   0.000802    0.4414     #

 Point added to stored polar  1
 Point written to save file  clarky_re214862_clean.polar                     
 Dump file unspecified or not available
 Calculating wake trajectory ...
 Calculating source influence matrix ...

 Solving BL system ...

 Side 1  free  transition at x/c =  0.4414   59
 Side 2 forced transition at x/c =  1.0000   75

   1   rms: 0.4622E-01   max: -.2578E+00   D at   60  1
       a =  5.750      CL =  0.9877
      Cm = -0.0734     CD =  0.01354   =>   CDf =  0.00724    CDp =  0.00630

 Side 1  free  transition at x/c =  0.4247   58
 Side 2 forced transition at x/c =  1.0000   75

   2   rms: 0.1234E-01   max: -.1823E+00   D at   58  1
       a =  5.750      CL =  0.9885
      Cm = -0.0735     CD =  0.01334   =>   CDf =  0.00730    CDp =  0.00604

 Side 1  free  transition at x/c =  0.4236   58
 Side 2 forced transition at x/c =  1.0000   75

   3   rms: 0.8998E-03   max: 0.1082E-01   C at   58  1
       a =  5.750      CL =  0.9885
      Cm = -0.0736     CD =  0.01338   =>   CDf =  0.00731    CDp =  0.00608

 Side 1  free  transition at x/c =  0.4233   58
 Side 2 forced transition at x/c =  1.0000   75

   4   rms: 0.6121E-05   max: -.8873E-04   D at   60  1
       a =  5.750      CL =  0.9885
      Cm = -0.0736     CD =  0.01338   =>   CDf =  0.00732    CDp =  0.00607
      9.000    5.0345   0.013383   0.003215   0.004006   0.000791    0.4233     #

 Point added to stored polar  1
 Point written to save file  clarky_re214862_clean.polar                     
 Dump file unspecified or not available
 Calculating wake trajectory ...
 Calculating source influence matrix ...

 Solving BL system ...

 Side 1  free  transition at x/c =  0.4233   58
 Side 2 forced transition at x/c =  1.0000   75

   1   rms: 0.4485E-01   max: -.2319E+00   D at   59  1
       a =  6.000      CL =  1.0100
      Cm = -0.0725     CD =  0.01388   =>   CDf =  0.00714    CDp =  0.00674

 Side 1  free  transition at x/c =  0.4105   58
 Side 2 forced transition at x/c =  1.0000   74

   2   rms: 0.7923E-02   max: -.1020E+00   D at   60  1
       a =  6.000      CL =  1.0113
      Cm = -0.0727     CD =  0.01370   =>   CDf =  0.00732    CDp =  0.00638

 Side 1  free  transition at x/c =  0.4079   58
 Side 2 forced transition at x/c =  1.0000   74

   3   rms: 0.6895E-03   max: -.6511E-02   D at    4  1
       a =  6.000      CL =  1.0113
      Cm = -0.0727     CD =  0.01373   =>   CDf =  0.00735    CDp =  0.00638

 Side 1  free  transition at x/c =  0.4080   58
 Side 2 forced transition at x/c =  1.0000   74

   4   rms: 0.3449E-05   max: -.2113E-04   D at   59  1
       a =  6.000      CL =  1.0113
      Cm = -0.0727     CD =  0.01373   =>   CDf =  0.00735    CDp =  0.00638
      9.000    5.1729   0.013726   0.003243   0.004058   0.000815    0.4080     #

 Point added to stored polar  1
 Point written to save file  clarky_re214862_clean.polar                     
 Dump file unspecified or not available
 Calculating wake trajectory ...
 Calculating source influence matrix ...

 Solving BL system ...

 Side 1  free  transition at x/c =  0.4080   58
 Side 2 forced transition at x/c =  1.0000   74

   1   rms: 0.4220E-01   max: 0.1793E+00   C at   58  1
       a =  6.250      CL =  1.0336
      Cm = -0.0718     CD =  0.01415   =>   CDf =  0.00735    CDp =  0.00680

 Side 1  free  transition at x/c =  0.3970   57
 Side 2 forced transition at x/c =  1.0000   74

   2   rms: 0.5177E-02   max: -.6950E-01   D at   57  1
       a =  6.250      CL =  1.0344
      Cm = -0.0719     CD =  0.01408   =>   CDf =  0.00740    CDp =  0.00668

 Side 1  free  transition at x/c =  0.3957   57
 Side 2 forced transition at x/c =  1.0000   74

   3   rms: 0.1238E-03   max: 0.1661E-02   D at   57  1
       a =  6.250      CL =  1.0344
      Cm = -0.0719     CD =  0.01409   =>   CDf =  0.00737    CDp =  0.00672

 Side 1  free  transition at x/c =  0.3957   57
 Side 2 forced transition at x/c =  1.0000   74

   4   rms: 0.1243E-05   max: -.5996E-05   C at   74  2
       a =  6.250      CL =  1.0344
      Cm = -0.0719     CD =  0.01409   =>   CDf =  0.00737    CDp =  0.00672
      9.000    5.3229   0.014091   0.003271   0.004108   0.000836    0.3957     #

 Point added to stored polar  1
 Point written to save file  clarky_re214862_clean.polar                     
 Dump file unspecified or not available
 Calculating wake trajectory ...
 Calculating source influence matrix ...

 Solving BL system ...

 Side 1  free  transition at x/c =  0.3957   57
 Side 2 forced transition at x/c =  1.0000   74

   1   rms: 0.4030E-01   max: -.6157E-01   C at   74  2
       a =  6.500      CL =  1.0577
      Cm = -0.0711     CD =  0.01444   =>   CDf =  0.00738    CDp =  0.00706

 Side 1  free  transition at x/c =  0.3834   56
 Side 2 forced transition at x/c =  1.0000   74

   2   rms: 0.5102E-02   max: -.5258E-01   D at   57  1
       a =  6.500      CL =  1.0570
      Cm = -0.0710     CD =  0.01453   =>   CDf =  0.00750    CDp =  0.00703

 Side 1  free  transition at x/c =  0.3840   56
 Side 2 forced transition at x/c =  1.0000   74

   3   rms: 0.8507E-02   max: -.1163E+00   C at   56  1
       a =  6.500      CL =  1.0567
      Cm = -0.0710     CD =  0.01454   =>   CDf =  0.00757    CDp =  0.00697

 Side 1  free  transition at x/c =  0.3843   56
 Side 2 forced transition at x/c =  1.0000   74

   4   rms: 0.8076E-02   max: -.1159E+00   C at   56  1
       a =  6.500      CL =  1.0567
      Cm = -0.0710     CD =  0.01453   =>   CDf =  0.00757    CDp =  0.00697

 Side 1  free  transition at x/c =  0.3842   56
 Side 2 forced transition at x/c =  1.0000   74

   5   rms: 0.8136E-02   max: -.1160E+00   C at   56  1
       a =  6.500      CL =  1.0567
      Cm = -0.0710     CD =  0.01453   =>   CDf =  0.00757    CDp =  0.00697

 Side 1  free  transition at x/c =  0.3842   56
 Side 2 forced transition at x/c =  1.0000   74

   6   rms: 0.8127E-02   max: -.1159E+00   C at   56  1
       a =  6.500      CL =  1.0567
      Cm = -0.0710     CD =  0.01453   =>   CDf =  0.00757    CDp =  0.00697

 Side 1  free  transition at x/c =  0.3842   56
 Side 2 forced transition at x/c =  1.0000   74

   7   rms: 0.8128E-02   max: -.1159E+00   C at   56  1
       a =  6.500      CL =  1.0567
      Cm = -0.0710     CD =  0.01453   =>   CDf =  0.00757    CDp =  0.00697

 Side 1  free  transition at x/c =  0.3842   56
 Side 2 forced transition at x/c =  1.0000   74

   8   rms: 0.8128E-02   max: -.1159E+00   C at   56  1
       a =  6.500      CL =  1.0567
      Cm = -0.0710     CD =  0.01453   =>   CDf =  0.00757    CDp =  0.00697

 Side 1  free  transition at x/c =  0.3842   56
 Side 2 forced transition at x/c =  1.0000   74

   9   rms: 0.8128E-02   max: -.1159E+00   C at   56  1
       a =  6.500      CL =  1.0567
      Cm = -0.0710     CD =  0.01453   =>   CDf =  0.00757    CDp =  0.00697

 Side 1  free  transition at x/c =  0.3842   56
 Side 2 forced transition at x/c =  1.0000   74

  10   rms: 0.8128E-02   max: -.1159E+00   C at   56  1
       a =  6.500      CL =  1.0567
      Cm = -0.0710     CD =  0.01453   =>   CDf =  0.00757    CDp =  0.00697

 Side 1  free  transition at x/c =  0.3842   56
 Side 2 forced transition at x/c =  1.0000   74

  11   rms: 0.8128E-02   max: -.1159E+00   C at   56  1
       a =  6.500      CL =  1.0567
      Cm = -0.0710     CD =  0.01453   =>   CDf =  0.00757    CDp =  0.00697

 Side 1  free  transition at x/c =  0.3842   56
 Side 2 forced transition at x/c =  1.0000   74

  12   rms: 0.8128E-02   max: -.1159E+00   C at   56  1
       a =  6.500      CL =  1.0567
      Cm = -0.0710     CD =  0.01453   =>   CDf =  0.00757    CDp =  0.00697

 Side 1  free  transition at x/c =  0.3842   56
 Side 2 forced transition at x/c =  1.0000   74

  13   rms: 0.8128E-02   max: -.1159E+00   C at   56  1
       a =  6.500      CL =  1.0567
      Cm = -0.0710     CD =  0.01453   =>   CDf =  0.00757    CDp =  0.00697

 Side 1  free  transition at x/c =  0.3842   56
 Side 2 forced transition at x/c =  1.0000   74

  14   rms: 0.8128E-02   max: -.1159E+00   C at   56  1
       a =  6.500      CL =  1.0567
      Cm = -0.0710     CD =  0.01453   =>   CDf =  0.00757    CDp =  0.00697

 Side 1  free  transition at x/c =  0.3842   56
 Side 2 forced transition at x/c =  1.0000   74

  15   rms: 0.8128E-02   max: -.1159E+00   C at   56  1
       a =  6.500      CL =  1.0567
      Cm = -0.0710     CD =  0.01453   =>   CDf =  0.00757    CDp =  0.00697

 Side 1  free  transition at x/c =  0.3842   56
 Side 2 forced transition at x/c =  1.0000   74

  16   rms: 0.8128E-02   max: -.1159E+00   C at   56  1
       a =  6.500      CL =  1.0567
      Cm = -0.0710     CD =  0.01453   =>   CDf =  0.00757    CDp =  0.00697

 Side 1  free  transition at x/c =  0.3842   56
 Side 2 forced transition at x/c =  1.0000   74

  17   rms: 0.8128E-02   max: -.1159E+00   C at   56  1
       a =  6.500      CL =  1.0567
      Cm = -0.0710     CD =  0.01453   =>   CDf =  0.00757    CDp =  0.00697

 Side 1  free  transition at x/c =  0.3842   56
 Side 2 forced transition at x/c =  1.0000   74

  18   rms: 0.8128E-02   max: -.1159E+00   C at   56  1
       a =  6.500      CL =  1.0567
      Cm = -0.0710     CD =  0.01453   =>   CDf =  0.00757    CDp =  0.00697

 Side 1  free  transition at x/c =  0.3842   56
 Side 2 forced transition at x/c =  1.0000   74

  19   rms: 0.8128E-02   max: -.1159E+00   C at   56  1
       a =  6.500      CL =  1.0567
      Cm = -0.0710     CD =  0.01453   =>   CDf =  0.00757    CDp =  0.00697

 Side 1  free  transition at x/c =  0.3842   56
 Side 2 forced transition at x/c =  1.0000   74

  20   rms: 0.8128E-02   max: -.1159E+00   C at   56  1
       a =  6.500      CL =  1.0567
      Cm = -0.0710     CD =  0.01453   =>   CDf =  0.00757    CDp =  0.00697

 Side 1  free  transition at x/c =  0.3842   56
 Side 2 forced transition at x/c =  1.0000   74

  21   rms: 0.8128E-02   max: -.1159E+00   C at   56  1
       a =  6.500      CL =  1.0567
      Cm = -0.0710     CD =  0.01453   =>   CDf =  0.00757    CDp =  0.00697

 Side 1  free  transition at x/c =  0.3842   56
 Side 2 forced transition at x/c =  1.0000   74

  22   rms: 0.8128E-02   max: -.1159E+00   C at   56  1
       a =  6.500      CL =  1.0567
      Cm = -0.0710     CD =  0.01453   =>   CDf =  0.00757    CDp =  0.00697

 Side 1  free  transition at x/c =  0.3842   56
 Side 2 forced transition at x/c =  1.0000   74

  23   rms: 0.8128E-02   max: -.1159E+00   C at   56  1
       a =  6.500      CL =  1.0567
      Cm = -0.0710     CD =  0.01453   =>   CDf =  0.00757    CDp =  0.00697

 Side 1  free  transition at x/c =  0.3842   56
 Side 2 forced transition at x/c =  1.0000   74

  24   rms: 0.8128E-02   max: -.1159E+00   C at   56  1
       a =  6.500      CL =  1.0567
      Cm = -0.0710     CD =  0.01453   =>   CDf =  0.00757    CDp =  0.00697

 Side 1  free  transition at x/c =  0.3842   56
 Side 2 forced transition at x/c =  1.0000   74

  25   rms: 0.8128E-02   max: -.1159E+00   C at   56  1
       a =  6.500      CL =  1.0567
      Cm = -0.0710     CD =  0.01453   =>   CDf =  0.00757    CDp =  0.00697

 Side 1  free  transition at x/c =  0.3842   56
 Side 2 forced transition at x/c =  1.0000   74

  26   rms: 0.8128E-02   max: -.1159E+00   C at   56  1
       a =  6.500      CL =  1.0567
      Cm = -0.0710     CD =  0.01453   =>   CDf =  0.00757    CDp =  0.00697

 Side 1  free  transition at x/c =  0.3842   56
 Side 2 forced transition at x/c =  1.0000   74

  27   rms: 0.8128E-02   max: -.1159E+00   C at   56  1
       a =  6.500      CL =  1.0567
      Cm = -0.0710     CD =  0.01453   =>   CDf =  0.00757    CDp =  0.00697

 Side 1  free  transition at x/c =  0.3842   56
 Side 2 forced transition at x/c =  1.0000   74

  28   rms: 0.8128E-02   max: -.1159E+00   C at   56  1
       a =  6.500      CL =  1.0567
      Cm = -0.0710     CD =  0.01453   =>   CDf =  0.00757    CDp =  0.00697

 Side 1  free  transition at x/c =  0.3842   56
 Side 2 forced transition at x/c =  1.0000   74

  29   rms: 0.8128E-02   max: -.1159E+00   C at   56  1
       a =  6.500      CL =  1.0567
      Cm = -0.0710     CD =  0.01453   =>   CDf =  0.00757    CDp =  0.00697

 Side 1  free  transition at x/c =  0.3842   56
 Side 2 forced transition at x/c =  1.0000   74

  30   rms: 0.8128E-02   max: -.1159E+00   C at   56  1
       a =  6.500      CL =  1.0567
      Cm = -0.0710     CD =  0.01453   =>   CDf =  0.00757    CDp =  0.00697

 Side 1  free  transition at x/c =  0.3842   56
 Side 2 forced transition at x/c =  1.0000   74

  31   rms: 0.8128E-02   max: -.1159E+00   C at   56  1
       a =  6.500      CL =  1.0567
      Cm = -0.0710     CD =  0.01453   =>   CDf =  0.00757    CDp =  0.00697

 Side 1  free  transition at x/c =  0.3842   56
 Side 2 forced transition at x/c =  1.0000   74

  32   rms: 0.8128E-02   max: -.1159E+00   C at   56  1
       a =  6.500      CL =  1.0567
      Cm = -0.0710     CD =  0.01453   =>   CDf =  0.00757    CDp =  0.00697

 Side 1  free  transition at x/c =  0.3842   56
 Side 2 forced transition at x/c =  1.0000   74

  33   rms: 0.8128E-02   max: -.1159E+00   C at   56  1
       a =  6.500      CL =  1.0567
      Cm = -0.0710     CD =  0.01453   =>   CDf =  0.00757    CDp =  0.00697

 Side 1  free  transition at x/c =  0.3842   56
 Side 2 forced transition at x/c =  1.0000   74

  34   rms: 0.8128E-02   max: -.1159E+00   C at   56  1
       a =  6.500      CL =  1.0567
      Cm = -0.0710     CD =  0.01453   =>   CDf =  0.00757    CDp =  0.00697

 Side 1  free  transition at x/c =  0.3842   56
 Side 2 forced transition at x/c =  1.0000   74

  35   rms: 0.8128E-02   max: -.1159E+00   C at   56  1
       a =  6.500      CL =  1.0567
      Cm = -0.0710     CD =  0.01453   =>   CDf =  0.00757    CDp =  0.00697

 Side 1  free  transition at x/c =  0.3842   56
 Side 2 forced transition at x/c =  1.0000   74

  36   rms: 0.8128E-02   max: -.1159E+00   C at   56  1
       a =  6.500      CL =  1.0567
      Cm = -0.0710     CD =  0.01453   =>   CDf =  0.00757    CDp =  0.00697

 Side 1  free  transition at x/c =  0.3842   56
 Side 2 forced transition at x/c =  1.0000   74

  37   rms: 0.8128E-02   max: -.1159E+00   C at   56  1
       a =  6.500      CL =  1.0567
      Cm = -0.0710     CD =  0.01453   =>   CDf =  0.00757    CDp =  0.00697

 Side 1  free  transition at x/c =  0.3842   56
 Side 2 forced transition at x/c =  1.0000   74

  38   rms: 0.8128E-02   max: -.1159E+00   C at   56  1
       a =  6.500      CL =  1.0567
      Cm = -0.0710     CD =  0.01453   =>   CDf =  0.00757    CDp =  0.00697

 Side 1  free  transition at x/c =  0.3842   56
 Side 2 forced transition at x/c =  1.0000   74

  39   rms: 0.8128E-02   max: -.1159E+00   C at   56  1
       a =  6.500      CL =  1.0567
      Cm = -0.0710     CD =  0.01453   =>   CDf =  0.00757    CDp =  0.00697

 Side 1  free  transition at x/c =  0.3842   56
 Side 2 forced transition at x/c =  1.0000   74

  40   rms: 0.8128E-02   max: -.1159E+00   C at   56  1
       a =  6.500      CL =  1.0567
      Cm = -0.0710     CD =  0.01453   =>   CDf =  0.00757    CDp =  0.00697

 Side 1  free  transition at x/c =  0.3842   56
 Side 2 forced transition at x/c =  1.0000   74

  41   rms: 0.8128E-02   max: -.1159E+00   C at   56  1
       a =  6.500      CL =  1.0567
      Cm = -0.0710     CD =  0.01453   =>   CDf =  0.00757    CDp =  0.00697

 Side 1  free  transition at x/c =  0.3842   56
 Side 2 forced transition at x/c =  1.0000   74

  42   rms: 0.8128E-02   max: -.1159E+00   C at   56  1
       a =  6.500      CL =  1.0567
      Cm = -0.0710     CD =  0.01453   =>   CDf =  0.00757    CDp =  0.00697

 Side 1  free  transition at x/c =  0.3842   56
 Side 2 forced transition at x/c =  1.0000   74

  43   rms: 0.8128E-02   max: -.1159E+00   C at   56  1
       a =  6.500      CL =  1.0567
      Cm = -0.0710     CD =  0.01453   =>   CDf =  0.00757    CDp =  0.00697

 Side 1  free  transition at x/c =  0.3842   56
 Side 2 forced transition at x/c =  1.0000   74

  44   rms: 0.8128E-02   max: -.1159E+00   C at   56  1
       a =  6.500      CL =  1.0567
      Cm = -0.0710     CD =  0.01453   =>   CDf =  0.00757    CDp =  0.00697

 Side 1  free  transition at x/c =  0.3842   56
 Side 2 forced transition at x/c =  1.0000   74

  45   rms: 0.8128E-02   max: -.1159E+00   C at   56  1
       a =  6.500      CL =  1.0567
      Cm = -0.0710     CD =  0.01453   =>   CDf =  0.00757    CDp =  0.00697

 Side 1  free  transition at x/c =  0.3842   56
 Side 2 forced transition at x/c =  1.0000   74

  46   rms: 0.8128E-02   max: -.1159E+00   C at   56  1
       a =  6.500      CL =  1.0567
      Cm = -0.0710     CD =  0.01453   =>   CDf =  0.00757    CDp =  0.00697

 Side 1  free  transition at x/c =  0.3842   56
 Side 2 forced transition at x/c =  1.0000   74

  47   rms: 0.8128E-02   max: -.1159E+00   C at   56  1
       a =  6.500      CL =  1.0567
      Cm = -0.0710     CD =  0.01453   =>   CDf =  0.00757    CDp =  0.00697

 Side 1  free  transition at x/c =  0.3842   56
 Side 2 forced transition at x/c =  1.0000   74

  48   rms: 0.8128E-02   max: -.1159E+00   C at   56  1
       a =  6.500      CL =  1.0567
      Cm = -0.0710     CD =  0.01453   =>   CDf =  0.00757    CDp =  0.00697

 Side 1  free  transition at x/c =  0.3842   56
 Side 2 forced transition at x/c =  1.0000   74

  49   rms: 0.8128E-02   max: -.1159E+00   C at   56  1
       a =  6.500      CL =  1.0567
      Cm = -0.0710     CD =  0.01453   =>   CDf =  0.00757    CDp =  0.00697

 Side 1  free  transition at x/c =  0.3842   56
 Side 2 forced transition at x/c =  1.0000   74

  50   rms: 0.8128E-02   max: -.1159E+00   C at   56  1
       a =  6.500      CL =  1.0567
      Cm = -0.0710     CD =  0.01453   =>   CDf =  0.00757    CDp =  0.00697

 Side 1  free  transition at x/c =  0.3842   56
 Side 2 forced transition at x/c =  1.0000   74

  51   rms: 0.8128E-02   max: -.1159E+00   C at   56  1
       a =  6.500      CL =  1.0567
      Cm = -0.0710     CD =  0.01453   =>   CDf =  0.00757    CDp =  0.00697

 Side 1  free  transition at x/c =  0.3842   56
 Side 2 forced transition at x/c =  1.0000   74

  52   rms: 0.8128E-02   max: -.1159E+00   C at   56  1
       a =  6.500      CL =  1.0567
      Cm = -0.0710     CD =  0.01453   =>   CDf =  0.00757    CDp =  0.00697

 Side 1  free  transition at x/c =  0.3842   56
 Side 2 forced transition at x/c =  1.0000   74

  53   rms: 0.8128E-02   max: -.1159E+00   C at   56  1
       a =  6.500      CL =  1.0567
      Cm = -0.0710     CD =  0.01453   =>   CDf =  0.00757    CDp =  0.00697

 Side 1  free  transition at x/c =  0.3842   56
 Side 2 forced transition at x/c =  1.0000   74

  54   rms: 0.8128E-02   max: -.1159E+00   C at   56  1
       a =  6.500      CL =  1.0567
      Cm = -0.0710     CD =  0.01453   =>   CDf =  0.00757    CDp =  0.00697

 Side 1  free  transition at x/c =  0.3842   56
 Side 2 forced transition at x/c =  1.0000   74

  55   rms: 0.8128E-02   max: -.1159E+00   C at   56  1
       a =  6.500      CL =  1.0567
      Cm = -0.0710     CD =  0.01453   =>   CDf =  0.00757    CDp =  0.00697

 Side 1  free  transition at x/c =  0.3842   56
 Side 2 forced transition at x/c =  1.0000   74

  56   rms: 0.8128E-02   max: -.1159E+00   C at   56  1
       a =  6.500      CL =  1.0567
      Cm = -0.0710     CD =  0.01453   =>   CDf =  0.00757    CDp =  0.00697

 Side 1  free  transition at x/c =  0.3842   56
 Side 2 forced transition at x/c =  1.0000   74

  57   rms: 0.8128E-02   max: -.1159E+00   C at   56  1
       a =  6.500      CL =  1.0567
      Cm = -0.0710     CD =  0.01453   =>   CDf =  0.00757    CDp =  0.00697

 Side 1  free  transition at x/c =  0.3842   56
 Side 2 forced transition at x/c =  1.0000   74

  58   rms: 0.8128E-02   max: -.1159E+00   C at   56  1
       a =  6.500      CL =  1.0567
      Cm = -0.0710     CD =  0.01453   =>   CDf =  0.00757    CDp =  0.00697

 Side 1  free  transition at x/c =  0.3842   56
 Side 2 forced transition at x/c =  1.0000   74

  59   rms: 0.8128E-02   max: -.1159E+00   C at   56  1
       a =  6.500      CL =  1.0567
      Cm = -0.0710     CD =  0.01453   =>   CDf =  0.00757    CDp =  0.00697

 Side 1  free  transition at x/c =  0.3842   56
 Side 2 forced transition at x/c =  1.0000   74

  60   rms: 0.8128E-02   max: -.1159E+00   C at   56  1
       a =  6.500      CL =  1.0567
      Cm = -0.0710     CD =  0.01453   =>   CDf =  0.00757    CDp =  0.00697

 Side 1  free  transition at x/c =  0.3842   56
 Side 2 forced transition at x/c =  1.0000   74

  61   rms: 0.8128E-02   max: -.1159E+00   C at   56  1
       a =  6.500      CL =  1.0567
      Cm = -0.0710     CD =  0.01453   =>   CDf =  0.00757    CDp =  0.00697

 Side 1  free  transition at x/c =  0.3842   56
 Side 2 forced transition at x/c =  1.0000   74

  62   rms: 0.8128E-02   max: -.1159E+00   C at   56  1
       a =  6.500      CL =  1.0567
      Cm = -0.0710     CD =  0.01453   =>   CDf =  0.00757    CDp =  0.00697

 Side 1  free  transition at x/c =  0.3842   56
 Side 2 forced transition at x/c =  1.0000   74

  63   rms: 0.8128E-02   max: -.1159E+00   C at   56  1
       a =  6.500      CL =  1.0567
      Cm = -0.0710     CD =  0.01453   =>   CDf =  0.00757    CDp =  0.00697

 Side 1  free  transition at x/c =  0.3842   56
 Side 2 forced transition at x/c =  1.0000   74

  64   rms: 0.8128E-02   max: -.1159E+00   C at   56  1
       a =  6.500      CL =  1.0567
      Cm = -0.0710     CD =  0.01453   =>   CDf =  0.00757    CDp =  0.00697

 Side 1  free  transition at x/c =  0.3842   56
 Side 2 forced transition at x/c =  1.0000   74

  65   rms: 0.8128E-02   max: -.1159E+00   C at   56  1
       a =  6.500      CL =  1.0567
      Cm = -0.0710     CD =  0.01453   =>   CDf =  0.00757    CDp =  0.00697

 Side 1  free  transition at x/c =  0.3842   56
 Side 2 forced transition at x/c =  1.0000   74

  66   rms: 0.8128E-02   max: -.1159E+00   C at   56  1
       a =  6.500      CL =  1.0567
      Cm = -0.0710     CD =  0.01453   =>   CDf =  0.00757    CDp =  0.00697

 Side 1  free  transition at x/c =  0.3842   56
 Side 2 forced transition at x/c =  1.0000   74

  67   rms: 0.8128E-02   max: -.1159E+00   C at   56  1
       a =  6.500      CL =  1.0567
      Cm = -0.0710     CD =  0.01453   =>   CDf =  0.00757    CDp =  0.00697

 Side 1  free  transition at x/c =  0.3842   56
 Side 2 forced transition at x/c =  1.0000   74

  68   rms: 0.8128E-02   max: -.1159E+00   C at   56  1
       a =  6.500      CL =  1.0567
      Cm = -0.0710     CD =  0.01453   =>   CDf =  0.00757    CDp =  0.00697

 Side 1  free  transition at x/c =  0.3842   56
 Side 2 forced transition at x/c =  1.0000   74

  69   rms: 0.8128E-02   max: -.1159E+00   C at   56  1
       a =  6.500      CL =  1.0567
      Cm = -0.0710     CD =  0.01453   =>   CDf =  0.00757    CDp =  0.00697

 Side 1  free  transition at x/c =  0.3842   56
 Side 2 forced transition at x/c =  1.0000   74

  70   rms: 0.8128E-02   max: -.1159E+00   C at   56  1
       a =  6.500      CL =  1.0567
      Cm = -0.0710     CD =  0.01453   =>   CDf =  0.00757    CDp =  0.00697

 Side 1  free  transition at x/c =  0.3842   56
 Side 2 forced transition at x/c =  1.0000   74

  71   rms: 0.8128E-02   max: -.1159E+00   C at   56  1
       a =  6.500      CL =  1.0567
      Cm = -0.0710     CD =  0.01453   =>   CDf =  0.00757    CDp =  0.00697

 Side 1  free  transition at x/c =  0.3842   56
 Side 2 forced transition at x/c =  1.0000   74

  72   rms: 0.8128E-02   max: -.1159E+00   C at   56  1
       a =  6.500      CL =  1.0567
      Cm = -0.0710     CD =  0.01453   =>   CDf =  0.00757    CDp =  0.00697

 Side 1  free  transition at x/c =  0.3842   56
 Side 2 forced transition at x/c =  1.0000   74

  73   rms: 0.8128E-02   max: -.1159E+00   C at   56  1
       a =  6.500      CL =  1.0567
      Cm = -0.0710     CD =  0.01453   =>   CDf =  0.00757    CDp =  0.00697

 Side 1  free  transition at x/c =  0.3842   56
 Side 2 forced transition at x/c =  1.0000   74

  74   rms: 0.8128E-02   max: -.1159E+00   C at   56  1
       a =  6.500      CL =  1.0567
      Cm = -0.0710     CD =  0.01453   =>   CDf =  0.00757    CDp =  0.00697

 Side 1  free  transition at x/c =  0.3842   56
 Side 2 forced transition at x/c =  1.0000   74

  75   rms: 0.8128E-02   max: -.1159E+00   C at   56  1
       a =  6.500      CL =  1.0567
      Cm = -0.0710     CD =  0.01453   =>   CDf =  0.00757    CDp =  0.00697

 Side 1  free  transition at x/c =  0.3842   56
 Side 2 forced transition at x/c =  1.0000   74

  76   rms: 0.8128E-02   max: -.1159E+00   C at   56  1
       a =  6.500      CL =  1.0567
      Cm = -0.0710     CD =  0.01453   =>   CDf =  0.00757    CDp =  0.00697

 Side 1  free  transition at x/c =  0.3842   56
 Side 2 forced transition at x/c =  1.0000   74

  77   rms: 0.8128E-02   max: -.1159E+00   C at   56  1
       a =  6.500      CL =  1.0567
      Cm = -0.0710     CD =  0.01453   =>   CDf =  0.00757    CDp =  0.00697

 Side 1  free  transition at x/c =  0.3842   56
 Side 2 forced transition at x/c =  1.0000   74

  78   rms: 0.8128E-02   max: -.1159E+00   C at   56  1
       a =  6.500      CL =  1.0567
      Cm = -0.0710     CD =  0.01453   =>   CDf =  0.00757    CDp =  0.00697

 Side 1  free  transition at x/c =  0.3842   56
 Side 2 forced transition at x/c =  1.0000   74

  79   rms: 0.8128E-02   max: -.1159E+00   C at   56  1
       a =  6.500      CL =  1.0567
      Cm = -0.0710     CD =  0.01453   =>   CDf =  0.00757    CDp =  0.00697

 Side 1  free  transition at x/c =  0.3842   56
 Side 2 forced transition at x/c =  1.0000   74

  80   rms: 0.8128E-02   max: -.1159E+00   C at   56  1
       a =  6.500      CL =  1.0567
      Cm = -0.0710     CD =  0.01453   =>   CDf =  0.00757    CDp =  0.00697

 Side 1  free  transition at x/c =  0.3842   56
 Side 2 forced transition at x/c =  1.0000   74

  81   rms: 0.8128E-02   max: -.1159E+00   C at   56  1
       a =  6.500      CL =  1.0567
      Cm = -0.0710     CD =  0.01453   =>   CDf =  0.00757    CDp =  0.00697

 Side 1  free  transition at x/c =  0.3842   56
 Side 2 forced transition at x/c =  1.0000   74

  82   rms: 0.8128E-02   max: -.1159E+00   C at   56  1
       a =  6.500      CL =  1.0567
      Cm = -0.0710     CD =  0.01453   =>   CDf =  0.00757    CDp =  0.00697

 Side 1  free  transition at x/c =  0.3842   56
 Side 2 forced transition at x/c =  1.0000   74

  83   rms: 0.8128E-02   max: -.1159E+00   C at   56  1
       a =  6.500      CL =  1.0567
      Cm = -0.0710     CD =  0.01453   =>   CDf =  0.00757    CDp =  0.00697

 Side 1  free  transition at x/c =  0.3842   56
 Side 2 forced transition at x/c =  1.0000   74

  84   rms: 0.8128E-02   max: -.1159E+00   C at   56  1
       a =  6.500      CL =  1.0567
      Cm = -0.0710     CD =  0.01453   =>   CDf =  0.00757    CDp =  0.00697

 Side 1  free  transition at x/c =  0.3842   56
 Side 2 forced transition at x/c =  1.0000   74

  85   rms: 0.8128E-02   max: -.1159E+00   C at   56  1
       a =  6.500      CL =  1.0567
      Cm = -0.0710     CD =  0.01453   =>   CDf =  0.00757    CDp =  0.00697

 Side 1  free  transition at x/c =  0.3842   56
 Side 2 forced transition at x/c =  1.0000   74

  86   rms: 0.8128E-02   max: -.1159E+00   C at   56  1
       a =  6.500      CL =  1.0567
      Cm = -0.0710     CD =  0.01453   =>   CDf =  0.00757    CDp =  0.00697

 Side 1  free  transition at x/c =  0.3842   56
 Side 2 forced transition at x/c =  1.0000   74

  87   rms: 0.8128E-02   max: -.1159E+00   C at   56  1
       a =  6.500      CL =  1.0567
      Cm = -0.0710     CD =  0.01453   =>   CDf =  0.00757    CDp =  0.00697

 Side 1  free  transition at x/c =  0.3842   56
 Side 2 forced transition at x/c =  1.0000   74

  88   rms: 0.8128E-02   max: -.1159E+00   C at   56  1
       a =  6.500      CL =  1.0567
      Cm = -0.0710     CD =  0.01453   =>   CDf =  0.00757    CDp =  0.00697

 Side 1  free  transition at x/c =  0.3842   56
 Side 2 forced transition at x/c =  1.0000   74

  89   rms: 0.8128E-02   max: -.1159E+00   C at   56  1
       a =  6.500      CL =  1.0567
      Cm = -0.0710     CD =  0.01453   =>   CDf =  0.00757    CDp =  0.00697

 Side 1  free  transition at x/c =  0.3842   56
 Side 2 forced transition at x/c =  1.0000   74

  90   rms: 0.8128E-02   max: -.1159E+00   C at   56  1
       a =  6.500      CL =  1.0567
      Cm = -0.0710     CD =  0.01453   =>   CDf =  0.00757    CDp =  0.00697

 Side 1  free  transition at x/c =  0.3842   56
 Side 2 forced transition at x/c =  1.0000   74

  91   rms: 0.8128E-02   max: -.1159E+00   C at   56  1
       a =  6.500      CL =  1.0567
      Cm = -0.0710     CD =  0.01453   =>   CDf =  0.00757    CDp =  0.00697

 Side 1  free  transition at x/c =  0.3842   56
 Side 2 forced transition at x/c =  1.0000   74

  92   rms: 0.8128E-02   max: -.1159E+00   C at   56  1
       a =  6.500      CL =  1.0567
      Cm = -0.0710     CD =  0.01453   =>   CDf =  0.00757    CDp =  0.00697

 Side 1  free  transition at x/c =  0.3842   56
 Side 2 forced transition at x/c =  1.0000   74

  93   rms: 0.8128E-02   max: -.1159E+00   C at   56  1
       a =  6.500      CL =  1.0567
      Cm = -0.0710     CD =  0.01453   =>   CDf =  0.00757    CDp =  0.00697

 Side 1  free  transition at x/c =  0.3842   56
 Side 2 forced transition at x/c =  1.0000   74

  94   rms: 0.8128E-02   max: -.1159E+00   C at   56  1
       a =  6.500      CL =  1.0567
      Cm = -0.0710     CD =  0.01453   =>   CDf =  0.00757    CDp =  0.00697

 Side 1  free  transition at x/c =  0.3842   56
 Side 2 forced transition at x/c =  1.0000   74

  95   rms: 0.8128E-02   max: -.1159E+00   C at   56  1
       a =  6.500      CL =  1.0567
      Cm = -0.0710     CD =  0.01453   =>   CDf =  0.00757    CDp =  0.00697

 Side 1  free  transition at x/c =  0.3842   56
 Side 2 forced transition at x/c =  1.0000   74

  96   rms: 0.8128E-02   max: -.1159E+00   C at   56  1
       a =  6.500      CL =  1.0567
      Cm = -0.0710     CD =  0.01453   =>   CDf =  0.00757    CDp =  0.00697

 Side 1  free  transition at x/c =  0.3842   56
 Side 2 forced transition at x/c =  1.0000   74

  97   rms: 0.8128E-02   max: -.1159E+00   C at   56  1
       a =  6.500      CL =  1.0567
      Cm = -0.0710     CD =  0.01453   =>   CDf =  0.00757    CDp =  0.00697

 Side 1  free  transition at x/c =  0.3842   56
 Side 2 forced transition at x/c =  1.0000   74

  98   rms: 0.8128E-02   max: -.1159E+00   C at   56  1
       a =  6.500      CL =  1.0567
      Cm = -0.0710     CD =  0.01453   =>   CDf =  0.00757    CDp =  0.00697

 Side 1  free  transition at x/c =  0.3842   56
 Side 2 forced transition at x/c =  1.0000   74

  99   rms: 0.8128E-02   max: -.1159E+00   C at   56  1
       a =  6.500      CL =  1.0567
      Cm = -0.0710     CD =  0.01453   =>   CDf =  0.00757    CDp =  0.00697

 Side 1  free  transition at x/c =  0.3842   56
 Side 2 forced transition at x/c =  1.0000   74

 100   rms: 0.8128E-02   max: -.1159E+00   C at   56  1
       a =  6.500      CL =  1.0567
      Cm = -0.0710     CD =  0.01453   =>   CDf =  0.00757    CDp =  0.00697

 Side 1  free  transition at x/c =  0.3842   56
 Side 2 forced transition at x/c =  1.0000   74

 101   rms: 0.8128E-02   max: -.1159E+00   C at   56  1
       a =  6.500      CL =  1.0567
      Cm = -0.0710     CD =  0.01453   =>   CDf =  0.00757    CDp =  0.00697

 Side 1  free  transition at x/c =  0.3842   56
 Side 2 forced transition at x/c =  1.0000   74

 102   rms: 0.8128E-02   max: -.1159E+00   C at   56  1
       a =  6.500      CL =  1.0567
      Cm = -0.0710     CD =  0.01453   =>   CDf =  0.00757    CDp =  0.00697

 Side 1  free  transition at x/c =  0.3842   56
 Side 2 forced transition at x/c =  1.0000   74

 103   rms: 0.8128E-02   max: -.1159E+00   C at   56  1
       a =  6.500      CL =  1.0567
      Cm = -0.0710     CD =  0.01453   =>   CDf =  0.00757    CDp =  0.00697

 Side 1  free  transition at x/c =  0.3842   56
 Side 2 forced transition at x/c =  1.0000   74

 104   rms: 0.8128E-02   max: -.1159E+00   C at   56  1
       a =  6.500      CL =  1.0567
      Cm = -0.0710     CD =  0.01453   =>   CDf =  0.00757    CDp =  0.00697

 Side 1  free  transition at x/c =  0.3842   56
 Side 2 forced transition at x/c =  1.0000   74

 105   rms: 0.8128E-02   max: -.1159E+00   C at   56  1
       a =  6.500      CL =  1.0567
      Cm = -0.0710     CD =  0.01453   =>   CDf =  0.00757    CDp =  0.00697

 Side 1  free  transition at x/c =  0.3842   56
 Side 2 forced transition at x/c =  1.0000   74

 106   rms: 0.8128E-02   max: -.1159E+00   C at   56  1
       a =  6.500      CL =  1.0567
      Cm = -0.0710     CD =  0.01453   =>   CDf =  0.00757    CDp =  0.00697

 Side 1  free  transition at x/c =  0.3842   56
 Side 2 forced transition at x/c =  1.0000   74

 107   rms: 0.8128E-02   max: -.1159E+00   C at   56  1
       a =  6.500      CL =  1.0567
      Cm = -0.0710     CD =  0.01453   =>   CDf =  0.00757    CDp =  0.00697

 Side 1  free  transition at x/c =  0.3842   56
 Side 2 forced transition at x/c =  1.0000   74

 108   rms: 0.8128E-02   max: -.1159E+00   C at   56  1
       a =  6.500      CL =  1.0567
      Cm = -0.0710     CD =  0.01453   =>   CDf =  0.00757    CDp =  0.00697

 Side 1  free  transition at x/c =  0.3842   56
 Side 2 forced transition at x/c =  1.0000   74

 109   rms: 0.8128E-02   max: -.1159E+00   C at   56  1
       a =  6.500      CL =  1.0567
      Cm = -0.0710     CD =  0.01453   =>   CDf =  0.00757    CDp =  0.00697

 Side 1  free  transition at x/c =  0.3842   56
 Side 2 forced transition at x/c =  1.0000   74

 110   rms: 0.8128E-02   max: -.1159E+00   C at   56  1
       a =  6.500      CL =  1.0567
      Cm = -0.0710     CD =  0.01453   =>   CDf =  0.00757    CDp =  0.00697

 Side 1  free  transition at x/c =  0.3842   56
 Side 2 forced transition at x/c =  1.0000   74

 111   rms: 0.8128E-02   max: -.1159E+00   C at   56  1
       a =  6.500      CL =  1.0567
      Cm = -0.0710     CD =  0.01453   =>   CDf =  0.00757    CDp =  0.00697

 Side 1  free  transition at x/c =  0.3842   56
 Side 2 forced transition at x/c =  1.0000   74

 112   rms: 0.8128E-02   max: -.1159E+00   C at   56  1
       a =  6.500      CL =  1.0567
      Cm = -0.0710     CD =  0.01453   =>   CDf =  0.00757    CDp =  0.00697

 Side 1  free  transition at x/c =  0.3842   56
 Side 2 forced transition at x/c =  1.0000   74

 113   rms: 0.8128E-02   max: -.1159E+00   C at   56  1
       a =  6.500      CL =  1.0567
      Cm = -0.0710     CD =  0.01453   =>   CDf =  0.00757    CDp =  0.00697

 Side 1  free  transition at x/c =  0.3842   56
 Side 2 forced transition at x/c =  1.0000   74

 114   rms: 0.8128E-02   max: -.1159E+00   C at   56  1
       a =  6.500      CL =  1.0567
      Cm = -0.0710     CD =  0.01453   =>   CDf =  0.00757    CDp =  0.00697

 Side 1  free  transition at x/c =  0.3842   56
 Side 2 forced transition at x/c =  1.0000   74

 115   rms: 0.8128E-02   max: -.1159E+00   C at   56  1
       a =  6.500      CL =  1.0567
      Cm = -0.0710     CD =  0.01453   =>   CDf =  0.00757    CDp =  0.00697

 Side 1  free  transition at x/c =  0.3842   56
 Side 2 forced transition at x/c =  1.0000   74

 116   rms: 0.8128E-02   max: -.1159E+00   C at   56  1
       a =  6.500      CL =  1.0567
      Cm = -0.0710     CD =  0.01453   =>   CDf =  0.00757    CDp =  0.00697

 Side 1  free  transition at x/c =  0.3842   56
 Side 2 forced transition at x/c =  1.0000   74

 117   rms: 0.8128E-02   max: -.1159E+00   C at   56  1
       a =  6.500      CL =  1.0567
      Cm = -0.0710     CD =  0.01453   =>   CDf =  0.00757    CDp =  0.00697

 Side 1  free  transition at x/c =  0.3842   56
 Side 2 forced transition at x/c =  1.0000   74

 118   rms: 0.8128E-02   max: -.1159E+00   C at   56  1
       a =  6.500      CL =  1.0567
      Cm = -0.0710     CD =  0.01453   =>   CDf =  0.00757    CDp =  0.00697

 Side 1  free  transition at x/c =  0.3842   56
 Side 2 forced transition at x/c =  1.0000   74

 119   rms: 0.8128E-02   max: -.1159E+00   C at   56  1
       a =  6.500      CL =  1.0567
      Cm = -0.0710     CD =  0.01453   =>   CDf =  0.00757    CDp =  0.00697

 Side 1  free  transition at x/c =  0.3842   56
 Side 2 forced transition at x/c =  1.0000   74

 120   rms: 0.8128E-02   max: -.1159E+00   C at   56  1
       a =  6.500      CL =  1.0567
      Cm = -0.0710     CD =  0.01453   =>   CDf =  0.00757    CDp =  0.00697

 Side 1  free  transition at x/c =  0.3842   56
 Side 2 forced transition at x/c =  1.0000   74

 121   rms: 0.8128E-02   max: -.1159E+00   C at   56  1
       a =  6.500      CL =  1.0567
      Cm = -0.0710     CD =  0.01453   =>   CDf =  0.00757    CDp =  0.00697

 Side 1  free  transition at x/c =  0.3842   56
 Side 2 forced transition at x/c =  1.0000   74

 122   rms: 0.8128E-02   max: -.1159E+00   C at   56  1
       a =  6.500      CL =  1.0567
      Cm = -0.0710     CD =  0.01453   =>   CDf =  0.00757    CDp =  0.00697

 Side 1  free  transition at x/c =  0.3842   56
 Side 2 forced transition at x/c =  1.0000   74

 123   rms: 0.8128E-02   max: -.1159E+00   C at   56  1
       a =  6.500      CL =  1.0567
      Cm = -0.0710     CD =  0.01453   =>   CDf =  0.00757    CDp =  0.00697

 Side 1  free  transition at x/c =  0.3842   56
 Side 2 forced transition at x/c =  1.0000   74

 124   rms: 0.8128E-02   max: -.1159E+00   C at   56  1
       a =  6.500      CL =  1.0567
      Cm = -0.0710     CD =  0.01453   =>   CDf =  0.00757    CDp =  0.00697

 Side 1  free  transition at x/c =  0.3842   56
 Side 2 forced transition at x/c =  1.0000   74

 125   rms: 0.8128E-02   max: -.1159E+00   C at   56  1
       a =  6.500      CL =  1.0567
      Cm = -0.0710     CD =  0.01453   =>   CDf =  0.00757    CDp =  0.00697

 Side 1  free  transition at x/c =  0.3842   56
 Side 2 forced transition at x/c =  1.0000   74

 126   rms: 0.8128E-02   max: -.1159E+00   C at   56  1
       a =  6.500      CL =  1.0567
      Cm = -0.0710     CD =  0.01453   =>   CDf =  0.00757    CDp =  0.00697

 Side 1  free  transition at x/c =  0.3842   56
 Side 2 forced transition at x/c =  1.0000   74

 127   rms: 0.8128E-02   max: -.1159E+00   C at   56  1
       a =  6.500      CL =  1.0567
      Cm = -0.0710     CD =  0.01453   =>   CDf =  0.00757    CDp =  0.00697

 Side 1  free  transition at x/c =  0.3842   56
 Side 2 forced transition at x/c =  1.0000   74

 128   rms: 0.8128E-02   max: -.1159E+00   C at   56  1
       a =  6.500      CL =  1.0567
      Cm = -0.0710     CD =  0.01453   =>   CDf =  0.00757    CDp =  0.00697

 Side 1  free  transition at x/c =  0.3842   56
 Side 2 forced transition at x/c =  1.0000   74

 129   rms: 0.8128E-02   max: -.1159E+00   C at   56  1
       a =  6.500      CL =  1.0567
      Cm = -0.0710     CD =  0.01453   =>   CDf =  0.00757    CDp =  0.00697

 Side 1  free  transition at x/c =  0.3842   56
 Side 2 forced transition at x/c =  1.0000   74

 130   rms: 0.8128E-02   max: -.1159E+00   C at   56  1
       a =  6.500      CL =  1.0567
      Cm = -0.0710     CD =  0.01453   =>   CDf =  0.00757    CDp =  0.00697

 Side 1  free  transition at x/c =  0.3842   56
 Side 2 forced transition at x/c =  1.0000   74

 131   rms: 0.8128E-02   max: -.1159E+00   C at   56  1
       a =  6.500      CL =  1.0567
      Cm = -0.0710     CD =  0.01453   =>   CDf =  0.00757    CDp =  0.00697

 Side 1  free  transition at x/c =  0.3842   56
 Side 2 forced transition at x/c =  1.0000   74

 132   rms: 0.8128E-02   max: -.1159E+00   C at   56  1
       a =  6.500      CL =  1.0567
      Cm = -0.0710     CD =  0.01453   =>   CDf =  0.00757    CDp =  0.00697

 Side 1  free  transition at x/c =  0.3842   56
 Side 2 forced transition at x/c =  1.0000   74

 133   rms: 0.8128E-02   max: -.1159E+00   C at   56  1
       a =  6.500      CL =  1.0567
      Cm = -0.0710     CD =  0.01453   =>   CDf =  0.00757    CDp =  0.00697

 Side 1  free  transition at x/c =  0.3842   56
 Side 2 forced transition at x/c =  1.0000   74

 134   rms: 0.8128E-02   max: -.1159E+00   C at   56  1
       a =  6.500      CL =  1.0567
      Cm = -0.0710     CD =  0.01453   =>   CDf =  0.00757    CDp =  0.00697

 Side 1  free  transition at x/c =  0.3842   56
 Side 2 forced transition at x/c =  1.0000   74

 135   rms: 0.8128E-02   max: -.1159E+00   C at   56  1
       a =  6.500      CL =  1.0567
      Cm = -0.0710     CD =  0.01453   =>   CDf =  0.00757    CDp =  0.00697

 Side 1  free  transition at x/c =  0.3842   56
 Side 2 forced transition at x/c =  1.0000   74

 136   rms: 0.8128E-02   max: -.1159E+00   C at   56  1
       a =  6.500      CL =  1.0567
      Cm = -0.0710     CD =  0.01453   =>   CDf =  0.00757    CDp =  0.00697

 Side 1  free  transition at x/c =  0.3842   56
 Side 2 forced transition at x/c =  1.0000   74

 137   rms: 0.8128E-02   max: -.1159E+00   C at   56  1
       a =  6.500      CL =  1.0567
      Cm = -0.0710     CD =  0.01453   =>   CDf =  0.00757    CDp =  0.00697

 Side 1  free  transition at x/c =  0.3842   56
 Side 2 forced transition at x/c =  1.0000   74

 138   rms: 0.8128E-02   max: -.1159E+00   C at   56  1
       a =  6.500      CL =  1.0567
      Cm = -0.0710     CD =  0.01453   =>   CDf =  0.00757    CDp =  0.00697

 Side 1  free  transition at x/c =  0.3842   56
 Side 2 forced transition at x/c =  1.0000   74

 139   rms: 0.8128E-02   max: -.1159E+00   C at   56  1
       a =  6.500      CL =  1.0567
      Cm = -0.0710     CD =  0.01453   =>   CDf =  0.00757    CDp =  0.00697

 Side 1  free  transition at x/c =  0.3842   56
 Side 2 forced transition at x/c =  1.0000   74

 140   rms: 0.8128E-02   max: -.1159E+00   C at   56  1
       a =  6.500      CL =  1.0567
      Cm = -0.0710     CD =  0.01453   =>   CDf =  0.00757    CDp =  0.00697

 Side 1  free  transition at x/c =  0.3842   56
 Side 2 forced transition at x/c =  1.0000   74

 141   rms: 0.8128E-02   max: -.1159E+00   C at   56  1
       a =  6.500      CL =  1.0567
      Cm = -0.0710     CD =  0.01453   =>   CDf =  0.00757    CDp =  0.00697

 Side 1  free  transition at x/c =  0.3842   56
 Side 2 forced transition at x/c =  1.0000   74

 142   rms: 0.8128E-02   max: -.1159E+00   C at   56  1
       a =  6.500      CL =  1.0567
      Cm = -0.0710     CD =  0.01453   =>   CDf =  0.00757    CDp =  0.00697

 Side 1  free  transition at x/c =  0.3842   56
 Side 2 forced transition at x/c =  1.0000   74

 143   rms: 0.8128E-02   max: -.1159E+00   C at   56  1
       a =  6.500      CL =  1.0567
      Cm = -0.0710     CD =  0.01453   =>   CDf =  0.00757    CDp =  0.00697

 Side 1  free  transition at x/c =  0.3842   56
 Side 2 forced transition at x/c =  1.0000   74

 144   rms: 0.8128E-02   max: -.1159E+00   C at   56  1
       a =  6.500      CL =  1.0567
      Cm = -0.0710     CD =  0.01453   =>   CDf =  0.00757    CDp =  0.00697

 Side 1  free  transition at x/c =  0.3842   56
 Side 2 forced transition at x/c =  1.0000   74

 145   rms: 0.8128E-02   max: -.1159E+00   C at   56  1
       a =  6.500      CL =  1.0567
      Cm = -0.0710     CD =  0.01453   =>   CDf =  0.00757    CDp =  0.00697

 Side 1  free  transition at x/c =  0.3842   56
 Side 2 forced transition at x/c =  1.0000   74

 146   rms: 0.8128E-02   max: -.1159E+00   C at   56  1
       a =  6.500      CL =  1.0567
      Cm = -0.0710     CD =  0.01453   =>   CDf =  0.00757    CDp =  0.00697

 Side 1  free  transition at x/c =  0.3842   56
 Side 2 forced transition at x/c =  1.0000   74

 147   rms: 0.8128E-02   max: -.1159E+00   C at   56  1
       a =  6.500      CL =  1.0567
      Cm = -0.0710     CD =  0.01453   =>   CDf =  0.00757    CDp =  0.00697

 Side 1  free  transition at x/c =  0.3842   56
 Side 2 forced transition at x/c =  1.0000   74

 148   rms: 0.8128E-02   max: -.1159E+00   C at   56  1
       a =  6.500      CL =  1.0567
      Cm = -0.0710     CD =  0.01453   =>   CDf =  0.00757    CDp =  0.00697

 Side 1  free  transition at x/c =  0.3842   56
 Side 2 forced transition at x/c =  1.0000   74

 149   rms: 0.8128E-02   max: -.1159E+00   C at   56  1
       a =  6.500      CL =  1.0567
      Cm = -0.0710     CD =  0.01453   =>   CDf =  0.00757    CDp =  0.00697

 Side 1  free  transition at x/c =  0.3842   56
 Side 2 forced transition at x/c =  1.0000   74

 150   rms: 0.8128E-02   max: -.1159E+00   C at   56  1
       a =  6.500      CL =  1.0567
      Cm = -0.0710     CD =  0.01453   =>   CDf =  0.00757    CDp =  0.00697

 Side 1  free  transition at x/c =  0.3842   56
 Side 2 forced transition at x/c =  1.0000   74

 151   rms: 0.8128E-02   max: -.1159E+00   C at   56  1
       a =  6.500      CL =  1.0567
      Cm = -0.0710     CD =  0.01453   =>   CDf =  0.00757    CDp =  0.00697

 Side 1  free  transition at x/c =  0.3842   56
 Side 2 forced transition at x/c =  1.0000   74

 152   rms: 0.8128E-02   max: -.1159E+00   C at   56  1
       a =  6.500      CL =  1.0567
      Cm = -0.0710     CD =  0.01453   =>   CDf =  0.00757    CDp =  0.00697

 Side 1  free  transition at x/c =  0.3842   56
 Side 2 forced transition at x/c =  1.0000   74

 153   rms: 0.8128E-02   max: -.1159E+00   C at   56  1
       a =  6.500      CL =  1.0567
      Cm = -0.0710     CD =  0.01453   =>   CDf =  0.00757    CDp =  0.00697

 Side 1  free  transition at x/c =  0.3842   56
 Side 2 forced transition at x/c =  1.0000   74

 154   rms: 0.8128E-02   max: -.1159E+00   C at   56  1
       a =  6.500      CL =  1.0567
      Cm = -0.0710     CD =  0.01453   =>   CDf =  0.00757    CDp =  0.00697

 Side 1  free  transition at x/c =  0.3842   56
 Side 2 forced transition at x/c =  1.0000   74

 155   rms: 0.8128E-02   max: -.1159E+00   C at   56  1
       a =  6.500      CL =  1.0567
      Cm = -0.0710     CD =  0.01453   =>   CDf =  0.00757    CDp =  0.00697

 Side 1  free  transition at x/c =  0.3842   56
 Side 2 forced transition at x/c =  1.0000   74

 156   rms: 0.8128E-02   max: -.1159E+00   C at   56  1
       a =  6.500      CL =  1.0567
      Cm = -0.0710     CD =  0.01453   =>   CDf =  0.00757    CDp =  0.00697

 Side 1  free  transition at x/c =  0.3842   56
 Side 2 forced transition at x/c =  1.0000   74

 157   rms: 0.8128E-02   max: -.1159E+00   C at   56  1
       a =  6.500      CL =  1.0567
      Cm = -0.0710     CD =  0.01453   =>   CDf =  0.00757    CDp =  0.00697

 Side 1  free  transition at x/c =  0.3842   56
 Side 2 forced transition at x/c =  1.0000   74

 158   rms: 0.8128E-02   max: -.1159E+00   C at   56  1
       a =  6.500      CL =  1.0567
      Cm = -0.0710     CD =  0.01453   =>   CDf =  0.00757    CDp =  0.00697

 Side 1  free  transition at x/c =  0.3842   56
 Side 2 forced transition at x/c =  1.0000   74

 159   rms: 0.8128E-02   max: -.1159E+00   C at   56  1
       a =  6.500      CL =  1.0567
      Cm = -0.0710     CD =  0.01453   =>   CDf =  0.00757    CDp =  0.00697

 Side 1  free  transition at x/c =  0.3842   56
 Side 2 forced transition at x/c =  1.0000   74

 160   rms: 0.8128E-02   max: -.1159E+00   C at   56  1
       a =  6.500      CL =  1.0567
      Cm = -0.0710     CD =  0.01453   =>   CDf =  0.00757    CDp =  0.00697

 Side 1  free  transition at x/c =  0.3842   56
 Side 2 forced transition at x/c =  1.0000   74

 161   rms: 0.8128E-02   max: -.1159E+00   C at   56  1
       a =  6.500      CL =  1.0567
      Cm = -0.0710     CD =  0.01453   =>   CDf =  0.00757    CDp =  0.00697

 Side 1  free  transition at x/c =  0.3842   56
 Side 2 forced transition at x/c =  1.0000   74

 162   rms: 0.8128E-02   max: -.1159E+00   C at   56  1
       a =  6.500      CL =  1.0567
      Cm = -0.0710     CD =  0.01453   =>   CDf =  0.00757    CDp =  0.00697

 Side 1  free  transition at x/c =  0.3842   56
 Side 2 forced transition at x/c =  1.0000   74

 163   rms: 0.8128E-02   max: -.1159E+00   C at   56  1
       a =  6.500      CL =  1.0567
      Cm = -0.0710     CD =  0.01453   =>   CDf =  0.00757    CDp =  0.00697

 Side 1  free  transition at x/c =  0.3842   56
 Side 2 forced transition at x/c =  1.0000   74

 164   rms: 0.8128E-02   max: -.1159E+00   C at   56  1
       a =  6.500      CL =  1.0567
      Cm = -0.0710     CD =  0.01453   =>   CDf =  0.00757    CDp =  0.00697

 Side 1  free  transition at x/c =  0.3842   56
 Side 2 forced transition at x/c =  1.0000   74

 165   rms: 0.8128E-02   max: -.1159E+00   C at   56  1
       a =  6.500      CL =  1.0567
      Cm = -0.0710     CD =  0.01453   =>   CDf =  0.00757    CDp =  0.00697

 Side 1  free  transition at x/c =  0.3842   56
 Side 2 forced transition at x/c =  1.0000   74

 166   rms: 0.8128E-02   max: -.1159E+00   C at   56  1
       a =  6.500      CL =  1.0567
      Cm = -0.0710     CD =  0.01453   =>   CDf =  0.00757    CDp =  0.00697

 Side 1  free  transition at x/c =  0.3842   56
 Side 2 forced transition at x/c =  1.0000   74

 167   rms: 0.8128E-02   max: -.1159E+00   C at   56  1
       a =  6.500      CL =  1.0567
      Cm = -0.0710     CD =  0.01453   =>   CDf =  0.00757    CDp =  0.00697

 Side 1  free  transition at x/c =  0.3842   56
 Side 2 forced transition at x/c =  1.0000   74

 168   rms: 0.8128E-02   max: -.1159E+00   C at   56  1
       a =  6.500      CL =  1.0567
      Cm = -0.0710     CD =  0.01453   =>   CDf =  0.00757    CDp =  0.00697

 Side 1  free  transition at x/c =  0.3842   56
 Side 2 forced transition at x/c =  1.0000   74

 169   rms: 0.8128E-02   max: -.1159E+00   C at   56  1
       a =  6.500      CL =  1.0567
      Cm = -0.0710     CD =  0.01453   =>   CDf =  0.00757    CDp =  0.00697

 Side 1  free  transition at x/c =  0.3842   56
 Side 2 forced transition at x/c =  1.0000   74

 170   rms: 0.8128E-02   max: -.1159E+00   C at   56  1
       a =  6.500      CL =  1.0567
      Cm = -0.0710     CD =  0.01453   =>   CDf =  0.00757    CDp =  0.00697

 Side 1  free  transition at x/c =  0.3842   56
 Side 2 forced transition at x/c =  1.0000   74

 171   rms: 0.8128E-02   max: -.1159E+00   C at   56  1
       a =  6.500      CL =  1.0567
      Cm = -0.0710     CD =  0.01453   =>   CDf =  0.00757    CDp =  0.00697

 Side 1  free  transition at x/c =  0.3842   56
 Side 2 forced transition at x/c =  1.0000   74

 172   rms: 0.8128E-02   max: -.1159E+00   C at   56  1
       a =  6.500      CL =  1.0567
      Cm = -0.0710     CD =  0.01453   =>   CDf =  0.00757    CDp =  0.00697

 Side 1  free  transition at x/c =  0.3842   56
 Side 2 forced transition at x/c =  1.0000   74

 173   rms: 0.8128E-02   max: -.1159E+00   C at   56  1
       a =  6.500      CL =  1.0567
      Cm = -0.0710     CD =  0.01453   =>   CDf =  0.00757    CDp =  0.00697

 Side 1  free  transition at x/c =  0.3842   56
 Side 2 forced transition at x/c =  1.0000   74

 174   rms: 0.8128E-02   max: -.1159E+00   C at   56  1
       a =  6.500      CL =  1.0567
      Cm = -0.0710     CD =  0.01453   =>   CDf =  0.00757    CDp =  0.00697

 Side 1  free  transition at x/c =  0.3842   56
 Side 2 forced transition at x/c =  1.0000   74

 175   rms: 0.8128E-02   max: -.1159E+00   C at   56  1
       a =  6.500      CL =  1.0567
      Cm = -0.0710     CD =  0.01453   =>   CDf =  0.00757    CDp =  0.00697

 Side 1  free  transition at x/c =  0.3842   56
 Side 2 forced transition at x/c =  1.0000   74

 176   rms: 0.8128E-02   max: -.1159E+00   C at   56  1
       a =  6.500      CL =  1.0567
      Cm = -0.0710     CD =  0.01453   =>   CDf =  0.00757    CDp =  0.00697

 Side 1  free  transition at x/c =  0.3842   56
 Side 2 forced transition at x/c =  1.0000   74

 177   rms: 0.8128E-02   max: -.1159E+00   C at   56  1
       a =  6.500      CL =  1.0567
      Cm = -0.0710     CD =  0.01453   =>   CDf =  0.00757    CDp =  0.00697

 Side 1  free  transition at x/c =  0.3842   56
 Side 2 forced transition at x/c =  1.0000   74

 178   rms: 0.8128E-02   max: -.1159E+00   C at   56  1
       a =  6.500      CL =  1.0567
      Cm = -0.0710     CD =  0.01453   =>   CDf =  0.00757    CDp =  0.00697

 Side 1  free  transition at x/c =  0.3842   56
 Side 2 forced transition at x/c =  1.0000   74

 179   rms: 0.8128E-02   max: -.1159E+00   C at   56  1
       a =  6.500      CL =  1.0567
      Cm = -0.0710     CD =  0.01453   =>   CDf =  0.00757    CDp =  0.00697

 Side 1  free  transition at x/c =  0.3842   56
 Side 2 forced transition at x/c =  1.0000   74

 180   rms: 0.8128E-02   max: -.1159E+00   C at   56  1
       a =  6.500      CL =  1.0567
      Cm = -0.0710     CD =  0.01453   =>   CDf =  0.00757    CDp =  0.00697

 Side 1  free  transition at x/c =  0.3842   56
 Side 2 forced transition at x/c =  1.0000   74

 181   rms: 0.8128E-02   max: -.1159E+00   C at   56  1
       a =  6.500      CL =  1.0567
      Cm = -0.0710     CD =  0.01453   =>   CDf =  0.00757    CDp =  0.00697

 Side 1  free  transition at x/c =  0.3842   56
 Side 2 forced transition at x/c =  1.0000   74

 182   rms: 0.8128E-02   max: -.1159E+00   C at   56  1
       a =  6.500      CL =  1.0567
      Cm = -0.0710     CD =  0.01453   =>   CDf =  0.00757    CDp =  0.00697

 Side 1  free  transition at x/c =  0.3842   56
 Side 2 forced transition at x/c =  1.0000   74

 183   rms: 0.8128E-02   max: -.1159E+00   C at   56  1
       a =  6.500      CL =  1.0567
      Cm = -0.0710     CD =  0.01453   =>   CDf =  0.00757    CDp =  0.00697

 Side 1  free  transition at x/c =  0.3842   56
 Side 2 forced transition at x/c =  1.0000   74

 184   rms: 0.8128E-02   max: -.1159E+00   C at   56  1
       a =  6.500      CL =  1.0567
      Cm = -0.0710     CD =  0.01453   =>   CDf =  0.00757    CDp =  0.00697

 Side 1  free  transition at x/c =  0.3842   56
 Side 2 forced transition at x/c =  1.0000   74

 185   rms: 0.8128E-02   max: -.1159E+00   C at   56  1
       a =  6.500      CL =  1.0567
      Cm = -0.0710     CD =  0.01453   =>   CDf =  0.00757    CDp =  0.00697

 Side 1  free  transition at x/c =  0.3842   56
 Side 2 forced transition at x/c =  1.0000   74

 186   rms: 0.8128E-02   max: -.1159E+00   C at   56  1
       a =  6.500      CL =  1.0567
      Cm = -0.0710     CD =  0.01453   =>   CDf =  0.00757    CDp =  0.00697

 Side 1  free  transition at x/c =  0.3842   56
 Side 2 forced transition at x/c =  1.0000   74

 187   rms: 0.8128E-02   max: -.1159E+00   C at   56  1
       a =  6.500      CL =  1.0567
      Cm = -0.0710     CD =  0.01453   =>   CDf =  0.00757    CDp =  0.00697

 Side 1  free  transition at x/c =  0.3842   56
 Side 2 forced transition at x/c =  1.0000   74

 188   rms: 0.8128E-02   max: -.1159E+00   C at   56  1
       a =  6.500      CL =  1.0567
      Cm = -0.0710     CD =  0.01453   =>   CDf =  0.00757    CDp =  0.00697

 Side 1  free  transition at x/c =  0.3842   56
 Side 2 forced transition at x/c =  1.0000   74

 189   rms: 0.8128E-02   max: -.1159E+00   C at   56  1
       a =  6.500      CL =  1.0567
      Cm = -0.0710     CD =  0.01453   =>   CDf =  0.00757    CDp =  0.00697

 Side 1  free  transition at x/c =  0.3842   56
 Side 2 forced transition at x/c =  1.0000   74

 190   rms: 0.8128E-02   max: -.1159E+00   C at   56  1
       a =  6.500      CL =  1.0567
      Cm = -0.0710     CD =  0.01453   =>   CDf =  0.00757    CDp =  0.00697

 Side 1  free  transition at x/c =  0.3842   56
 Side 2 forced transition at x/c =  1.0000   74

 191   rms: 0.8128E-02   max: -.1159E+00   C at   56  1
       a =  6.500      CL =  1.0567
      Cm = -0.0710     CD =  0.01453   =>   CDf =  0.00757    CDp =  0.00697

 Side 1  free  transition at x/c =  0.3842   56
 Side 2 forced transition at x/c =  1.0000   74

 192   rms: 0.8128E-02   max: -.1159E+00   C at   56  1
       a =  6.500      CL =  1.0567
      Cm = -0.0710     CD =  0.01453   =>   CDf =  0.00757    CDp =  0.00697

 Side 1  free  transition at x/c =  0.3842   56
 Side 2 forced transition at x/c =  1.0000   74

 193   rms: 0.8128E-02   max: -.1159E+00   C at   56  1
       a =  6.500      CL =  1.0567
      Cm = -0.0710     CD =  0.01453   =>   CDf =  0.00757    CDp =  0.00697

 Side 1  free  transition at x/c =  0.3842   56
 Side 2 forced transition at x/c =  1.0000   74

 194   rms: 0.8128E-02   max: -.1159E+00   C at   56  1
       a =  6.500      CL =  1.0567
      Cm = -0.0710     CD =  0.01453   =>   CDf =  0.00757    CDp =  0.00697

 Side 1  free  transition at x/c =  0.3842   56
 Side 2 forced transition at x/c =  1.0000   74

 195   rms: 0.8128E-02   max: -.1159E+00   C at   56  1
       a =  6.500      CL =  1.0567
      Cm = -0.0710     CD =  0.01453   =>   CDf =  0.00757    CDp =  0.00697

 Side 1  free  transition at x/c =  0.3842   56
 Side 2 forced transition at x/c =  1.0000   74

 196   rms: 0.8128E-02   max: -.1159E+00   C at   56  1
       a =  6.500      CL =  1.0567
      Cm = -0.0710     CD =  0.01453   =>   CDf =  0.00757    CDp =  0.00697

 Side 1  free  transition at x/c =  0.3842   56
 Side 2 forced transition at x/c =  1.0000   74

 197   rms: 0.8128E-02   max: -.1159E+00   C at   56  1
       a =  6.500      CL =  1.0567
      Cm = -0.0710     CD =  0.01453   =>   CDf =  0.00757    CDp =  0.00697

 Side 1  free  transition at x/c =  0.3842   56
 Side 2 forced transition at x/c =  1.0000   74

 198   rms: 0.8128E-02   max: -.1159E+00   C at   56  1
       a =  6.500      CL =  1.0567
      Cm = -0.0710     CD =  0.01453   =>   CDf =  0.00757    CDp =  0.00697

 Side 1  free  transition at x/c =  0.3842   56
 Side 2 forced transition at x/c =  1.0000   74

 199   rms: 0.8128E-02   max: -.1159E+00   C at   56  1
       a =  6.500      CL =  1.0567
      Cm = -0.0710     CD =  0.01453   =>   CDf =  0.00757    CDp =  0.00697

 Side 1  free  transition at x/c =  0.3842   56
 Side 2 forced transition at x/c =  1.0000   74

 200   rms: 0.8128E-02   max: -.1159E+00   C at   56  1
       a =  6.500      CL =  1.0567
      Cm = -0.0710     CD =  0.01453   =>   CDf =  0.00757    CDp =  0.00697

 Side 1  free  transition at x/c =  0.3842   56
 Side 2 forced transition at x/c =  1.0000   74

 201   rms: 0.8128E-02   max: -.1159E+00   C at   56  1
       a =  6.500      CL =  1.0567
      Cm = -0.0710     CD =  0.01453   =>   CDf =  0.00757    CDp =  0.00697

 Side 1  free  transition at x/c =  0.3842   56
 Side 2 forced transition at x/c =  1.0000   74

 202   rms: 0.8128E-02   max: -.1159E+00   C at   56  1
       a =  6.500      CL =  1.0567
      Cm = -0.0710     CD =  0.01453   =>   CDf =  0.00757    CDp =  0.00697

 Side 1  free  transition at x/c =  0.3842   56
 Side 2 forced transition at x/c =  1.0000   74

 203   rms: 0.8128E-02   max: -.1159E+00   C at   56  1
       a =  6.500      CL =  1.0567
      Cm = -0.0710     CD =  0.01453   =>   CDf =  0.00757    CDp =  0.00697

 Side 1  free  transition at x/c =  0.3842   56
 Side 2 forced transition at x/c =  1.0000   74

 204   rms: 0.8128E-02   max: -.1159E+00   C at   56  1
       a =  6.500      CL =  1.0567
      Cm = -0.0710     CD =  0.01453   =>   CDf =  0.00757    CDp =  0.00697

 Side 1  free  transition at x/c =  0.3842   56
 Side 2 forced transition at x/c =  1.0000   74

 205   rms: 0.8128E-02   max: -.1159E+00   C at   56  1
       a =  6.500      CL =  1.0567
      Cm = -0.0710     CD =  0.01453   =>   CDf =  0.00757    CDp =  0.00697
 VISCAL:  Convergence failed
      9.000    5.4165   0.014534   0.003304   0.004154   0.000850    0.3842     #
 Calculating wake trajectory ...
 Calculating source influence matrix ...

 Solving BL system ...

 Side 1  free  transition at x/c =  0.3842   56
 Side 2 forced transition at x/c =  1.0000   74

   1   rms: 0.4159E-01   max: -.3222E+00   C at   56  1
       a =  6.750      CL =  1.0802
      Cm = -0.0702     CD =  0.01470   =>   CDf =  0.00737    CDp =  0.00732

 Side 1  free  transition at x/c =  0.3721   57
 Side 2 forced transition at x/c =  1.0000   73

   2   rms: 0.6106E-02   max: -.5515E-01   C at   57  1
       a =  6.750      CL =  1.0805
      Cm = -0.0703     CD =  0.01483   =>   CDf =  0.00745    CDp =  0.00738

 Side 1  free  transition at x/c =  0.3737   57
 Side 2 forced transition at x/c =  1.0000   73

   3   rms: 0.5753E-03   max: -.6162E-02   D at    4  1
       a =  6.750      CL =  1.0806
      Cm = -0.0703     CD =  0.01484   =>   CDf =  0.00740    CDp =  0.00744

 Side 1  free  transition at x/c =  0.3736   57
 Side 2 forced transition at x/c =  1.0000   73

   4   rms: 0.9720E-06   max: -.1202E-04   D at   59  1
       a =  6.750      CL =  1.0806
      Cm = -0.0703     CD =  0.01484   =>   CDf =  0.00740    CDp =  0.00744
      9.000    5.5508   0.014843   0.003337   0.004254   0.000916    0.3736     #

 Point added to stored polar  1
 Point written to save file  clarky_re214862_clean.polar                     
 Dump file unspecified or not available
 Calculating wake trajectory ...
 Calculating source influence matrix ...

 Solving BL system ...

 Side 1  free  transition at x/c =  0.3736   57
 Side 2 forced transition at x/c =  1.0000   73

   1   rms: 0.4059E-01   max: -.5963E-01   C at   73  2
       a =  7.000      CL =  1.1034
      Cm = -0.0695     CD =  0.01524   =>   CDf =  0.00741    CDp =  0.00784

 Side 1  free  transition at x/c =  0.3635   56
 Side 2 forced transition at x/c =  1.0000   73

   2   rms: 0.4355E-02   max: -.4935E-01   C at   56  1
       a =  7.000      CL =  1.1032
      Cm = -0.0695     CD =  0.01528   =>   CDf =  0.00749    CDp =  0.00779

 Side 1  free  transition at x/c =  0.3638   56
 Side 2 forced transition at x/c =  1.0000   73

   3   rms: 0.1388E-03   max: 0.8543E-03   T at   56  1
       a =  7.000      CL =  1.1034
      Cm = -0.0695     CD =  0.01529   =>   CDf =  0.00746    CDp =  0.00783

 Side 1  free  transition at x/c =  0.3637   56
 Side 2 forced transition at x/c =  1.0000   73

   4   rms: 0.1539E-05   max: -.8145E-05   C at   73  2
       a =  7.000      CL =  1.1034
      Cm = -0.0695     CD =  0.01529   =>   CDf =  0.00746    CDp =  0.00783
      9.000    5.5856   0.015285   0.003376   0.004315   0.000939    0.3637     #

 Point added to stored polar  1
 Point written to save file  clarky_re214862_clean.polar                     
 Dump file unspecified or not available
 Calculating wake trajectory ...
 Calculating source influence matrix ...

 Solving BL system ...

 Side 1  free  transition at x/c =  0.3637   56
 Side 2 forced transition at x/c =  1.0000   73

   1   rms: 0.3936E-01   max: 0.1511E+00   T at   56  1
       a =  7.250      CL =  1.1269
      Cm = -0.0688     CD =  0.01555   =>   CDf =  0.00746    CDp =  0.00809

 Side 1  free  transition at x/c =  0.3518   56
 Side 2 forced transition at x/c =  1.0000   73

   2   rms: 0.7454E-02   max: -.8667E-01   D at   56  1
       a =  7.250      CL =  1.1260
      Cm = -0.0687     CD =  0.01562   =>   CDf =  0.00746    CDp =  0.00815

 Side 1  free  transition at x/c =  0.3535   56
 Side 2 forced transition at x/c =  1.0000   73

   3   rms: 0.3817E-03   max: -.4066E-02   D at   57  1
       a =  7.250      CL =  1.1263
      Cm = -0.0688     CD =  0.01563   =>   CDf =  0.00741    CDp =  0.00822

 Side 1  free  transition at x/c =  0.3533   56
 Side 2 forced transition at x/c =  1.0000   73

   4   rms: 0.1404E-05   max: -.1324E-04   D at   56  1
       a =  7.250      CL =  1.1263
      Cm = -0.0688     CD =  0.01563   =>   CDf =  0.00741    CDp =  0.00822
      9.000    5.6601   0.015627   0.003413   0.004393   0.000980    0.3533     #

 Point added to stored polar  1
 Point written to save file  clarky_re214862_clean.polar                     
 Dump file unspecified or not available
 Calculating wake trajectory ...
 Calculating source influence matrix ...

 Solving BL system ...

 Side 1  free  transition at x/c =  0.3533   56
 Side 2 forced transition at x/c =  1.0000   73

   1   rms: 0.4087E-01   max: 0.1610E+00   T at   56  1
       a =  7.500      CL =  1.1486
      Cm = -0.0679     CD =  0.01608   =>   CDf =  0.00720    CDp =  0.00888

 Side 1  free  transition at x/c =  0.3439   56
 Side 2 forced transition at x/c =  1.0000   72

   2   rms: 0.5444E-02   max: -.6049E-01   D at   56  1
       a =  7.500      CL =  1.1486
      Cm = -0.0679     CD =  0.01606   =>   CDf =  0.00746    CDp =  0.00861

 Side 1  free  transition at x/c =  0.3437   56
 Side 2 forced transition at x/c =  1.0000   72

   3   rms: 0.5923E-03   max: -.6823E-02   D at    4  1
       a =  7.500      CL =  1.1488
      Cm = -0.0679     CD =  0.01607   =>   CDf =  0.00741    CDp =  0.00865

 Side 1  free  transition at x/c =  0.3436   56
 Side 2 forced transition at x/c =  1.0000   72

   4   rms: 0.2109E-05   max: -.1057E-04   C at   72  2
       a =  7.500      CL =  1.1488
      Cm = -0.0679     CD =  0.01607   =>   CDf =  0.00741    CDp =  0.00865
      9.000    5.6717   0.016066   0.003452   0.004449   0.000998    0.3436     #

 Point added to stored polar  1
 Point written to save file  clarky_re214862_clean.polar                     
 Dump file unspecified or not available
 Calculating wake trajectory ...
 Calculating source influence matrix ...

 Solving BL system ...

 Side 1  free  transition at x/c =  0.3436   56
 Side 2 forced transition at x/c =  1.0000   72

   1   rms: 0.3915E-01   max: 0.1616E+00   T at   56  1
       a =  7.750      CL =  1.1715
      Cm = -0.0671     CD =  0.01635   =>   CDf =  0.00742    CDp =  0.00894

 Side 1  free  transition at x/c =  0.3317   56
 Side 2 forced transition at x/c =  1.0000   72

   2   rms: 0.8758E-02   max: -.1036E+00   D at   56  1
       a =  7.750      CL =  1.1705
      Cm = -0.0670     CD =  0.01642   =>   CDf =  0.00744    CDp =  0.00899

 Side 1  free  transition at x/c =  0.3334   56
 Side 2 forced transition at x/c =  1.0000   72

   3   rms: 0.4985E-03   max: -.5553E-02   D at   57  1
       a =  7.750      CL =  1.1709
      Cm = -0.0670     CD =  0.01644   =>   CDf =  0.00737    CDp =  0.00907

 Side 1  free  transition at x/c =  0.3333   56
 Side 2 forced transition at x/c =  1.0000   72

   4   rms: 0.2347E-05   max: -.2485E-04   D at   57  1
       a =  7.750      CL =  1.1709
      Cm = -0.0670     CD =  0.01644   =>   CDf =  0.00738    CDp =  0.00906
      9.000    5.6092   0.016438   0.003493   0.004505   0.001012    0.3333     #

 Point added to stored polar  1
 Point written to save file  clarky_re214862_clean.polar                     
 Dump file unspecified or not available
 Calculating wake trajectory ...
 Calculating source influence matrix ...

 Solving BL system ...

 Side 1  free  transition at x/c =  0.3333   56
 Side 2 forced transition at x/c =  1.0000   72

   1   rms: 0.4151E-01   max: 0.1802E+00   T at   56  1
       a =  8.000      CL =  1.1924
      Cm = -0.0661     CD =  0.01694   =>   CDf =  0.00738    CDp =  0.00956

 Side 1  free  transition at x/c =  0.3229   55
 Side 2 forced transition at x/c =  1.0000   72

   2   rms: 0.8661E-02   max: -.1046E+00   D at   55  1
       a =  8.000      CL =  1.1920
      Cm = -0.0660     CD =  0.01684   =>   CDf =  0.00740    CDp =  0.00944

 Side 1  free  transition at x/c =  0.3226   55
 Side 2 forced transition at x/c =  1.0000   72

   3   rms: 0.4234E-03   max: 0.2760E-02   T at   55  1
       a =  8.000      CL =  1.1924
      Cm = -0.0661     CD =  0.01684   =>   CDf =  0.00734    CDp =  0.00950

 Side 1  free  transition at x/c =  0.3224   55
 Side 2 forced transition at x/c =  1.0000   72

   4   rms: 0.2690E-05   max: -.1565E-04   C at   55  1
       a =  8.000      CL =  1.1924
      Cm = -0.0661     CD =  0.01684   =>   CDf =  0.00734    CDp =  0.00950
      9.000    5.5254   0.016844   0.003537   0.004523   0.000985    0.3224     #

 Point added to stored polar  1
 Point written to save file  clarky_re214862_clean.polar                     
 Dump file unspecified or not available
 Calculating wake trajectory ...
 Calculating source influence matrix ...

 Solving BL system ...

 Side 1  free  transition at x/c =  0.3224   55
 Side 2 forced transition at x/c =  1.0000   72

   1   rms: 0.3963E-01   max: 0.1965E+00   T at   55  1
       a =  8.250      CL =  1.2135
      Cm = -0.0650     CD =  0.01714   =>   CDf =  0.00712    CDp =  0.01003

 Side 1  free  transition at x/c =  0.3082   55
 Side 2 forced transition at x/c =  1.0000   71

   2   rms: 0.9562E-02   max: -.8658E-01   D at   56  1
       a =  8.250      CL =  1.2121
      Cm = -0.0648     CD =  0.01732   =>   CDf =  0.00743    CDp =  0.00989

 Side 1  free  transition at x/c =  0.3099   55
 Side 2 forced transition at x/c =  1.0000   71

   3   rms: 0.5518E-02   max: -.6824E-01   C at   55  1
       a =  8.250      CL =  1.2122
      Cm = -0.0648     CD =  0.01733   =>   CDf =  0.00745    CDp =  0.00988

 Side 1  free  transition at x/c =  0.3102   55
 Side 2 forced transition at x/c =  1.0000   71

   4   rms: 0.2639E-03   max: 0.2032E-02   T at   55  1
       a =  8.250      CL =  1.2124
      Cm = -0.0649     CD =  0.01733   =>   CDf =  0.00740    CDp =  0.00993

 Side 1  free  transition at x/c =  0.3101   55
 Side 2 forced transition at x/c =  1.0000   71

   5   rms: 0.3375E-05   max: -.1518E-04   C at   71  2
       a =  8.250      CL =  1.2124
      Cm = -0.0649     CD =  0.01733   =>   CDf =  0.00740    CDp =  0.00993
      9.000    5.2952   0.017327   0.003590   0.004506   0.000916    0.3101     #

 Point added to stored polar  1
 Point written to save file  clarky_re214862_clean.polar                     
 Dump file unspecified or not available
 Calculating wake trajectory ...
 Calculating source influence matrix ...

 Solving BL system ...

 Side 1  free  transition at x/c =  0.3101   55
 Side 2 forced transition at x/c =  1.0000   71

   1   rms: 0.4124E-01   max: -.2884E+00   C at   55  1
       a =  8.500      CL =  1.2328
      Cm = -0.0636     CD =  0.01743   =>   CDf =  0.00740    CDp =  0.01003

 Side 1  free  transition at x/c =  0.2933   55
 Side 2 forced transition at x/c =  1.0000   71

   2   rms: 0.1493E-01   max: -.1540E+00   D at   55  1
       a =  8.500      CL =  1.2310
      Cm = -0.0634     CD =  0.01758   =>   CDf =  0.00739    CDp =  0.01019

 Side 1  free  transition at x/c =  0.2966   55
 Side 2 forced transition at x/c =  1.0000   71

   3   rms: 0.1819E-02   max: -.1912E-01   D at   56  1
       a =  8.500      CL =  1.2319
      Cm = -0.0636     CD =  0.01762   =>   CDf =  0.00728    CDp =  0.01034

 Side 1  free  transition at x/c =  0.2961   55
 Side 2 forced transition at x/c =  1.0000   71

   4   rms: 0.2888E-04   max: -.2112E-03   D at   55  1
       a =  8.500      CL =  1.2319
      Cm = -0.0636     CD =  0.01763   =>   CDf =  0.00729    CDp =  0.01034
      9.000    5.0075   0.017626   0.003642   0.004444   0.000803    0.2961     #

 Point added to stored polar  1
 Point written to save file  clarky_re214862_clean.polar                     
 Dump file unspecified or not available
 Calculating wake trajectory ...
 Calculating source influence matrix ...

 Solving BL system ...

 Side 1  free  transition at x/c =  0.2961   55
 Side 2 forced transition at x/c =  1.0000   71

   1   rms: 0.4325E-01   max: -.2449E+00   D at   56  1
       a =  8.750      CL =  1.2497
      Cm = -0.0620     CD =  0.01817   =>   CDf =  0.00729    CDp =  0.01088

 Side 1  free  transition at x/c =  0.2831   54
 Side 2 forced transition at x/c =  1.0000   71

   2   rms: 0.1117E-01   max: -.1360E+00   D at   54  1
       a =  8.750      CL =  1.2504
      Cm = -0.0621     CD =  0.01796   =>   CDf =  0.00727    CDp =  0.01069

 Side 1  free  transition at x/c =  0.2813   54
 Side 2 forced transition at x/c =  1.0000   71

   3   rms: 0.6619E-03   max: -.3729E-02   D at   73  2
       a =  8.750      CL =  1.2507
      Cm = -0.0622     CD =  0.01800   =>   CDf =  0.00723    CDp =  0.01076

 Side 1  free  transition at x/c =  0.2812   54
 Side 2 forced transition at x/c =  1.0000   71

   4   rms: 0.6511E-05   max: 0.2169E-04   D at   89  1
       a =  8.750      CL =  1.2507
      Cm = -0.0622     CD =  0.01800   =>   CDf =  0.00724    CDp =  0.01076
      9.000    4.6910   0.017999   0.003698   0.004331   0.000633    0.2812     #

 Point added to stored polar  1
 Point written to save file  clarky_re214862_clean.polar                     
 Dump file unspecified or not available
 Calculating wake trajectory ...
 Calculating source influence matrix ...

 Solving BL system ...

 Side 1  free  transition at x/c =  0.2812   54
 Side 2 forced transition at x/c =  1.0000   71

   1   rms: 0.4144E-01   max: -.2138E+00   D at   55  1
       a =  9.000      CL =  1.2684
      Cm = -0.0606     CD =  0.01842   =>   CDf =  0.00700    CDp =  0.01143

 Side 1  free  transition at x/c =  0.2659   54
 Side 2 forced transition at x/c =  1.0000   70

   2   rms: 0.9609E-02   max: -.1180E+00   D at   54  1
       a =  9.000      CL =  1.2683
      Cm = -0.0606     CD =  0.01838   =>   CDf =  0.00724    CDp =  0.01114

 Side 1  free  transition at x/c =  0.2653   54
 Side 2 forced transition at x/c =  1.0000   70

   3   rms: 0.1138E-02   max: -.1263E-01   D at    4  1
       a =  9.000      CL =  1.2686
      Cm = -0.0607     CD =  0.01840   =>   CDf =  0.00719    CDp =  0.01121

 Side 1  free  transition at x/c =  0.2651   54
 Side 2 forced transition at x/c =  1.0000   70

   4   rms: 0.1719E-04   max: 0.1654E-03   D at    4  1
       a =  9.000      CL =  1.2686
      Cm = -0.0606     CD =  0.01840   =>   CDf =  0.00719    CDp =  0.01121
      9.000    4.3561   0.018401   0.003766   0.004161   0.000395    0.2651     #

 Point added to stored polar  1
 Point written to save file  clarky_re214862_clean.polar                     
 Dump file unspecified or not available
 Calculating wake trajectory ...
 Calculating source influence matrix ...

 Solving BL system ...

 Side 1  free  transition at x/c =  0.2651   54
 Side 2 forced transition at x/c =  1.0000   70

   1   rms: 0.4121E-01   max: -.2029E+00   D at   55  1
       a =  9.250      CL =  1.2859
      Cm = -0.0591     CD =  0.01881   =>   CDf =  0.00720    CDp =  0.01161

 Side 1  free  transition at x/c =  0.2464   53
 Side 2 forced transition at x/c =  1.0000   70

   2   rms: 0.8902E-02   max: -.1265E+00   D at   53  1
       a =  9.250      CL =  1.2849
      Cm = -0.0589     CD =  0.01882   =>   CDf =  0.00722    CDp =  0.01161

 Side 1  free  transition at x/c =  0.2468   53
 Side 2 forced transition at x/c =  1.0000   70

   3   rms: 0.8312E-03   max: 0.1050E-01   C at   53  1
       a =  9.250      CL =  1.2852
      Cm = -0.0590     CD =  0.01884   =>   CDf =  0.00717    CDp =  0.01167

 Side 1  free  transition at x/c =  0.2464   53
 Side 2 forced transition at x/c =  1.0000   70

   4   rms: 0.8113E-05   max: -.5880E-04   C at   53  1
       a =  9.250      CL =  1.2852
      Cm = -0.0590     CD =  0.01884   =>   CDf =  0.00718    CDp =  0.01167
      9.000    3.9965   0.018842   0.000000   0.000000   0.000000    0.2464     #

 Point added to stored polar  1
 Point written to save file  clarky_re214862_clean.polar                     
 Dump file unspecified or not available
 Calculating wake trajectory ...
 Calculating source influence matrix ...

 Solving BL system ...

 Side 1  free  transition at x/c =  0.2464   53
 Side 2 forced transition at x/c =  1.0000   70

   1   rms: 0.4212E-01   max: -.2395E+00   D at   54  1
       a =  9.500      CL =  1.3007
      Cm = -0.0571     CD =  0.01935   =>   CDf =  0.00718    CDp =  0.01217

 Side 1  free  transition at x/c =  0.2251   52
 Side 2 forced transition at x/c =  1.0000   70

   2   rms: 0.8797E-02   max: -.1426E+00   D at   52  1
       a =  9.500      CL =  1.2990
      Cm = -0.0568     CD =  0.01936   =>   CDf =  0.00722    CDp =  0.01214

 Side 1  free  transition at x/c =  0.2253   52
 Side 2 forced transition at x/c =  1.0000   70

   3   rms: 0.8585E-03   max: 0.1276E-01   C at   52  1
       a =  9.500      CL =  1.2991
      Cm = -0.0569     CD =  0.01939   =>   CDf =  0.00720    CDp =  0.01219

 Side 1  free  transition at x/c =  0.2249   52
 Side 2 forced transition at x/c =  1.0000   70

   4   rms: 0.1023E-04   max: -.6881E-04   C at   70  2
       a =  9.500      CL =  1.2991
      Cm = -0.0569     CD =  0.01939   =>   CDf =  0.00721    CDp =  0.01218
      9.000    3.7339   0.019389   0.000000   0.000000   0.000000    0.2249     #

 Point added to stored polar  1
 Point written to save file  clarky_re214862_clean.polar                     
 Dump file unspecified or not available
 Calculating wake trajectory ...
 Calculating source influence matrix ...

 Solving BL system ...

 Side 1  free  transition at x/c =  0.2249   52
 Side 2 forced transition at x/c =  1.0000   70

   1   rms: 0.4489E-01   max: 0.3559E+00   C at   52  1
       a =  9.750      CL =  1.3081
      Cm = -0.0541     CD =  0.02014   =>   CDf =  0.00721    CDp =  0.01293

 Side 1  free  transition at x/c =  0.2029   50
 Side 2 forced transition at x/c =  1.0000   70

   2   rms: 0.7702E-02   max: 0.8055E-01   D at   51  1
       a =  9.750      CL =  1.3107
      Cm = -0.0545     CD =  0.02007   =>   CDf =  0.00728    CDp =  0.01279

 Side 1  free  transition at x/c =  0.2002   50
 Side 2 forced transition at x/c =  1.0000   70

   3   rms: 0.1420E-03   max: -.1165E-02   C at   50  1
       a =  9.750      CL =  1.3106
      Cm = -0.0545     CD =  0.02008   =>   CDf =  0.00728    CDp =  0.01281

 Side 1  free  transition at x/c =  0.2002   50
 Side 2 forced transition at x/c =  1.0000   70

   4   rms: 0.1004E-05   max: 0.6660E-05   C at   50  1
       a =  9.750      CL =  1.3106
      Cm = -0.0545     CD =  0.02008   =>   CDf =  0.00728    CDp =  0.01281
      9.000    3.9255   0.020082   0.000000   0.000000   0.000000    0.2002     #

 Point added to stored polar  1
 Point written to save file  clarky_re214862_clean.polar                     
 Dump file unspecified or not available
 Calculating wake trajectory ...
 Calculating source influence matrix ...

 Solving BL system ...

 Side 1  free  transition at x/c =  0.2002   50
 Side 2 forced transition at x/c =  1.0000   70

   1   rms: 0.4531E-01   max: 0.4761E+00   C at   50  1
       a = 10.000      CL =  1.3223
      Cm = -0.0522     CD =  0.02088   =>   CDf =  0.00700    CDp =  0.01387

 Side 1  free  transition at x/c =  0.1741   49
 Side 2 forced transition at x/c =  1.0000   69

   2   rms: 0.8686E-02   max: -.1316E+00   C at   49  1
       a = 10.000      CL =  1.3179
      Cm = -0.0517     CD =  0.02107   =>   CDf =  0.00747    CDp =  0.01360

 Side 1  free  transition at x/c =  0.1769   50
 Side 2 forced transition at x/c =  1.0000   69

   3   rms: 0.5858E-02   max: -.7884E-01   C at   50  1
       a = 10.000      CL =  1.3190
      Cm = -0.0519     CD =  0.02101   =>   CDf =  0.00745    CDp =  0.01356

 Side 1  free  transition at x/c =  0.1774   50
 Side 2 forced transition at x/c =  1.0000   69

   4   rms: 0.6122E-03   max: 0.9858E-02   C at   50  1
       a = 10.000      CL =  1.3189
      Cm = -0.0518     CD =  0.02103   =>   CDf =  0.00740    CDp =  0.01363

 Side 1  free  transition at x/c =  0.1772   50
 Side 2 forced transition at x/c =  1.0000   69

   5   rms: 0.1148E-04   max: 0.5458E-04   D at   92  1
       a = 10.000      CL =  1.3189
      Cm = -0.0518     CD =  0.02103   =>   CDf =  0.00741    CDp =  0.01363
      9.000    4.1310   0.021032   0.002830   0.003468   0.000637    0.1772     #

 Point added to stored polar  1
 Point written to save file  clarky_re214862_clean.polar                     
 Dump file unspecified or not available
 Calculating wake trajectory ...
 Calculating source influence matrix ...

 Solving BL system ...

 Side 1  free  transition at x/c =  0.1772   50
 Side 2 forced transition at x/c =  1.0000   69

   1   rms: 0.4863E-01   max: 0.4812E+00   C at   50  1
       a = 10.250      CL =  1.3244
      Cm = -0.0489     CD =  0.02225   =>   CDf =  0.00741    CDp =  0.01484

 Side 1  free  transition at x/c =  0.1611   48
 Side 2 forced transition at x/c =  1.0000   69

   2   rms: 0.8369E-02   max: 0.1070E+00   D at   49  1
       a = 10.250      CL =  1.3276
      Cm = -0.0494     CD =  0.02206   =>   CDf =  0.00750    CDp =  0.01456

 Side 1  free  transition at x/c =  0.1599   48
 Side 2 forced transition at x/c =  1.0000   69

   3   rms: 0.4056E-03   max: 0.7320E-02   C at   48  1
       a = 10.250      CL =  1.3276
      Cm = -0.0494     CD =  0.02206   =>   CDf =  0.00749    CDp =  0.01458

 Side 1  free  transition at x/c =  0.1597   48
 Side 2 forced transition at x/c =  1.0000   69

   4   rms: 0.6995E-05   max: -.3703E-04   C at   48  1
       a = 10.250      CL =  1.3276
      Cm = -0.0494     CD =  0.02206   =>   CDf =  0.00749    CDp =  0.01458
      9.000    4.3379   0.022065   0.019107   0.003526  -0.015581    0.1597     #

 Point added to stored polar  1
 Point written to save file  clarky_re214862_clean.polar                     
 Dump file unspecified or not available
 Calculating wake trajectory ...
 Calculating source influence matrix ...

 Solving BL system ...

 Side 1  free  transition at x/c =  0.1597   48
 Side 2 forced transition at x/c =  1.0000   69

   1   rms: 0.3963E-01   max: 0.2650E+00   C at   48  1
       a = 10.500      CL =  1.3410
      Cm = -0.0476     CD =  0.02295   =>   CDf =  0.00749    CDp =  0.01546

 Side 1  free  transition at x/c =  0.1442   47
 Side 2 forced transition at x/c =  1.0000   69

   2   rms: 0.8698E-02   max: -.1173E+00   C at   47  1
       a = 10.500      CL =  1.3364
      Cm = -0.0471     CD =  0.02313   =>   CDf =  0.00757    CDp =  0.01556

 Side 1  free  transition at x/c =  0.1469   47
 Side 2 forced transition at x/c =  1.0000   69

   3   rms: 0.4474E-03   max: -.4452E-02   D at   47  1
       a = 10.500      CL =  1.3366
      Cm = -0.0471     CD =  0.02313   =>   CDf =  0.00753    CDp =  0.01560

 Side 1  free  transition at x/c =  0.1468   47
 Side 2 forced transition at x/c =  1.0000   69

   4   rms: 0.2691E-05   max: 0.3622E-04   C at   47  1
       a = 10.500      CL =  1.3366
      Cm = -0.0471     CD =  0.02313   =>   CDf =  0.00753    CDp =  0.01560
      9.000    4.5295   0.023131   0.019402   0.003542  -0.015860    0.1468     #

 Point added to stored polar  1
 Point written to save file  clarky_re214862_clean.polar                     
 Dump file unspecified or not available
 Calculating wake trajectory ...
 Calculating source influence matrix ...

 Solving BL system ...

 Side 1  free  transition at x/c =  0.1468   47
 Side 2 forced transition at x/c =  1.0000   69

   1   rms: 0.3781E-01   max: 0.1420E+00   T at   47  1
       a = 10.750      CL =  1.3510
      Cm = -0.0455     CD =  0.02398   =>   CDf =  0.00753    CDp =  0.01645

 Side 1  free  transition at x/c =  0.1329   46
 Side 2 forced transition at x/c =  1.0000   69

   2   rms: 0.9923E-02   max: -.1071E+00   C at   46  1
       a = 10.750      CL =  1.3448
      Cm = -0.0449     CD =  0.02426   =>   CDf =  0.00760    CDp =  0.01666

 Side 1  free  transition at x/c =  0.1354   46
 Side 2 forced transition at x/c =  1.0000   69

   3   rms: 0.6785E-02   max: -.1180E+00   C at   46  1
       a = 10.750      CL =  1.3446
      Cm = -0.0449     CD =  0.02427   =>   CDf =  0.00762    CDp =  0.01665

 Side 1  free  transition at x/c =  0.1355   47
 Side 2 forced transition at x/c =  1.0000   69

   4   rms: 0.6363E-02   max: -.7811E-01   D at   46  1
       a = 10.750      CL =  1.3454
      Cm = -0.0449     CD =  0.02422   =>   CDf =  0.00761    CDp =  0.01661

 Side 1  free  transition at x/c =  0.1360   47
 Side 2 forced transition at x/c =  1.0000   69

   5   rms: 0.7148E-03   max: 0.8757E-02   C at   47  1
       a = 10.750      CL =  1.3454
      Cm = -0.0449     CD =  0.02424   =>   CDf =  0.00755    CDp =  0.01669

 Side 1  free  transition at x/c =  0.1358   47
 Side 2 forced transition at x/c =  1.0000   69

   6   rms: 0.2385E-04   max: 0.1092E-03   D at   89  1
       a = 10.750      CL =  1.3454
      Cm = -0.0449     CD =  0.02424   =>   CDf =  0.00755    CDp =  0.01669
      9.000    4.6617   0.024241   0.019679   0.003548  -0.016132    0.1358     #

 Point added to stored polar  1
 Point written to save file  clarky_re214862_clean.polar                     
 Dump file unspecified or not available
 Calculating wake trajectory ...
 Calculating source influence matrix ...

 Solving BL system ...

 Side 1  free  transition at x/c =  0.1358   47
 Side 2 forced transition at x/c =  1.0000   69

   1   rms: 0.4241E-01   max: 0.2136E+00   C at   47  1
       a = 11.000      CL =  1.3508
      Cm = -0.0425     CD =  0.02569   =>   CDf =  0.00722    CDp =  0.01846

 Side 1  free  transition at x/c =  0.1273   47
 Side 2 forced transition at x/c =  1.0000   68

   2   rms: 0.1328E-01   max: -.1605E+00   D at   47  1
       a = 11.000      CL =  1.3567
      Cm = -0.0432     CD =  0.02518   =>   CDf =  0.00750    CDp =  0.01769

 Side 1  free  transition at x/c =  0.1260   47
 Side 2 forced transition at x/c =  1.0000   68

   3   rms: 0.9649E-03   max: -.8335E-02   D at    4  1
       a = 11.000      CL =  1.3561
      Cm = -0.0431     CD =  0.02527   =>   CDf =  0.00752    CDp =  0.01775

 Side 1  free  transition at x/c =  0.1260   47
 Side 2 forced transition at x/c =  1.0000   68

   4   rms: 0.4765E-05   max: 0.1576E-04   D at   74  2
       a = 11.000      CL =  1.3561
      Cm = -0.0431     CD =  0.02527   =>   CDf =  0.00752    CDp =  0.01775
      9.000    4.8084   0.025269   0.019901   0.003572  -0.016330    0.1260     #

 Point added to stored polar  1
 Point written to save file  clarky_re214862_clean.polar                     
 Dump file unspecified or not available
 Calculating wake trajectory ...
 Calculating source influence matrix ...

 Solving BL system ...

 Side 1  free  transition at x/c =  0.1260   47
 Side 2 forced transition at x/c =  1.0000   68

   1   rms: 0.4089E-01   max: 0.2090E+00   C at   47  1
       a = 11.250      CL =  1.3634
      Cm = -0.0410     CD =  0.02662   =>   CDf =  0.00752    CDp =  0.01910

 Side 1  free  transition at x/c =  0.1171   46
 Side 2 forced transition at x/c =  1.0000   68

   2   rms: 0.1112E-01   max: -.1511E+00   D at   46  1
       a = 11.250      CL =  1.3666
      Cm = -0.0414     CD =  0.02630   =>   CDf =  0.00750    CDp =  0.01880

 Side 1  free  transition at x/c =  0.1166   46
 Side 2 forced transition at x/c =  1.0000   68

   3   rms: 0.6472E-03   max: 0.7048E-02   C at   46  1
       a = 11.250      CL =  1.3662
      Cm = -0.0413     CD =  0.02636   =>   CDf =  0.00749    CDp =  0.01887

 Side 1  free  transition at x/c =  0.1165   46
 Side 2 forced transition at x/c =  1.0000   68

   4   rms: 0.1373E-04   max: 0.6249E-04   D at   89  1
       a = 11.250      CL =  1.3662
      Cm = -0.0413     CD =  0.02636   =>   CDf =  0.00749    CDp =  0.01887
      9.000    5.0521   0.026361   0.020094   0.003560  -0.016534    0.1165     #

 Point added to stored polar  1
 Point written to save file  clarky_re214862_clean.polar                     
 Dump file unspecified or not available
 Calculating wake trajectory ...
 Calculating source influence matrix ...

 Solving BL system ...

 Side 1  free  transition at x/c =  0.1165   46
 Side 2 forced transition at x/c =  1.0000   68

   1   rms: 0.4077E-01   max: 0.2022E+00   C at   46  1
       a = 11.500      CL =  1.3752
      Cm = -0.0396     CD =  0.02765   =>   CDf =  0.00749    CDp =  0.02015

 Side 1  free  transition at x/c =  0.1078   45
 Side 2 forced transition at x/c =  1.0000   68

   2   rms: 0.8137E-02   max: -.1136E+00   D at   45  1
       a = 11.500      CL =  1.3759
      Cm = -0.0396     CD =  0.02749   =>   CDf =  0.00747    CDp =  0.02001

 Side 1  free  transition at x/c =  0.1073   45
 Side 2 forced transition at x/c =  1.0000   68

   3   rms: 0.2944E-03   max: 0.3864E-02   C at   45  1
       a = 11.500      CL =  1.3758
      Cm = -0.0396     CD =  0.02752   =>   CDf =  0.00746    CDp =  0.02006

 Side 1  free  transition at x/c =  0.1073   45
 Side 2 forced transition at x/c =  1.0000   68

   4   rms: 0.6191E-05   max: 0.1979E-04   D at   86  1
       a = 11.500      CL =  1.3758
      Cm = -0.0396     CD =  0.02752   =>   CDf =  0.00746    CDp =  0.02005
      9.000    5.3036   0.027518   0.020262   0.003522  -0.016740    0.1073     #

 Point added to stored polar  1
 Point written to save file  clarky_re214862_clean.polar                     
 Dump file unspecified or not available
 Calculating wake trajectory ...
 Calculating source influence matrix ...

 Solving BL system ...

 Side 1  free  transition at x/c =  0.1073   45
 Side 2 forced transition at x/c =  1.0000   68

   1   rms: 0.4152E-01   max: -.2088E+00   D at   46  1
       a = 11.750      CL =  1.3854
      Cm = -0.0381     CD =  0.02880   =>   CDf =  0.00747    CDp =  0.02134

 Side 1  free  transition at x/c =  0.0977   44
 Side 2 forced transition at x/c =  1.0000   68

   2   rms: 0.8563E-02   max: -.1224E+00   D at   44  1
       a = 11.750      CL =  1.3850
      Cm = -0.0380     CD =  0.02872   =>   CDf =  0.00745    CDp =  0.02127

 Side 1  free  transition at x/c =  0.0974   44
 Side 2 forced transition at x/c =  1.0000   68

   3   rms: 0.3995E-03   max: 0.4206E-02   D at   44  1
       a = 11.750      CL =  1.3847
      Cm = -0.0380     CD =  0.02876   =>   CDf =  0.00744    CDp =  0.02132

 Side 1  free  transition at x/c =  0.0974   44
 Side 2 forced transition at x/c =  1.0000   68

   4   rms: 0.7268E-05   max: 0.3500E-04   D at   44  1
       a = 11.750      CL =  1.3847
      Cm = -0.0380     CD =  0.02876   =>   CDf =  0.00744    CDp =  0.02132
      9.000    5.5644   0.028765   0.020414   0.003451  -0.016964    0.0974     #

 Point added to stored polar  1
 Point written to save file  clarky_re214862_clean.polar                     
 Dump file unspecified or not available
 Calculating wake trajectory ...
 Calculating source influence matrix ...

 Solving BL system ...

 Side 1  free  transition at x/c =  0.0974   44
 Side 2 forced transition at x/c =  1.0000   68

   1   rms: 0.4266E-01   max: -.2220E+00   D at   45  1
       a = 12.000      CL =  1.3934
      Cm = -0.0365     CD =  0.03018   =>   CDf =  0.00705    CDp =  0.02312

 Side 1  free  transition at x/c =  0.0872   44
 Side 2 forced transition at x/c =  1.0000   67

   2   rms: 0.1221E-01   max: -.1923E+00   D at   44  1
       a = 12.000      CL =  1.3929
      Cm = -0.0365     CD =  0.03009   =>   CDf =  0.00742    CDp =  0.02267

 Side 1  free  transition at x/c =  0.0866   44
 Side 2 forced transition at x/c =  1.0000   67

   3   rms: 0.1564E-02   max: -.1336E-01   D at    4  1
       a = 12.000      CL =  1.3921
      Cm = -0.0364     CD =  0.03018   =>   CDf =  0.00743    CDp =  0.02276

 Side 1  free  transition at x/c =  0.0866   44
 Side 2 forced transition at x/c =  1.0000   67

   4   rms: 0.1714E-04   max: 0.1293E-03   D at   44  1
       a = 12.000      CL =  1.3921
      Cm = -0.0364     CD =  0.03018   =>   CDf =  0.00743    CDp =  0.02276
      9.000    5.8439   0.030183   0.020563   0.003336  -0.017227    0.0866     #

 Point added to stored polar  1
 Point written to save file  clarky_re214862_clean.polar                     
 Dump file unspecified or not available
 Calculating wake trajectory ...
 Calculating source influence matrix ...

 Solving BL system ...

 Side 1  free  transition at x/c =  0.0866   44
 Side 2 forced transition at x/c =  1.0000   67

   1   rms: 0.4941E-01   max: 0.3203E+00   C at   44  1
       a = 12.250      CL =  1.3949
      Cm = -0.0346     CD =  0.03214   =>   CDf =  0.00743    CDp =  0.02471

 Side 1  free  transition at x/c =  0.0756   42
 Side 2 forced transition at x/c =  1.0000   67

   2   rms: 0.2738E-01   max: -.2924E+00   D at   43  1
       a = 12.250      CL =  1.4043
      Cm = -0.0352     CD =  0.03122   =>   CDf =  0.00738    CDp =  0.02384

 Side 1  free  transition at x/c =  0.0688   41
 Side 2 forced transition at x/c =  1.0000   67

   3   rms: 0.1049E-01   max: -.5853E-01   C at   41  1
       a = 12.250      CL =  1.3970
      Cm = -0.0347     CD =  0.03188   =>   CDf =  0.00747    CDp =  0.02441

 Side 1  free  transition at x/c =  0.0724   42
 Side 2 forced transition at x/c =  1.0000   67

   4   rms: 0.3760E-02   max: 0.5381E-01   C at   42  1
       a = 12.250      CL =  1.3981
      Cm = -0.0348     CD =  0.03178   =>   CDf =  0.00742    CDp =  0.02436

 Side 1  free  transition at x/c =  0.0715   42
 Side 2 forced transition at x/c =  1.0000   67

   5   rms: 0.2107E-03   max: -.2298E-02   C at   42  1
       a = 12.250      CL =  1.3980
      Cm = -0.0348     CD =  0.03178   =>   CDf =  0.00744    CDp =  0.02434

 Side 1  free  transition at x/c =  0.0715   42
 Side 2 forced transition at x/c =  1.0000   67

   6   rms: 0.4755E-05   max: 0.3346E-04   C at   42  1
       a = 12.250      CL =  1.3980
      Cm = -0.0348     CD =  0.03178   =>   CDf =  0.00744    CDp =  0.02434
      9.000    6.1654   0.031784   0.020730   0.002257  -0.018473    0.0715     #

 Point added to stored polar  1
 Point written to save file  clarky_re214862_clean.polar                     
 Dump file unspecified or not available
 Calculating wake trajectory ...
 Calculating source influence matrix ...

 Solving BL system ...

 Side 1  free  transition at x/c =  0.0715   42
 Side 2 forced transition at x/c =  1.0000   67

   1   rms: 0.6012E-01   max: 0.5570E+00   C at   42  1   RLX: 0.997
       a = 12.500      CL =  1.3982
      Cm = -0.0330     CD =  0.03411   =>   CDf =  0.00744    CDp =  0.02667

 Side 1  free  transition at x/c =  0.0557   39
 Side 2 forced transition at x/c =  1.0000   67

   2   rms: 0.2131E-01   max: -.2302E+00   D at   40  1
       a = 12.500      CL =  1.4012
      Cm = -0.0331     CD =  0.03369   =>   CDf =  0.00747    CDp =  0.02622

 Side 1  free  transition at x/c =  0.0508   38
 Side 2 forced transition at x/c =  1.0000   67

   3   rms: 0.4141E-02   max: -.5798E-01   C at   38  1
       a = 12.500      CL =  1.3993
      Cm = -0.0330     CD =  0.03386   =>   CDf =  0.00755    CDp =  0.02631

 Side 1  free  transition at x/c =  0.0519   38
 Side 2 forced transition at x/c =  1.0000   67

   4   rms: 0.1596E-03   max: -.2572E-02   C at   38  1
       a = 12.500      CL =  1.3993
      Cm = -0.0330     CD =  0.03386   =>   CDf =  0.00753    CDp =  0.02632

 Side 1  free  transition at x/c =  0.0519   38
 Side 2 forced transition at x/c =  1.0000   67

   5   rms: 0.3731E-05   max: 0.4031E-04   C at   38  1
       a = 12.500      CL =  1.3993
      Cm = -0.0330     CD =  0.03386   =>   CDf =  0.00753    CDp =  0.02632
      9.000    6.8185   0.033856   0.020948   0.002418  -0.018530    0.0519     #

 Point added to stored polar  1
 Point written to save file  clarky_re214862_clean.polar                     
 Dump file unspecified or not available
 Calculating wake trajectory ...
 Calculating source influence matrix ...

 Solving BL system ...

 Side 1  free  transition at x/c =  0.0519   38
 Side 2 forced transition at x/c =  1.0000   67

   1   rms: 0.5851E-01   max: 0.6935E+00   C at   38  1   RLX: 0.949
       a = 12.750      CL =  1.4017
      Cm = -0.0315     CD =  0.03599   =>   CDf =  0.00754    CDp =  0.02846

 Side 1  free  transition at x/c =  0.0367   35
 Side 2 forced transition at x/c =  1.0000   67

   2   rms: 0.2650E-01   max: -.2953E+00   D at   36  1
       a = 12.750      CL =  1.3952
      Cm = -0.0312     CD =  0.03648   =>   CDf =  0.00768    CDp =  0.02880

 Side 1  free  transition at x/c =  0.0403   36
 Side 2 forced transition at x/c =  1.0000   67

   3   rms: 0.3187E-02   max: -.5349E-01   D at   35  1
       a = 12.750      CL =  1.3966
      Cm = -0.0313     CD =  0.03634   =>   CDf =  0.00761    CDp =  0.02873

 Side 1  free  transition at x/c =  0.0397   36
 Side 2 forced transition at x/c =  1.0000   67

   4   rms: 0.4819E-03   max: 0.8270E-02   C at   36  1
       a = 12.750      CL =  1.3966
      Cm = -0.0313     CD =  0.03634   =>   CDf =  0.00761    CDp =  0.02873

 Side 1  free  transition at x/c =  0.0396   36
 Side 2 forced transition at x/c =  1.0000   67

   5   rms: 0.1250E-04   max: -.1505E-03   C at   36  1
       a = 12.750      CL =  1.3966
      Cm = -0.0313     CD =  0.03634   =>   CDf =  0.00762    CDp =  0.02873
      9.000    7.3530   0.036345   0.021143   0.002563  -0.018580    0.0396     #

 Point added to stored polar  1
 Point written to save file  clarky_re214862_clean.polar                     
 Dump file unspecified or not available
 Calculating wake trajectory ...
 Calculating source influence matrix ...

 Solving BL system ...

 Side 1  free  transition at x/c =  0.0396   36
 Side 2 forced transition at x/c =  1.0000   67

   1   rms: 0.5463E-01   max: 0.6501E+00   C at   36  1   RLX: 0.887
       a = 13.000      CL =  1.3944
      Cm = -0.0299     CD =  0.03888   =>   CDf =  0.00762    CDp =  0.03126

 Side 1  free  transition at x/c =  0.0346   34
 Side 2 forced transition at x/c =  1.0000   67

   2   rms: 0.1037E-01   max: -.1884E+00   D at   35  1
       a = 13.000      CL =  1.3947
      Cm = -0.0298     CD =  0.03890   =>   CDf =  0.00760    CDp =  0.03129

 Side 1  free  transition at x/c =  0.0344   34
 Side 2 forced transition at x/c =  1.0000   67

   3   rms: 0.1322E-02   max: 0.1044E-01   C at   34  1
       a = 13.000      CL =  1.3939
      Cm = -0.0298     CD =  0.03895   =>   CDf =  0.00762    CDp =  0.03134

 Side 1  free  transition at x/c =  0.0344   34
 Side 2 forced transition at x/c =  1.0000   67

   4   rms: 0.3883E-04   max: 0.1949E-03   D at   76  2
       a = 13.000      CL =  1.3939
      Cm = -0.0298     CD =  0.03895   =>   CDf =  0.00762    CDp =  0.03133
      9.000    7.8202   0.038947   0.021245   0.002613  -0.018632    0.0344     #

 Point added to stored polar  1
 Point written to save file  clarky_re214862_clean.polar                     
 Dump file unspecified or not available
 Calculating wake trajectory ...
 Calculating source influence matrix ...

 Solving BL system ...

 Side 1  free  transition at x/c =  0.0344   34
 Side 2 forced transition at x/c =  1.0000   67

   1   rms: 0.4091E-01   max: 0.2790E+00   C at   34  1   RLX: 0.844
       a = 13.250      CL =  1.3943
      Cm = -0.0288     CD =  0.04122   =>   CDf =  0.00712    CDp =  0.03410

 Side 1  free  transition at x/c =  0.0314   35
 Side 2 forced transition at x/c =  1.0000   66

   2   rms: 0.8166E-02   max: -.9284E-01   D at   35  1
       a = 13.250      CL =  1.3917
      Cm = -0.0286     CD =  0.04167   =>   CDf =  0.00758    CDp =  0.03409

 Side 1  free  transition at x/c =  0.0316   35
 Side 2 forced transition at x/c =  1.0000   66

   3   rms: 0.1059E-02   max: -.1234E-01   D at    4  1
       a = 13.250      CL =  1.3914
      Cm = -0.0286     CD =  0.04164   =>   CDf =  0.00755    CDp =  0.03409

 Side 1  free  transition at x/c =  0.0316   35
 Side 2 forced transition at x/c =  1.0000   66

   4   rms: 0.1064E-04   max: 0.5637E-04   D at   76  2
       a = 13.250      CL =  1.3914
      Cm = -0.0286     CD =  0.04164   =>   CDf =  0.00755    CDp =  0.03409
      9.000    8.2567   0.041637   0.021279   0.002703  -0.018576    0.0316     #

 Point added to stored polar  1
 Point written to save file  clarky_re214862_clean.polar                     
 Dump file unspecified or not available
 Calculating wake trajectory ...
 Calculating source influence matrix ...

 Solving BL system ...

 Side 1  free  transition at x/c =  0.0316   35
 Side 2 forced transition at x/c =  1.0000   66

   1   rms: 0.4204E-01   max: 0.2254E+00   C at   35  1   RLX: 0.797
       a = 13.500      CL =  1.3891
      Cm = -0.0278     CD =  0.04419   =>   CDf =  0.00755    CDp =  0.03664

 Side 1  free  transition at x/c =  0.0302   34
 Side 2 forced transition at x/c =  1.0000   66

   2   rms: 0.7992E-02   max: -.4942E-01   D at   34  1
       a = 13.500      CL =  1.3892
      Cm = -0.0276     CD =  0.04450   =>   CDf =  0.00748    CDp =  0.03702

 Side 1  free  transition at x/c =  0.0297   34
 Side 2 forced transition at x/c =  1.0000   66

   3   rms: 0.8171E-03   max: -.7975E-02   C at   34  1
       a = 13.500      CL =  1.3889
      Cm = -0.0276     CD =  0.04445   =>   CDf =  0.00745    CDp =  0.03700

 Side 1  free  transition at x/c =  0.0298   34
 Side 2 forced transition at x/c =  1.0000   66

   4   rms: 0.1866E-04   max: -.9401E-04   D at   81  1
       a = 13.500      CL =  1.3889
      Cm = -0.0276     CD =  0.04445   =>   CDf =  0.00745    CDp =  0.03700
      9.000    8.7004   0.044452   0.021250   0.002799  -0.018452    0.0298     #

 Point added to stored polar  1
 Point written to save file  clarky_re214862_clean.polar                     
 Dump file unspecified or not available
 Calculating wake trajectory ...
 Calculating source influence matrix ...

 Solving BL system ...

 Side 1  free  transition at x/c =  0.0298   34
 Side 2 forced transition at x/c =  1.0000   66

   1   rms: 0.3757E-01   max: 0.1316E+00   D at   78  1   RLX: 0.761
       a = 13.750      CL =  1.3880
      Cm = -0.0271     CD =  0.04686   =>   CDf =  0.00745    CDp =  0.03941

 Side 1  free  transition at x/c =  0.0286   34
 Side 2 forced transition at x/c =  1.0000   66

   2   rms: 0.9624E-02   max: 0.5438E-01   D at   80  1
       a = 13.750      CL =  1.3852
      Cm = -0.0269     CD =  0.04762   =>   CDf =  0.00738    CDp =  0.04024

 Side 1  free  transition at x/c =  0.0285   34
 Side 2 forced transition at x/c =  1.0000   66

   3   rms: 0.6395E-03   max: 0.5454E-02   D at   79  1
       a = 13.750      CL =  1.3848
      Cm = -0.0269     CD =  0.04753   =>   CDf =  0.00735    CDp =  0.04018

 Side 1  free  transition at x/c =  0.0285   34
 Side 2 forced transition at x/c =  1.0000   66

   4   rms: 0.1002E-04   max: 0.6859E-04   D at   77  2
       a = 13.750      CL =  1.3848
      Cm = -0.0269     CD =  0.04753   =>   CDf =  0.00735    CDp =  0.04018
      9.000    9.0793   0.047527   0.021169   0.002897  -0.018272    0.0285     #

 Point added to stored polar  1
 Point written to save file  clarky_re214862_clean.polar                     
 Dump file unspecified or not available
 Calculating wake trajectory ...
 Calculating source influence matrix ...

 Solving BL system ...

 Side 1  free  transition at x/c =  0.0285   34
 Side 2 forced transition at x/c =  1.0000   66

   1   rms: 0.3900E-01   max: 0.1463E+00   D at   77  1   RLX: 0.722
       a = 14.000      CL =  1.3817
      Cm = -0.0266     CD =  0.05020   =>   CDf =  0.00735    CDp =  0.04285

 Side 1  free  transition at x/c =  0.0278   33
 Side 2 forced transition at x/c =  1.0000   66

   2   rms: 0.1109E-01   max: 0.5752E-01   D at   78  1
       a = 14.000      CL =  1.3787
      Cm = -0.0265     CD =  0.05114   =>   CDf =  0.00730    CDp =  0.04383

 Side 1  free  transition at x/c =  0.0276   33
 Side 2 forced transition at x/c =  1.0000   66

   3   rms: 0.9332E-03   max: 0.5818E-02   D at   78  1
       a = 14.000      CL =  1.3781
      Cm = -0.0264     CD =  0.05103   =>   CDf =  0.00726    CDp =  0.04378

 Side 1  free  transition at x/c =  0.0276   33
 Side 2 forced transition at x/c =  1.0000   66

   4   rms: 0.2247E-04   max: 0.2020E-03   D at   77  2
       a = 14.000      CL =  1.3780
      Cm = -0.0264     CD =  0.05102   =>   CDf =  0.00726    CDp =  0.04377
      9.000    9.4127   0.051023   0.021042   0.003004  -0.018039    0.0276     #

 Point added to stored polar  1
 Point written to save file  clarky_re214862_clean.polar                     
 Dump file unspecified or not available
 Calculating wake trajectory ...
 Calculating source influence matrix ...

 Solving BL system ...

 Side 1  free  transition at x/c =  0.0276   33
 Side 2 forced transition at x/c =  1.0000   66

   1   rms: 0.3544E-01   max: 0.1328E+00   D at   75  1   RLX: 0.689
       a = 14.250      CL =  1.3767
      Cm = -0.0263     CD =  0.05351   =>   CDf =  0.00726    CDp =  0.04625

 Side 1  free  transition at x/c =  0.0270   33
 Side 2 forced transition at x/c =  1.0000   66

   2   rms: 0.1212E-01   max: 0.6125E-01   D at   77  1
       a = 14.250      CL =  1.3738
      Cm = -0.0263     CD =  0.05461   =>   CDf =  0.00716    CDp =  0.04744

 Side 1  free  transition at x/c =  0.0268   33
 Side 2 forced transition at x/c =  1.0000   66

   3   rms: 0.8811E-03   max: 0.5260E-02   D at   77  2
       a = 14.250      CL =  1.3732
      Cm = -0.0262     CD =  0.05445   =>   CDf =  0.00712    CDp =  0.04734

 Side 1  free  transition at x/c =  0.0268   33
 Side 2 forced transition at x/c =  1.0000   66

   4   rms: 0.1468E-04   max: 0.9842E-04   D at   77  2
       a = 14.250      CL =  1.3732
      Cm = -0.0262     CD =  0.05445   =>   CDf =  0.00711    CDp =  0.04733
      9.000    9.8183   0.054446   0.020880   0.003114  -0.017765    0.0268     #

 Point added to stored polar  1
 Point written to save file  clarky_re214862_clean.polar                     
 Dump file unspecified or not available
 Calculating wake trajectory ...
 Calculating source influence matrix ...

 Solving BL system ...

 Side 1  free  transition at x/c =  0.0268   33
 Side 2 forced transition at x/c =  1.0000   66

   1   rms: 0.3589E-01   max: 0.1412E+00   D at   74  1   RLX: 0.657
       a = 14.500      CL =  1.3708
      Cm = -0.0263     CD =  0.05710   =>   CDf =  0.00712    CDp =  0.04998

 Side 1  free  transition at x/c =  0.0263   33
 Side 2 forced transition at x/c =  1.0000   66

   2   rms: 0.1300E-01   max: 0.6008E-01   D at   76  1
       a = 14.500      CL =  1.3678
      Cm = -0.0263     CD =  0.05835   =>   CDf =  0.00704    CDp =  0.05131

 Side 1  free  transition at x/c =  0.0261   33
 Side 2 forced transition at x/c =  1.0000   66

   3   rms: 0.1317E-02   max: 0.9491E-02   D at   75  1
       a = 14.500      CL =  1.3670
      Cm = -0.0262     CD =  0.05820   =>   CDf =  0.00699    CDp =  0.05121

 Side 1  free  transition at x/c =  0.0261   33
 Side 2 forced transition at x/c =  1.0000   66

   4   rms: 0.3423E-04   max: 0.2610E-03   D at   78  2
       a = 14.500      CL =  1.3669
      Cm = -0.0262     CD =  0.05819   =>   CDf =  0.00699    CDp =  0.05119
      9.000   10.1807   0.058185   0.020697   0.003208  -0.017489    0.0261     #

 Point added to stored polar  1
 Point written to save file  clarky_re214862_clean.polar                     
 Dump file unspecified or not available
 Calculating wake trajectory ...
 Calculating source influence matrix ...

 Solving BL system ...

 Side 1  free  transition at x/c =  0.0261   33
 Side 2 forced transition at x/c =  1.0000   66

   1   rms: 0.3601E-01   max: 0.1457E+00   D at   73  1   RLX: 0.627
       a = 14.750      CL =  1.3639
      Cm = -0.0265     CD =  0.06095   =>   CDf =  0.00700    CDp =  0.05396

 Side 1  free  transition at x/c =  0.0257   33
 Side 2 forced transition at x/c =  1.0000   66

   2   rms: 0.1413E-01   max: 0.6654E-01   D at   74  1
       a = 14.750      CL =  1.3605
      Cm = -0.0266     CD =  0.06242   =>   CDf =  0.00693    CDp =  0.05550

 Side 1  free  transition at x/c =  0.0255   33
 Side 2 forced transition at x/c =  1.0000   66

   3   rms: 0.1497E-02   max: 0.9544E-02   D at   78  2
       a = 14.750      CL =  1.3595
      Cm = -0.0266     CD =  0.06223   =>   CDf =  0.00688    CDp =  0.05534

 Side 1  free  transition at x/c =  0.0256   33
 Side 2 forced transition at x/c =  1.0000   66

   4   rms: 0.3616E-04   max: 0.3372E-03   D at   78  2
       a = 14.750      CL =  1.3595
      Cm = -0.0265     CD =  0.06221   =>   CDf =  0.00688    CDp =  0.05533
      9.000   10.4989   0.062207   0.020481   0.003291  -0.017190    0.0256     #

 Point added to stored polar  1
 Point written to save file  clarky_re214862_clean.polar                     
 Dump file unspecified or not available
 Calculating wake trajectory ...
 Calculating source influence matrix ...

 Solving BL system ...

 Side 1  free  transition at x/c =  0.0256   33
 Side 2 forced transition at x/c =  1.0000   66

   1   rms: 0.3586E-01   max: 0.1473E+00   D at   72  1   RLX: 0.599
       a = 15.000      CL =  1.3561
      Cm = -0.0269     CD =  0.06503   =>   CDf =  0.00636    CDp =  0.05868

 Side 1  free  transition at x/c =  0.0252   34
 Side 2 forced transition at x/c =  1.0000   65

   2   rms: 0.1579E-01   max: 0.7598E-01   D at   74  1
       a = 15.000      CL =  1.3517
      Cm = -0.0272     CD =  0.06681   =>   CDf =  0.00683    CDp =  0.05998

 Side 1  free  transition at x/c =  0.0251   34
 Side 2 forced transition at x/c =  1.0000   65

   3   rms: 0.1528E-02   max: 0.7312E-02   D at   78  2
       a = 15.000      CL =  1.3508
      Cm = -0.0271     CD =  0.06654   =>   CDf =  0.00679    CDp =  0.05975

 Side 1  free  transition at x/c =  0.0251   34
 Side 2 forced transition at x/c =  1.0000   65

   4   rms: 0.2823E-04   max: 0.2328E-03   D at   78  2
       a = 15.000      CL =  1.3508
      Cm = -0.0271     CD =  0.06652   =>   CDf =  0.00678    CDp =  0.05974
      9.000   10.7816   0.066517   0.020261   0.003373  -0.016889    0.0251     #

 Point added to stored polar  1
 Point written to save file  clarky_re214862_clean.polar                     
 Dump file unspecified or not available
 Calculating wake trajectory ...
 Calculating source influence matrix ...

 Solving BL system ...

 Side 1  free  transition at x/c =  0.0251   34
 Side 2 forced transition at x/c =  1.0000   65

   1   rms: 0.3630E-01   max: 0.1536E+00   D at   71  1   RLX: 0.573
       a = 15.250      CL =  1.3466
      Cm = -0.0276     CD =  0.06949   =>   CDf =  0.00679    CDp =  0.06270

 Side 1  free  transition at x/c =  0.0249   34
 Side 2 forced transition at x/c =  1.0000   65

   2   rms: 0.1620E-01   max: 0.7239E-01   D at   72  1
       a = 15.250      CL =  1.3419
      Cm = -0.0279     CD =  0.07143   =>   CDf =  0.00675    CDp =  0.06468

 Side 1  free  transition at x/c =  0.0247   34
 Side 2 forced transition at x/c =  1.0000   65

   3   rms: 0.1976E-02   max: 0.1213E-01   D at   72  1
       a = 15.250      CL =  1.3407
      Cm = -0.0278     CD =  0.07115   =>   CDf =  0.00672    CDp =  0.06443

 Side 1  free  transition at x/c =  0.0248   34
 Side 2 forced transition at x/c =  1.0000   65

   4   rms: 0.6734E-04   max: 0.7519E-03   D at   78  2
       a = 15.250      CL =  1.3407
      Cm = -0.0278     CD =  0.07111   =>   CDf =  0.00671    CDp =  0.06440
      9.000   11.0462   0.071111   0.020070   0.003479  -0.016591    0.0248     #

 Point added to stored polar  1
 Point written to save file  clarky_re214862_clean.polar                     
 Dump file unspecified or not available
 Calculating wake trajectory ...
 Calculating source influence matrix ...

 Solving BL system ...

 Side 1  free  transition at x/c =  0.0248   34
 Side 2 forced transition at x/c =  1.0000   65

   1   rms: 0.3592E-01   max: 0.1527E+00   D at   70  1   RLX: 0.548
       a = 15.500      CL =  1.3361
      Cm = -0.0284     CD =  0.07411   =>   CDf =  0.00671    CDp =  0.06740

 Side 1  free  transition at x/c =  0.0246   33
 Side 2 forced transition at x/c =  1.0000   65

   2   rms: 0.1473E-01   max: 0.5595E-01   D at   70  1
       a = 15.500      CL =  1.3361
      Cm = -0.0285     CD =  0.07547   =>   CDf =  0.00666    CDp =  0.06881

 Side 1  free  transition at x/c =  0.0243   33
 Side 2 forced transition at x/c =  1.0000   65

   3   rms: 0.2040E-02   max: 0.8958E-02   D at   71  1
       a = 15.500      CL =  1.3348
      Cm = -0.0285     CD =  0.07529   =>   CDf =  0.00659    CDp =  0.06870

 Side 1  free  transition at x/c =  0.0243   33
 Side 2 forced transition at x/c =  1.0000   65

   4   rms: 0.8681E-04   max: 0.5161E-03   D at   78  2
       a = 15.500      CL =  1.3348
      Cm = -0.0285     CD =  0.07524   =>   CDf =  0.00659    CDp =  0.06866
      9.000   11.4400   0.075245   0.019925   0.003599  -0.016325    0.0243     #

 Point added to stored polar  1
 Point written to save file  clarky_re214862_clean.polar                     
 Dump file unspecified or not available
 Calculating wake trajectory ...
 Calculating source influence matrix ...

 Solving BL system ...

 Side 1  free  transition at x/c =  0.0243   33
 Side 2 forced transition at x/c =  1.0000   65

   1   rms: 0.3087E-01   max: 0.1228E+00   D at   69  1   RLX: 0.531
       a = 15.750      CL =  1.3333
      Cm = -0.0289     CD =  0.07774   =>   CDf =  0.00659    CDp =  0.07115

 Side 1  free  transition at x/c =  0.0241   33
 Side 2 forced transition at x/c =  1.0000   65

   2   rms: 0.1481E-01   max: 0.6250E-01   D at   70  1
       a = 15.750      CL =  1.3307
      Cm = -0.0293     CD =  0.07968   =>   CDf =  0.00653    CDp =  0.07316

 Side 1  free  transition at x/c =  0.0238   33
 Side 2 forced transition at x/c =  1.0000   65

   3   rms: 0.2294E-02   max: 0.1084E-01   D at   70  1
       a = 15.750      CL =  1.3293
      Cm = -0.0293     CD =  0.07944   =>   CDf =  0.00647    CDp =  0.07297

 Side 1  free  transition at x/c =  0.0239   33
 Side 2 forced transition at x/c =  1.0000   65

   4   rms: 0.9492E-04   max: 0.6255E-03   D at   79  2
       a = 15.750      CL =  1.3292
      Cm = -0.0293     CD =  0.07938   =>   CDf =  0.00647    CDp =  0.07291
      9.000   11.8239   0.079381   0.019821   0.003720  -0.016101    0.0239     #

 Point added to stored polar  1
 Point written to save file  clarky_re214862_clean.polar                     
 Dump file unspecified or not available
 Calculating wake trajectory ...
 Calculating source influence matrix ...

 Solving BL system ...

 Side 1  free  transition at x/c =  0.0239   33
 Side 2 forced transition at x/c =  1.0000   65

   1   rms: 0.2991E-01   max: 0.1184E+00   D at   68  1   RLX: 0.512
       a = 16.000      CL =  1.3278
      Cm = -0.0297     CD =  0.08182   =>   CDf =  0.00647    CDp =  0.07535

 Side 1  free  transition at x/c =  0.0236   33
 Side 2 forced transition at x/c =  1.0000   65

   2   rms: 0.1470E-01   max: 0.6007E-01   D at   69  1
       a = 16.000      CL =  1.3256
      Cm = -0.0301     CD =  0.08381   =>   CDf =  0.00642    CDp =  0.07739

 Side 1  free  transition at x/c =  0.0234   33
 Side 2 forced transition at x/c =  1.0000   65

   3   rms: 0.2510E-02   max: 0.1177E-01   D at   79  2
       a = 16.000      CL =  1.3241
      Cm = -0.0301     CD =  0.08357   =>   CDf =  0.00637    CDp =  0.07719

 Side 1  free  transition at x/c =  0.0234   33
 Side 2 forced transition at x/c =  1.0000   65

   4   rms: 0.1215E-03   max: 0.1015E-02   D at   79  2
       a = 16.000      CL =  1.3240
      Cm = -0.0301     CD =  0.08350   =>   CDf =  0.00637    CDp =  0.07713

 Side 1  free  transition at x/c =  0.0234   33
 Side 2 forced transition at x/c =  1.0000   65

   5   rms: 0.1291E-04   max: -.4659E-04   D at   81  2
       a = 16.000      CL =  1.3241
      Cm = -0.0301     CD =  0.08350   =>   CDf =  0.00637    CDp =  0.07713
      9.000   12.1848   0.083501   0.019776   0.003841  -0.015935    0.0234     #

 Point added to stored polar  1
 Point written to save file  clarky_re214862_clean.polar                     
 Dump file unspecified or not available
 Calculating wake trajectory ...
 Calculating source influence matrix ...

 Solving BL system ...

 Side 1  free  transition at x/c =  0.0234   33
 Side 2 forced transition at x/c =  1.0000   65

   1   rms: 0.2896E-01   max: 0.1118E+00   D at   67  1   RLX: 0.496
       a = 16.250      CL =  1.3230
      Cm = -0.0305     CD =  0.08584   =>   CDf =  0.00637    CDp =  0.07946

 Side 1  free  transition at x/c =  0.0231   33
 Side 2 forced transition at x/c =  1.0000   65

   2   rms: 0.1462E-01   max: 0.5769E-01   D at   68  1
       a = 16.250      CL =  1.3209
      Cm = -0.0309     CD =  0.08788   =>   CDf =  0.00634    CDp =  0.08154

 Side 1  free  transition at x/c =  0.0229   33
 Side 2 forced transition at x/c =  1.0000   65

   3   rms: 0.2422E-02   max: 0.9194E-02   D at   68  1
       a = 16.250      CL =  1.3194
      Cm = -0.0309     CD =  0.08760   =>   CDf =  0.00630    CDp =  0.08130

 Side 1  free  transition at x/c =  0.0229   33
 Side 2 forced transition at x/c =  1.0000   65

   4   rms: 0.1118E-03   max: -.7054E-03   D at   69  1
       a = 16.250      CL =  1.3194
      Cm = -0.0309     CD =  0.08753   =>   CDf =  0.00629    CDp =  0.08123

 Side 1  free  transition at x/c =  0.0229   33
 Side 2 forced transition at x/c =  1.0000   65

   5   rms: 0.1740E-04   max: -.6751E-04   D at   82  2
       a = 16.250      CL =  1.3194
      Cm = -0.0309     CD =  0.08753   =>   CDf =  0.00629    CDp =  0.08123
      9.000   12.5164   0.087528   0.019805   0.003958  -0.015847    0.0229     #

 Point added to stored polar  1
 Point written to save file  clarky_re214862_clean.polar                     
 Dump file unspecified or not available
 Calculating wake trajectory ...
 Calculating source influence matrix ...

 Solving BL system ...

 Side 1  free  transition at x/c =  0.0229   33
 Side 2 forced transition at x/c =  1.0000   65

   1   rms: 0.2818E-01   max: 0.1073E+00   T at   33  1   RLX: 0.480
       a = 16.500      CL =  1.3186
      Cm = -0.0313     CD =  0.08975   =>   CDf =  0.00630    CDp =  0.08345

 Side 1  free  transition at x/c =  0.0227   33
 Side 2 forced transition at x/c =  1.0000   65

   2   rms: 0.1445E-01   max: 0.5569E-01   T at   33  1
       a = 16.500      CL =  1.3171
      Cm = -0.0317     CD =  0.09175   =>   CDf =  0.00628    CDp =  0.08548

 Side 1  free  transition at x/c =  0.0224   33
 Side 2 forced transition at x/c =  1.0000   65

   3   rms: 0.2070E-02   max: -.8761E-02   T at   33  1
       a = 16.500      CL =  1.3158
      Cm = -0.0317     CD =  0.09141   =>   CDf =  0.00627    CDp =  0.08514

 Side 1  free  transition at x/c =  0.0224   33
 Side 2 forced transition at x/c =  1.0000   65

   4   rms: 0.1569E-03   max: -.1009E-02   D at   68  1
       a = 16.500      CL =  1.3159
      Cm = -0.0317     CD =  0.09135   =>   CDf =  0.00626    CDp =  0.08509

 Side 1  free  transition at x/c =  0.0224   33
 Side 2 forced transition at x/c =  1.0000   65

   5   rms: 0.2403E-04   max: -.1011E-03   D at   82  2
       a = 16.500      CL =  1.3159
      Cm = -0.0317     CD =  0.09135   =>   CDf =  0.00626    CDp =  0.08509
      9.000   12.8170   0.091349   0.019963   0.004074  -0.015889    0.0224     #

 Point added to stored polar  1
 Point written to save file  clarky_re214862_clean.polar                     
 Dump file unspecified or not available
 Calculating wake trajectory ...
 Calculating source influence matrix ...

 Solving BL system ...

 Side 1  free  transition at x/c =  0.0224   33
 Side 2 forced transition at x/c =  1.0000   65

   1   rms: 0.2746E-01   max: 0.1417E+00   T at   33  1   RLX: 0.467
       a = 16.750      CL =  1.3159
      Cm = -0.0319     CD =  0.09324   =>   CDf =  0.00626    CDp =  0.08698

 Side 1  free  transition at x/c =  0.0222   33
 Side 2 forced transition at x/c =  1.0000   65

   2   rms: 0.1440E-01   max: 0.8237E-01   T at   33  1
       a = 16.750      CL =  1.3158
      Cm = -0.0319     CD =  0.09485   =>   CDf =  0.00573    CDp =  0.08912

 Side 1  free  transition at x/c =  0.0219   34
 Side 2 forced transition at x/c =  1.0000   64

   3   rms: 0.1500E-02   max: 0.8344E-02   D at   79  2
       a = 16.750      CL =  1.3150
      Cm = -0.0317     CD =  0.09438   =>   CDf =  0.00631    CDp =  0.08808

 Side 1  free  transition at x/c =  0.0219   34
 Side 2 forced transition at x/c =  1.0000   64

   4   rms: 0.7196E-03   max: -.8071E-02   D at    4  1
       a = 16.750      CL =  1.3153
      Cm = -0.0317     CD =  0.09435   =>   CDf =  0.00631    CDp =  0.08804

 Side 1  free  transition at x/c =  0.0219   34
 Side 2 forced transition at x/c =  1.0000   64

   5   rms: 0.3056E-04   max: -.1455E-03   D at   79  2
       a = 16.750      CL =  1.3153
      Cm = -0.0317     CD =  0.09436   =>   CDf =  0.00631    CDp =  0.08805
      9.000   13.1373   0.094361   0.020619   0.004238  -0.016381    0.0219     #

 Point added to stored polar  1
 Point written to save file  clarky_re214862_clean.polar                     
 Dump file unspecified or not available
 Calculating wake trajectory ...
 Calculating source influence matrix ...

 Solving BL system ...

 Side 1  free  transition at x/c =  0.0219   34
 Side 2 forced transition at x/c =  1.0000   64

   1   rms: 0.3640E-01   max: 0.2396E+00   T at   34  1   RLX: 0.457
       a = 17.000      CL =  1.3186
      Cm = -0.0308     CD =  0.09484   =>   CDf =  0.00631    CDp =  0.08852

 Side 1  free  transition at x/c =  0.0216   33
 Side 2 forced transition at x/c =  1.0000   64

   2   rms: 0.2270E-01   max: 0.1259E+00   D at   68  1
       a = 17.000      CL =  1.3172
      Cm = -0.0325     CD =  0.09859   =>   CDf =  0.00630    CDp =  0.09229

 Side 1  free  transition at x/c =  0.0214   33
 Side 2 forced transition at x/c =  1.0000   64

   3   rms: 0.5281E-02   max: 0.3553E-01   D at   68  1
       a = 17.000      CL =  1.3142
      Cm = -0.0326     CD =  0.09818   =>   CDf =  0.00618    CDp =  0.09200

 Side 1  free  transition at x/c =  0.0215   33
 Side 2 forced transition at x/c =  1.0000   64

   4   rms: 0.4024E-03   max: 0.2039E-02   D at   80  2
       a = 17.000      CL =  1.3140
      Cm = -0.0325     CD =  0.09800   =>   CDf =  0.00618    CDp =  0.09182

 Side 1  free  transition at x/c =  0.0215   33
 Side 2 forced transition at x/c =  1.0000   64

   5   rms: 0.2856E-04   max: -.1109E-03   D at   66  1
       a = 17.000      CL =  1.3140
      Cm = -0.0325     CD =  0.09799   =>   CDf =  0.00618    CDp =  0.09181
      9.000   13.5902   0.097988   0.020793   0.004391  -0.016402    0.0215     #

 Point added to stored polar  1
 Point written to save file  clarky_re214862_clean.polar                     
 Dump file unspecified or not available
 Calculating wake trajectory ...
 Calculating source influence matrix ...

 Solving BL system ...

 Side 1  free  transition at x/c =  0.0215   33
 Side 2 forced transition at x/c =  1.0000   64

   1   rms: 0.2631E-01   max: 0.1106E+00   T at   33  1   RLX: 0.443
       a = 17.250      CL =  1.3148
      Cm = -0.0329     CD =  0.09979   =>   CDf =  0.00619    CDp =  0.09360

 Side 1  free  transition at x/c =  0.0213   33
 Side 2 forced transition at x/c =  1.0000   64

   2   rms: 0.1443E-01   max: 0.5261E-01   T at   33  1
       a = 17.250      CL =  1.3154
      Cm = -0.0332     CD =  0.10177   =>   CDf =  0.00613    CDp =  0.09564

 Side 1  free  transition at x/c =  0.0210   33
 Side 2 forced transition at x/c =  1.0000   64

   3   rms: 0.2757E-02   max: 0.1119E-01   D at   67  1
       a = 17.250      CL =  1.3136
      Cm = -0.0333     CD =  0.10157   =>   CDf =  0.00607    CDp =  0.09550

 Side 1  free  transition at x/c =  0.0211   33
 Side 2 forced transition at x/c =  1.0000   64

   4   rms: 0.1629E-03   max: 0.8883E-03   D at   83  2
       a = 17.250      CL =  1.3136
      Cm = -0.0333     CD =  0.10147   =>   CDf =  0.00606    CDp =  0.09540

 Side 1  free  transition at x/c =  0.0211   33
 Side 2 forced transition at x/c =  1.0000   64

   5   rms: 0.2072E-04   max: -.6451E-04   D at   81  2
       a = 17.250      CL =  1.3136
      Cm = -0.0333     CD =  0.10146   =>   CDf =  0.00606    CDp =  0.09540
      9.000   14.0492   0.101464   0.021054   0.004549  -0.016505    0.0211     #

 Point added to stored polar  1
 Point written to save file  clarky_re214862_clean.polar                     
 Dump file unspecified or not available
 Calculating wake trajectory ...
 Calculating source influence matrix ...

 Solving BL system ...

 Side 1  free  transition at x/c =  0.0211   33
 Side 2 forced transition at x/c =  1.0000   64

   1   rms: 0.2588E-01   max: 0.9713E-01   T at   33  1   RLX: 0.433
       a = 17.500      CL =  1.3150
      Cm = -0.0335     CD =  0.10302   =>   CDf =  0.00607    CDp =  0.09695

 Side 1  free  transition at x/c =  0.0209   33
 Side 2 forced transition at x/c =  1.0000   64

   2   rms: 0.1459E-01   max: 0.4560E-01   T at   33  1
       a = 17.500      CL =  1.3165
      Cm = -0.0338     CD =  0.10487   =>   CDf =  0.00603    CDp =  0.09884

 Side 1  free  transition at x/c =  0.0207   33
 Side 2 forced transition at x/c =  1.0000   64

   3   rms: 0.2660E-02   max: 0.9990E-02   D at   67  1
       a = 17.500      CL =  1.3150
      Cm = -0.0339     CD =  0.10469   =>   CDf =  0.00598    CDp =  0.09871

 Side 1  free  transition at x/c =  0.0207   33
 Side 2 forced transition at x/c =  1.0000   64

   4   rms: 0.2057E-03   max: 0.1133E-02   D at   83  2
       a = 17.500      CL =  1.3148
      Cm = -0.0338     CD =  0.10459   =>   CDf =  0.00597    CDp =  0.09862

 Side 1  free  transition at x/c =  0.0207   33
 Side 2 forced transition at x/c =  1.0000   64

   5   rms: 0.1806E-04   max: -.6725E-04   D at   65  1
       a = 17.500      CL =  1.3148
      Cm = -0.0338     CD =  0.10458   =>   CDf =  0.00597    CDp =  0.09861
      9.000   14.5442   0.104584   0.021492   0.004730  -0.016762    0.0207     #

 Point added to stored polar  1
 Point written to save file  clarky_re214862_clean.polar                     
 Dump file unspecified or not available
 Calculating wake trajectory ...
 Calculating source influence matrix ...

 Solving BL system ...

 Side 1  free  transition at x/c =  0.0207   33
 Side 2 forced transition at x/c =  1.0000   64

   1   rms: 0.2610E-01   max: 0.8237E-01   T at   33  1   RLX: 0.424
       a = 17.750      CL =  1.3169
      Cm = -0.0339     CD =  0.10594   =>   CDf =  0.00598    CDp =  0.09996

 Side 1  free  transition at x/c =  0.0205   33
 Side 2 forced transition at x/c =  1.0000   64

   2   rms: 0.1466E-01   max: 0.4457E-01   T at   33  1
       a = 17.750      CL =  1.3190
      Cm = -0.0341     CD =  0.10770   =>   CDf =  0.00595    CDp =  0.10175

 Side 1  free  transition at x/c =  0.0203   33
 Side 2 forced transition at x/c =  1.0000   64

   3   rms: 0.3140E-02   max: 0.1005E-01   D at   66  1
       a = 17.750      CL =  1.3172
      Cm = -0.0343     CD =  0.10763   =>   CDf =  0.00590    CDp =  0.10172

 Side 1  free  transition at x/c =  0.0204   33
 Side 2 forced transition at x/c =  1.0000   64

   4   rms: 0.2227E-03   max: -.1313E-02   D at   67  1
       a = 17.750      CL =  1.3171
      Cm = -0.0343     CD =  0.10749   =>   CDf =  0.00590    CDp =  0.10159

 Side 1  free  transition at x/c =  0.0204   33
 Side 2 forced transition at x/c =  1.0000   64

   5   rms: 0.3832E-04   max: -.1391E-03   D at   82  2
       a = 17.750      CL =  1.3171
      Cm = -0.0343     CD =  0.10749   =>   CDf =  0.00590    CDp =  0.10159
      9.000   15.0546   0.107485   0.022056   0.004923  -0.017133    0.0204     #

 Point added to stored polar  1
 Point written to save file  clarky_re214862_clean.polar                     
 Dump file unspecified or not available
 Calculating wake trajectory ...
 Calculating source influence matrix ...

 Solving BL system ...

 Side 1  free  transition at x/c =  0.0204   33
 Side 2 forced transition at x/c =  1.0000   64

   1   rms: 0.2649E-01   max: 0.8924E-01   T at   33  1   RLX: 0.415
       a = 18.000      CL =  1.3196
      Cm = -0.0343     CD =  0.10868   =>   CDf =  0.00590    CDp =  0.10278

 Side 1  free  transition at x/c =  0.0202   33
 Side 2 forced transition at x/c =  1.0000   64

   2   rms: 0.1498E-01   max: 0.5011E-01   T at   33  1
       a = 18.000      CL =  1.3225
      Cm = -0.0344     CD =  0.11031   =>   CDf =  0.00533    CDp =  0.10498

 Side 1  free  transition at x/c =  0.0200   34
 Side 2 forced transition at x/c =  1.0000   63

   3   rms: 0.3753E-02   max: -.3402E-01   T at    2  1
       a = 18.000      CL =  1.3206
      Cm = -0.0346     CD =  0.11029   =>   CDf =  0.00584    CDp =  0.10445

 Side 1  free  transition at x/c =  0.0201   34
 Side 2 forced transition at x/c =  1.0000   63

   4   rms: 0.7266E-03   max: -.9532E-02   D at    4  1
       a = 18.000      CL =  1.3205
      Cm = -0.0346     CD =  0.11015   =>   CDf =  0.00583    CDp =  0.10431

 Side 1  free  transition at x/c =  0.0201   34
 Side 2 forced transition at x/c =  1.0000   63

   5   rms: 0.4270E-04   max: -.1474E-03   D at   81  2
       a = 18.000      CL =  1.3206
      Cm = -0.0346     CD =  0.11014   =>   CDf =  0.00583    CDp =  0.10431
      9.000   15.5602   0.110145   0.022737   0.005127  -0.017610    0.0201     #

 Point added to stored polar  1
 Point written to save file  clarky_re214862_clean.polar                     
 Dump file unspecified or not available

.OPERva   c>  
 Polar accumulation disabled

.OPERv   c>  
 XFOIL   c>  
--- STDERR ---
