
 ===================================================
  XFOIL Version 6.99
  Copyright (C) 2000   Mark Drela, Harold Youngren

  This software comes with ABSOLUTELY NO WARRANTY,
    subject to the GNU General Public License.

  Caveat computor
 ===================================================

 File  xfoil.def  not found

   QUIT    Exit program

  .OPER    Direct operating point(s)
  .MDES    Complex mapping design routine
  .QDES    Surface speed design routine
  .GDES    Geometry design routine

   SAVE f  Write airfoil to labeled coordinate file
   PSAV f  Write airfoil to plain coordinate file
   ISAV f  Write airfoil to ISES coordinate file
   MSAV f  Write airfoil to MSES coordinate file
   REVE    Reverse written-airfoil node ordering
   DELI i  Change written-airfoil file delimiters

   LOAD f  Read buffer airfoil from coordinate file
   NACA i  Set NACA 4,5-digit airfoil and buffer airfoil
   INTE    Set buffer airfoil by interpolating two airfoils
   NORM    Buffer airfoil normalization toggle
   HALF    Halve the number of points in buffer airfoil
   XYCM rr Change CM reference location, currently  0.25000 0.00000

   BEND    Display structural properties of current airfoil

   PCOP    Set current-airfoil panel nodes directly from buffer airfoil points
   PANE    Set current-airfoil panel nodes ( 160 ) based on curvature
  .PPAR    Show/change paneling

  .PLOP    Plotting options

   WDEF f  Write  current-settings file
   RDEF f  Reread current-settings file
   NAME s  Specify new airfoil name
   NINC    Increment name version number

   Z       Zoom    | (available in all menus)
   U       Unzoom  | 

 XFOIL   c>  
 Labeled airfoil file.  Name:  Clark Y generated XFOIL input; source clarky.dat

 Number of input coordinate points: 122
 Counterclockwise ordering
 Max thickness =     0.117071  at x =   0.280
 Max camber    =     0.034331  at x =   0.420

  LE  x,y  =   0.00000   0.00000  |   Chord =   1.00000
  TE  x,y  =   1.00000   0.00000  |

 Current airfoil nodes set from buffer airfoil nodes ( 121 )

 XFOIL   c>  
 Sharp leading edge

 Blunt trailing edge.  Gap =  0.00120

 Paneling parameters used...
   Number of panel nodes       160
   Panel bunching parameter    1.000
   TE/LE panel density ratio   0.150
   Refined-area/LE panel density ratio    0.200
   Top    side refined area x/c limits  1.000 1.000
   Bottom side refined area x/c limits  1.000 1.000

 XFOIL   c>  
.OPERi   c>  
 M  =    0.0000
 Re =  0.3000E+06

.OPERv   c>  
 Xtr/c     =  1.0000    top    side
 Xtr/c     =  1.0000    bottom side
 NcritT    =    9.00   ( 0.070 % turb. level )
 NcritB    =    9.00   ( 0.070 % turb. level )
 Vacc      =  0.0100
 WakeL/c   =   1.000

 Klag  =  5.6000     Uxwt  =    1.00       Kdl =  0.9000
 A     =  6.7000     B     =  0.7500       KCt = 0.01485
 CtiniK=  1.8000     CtiniX=  3.3000

..VPAR   c>  
..VPAR   c>  
.OPERv   c>  
.OPERv   c>  
 Polar  1 newly created for accumulation
 Airfoil archived with polar: Clark Y generated XFOIL input; source clarky.dat

Enter  polar save filename  OR  <return> for no file   s>  
 New polar save file available

Enter  polar dump filename  OR  <return> for no file   s>  
 Polar dump file will NOT be written

 Polar accumulation enabled

.OPERva   c>   Calculating unit vorticity distributions ...
 Calculating wake trajectory ...
 Calculating source influence matrix ...

 Solving BL system ...

 Initializing BL ...
    side            1  ...
 MRCHUE: Inverse mode at  31     Hk =   3.913
 MRCHUE: Inverse mode at  32     Hk =   4.857
 MRCHUE: Inverse mode at  33     Hk =   5.723
 MRCHUE: Convergence failed at  34  side 1    Res =  0.5573E+01
 MRCHUE: Inverse mode at  35     Hk =   6.476
 MRCHUE: Inverse mode at  36     Hk =   2.500
 MRCHUE: Inverse mode at  37     Hk =   2.500
 MRCHUE: Inverse mode at  38     Hk =   2.500
 MRCHUE: Inverse mode at  83     Hk =   2.500
 MRCHUE: Inverse mode at  84     Hk =   2.500
 MRCHUE: Inverse mode at  85     Hk =   2.500
 MRCHUE: Inverse mode at  86     Hk =   2.500
 MRCHUE: Inverse mode at  87     Hk =   2.500
 MRCHUE: Inverse mode at  88     Hk =   2.500
 MRCHUE: Inverse mode at  89     Hk =   2.500
 MRCHUE: Inverse mode at  90     Hk =   2.500
 MRCHUE: Inverse mode at  91     Hk =   2.500
 MRCHUE: Inverse mode at  92     Hk =   2.500
 MRCHUE: Inverse mode at  93     Hk =   2.500
 MRCHUE: Inverse mode at  94     Hk =   2.500
 MRCHUE: Inverse mode at  95     Hk =   2.500
 MRCHUE: Inverse mode at  96     Hk =   2.500
 MRCHUE: Inverse mode at  97     Hk =   2.500
 MRCHUE: Inverse mode at  98     Hk =   2.500
 MRCHUE: Inverse mode at  99     Hk =   2.500
 MRCHUE: Inverse mode at 100     Hk =   2.500
 MRCHUE: Inverse mode at 101     Hk =   2.500
 MRCHUE: Inverse mode at 102     Hk =   2.500
 MRCHUE: Convergence failed at 103  side 1    Res =  0.5327E+01
 MRCHUE: Inverse mode at 104     Hk =   2.500
 MRCHUE: Inverse mode at 105     Hk =   2.500
 MRCHUE: Inverse mode at 106     Hk =   2.500
 MRCHUE: Convergence failed at 107  side 1    Res =  0.6201E+01
 MRCHUE: Convergence failed at 108  side 1    Res =  0.6251E+01
    side            2  ...
 MRCHUE: Inverse mode at  55     Hk =   3.057

 MRCHDU: Convergence failed at  36  side 1    Res =  0.2429E+01
 MRCHDU: Convergence failed at  37  side 1    Res =  0.6482E+01
 MRCHDU: Convergence failed at  38  side 1    Res =  0.4007E+02
 MRCHDU: Convergence failed at  39  side 1    Res =  0.1809E+02
 MRCHDU: Convergence failed at  40  side 1    Res =  0.8874E+01
 MRCHDU: Convergence failed at  41  side 1    Res =  0.1516E+02
 MRCHDU: Convergence failed at  42  side 1    Res =  0.2661E+02
 MRCHDU: Convergence failed at  43  side 1    Res =  0.2459E+02
 MRCHDU: Convergence failed at  44  side 1    Res =  0.2065E+02
 MRCHDU: Convergence failed at  45  side 1    Res =  0.2326E+02
 MRCHDU: Convergence failed at  46  side 1    Res =  0.3863E+02
 MRCHDU: Convergence failed at  47  side 1    Res =  0.5859E+02
 MRCHDU: Convergence failed at  48  side 1    Res =  0.1216E+03
 MRCHDU: Convergence failed at  49  side 1    Res =  0.1969E+04
 MRCHDU: Convergence failed at  50  side 1    Res =  0.9284E+02
 MRCHDU: Convergence failed at  51  side 1    Res =  0.5676E+02
 MRCHDU: Convergence failed at  52  side 1    Res =  0.4383E+02
 MRCHDU: Convergence failed at  53  side 1    Res =  0.3835E+02
 MRCHDU: Convergence failed at  54  side 1    Res =  0.2851E+02
 MRCHDU: Convergence failed at  55  side 1    Res =  0.2476E+02
 MRCHDU: Convergence failed at  56  side 1    Res =  0.2602E+02
 MRCHDU: Convergence failed at  57  side 1    Res =  0.2449E+02
 MRCHDU: Convergence failed at  58  side 1    Res =  0.2648E+02
 MRCHDU: Convergence failed at  59  side 1    Res =  0.2759E+02
 MRCHDU: Convergence failed at  60  side 1    Res =  0.3081E+02
 MRCHDU: Convergence failed at  61  side 1    Res =  0.3048E+02
 MRCHDU: Convergence failed at  62  side 1    Res =  0.2850E+02
 MRCHDU: Convergence failed at  63  side 1    Res =  0.2677E+02
 MRCHDU: Convergence failed at  64  side 1    Res =  0.2483E+02
 MRCHDU: Convergence failed at  65  side 1    Res =  0.1782E+02
 MRCHDU: Convergence failed at  66  side 1    Res =  0.2322E+02
 MRCHDU: Convergence failed at  67  side 1    Res =  0.2082E+02
 MRCHDU: Convergence failed at  68  side 1    Res =  0.2752E+02
 MRCHDU: Convergence failed at  69  side 1    Res =  0.3717E+02
 MRCHDU: Convergence failed at  70  side 1    Res =  0.3881E+02
 MRCHDU: Convergence failed at  71  side 1    Res =  0.3349E+02
 MRCHDU: Convergence failed at  72  side 1    Res =  0.3035E+02
 MRCHDU: Convergence failed at  73  side 1    Res =  0.2217E+02
 MRCHDU: Convergence failed at  74  side 1    Res =  0.4517E+03
 MRCHDU: Convergence failed at  75  side 1    Res =  0.1914E+02
 MRCHDU: Convergence failed at  76  side 1    Res =  0.1864E+02
 MRCHDU: Convergence failed at  77  side 1    Res =  0.8432E+03
 MRCHDU: Convergence failed at  78  side 1    Res =  0.1273E+04
 MRCHDU: Convergence failed at  79  side 1    Res =  0.7435E+03
 MRCHDU: Convergence failed at  80  side 1    Res =  0.1615E+02
 MRCHDU: Convergence failed at  81  side 1    Res =  0.1657E+02
 MRCHDU: Convergence failed at  82  side 1    Res =  0.2179E+03
 MRCHDU: Convergence failed at  83  side 1    Res =  0.7145E+03
 MRCHDU: Convergence failed at  84  side 1    Res =  0.1838E+03
 MRCHDU: Convergence failed at  85  side 1    Res =  0.1179E+03
 MRCHDU: Convergence failed at  86  side 1    Res =  0.8691E+02
 MRCHDU: Convergence failed at  87  side 1    Res =  0.6983E+02
 MRCHDU: Convergence failed at  88  side 1    Res =  0.5903E+02
 MRCHDU: Convergence failed at  89  side 1    Res =  0.5157E+02
 MRCHDU: Convergence failed at  90  side 1    Res =  0.4610E+02
 MRCHDU: Convergence failed at  91  side 1    Res =  0.4191E+02
 MRCHDU: Convergence failed at  92  side 1    Res =  0.3859E+02
 MRCHDU: Convergence failed at  93  side 1    Res =  0.3588E+02
 MRCHDU: Convergence failed at  94  side 1    Res =  0.3364E+02
 MRCHDU: Convergence failed at  95  side 1    Res =  0.3176E+02
 MRCHDU: Convergence failed at  96  side 1    Res =  0.3015E+02
 MRCHDU: Convergence failed at  97  side 1    Res =  0.2878E+02
 MRCHDU: Convergence failed at  98  side 1    Res =  0.2757E+02
 MRCHDU: Convergence failed at  99  side 1    Res =  0.2652E+02
 MRCHDU: Convergence failed at 100  side 1    Res =  0.2557E+02
 MRCHDU: Convergence failed at 101  side 1    Res =  0.2472E+02
 MRCHDU: Convergence failed at 102  side 1    Res =  0.2395E+02
 MRCHDU: Convergence failed at 103  side 1    Res =  0.1686E+02
 MRCHDU: Convergence failed at 104  side 1    Res =  0.1657E+02
 MRCHDU: Convergence failed at 105  side 1    Res =  0.1629E+02
 MRCHDU: Convergence failed at 106  side 1    Res =  0.1601E+02
 MRCHDU: Convergence failed at 107  side 1    Res =  0.1210E+02
 MRCHDU: Convergence failed at 108  side 1    Res =  0.9379E+01
 Side 1  free  transition at x/c =  0.0069   36
 Side 2 forced transition at x/c =  1.0000   55

   1   rms: 0.3584E+01   max: 0.9909E+01   C at   78  2   RLX: 0.108
       a = 18.000      CL = 13.3581
      Cm = -3.3789     CD =  0.00087   =>   CDf = -0.00274    CDp =  0.00361

 Side 1  free  transition at x/c =  0.0066   36
 Side 2 forced transition at x/c =  1.0000   55

   2   rms: 0.2548E+01   max: 0.4738E+01   D at   57  2   RLX: 0.046
       a = 18.000      CL = 12.0605
      Cm = -2.8772     CD =  0.00349   =>   CDf =  0.04393    CDp = -0.04045

 Side 1  free  transition at x/c =  0.0066   35
 Side 2 forced transition at x/c =  1.0000   55

   3   rms: 0.2416E+01   max: 0.4032E+01   D at   57  2   RLX: 0.052
       a = 18.000      CL = 11.3705
      Cm = -2.6638     CD =  0.00381   =>   CDf =  0.04171    CDp = -0.03790

 Side 1  free  transition at x/c =  0.0065   35
 Side 2 forced transition at x/c =  1.0000   55

   4   rms: 0.2287E+01   max: 0.3330E+01   D at   57  2   RLX: 0.056
       a = 18.000      CL = 10.6867
      Cm = -2.4534     CD =  0.00414   =>   CDf =  0.03933    CDp = -0.03518

 Side 1  free  transition at x/c =  0.0065   35
 Side 2 forced transition at x/c =  1.0000   55

   5   rms: 0.2161E+01   max: 0.2801E+01   D at   57  2   RLX: 0.061
       a = 18.000      CL = 10.0096
      Cm = -2.2464     CD =  0.00450   =>   CDf =  0.03695    CDp = -0.03245

 Side 1  free  transition at x/c =  0.0064   35
 Side 2 forced transition at x/c =  1.0000   55

   6   rms: 0.2037E+01   max: 0.2363E+01   D at   57  2   RLX: 0.066
       a = 18.000      CL =  9.3393
      Cm = -2.0429     CD =  0.00489   =>   CDf =  0.03458    CDp = -0.02969

 Side 1  free  transition at x/c =  0.0064   35
 Side 2 forced transition at x/c =  1.0000   55

   7   rms: 0.1913E+01   max: 0.2031E+01   D at   58  2   RLX: 0.072
       a = 18.000      CL =  8.6761
      Cm = -1.8431     CD =  0.00532   =>   CDf =  0.03221    CDp = -0.02689

 Side 1  free  transition at x/c =  0.0063   35
 Side 2 forced transition at x/c =  1.0000   55

   8   rms: 0.1802E+01   max: -.1771E+01   U at  108  1   RLX: 0.081
       a = 18.000      CL =  8.0140
      Cm = -1.6455     CD =  0.00576   =>   CDf =  0.02981    CDp = -0.02405

 Side 1  free  transition at x/c =  0.0063   35
 Side 2 forced transition at x/c =  1.0000   55

   9   rms: 0.1669E+01   max: 0.1710E+01   D at   59  2   RLX: 0.088
       a = 18.000      CL =  7.3699
      Cm = -1.4550     CD =  0.00635   =>   CDf =  0.02746    CDp = -0.02111

 Side 1  free  transition at x/c =  0.0063   35
 Side 2 forced transition at x/c =  1.0000   55

  10   rms: 0.1588E+01   max: 0.1694E+01   D at   59  2   RLX: 0.098
       a = 18.000      CL =  6.7304
      Cm = -1.2680     CD =  0.00705   =>   CDf =  0.02531    CDp = -0.01826

 Side 1  free  transition at x/c =  0.0063   35
 Side 2 forced transition at x/c =  1.0000   55

  11   rms: 0.1434E+01   max: 0.1605E+01   D at   60  2   RLX: 0.111
       a = 18.000      CL =  6.1034
      Cm = -1.0879     CD =  0.00799   =>   CDf =  0.02443    CDp = -0.01644

 Side 1  free  transition at x/c =  0.0063   34
 Side 2 forced transition at x/c =  1.0000   56

  12   rms: 0.1246E+01   max: 0.1229E+01   D at   64  2   RLX: 0.132
       a = 18.000      CL =  5.4913
      Cm = -0.9128     CD =  0.00904   =>   CDf =  0.02126    CDp = -0.01222

 Side 1  free  transition at x/c =  0.0062   34
 Side 2 forced transition at x/c =  1.0000   56

  13   rms: 0.1061E+01   max: -.1124E+01   U at  107  1   RLX: 0.162
       a = 18.000      CL =  4.8979
      Cm = -0.7464     CD =  0.01046   =>   CDf =  0.01913    CDp = -0.00867

 Side 1  free  transition at x/c =  0.0061   34
 Side 2 forced transition at x/c =  1.0000   56

  14   rms: 0.9075E+00   max: 0.1170E+01   C at   56  2   RLX: 0.204
       a = 18.000      CL =  4.3215
      Cm = -0.5905     CD =  0.01277   =>   CDf =  0.01689    CDp = -0.00411

 Side 1  free  transition at x/c =  0.0059   34
 Side 2 forced transition at x/c =  1.0000   56

  15   rms: 0.9467E+00   max: 0.1682E+01   D at   63  2   RLX: 0.221
       a = 18.000      CL =  3.7527
      Cm = -0.4480     CD =  0.01683   =>   CDf =  0.01436    CDp =  0.00247

 Side 1  free  transition at x/c =  0.0060   34
 Side 2 forced transition at x/c =  1.0000   56

  16   rms: 0.9213E+00   max: -.1981E+01   C at   56  2   RLX: 0.252
       a = 18.000      CL =  3.2042
      Cm = -0.3215     CD =  0.02301   =>   CDf =  0.01299    CDp =  0.01001

 Side 1  free  transition at x/c =  0.0063   33
 Side 2 forced transition at x/c =  1.0000   57

  17   rms: 0.9489E+00   max: 0.2207E+01   D at  103  1   RLX: 0.273
       a = 18.000      CL =  2.6997
      Cm = -0.2238     CD =  0.03203   =>   CDf =  0.01110    CDp =  0.02093

 Side 1  free  transition at x/c =  0.0068   33
 Side 2 forced transition at x/c =  1.0000   58

  18   rms: 0.8647E+00   max: 0.2320E+01   D at   96  1   RLX: 0.383
       a = 18.000      CL =  2.1728
      Cm = -0.1389     CD =  0.05049   =>   CDf =  0.01036    CDp =  0.04014

 MRCHDU: Convergence failed at  85  side 1    Res =  0.1321E+01
 MRCHDU: Convergence failed at  86  side 1    Res =  0.9307E+00
 Side 1  free  transition at x/c =  0.0073   31
 Side 2 forced transition at x/c =  1.0000   60

  19   rms: 0.5981E+00   max: 0.2122E+01   D at   86  1   RLX: 0.502
       a = 18.000      CL =  1.7859
      Cm = -0.0931     CD =  0.07524   =>   CDf =  0.00818    CDp =  0.06706

 Side 1  free  transition at x/c =  0.0080   30
 Side 2 forced transition at x/c =  1.0000   61

  20   rms: 0.4904E+00   max: 0.1906E+01   D at   78  1   RLX: 0.787
       a = 18.000      CL =  1.3927
      Cm = -0.0615     CD =  0.11945   =>   CDf =  0.00774    CDp =  0.11172

 Side 1  free  transition at x/c =  0.0094   29
 Side 2 forced transition at x/c =  1.0000   63

  21   rms: 0.1996E+00   max: 0.1256E+01   D at   69  1
       a = 18.000      CL =  1.2710
      Cm = -0.0504     CD =  0.13667   =>   CDf =  0.00599    CDp =  0.13068

 Side 1  free  transition at x/c =  0.0098   28
 Side 2 forced transition at x/c =  1.0000   64

  22   rms: 0.3125E-01   max: 0.2411E+00   D at   63  1
       a = 18.000      CL =  1.2793
      Cm = -0.0482     CD =  0.12346   =>   CDf =  0.00521    CDp =  0.11825

 Side 1  free  transition at x/c =  0.0097   28
 Side 2 forced transition at x/c =  1.0000   64

  23   rms: 0.3128E-02   max: -.2358E-01   D at   63  1
       a = 18.000      CL =  1.2813
      Cm = -0.0479     CD =  0.12154   =>   CDf =  0.00522    CDp =  0.11632

 Side 1  free  transition at x/c =  0.0096   28
 Side 2 forced transition at x/c =  1.0000   64

  24   rms: 0.1703E-03   max: -.8684E-03   D at   83  2
       a = 18.000      CL =  1.2815
      Cm = -0.0480     CD =  0.12159   =>   CDf =  0.00522    CDp =  0.11637

 Side 1  free  transition at x/c =  0.0096   28
 Side 2 forced transition at x/c =  1.0000   64

  25   rms: 0.6951E-05   max: 0.3103E-04   T at   80  2
       a = 18.000      CL =  1.2815
      Cm = -0.0480     CD =  0.12160   =>   CDf =  0.00522    CDp =  0.11638
      5.000   12.8759   0.121601   0.015454   0.003062  -0.012392    0.0096     #

 Point added to stored polar  1
 Point written to save file  clarky_re300000_realistic_model_reverse.polar   
 Dump file unspecified or not available
 Calculating wake trajectory ...
 Calculating source influence matrix ...

 Solving BL system ...

 Side 1  free  transition at x/c =  0.0096   28
 Side 2 forced transition at x/c =  1.0000   64

   1   rms: 0.2607E-01   max: -.1246E+00   D at   60  1   RLX: 0.411
       a = 17.750      CL =  1.2825
      Cm = -0.0470     CD =  0.11910   =>   CDf =  0.00522    CDp =  0.11388

 Side 1  free  transition at x/c =  0.0097   28
 Side 2 forced transition at x/c =  1.0000   64

   2   rms: 0.1554E-01   max: -.7069E-01   D at   60  1
       a = 17.750      CL =  1.2846
      Cm = -0.0458     CD =  0.11612   =>   CDf =  0.00526    CDp =  0.11086

 Side 1  free  transition at x/c =  0.0098   28
 Side 2 forced transition at x/c =  1.0000   64

   3   rms: 0.3453E-02   max: -.1443E-01   D at   84  2
       a = 17.750      CL =  1.2869
      Cm = -0.0458     CD =  0.11666   =>   CDf =  0.00532    CDp =  0.11134

 Side 1  free  transition at x/c =  0.0098   28
 Side 2 forced transition at x/c =  1.0000   64

   4   rms: 0.2468E-03   max: -.1447E-02   D at   84  2
       a = 17.750      CL =  1.2870
      Cm = -0.0458     CD =  0.11679   =>   CDf =  0.00532    CDp =  0.11147

 Side 1  free  transition at x/c =  0.0098   28
 Side 2 forced transition at x/c =  1.0000   64

   5   rms: 0.9280E-05   max: -.3721E-04   D at   86  2
       a = 17.750      CL =  1.2870
      Cm = -0.0458     CD =  0.11680   =>   CDf =  0.00532    CDp =  0.11147
      5.000   12.6652   0.116798   0.015690   0.003020  -0.012670    0.0098     #

 Point added to stored polar  1
 Point written to save file  clarky_re300000_realistic_model_reverse.polar   
 Dump file unspecified or not available
 Calculating wake trajectory ...
 Calculating source influence matrix ...

 Solving BL system ...

 Side 1  free  transition at x/c =  0.0098   28
 Side 2 forced transition at x/c =  1.0000   64

   1   rms: 0.2674E-01   max: -.1275E+00   D at   61  1   RLX: 0.423
       a = 17.500      CL =  1.2884
      Cm = -0.0449     CD =  0.11423   =>   CDf =  0.00532    CDp =  0.10891

 Side 1  free  transition at x/c =  0.0099   28
 Side 2 forced transition at x/c =  1.0000   64

   2   rms: 0.1631E-01   max: -.7594E-01   D at   61  1
       a = 17.500      CL =  1.2912
      Cm = -0.0436     CD =  0.11115   =>   CDf =  0.00536    CDp =  0.10579

 Side 1  free  transition at x/c =  0.0100   28
 Side 2 forced transition at x/c =  1.0000   64

   3   rms: 0.2922E-02   max: -.1367E-01   D at   83  2
       a = 17.500      CL =  1.2932
      Cm = -0.0438     CD =  0.11177   =>   CDf =  0.00543    CDp =  0.10634

 Side 1  free  transition at x/c =  0.0099   28
 Side 2 forced transition at x/c =  1.0000   64

   4   rms: 0.1514E-03   max: -.1029E-02   D at   84  2
       a = 17.500      CL =  1.2933
      Cm = -0.0438     CD =  0.11188   =>   CDf =  0.00543    CDp =  0.10645

 Side 1  free  transition at x/c =  0.0099   28
 Side 2 forced transition at x/c =  1.0000   64

   5   rms: 0.8630E-05   max: 0.2335E-04   D at   80  2
       a = 17.500      CL =  1.2933
      Cm = -0.0438     CD =  0.11188   =>   CDf =  0.00543    CDp =  0.10645
      5.000   12.4571   0.111884   0.015982   0.002979  -0.013003    0.0099     #

 Point added to stored polar  1
 Point written to save file  clarky_re300000_realistic_model_reverse.polar   
 Dump file unspecified or not available
 Calculating wake trajectory ...
 Calculating source influence matrix ...

 Solving BL system ...

 Side 1  free  transition at x/c =  0.0099   28
 Side 2 forced transition at x/c =  1.0000   64

   1   rms: 0.2724E-01   max: -.1283E+00   D at   62  1   RLX: 0.436
       a = 17.250      CL =  1.2947
      Cm = -0.0428     CD =  0.10927   =>   CDf =  0.00543    CDp =  0.10384

 Side 1  free  transition at x/c =  0.0100   28
 Side 2 forced transition at x/c =  1.0000   64

   2   rms: 0.1674E-01   max: -.7809E-01   D at   63  1
       a = 17.250      CL =  1.2979
      Cm = -0.0416     CD =  0.10619   =>   CDf =  0.00548    CDp =  0.10072

 Side 1  free  transition at x/c =  0.0101   28
 Side 2 forced transition at x/c =  1.0000   64

   3   rms: 0.2831E-02   max: -.1384E-01   D at   83  2
       a = 17.250      CL =  1.2999
      Cm = -0.0418     CD =  0.10683   =>   CDf =  0.00555    CDp =  0.10128

 Side 1  free  transition at x/c =  0.0101   28
 Side 2 forced transition at x/c =  1.0000   64

   4   rms: 0.1250E-03   max: -.8449E-03   D at   83  2
       a = 17.250      CL =  1.3000
      Cm = -0.0418     CD =  0.10693   =>   CDf =  0.00555    CDp =  0.10138

 Side 1  free  transition at x/c =  0.0101   28
 Side 2 forced transition at x/c =  1.0000   64

   5   rms: 0.8459E-05   max: 0.2668E-04   D at   81  2
       a = 17.250      CL =  1.3000
      Cm = -0.0418     CD =  0.10693   =>   CDf =  0.00555    CDp =  0.10138
      5.000   12.2487   0.106930   0.016311   0.002937  -0.013374    0.0101     #

 Point added to stored polar  1
 Point written to save file  clarky_re300000_realistic_model_reverse.polar   
 Dump file unspecified or not available
 Calculating wake trajectory ...
 Calculating source influence matrix ...

 Solving BL system ...

 Side 1  free  transition at x/c =  0.0101   28
 Side 2 forced transition at x/c =  1.0000   64

   1   rms: 0.2779E-01   max: -.1296E+00   D at   63  1   RLX: 0.449
       a = 17.000      CL =  1.3014
      Cm = -0.0409     CD =  0.10428   =>   CDf =  0.00554    CDp =  0.09873

 Side 1  free  transition at x/c =  0.0102   28
 Side 2 forced transition at x/c =  1.0000   64

   2   rms: 0.1679E-01   max: -.7806E-01   D at   64  1
       a = 17.000      CL =  1.3049
      Cm = -0.0398     CD =  0.10131   =>   CDf =  0.00560    CDp =  0.09571

 Side 1  free  transition at x/c =  0.0103   28
 Side 2 forced transition at x/c =  1.0000   64

   3   rms: 0.2724E-02   max: -.1314E-01   D at   82  2
       a = 17.000      CL =  1.3068
      Cm = -0.0399     CD =  0.10191   =>   CDf =  0.00567    CDp =  0.09623

 Side 1  free  transition at x/c =  0.0102   28
 Side 2 forced transition at x/c =  1.0000   64

   4   rms: 0.1074E-03   max: -.6855E-03   D at   84  2
       a = 17.000      CL =  1.3068
      Cm = -0.0399     CD =  0.10199   =>   CDf =  0.00567    CDp =  0.09632

 Side 1  free  transition at x/c =  0.0102   28
 Side 2 forced transition at x/c =  1.0000   64

   5   rms: 0.6949E-05   max: 0.2129E-04   D at   81  2
       a = 17.000      CL =  1.3068
      Cm = -0.0399     CD =  0.10199   =>   CDf =  0.00567    CDp =  0.09632
      5.000   12.0395   0.101992   0.016668   0.002895  -0.013773    0.0102     #

 Point added to stored polar  1
 Point written to save file  clarky_re300000_realistic_model_reverse.polar   
 Dump file unspecified or not available
 Calculating wake trajectory ...
 Calculating source influence matrix ...

 Solving BL system ...

 Side 1  free  transition at x/c =  0.0102   28
 Side 2 forced transition at x/c =  1.0000   64

   1   rms: 0.2834E-01   max: -.1312E+00   D at   64  1   RLX: 0.464
       a = 16.750      CL =  1.3084
      Cm = -0.0390     CD =  0.09931   =>   CDf =  0.00566    CDp =  0.09364

 Side 1  free  transition at x/c =  0.0103   29
 Side 2 forced transition at x/c =  1.0000   64

   2   rms: 0.1864E-01   max: -.8851E-01   D at   65  1
       a = 16.750      CL =  1.3142
      Cm = -0.0378     CD =  0.09599   =>   CDf =  0.00571    CDp =  0.09027

 Side 1  free  transition at x/c =  0.0104   29
 Side 2 forced transition at x/c =  1.0000   64

   3   rms: 0.2504E-02   max: -.1198E-01   D at   83  2
       a = 16.750      CL =  1.3158
      Cm = -0.0380     CD =  0.09670   =>   CDf =  0.00578    CDp =  0.09092

 Side 1  free  transition at x/c =  0.0104   29
 Side 2 forced transition at x/c =  1.0000   64

   4   rms: 0.1033E-03   max: 0.5599E-03   D at   65  1
       a = 16.750      CL =  1.3157
      Cm = -0.0380     CD =  0.09677   =>   CDf =  0.00578    CDp =  0.09100

 Side 1  free  transition at x/c =  0.0104   29
 Side 2 forced transition at x/c =  1.0000   64

   5   rms: 0.1214E-04   max: 0.5703E-04   D at   81  2
       a = 16.750      CL =  1.3157
      Cm = -0.0380     CD =  0.09677   =>   CDf =  0.00578    CDp =  0.09100
      5.000   11.8126   0.096772   0.017041   0.002858  -0.014183    0.0104     #

 Point added to stored polar  1
 Point written to save file  clarky_re300000_realistic_model_reverse.polar   
 Dump file unspecified or not available
 Calculating wake trajectory ...
 Calculating source influence matrix ...

 Solving BL system ...

 Side 1  free  transition at x/c =  0.0104   29
 Side 2 forced transition at x/c =  1.0000   64

   1   rms: 0.3323E-01   max: -.1614E+00   D at   65  1   RLX: 0.483
       a = 16.500      CL =  1.3197
      Cm = -0.0369     CD =  0.09353   =>   CDf =  0.00577    CDp =  0.08776

 Side 1  free  transition at x/c =  0.0104   29
 Side 2 forced transition at x/c =  1.0000   64

   2   rms: 0.1794E-01   max: -.8114E-01   D at   64  1
       a = 16.500      CL =  1.3249
      Cm = -0.0359     CD =  0.09068   =>   CDf =  0.00582    CDp =  0.08486

 Side 1  free  transition at x/c =  0.0105   29
 Side 2 forced transition at x/c =  1.0000   64

   3   rms: 0.2949E-02   max: -.1338E-01   D at   82  2
       a = 16.500      CL =  1.3268
      Cm = -0.0361     CD =  0.09118   =>   CDf =  0.00587    CDp =  0.08531

 Side 1  free  transition at x/c =  0.0105   29
 Side 2 forced transition at x/c =  1.0000   64

   4   rms: 0.1367E-03   max: -.9200E-03   D at   78  2
       a = 16.500      CL =  1.3268
      Cm = -0.0361     CD =  0.09127   =>   CDf =  0.00588    CDp =  0.08539

 Side 1  free  transition at x/c =  0.0105   29
 Side 2 forced transition at x/c =  1.0000   64

   5   rms: 0.6939E-05   max: 0.2331E-04   D at   80  2
       a = 16.500      CL =  1.3268
      Cm = -0.0361     CD =  0.09127   =>   CDf =  0.00588    CDp =  0.08539
      5.000   11.5705   0.091267   0.017455   0.002833  -0.014622    0.0105     #

 Point added to stored polar  1
 Point written to save file  clarky_re300000_realistic_model_reverse.polar   
 Dump file unspecified or not available
 Calculating wake trajectory ...
 Calculating source influence matrix ...

 Solving BL system ...

 Side 1  free  transition at x/c =  0.0105   29
 Side 2 forced transition at x/c =  1.0000   64

   1   rms: 0.3412E-01   max: -.1659E+00   D at   66  1   RLX: 0.502
       a = 16.250      CL =  1.3309
      Cm = -0.0350     CD =  0.08797   =>   CDf =  0.00587    CDp =  0.08209

 Side 1  free  transition at x/c =  0.0106   29
 Side 2 forced transition at x/c =  1.0000   64

   2   rms: 0.1758E-01   max: -.7765E-01   D at   65  1
       a = 16.250      CL =  1.3359
      Cm = -0.0342     CD =  0.08538   =>   CDf =  0.00642    CDp =  0.07895

 Side 1  free  transition at x/c =  0.0106   28
 Side 2 forced transition at x/c =  1.0000   65

   3   rms: 0.2672E-02   max: 0.1401E-01   T at    2  2
       a = 16.250      CL =  1.3375
      Cm = -0.0343     CD =  0.08585   =>   CDf =  0.00599    CDp =  0.07986

 Side 1  free  transition at x/c =  0.0106   28
 Side 2 forced transition at x/c =  1.0000   65

   4   rms: 0.5914E-03   max: 0.7434E-02   D at    4  2
       a = 16.250      CL =  1.3376
      Cm = -0.0343     CD =  0.08591   =>   CDf =  0.00599    CDp =  0.07992

 Side 1  free  transition at x/c =  0.0106   28
 Side 2 forced transition at x/c =  1.0000   65

   5   rms: 0.3943E-05   max: 0.1415E-04   C at   65  2
       a = 16.250      CL =  1.3376
      Cm = -0.0343     CD =  0.08591   =>   CDf =  0.00599    CDp =  0.07992
      5.000   11.3282   0.085913   0.017869   0.002811  -0.015058    0.0106     #

 Point added to stored polar  1
 Point written to save file  clarky_re300000_realistic_model_reverse.polar   
 Dump file unspecified or not available
 Calculating wake trajectory ...
 Calculating source influence matrix ...

 Solving BL system ...

 Side 1  free  transition at x/c =  0.0106   28
 Side 2 forced transition at x/c =  1.0000   65

   1   rms: 0.3355E-01   max: -.1587E+00   D at   66  1   RLX: 0.522
       a = 16.000      CL =  1.3412
      Cm = -0.0333     CD =  0.08271   =>   CDf =  0.00599    CDp =  0.07672

 Side 1  free  transition at x/c =  0.0107   28
 Side 2 forced transition at x/c =  1.0000   65

   2   rms: 0.1745E-01   max: -.7859E-01   D at   66  1
       a = 16.000      CL =  1.3460
      Cm = -0.0326     CD =  0.08023   =>   CDf =  0.00605    CDp =  0.07418

 Side 1  free  transition at x/c =  0.0108   28
 Side 2 forced transition at x/c =  1.0000   65

   3   rms: 0.2154E-02   max: -.1026E-01   D at   78  2
       a = 16.000      CL =  1.3475
      Cm = -0.0327     CD =  0.08074   =>   CDf =  0.00611    CDp =  0.07463

 Side 1  free  transition at x/c =  0.0107   28
 Side 2 forced transition at x/c =  1.0000   65

   4   rms: 0.4854E-04   max: -.4475E-03   D at   78  2
       a = 16.000      CL =  1.3475
      Cm = -0.0327     CD =  0.08078   =>   CDf =  0.00611    CDp =  0.07468
      5.000   11.0786   0.080783   0.018260   0.002787  -0.015473    0.0107     #

 Point added to stored polar  1
 Point written to save file  clarky_re300000_realistic_model_reverse.polar   
 Dump file unspecified or not available
 Calculating wake trajectory ...
 Calculating source influence matrix ...

 Solving BL system ...

 Side 1  free  transition at x/c =  0.0107   28
 Side 2 forced transition at x/c =  1.0000   65

   1   rms: 0.3379E-01   max: -.1564E+00   D at   67  1   RLX: 0.543
       a = 15.750      CL =  1.3509
      Cm = -0.0318     CD =  0.07760   =>   CDf =  0.00610    CDp =  0.07150

 Side 1  free  transition at x/c =  0.0108   28
 Side 2 forced transition at x/c =  1.0000   65

   2   rms: 0.1660E-01   max: -.7347E-01   D at   67  1
       a = 15.750      CL =  1.3552
      Cm = -0.0312     CD =  0.07543   =>   CDf =  0.00617    CDp =  0.06926

 Side 1  free  transition at x/c =  0.0109   28
 Side 2 forced transition at x/c =  1.0000   65

   3   rms: 0.2219E-02   max: -.1003E-01   D at   78  2
       a = 15.750      CL =  1.3567
      Cm = -0.0314     CD =  0.07581   =>   CDf =  0.00623    CDp =  0.06958

 Side 1  free  transition at x/c =  0.0109   28
 Side 2 forced transition at x/c =  1.0000   65

   4   rms: 0.8387E-04   max: -.5956E-03   D at   78  2
       a = 15.750      CL =  1.3567
      Cm = -0.0314     CD =  0.07585   =>   CDf =  0.00623    CDp =  0.06963
      5.000   10.8189   0.075854   0.018659   0.002760  -0.015898    0.0109     #

 Point added to stored polar  1
 Point written to save file  clarky_re300000_realistic_model_reverse.polar   
 Dump file unspecified or not available
 Calculating wake trajectory ...
 Calculating source influence matrix ...

 Solving BL system ...

 Side 1  free  transition at x/c =  0.0109   28
 Side 2 forced transition at x/c =  1.0000   65

   1   rms: 0.3432E-01   max: -.1565E+00   D at   69  1   RLX: 0.566
       a = 15.500      CL =  1.3601
      Cm = -0.0305     CD =  0.07267   =>   CDf =  0.00622    CDp =  0.06645

 Side 1  free  transition at x/c =  0.0110   28
 Side 2 forced transition at x/c =  1.0000   65

   2   rms: 0.1551E-01   max: -.6714E-01   D at   68  1
       a = 15.500      CL =  1.3638
      Cm = -0.0301     CD =  0.07084   =>   CDf =  0.00629    CDp =  0.06454

 Side 1  free  transition at x/c =  0.0111   28
 Side 2 forced transition at x/c =  1.0000   65

   3   rms: 0.1790E-02   max: -.7849E-02   D at   77  2
       a = 15.500      CL =  1.3651
      Cm = -0.0302     CD =  0.07115   =>   CDf =  0.00635    CDp =  0.06480

 Side 1  free  transition at x/c =  0.0111   28
 Side 2 forced transition at x/c =  1.0000   65

   4   rms: 0.6402E-04   max: -.4323E-03   D at   77  2
       a = 15.500      CL =  1.3651
      Cm = -0.0302     CD =  0.07118   =>   CDf =  0.00635    CDp =  0.06483
      5.000   10.5486   0.071182   0.019023   0.002727  -0.016296    0.0111     #

 Point added to stored polar  1
 Point written to save file  clarky_re300000_realistic_model_reverse.polar   
 Dump file unspecified or not available
 Calculating wake trajectory ...
 Calculating source influence matrix ...

 Solving BL system ...

 Side 1  free  transition at x/c =  0.0111   28
 Side 2 forced transition at x/c =  1.0000   65

   1   rms: 0.3398E-01   max: -.1505E+00   D at   70  1   RLX: 0.590
       a = 15.250      CL =  1.3680
      Cm = -0.0295     CD =  0.06811   =>   CDf =  0.00634    CDp =  0.06177

 Side 1  free  transition at x/c =  0.0112   28
 Side 2 forced transition at x/c =  1.0000   65

   2   rms: 0.1509E-01   max: -.6468E-01   D at   69  1
       a = 15.250      CL =  1.3714
      Cm = -0.0291     CD =  0.06643   =>   CDf =  0.00642    CDp =  0.06000

 Side 1  free  transition at x/c =  0.0113   28
 Side 2 forced transition at x/c =  1.0000   65

   3   rms: 0.1351E-02   max: -.7217E-02   D at   77  2
       a = 15.250      CL =  1.3724
      Cm = -0.0293     CD =  0.06677   =>   CDf =  0.00648    CDp =  0.06029

 Side 1  free  transition at x/c =  0.0113   28
 Side 2 forced transition at x/c =  1.0000   65

   4   rms: 0.1787E-04   max: -.1723E-03   D at   77  2
       a = 15.250      CL =  1.3724
      Cm = -0.0293     CD =  0.06679   =>   CDf =  0.00648    CDp =  0.06031
      5.000   10.2670   0.066788   0.019358   0.002687  -0.016671    0.0113     #

 Point added to stored polar  1
 Point written to save file  clarky_re300000_realistic_model_reverse.polar   
 Dump file unspecified or not available
 Calculating wake trajectory ...
 Calculating source influence matrix ...

 Solving BL system ...

 Side 1  free  transition at x/c =  0.0113   28
 Side 2 forced transition at x/c =  1.0000   65

   1   rms: 0.3382E-01   max: -.1453E+00   D at   71  1   RLX: 0.616
       a = 15.000      CL =  1.3749
      Cm = -0.0287     CD =  0.06382   =>   CDf =  0.00647    CDp =  0.05735

 Side 1  free  transition at x/c =  0.0114   28
 Side 2 forced transition at x/c =  1.0000   65

   2   rms: 0.1391E-01   max: -.5816E-01   D at   70  1
       a = 15.000      CL =  1.3775
      Cm = -0.0285     CD =  0.06243   =>   CDf =  0.00655    CDp =  0.05588

 Side 1  free  transition at x/c =  0.0115   28
 Side 2 forced transition at x/c =  1.0000   65

   3   rms: 0.1529E-02   max: -.6752E-02   D at   77  2
       a = 15.000      CL =  1.3786
      Cm = -0.0286     CD =  0.06265   =>   CDf =  0.00660    CDp =  0.05604

 Side 1  free  transition at x/c =  0.0115   28
 Side 2 forced transition at x/c =  1.0000   65

   4   rms: 0.5676E-04   max: -.3460E-03   D at   77  2
       a = 15.000      CL =  1.3786
      Cm = -0.0286     CD =  0.06267   =>   CDf =  0.00660    CDp =  0.05606
      5.000    9.9734   0.062668   0.019662   0.002639  -0.017023    0.0115     #

 Point added to stored polar  1
 Point written to save file  clarky_re300000_realistic_model_reverse.polar   
 Dump file unspecified or not available
 Calculating wake trajectory ...
 Calculating source influence matrix ...

 Solving BL system ...

 Side 1  free  transition at x/c =  0.0115   28
 Side 2 forced transition at x/c =  1.0000   65

   1   rms: 0.3408E-01   max: -.1434E+00   D at   72  1   RLX: 0.643
       a = 14.750      CL =  1.3808
      Cm = -0.0281     CD =  0.05975   =>   CDf =  0.00660    CDp =  0.05315

 Side 1  free  transition at x/c =  0.0116   28
 Side 2 forced transition at x/c =  1.0000   65

   2   rms: 0.1273E-01   max: -.5213E-01   D at   72  1
       a = 14.750      CL =  1.3829
      Cm = -0.0281     CD =  0.05862   =>   CDf =  0.00669    CDp =  0.05193

 Side 1  free  transition at x/c =  0.0117   28
 Side 2 forced transition at x/c =  1.0000   65

   3   rms: 0.1108E-02   max: -.5343E-02   D at   76  2
       a = 14.750      CL =  1.3837
      Cm = -0.0281     CD =  0.05881   =>   CDf =  0.00673    CDp =  0.05208

 Side 1  free  transition at x/c =  0.0117   28
 Side 2 forced transition at x/c =  1.0000   65

   4   rms: 0.3592E-04   max: -.2369E-03   D at   76  2
       a = 14.750      CL =  1.3837
      Cm = -0.0281     CD =  0.05883   =>   CDf =  0.00674    CDp =  0.05209
      5.000    9.6694   0.058825   0.019919   0.002583  -0.017336    0.0117     #

 Point added to stored polar  1
 Point written to save file  clarky_re300000_realistic_model_reverse.polar   
 Dump file unspecified or not available
 Calculating wake trajectory ...
 Calculating source influence matrix ...

 Solving BL system ...

 Side 1  free  transition at x/c =  0.0117   28
 Side 2 forced transition at x/c =  1.0000   65

   1   rms: 0.3383E-01   max: -.1377E+00   D at   74  1   RLX: 0.671
       a = 14.500      CL =  1.3853
      Cm = -0.0278     CD =  0.05603   =>   CDf =  0.00673    CDp =  0.04930

 Side 1  free  transition at x/c =  0.0119   28
 Side 2 forced transition at x/c =  1.0000   65

   2   rms: 0.1176E-01   max: -.4749E-01   D at   73  1
       a = 14.500      CL =  1.3868
      Cm = -0.0278     CD =  0.05510   =>   CDf =  0.00682    CDp =  0.04828

 Side 1  free  transition at x/c =  0.0119   28
 Side 2 forced transition at x/c =  1.0000   65

   3   rms: 0.8275E-03   max: -.4714E-02   D at   76  2
       a = 14.500      CL =  1.3874
      Cm = -0.0279     CD =  0.05528   =>   CDf =  0.00687    CDp =  0.04842

 Side 1  free  transition at x/c =  0.0119   28
 Side 2 forced transition at x/c =  1.0000   65

   4   rms: 0.1252E-04   max: -.1222E-03   D at   76  2
       a = 14.500      CL =  1.3874
      Cm = -0.0279     CD =  0.05529   =>   CDf =  0.00687    CDp =  0.04842
      5.000    9.3583   0.055292   0.020145   0.002521  -0.017624    0.0119     #

 Point added to stored polar  1
 Point written to save file  clarky_re300000_realistic_model_reverse.polar   
 Dump file unspecified or not available
 Calculating wake trajectory ...
 Calculating source influence matrix ...

 Solving BL system ...

 Side 1  free  transition at x/c =  0.0119   28
 Side 2 forced transition at x/c =  1.0000   65

   1   rms: 0.3330E-01   max: -.1291E+00   D at   75  1   RLX: 0.700
       a = 14.250      CL =  1.3879
      Cm = -0.0277     CD =  0.05267   =>   CDf =  0.00735    CDp =  0.04531

 Side 1  free  transition at x/c =  0.0121   27
 Side 2 forced transition at x/c =  1.0000   66

   2   rms: 0.1252E-01   max: -.1066E+00   D at    2  2
       a = 14.250      CL =  1.3892
      Cm = -0.0279     CD =  0.05191   =>   CDf =  0.00696    CDp =  0.04495

 Side 1  free  transition at x/c =  0.0122   27
 Side 2 forced transition at x/c =  1.0000   66

   3   rms: 0.7811E-03   max: -.3826E-02   D at   76  2
       a = 14.250      CL =  1.3898
      Cm = -0.0279     CD =  0.05205   =>   CDf =  0.00701    CDp =  0.04504

 Side 1  free  transition at x/c =  0.0122   27
 Side 2 forced transition at x/c =  1.0000   66

   4   rms: 0.1684E-04   max: -.1134E-03   D at   76  2
       a = 14.250      CL =  1.3898
      Cm = -0.0279     CD =  0.05206   =>   CDf =  0.00701    CDp =  0.04505
      5.000    9.0420   0.052059   0.020334   0.002453  -0.017881    0.0122     #

 Point added to stored polar  1
 Point written to save file  clarky_re300000_realistic_model_reverse.polar   
 Dump file unspecified or not available
 Calculating wake trajectory ...
 Calculating source influence matrix ...

 Solving BL system ...

 Side 1  free  transition at x/c =  0.0122   27
 Side 2 forced transition at x/c =  1.0000   66

   1   rms: 0.3320E-01   max: -.1247E+00   D at   75  1   RLX: 0.731
       a = 14.000      CL =  1.3896
      Cm = -0.0279     CD =  0.04955   =>   CDf =  0.00700    CDp =  0.04255

 Side 1  free  transition at x/c =  0.0123   27
 Side 2 forced transition at x/c =  1.0000   66

   2   rms: 0.1143E-01   max: -.5294E-01   D at   27  1
       a = 14.000      CL =  1.3899
      Cm = -0.0281     CD =  0.04902   =>   CDf =  0.00711    CDp =  0.04192

 Side 1  free  transition at x/c =  0.0124   28
 Side 2 forced transition at x/c =  1.0000   66

   3   rms: 0.3773E-02   max: -.4368E-01   D at   27  1
       a = 14.000      CL =  1.3918
      Cm = -0.0281     CD =  0.04894   =>   CDf =  0.00713    CDp =  0.04181

 Side 1  free  transition at x/c =  0.0124   28
 Side 2 forced transition at x/c =  1.0000   66

   4   rms: 0.2692E-03   max: 0.2243E-02   D at   28  1
       a = 14.000      CL =  1.3919
      Cm = -0.0282     CD =  0.04897   =>   CDf =  0.00713    CDp =  0.04183

 Side 1  free  transition at x/c =  0.0124   28
 Side 2 forced transition at x/c =  1.0000   66

   5   rms: 0.6585E-05   max: 0.2751E-04   C at   66  2
       a = 14.000      CL =  1.3919
      Cm = -0.0282     CD =  0.04897   =>   CDf =  0.00713    CDp =  0.04184
      5.000    8.7133   0.048968   0.020486   0.002378  -0.018108    0.0124     #

 Point added to stored polar  1
 Point written to save file  clarky_re300000_realistic_model_reverse.polar   
 Dump file unspecified or not available
 Calculating wake trajectory ...
 Calculating source influence matrix ...

 Solving BL system ...

 Side 1  free  transition at x/c =  0.0124   28
 Side 2 forced transition at x/c =  1.0000   66

   1   rms: 0.3694E-01   max: -.1447E+00   D at   76  1   RLX: 0.770
       a = 13.750      CL =  1.3944
      Cm = -0.0283     CD =  0.04609   =>   CDf =  0.00713    CDp =  0.03896

 Side 1  free  transition at x/c =  0.0126   28
 Side 2 forced transition at x/c =  1.0000   66

   2   rms: 0.8377E-02   max: -.3344E-01   D at   75  1
       a = 13.750      CL =  1.3950
      Cm = -0.0286     CD =  0.04578   =>   CDf =  0.00723    CDp =  0.03856

 Side 1  free  transition at x/c =  0.0127   28
 Side 2 forced transition at x/c =  1.0000   66

   3   rms: 0.4012E-03   max: -.2412E-02   D at   76  2
       a = 13.750      CL =  1.3953
      Cm = -0.0286     CD =  0.04586   =>   CDf =  0.00725    CDp =  0.03861

 Side 1  free  transition at x/c =  0.0127   28
 Side 2 forced transition at x/c =  1.0000   66

   4   rms: 0.4690E-05   max: -.3739E-04   D at   76  2
       a = 13.750      CL =  1.3953
      Cm = -0.0286     CD =  0.04587   =>   CDf =  0.00725    CDp =  0.03862
      5.000    8.3587   0.045867   0.020599   0.002296  -0.018303    0.0127     #

 Point added to stored polar  1
 Point written to save file  clarky_re300000_realistic_model_reverse.polar   
 Dump file unspecified or not available
 Calculating wake trajectory ...
 Calculating source influence matrix ...

 Solving BL system ...

 Side 1  free  transition at x/c =  0.0127   28
 Side 2 forced transition at x/c =  1.0000   66

   1   rms: 0.3541E-01   max: -.1299E+00   D at   77  1   RLX: 0.806
       a = 13.500      CL =  1.3956
      Cm = -0.0289     CD =  0.04329   =>   CDf =  0.00725    CDp =  0.03605

 Side 1  free  transition at x/c =  0.0129   28
 Side 2 forced transition at x/c =  1.0000   66

   2   rms: 0.7063E-02   max: -.2754E-01   D at   76  1
       a = 13.500      CL =  1.3956
      Cm = -0.0292     CD =  0.04311   =>   CDf =  0.00735    CDp =  0.03576

 Side 1  free  transition at x/c =  0.0130   28
 Side 2 forced transition at x/c =  1.0000   66

   3   rms: 0.3081E-03   max: -.1717E-02   D at   75  2
       a = 13.500      CL =  1.3958
      Cm = -0.0293     CD =  0.04317   =>   CDf =  0.00737    CDp =  0.03580

 Side 1  free  transition at x/c =  0.0130   28
 Side 2 forced transition at x/c =  1.0000   66

   4   rms: 0.5223E-05   max: -.3607E-04   D at   76  2
       a = 13.500      CL =  1.3958
      Cm = -0.0293     CD =  0.04317   =>   CDf =  0.00737    CDp =  0.03580
      5.000    8.0215   0.043171   0.020672   0.002224  -0.018448    0.0130     #

 Point added to stored polar  1
 Point written to save file  clarky_re300000_realistic_model_reverse.polar   
 Dump file unspecified or not available
 Calculating wake trajectory ...
 Calculating source influence matrix ...

 Solving BL system ...

 Side 1  free  transition at x/c =  0.0130   28
 Side 2 forced transition at x/c =  1.0000   66

   1   rms: 0.3444E-01   max: -.1174E+00   D at   78  1   RLX: 0.843
       a = 13.250      CL =  1.3940
      Cm = -0.0298     CD =  0.04085   =>   CDf =  0.00736    CDp =  0.03348

 Side 1  free  transition at x/c =  0.0133   28
 Side 2 forced transition at x/c =  1.0000   66

   2   rms: 0.6130E-02   max: -.2427E-01   D at   77  1
       a = 13.250      CL =  1.3942
      Cm = -0.0300     CD =  0.04072   =>   CDf =  0.00747    CDp =  0.03325

 Side 1  free  transition at x/c =  0.0134   28
 Side 2 forced transition at x/c =  1.0000   66

   3   rms: 0.3121E-03   max: -.1651E-02   D at   75  2
       a = 13.250      CL =  1.3944
      Cm = -0.0301     CD =  0.04076   =>   CDf =  0.00749    CDp =  0.03327

 Side 1  free  transition at x/c =  0.0134   28
 Side 2 forced transition at x/c =  1.0000   66

   4   rms: 0.6207E-05   max: -.4345E-04   D at   75  2
       a = 13.250      CL =  1.3944
      Cm = -0.0301     CD =  0.04076   =>   CDf =  0.00749    CDp =  0.03327
      5.000    7.6965   0.040762   0.020709   0.002153  -0.018556    0.0134     #

 Point added to stored polar  1
 Point written to save file  clarky_re300000_realistic_model_reverse.polar   
 Dump file unspecified or not available
 Calculating wake trajectory ...
 Calculating source influence matrix ...

 Solving BL system ...

 Side 1  free  transition at x/c =  0.0134   28
 Side 2 forced transition at x/c =  1.0000   66

   1   rms: 0.3404E-01   max: -.1101E+00   D at   79  1   RLX: 0.882
       a = 13.000      CL =  1.3911
      Cm = -0.0307     CD =  0.03859   =>   CDf =  0.00796    CDp =  0.03063

 Side 1  free  transition at x/c =  0.0138   27
 Side 2 forced transition at x/c =  1.0000   67

   2   rms: 0.8602E-02   max: -.1220E+00   D at    2  2
       a = 13.000      CL =  1.3911
      Cm = -0.0310     CD =  0.03857   =>   CDf =  0.00759    CDp =  0.03098

 Side 1  free  transition at x/c =  0.0139   27
 Side 2 forced transition at x/c =  1.0000   67

   3   rms: 0.2068E-03   max: -.9742E-03   D at   75  2
       a = 13.000      CL =  1.3913
      Cm = -0.0310     CD =  0.03860   =>   CDf =  0.00761    CDp =  0.03099

 Side 1  free  transition at x/c =  0.0139   27
 Side 2 forced transition at x/c =  1.0000   67

   4   rms: 0.3710E-05   max: -.2171E-04   D at   76  2
       a = 13.000      CL =  1.3913
      Cm = -0.0310     CD =  0.03860   =>   CDf =  0.00761    CDp =  0.03099
      5.000    7.3823   0.038601   0.020719   0.002077  -0.018641    0.0139     #

 Point added to stored polar  1
 Point written to save file  clarky_re300000_realistic_model_reverse.polar   
 Dump file unspecified or not available
 Calculating wake trajectory ...
 Calculating source influence matrix ...

 Solving BL system ...

 Side 1  free  transition at x/c =  0.0139   27
 Side 2 forced transition at x/c =  1.0000   67

   1   rms: 0.3382E-01   max: -.1042E+00   D at   79  1   RLX: 0.921
       a = 12.750      CL =  1.3867
      Cm = -0.0318     CD =  0.03656   =>   CDf =  0.00760    CDp =  0.02896

 Side 1  free  transition at x/c =  0.0143   27
 Side 2 forced transition at x/c =  1.0000   67

   2   rms: 0.3217E-02   max: -.1341E-01   D at   78  1
       a = 12.750      CL =  1.3865
      Cm = -0.0320     CD =  0.03664   =>   CDf =  0.00772    CDp =  0.02892

 Side 1  free  transition at x/c =  0.0144   27
 Side 2 forced transition at x/c =  1.0000   67

   3   rms: 0.1202E-03   max: -.6202E-03   D at   75  2
       a = 12.750      CL =  1.3866
      Cm = -0.0320     CD =  0.03665   =>   CDf =  0.00773    CDp =  0.02892

 Side 1  free  transition at x/c =  0.0144   27
 Side 2 forced transition at x/c =  1.0000   67

   4   rms: 0.2458E-05   max: 0.2555E-04   C at   67  2
       a = 12.750      CL =  1.3866
      Cm = -0.0320     CD =  0.03665   =>   CDf =  0.00773    CDp =  0.02892
      5.000    7.0800   0.036655   0.020707   0.001996  -0.018712    0.0144     #

 Point added to stored polar  1
 Point written to save file  clarky_re300000_realistic_model_reverse.polar   
 Dump file unspecified or not available
 Calculating wake trajectory ...
 Calculating source influence matrix ...

 Solving BL system ...

 Side 1  free  transition at x/c =  0.0144   27
 Side 2 forced transition at x/c =  1.0000   67

   1   rms: 0.3357E-01   max: -.9736E-01   D at   80  1   RLX: 0.962
       a = 12.500      CL =  1.3802
      Cm = -0.0330     CD =  0.03476   =>   CDf =  0.00773    CDp =  0.02703

 Side 1  free  transition at x/c =  0.0150   28
 Side 2 forced transition at x/c =  1.0000   67

   2   rms: 0.7298E-02   max: -.9909E-01   D at   27  1
       a = 12.500      CL =  1.3830
      Cm = -0.0333     CD =  0.03463   =>   CDf =  0.00783    CDp =  0.02680

 Side 1  free  transition at x/c =  0.0150   28
 Side 2 forced transition at x/c =  1.0000   67

   3   rms: 0.6811E-03   max: 0.7607E-02   D at   28  1
       a = 12.500      CL =  1.3832
      Cm = -0.0333     CD =  0.03465   =>   CDf =  0.00783    CDp =  0.02682

 Side 1  free  transition at x/c =  0.0150   28
 Side 2 forced transition at x/c =  1.0000   67

   4   rms: 0.1069E-04   max: 0.5474E-04   D at   84  1
       a = 12.500      CL =  1.3832
      Cm = -0.0333     CD =  0.03465   =>   CDf =  0.00783    CDp =  0.02682
      5.000    6.7594   0.034654   0.020635   0.001915  -0.018720    0.0150     #

 Point added to stored polar  1
 Point written to save file  clarky_re300000_realistic_model_reverse.polar   
 Dump file unspecified or not available
 Calculating wake trajectory ...
 Calculating source influence matrix ...

 Solving BL system ...

 Side 1  free  transition at x/c =  0.0150   28
 Side 2 forced transition at x/c =  1.0000   67

   1   rms: 0.3662E-01   max: -.1294E+00   C at   28  1
       a = 12.250      CL =  1.3786
      Cm = -0.0346     CD =  0.03257   =>   CDf =  0.00782    CDp =  0.02474

 Side 1  free  transition at x/c =  0.0158   28
 Side 2 forced transition at x/c =  1.0000   67

   2   rms: 0.2373E-02   max: -.3018E-01   D at   28  1
       a = 12.250      CL =  1.3784
      Cm = -0.0347     CD =  0.03284   =>   CDf =  0.00793    CDp =  0.02491

 Side 1  free  transition at x/c =  0.0159   28
 Side 2 forced transition at x/c =  1.0000   67

   3   rms: 0.5377E-04   max: 0.7644E-03   C at   28  1
       a = 12.250      CL =  1.3784
      Cm = -0.0347     CD =  0.03284   =>   CDf =  0.00793    CDp =  0.02492
      5.000    6.4497   0.032844   0.020545   0.001828  -0.018717    0.0159     #

 Point added to stored polar  1
 Point written to save file  clarky_re300000_realistic_model_reverse.polar   
 Dump file unspecified or not available
 Calculating wake trajectory ...
 Calculating source influence matrix ...

 Solving BL system ...

 Side 1  free  transition at x/c =  0.0159   28
 Side 2 forced transition at x/c =  1.0000   67

   1   rms: 0.3595E-01   max: -.1535E+00   C at   28  1
       a = 12.000      CL =  1.3719
      Cm = -0.0360     CD =  0.03103   =>   CDf =  0.00792    CDp =  0.02310

 Side 1  free  transition at x/c =  0.0167   28
 Side 2 forced transition at x/c =  1.0000   67

   2   rms: 0.1291E-01   max: -.2042E+00   C at   28  1
       a = 12.000      CL =  1.3709
      Cm = -0.0361     CD =  0.03130   =>   CDf =  0.00805    CDp =  0.02325

 Side 1  free  transition at x/c =  0.0169   29
 Side 2 forced transition at x/c =  1.0000   67

   3   rms: 0.1152E-01   max: -.1526E+00   D at   28  1
       a = 12.000      CL =  1.3722
      Cm = -0.0361     CD =  0.03118   =>   CDf =  0.00803    CDp =  0.02314

 Side 1  free  transition at x/c =  0.0171   29
 Side 2 forced transition at x/c =  1.0000   67

   4   rms: 0.1944E-02   max: 0.3074E-01   C at   29  1
       a = 12.000      CL =  1.3722
      Cm = -0.0362     CD =  0.03121   =>   CDf =  0.00802    CDp =  0.02319

 Side 1  free  transition at x/c =  0.0170   29
 Side 2 forced transition at x/c =  1.0000   67

   5   rms: 0.3417E-04   max: -.3546E-03   D at   30  1
       a = 12.000      CL =  1.3722
      Cm = -0.0362     CD =  0.03121   =>   CDf =  0.00802    CDp =  0.02318
      5.000    6.1536   0.031207   0.020437   0.001748  -0.018688    0.0170     #

 Point added to stored polar  1
 Point written to save file  clarky_re300000_realistic_model_reverse.polar   
 Dump file unspecified or not available
 Calculating wake trajectory ...
 Calculating source influence matrix ...

 Solving BL system ...

 Side 1  free  transition at x/c =  0.0170   29
 Side 2 forced transition at x/c =  1.0000   67

   1   rms: 0.4001E-01   max: -.2771E+00   C at   29  1
       a = 11.750      CL =  1.3673
      Cm = -0.0377     CD =  0.02931   =>   CDf =  0.00847    CDp =  0.02085

 Side 1  free  transition at x/c =  0.0185   28
 Side 2 forced transition at x/c =  1.0000   68

   2   rms: 0.6466E-02   max: -.9821E-01   C at   28  1
       a = 11.750      CL =  1.3672
      Cm = -0.0379     CD =  0.02954   =>   CDf =  0.00810    CDp =  0.02144

 Side 1  free  transition at x/c =  0.0187   28
 Side 2 forced transition at x/c =  1.0000   68

   3   rms: 0.7355E-03   max: 0.8561E-02   D at    4  2
       a = 11.750      CL =  1.3672
      Cm = -0.0379     CD =  0.02954   =>   CDf =  0.00810    CDp =  0.02144

 Side 1  free  transition at x/c =  0.0187   28
 Side 2 forced transition at x/c =  1.0000   68

   4   rms: 0.1888E-05   max: 0.5823E-05   C at   43  1
       a = 11.750      CL =  1.3672
      Cm = -0.0379     CD =  0.02954   =>   CDf =  0.00810    CDp =  0.02144
      5.000    5.8422   0.029539   0.020274   0.001698  -0.018576    0.0187     #

 Point added to stored polar  1
 Point written to save file  clarky_re300000_realistic_model_reverse.polar   
 Dump file unspecified or not available
 Calculating wake trajectory ...
 Calculating source influence matrix ...

 Solving BL system ...

 Side 1  free  transition at x/c =  0.0187   28
 Side 2 forced transition at x/c =  1.0000   68

   1   rms: 0.4525E-01   max: -.5629E+00   C at   28  1   RLX: 0.888
       a = 11.500      CL =  1.3617
      Cm = -0.0394     CD =  0.02803   =>   CDf =  0.00809    CDp =  0.01994

 Side 1  free  transition at x/c =  0.0202   29
 Side 2 forced transition at x/c =  1.0000   68

   2   rms: 0.3016E-01   max: -.5696E+00   C at   29  1   RLX: 0.878
       a = 11.500      CL =  1.3631
      Cm = -0.0398     CD =  0.02785   =>   CDf =  0.00817    CDp =  0.01968

 Side 1  free  transition at x/c =  0.0217   29
 Side 2 forced transition at x/c =  1.0000   68

   3   rms: 0.1912E-01   max: -.3725E+00   C at   29  1
       a = 11.500      CL =  1.3630
      Cm = -0.0398     CD =  0.02785   =>   CDf =  0.00815    CDp =  0.01970

 Side 1  free  transition at x/c =  0.0219   30
 Side 2 forced transition at x/c =  1.0000   68

   4   rms: 0.1674E-01   max: -.3183E+00   C at   30  1
       a = 11.500      CL =  1.3638
      Cm = -0.0399     CD =  0.02778   =>   CDf =  0.00815    CDp =  0.01963

 Side 1  free  transition at x/c =  0.0226   30
 Side 2 forced transition at x/c =  1.0000   68

   5   rms: 0.2174E-02   max: 0.4266E-01   C at   30  1
       a = 11.500      CL =  1.3636
      Cm = -0.0399     CD =  0.02782   =>   CDf =  0.00811    CDp =  0.01970

 Side 1  free  transition at x/c =  0.0224   30
 Side 2 forced transition at x/c =  1.0000   68

   6   rms: 0.1242E-04   max: -.8141E-04   D at   32  1
       a = 11.500      CL =  1.3636
      Cm = -0.0399     CD =  0.02782   =>   CDf =  0.00812    CDp =  0.01970
      5.000    5.5141   0.027818   0.020036   0.001656  -0.018380    0.0224     #

 Point added to stored polar  1
 Point written to save file  clarky_re300000_realistic_model_reverse.polar   
 Dump file unspecified or not available
 Calculating wake trajectory ...
 Calculating source influence matrix ...

 Solving BL system ...

 Side 1  free  transition at x/c =  0.0224   30
 Side 2 forced transition at x/c =  1.0000   68

   1   rms: 0.8470E-01   max: -.1504E+01   C at   30  1   RLX: 0.333
       a = 11.250      CL =  1.3633
      Cm = -0.0406     CD =  0.02713   =>   CDf =  0.00812    CDp =  0.01902

 Side 1  free  transition at x/c =  0.0260   31
 Side 2 forced transition at x/c =  1.0000   68

   2   rms: 0.1033E+00   max: -.1909E+01   C at   31  1   RLX: 0.262
       a = 11.250      CL =  1.3641
      Cm = -0.0411     CD =  0.02674   =>   CDf =  0.00808    CDp =  0.01865

 Side 1  free  transition at x/c =  0.0331   33
 Side 2 forced transition at x/c =  1.0000   68

   3   rms: 0.1005E+00   max: -.1863E+01   C at   33  1   RLX: 0.268
       a = 11.250      CL =  1.3663
      Cm = -0.0414     CD =  0.02629   =>   CDf =  0.00800    CDp =  0.01829

 Side 1  free  transition at x/c =  0.0369   34
 Side 2 forced transition at x/c =  1.0000   68

   4   rms: 0.3963E-01   max: -.7259E+00   C at   34  1   RLX: 0.689
       a = 11.250      CL =  1.3669
      Cm = -0.0423     CD =  0.02582   =>   CDf =  0.00797    CDp =  0.01785

 Side 1  free  transition at x/c =  0.0446   36
 Side 2 forced transition at x/c =  1.0000   68

   5   rms: 0.5273E-02   max: 0.4416E-01   C at   36  1
       a = 11.250      CL =  1.3664
      Cm = -0.0426     CD =  0.02569   =>   CDf =  0.00791    CDp =  0.01779

 Side 1  free  transition at x/c =  0.0453   36
 Side 2 forced transition at x/c =  1.0000   68

   6   rms: 0.1391E-02   max: 0.2772E-01   C at   36  1
       a = 11.250      CL =  1.3667
      Cm = -0.0427     CD =  0.02569   =>   CDf =  0.00792    CDp =  0.01777

 Side 1  free  transition at x/c =  0.0449   36
 Side 2 forced transition at x/c =  1.0000   68

   7   rms: 0.2343E-04   max: -.4488E-03   C at   36  1
       a = 11.250      CL =  1.3667
      Cm = -0.0427     CD =  0.02569   =>   CDf =  0.00792    CDp =  0.01777
      5.000    5.1160   0.025687   0.019582   0.001615  -0.017967    0.0449     #

 Point added to stored polar  1
 Point written to save file  clarky_re300000_realistic_model_reverse.polar   
 Dump file unspecified or not available
 Calculating wake trajectory ...
 Calculating source influence matrix ...

 Solving BL system ...

 Side 1  free  transition at x/c =  0.0449   36
 Side 2 forced transition at x/c =  1.0000   68

   1   rms: 0.6754E-01   max: -.1170E+01   C at   36  1   RLX: 0.427
       a = 11.000      CL =  1.3637
      Cm = -0.0435     CD =  0.02505   =>   CDf =  0.00792    CDp =  0.01713

 Side 1  free  transition at x/c =  0.0518   37
 Side 2 forced transition at x/c =  1.0000   68

   2   rms: 0.2262E-01   max: -.1699E+00   C at   37  1
       a = 11.000      CL =  1.3557
      Cm = -0.0443     CD =  0.02459   =>   CDf =  0.00789    CDp =  0.01669

 Side 1  free  transition at x/c =  0.0623   39
 Side 2 forced transition at x/c =  1.0000   68

   3   rms: 0.7945E-02   max: 0.8567E-01   D at   37  1
       a = 11.000      CL =  1.3595
      Cm = -0.0447     CD =  0.02436   =>   CDf =  0.00785    CDp =  0.01651

 Side 1  free  transition at x/c =  0.0575   38
 Side 2 forced transition at x/c =  1.0000   68

   4   rms: 0.3963E-02   max: -.5775E-01   C at   38  1
       a = 11.000      CL =  1.3574
      Cm = -0.0445     CD =  0.02452   =>   CDf =  0.00789    CDp =  0.01662

 Side 1  free  transition at x/c =  0.0588   39
 Side 2 forced transition at x/c =  1.0000   68

   5   rms: 0.3137E-02   max: 0.6030E-01   C at   39  1
       a = 11.000      CL =  1.3576
      Cm = -0.0445     CD =  0.02450   =>   CDf =  0.00787    CDp =  0.01663

 Side 1  free  transition at x/c =  0.0584   39
 Side 2 forced transition at x/c =  1.0000   68

   6   rms: 0.6633E-04   max: -.4684E-03   C at   39  1
       a = 11.000      CL =  1.3576
      Cm = -0.0445     CD =  0.02450   =>   CDf =  0.00788    CDp =  0.01662
      5.000    4.8592   0.024504   0.019344   0.001547  -0.017797    0.0584     #

 Point added to stored polar  1
 Point written to save file  clarky_re300000_realistic_model_reverse.polar   
 Dump file unspecified or not available
 Calculating wake trajectory ...
 Calculating source influence matrix ...

 Solving BL system ...

 Side 1  free  transition at x/c =  0.0584   39
 Side 2 forced transition at x/c =  1.0000   68

   1   rms: 0.4924E-01   max: -.6266E+00   C at   39  1   RLX: 0.798
       a = 10.750      CL =  1.3504
      Cm = -0.0460     CD =  0.02348   =>   CDf =  0.00825    CDp =  0.01523

 Side 1  free  transition at x/c =  0.0634   38
 Side 2 forced transition at x/c =  1.0000   69

   2   rms: 0.1996E-01   max: -.2350E+00   D at    2  2
       a = 10.750      CL =  1.3439
      Cm = -0.0460     CD =  0.02366   =>   CDf =  0.00793    CDp =  0.01573

 Side 1  free  transition at x/c =  0.0690   39
 Side 2 forced transition at x/c =  1.0000   69

   3   rms: 0.8494E-02   max: 0.1607E+00   C at   39  1
       a = 10.750      CL =  1.3461
      Cm = -0.0462     CD =  0.02352   =>   CDf =  0.00786    CDp =  0.01566

 Side 1  free  transition at x/c =  0.0670   39
 Side 2 forced transition at x/c =  1.0000   69

   4   rms: 0.3627E-03   max: -.4155E-02   C at   39  1
       a = 10.750      CL =  1.3458
      Cm = -0.0462     CD =  0.02353   =>   CDf =  0.00789    CDp =  0.01565

 Side 1  free  transition at x/c =  0.0670   39
 Side 2 forced transition at x/c =  1.0000   69

   5   rms: 0.1993E-05   max: 0.1041E-04   C at   69  2
       a = 10.750      CL =  1.3458
      Cm = -0.0462     CD =  0.02353   =>   CDf =  0.00789    CDp =  0.01565
      5.000    4.6346   0.023533   0.019136   0.001469  -0.017667    0.0670     #

 Point added to stored polar  1
 Point written to save file  clarky_re300000_realistic_model_reverse.polar   
 Dump file unspecified or not available
 Calculating wake trajectory ...
 Calculating source influence matrix ...

 Solving BL system ...

 Side 1  free  transition at x/c =  0.0670   39
 Side 2 forced transition at x/c =  1.0000   69

   1   rms: 0.3988E-01   max: -.3542E+00   C at   39  1
       a = 10.500      CL =  1.3327
      Cm = -0.0478     CD =  0.02259   =>   CDf =  0.00788    CDp =  0.01471

 Side 1  free  transition at x/c =  0.0754   40
 Side 2 forced transition at x/c =  1.0000   69

   2   rms: 0.2127E-02   max: 0.3002E-01   C at   40  1
       a = 10.500      CL =  1.3331
      Cm = -0.0479     CD =  0.02265   =>   CDf =  0.00789    CDp =  0.01476

 Side 1  free  transition at x/c =  0.0748   40
 Side 2 forced transition at x/c =  1.0000   69

   3   rms: 0.6899E-04   max: -.5309E-03   C at   40  1
       a = 10.500      CL =  1.3330
      Cm = -0.0479     CD =  0.02266   =>   CDf =  0.00790    CDp =  0.01476
      5.000    4.4245   0.022655   0.018925   0.001363  -0.017562    0.0748     #

 Point added to stored polar  1
 Point written to save file  clarky_re300000_realistic_model_reverse.polar   
 Dump file unspecified or not available
 Calculating wake trajectory ...
 Calculating source influence matrix ...

 Solving BL system ...

 Side 1  free  transition at x/c =  0.0748   40
 Side 2 forced transition at x/c =  1.0000   69

   1   rms: 0.3917E-01   max: -.3114E+00   C at   40  1
       a = 10.250      CL =  1.3191
      Cm = -0.0495     CD =  0.02180   =>   CDf =  0.00790    CDp =  0.01390

 Side 1  free  transition at x/c =  0.0817   41
 Side 2 forced transition at x/c =  1.0000   69

   2   rms: 0.2050E-02   max: -.2542E-01   C at   41  1
       a = 10.250      CL =  1.3197
      Cm = -0.0496     CD =  0.02183   =>   CDf =  0.00791    CDp =  0.01392

 Side 1  free  transition at x/c =  0.0820   41
 Side 2 forced transition at x/c =  1.0000   69

   3   rms: 0.4714E-04   max: 0.8648E-03   C at   41  1
       a = 10.250      CL =  1.3197
      Cm = -0.0496     CD =  0.02183   =>   CDf =  0.00791    CDp =  0.01392
      5.000    4.2229   0.021832   0.018705   0.000000  -0.018705    0.0820     #

 Point added to stored polar  1
 Point written to save file  clarky_re300000_realistic_model_reverse.polar   
 Dump file unspecified or not available
 Calculating wake trajectory ...
 Calculating source influence matrix ...

 Solving BL system ...

 Side 1  free  transition at x/c =  0.0820   41
 Side 2 forced transition at x/c =  1.0000   69

   1   rms: 0.3850E-01   max: -.2980E+00   C at   41  1
       a = 10.000      CL =  1.3051
      Cm = -0.0512     CD =  0.02103   =>   CDf =  0.00791    CDp =  0.01312

 Side 1  free  transition at x/c =  0.0880   42
 Side 2 forced transition at x/c =  1.0000   69

   2   rms: 0.4397E-02   max: -.7979E-01   C at   42  1
       a = 10.000      CL =  1.3057
      Cm = -0.0513     CD =  0.02105   =>   CDf =  0.00794    CDp =  0.01311

 Side 1  free  transition at x/c =  0.0888   42
 Side 2 forced transition at x/c =  1.0000   69

   3   rms: 0.7511E-04   max: 0.1217E-02   C at   42  1
       a = 10.000      CL =  1.3057
      Cm = -0.0513     CD =  0.02106   =>   CDf =  0.00792    CDp =  0.01314
      5.000    4.0314   0.021058   0.018490   0.000000  -0.018490    0.0888     #

 Point added to stored polar  1
 Point written to save file  clarky_re300000_realistic_model_reverse.polar   
 Dump file unspecified or not available
 Calculating wake trajectory ...
 Calculating source influence matrix ...

 Solving BL system ...

 Side 1  free  transition at x/c =  0.0888   42
 Side 2 forced transition at x/c =  1.0000   69

   1   rms: 0.3972E-01   max: -.3546E+00   C at   42  1
       a =  9.750      CL =  1.2914
      Cm = -0.0529     CD =  0.02025   =>   CDf =  0.00823    CDp =  0.01202

 Side 1  free  transition at x/c =  0.0949   42
 Side 2 forced transition at x/c =  1.0000   70

   2   rms: 0.8609E-02   max: -.1390E+00   C at   42  1
       a =  9.750      CL =  1.2916
      Cm = -0.0530     CD =  0.02030   =>   CDf =  0.00796    CDp =  0.01233

 Side 1  free  transition at x/c =  0.0966   42
 Side 2 forced transition at x/c =  1.0000   70

   3   rms: 0.7335E-03   max: 0.7816E-02   D at    4  2
       a =  9.750      CL =  1.2915
      Cm = -0.0530     CD =  0.02031   =>   CDf =  0.00793    CDp =  0.01238

 Side 1  free  transition at x/c =  0.0965   42
 Side 2 forced transition at x/c =  1.0000   70

   4   rms: 0.2844E-05   max: -.1208E-04   C at   70  2
       a =  9.750      CL =  1.2915
      Cm = -0.0530     CD =  0.02031   =>   CDf =  0.00793    CDp =  0.01238
      5.000    3.8469   0.020311   0.000000   0.000000   0.000000    0.0965     #

 Point added to stored polar  1
 Point written to save file  clarky_re300000_realistic_model_reverse.polar   
 Dump file unspecified or not available
 Calculating wake trajectory ...
 Calculating source influence matrix ...

 Solving BL system ...

 Side 1  free  transition at x/c =  0.0965   42
 Side 2 forced transition at x/c =  1.0000   70

   1   rms: 0.4202E-01   max: -.4415E+00   C at   42  1
       a =  9.500      CL =  1.2777
      Cm = -0.0548     CD =  0.01948   =>   CDf =  0.00793    CDp =  0.01155

 Side 1  free  transition at x/c =  0.1031   43
 Side 2 forced transition at x/c =  1.0000   70

   2   rms: 0.1257E-01   max: -.2068E+00   C at   43  1
       a =  9.500      CL =  1.2774
      Cm = -0.0548     CD =  0.01954   =>   CDf =  0.00798    CDp =  0.01156

 Side 1  free  transition at x/c =  0.1067   43
 Side 2 forced transition at x/c =  1.0000   70

   3   rms: 0.1888E-02   max: 0.3802E-01   C at   43  1
       a =  9.500      CL =  1.2773
      Cm = -0.0548     CD =  0.01956   =>   CDf =  0.00790    CDp =  0.01167

 Side 1  free  transition at x/c =  0.1062   43
 Side 2 forced transition at x/c =  1.0000   70

   4   rms: 0.2429E-04   max: -.1326E-03   D at   44  1
       a =  9.500      CL =  1.2773
      Cm = -0.0548     CD =  0.01956   =>   CDf =  0.00791    CDp =  0.01166
      5.000    3.6660   0.019564   0.000000   0.000000   0.000000    0.1062     #

 Point added to stored polar  1
 Point written to save file  clarky_re300000_realistic_model_reverse.polar   
 Dump file unspecified or not available
 Calculating wake trajectory ...
 Calculating source influence matrix ...

 Solving BL system ...

 Side 1  free  transition at x/c =  0.1062   43
 Side 2 forced transition at x/c =  1.0000   70

   1   rms: 0.4358E-01   max: -.5111E+00   C at   43  1   RLX: 0.978
       a =  9.250      CL =  1.2635
      Cm = -0.0566     CD =  0.01877   =>   CDf =  0.00790    CDp =  0.01087

 Side 1  free  transition at x/c =  0.1133   44
 Side 2 forced transition at x/c =  1.0000   70

   2   rms: 0.1459E-01   max: -.2480E+00   C at   44  1
       a =  9.250      CL =  1.2632
      Cm = -0.0567     CD =  0.01880   =>   CDf =  0.00795    CDp =  0.01085

 Side 1  free  transition at x/c =  0.1183   44
 Side 2 forced transition at x/c =  1.0000   70

   3   rms: 0.1645E-02   max: 0.3307E-01   C at   44  1
       a =  9.250      CL =  1.2629
      Cm = -0.0566     CD =  0.01884   =>   CDf =  0.00786    CDp =  0.01097

 Side 1  free  transition at x/c =  0.1178   44
 Side 2 forced transition at x/c =  1.0000   70

   4   rms: 0.1685E-04   max: -.9360E-04   D at   45  1
       a =  9.250      CL =  1.2629
      Cm = -0.0566     CD =  0.01884   =>   CDf =  0.00787    CDp =  0.01097
      5.000    3.4929   0.018836   0.000000   0.000000   0.000000    0.1178     #

 Point added to stored polar  1
 Point written to save file  clarky_re300000_realistic_model_reverse.polar   
 Dump file unspecified or not available
 Calculating wake trajectory ...
 Calculating source influence matrix ...

 Solving BL system ...

 Side 1  free  transition at x/c =  0.1178   44
 Side 2 forced transition at x/c =  1.0000   70

   1   rms: 0.4549E-01   max: -.5973E+00   C at   44  1   RLX: 0.837
       a =  9.000      CL =  1.2505
      Cm = -0.0582     CD =  0.01820   =>   CDf =  0.00813    CDp =  0.01007

 Side 1  free  transition at x/c =  0.1281   44
 Side 2 forced transition at x/c =  1.0000   71

   2   rms: 0.1306E-01   max: -.1808E+00   C at   44  1
       a =  9.000      CL =  1.2484
      Cm = -0.0585     CD =  0.01810   =>   CDf =  0.00784    CDp =  0.01026

 Side 1  free  transition at x/c =  0.1321   44
 Side 2 forced transition at x/c =  1.0000   71

   3   rms: 0.6327E-03   max: -.1371E-01   C at   44  1
       a =  9.000      CL =  1.2484
      Cm = -0.0585     CD =  0.01812   =>   CDf =  0.00782    CDp =  0.01030

 Side 1  free  transition at x/c =  0.1324   44
 Side 2 forced transition at x/c =  1.0000   71

   4   rms: 0.4263E-05   max: 0.3169E-04   C at   71  2
       a =  9.000      CL =  1.2484
      Cm = -0.0585     CD =  0.01812   =>   CDf =  0.00782    CDp =  0.01030
      5.000    3.3934   0.018118   0.000000   0.000000   0.000000    0.1324     #

 Point added to stored polar  1
 Point written to save file  clarky_re300000_realistic_model_reverse.polar   
 Dump file unspecified or not available
 Calculating wake trajectory ...
 Calculating source influence matrix ...

 Solving BL system ...

 Side 1  free  transition at x/c =  0.1324   44
 Side 2 forced transition at x/c =  1.0000   71

   1   rms: 0.4704E-01   max: -.6656E+00   C at   44  1   RLX: 0.751
       a =  8.750      CL =  1.2365
      Cm = -0.0598     CD =  0.01760   =>   CDf =  0.00782    CDp =  0.00978

 Side 1  free  transition at x/c =  0.1464   45
 Side 2 forced transition at x/c =  1.0000   71

   2   rms: 0.1114E-01   max: -.1581E+00   C at   45  1
       a =  8.750      CL =  1.2337
      Cm = -0.0604     CD =  0.01741   =>   CDf =  0.00775    CDp =  0.00965

 Side 1  free  transition at x/c =  0.1503   46
 Side 2 forced transition at x/c =  1.0000   71

   3   rms: 0.1930E-02   max: -.3724E-01   C at   46  1
       a =  8.750      CL =  1.2341
      Cm = -0.0605     CD =  0.01738   =>   CDf =  0.00774    CDp =  0.00964

 Side 1  free  transition at x/c =  0.1508   46
 Side 2 forced transition at x/c =  1.0000   71

   4   rms: 0.1187E-04   max: 0.2080E-03   C at   46  1
       a =  8.750      CL =  1.2341
      Cm = -0.0605     CD =  0.01739   =>   CDf =  0.00773    CDp =  0.00965
      5.000    3.3265   0.017385   0.000000   0.000000   0.000000    0.1508     #

 Point added to stored polar  1
 Point written to save file  clarky_re300000_realistic_model_reverse.polar   
 Dump file unspecified or not available
 Calculating wake trajectory ...
 Calculating source influence matrix ...

 Solving BL system ...

 Side 1  free  transition at x/c =  0.1508   46
 Side 2 forced transition at x/c =  1.0000   71

   1   rms: 0.5460E-01   max: -.8358E+00   C at   46  1   RLX: 0.598
       a =  8.500      CL =  1.2257
      Cm = -0.0616     CD =  0.01687   =>   CDf =  0.00773    CDp =  0.00914

 Side 1  free  transition at x/c =  0.1614   46
 Side 2 forced transition at x/c =  1.0000   71

   2   rms: 0.2439E-01   max: -.4176E+00   C at   46  1
       a =  8.500      CL =  1.2171
      Cm = -0.0620     CD =  0.01672   =>   CDf =  0.00769    CDp =  0.00902

 Side 1  free  transition at x/c =  0.1763   48
 Side 2 forced transition at x/c =  1.0000   71

   3   rms: 0.2096E-02   max: -.2366E-01   D at   47  1
       a =  8.500      CL =  1.2186
      Cm = -0.0622     CD =  0.01664   =>   CDf =  0.00760    CDp =  0.00904

 Side 1  free  transition at x/c =  0.1750   47
 Side 2 forced transition at x/c =  1.0000   71

   4   rms: 0.1923E-03   max: 0.3934E-02   C at   47  1
       a =  8.500      CL =  1.2186
      Cm = -0.0622     CD =  0.01664   =>   CDf =  0.00760    CDp =  0.00903

 Side 1  free  transition at x/c =  0.1749   47
 Side 2 forced transition at x/c =  1.0000   71

   5   rms: 0.1164E-05   max: -.8358E-05   C at   47  1
       a =  8.500      CL =  1.2186
      Cm = -0.0622     CD =  0.01664   =>   CDf =  0.00760    CDp =  0.00903
      5.000    3.2608   0.016636   0.000000   0.000000   0.000000    0.1749     #

 Point added to stored polar  1
 Point written to save file  clarky_re300000_realistic_model_reverse.polar   
 Dump file unspecified or not available
 Calculating wake trajectory ...
 Calculating source influence matrix ...

 Solving BL system ...

 Side 1  free  transition at x/c =  0.1749   47
 Side 2 forced transition at x/c =  1.0000   71

   1   rms: 0.5503E-01   max: -.9045E+00   C at   47  1   RLX: 0.553
       a =  8.250      CL =  1.2088
      Cm = -0.0630     CD =  0.01628   =>   CDf =  0.00760    CDp =  0.00868

 Side 1  free  transition at x/c =  0.1903   48
 Side 2 forced transition at x/c =  1.0000   71

   2   rms: 0.2101E-01   max: -.2924E+00   C at   48  1
       a =  8.250      CL =  1.2009
      Cm = -0.0636     CD =  0.01601   =>   CDf =  0.00752    CDp =  0.00849

 Side 1  free  transition at x/c =  0.2035   49
 Side 2 forced transition at x/c =  1.0000   71

   3   rms: 0.2065E-02   max: -.2877E-01   D at   49  1
       a =  8.250      CL =  1.2021
      Cm = -0.0638     CD =  0.01595   =>   CDf =  0.00745    CDp =  0.00850

 Side 1  free  transition at x/c =  0.2012   49
 Side 2 forced transition at x/c =  1.0000   71

   4   rms: 0.3893E-03   max: -.7887E-02   C at   49  1
       a =  8.250      CL =  1.2020
      Cm = -0.0638     CD =  0.01596   =>   CDf =  0.00746    CDp =  0.00850

 Side 1  free  transition at x/c =  0.2014   49
 Side 2 forced transition at x/c =  1.0000   71

   5   rms: 0.3406E-05   max: 0.6195E-04   C at   49  1
       a =  8.250      CL =  1.2020
      Cm = -0.0638     CD =  0.01596   =>   CDf =  0.00746    CDp =  0.00850
      5.000    3.1982   0.015960   0.000000   0.000000   0.000000    0.2014     #

 Point added to stored polar  1
 Point written to save file  clarky_re300000_realistic_model_reverse.polar   
 Dump file unspecified or not available
 Calculating wake trajectory ...
 Calculating source influence matrix ...

 Solving BL system ...

 Side 1  free  transition at x/c =  0.2014   49
 Side 2 forced transition at x/c =  1.0000   71

   1   rms: 0.5059E-01   max: -.7443E+00   C at   49  1   RLX: 0.672
       a =  8.000      CL =  1.1893
      Cm = -0.0646     CD =  0.01558   =>   CDf =  0.00766    CDp =  0.00792

 Side 1  free  transition at x/c =  0.2206   49
 Side 2 forced transition at x/c =  1.0000   72

   2   rms: 0.1464E-01   max: -.9424E-01   D at    2  2
       a =  8.000      CL =  1.1821
      Cm = -0.0649     CD =  0.01547   =>   CDf =  0.00738    CDp =  0.00809

 Side 1  free  transition at x/c =  0.2292   50
 Side 2 forced transition at x/c =  1.0000   72

   3   rms: 0.6140E-02   max: 0.1184E+00   C at   50  1
       a =  8.000      CL =  1.1832
      Cm = -0.0651     CD =  0.01542   =>   CDf =  0.00733    CDp =  0.00809

 Side 1  free  transition at x/c =  0.2258   50
 Side 2 forced transition at x/c =  1.0000   72

   4   rms: 0.3121E-03   max: -.4720E-02   C at   50  1
       a =  8.000      CL =  1.1830
      Cm = -0.0650     CD =  0.01543   =>   CDf =  0.00736    CDp =  0.00807

 Side 1  free  transition at x/c =  0.2260   50
 Side 2 forced transition at x/c =  1.0000   72

   5   rms: 0.2002E-05   max: 0.9141E-05   C at   50  1
       a =  8.000      CL =  1.1830
      Cm = -0.0650     CD =  0.01543   =>   CDf =  0.00736    CDp =  0.00807
      5.000    3.1455   0.015434   0.000000   0.000000   0.000000    0.2260     #

 Point added to stored polar  1
 Point written to save file  clarky_re300000_realistic_model_reverse.polar   
 Dump file unspecified or not available
 Calculating wake trajectory ...
 Calculating source influence matrix ...

 Solving BL system ...

 Side 1  free  transition at x/c =  0.2260   50
 Side 2 forced transition at x/c =  1.0000   72

   1   rms: 0.4748E-01   max: -.5255E+00   C at   50  1   RLX: 0.951
       a =  7.750      CL =  1.1652
      Cm = -0.0663     CD =  0.01490   =>   CDf =  0.00736    CDp =  0.00754

 Side 1  free  transition at x/c =  0.2380   50
 Side 2 forced transition at x/c =  1.0000   72

   2   rms: 0.1091E-01   max: -.1701E+00   C at   50  1
       a =  7.750      CL =  1.1603
      Cm = -0.0658     CD =  0.01511   =>   CDf =  0.00741    CDp =  0.00770

 Side 1  free  transition at x/c =  0.2514   51
 Side 2 forced transition at x/c =  1.0000   72

   3   rms: 0.9921E-02   max: 0.1863E+00   C at   51  1
       a =  7.750      CL =  1.1628
      Cm = -0.0661     CD =  0.01498   =>   CDf =  0.00726    CDp =  0.00772

 Side 1  free  transition at x/c =  0.2451   51
 Side 2 forced transition at x/c =  1.0000   72

   4   rms: 0.6391E-03   max: -.8586E-02   C at   51  1
       a =  7.750      CL =  1.1623
      Cm = -0.0661     CD =  0.01501   =>   CDf =  0.00731    CDp =  0.00770

 Side 1  free  transition at x/c =  0.2454   51
 Side 2 forced transition at x/c =  1.0000   72

   5   rms: 0.4615E-05   max: -.3544E-04   D at   52  1
       a =  7.750      CL =  1.1624
      Cm = -0.0661     CD =  0.01501   =>   CDf =  0.00730    CDp =  0.00770
      5.000    3.3476   0.015008   0.000000   0.000000   0.000000    0.2454     #

 Point added to stored polar  1
 Point written to save file  clarky_re300000_realistic_model_reverse.polar   
 Dump file unspecified or not available
 Calculating wake trajectory ...
 Calculating source influence matrix ...

 Solving BL system ...

 Side 1  free  transition at x/c =  0.2454   51
 Side 2 forced transition at x/c =  1.0000   72

   1   rms: 0.4255E-01   max: -.3263E+00   C at   51  1
       a =  7.500      CL =  1.1412
      Cm = -0.0671     CD =  0.01459   =>   CDf =  0.00730    CDp =  0.00729

 Side 1  free  transition at x/c =  0.2554   51
 Side 2 forced transition at x/c =  1.0000   72

   2   rms: 0.8045E-02   max: -.1352E+00   C at   51  1
       a =  7.500      CL =  1.1387
      Cm = -0.0667     CD =  0.01474   =>   CDf =  0.00738    CDp =  0.00736

 Side 1  free  transition at x/c =  0.2626   52
 Side 2 forced transition at x/c =  1.0000   72

   3   rms: 0.7118E-02   max: 0.1265E+00   C at   52  1
       a =  7.500      CL =  1.1404
      Cm = -0.0670     CD =  0.01465   =>   CDf =  0.00726    CDp =  0.00740

 Side 1  free  transition at x/c =  0.2597   52
 Side 2 forced transition at x/c =  1.0000   72

   4   rms: 0.2379E-03   max: -.2947E-02   D at   53  1
       a =  7.500      CL =  1.1402
      Cm = -0.0669     CD =  0.01466   =>   CDf =  0.00730    CDp =  0.00737

 Side 1  free  transition at x/c =  0.2597   52
 Side 2 forced transition at x/c =  1.0000   72

   5   rms: 0.9446E-06   max: -.5983E-05   D at   53  1
       a =  7.500      CL =  1.1402
      Cm = -0.0669     CD =  0.01466   =>   CDf =  0.00730    CDp =  0.00737
      5.000    3.5186   0.014664   0.000000   0.000000   0.000000    0.2597     #

 Point added to stored polar  1
 Point written to save file  clarky_re300000_realistic_model_reverse.polar   
 Dump file unspecified or not available
 Calculating wake trajectory ...
 Calculating source influence matrix ...

 Solving BL system ...

 Side 1  free  transition at x/c =  0.2597   52
 Side 2 forced transition at x/c =  1.0000   72

   1   rms: 0.4120E-01   max: -.2346E+00   C at   52  1
       a =  7.250      CL =  1.1189
      Cm = -0.0679     CD =  0.01425   =>   CDf =  0.00748    CDp =  0.00677

 Side 1  free  transition at x/c =  0.2681   51
 Side 2 forced transition at x/c =  1.0000   73

   2   rms: 0.6929E-02   max: -.1110E+00   C at   51  1
       a =  7.250      CL =  1.1173
      Cm = -0.0677     CD =  0.01435   =>   CDf =  0.00734    CDp =  0.00701

 Side 1  free  transition at x/c =  0.2711   51
 Side 2 forced transition at x/c =  1.0000   73

   3   rms: 0.4756E-03   max: 0.4881E-02   D at    4  2
       a =  7.250      CL =  1.1173
      Cm = -0.0677     CD =  0.01435   =>   CDf =  0.00731    CDp =  0.00704

 Side 1  free  transition at x/c =  0.2709   51
 Side 2 forced transition at x/c =  1.0000   73

   4   rms: 0.1012E-05   max: -.1059E-04   C at   51  1
       a =  7.250      CL =  1.1173
      Cm = -0.0677     CD =  0.01435   =>   CDf =  0.00731    CDp =  0.00704
      5.000    3.6152   0.014354   0.000000   0.000000   0.000000    0.2709     #

 Point added to stored polar  1
 Point written to save file  clarky_re300000_realistic_model_reverse.polar   
 Dump file unspecified or not available
 Calculating wake trajectory ...
 Calculating source influence matrix ...

 Solving BL system ...

 Side 1  free  transition at x/c =  0.2709   51
 Side 2 forced transition at x/c =  1.0000   73

   1   rms: 0.3889E-01   max: 0.5492E-01   C at   73  2
       a =  7.000      CL =  1.0930
      Cm = -0.0682     CD =  0.01411   =>   CDf =  0.00731    CDp =  0.00680

 Side 1  free  transition at x/c =  0.2798   52
 Side 2 forced transition at x/c =  1.0000   73

   2   rms: 0.2998E-02   max: 0.4601E-01   C at   52  1
       a =  7.000      CL =  1.0943
      Cm = -0.0684     CD =  0.01404   =>   CDf =  0.00731    CDp =  0.00673

 Side 1  free  transition at x/c =  0.2791   52
 Side 2 forced transition at x/c =  1.0000   73

   3   rms: 0.8439E-04   max: -.1340E-02   D at   53  1
       a =  7.000      CL =  1.0943
      Cm = -0.0684     CD =  0.01404   =>   CDf =  0.00732    CDp =  0.00672
      5.000    3.7074   0.014044   0.000000   0.000000   0.000000    0.2791     #

 Point added to stored polar  1
 Point written to save file  clarky_re300000_realistic_model_reverse.polar   
 Dump file unspecified or not available
 Calculating wake trajectory ...
 Calculating source influence matrix ...

 Solving BL system ...

 Side 1  free  transition at x/c =  0.2790   52
 Side 2 forced transition at x/c =  1.0000   73

   1   rms: 0.3962E-01   max: -.1557E+00   C at   52  1
       a =  6.750      CL =  1.0715
      Cm = -0.0692     CD =  0.01370   =>   CDf =  0.00732    CDp =  0.00638

 Side 1  free  transition at x/c =  0.2863   52
 Side 2 forced transition at x/c =  1.0000   73

   2   rms: 0.3166E-02   max: -.5428E-01   C at   52  1
       a =  6.750      CL =  1.0707
      Cm = -0.0691     CD =  0.01376   =>   CDf =  0.00735    CDp =  0.00641

 Side 1  free  transition at x/c =  0.2876   52
 Side 2 forced transition at x/c =  1.0000   73

   3   rms: 0.5330E-04   max: -.7363E-03   D at   54  1
       a =  6.750      CL =  1.0707
      Cm = -0.0691     CD =  0.01376   =>   CDf =  0.00734    CDp =  0.00642
      5.000    3.7734   0.013761   0.000000   0.000000   0.000000    0.2876     #

 Point added to stored polar  1
 Point written to save file  clarky_re300000_realistic_model_reverse.polar   
 Dump file unspecified or not available
 Calculating wake trajectory ...
 Calculating source influence matrix ...

 Solving BL system ...

 Side 1  free  transition at x/c =  0.2875   52
 Side 2 forced transition at x/c =  1.0000   73

   1   rms: 0.3899E-01   max: 0.5662E-01   C at   73  2
       a =  6.500      CL =  1.0463
      Cm = -0.0696     CD =  0.01352   =>   CDf =  0.00750    CDp =  0.00601

 Side 1  free  transition at x/c =  0.2943   52
 Side 2 forced transition at x/c =  1.0000   74

   2   rms: 0.2418E-02   max: 0.2265E-01   D at    3  2
       a =  6.500      CL =  1.0468
      Cm = -0.0697     CD =  0.01349   =>   CDf =  0.00738    CDp =  0.00611

 Side 1  free  transition at x/c =  0.2948   52
 Side 2 forced transition at x/c =  1.0000   74

   3   rms: 0.4315E-03   max: 0.5115E-02   D at    4  2
       a =  6.500      CL =  1.0469
      Cm = -0.0697     CD =  0.01349   =>   CDf =  0.00737    CDp =  0.00612

 Side 1  free  transition at x/c =  0.2948   52
 Side 2 forced transition at x/c =  1.0000   74

   4   rms: 0.1451E-06   max: -.8040E-06   D at    9  2
       a =  6.500      CL =  1.0469
      Cm = -0.0697     CD =  0.01349   =>   CDf =  0.00737    CDp =  0.00612
      5.000    3.7946   0.013490   0.000000   0.000000   0.000000    0.2948     #

 Point added to stored polar  1
 Point written to save file  clarky_re300000_realistic_model_reverse.polar   
 Dump file unspecified or not available
 Calculating wake trajectory ...
 Calculating source influence matrix ...

 Solving BL system ...

 Side 1  free  transition at x/c =  0.2948   52
 Side 2 forced transition at x/c =  1.0000   74

   1   rms: 0.3980E-01   max: 0.6652E-01   C at   74  2
       a =  6.250      CL =  1.0240
      Cm = -0.0705     CD =  0.01313   =>   CDf =  0.00737    CDp =  0.00577

 Side 1  free  transition at x/c =  0.3018   52
 Side 2 forced transition at x/c =  1.0000   74

   2   rms: 0.2299E-02   max: -.3801E-01   C at   52  1
       a =  6.250      CL =  1.0234
      Cm = -0.0704     CD =  0.01319   =>   CDf =  0.00737    CDp =  0.00582

 Side 1  free  transition at x/c =  0.3027   52
 Side 2 forced transition at x/c =  1.0000   74

   3   rms: 0.2820E-04   max: -.3794E-03   D at   53  1
       a =  6.250      CL =  1.0235
      Cm = -0.0704     CD =  0.01319   =>   CDf =  0.00736    CDp =  0.00583
      5.000    3.8330   0.013187   0.000000   0.000000   0.000000    0.3027     #

 Point added to stored polar  1
 Point written to save file  clarky_re300000_realistic_model_reverse.polar   
 Dump file unspecified or not available
 Calculating wake trajectory ...
 Calculating source influence matrix ...

 Solving BL system ...

 Side 1  free  transition at x/c =  0.3027   52
 Side 2 forced transition at x/c =  1.0000   74

   1   rms: 0.3937E-01   max: 0.6055E-01   C at   74  2
       a =  6.000      CL =  0.9993
      Cm = -0.0710     CD =  0.01292   =>   CDf =  0.00736    CDp =  0.00556

 Side 1  free  transition at x/c =  0.3091   52
 Side 2 forced transition at x/c =  1.0000   74

   2   rms: 0.2692E-02   max: -.4961E-01   C at   52  1
       a =  6.000      CL =  0.9988
      Cm = -0.0709     CD =  0.01296   =>   CDf =  0.00740    CDp =  0.00556

 Side 1  free  transition at x/c =  0.3100   52
 Side 2 forced transition at x/c =  1.0000   74

   3   rms: 0.3595E-04   max: -.4669E-03   D at   54  1
       a =  6.000      CL =  0.9988
      Cm = -0.0709     CD =  0.01296   =>   CDf =  0.00739    CDp =  0.00557
      5.000    3.8529   0.012960   0.000000   0.000000   0.000000    0.3100     #

 Point added to stored polar  1
 Point written to save file  clarky_re300000_realistic_model_reverse.polar   
 Dump file unspecified or not available
 Calculating wake trajectory ...
 Calculating source influence matrix ...

 Solving BL system ...

 Side 1  free  transition at x/c =  0.3100   52
 Side 2 forced transition at x/c =  1.0000   74

   1   rms: 0.3908E-01   max: 0.5586E-01   C at   74  2
       a =  5.750      CL =  0.9735
      Cm = -0.0714     CD =  0.01276   =>   CDf =  0.00754    CDp =  0.00523

 Side 1  free  transition at x/c =  0.3184   52
 Side 2 forced transition at x/c =  1.0000   75

   2   rms: 0.2932E-02   max: 0.3311E-01   D at   52  1
       a =  5.750      CL =  0.9757
      Cm = -0.0717     CD =  0.01264   =>   CDf =  0.00736    CDp =  0.00528

 Side 1  free  transition at x/c =  0.3182   52
 Side 2 forced transition at x/c =  1.0000   75

   3   rms: 0.5334E-03   max: 0.6337E-02   D at    4  2
       a =  5.750      CL =  0.9757
      Cm = -0.0717     CD =  0.01263   =>   CDf =  0.00736    CDp =  0.00528

 Side 1  free  transition at x/c =  0.3181   52
 Side 2 forced transition at x/c =  1.0000   75

   4   rms: 0.5339E-06   max: -.2491E-05   C at   75  2
       a =  5.750      CL =  0.9757
      Cm = -0.0717     CD =  0.01263   =>   CDf =  0.00736    CDp =  0.00528
      5.000    3.8618   0.012635   0.000000   0.000000   0.000000    0.3181     #

 Point added to stored polar  1
 Point written to save file  clarky_re300000_realistic_model_reverse.polar   
 Dump file unspecified or not available
 Calculating wake trajectory ...
 Calculating source influence matrix ...

 Solving BL system ...

 Side 1  free  transition at x/c =  0.3181   52
 Side 2 forced transition at x/c =  1.0000   75

   1   rms: 0.4027E-01   max: -.1923E+00   C at   52  1
       a =  5.500      CL =  0.9520
      Cm = -0.0724     CD =  0.01233   =>   CDf =  0.00735    CDp =  0.00498

 Side 1  free  transition at x/c =  0.3276   52
 Side 2 forced transition at x/c =  1.0000   75

   2   rms: 0.2479E-02   max: -.4641E-01   C at   52  1
       a =  5.500      CL =  0.9515
      Cm = -0.0723     CD =  0.01238   =>   CDf =  0.00736    CDp =  0.00502

 Side 1  free  transition at x/c =  0.3285   52
 Side 2 forced transition at x/c =  1.0000   75

   3   rms: 0.2684E-04   max: -.3919E-03   D at   54  1
       a =  5.500      CL =  0.9515
      Cm = -0.0723     CD =  0.01238   =>   CDf =  0.00735    CDp =  0.00503
      5.000    3.8558   0.012378   0.000000   0.000000   0.000000    0.3285     #

 Point added to stored polar  1
 Point written to save file  clarky_re300000_realistic_model_reverse.polar   
 Dump file unspecified or not available
 Calculating wake trajectory ...
 Calculating source influence matrix ...

 Solving BL system ...

 Side 1  free  transition at x/c =  0.3285   52
 Side 2 forced transition at x/c =  1.0000   75

   1   rms: 0.3962E-01   max: 0.5978E-01   C at   75  2
       a =  5.250      CL =  0.9265
      Cm = -0.0728     CD =  0.01217   =>   CDf =  0.00735    CDp =  0.00482

 Side 1  free  transition at x/c =  0.3408   53
 Side 2 forced transition at x/c =  1.0000   75

   2   rms: 0.3169E-02   max: 0.4540E-01   D at   53  1
       a =  5.250      CL =  0.9289
      Cm = -0.0732     CD =  0.01202   =>   CDf =  0.00727    CDp =  0.00475

 Side 1  free  transition at x/c =  0.3414   53
 Side 2 forced transition at x/c =  1.0000   75

   3   rms: 0.1041E-03   max: 0.1693E-02   C at   53  1
       a =  5.250      CL =  0.9289
      Cm = -0.0731     CD =  0.01203   =>   CDf =  0.00727    CDp =  0.00476

 Side 1  free  transition at x/c =  0.3413   53
 Side 2 forced transition at x/c =  1.0000   75

   4   rms: 0.5699E-06   max: -.2890E-05   C at   75  2
       a =  5.250      CL =  0.9289
      Cm = -0.0731     CD =  0.01203   =>   CDf =  0.00727    CDp =  0.00476
      5.000    3.8540   0.012026   0.000000   0.000000   0.000000    0.3413     #

 Point added to stored polar  1
 Point written to save file  clarky_re300000_realistic_model_reverse.polar   
 Dump file unspecified or not available
 Calculating wake trajectory ...
 Calculating source influence matrix ...

 Solving BL system ...

 Side 1  free  transition at x/c =  0.3413   53
 Side 2 forced transition at x/c =  1.0000   75

   1   rms: 0.4139E-01   max: -.2638E+00   C at   53  1
       a =  5.000      CL =  0.9052
      Cm = -0.0738     CD =  0.01173   =>   CDf =  0.00740    CDp =  0.00433

 Side 1  free  transition at x/c =  0.3517   53
 Side 2 forced transition at x/c =  1.0000   76

   2   rms: 0.9900E-02   max: -.1597E+00   C at   53  1
       a =  5.000      CL =  0.9060
      Cm = -0.0740     CD =  0.01168   =>   CDf =  0.00726    CDp =  0.00442

 Side 1  free  transition at x/c =  0.3557   53
 Side 2 forced transition at x/c =  1.0000   76

   3   rms: 0.6656E-03   max: 0.6563E-02   D at    4  2
       a =  5.000      CL =  0.9059
      Cm = -0.0740     CD =  0.01170   =>   CDf =  0.00719    CDp =  0.00450

 Side 1  free  transition at x/c =  0.3555   53
 Side 2 forced transition at x/c =  1.0000   76

   4   rms: 0.1585E-05   max: -.9982E-05   C at   76  2
       a =  5.000      CL =  0.9059
      Cm = -0.0740     CD =  0.01170   =>   CDf =  0.00720    CDp =  0.00450
      5.000    3.8467   0.011698   0.000000   0.000000   0.000000    0.3555     #

 Point added to stored polar  1
 Point written to save file  clarky_re300000_realistic_model_reverse.polar   
 Dump file unspecified or not available
 Calculating wake trajectory ...
 Calculating source influence matrix ...

 Solving BL system ...

 Side 1  free  transition at x/c =  0.3555   53
 Side 2 forced transition at x/c =  1.0000   76

   1   rms: 0.4305E-01   max: -.3517E+00   C at   53  1
       a =  4.750      CL =  0.8831
      Cm = -0.0748     CD =  0.01135   =>   CDf =  0.00720    CDp =  0.00416

 Side 1  free  transition at x/c =  0.3661   54
 Side 2 forced transition at x/c =  1.0000   76

   2   rms: 0.1289E-01   max: -.1806E+00   C at   54  1
       a =  4.750      CL =  0.8831
      Cm = -0.0748     CD =  0.01135   =>   CDf =  0.00721    CDp =  0.00414

 Side 1  free  transition at x/c =  0.3721   54
 Side 2 forced transition at x/c =  1.0000   76

   3   rms: 0.1880E-02   max: 0.3437E-01   C at   54  1
       a =  4.750      CL =  0.8830
      Cm = -0.0748     CD =  0.01138   =>   CDf =  0.00710    CDp =  0.00427

 Side 1  free  transition at x/c =  0.3712   54
 Side 2 forced transition at x/c =  1.0000   76

   4   rms: 0.1482E-04   max: -.2288E-03   D at   55  1
       a =  4.750      CL =  0.8830
      Cm = -0.0748     CD =  0.01138   =>   CDf =  0.00711    CDp =  0.00426
      5.000    3.8036   0.011376   0.000000   0.000000   0.000000    0.3712     #

 Point added to stored polar  1
 Point written to save file  clarky_re300000_realistic_model_reverse.polar   
 Dump file unspecified or not available
 Calculating wake trajectory ...
 Calculating source influence matrix ...

 Solving BL system ...

 Side 1  free  transition at x/c =  0.3712   54
 Side 2 forced transition at x/c =  1.0000   76

   1   rms: 0.4431E-01   max: -.4064E+00   C at   54  1
       a =  4.500      CL =  0.8606
      Cm = -0.0757     CD =  0.01101   =>   CDf =  0.00711    CDp =  0.00390

 Side 1  free  transition at x/c =  0.3825   54
 Side 2 forced transition at x/c =  1.0000   76

   2   rms: 0.9352E-02   max: -.1816E+00   C at   54  1
       a =  4.500      CL =  0.8593
      Cm = -0.0755     CD =  0.01110   =>   CDf =  0.00710    CDp =  0.00400

 Side 1  free  transition at x/c =  0.3864   55
 Side 2 forced transition at x/c =  1.0000   76

   3   rms: 0.5877E-02   max: -.9803E-01   C at   55  1
       a =  4.500      CL =  0.8600
      Cm = -0.0757     CD =  0.01106   =>   CDf =  0.00707    CDp =  0.00400

 Side 1  free  transition at x/c =  0.3878   55
 Side 2 forced transition at x/c =  1.0000   76

   4   rms: 0.3434E-03   max: 0.6260E-02   C at   55  1
       a =  4.500      CL =  0.8599
      Cm = -0.0756     CD =  0.01107   =>   CDf =  0.00702    CDp =  0.00404

 Side 1  free  transition at x/c =  0.3877   55
 Side 2 forced transition at x/c =  1.0000   76

   5   rms: 0.1724E-05   max: -.8190E-05   C at   76  2
       a =  4.500      CL =  0.8599
      Cm = -0.0756     CD =  0.01107   =>   CDf =  0.00703    CDp =  0.00404
      5.000    3.7350   0.011067   0.000000   0.000000   0.000000    0.3877     #

 Point added to stored polar  1
 Point written to save file  clarky_re300000_realistic_model_reverse.polar   
 Dump file unspecified or not available
 Calculating wake trajectory ...
 Calculating source influence matrix ...

 Solving BL system ...

 Side 1  free  transition at x/c =  0.3877   55
 Side 2 forced transition at x/c =  1.0000   76

   1   rms: 0.4429E-01   max: -.4106E+00   C at   55  1
       a =  4.250      CL =  0.8375
      Cm = -0.0766     CD =  0.01071   =>   CDf =  0.00703    CDp =  0.00369

 Side 1  free  transition at x/c =  0.3999   55
 Side 2 forced transition at x/c =  1.0000   76

   2   rms: 0.7939E-02   max: -.1563E+00   C at   55  1
       a =  4.250      CL =  0.8364
      Cm = -0.0764     CD =  0.01079   =>   CDf =  0.00699    CDp =  0.00380

 Side 1  free  transition at x/c =  0.4032   56
 Side 2 forced transition at x/c =  1.0000   76

   3   rms: 0.5158E-02   max: -.8633E-01   C at   56  1
       a =  4.250      CL =  0.8367
      Cm = -0.0765     CD =  0.01078   =>   CDf =  0.00698    CDp =  0.00380

 Side 1  free  transition at x/c =  0.4045   56
 Side 2 forced transition at x/c =  1.0000   76

   4   rms: 0.2479E-03   max: 0.4418E-02   C at   56  1
       a =  4.250      CL =  0.8367
      Cm = -0.0765     CD =  0.01078   =>   CDf =  0.00694    CDp =  0.00384

 Side 1  free  transition at x/c =  0.4044   56
 Side 2 forced transition at x/c =  1.0000   76

   5   rms: 0.1078E-05   max: 0.4931E-05   D at   85  1
       a =  4.250      CL =  0.8367
      Cm = -0.0765     CD =  0.01078   =>   CDf =  0.00694    CDp =  0.00384
      5.000    3.6527   0.010781   0.000000   0.000000   0.000000    0.4044     #

 Point added to stored polar  1
 Point written to save file  clarky_re300000_realistic_model_reverse.polar   
 Dump file unspecified or not available
 Calculating wake trajectory ...
 Calculating source influence matrix ...

 Solving BL system ...

 Side 1  free  transition at x/c =  0.4044   56
 Side 2 forced transition at x/c =  1.0000   76

   1   rms: 0.4406E-01   max: -.4009E+00   C at   56  1
       a =  4.000      CL =  0.8142
      Cm = -0.0774     CD =  0.01044   =>   CDf =  0.00705    CDp =  0.00339

 Side 1  free  transition at x/c =  0.4193   55
 Side 2 forced transition at x/c =  1.0000   77

   2   rms: 0.6577E-02   max: -.1147E+00   C at   55  1
       a =  4.000      CL =  0.8133
      Cm = -0.0773     CD =  0.01051   =>   CDf =  0.00689    CDp =  0.00362

 Side 1  free  transition at x/c =  0.4219   56
 Side 2 forced transition at x/c =  1.0000   77

   3   rms: 0.3493E-02   max: -.5991E-01   C at   56  1
       a =  4.000      CL =  0.8135
      Cm = -0.0773     CD =  0.01050   =>   CDf =  0.00689    CDp =  0.00362

 Side 1  free  transition at x/c =  0.4227   56
 Side 2 forced transition at x/c =  1.0000   77

   4   rms: 0.8576E-04   max: 0.1514E-02   C at   56  1
       a =  4.000      CL =  0.8135
      Cm = -0.0773     CD =  0.01051   =>   CDf =  0.00686    CDp =  0.00364
      5.000    3.5703   0.010505   0.000000   0.000000   0.000000    0.4227     #

 Point added to stored polar  1
 Point written to save file  clarky_re300000_realistic_model_reverse.polar   
 Dump file unspecified or not available
 Calculating wake trajectory ...
 Calculating source influence matrix ...

 Solving BL system ...

 Side 1  free  transition at x/c =  0.4227   56
 Side 2 forced transition at x/c =  1.0000   77

   1   rms: 0.4488E-01   max: -.4345E+00   C at   56  1
       a =  3.750      CL =  0.7913
      Cm = -0.0784     CD =  0.01017   =>   CDf =  0.00686    CDp =  0.00330

 Side 1  free  transition at x/c =  0.4385   56
 Side 2 forced transition at x/c =  1.0000   77

   2   rms: 0.6845E-02   max: -.1321E+00   C at   56  1
       a =  3.750      CL =  0.7901
      Cm = -0.0782     CD =  0.01025   =>   CDf =  0.00680    CDp =  0.00345

 Side 1  free  transition at x/c =  0.4425   57
 Side 2 forced transition at x/c =  1.0000   77

   3   rms: 0.1126E-02   max: -.1887E-01   C at   57  1
       a =  3.750      CL =  0.7904
      Cm = -0.0782     CD =  0.01023   =>   CDf =  0.00677    CDp =  0.00347

 Side 1  free  transition at x/c =  0.4426   57
 Side 2 forced transition at x/c =  1.0000   77

   4   rms: 0.5802E-05   max: 0.1034E-03   C at   57  1
       a =  3.750      CL =  0.7905
      Cm = -0.0782     CD =  0.01023   =>   CDf =  0.00676    CDp =  0.00347
      5.000    3.4921   0.010233   0.000000   0.000000   0.000000    0.4426     #

 Point added to stored polar  1
 Point written to save file  clarky_re300000_realistic_model_reverse.polar   
 Dump file unspecified or not available
 Calculating wake trajectory ...
 Calculating source influence matrix ...

 Solving BL system ...

 Side 1  free  transition at x/c =  0.4426   57
 Side 2 forced transition at x/c =  1.0000   77

   1   rms: 0.4505E-01   max: -.4493E+00   C at   57  1
       a =  3.500      CL =  0.7682
      Cm = -0.0793     CD =  0.00991   =>   CDf =  0.00676    CDp =  0.00315

 Side 1  free  transition at x/c =  0.4577   57
 Side 2 forced transition at x/c =  1.0000   77

   2   rms: 0.7797E-02   max: -.1469E+00   C at   57  1
       a =  3.500      CL =  0.7668
      Cm = -0.0790     CD =  0.01001   =>   CDf =  0.00672    CDp =  0.00329

 Side 1  free  transition at x/c =  0.4633   58
 Side 2 forced transition at x/c =  1.0000   77

   3   rms: 0.1136E-02   max: 0.1711E-01   C at   58  1
       a =  3.500      CL =  0.7673
      Cm = -0.0791     CD =  0.00998   =>   CDf =  0.00666    CDp =  0.00333

 Side 1  free  transition at x/c =  0.4626   58
 Side 2 forced transition at x/c =  1.0000   77

   4   rms: 0.5965E-05   max: -.9952E-04   D at   60  1
       a =  3.500      CL =  0.7673
      Cm = -0.0791     CD =  0.00998   =>   CDf =  0.00666    CDp =  0.00332
      5.000    3.4186   0.009982   0.000000   0.000000   0.000000    0.4626     #

 Point added to stored polar  1
 Point written to save file  clarky_re300000_realistic_model_reverse.polar   
 Dump file unspecified or not available
 Calculating wake trajectory ...
 Calculating source influence matrix ...

 Solving BL system ...

 Side 1  free  transition at x/c =  0.4626   58
 Side 2 forced transition at x/c =  1.0000   77

   1   rms: 0.4408E-01   max: -.4159E+00   C at   58  1
       a =  3.250      CL =  0.7446
      Cm = -0.0801     CD =  0.00970   =>   CDf =  0.00675    CDp =  0.00295

 Side 1  free  transition at x/c =  0.4769   57
 Side 2 forced transition at x/c =  1.0000   78

   2   rms: 0.7656E-02   max: -.1334E+00   C at   57  1
       a =  3.250      CL =  0.7434
      Cm = -0.0799     CD =  0.00978   =>   CDf =  0.00663    CDp =  0.00315

 Side 1  free  transition at x/c =  0.4820   58
 Side 2 forced transition at x/c =  1.0000   78

   3   rms: 0.1340E-02   max: 0.1970E-01   C at   58  1
       a =  3.250      CL =  0.7438
      Cm = -0.0800     CD =  0.00976   =>   CDf =  0.00657    CDp =  0.00319

 Side 1  free  transition at x/c =  0.4813   58
 Side 2 forced transition at x/c =  1.0000   78

   4   rms: 0.7226E-05   max: -.1315E-03   D at   60  1
       a =  3.250      CL =  0.7438
      Cm = -0.0800     CD =  0.00976   =>   CDf =  0.00658    CDp =  0.00318
      5.000    3.3505   0.009758   0.000000   0.000000   0.000000    0.4813     #

 Point added to stored polar  1
 Point written to save file  clarky_re300000_realistic_model_reverse.polar   
 Dump file unspecified or not available
 Calculating wake trajectory ...
 Calculating source influence matrix ...

 Solving BL system ...

 Side 1  free  transition at x/c =  0.4813   58
 Side 2 forced transition at x/c =  1.0000   78

   1   rms: 0.4339E-01   max: -.3831E+00   C at   58  1
       a =  3.000      CL =  0.7210
      Cm = -0.0810     CD =  0.00950   =>   CDf =  0.00658    CDp =  0.00292

 Side 1  free  transition at x/c =  0.4957   58
 Side 2 forced transition at x/c =  1.0000   78

   2   rms: 0.6369E-02   max: -.1169E+00   C at   58  1
       a =  3.000      CL =  0.7199
      Cm = -0.0808     CD =  0.00957   =>   CDf =  0.00654    CDp =  0.00303

 Side 1  free  transition at x/c =  0.4997   59
 Side 2 forced transition at x/c =  1.0000   78

   3   rms: 0.5439E-03   max: -.6068E-02   D at   61  1
       a =  3.000      CL =  0.7203
      Cm = -0.0808     CD =  0.00955   =>   CDf =  0.00649    CDp =  0.00306

 Side 1  free  transition at x/c =  0.4993   59
 Side 2 forced transition at x/c =  1.0000   78

   4   rms: 0.2765E-05   max: 0.4449E-04   C at   59  1
       a =  3.000      CL =  0.7203
      Cm = -0.0808     CD =  0.00955   =>   CDf =  0.00649    CDp =  0.00306
      5.000    3.2886   0.009552   0.000000   0.000000   0.000000    0.4993     #

 Point added to stored polar  1
 Point written to save file  clarky_re300000_realistic_model_reverse.polar   
 Dump file unspecified or not available
 Calculating wake trajectory ...
 Calculating source influence matrix ...

 Solving BL system ...

 Side 1  free  transition at x/c =  0.4993   59
 Side 2 forced transition at x/c =  1.0000   78

   1   rms: 0.4344E-01   max: -.3714E+00   C at   59  1
       a =  2.750      CL =  0.6976
      Cm = -0.0819     CD =  0.00930   =>   CDf =  0.00649    CDp =  0.00281

 Side 1  free  transition at x/c =  0.5142   59
 Side 2 forced transition at x/c =  1.0000   78

   2   rms: 0.6132E-02   max: -.1116E+00   C at   59  1
       a =  2.750      CL =  0.6966
      Cm = -0.0817     CD =  0.00937   =>   CDf =  0.00644    CDp =  0.00293

 Side 1  free  transition at x/c =  0.5176   60
 Side 2 forced transition at x/c =  1.0000   78

   3   rms: 0.8192E-03   max: -.1274E-01   C at   60  1
       a =  2.750      CL =  0.6968
      Cm = -0.0817     CD =  0.00936   =>   CDf =  0.00640    CDp =  0.00295

 Side 1  free  transition at x/c =  0.5176   60
 Side 2 forced transition at x/c =  1.0000   78

   4   rms: 0.5888E-05   max: 0.1032E-03   C at   60  1
       a =  2.750      CL =  0.6968
      Cm = -0.0817     CD =  0.00936   =>   CDf =  0.00640    CDp =  0.00296
      5.000    3.2329   0.009355   0.000000   0.000000   0.000000    0.5176     #

 Point added to stored polar  1
 Point written to save file  clarky_re300000_realistic_model_reverse.polar   
 Dump file unspecified or not available
 Calculating wake trajectory ...
 Calculating source influence matrix ...

 Solving BL system ...

 Side 1  free  transition at x/c =  0.5176   60
 Side 2 forced transition at x/c =  1.0000   78

   1   rms: 0.4359E-01   max: -.3625E+00   C at   60  1
       a =  2.500      CL =  0.6743
      Cm = -0.0828     CD =  0.00911   =>   CDf =  0.00640    CDp =  0.00271

 Side 1  free  transition at x/c =  0.5318   60
 Side 2 forced transition at x/c =  1.0000   78

   2   rms: 0.6428E-02   max: -.1156E+00   C at   60  1
       a =  2.500      CL =  0.6732
      Cm = -0.0826     CD =  0.00918   =>   CDf =  0.00634    CDp =  0.00284

 Side 1  free  transition at x/c =  0.5351   61
 Side 2 forced transition at x/c =  1.0000   78

   3   rms: 0.1779E-02   max: -.3047E-01   C at   61  1
       a =  2.500      CL =  0.6733
      Cm = -0.0826     CD =  0.00917   =>   CDf =  0.00632    CDp =  0.00286

 Side 1  free  transition at x/c =  0.5354   61
 Side 2 forced transition at x/c =  1.0000   78

   4   rms: 0.2329E-04   max: 0.3882E-03   C at   61  1
       a =  2.500      CL =  0.6733
      Cm = -0.0826     CD =  0.00917   =>   CDf =  0.00630    CDp =  0.00287
      5.000    3.2562   0.009174   0.000000   0.000000   0.000000    0.5354     #

 Point added to stored polar  1
 Point written to save file  clarky_re300000_realistic_model_reverse.polar   
 Dump file unspecified or not available
 Calculating wake trajectory ...
 Calculating source influence matrix ...

 Solving BL system ...

 Side 1  free  transition at x/c =  0.5354   61
 Side 2 forced transition at x/c =  1.0000   78

   1   rms: 0.4400E-01   max: -.3309E+00   C at   61  1
       a =  2.250      CL =  0.6506
      Cm = -0.0837     CD =  0.00895   =>   CDf =  0.00637    CDp =  0.00258

 Side 1  free  transition at x/c =  0.5486   60
 Side 2 forced transition at x/c =  1.0000   79

   2   rms: 0.6973E-02   max: -.1038E+00   C at   60  1
       a =  2.250      CL =  0.6498
      Cm = -0.0835     CD =  0.00900   =>   CDf =  0.00625    CDp =  0.00276

 Side 1  free  transition at x/c =  0.5521   60
 Side 2 forced transition at x/c =  1.0000   79

   3   rms: 0.5393E-03   max: 0.5761E-02   D at    4  2
       a =  2.250      CL =  0.6498
      Cm = -0.0835     CD =  0.00901   =>   CDf =  0.00622    CDp =  0.00279

 Side 1  free  transition at x/c =  0.5520   60
 Side 2 forced transition at x/c =  1.0000   79

   4   rms: 0.4771E-06   max: -.3030E-05   D at   62  1
       a =  2.250      CL =  0.6498
      Cm = -0.0835     CD =  0.00901   =>   CDf =  0.00622    CDp =  0.00279
      5.000    3.2803   0.009006   0.000000   0.000000   0.000000    0.5520     #

 Point added to stored polar  1
 Point written to save file  clarky_re300000_realistic_model_reverse.polar   
 Dump file unspecified or not available
 Calculating wake trajectory ...
 Calculating source influence matrix ...

 Solving BL system ...

 Side 1  free  transition at x/c =  0.5520   60
 Side 2 forced transition at x/c =  1.0000   79

   1   rms: 0.4100E-01   max: 0.7564E-01   C at   79  2
       a =  2.000      CL =  0.6253
      Cm = -0.0843     CD =  0.00888   =>   CDf =  0.00621    CDp =  0.00267

 Side 1  free  transition at x/c =  0.5682   61
 Side 2 forced transition at x/c =  1.0000   79

   2   rms: 0.2905E-02   max: 0.4777E-01   C at   61  1
       a =  2.000      CL =  0.6261
      Cm = -0.0844     CD =  0.00885   =>   CDf =  0.00611    CDp =  0.00274

 Side 1  free  transition at x/c =  0.5669   61
 Side 2 forced transition at x/c =  1.0000   79

   3   rms: 0.3744E-04   max: -.5725E-03   D at   63  1
       a =  2.000      CL =  0.6261
      Cm = -0.0844     CD =  0.00885   =>   CDf =  0.00612    CDp =  0.00273
      5.000    3.3053   0.008852   0.000000   0.000000   0.000000    0.5669     #

 Point added to stored polar  1
 Point written to save file  clarky_re300000_realistic_model_reverse.polar   
 Dump file unspecified or not available
 Calculating wake trajectory ...
 Calculating source influence matrix ...

 Solving BL system ...

 Side 1  free  transition at x/c =  0.5669   61
 Side 2 forced transition at x/c =  1.0000   79

   1   rms: 0.4077E-01   max: -.2154E+00   C at   61  1
       a =  1.750      CL =  0.6019
      Cm = -0.0852     CD =  0.00872   =>   CDf =  0.00612    CDp =  0.00261

 Side 1  free  transition at x/c =  0.5804   62
 Side 2 forced transition at x/c =  1.0000   79

   2   rms: 0.7532E-03   max: -.1010E-01   C at   62  1
       a =  1.750      CL =  0.6022
      Cm = -0.0852     CD =  0.00872   =>   CDf =  0.00603    CDp =  0.00268

 Side 1  free  transition at x/c =  0.5809   62
 Side 2 forced transition at x/c =  1.0000   79

   3   rms: 0.4933E-05   max: -.7743E-04   C at   62  1
       a =  1.750      CL =  0.6022
      Cm = -0.0852     CD =  0.00872   =>   CDf =  0.00603    CDp =  0.00269
      5.000    3.3260   0.008717   0.000000   0.000000   0.000000    0.5809     #

 Point added to stored polar  1
 Point written to save file  clarky_re300000_realistic_model_reverse.polar   
 Dump file unspecified or not available
 Calculating wake trajectory ...
 Calculating source influence matrix ...

 Solving BL system ...

 Side 1  free  transition at x/c =  0.5809   62
 Side 2 forced transition at x/c =  1.0000   79

   1   rms: 0.4085E-01   max: -.2399E+00   C at   62  1
       a =  1.500      CL =  0.5782
      Cm = -0.0861     CD =  0.00858   =>   CDf =  0.00607    CDp =  0.00251

 Side 1  free  transition at x/c =  0.5919   62
 Side 2 forced transition at x/c =  1.0000   80

   2   rms: 0.6808E-02   max: -.1116E+00   C at   62  1
       a =  1.500      CL =  0.5779
      Cm = -0.0860     CD =  0.00860   =>   CDf =  0.00600    CDp =  0.00259

 Side 1  free  transition at x/c =  0.5947   62
 Side 2 forced transition at x/c =  1.0000   80

   3   rms: 0.3993E-03   max: -.3789E-02   D at   64  1
       a =  1.500      CL =  0.5779
      Cm = -0.0860     CD =  0.00860   =>   CDf =  0.00595    CDp =  0.00265

 Side 1  free  transition at x/c =  0.5946   62
 Side 2 forced transition at x/c =  1.0000   80

   4   rms: 0.8292E-06   max: -.9625E-05   D at   64  1
       a =  1.500      CL =  0.5779
      Cm = -0.0860     CD =  0.00860   =>   CDf =  0.00595    CDp =  0.00265
      5.000    3.3429   0.008601   0.000000   0.000000   0.000000    0.5946     #

 Point added to stored polar  1
 Point written to save file  clarky_re300000_realistic_model_reverse.polar   
 Dump file unspecified or not available
 Calculating wake trajectory ...
 Calculating source influence matrix ...

 Solving BL system ...

 Side 1  free  transition at x/c =  0.5946   62
 Side 2 forced transition at x/c =  1.0000   80

   1   rms: 0.4127E-01   max: -.2449E+00   C at   62  1
       a =  1.250      CL =  0.5541
      Cm = -0.0869     CD =  0.00846   =>   CDf =  0.00595    CDp =  0.00251

 Side 1  free  transition at x/c =  0.6062   62
 Side 2  free  transition at x/c =  0.9981   80

   2   rms: 0.4670E-02   max: -.6722E-01   C at   62  1
       a =  1.250      CL =  0.5522
      Cm = -0.0864     CD =  0.00849   =>   CDf =  0.00588    CDp =  0.00261

 Side 1  free  transition at x/c =  0.6085   62
 Side 2  free  transition at x/c =  0.9990   80

   3   rms: 0.6756E-04   max: -.9878E-03   D at   64  1
       a =  1.250      CL =  0.5522
      Cm = -0.0864     CD =  0.00849   =>   CDf =  0.00586    CDp =  0.00263
      5.000    3.3628   0.008494   0.000000   0.000000   0.000000    0.6085     #

 Point added to stored polar  1
 Point written to save file  clarky_re300000_realistic_model_reverse.polar   
 Dump file unspecified or not available
 Calculating wake trajectory ...
 Calculating source influence matrix ...

 Solving BL system ...

 Side 1  free  transition at x/c =  0.6085   62
 Side 2  free  transition at x/c =  0.9990   80

   1   rms: 0.5018E-01   max: -.1767E+00   C at   80  2
       a =  1.000      CL =  0.5135
      Cm = -0.0841     CD =  0.00841   =>   CDf =  0.00586    CDp =  0.00255

 Side 1  free  transition at x/c =  0.6248   63
 Side 2  free  transition at x/c =  0.9855   79

   2   rms: 0.4600E-02   max: 0.6274E-01   C at   63  1
       a =  1.000      CL =  0.5117
      Cm = -0.0837     CD =  0.00840   =>   CDf =  0.00573    CDp =  0.00267

 Side 1  free  transition at x/c =  0.6234   63
 Side 2  free  transition at x/c =  0.9892   80

   3   rms: 0.6427E-02   max: 0.1101E+00   C at   80  2
       a =  1.000      CL =  0.5131
      Cm = -0.0840     CD =  0.00839   =>   CDf =  0.00575    CDp =  0.00264

 Side 1  free  transition at x/c =  0.6232   63
 Side 2  free  transition at x/c =  0.9870   80

   4   rms: 0.3753E-03   max: -.4838E-02   D at   80  2
       a =  1.000      CL =  0.5129
      Cm = -0.0839     CD =  0.00839   =>   CDf =  0.00575    CDp =  0.00265

 Side 1  free  transition at x/c =  0.6232   63
 Side 2  free  transition at x/c =  0.9871   80

   5   rms: 0.5254E-05   max: 0.5554E-04   C at   80  2
       a =  1.000      CL =  0.5129
      Cm = -0.0839     CD =  0.00839   =>   CDf =  0.00575    CDp =  0.00265
      5.000    3.4035   0.008392   0.000000   0.000000   0.000000    0.6232     #

 Point added to stored polar  1
 Point written to save file  clarky_re300000_realistic_model_reverse.polar   
 Dump file unspecified or not available
 Calculating wake trajectory ...
 Calculating source influence matrix ...

 Solving BL system ...

 Side 1  free  transition at x/c =  0.6232   63
 Side 2  free  transition at x/c =  0.9871   80

   1   rms: 0.5342E-01   max: -.9109E-01   D at   80  2
       a =  0.750      CL =  0.4701
      Cm = -0.0807     CD =  0.00833   =>   CDf =  0.00577    CDp =  0.00256

 Side 1  free  transition at x/c =  0.6363   63
 Side 2  free  transition at x/c =  0.9623   79

   2   rms: 0.6768E-02   max: -.1229E+00   D at   80  2
       a =  0.750      CL =  0.4725
      Cm = -0.0813     CD =  0.00830   =>   CDf =  0.00565    CDp =  0.00265

 Side 1  free  transition at x/c =  0.6369   63
 Side 2  free  transition at x/c =  0.9657   79

   3   rms: 0.3388E-03   max: 0.6070E-02   D at   80  2
       a =  0.750      CL =  0.4725
      Cm = -0.0813     CD =  0.00830   =>   CDf =  0.00565    CDp =  0.00265

 Side 1  free  transition at x/c =  0.6369   63
 Side 2  free  transition at x/c =  0.9654   79

   4   rms: 0.5992E-06   max: 0.7922E-05   D at   80  2
       a =  0.750      CL =  0.4725
      Cm = -0.0813     CD =  0.00830   =>   CDf =  0.00565    CDp =  0.00265
      5.000    3.4521   0.008300   0.000000   0.000000   0.000000    0.6369     #

 Point added to stored polar  1
 Point written to save file  clarky_re300000_realistic_model_reverse.polar   
 Dump file unspecified or not available
 Calculating wake trajectory ...
 Calculating source influence matrix ...

 Solving BL system ...

 Side 1  free  transition at x/c =  0.6369   63
 Side 2  free  transition at x/c =  0.9654   79

   1   rms: 0.5142E-01   max: -.1249E+00   C at   81  2
       a =  0.500      CL =  0.4360
      Cm = -0.0797     CD =  0.00820   =>   CDf =  0.00565    CDp =  0.00255

 Side 1  free  transition at x/c =  0.6469   63
 Side 2  free  transition at x/c =  0.9022   76

   2   rms: 0.1637E-01   max: -.1973E+00   C at   76  2
       a =  0.500      CL =  0.4258
      Cm = -0.0776     CD =  0.00824   =>   CDf =  0.00566    CDp =  0.00258

 Side 1  free  transition at x/c =  0.6496   64
 Side 2  free  transition at x/c =  0.9093   76

   3   rms: 0.1793E-02   max: -.1334E-01   C at   64  1
       a =  0.500      CL =  0.4275
      Cm = -0.0780     CD =  0.00824   =>   CDf =  0.00562    CDp =  0.00262

 Side 1  free  transition at x/c =  0.6495   64
 Side 2  free  transition at x/c =  0.9096   76

   4   rms: 0.1323E-04   max: 0.2126E-03   C at   64  1
       a =  0.500      CL =  0.4275
      Cm = -0.0780     CD =  0.00824   =>   CDf =  0.00561    CDp =  0.00263
      5.000    3.4947   0.008242   0.000000   0.000000   0.000000    0.6495     #

 Point added to stored polar  1
 Point written to save file  clarky_re300000_realistic_model_reverse.polar   
 Dump file unspecified or not available
 Calculating wake trajectory ...
 Calculating source influence matrix ...

 Solving BL system ...

 Side 1  free  transition at x/c =  0.6495   64
 Side 2  free  transition at x/c =  0.9096   76

   1   rms: 0.8006E-01   max: 0.9611E+00   C at   76  2
       a =  0.250      CL =  0.3844
      Cm = -0.0753     CD =  0.00820   =>   CDf =  0.00561    CDp =  0.00259

 Side 1  free  transition at x/c =  0.6591   64
 Side 2  free  transition at x/c =  0.7396   67

   2   rms: 0.3632E-01   max: -.5965E+00   C at   67  2   RLX: 0.838
       a =  0.250      CL =  0.3954
      Cm = -0.0780     CD =  0.00840   =>   CDf =  0.00601    CDp =  0.00239

 Side 1  free  transition at x/c =  0.6600   64
 Side 2  free  transition at x/c =  0.7772   69

   3   rms: 0.2328E-02   max: 0.2775E-01   D at   68  2
       a =  0.250      CL =  0.3968
      Cm = -0.0782     CD =  0.00837   =>   CDf =  0.00585    CDp =  0.00252

 Side 1  free  transition at x/c =  0.6602   64
 Side 2  free  transition at x/c =  0.7779   69

   4   rms: 0.1835E-03   max: -.3192E-02   C at   69  2
       a =  0.250      CL =  0.3969
      Cm = -0.0782     CD =  0.00837   =>   CDf =  0.00585    CDp =  0.00252

 Side 1  free  transition at x/c =  0.6602   64
 Side 2  free  transition at x/c =  0.7780   69

   5   rms: 0.2840E-06   max: -.2518E-05   C at   72  2
       a =  0.250      CL =  0.3969
      Cm = -0.0782     CD =  0.00837   =>   CDf =  0.00585    CDp =  0.00252
      5.000    3.5218   0.008373   0.000000   0.000000   0.000000    0.6602     #

 Point added to stored polar  1
 Point written to save file  clarky_re300000_realistic_model_reverse.polar   
 Dump file unspecified or not available
 Calculating wake trajectory ...
 Calculating source influence matrix ...

 Solving BL system ...

 Side 1  free  transition at x/c =  0.6602   64
 Side 2  free  transition at x/c =  0.7780   69

   1   rms: 0.1374E+00   max: 0.2405E+01   C at   69  2   RLX: 0.624
       a =  0.000      CL =  0.3837
      Cm = -0.0795     CD =  0.00856   =>   CDf =  0.00585    CDp =  0.00271

 Side 1  free  transition at x/c =  0.6661   64
 Side 2  free  transition at x/c =  0.6812   64

   2   rms: 0.3640E-01   max: 0.6225E+00   C at   64  2
       a =  0.000      CL =  0.3754
      Cm = -0.0799     CD =  0.00873   =>   CDf =  0.00622    CDp =  0.00251

 Side 1  free  transition at x/c =  0.6703   64
 Side 2  free  transition at x/c =  0.6317   62

   3   rms: 0.7580E-02   max: -.1344E+00   C at   62  2
       a =  0.000      CL =  0.3759
      Cm = -0.0800     CD =  0.00875   =>   CDf =  0.00633    CDp =  0.00242

 Side 1  free  transition at x/c =  0.6700   64
 Side 2  free  transition at x/c =  0.6374   63

   4   rms: 0.3314E-03   max: -.3154E-02   D at    4  2
       a =  0.000      CL =  0.3758
      Cm = -0.0800     CD =  0.00875   =>   CDf =  0.00630    CDp =  0.00244

 Side 1  free  transition at x/c =  0.6700   64
 Side 2  free  transition at x/c =  0.6372   63

   5   rms: 0.7132E-06   max: 0.9243E-05   C at   63  2
       a =  0.000      CL =  0.3758
      Cm = -0.0800     CD =  0.00875   =>   CDf =  0.00630    CDp =  0.00244
      5.000    3.5503   0.008746   0.000000   0.000000   0.000000    0.6700     #

 Point added to stored polar  1
 Point written to save file  clarky_re300000_realistic_model_reverse.polar   
 Dump file unspecified or not available
 Calculating wake trajectory ...
 Calculating source influence matrix ...

 Solving BL system ...

 Side 1  free  transition at x/c =  0.6700   64
 Side 2  free  transition at x/c =  0.6372   63

   1   rms: 0.1532E+00   max: 0.2819E+01   C at   63  2   RLX: 0.532
       a = -0.250      CL =  0.3646
      Cm = -0.0809     CD =  0.00897   =>   CDf =  0.00630    CDp =  0.00267

 Side 1  free  transition at x/c =  0.6750   64
 Side 2  free  transition at x/c =  0.5574   58

   2   rms: 0.5143E-01   max: 0.8941E+00   C at   58  2
       a = -0.250      CL =  0.3528
      Cm = -0.0811     CD =  0.00909   =>   CDf =  0.00656    CDp =  0.00253

 Side 1  free  transition at x/c =  0.6801   64
 Side 2  free  transition at x/c =  0.4923   55

   3   rms: 0.1059E-01   max: -.1971E+00   C at   55  2
       a = -0.250      CL =  0.3533
      Cm = -0.0812     CD =  0.00915   =>   CDf =  0.00676    CDp =  0.00239

 Side 1  free  transition at x/c =  0.6804   64
 Side 2  free  transition at x/c =  0.5002   55

   4   rms: 0.3231E-03   max: 0.4758E-02   C at   55  2
       a = -0.250      CL =  0.3533
      Cm = -0.0812     CD =  0.00915   =>   CDf =  0.00673    CDp =  0.00242

 Side 1  free  transition at x/c =  0.6804   64
 Side 2  free  transition at x/c =  0.5001   55

   5   rms: 0.7921E-06   max: 0.1230E-04   C at   55  2
       a = -0.250      CL =  0.3533
      Cm = -0.0812     CD =  0.00915   =>   CDf =  0.00673    CDp =  0.00242
      5.000    3.5729   0.009152   0.000000   0.000000   0.000000    0.6804     #

 Point added to stored polar  1
 Point written to save file  clarky_re300000_realistic_model_reverse.polar   
 Dump file unspecified or not available
 Calculating wake trajectory ...
 Calculating source influence matrix ...

 Solving BL system ...

 Side 1  free  transition at x/c =  0.6804   64
 Side 2  free  transition at x/c =  0.5001   55

   1   rms: 0.1496E+00   max: 0.2748E+01   C at   55  2   RLX: 0.546
       a = -0.500      CL =  0.3400
      Cm = -0.0815     CD =  0.00934   =>   CDf =  0.00676    CDp =  0.00257

 Side 1  free  transition at x/c =  0.6859   63
 Side 2  free  transition at x/c =  0.4285   53

   2   rms: 0.8086E-01   max: 0.1203E+01   T at    2  2   RLX: 0.943
       a = -0.500      CL =  0.3295
      Cm = -0.0817     CD =  0.00952   =>   CDf =  0.00698    CDp =  0.00255

 Side 1  free  transition at x/c =  0.6911   64
 Side 2  free  transition at x/c =  0.3905   51

   3   rms: 0.8212E-02   max: 0.8032E-01   D at    4  2
       a = -0.500      CL =  0.3288
      Cm = -0.0818     CD =  0.00949   =>   CDf =  0.00707    CDp =  0.00243

 Side 1  free  transition at x/c =  0.6907   64
 Side 2  free  transition at x/c =  0.3916   51

   4   rms: 0.1576E-03   max: 0.2582E-02   C at   51  2
       a = -0.500      CL =  0.3288
      Cm = -0.0818     CD =  0.00949   =>   CDf =  0.00706    CDp =  0.00243

 Side 1  free  transition at x/c =  0.6907   64
 Side 2  free  transition at x/c =  0.3915   51

   5   rms: 0.3440E-06   max: -.4134E-05   D at   52  2
       a = -0.500      CL =  0.3288
      Cm = -0.0818     CD =  0.00949   =>   CDf =  0.00706    CDp =  0.00243
      5.000    3.6090   0.009493   0.000000   0.000000   0.000000    0.6907     #

 Point added to stored polar  1
 Point written to save file  clarky_re300000_realistic_model_reverse.polar   
 Dump file unspecified or not available
 Calculating wake trajectory ...
 Calculating source influence matrix ...

 Solving BL system ...

 Side 1  free  transition at x/c =  0.6907   64
 Side 2  free  transition at x/c =  0.3915   51

   1   rms: 0.1109E+00   max: 0.2074E+01   C at   51  2   RLX: 0.723
       a = -0.750      CL =  0.3108
      Cm = -0.0821     CD =  0.00972   =>   CDf =  0.00706    CDp =  0.00266

 Side 1  free  transition at x/c =  0.6976   64
 Side 2  free  transition at x/c =  0.3386   48

   2   rms: 0.1948E-01   max: 0.2513E+00   C at   48  2
       a = -0.750      CL =  0.3030
      Cm = -0.0821     CD =  0.00971   =>   CDf =  0.00722    CDp =  0.00249

 Side 1  free  transition at x/c =  0.7013   64
 Side 2  free  transition at x/c =  0.3258   47

   3   rms: 0.6972E-03   max: -.1025E-01   C at   47  2
       a = -0.750      CL =  0.3030
      Cm = -0.0821     CD =  0.00971   =>   CDf =  0.00724    CDp =  0.00247

 Side 1  free  transition at x/c =  0.7015   64
 Side 2  free  transition at x/c =  0.3262   47

   4   rms: 0.5968E-05   max: -.1203E-03   C at   47  2
       a = -0.750      CL =  0.3030
      Cm = -0.0821     CD =  0.00971   =>   CDf =  0.00724    CDp =  0.00247
      5.000    3.6340   0.009710   0.000000   0.000000   0.000000    0.7015     #

 Point added to stored polar  1
 Point written to save file  clarky_re300000_realistic_model_reverse.polar   
 Dump file unspecified or not available
 Calculating wake trajectory ...
 Calculating source influence matrix ...

 Solving BL system ...

 Side 1  free  transition at x/c =  0.7015   64
 Side 2  free  transition at x/c =  0.3262   47

   1   rms: 0.7422E-01   max: 0.1281E+01   C at   47  2
       a = -1.000      CL =  0.2766
      Cm = -0.0824     CD =  0.00989   =>   CDf =  0.00726    CDp =  0.00263

 Side 1  free  transition at x/c =  0.7110   64
 Side 2  free  transition at x/c =  0.2742   45

   2   rms: 0.9895E-02   max: -.1489E+00   C at   45  2
       a = -1.000      CL =  0.2766
      Cm = -0.0824     CD =  0.00988   =>   CDf =  0.00737    CDp =  0.00250

 Side 1  free  transition at x/c =  0.7110   64
 Side 2  free  transition at x/c =  0.2785   45

   3   rms: 0.8974E-03   max: -.1198E-01   D at   47  2
       a = -1.000      CL =  0.2766
      Cm = -0.0824     CD =  0.00988   =>   CDf =  0.00735    CDp =  0.00252

 Side 1  free  transition at x/c =  0.7110   64
 Side 2  free  transition at x/c =  0.2783   45

   4   rms: 0.3817E-05   max: -.7632E-04   D at   47  2
       a = -1.000      CL =  0.2766
      Cm = -0.0824     CD =  0.00988   =>   CDf =  0.00735    CDp =  0.00252
      5.000    3.6652   0.009876   0.000000   0.000000   0.000000    0.7110     #

 Point added to stored polar  1
 Point written to save file  clarky_re300000_realistic_model_reverse.polar   
 Dump file unspecified or not available
 Calculating wake trajectory ...
 Calculating source influence matrix ...

 Solving BL system ...

 Side 1  free  transition at x/c =  0.7110   64
 Side 2  free  transition at x/c =  0.2783   45

   1   rms: 0.5996E-01   max: 0.8999E+00   C at   45  2
       a = -1.250      CL =  0.2499
      Cm = -0.0827     CD =  0.00997   =>   CDf =  0.00735    CDp =  0.00262

 Side 1  free  transition at x/c =  0.7205   64
 Side 2  free  transition at x/c =  0.2220   42

   2   rms: 0.1082E-01   max: -.1902E+00   C at   42  2
       a = -1.250      CL =  0.2503
      Cm = -0.0827     CD =  0.01006   =>   CDf =  0.00752    CDp =  0.00254

 Side 1  free  transition at x/c =  0.7216   64
 Side 2  free  transition at x/c =  0.2273   43

   3   rms: 0.5402E-03   max: -.8496E-02   D at   44  2
       a = -1.250      CL =  0.2503
      Cm = -0.0827     CD =  0.01006   =>   CDf =  0.00748    CDp =  0.00257

 Side 1  free  transition at x/c =  0.7216   64
 Side 2  free  transition at x/c =  0.2272   43

   4   rms: 0.1304E-05   max: 0.2480E-04   C at   43  2
       a = -1.250      CL =  0.2503
      Cm = -0.0827     CD =  0.01006   =>   CDf =  0.00748    CDp =  0.00257
      5.000    3.6830   0.010057   0.000000   0.000000   0.000000    0.7216     #

 Point added to stored polar  1
 Point written to save file  clarky_re300000_realistic_model_reverse.polar   
 Dump file unspecified or not available
 Calculating wake trajectory ...
 Calculating source influence matrix ...

 Solving BL system ...

 Side 1  free  transition at x/c =  0.7216   64
 Side 2  free  transition at x/c =  0.2272   43

   1   rms: 0.8232E-01   max: 0.1422E+01   C at   43  2
       a = -1.500      CL =  0.2243
      Cm = -0.0830     CD =  0.01033   =>   CDf =  0.00748    CDp =  0.00285

 Side 1  free  transition at x/c =  0.7335   65
 Side 2  free  transition at x/c =  0.1731   39

   2   rms: 0.1475E-01   max: -.1579E+00   D at   43  2
       a = -1.500      CL =  0.2240
      Cm = -0.0830     CD =  0.01024   =>   CDf =  0.00761    CDp =  0.00263

 Side 1  free  transition at x/c =  0.7325   65
 Side 2  free  transition at x/c =  0.1756   39

   3   rms: 0.8182E-03   max: 0.1465E-01   C at   39  2
       a = -1.500      CL =  0.2240
      Cm = -0.0830     CD =  0.01025   =>   CDf =  0.00761    CDp =  0.00265

 Side 1  free  transition at x/c =  0.7324   65
 Side 2  free  transition at x/c =  0.1753   39

   4   rms: 0.3976E-05   max: 0.7459E-04   C at   39  2
       a = -1.500      CL =  0.2240
      Cm = -0.0830     CD =  0.01025   =>   CDf =  0.00761    CDp =  0.00265
      5.000    3.7306   0.010254   0.000000   0.000000   0.000000    0.7324     #

 Point added to stored polar  1
 Point written to save file  clarky_re300000_realistic_model_reverse.polar   
 Dump file unspecified or not available
 Calculating wake trajectory ...
 Calculating source influence matrix ...

 Solving BL system ...

 Side 1  free  transition at x/c =  0.7324   65
 Side 2  free  transition at x/c =  0.1753   39

   1   rms: 0.7638E-01   max: 0.1377E+01   C at   39  2
       a = -1.750      CL =  0.1977
      Cm = -0.0833     CD =  0.01042   =>   CDf =  0.00760    CDp =  0.00282

 Side 1  free  transition at x/c =  0.7425   64
 Side 2  free  transition at x/c =  0.1348   37

   2   rms: 0.9863E-02   max: -.1298E+00   C at   37  2
       a = -1.750      CL =  0.1977
      Cm = -0.0833     CD =  0.01046   =>   CDf =  0.00775    CDp =  0.00271

 Side 1  free  transition at x/c =  0.7442   65
 Side 2  free  transition at x/c =  0.1367   37

   3   rms: 0.2461E-02   max: -.3195E-01   C at   65  1
       a = -1.750      CL =  0.1977
      Cm = -0.0833     CD =  0.01045   =>   CDf =  0.00772    CDp =  0.00273

 Side 1  free  transition at x/c =  0.7443   65
 Side 2  free  transition at x/c =  0.1364   37

   4   rms: 0.5712E-04   max: 0.8019E-03   C at   65  1
       a = -1.750      CL =  0.1977
      Cm = -0.0833     CD =  0.01045   =>   CDf =  0.00771    CDp =  0.00275
      5.000    3.7616   0.010455   0.000000   0.000000   0.000000    0.7443     #

 Point added to stored polar  1
 Point written to save file  clarky_re300000_realistic_model_reverse.polar   
 Dump file unspecified or not available
 Calculating wake trajectory ...
 Calculating source influence matrix ...

 Solving BL system ...

 Side 1  free  transition at x/c =  0.7443   65
 Side 2  free  transition at x/c =  0.1364   37

   1   rms: 0.7252E-01   max: 0.1250E+01   C at   37  2
       a = -2.000      CL =  0.1710
      Cm = -0.0836     CD =  0.01060   =>   CDf =  0.00771    CDp =  0.00290

 Side 1  free  transition at x/c =  0.7533   65
 Side 2  free  transition at x/c =  0.1071   35

   2   rms: 0.9548E-02   max: 0.1261E+00   D at   36  2
       a = -2.000      CL =  0.1712
      Cm = -0.0836     CD =  0.01064   =>   CDf =  0.00779    CDp =  0.00285

 Side 1  free  transition at x/c =  0.7552   65
 Side 2  free  transition at x/c =  0.1081   35

   3   rms: 0.1052E-02   max: 0.2013E-01   C at   35  2
       a = -2.000      CL =  0.1712
      Cm = -0.0836     CD =  0.01064   =>   CDf =  0.00776    CDp =  0.00289

 Side 1  free  transition at x/c =  0.7552   65
 Side 2  free  transition at x/c =  0.1078   35

   4   rms: 0.7137E-05   max: -.1336E-03   D at   36  2
       a = -2.000      CL =  0.1712
      Cm = -0.0836     CD =  0.01064   =>   CDf =  0.00776    CDp =  0.00288
      5.000    3.8048   0.010644   0.000000   0.000000   0.000000    0.7552     #

 Point added to stored polar  1
 Point written to save file  clarky_re300000_realistic_model_reverse.polar   
 Dump file unspecified or not available
 Calculating wake trajectory ...
 Calculating source influence matrix ...

 Solving BL system ...

 Side 1  free  transition at x/c =  0.7552   65
 Side 2  free  transition at x/c =  0.1078   35

   1   rms: 0.6877E-01   max: 0.1072E+01   C at   35  2
       a = -2.250      CL =  0.1449
      Cm = -0.0839     CD =  0.01088   =>   CDf =  0.00776    CDp =  0.00313

 Side 1  free  transition at x/c =  0.7646   66
 Side 2  free  transition at x/c =  0.0885   32

   2   rms: 0.1334E-01   max: 0.1786E+00   D at   34  2
       a = -2.250      CL =  0.1445
      Cm = -0.0839     CD =  0.01083   =>   CDf =  0.00783    CDp =  0.00300

 Side 1  free  transition at x/c =  0.7658   66
 Side 2  free  transition at x/c =  0.0878   32

   3   rms: 0.1198E-02   max: 0.2055E-01   C at   32  2
       a = -2.250      CL =  0.1446
      Cm = -0.0839     CD =  0.01083   =>   CDf =  0.00780    CDp =  0.00303

 Side 1  free  transition at x/c =  0.7657   66
 Side 2  free  transition at x/c =  0.0875   32

   4   rms: 0.8977E-05   max: -.1927E-03   D at   34  2
       a = -2.250      CL =  0.1446
      Cm = -0.0839     CD =  0.01083   =>   CDf =  0.00780    CDp =  0.00303
      5.000    3.8320   0.010833   0.000000   0.000000   0.000000    0.7657     #

 Point added to stored polar  1
 Point written to save file  clarky_re300000_realistic_model_reverse.polar   
 Dump file unspecified or not available
 Calculating wake trajectory ...
 Calculating source influence matrix ...

 Solving BL system ...

 Side 1  free  transition at x/c =  0.7657   66
 Side 2  free  transition at x/c =  0.0875   32

   1   rms: 0.5563E-01   max: 0.6749E+00   C at   32  2
       a = -2.500      CL =  0.1176
      Cm = -0.0842     CD =  0.01098   =>   CDf =  0.00774    CDp =  0.00325

 Side 1  free  transition at x/c =  0.7743   65
 Side 2  free  transition at x/c =  0.0721   31

   2   rms: 0.1017E-01   max: -.1649E+00   D at   32  2
       a = -2.500      CL =  0.1177
      Cm = -0.0842     CD =  0.01100   =>   CDf =  0.00781    CDp =  0.00320

 Side 1  free  transition at x/c =  0.7761   65
 Side 2  free  transition at x/c =  0.0709   31

   3   rms: 0.1177E-02   max: -.1172E-01   D at    4  2
       a = -2.500      CL =  0.1177
      Cm = -0.0842     CD =  0.01101   =>   CDf =  0.00780    CDp =  0.00321

 Side 1  free  transition at x/c =  0.7760   65
 Side 2  free  transition at x/c =  0.0707   31

   4   rms: 0.2084E-05   max: -.2209E-04   D at   31  2
       a = -2.500      CL =  0.1177
      Cm = -0.0842     CD =  0.01101   =>   CDf =  0.00780    CDp =  0.00321
      5.000    3.8587   0.011014   0.000000   0.000000   0.000000    0.7760     #

 Point added to stored polar  1
 Point written to save file  clarky_re300000_realistic_model_reverse.polar   
 Dump file unspecified or not available
 Calculating wake trajectory ...
 Calculating source influence matrix ...

 Solving BL system ...

 Side 1  free  transition at x/c =  0.7760   65
 Side 2  free  transition at x/c =  0.0707   31

   1   rms: 0.5877E-01   max: 0.7392E+00   C at   31  2
       a = -2.750      CL =  0.0911
      Cm = -0.0845     CD =  0.01122   =>   CDf =  0.00780    CDp =  0.00342

 Side 1  free  transition at x/c =  0.7854   66
 Side 2  free  transition at x/c =  0.0592   29

   2   rms: 0.7787E-02   max: -.1004E+00   D at   29  2
       a = -2.750      CL =  0.0908
      Cm = -0.0845     CD =  0.01120   =>   CDf =  0.00782    CDp =  0.00338

 Side 1  free  transition at x/c =  0.7856   66
 Side 2  free  transition at x/c =  0.0588   29

   3   rms: 0.3988E-03   max: 0.6525E-02   C at   29  2
       a = -2.750      CL =  0.0908
      Cm = -0.0845     CD =  0.01121   =>   CDf =  0.00781    CDp =  0.00339

 Side 1  free  transition at x/c =  0.7856   66
 Side 2  free  transition at x/c =  0.0588   29

   4   rms: 0.2045E-05   max: -.1985E-04   D at   32  2
       a = -2.750      CL =  0.0908
      Cm = -0.0845     CD =  0.01121   =>   CDf =  0.00781    CDp =  0.00339
      5.000    3.8817   0.011205   0.000000   0.000000   0.000000    0.7856     #

 Point added to stored polar  1
 Point written to save file  clarky_re300000_realistic_model_reverse.polar   
 Dump file unspecified or not available
 Calculating wake trajectory ...
 Calculating source influence matrix ...

 Solving BL system ...

 Side 1  free  transition at x/c =  0.7856   66
 Side 2  free  transition at x/c =  0.0588   29

   1   rms: 0.5489E-01   max: 0.5931E+00   C at   29  2
       a = -3.000      CL =  0.0639
      Cm = -0.0848     CD =  0.01141   =>   CDf =  0.00781    CDp =  0.00360

 Side 1  free  transition at x/c =  0.7953   66
 Side 2  free  transition at x/c =  0.0524   28

   2   rms: 0.1363E-01   max: -.2465E+00   D at   28  2
       a = -3.000      CL =  0.0640
      Cm = -0.0848     CD =  0.01139   =>   CDf =  0.00780    CDp =  0.00359

 Side 1  free  transition at x/c =  0.7965   66
 Side 2  free  transition at x/c =  0.0527   28

   3   rms: 0.2650E-02   max: 0.3751E-01   C at   28  2
       a = -3.000      CL =  0.0641
      Cm = -0.0848     CD =  0.01141   =>   CDf =  0.00780    CDp =  0.00361

 Side 1  free  transition at x/c =  0.7965   66
 Side 2  free  transition at x/c =  0.0525   28

   4   rms: 0.4511E-04   max: -.7386E-03   D at   30  2
       a = -3.000      CL =  0.0641
      Cm = -0.0848     CD =  0.01141   =>   CDf =  0.00781    CDp =  0.00360
      5.000    3.9112   0.011410   0.000000   0.000000   0.000000    0.7965     #

 Point added to stored polar  1
 Point written to save file  clarky_re300000_realistic_model_reverse.polar   
 Dump file unspecified or not available
 Calculating wake trajectory ...
 Calculating source influence matrix ...

 Solving BL system ...

 Side 1  free  transition at x/c =  0.7965   66
 Side 2  free  transition at x/c =  0.0525   28

   1   rms: 0.4974E-01   max: 0.3612E+00   C at   28  2
       a = -3.250      CL =  0.0378
      Cm = -0.0852     CD =  0.01165   =>   CDf =  0.00770    CDp =  0.00395

 Side 1  free  transition at x/c =  0.8074   66
 Side 2  free  transition at x/c =  0.0488   28

   2   rms: 0.1109E-01   max: -.1748E+00   D at   28  2
       a = -3.250      CL =  0.0371
      Cm = -0.0851     CD =  0.01160   =>   CDf =  0.00775    CDp =  0.00385

 Side 1  free  transition at x/c =  0.8068   66
 Side 2  free  transition at x/c =  0.0487   28

   3   rms: 0.1204E-02   max: 0.1268E-01   D at   28  2
       a = -3.250      CL =  0.0372
      Cm = -0.0851     CD =  0.01161   =>   CDf =  0.00776    CDp =  0.00385

 Side 1  free  transition at x/c =  0.8068   66
 Side 2  free  transition at x/c =  0.0487   28

   4   rms: 0.7980E-05   max: 0.9666E-04   C at   28  2
       a = -3.250      CL =  0.0372
      Cm = -0.0851     CD =  0.01161   =>   CDf =  0.00776    CDp =  0.00385
      5.000    3.9603   0.011611   0.000000   0.000000   0.000000    0.8068     #

 Point added to stored polar  1
 Point written to save file  clarky_re300000_realistic_model_reverse.polar   
 Dump file unspecified or not available
 Calculating wake trajectory ...
 Calculating source influence matrix ...

 Solving BL system ...

 Side 1  free  transition at x/c =  0.8068   66
 Side 2  free  transition at x/c =  0.0487   28

   1   rms: 0.4696E-01   max: 0.2327E+00   C at   28  2
       a = -3.500      CL =  0.0103
      Cm = -0.0854     CD =  0.01184   =>   CDf =  0.00776    CDp =  0.00409

 Side 1  free  transition at x/c =  0.8148   66
 Side 2  free  transition at x/c =  0.0462   27

   2   rms: 0.6561E-02   max: -.6546E-01   D at   27  2
       a = -3.500      CL =  0.0106
      Cm = -0.0854     CD =  0.01184   =>   CDf =  0.00776    CDp =  0.00408

 Side 1  free  transition at x/c =  0.8172   66
 Side 2  free  transition at x/c =  0.0461   27

   3   rms: 0.1802E-03   max: -.1901E-02   D at   69  1
       a = -3.500      CL =  0.0105
      Cm = -0.0854     CD =  0.01184   =>   CDf =  0.00773    CDp =  0.00411

 Side 1  free  transition at x/c =  0.8170   66
 Side 2  free  transition at x/c =  0.0461   27

   4   rms: 0.1521E-05   max: 0.4892E-05   D at   36  2
       a = -3.500      CL =  0.0105
      Cm = -0.0854     CD =  0.01184   =>   CDf =  0.00773    CDp =  0.00411
      5.000    3.9727   0.011839   0.000000   0.000000   0.000000    0.8170     #

 Point added to stored polar  1
 Point written to save file  clarky_re300000_realistic_model_reverse.polar   
 Dump file unspecified or not available
 Calculating wake trajectory ...
 Calculating source influence matrix ...

 Solving BL system ...

 Side 1  free  transition at x/c =  0.8170   66
 Side 2  free  transition at x/c =  0.0461   27

   1   rms: 0.4305E-01   max: 0.1163E+00   T at   27  2
       a = -3.750      CL = -0.0159
      Cm = -0.0858     CD =  0.01207   =>   CDf =  0.00773    CDp =  0.00434

 Side 1  free  transition at x/c =  0.8267   67
 Side 2  free  transition at x/c =  0.0443   27

   2   rms: 0.4026E-02   max: -.4070E-01   D at   27  2
       a = -3.750      CL = -0.0166
      Cm = -0.0857     CD =  0.01208   =>   CDf =  0.00767    CDp =  0.00441

 Side 1  free  transition at x/c =  0.8254   67
 Side 2  free  transition at x/c =  0.0443   27

   3   rms: 0.1575E-03   max: 0.1822E-02   C at   67  1
       a = -3.750      CL = -0.0166
      Cm = -0.0857     CD =  0.01208   =>   CDf =  0.00768    CDp =  0.00440

 Side 1  free  transition at x/c =  0.8253   67
 Side 2  free  transition at x/c =  0.0443   27

   4   rms: 0.1368E-05   max: 0.3756E-05   C at   60  2
       a = -3.750      CL = -0.0166
      Cm = -0.0857     CD =  0.01208   =>   CDf =  0.00768    CDp =  0.00440
      5.000    4.0070   0.012079   0.002748   0.002759   0.000011    0.8253     #

 Point added to stored polar  1
 Point written to save file  clarky_re300000_realistic_model_reverse.polar   
 Dump file unspecified or not available
 Calculating wake trajectory ...
 Calculating source influence matrix ...

 Solving BL system ...

 Side 1  free  transition at x/c =  0.8253   67
 Side 2  free  transition at x/c =  0.0443   27

   1   rms: 0.4455E-01   max: 0.1466E+00   T at   27  2
       a = -4.000      CL = -0.0436
      Cm = -0.0859     CD =  0.01234   =>   CDf =  0.00755    CDp =  0.00480

 Side 1  free  transition at x/c =  0.8324   66
 Side 2  free  transition at x/c =  0.0429   27

   2   rms: 0.4694E-02   max: -.4496E-01   C at   66  1
       a = -4.000      CL = -0.0432
      Cm = -0.0860     CD =  0.01238   =>   CDf =  0.00767    CDp =  0.00470

 Side 1  free  transition at x/c =  0.8340   66
 Side 2  free  transition at x/c =  0.0429   27

   3   rms: 0.7658E-03   max: -.8518E-02   D at    4  2
       a = -4.000      CL = -0.0432
      Cm = -0.0860     CD =  0.01238   =>   CDf =  0.00766    CDp =  0.00472

 Side 1  free  transition at x/c =  0.8339   66
 Side 2  free  transition at x/c =  0.0429   27

   4   rms: 0.5600E-06   max: 0.4184E-05   D at    7  1
       a = -4.000      CL = -0.0432
      Cm = -0.0860     CD =  0.01238   =>   CDf =  0.00766    CDp =  0.00472
      5.000    4.0059   0.012378   0.002724   0.002762   0.000039    0.8339     #

 Point added to stored polar  1
 Point written to save file  clarky_re300000_realistic_model_reverse.polar   
 Dump file unspecified or not available
 Calculating wake trajectory ...
 Calculating source influence matrix ...

 Solving BL system ...

 Side 1  free  transition at x/c =  0.8339   66
 Side 2  free  transition at x/c =  0.0429   27

   1   rms: 0.4274E-01   max: 0.9713E-01   T at   27  2
       a = -4.250      CL = -0.0696
      Cm = -0.0863     CD =  0.01264   =>   CDf =  0.00766    CDp =  0.00499

 Side 1  free  transition at x/c =  0.8419   67
 Side 2  free  transition at x/c =  0.0418   27

   2   rms: 0.1730E-02   max: -.2303E-01   D at   28  2
       a = -4.250      CL = -0.0701
      Cm = -0.0862     CD =  0.01266   =>   CDf =  0.00760    CDp =  0.00507

 Side 1  free  transition at x/c =  0.8416   67
 Side 2  free  transition at x/c =  0.0418   27

   3   rms: 0.3524E-04   max: 0.4487E-03   C at   67  1
       a = -4.250      CL = -0.0701
      Cm = -0.0862     CD =  0.01266   =>   CDf =  0.00759    CDp =  0.00507
      5.000    4.0251   0.012663   0.002710   0.002746   0.000036    0.8416     #

 Point added to stored polar  1
 Point written to save file  clarky_re300000_realistic_model_reverse.polar   
 Dump file unspecified or not available
 Calculating wake trajectory ...
 Calculating source influence matrix ...

 Solving BL system ...

 Side 1  free  transition at x/c =  0.8416   67
 Side 2  free  transition at x/c =  0.0418   27

   1   rms: 0.4400E-01   max: 0.9982E-01   T at   27  2
       a = -4.500      CL = -0.0973
      Cm = -0.0865     CD =  0.01297   =>   CDf =  0.00759    CDp =  0.00538

 Side 1  free  transition at x/c =  0.8485   67
 Side 2  free  transition at x/c =  0.0405   27

   2   rms: 0.4995E-02   max: -.4259E-01   D at   27  2
       a = -4.500      CL = -0.0969
      Cm = -0.0865     CD =  0.01298   =>   CDf =  0.00755    CDp =  0.00543

 Side 1  free  transition at x/c =  0.8494   67
 Side 2  free  transition at x/c =  0.0406   27

   3   rms: 0.8331E-04   max: -.7844E-03   D at    4  1
       a = -4.500      CL = -0.0969
      Cm = -0.0865     CD =  0.01298   =>   CDf =  0.00754    CDp =  0.00544
      5.000    4.0331   0.012982   0.002689   0.002747   0.000058    0.8494     #

 Point added to stored polar  1
 Point written to save file  clarky_re300000_realistic_model_reverse.polar   
 Dump file unspecified or not available
 Calculating wake trajectory ...
 Calculating source influence matrix ...

 Solving BL system ...

 Side 1  free  transition at x/c =  0.8494   67
 Side 2  free  transition at x/c =  0.0406   27

   1   rms: 0.4551E-01   max: -.3074E+00   D at    3  1
       a = -4.750      CL = -0.1233
      Cm = -0.0868     CD =  0.01331   =>   CDf =  0.00739    CDp =  0.00593

 Side 1  free  transition at x/c =  0.8569   66
 Side 2  free  transition at x/c =  0.0394   28

   2   rms: 0.8621E-02   max: -.6693E-01   D at    4  1
       a = -4.750      CL = -0.1228
      Cm = -0.0869     CD =  0.01332   =>   CDf =  0.00754    CDp =  0.00578

 Side 1  free  transition at x/c =  0.8579   67
 Side 2  free  transition at x/c =  0.0395   28

   3   rms: 0.1481E-02   max: -.1629E-01   D at   66  1
       a = -4.750      CL = -0.1230
      Cm = -0.0869     CD =  0.01333   =>   CDf =  0.00753    CDp =  0.00580

 Side 1  free  transition at x/c =  0.8577   67
 Side 2  free  transition at x/c =  0.0394   28

   4   rms: 0.3307E-04   max: 0.4115E-03   C at   67  1
       a = -4.750      CL = -0.1230
      Cm = -0.0869     CD =  0.01333   =>   CDf =  0.00753    CDp =  0.00580
      5.000    4.0444   0.013330   0.002675   0.002731   0.000056    0.8577     #

 Point added to stored polar  1
 Point written to save file  clarky_re300000_realistic_model_reverse.polar   
 Dump file unspecified or not available
 Calculating wake trajectory ...
 Calculating source influence matrix ...

 Solving BL system ...

 Side 1  free  transition at x/c =  0.8577   67
 Side 2  free  transition at x/c =  0.0394   28

   1   rms: 0.4569E-01   max: 0.1774E+00   T at   28  2
       a = -5.000      CL = -0.1502
      Cm = -0.0870     CD =  0.01374   =>   CDf =  0.00753    CDp =  0.00621

 Side 1  free  transition at x/c =  0.8641   67
 Side 2  free  transition at x/c =  0.0386   27

   2   rms: 0.4184E-02   max: 0.7462E-01   D at   28  2
       a = -5.000      CL = -0.1499
      Cm = -0.0871     CD =  0.01375   =>   CDf =  0.00750    CDp =  0.00625

 Side 1  free  transition at x/c =  0.8649   67
 Side 2  free  transition at x/c =  0.0385   27

   3   rms: 0.5655E-03   max: 0.6732E-02   D at   28  2
       a = -5.000      CL = -0.1499
      Cm = -0.0871     CD =  0.01375   =>   CDf =  0.00748    CDp =  0.00627

 Side 1  free  transition at x/c =  0.8649   67
 Side 2  free  transition at x/c =  0.0385   27

   4   rms: 0.4700E-05   max: 0.5454E-04   D at   28  2
       a = -5.000      CL = -0.1499
      Cm = -0.0871     CD =  0.01375   =>   CDf =  0.00748    CDp =  0.00627
      5.000    4.0708   0.013749   0.002651   0.002737   0.000086    0.8649     #

 Point added to stored polar  1
 Point written to save file  clarky_re300000_realistic_model_reverse.polar   
 Dump file unspecified or not available
 Calculating wake trajectory ...
 Calculating source influence matrix ...

 Solving BL system ...

 Side 1  free  transition at x/c =  0.8649   67
 Side 2  free  transition at x/c =  0.0385   27

   1   rms: 0.4346E-01   max: 0.1116E+00   T at   27  2
       a = -5.250      CL = -0.1766
      Cm = -0.0874     CD =  0.01413   =>   CDf =  0.00731    CDp =  0.00682

 Side 1  free  transition at x/c =  0.8721   66
 Side 2  free  transition at x/c =  0.0377   28

   2   rms: 0.2850E-02   max: -.2771E-01   C at   66  1
       a = -5.250      CL = -0.1760
      Cm = -0.0875     CD =  0.01415   =>   CDf =  0.00741    CDp =  0.00674

 Side 1  free  transition at x/c =  0.8732   66
 Side 2  free  transition at x/c =  0.0377   28

   3   rms: 0.7626E-03   max: -.9459E-02   D at    4  2
       a = -5.250      CL = -0.1760
      Cm = -0.0875     CD =  0.01415   =>   CDf =  0.00741    CDp =  0.00675

 Side 1  free  transition at x/c =  0.8732   66
 Side 2  free  transition at x/c =  0.0377   28

   4   rms: 0.6498E-06   max: -.4597E-05   D at    7  2
       a = -5.250      CL = -0.1760
      Cm = -0.0875     CD =  0.01415   =>   CDf =  0.00741    CDp =  0.00674
      5.000    4.0928   0.014151   0.002638   0.002727   0.000089    0.8732     #

 Point added to stored polar  1
 Point written to save file  clarky_re300000_realistic_model_reverse.polar   
 Dump file unspecified or not available
 Calculating wake trajectory ...
 Calculating source influence matrix ...

 Solving BL system ...

 Side 1  free  transition at x/c =  0.8732   66
 Side 2  free  transition at x/c =  0.0377   28

   1   rms: 0.4244E-01   max: 0.8635E-01   T at   28  2
       a = -5.500      CL = -0.2013
      Cm = -0.0880     CD =  0.01457   =>   CDf =  0.00741    CDp =  0.00717

 Side 1  free  transition at x/c =  0.8823   67
 Side 2  free  transition at x/c =  0.0369   28

   2   rms: 0.4690E-02   max: 0.5370E-01   C at   67  1
       a = -5.500      CL = -0.2026
      Cm = -0.0877     CD =  0.01460   =>   CDf =  0.00733    CDp =  0.00727

 Side 1  free  transition at x/c =  0.8804   67
 Side 2  free  transition at x/c =  0.0369   28

   3   rms: 0.3065E-03   max: -.2861E-02   D at   70  1
       a = -5.500      CL = -0.2028
      Cm = -0.0877     CD =  0.01461   =>   CDf =  0.00734    CDp =  0.00727

 Side 1  free  transition at x/c =  0.8803   67
 Side 2  free  transition at x/c =  0.0369   28

   4   rms: 0.1415E-05   max: 0.1410E-04   D at   29  2
       a = -5.500      CL = -0.2028
      Cm = -0.0877     CD =  0.01461   =>   CDf =  0.00734    CDp =  0.00727
      5.000    4.1194   0.014605   0.002619   0.002731   0.000112    0.8803     #

 Point added to stored polar  1
 Point written to save file  clarky_re300000_realistic_model_reverse.polar   
 Dump file unspecified or not available
 Calculating wake trajectory ...
 Calculating source influence matrix ...

 Solving BL system ...

 Side 1  free  transition at x/c =  0.8803   67
 Side 2  free  transition at x/c =  0.0369   28

   1   rms: 0.4424E-01   max: 0.9222E-01   T at   28  2
       a = -5.750      CL = -0.2298
      Cm = -0.0879     CD =  0.01509   =>   CDf =  0.00734    CDp =  0.00775

 Side 1  free  transition at x/c =  0.8869   67
 Side 2  free  transition at x/c =  0.0362   28

   2   rms: 0.3166E-02   max: -.2629E-01   C at   67  1
       a = -5.750      CL = -0.2292
      Cm = -0.0880     CD =  0.01510   =>   CDf =  0.00729    CDp =  0.00781

 Side 1  free  transition at x/c =  0.8879   67
 Side 2  free  transition at x/c =  0.0363   28

   3   rms: 0.5371E-04   max: -.3519E-03   D at   70  1
       a = -5.750      CL = -0.2293
      Cm = -0.0880     CD =  0.01510   =>   CDf =  0.00728    CDp =  0.00781
      5.000    4.1619   0.015097   0.002600   0.002732   0.000132    0.8879     #

 Point added to stored polar  1
 Point written to save file  clarky_re300000_realistic_model_reverse.polar   
 Dump file unspecified or not available
 Calculating wake trajectory ...
 Calculating source influence matrix ...

 Solving BL system ...

 Side 1  free  transition at x/c =  0.8879   67
 Side 2  free  transition at x/c =  0.0363   28

   1   rms: 0.4285E-01   max: 0.9870E-01   T at   28  2
       a = -6.000      CL = -0.2549
      Cm = -0.0884     CD =  0.01560   =>   CDf =  0.00710    CDp =  0.00850

 Side 1  free  transition at x/c =  0.8953   67
 Side 2  free  transition at x/c =  0.0357   29

   2   rms: 0.4147E-02   max: -.3600E-01   D at    3  2
       a = -6.000      CL = -0.2548
      Cm = -0.0884     CD =  0.01561   =>   CDf =  0.00726    CDp =  0.00836

 Side 1  free  transition at x/c =  0.8959   67
 Side 2  free  transition at x/c =  0.0357   29

   3   rms: 0.5715E-03   max: -.6346E-02   D at    4  2
       a = -6.000      CL = -0.2549
      Cm = -0.0884     CD =  0.01562   =>   CDf =  0.00725    CDp =  0.00836

 Side 1  free  transition at x/c =  0.8959   67
 Side 2  free  transition at x/c =  0.0357   29

   4   rms: 0.1148E-05   max: 0.4012E-05   D at    6  1
       a = -6.000      CL = -0.2549
      Cm = -0.0884     CD =  0.01562   =>   CDf =  0.00725    CDp =  0.00836
      5.000    4.1834   0.015618   0.002586   0.002732   0.000146    0.8959     #

 Point added to stored polar  1
 Point written to save file  clarky_re300000_realistic_model_reverse.polar   
 Dump file unspecified or not available

.OPERva   c>  
 Polar accumulation disabled

.OPERv   c>  
 XFOIL   c>  
--- STDERR ---
