
 ===================================================
  XFOIL Version 6.99
  Copyright (C) 2000   Mark Drela, Harold Youngren

  This software comes with ABSOLUTELY NO WARRANTY,
    subject to the GNU General Public License.

  Caveat computor
 ===================================================

 File  xfoil.def  not found

   QUIT    Exit program

  .OPER    Direct operating point(s)
  .MDES    Complex mapping design routine
  .QDES    Surface speed design routine
  .GDES    Geometry design routine

   SAVE f  Write airfoil to labeled coordinate file
   PSAV f  Write airfoil to plain coordinate file
   ISAV f  Write airfoil to ISES coordinate file
   MSAV f  Write airfoil to MSES coordinate file
   REVE    Reverse written-airfoil node ordering
   DELI i  Change written-airfoil file delimiters

   LOAD f  Read buffer airfoil from coordinate file
   NACA i  Set NACA 4,5-digit airfoil and buffer airfoil
   INTE    Set buffer airfoil by interpolating two airfoils
   NORM    Buffer airfoil normalization toggle
   HALF    Halve the number of points in buffer airfoil
   XYCM rr Change CM reference location, currently  0.25000 0.00000

   BEND    Display structural properties of current airfoil

   PCOP    Set current-airfoil panel nodes directly from buffer airfoil points
   PANE    Set current-airfoil panel nodes ( 160 ) based on curvature
  .PPAR    Show/change paneling

  .PLOP    Plotting options

   WDEF f  Write  current-settings file
   RDEF f  Reread current-settings file
   NAME s  Specify new airfoil name
   NINC    Increment name version number

   Z       Zoom    | (available in all menus)
   U       Unzoom  | 

 XFOIL   c>  
 Labeled airfoil file.  Name:  Clark Y generated XFOIL input; source clarky.dat

 Number of input coordinate points: 122
 Counterclockwise ordering
 Max thickness =     0.117071  at x =   0.280
 Max camber    =     0.034331  at x =   0.420

  LE  x,y  =   0.00000   0.00000  |   Chord =   1.00000
  TE  x,y  =   1.00000   0.00000  |

 Current airfoil nodes set from buffer airfoil nodes ( 121 )

 XFOIL   c>  
 Sharp leading edge

 Blunt trailing edge.  Gap =  0.00120

 Paneling parameters used...
   Number of panel nodes       160
   Panel bunching parameter    1.000
   TE/LE panel density ratio   0.150
   Refined-area/LE panel density ratio    0.200
   Top    side refined area x/c limits  1.000 1.000
   Bottom side refined area x/c limits  1.000 1.000

 XFOIL   c>  
.OPERi   c>  
 M  =    0.0000
 Re =  0.4300E+06

.OPERv   c>  
 Xtr/c     =  1.0000    top    side
 Xtr/c     =  1.0000    bottom side
 NcritT    =    9.00   ( 0.070 % turb. level )
 NcritB    =    9.00   ( 0.070 % turb. level )
 Vacc      =  0.0100
 WakeL/c   =   1.000

 Klag  =  5.6000     Uxwt  =    1.00       Kdl =  0.9000
 A     =  6.7000     B     =  0.7500       KCt = 0.01485
 CtiniK=  1.8000     CtiniX=  3.3000

..VPAR   c>  
..VPAR   c>  
.OPERv   c>  
.OPERv   c>  
 Polar  1 newly created for accumulation
 Airfoil archived with polar: Clark Y generated XFOIL input; source clarky.dat

Enter  polar save filename  OR  <return> for no file   s>  
 New polar save file available

Enter  polar dump filename  OR  <return> for no file   s>  
 Polar dump file will NOT be written

 Polar accumulation enabled

.OPERva   c>   Calculating unit vorticity distributions ...
 Calculating wake trajectory ...
 Calculating source influence matrix ...

 Solving BL system ...

 Initializing BL ...
    side            1  ...
 MRCHUE: Inverse mode at  31     Hk =   4.129
 MRCHUE: Inverse mode at  32     Hk =   5.260
 MRCHUE: Convergence failed at  33  side 1    Res =  0.5607E+01
 MRCHUE: Inverse mode at  34     Hk =   6.332
 MRCHUE: Convergence failed at  34  side 1    Res =  0.1264E+01
 MRCHUE: Inverse mode at  35     Hk =   2.500
 MRCHUE: Inverse mode at  89     Hk =   2.500
 MRCHUE: Inverse mode at  90     Hk =   2.500
 MRCHUE: Inverse mode at  91     Hk =   2.500
 MRCHUE: Inverse mode at  92     Hk =   2.500
 MRCHUE: Inverse mode at  93     Hk =   2.500
 MRCHUE: Inverse mode at  94     Hk =   2.500
 MRCHUE: Inverse mode at  95     Hk =   2.500
 MRCHUE: Inverse mode at  96     Hk =   2.500
 MRCHUE: Inverse mode at  97     Hk =   2.500
 MRCHUE: Inverse mode at  98     Hk =   2.500
 MRCHUE: Inverse mode at  99     Hk =   2.500
 MRCHUE: Inverse mode at 100     Hk =   2.500
 MRCHUE: Inverse mode at 101     Hk =   2.500
 MRCHUE: Inverse mode at 102     Hk =   2.500
 MRCHUE: Inverse mode at 103     Hk =   2.500
 MRCHUE: Inverse mode at 104     Hk =   2.500
 MRCHUE: Convergence failed at 105  side 1    Res =  0.6124E+01
 MRCHUE: Inverse mode at 106     Hk =   2.500
 MRCHUE: Inverse mode at 107     Hk =   2.500
 MRCHUE: Convergence failed at 108  side 1    Res =  0.9599E+01
    side            2  ...
 MRCHUE: Inverse mode at  55     Hk =   3.150

 MRCHDU: Convergence failed at  34  side 1    Res =  0.2396E+01
 MRCHDU: Convergence failed at  35  side 1    Res =  0.5140E+01
 MRCHDU: Convergence failed at  36  side 1    Res =  0.1007E+02
 MRCHDU: Convergence failed at  37  side 1    Res =  0.3099E+02
 MRCHDU: Convergence failed at  38  side 1    Res =  0.1517E+04
 MRCHDU: Convergence failed at  39  side 1    Res =  0.1096E+03
 MRCHDU: Convergence failed at  40  side 1    Res =  0.6552E+02
 MRCHDU: Convergence failed at  41  side 1    Res =  0.2689E+02
 MRCHDU: Convergence failed at  42  side 1    Res =  0.2832E+02
 MRCHDU: Convergence failed at  43  side 1    Res =  0.3569E+02
 MRCHDU: Convergence failed at  44  side 1    Res =  0.6264E+02
 MRCHDU: Convergence failed at  45  side 1    Res =  0.4236E+03
 MRCHDU: Convergence failed at  46  side 1    Res =  0.4332E+02
 MRCHDU: Convergence failed at  47  side 1    Res =  0.2835E+03
 MRCHDU: Convergence failed at  48  side 1    Res =  0.1189E+03
 MRCHDU: Convergence failed at  49  side 1    Res =  0.8450E+02
 MRCHDU: Convergence failed at  50  side 1    Res =  0.5362E+02
 MRCHDU: Convergence failed at  51  side 1    Res =  0.5511E+02
 MRCHDU: Convergence failed at  52  side 1    Res =  0.5297E+02
 MRCHDU: Convergence failed at  53  side 1    Res =  0.3565E+02
 MRCHDU: Convergence failed at  54  side 1    Res =  0.2781E+02
 MRCHDU: Convergence failed at  55  side 1    Res =  0.2502E+02
 MRCHDU: Convergence failed at  56  side 1    Res =  0.3157E+02
 MRCHDU: Convergence failed at  57  side 1    Res =  0.3732E+02
 MRCHDU: Convergence failed at  58  side 1    Res =  0.2896E+02
 MRCHDU: Convergence failed at  59  side 1    Res =  0.3109E+02
 MRCHDU: Convergence failed at  60  side 1    Res =  0.3315E+02
 MRCHDU: Convergence failed at  61  side 1    Res =  0.3421E+02
 MRCHDU: Convergence failed at  62  side 1    Res =  0.3398E+02
 MRCHDU: Convergence failed at  63  side 1    Res =  0.3091E+02
 MRCHDU: Convergence failed at  64  side 1    Res =  0.2792E+02
 MRCHDU: Convergence failed at  65  side 1    Res =  0.2495E+02
 MRCHDU: Convergence failed at  66  side 1    Res =  0.1628E+02
 MRCHDU: Convergence failed at  67  side 1    Res =  0.1687E+02
 MRCHDU: Convergence failed at  68  side 1    Res =  0.2694E+02
 MRCHDU: Convergence failed at  69  side 1    Res =  0.3543E+02
 MRCHDU: Convergence failed at  70  side 1    Res =  0.2918E+02
 MRCHDU: Convergence failed at  71  side 1    Res =  0.3662E+02
 MRCHDU: Convergence failed at  72  side 1    Res =  0.4418E+02
 MRCHDU: Convergence failed at  73  side 1    Res =  0.3007E+02
 MRCHDU: Convergence failed at  74  side 1    Res =  0.2280E+02
 MRCHDU: Convergence failed at  75  side 1    Res =  0.8322E+03
 MRCHDU: Convergence failed at  76  side 1    Res =  0.6382E+03
 MRCHDU: Convergence failed at  77  side 1    Res =  0.1728E+02
 MRCHDU: Convergence failed at  78  side 1    Res =  0.1700E+02
 MRCHDU: Convergence failed at  79  side 1    Res =  0.5961E+03
 MRCHDU: Convergence failed at  80  side 1    Res =  0.1584E+02
 MRCHDU: Convergence failed at  81  side 1    Res =  0.2054E+04
 MRCHDU: Convergence failed at  82  side 1    Res =  0.1503E+02
 MRCHDU: Convergence failed at  83  side 1    Res =  0.2335E+04
 MRCHDU: Convergence failed at  84  side 1    Res =  0.1445E+02
 MRCHDU: Convergence failed at  85  side 1    Res =  0.1852E+03
 MRCHDU: Convergence failed at  86  side 1    Res =  0.2706E+03
 MRCHDU: Convergence failed at  87  side 1    Res =  0.8784E+02
 MRCHDU: Convergence failed at  88  side 1    Res =  0.5443E+02
 MRCHDU: Convergence failed at  89  side 1    Res =  0.4689E+02
 MRCHDU: Convergence failed at  90  side 1    Res =  0.4207E+02
 MRCHDU: Convergence failed at  91  side 1    Res =  0.3831E+02
 MRCHDU: Convergence failed at  92  side 1    Res =  0.3529E+02
 MRCHDU: Convergence failed at  93  side 1    Res =  0.3280E+02
 MRCHDU: Convergence failed at  94  side 1    Res =  0.3072E+02
 MRCHDU: Convergence failed at  95  side 1    Res =  0.2896E+02
 MRCHDU: Convergence failed at  96  side 1    Res =  0.2746E+02
 MRCHDU: Convergence failed at  97  side 1    Res =  0.2617E+02
 MRCHDU: Convergence failed at  98  side 1    Res =  0.2504E+02
 MRCHDU: Convergence failed at  99  side 1    Res =  0.2404E+02
 MRCHDU: Convergence failed at 100  side 1    Res =  0.2316E+02
 MRCHDU: Convergence failed at 101  side 1    Res =  0.2235E+02
 MRCHDU: Convergence failed at 102  side 1    Res =  0.2162E+02
 MRCHDU: Convergence failed at 103  side 1    Res =  0.2094E+02
 MRCHDU: Convergence failed at 104  side 1    Res =  0.2031E+02
 MRCHDU: Convergence failed at 105  side 1    Res =  0.1450E+02
 MRCHDU: Convergence failed at 106  side 1    Res =  0.1425E+02
 MRCHDU: Convergence failed at 107  side 1    Res =  0.1400E+02
 MRCHDU: Convergence failed at 108  side 1    Res =  0.8860E+01
 MRCHDU: Convergence failed at  57  side 2    Res =  0.5095E-03
 Side 1  free  transition at x/c =  0.0053   35
 Side 2 forced transition at x/c =  1.0000   55

   1   rms: 0.3673E+01   max: 0.1034E+02   C at   78  2   RLX: 0.115
       a = 18.000      CL = 13.8568
      Cm = -3.5006     CD =  0.00070   =>   CDf = -0.00278    CDp =  0.00348

 Side 1  free  transition at x/c =  0.0053   35
 Side 2 forced transition at x/c =  1.0000   55

   2   rms: 0.2646E+01   max: -.2945E+01   U at  108  1   RLX: 0.044
       a = 18.000      CL = 12.9749
      Cm = -3.2327     CD =  0.00206   =>   CDf =  0.05077    CDp = -0.04872

 Side 1  free  transition at x/c =  0.0052   35
 Side 2 forced transition at x/c =  1.0000   55

   3   rms: 0.2535E+01   max: -.2814E+01   U at  108  1   RLX: 0.048
       a = 18.000      CL = 12.2750
      Cm = -3.0092     CD =  0.00216   =>   CDf =  0.04816    CDp = -0.04599

 Side 1  free  transition at x/c =  0.0052   35
 Side 2 forced transition at x/c =  1.0000   55

   4   rms: 0.2419E+01   max: -.2677E+01   U at  108  1   RLX: 0.051
       a = 18.000      CL = 11.5815
      Cm = -2.7888     CD =  0.00229   =>   CDf =  0.04550    CDp = -0.04322

 Side 1  free  transition at x/c =  0.0051   35
 Side 2 forced transition at x/c =  1.0000   55

   5   rms: 0.2302E+01   max: -.2538E+01   U at  108  1   RLX: 0.055
       a = 18.000      CL = 10.8945
      Cm = -2.5719     CD =  0.00243   =>   CDf =  0.04287    CDp = -0.04043

 Side 1  free  transition at x/c =  0.0051   35
 Side 2 forced transition at x/c =  1.0000   55

   6   rms: 0.2183E+01   max: -.2396E+01   U at  108  1   RLX: 0.059
       a = 18.000      CL = 10.2147
      Cm = -2.3585     CD =  0.00260   =>   CDf =  0.04024    CDp = -0.03764

 Side 1  free  transition at x/c =  0.0050   35
 Side 2 forced transition at x/c =  1.0000   55

   7   rms: 0.2062E+01   max: -.2250E+01   U at  108  1   RLX: 0.064
       a = 18.000      CL =  9.5425
      Cm = -2.1490     CD =  0.00280   =>   CDf =  0.03763    CDp = -0.03484

 Side 1  free  transition at x/c =  0.0050   35
 Side 2 forced transition at x/c =  1.0000   55

   8   rms: 0.1940E+01   max: -.2101E+01   U at  108  1   RLX: 0.070
       a = 18.000      CL =  8.8784
      Cm = -1.9437     CD =  0.00304   =>   CDf =  0.03504    CDp = -0.03200

 Side 1  free  transition at x/c =  0.0050   34
 Side 2 forced transition at x/c =  1.0000   55

   9   rms: 0.1811E+01   max: -.1948E+01   U at  108  1   RLX: 0.078
       a = 18.000      CL =  8.2230
      Cm = -1.7428     CD =  0.00332   =>   CDf =  0.03247    CDp = -0.02915

 Side 1  free  transition at x/c =  0.0050   34
 Side 2 forced transition at x/c =  1.0000   55

  10   rms: 0.1684E+01   max: -.1791E+01   U at  108  1   RLX: 0.086
       a = 18.000      CL =  7.5770
      Cm = -1.5468     CD =  0.00369   =>   CDf =  0.02991    CDp = -0.02622

 Side 1  free  transition at x/c =  0.0049   34
 Side 2 forced transition at x/c =  1.0000   55

  11   rms: 0.1556E+01   max: -.1629E+01   U at  108  1   RLX: 0.097
       a = 18.000      CL =  6.9412
      Cm = -1.3562     CD =  0.00416   =>   CDf =  0.02736    CDp = -0.02320

 Side 1  free  transition at x/c =  0.0049   34
 Side 2 forced transition at x/c =  1.0000   55

  12   rms: 0.1426E+01   max: -.1463E+01   U at  108  1   RLX: 0.110
       a = 18.000      CL =  6.3163
      Cm = -1.1713     CD =  0.00478   =>   CDf =  0.02483    CDp = -0.02005

 Side 1  free  transition at x/c =  0.0049   34
 Side 2 forced transition at x/c =  1.0000   55

  13   rms: 0.1296E+01   max: 0.1429E+01   D at   59  2   RLX: 0.127
       a = 18.000      CL =  5.7035
      Cm = -0.9930     CD =  0.00562   =>   CDf =  0.02232    CDp = -0.01669

 Side 1  free  transition at x/c =  0.0049   34
 Side 2 forced transition at x/c =  1.0000   55

  14   rms: 0.1166E+01   max: 0.1481E+01   D at   59  2   RLX: 0.149
       a = 18.000      CL =  5.1037
      Cm = -0.8219     CD =  0.00683   =>   CDf =  0.01983    CDp = -0.01299

 Side 1  free  transition at x/c =  0.0048   34
 Side 2 forced transition at x/c =  1.0000   55

  15   rms: 0.1039E+01   max: 0.1539E+01   D at   60  2   RLX: 0.178
       a = 18.000      CL =  4.5181
      Cm = -0.6591     CD =  0.00865   =>   CDf =  0.01816    CDp = -0.00951

 Side 1  free  transition at x/c =  0.0048   33
 Side 2 forced transition at x/c =  1.0000   56

  16   rms: 0.9220E+00   max: 0.1594E+01   D at   61  2   RLX: 0.218
       a = 18.000      CL =  3.9477
      Cm = -0.5059     CD =  0.01151   =>   CDf =  0.01495    CDp = -0.00344

 Side 1  free  transition at x/c =  0.0049   33
 Side 2 forced transition at x/c =  1.0000   56

  17   rms: 0.8153E+00   max: 0.1662E+01   D at   62  2   RLX: 0.271
       a = 18.000      CL =  3.3930
      Cm = -0.3649     CD =  0.01622   =>   CDf =  0.01260    CDp =  0.00363

 Side 1  free  transition at x/c =  0.0049   33
 Side 2 forced transition at x/c =  1.0000   56

  18   rms: 0.7608E+00   max: 0.1795E+01   D at   63  2   RLX: 0.326
       a = 18.000      CL =  2.8669
      Cm = -0.2445     CD =  0.02345   =>   CDf =  0.01114    CDp =  0.01231

 Side 1  free  transition at x/c =  0.0052   33
 Side 2 forced transition at x/c =  1.0000   57

  19   rms: 0.8573E+00   max: 0.2099E+01   D at   60  2   RLX: 0.250
       a = 18.000      CL =  2.5088
      Cm = -0.1774     CD =  0.03013   =>   CDf =  0.00932    CDp =  0.02081

 Side 1  free  transition at x/c =  0.0055   32
 Side 2 forced transition at x/c =  1.0000   58

  20   rms: 0.8757E+00   max: 0.2560E+01   D at   97  1   RLX: 0.446
       a = 18.000      CL =  1.9913
      Cm = -0.1047     CD =  0.05294   =>   CDf =  0.00896    CDp =  0.04397

 MRCHDU: Convergence failed at  83  side 1    Res =  0.1970E+01
 MRCHDU: Convergence failed at  84  side 1    Res =  0.1547E+01
 MRCHDU: Convergence failed at  85  side 1    Res =  0.1115E+01
 MRCHDU: Convergence failed at  86  side 1    Res =  0.1096E+01
 MRCHDU: Convergence failed at  87  side 1    Res =  0.3998E+01
 Side 1  free  transition at x/c =  0.0062   30
 Side 2 forced transition at x/c =  1.0000   60

  21   rms: 0.3846E+00   max: 0.1848E+01   D at   87  1   RLX: 0.812
       a = 18.000      CL =  1.6414
      Cm = -0.0504     CD =  0.07901   =>   CDf =  0.00718    CDp =  0.07183

 Side 1  free  transition at x/c =  0.0065   29
 Side 2 forced transition at x/c =  1.0000   61

  22   rms: 0.4552E+00   max: 0.1840E+01   D at   77  1   RLX: 0.815
       a = 18.000      CL =  1.4031
      Cm = -0.0606     CD =  0.11811   =>   CDf =  0.00669    CDp =  0.11142

 MRCHDU: Convergence failed at  28  side 1    Res =  0.4191E+01
 MRCHDU: Convergence failed at  29  side 1    Res =  0.2056E+02
 MRCHDU: Convergence failed at  30  side 1    Res =  0.7612E+01
 MRCHDU: Convergence failed at  31  side 1    Res =  0.1178E+02
 MRCHDU: Convergence failed at  32  side 1    Res =  0.6241E+02
 MRCHDU: Convergence failed at  33  side 1    Res =  0.9238E+02
 MRCHDU: Convergence failed at  34  side 1    Res =  0.3789E+02
 MRCHDU: Convergence failed at  35  side 1    Res =  0.3156E+02
 MRCHDU: Convergence failed at  36  side 1    Res =  0.3473E+02
 MRCHDU: Convergence failed at  37  side 1    Res =  0.4631E+02
 MRCHDU: Convergence failed at  38  side 1    Res =  0.9911E+02
 MRCHDU: Convergence failed at  39  side 1    Res =  0.2783E+03
 MRCHDU: Convergence failed at  40  side 1    Res =  0.7390E+02
 MRCHDU: Convergence failed at  41  side 1    Res =  0.4100E+02
 MRCHDU: Convergence failed at  42  side 1    Res =  0.1150E+02
 MRCHDU: Convergence failed at  43  side 1    Res =  0.1469E+02
 MRCHDU: Convergence failed at  44  side 1    Res =  0.1970E+02
 MRCHDU: Convergence failed at  45  side 1    Res =  0.2778E+02
 MRCHDU: Convergence failed at  46  side 1    Res =  0.3759E+02
 MRCHDU: Convergence failed at  47  side 1    Res =  0.5138E+02
 MRCHDU: Convergence failed at  48  side 1    Res =  0.7360E+02
 MRCHDU: Convergence failed at  49  side 1    Res =  0.1200E+03
 MRCHDU: Convergence failed at  50  side 1    Res =  0.2482E+03
 MRCHDU: Convergence failed at  51  side 1    Res =  0.4076E+03
 MRCHDU: Convergence failed at  52  side 1    Res =  0.1384E+03
 MRCHDU: Convergence failed at  53  side 1    Res =  0.8498E+02
 MRCHDU: Convergence failed at  54  side 1    Res =  0.8440E+02
 MRCHDU: Convergence failed at  55  side 1    Res =  0.8568E+02
 MRCHDU: Convergence failed at  56  side 1    Res =  0.4053E+02
 MRCHDU: Convergence failed at  57  side 1    Res =  0.3371E+02
 MRCHDU: Convergence failed at  58  side 1    Res =  0.2641E+02
 MRCHDU: Convergence failed at  59  side 1    Res =  0.1864E+02
 MRCHDU: Convergence failed at  60  side 1    Res =  0.3204E+02
 MRCHDU: Convergence failed at  61  side 1    Res =  0.4244E+02
 MRCHDU: Convergence failed at  62  side 1    Res =  0.1411E+04
 MRCHDU: Convergence failed at  63  side 1    Res =  0.3669E+03
 MRCHDU: Convergence failed at  64  side 1    Res =  0.9197E+02
 MRCHDU: Convergence failed at  65  side 1    Res =  0.1065E+03
 MRCHDU: Convergence failed at  66  side 1    Res =  0.1057E+03
 MRCHDU: Convergence failed at  67  side 1    Res =  0.4555E+02
 MRCHDU: Convergence failed at  68  side 1    Res =  0.5287E+02
 MRCHDU: Convergence failed at  69  side 1    Res =  0.1596E+03
 MRCHDU: Convergence failed at  70  side 1    Res =  0.8348E+02
 MRCHDU: Convergence failed at  71  side 1    Res =  0.7391E+02
 MRCHDU: Convergence failed at  72  side 1    Res =  0.5282E+02
 MRCHDU: Convergence failed at  73  side 1    Res =  0.7053E+02
 MRCHDU: Convergence failed at  74  side 1    Res =  0.4890E+02
 MRCHDU: Convergence failed at  75  side 1    Res =  0.3226E+02
 MRCHDU: Convergence failed at  76  side 1    Res =  0.2624E+02
 MRCHDU: Convergence failed at  77  side 1    Res =  0.3271E+02
 MRCHDU: Convergence failed at  78  side 1    Res =  0.3620E+02
 MRCHDU: Convergence failed at  79  side 1    Res =  0.3948E+02
 MRCHDU: Convergence failed at  80  side 1    Res =  0.1962E+03
 MRCHDU: Convergence failed at  81  side 1    Res =  0.1748E+03
 MRCHDU: Convergence failed at  82  side 1    Res =  0.1680E+03
 MRCHDU: Convergence failed at  83  side 1    Res =  0.1441E+03
 MRCHDU: Convergence failed at  84  side 1    Res =  0.1277E+03
 MRCHDU: Convergence failed at  85  side 1    Res =  0.1035E+03
 MRCHDU: Convergence failed at  86  side 1    Res =  0.9187E+02
 MRCHDU: Convergence failed at  87  side 1    Res =  0.8416E+02
 MRCHDU: Convergence failed at  88  side 1    Res =  0.7777E+02
 MRCHDU: Convergence failed at  89  side 1    Res =  0.7238E+02
 MRCHDU: Convergence failed at  90  side 1    Res =  0.6789E+02
 MRCHDU: Convergence failed at  91  side 1    Res =  0.6344E+02
 MRCHDU: Convergence failed at  92  side 1    Res =  0.6010E+02
 MRCHDU: Convergence failed at  93  side 1    Res =  0.5730E+02
 MRCHDU: Convergence failed at  94  side 1    Res =  0.5484E+02
 MRCHDU: Convergence failed at  95  side 1    Res =  0.5261E+02
 MRCHDU: Convergence failed at  96  side 1    Res =  0.5055E+02
 MRCHDU: Convergence failed at  97  side 1    Res =  0.4860E+02
 MRCHDU: Convergence failed at  98  side 1    Res =  0.4715E+02
 MRCHDU: Convergence failed at  99  side 1    Res =  0.4530E+02
 MRCHDU: Convergence failed at 100  side 1    Res =  0.4056E+02
 MRCHDU: Convergence failed at  71  side 2    Res =  0.1011E+02
 MRCHDU: Convergence failed at  73  side 2    Res =  0.1667E+01
 MRCHDU: Convergence failed at  74  side 2    Res =  0.2162E+01
 MRCHDU: Convergence failed at  75  side 2    Res =  0.5554E+01
 MRCHDU: Convergence failed at  76  side 2    Res =  0.1964E+01
 MRCHDU: Convergence failed at  77  side 2    Res =  0.2401E+01
 Side 1  free  transition at x/c =  0.0076   28
 Side 2 forced transition at x/c =  1.0000   63

  23   rms: 0.3873E+01   max: 0.1391E+02   D at   99  1   RLX: 0.108
       a = 18.000      CL =  6.0135
      Cm = -1.4429     CD =  0.00692   =>   CDf =  0.00039    CDp =  0.00653

 MRCHDU: Convergence failed at  40  side 1    Res =  0.1177E-01
 MRCHDU: Convergence failed at  48  side 1    Res =  0.3140E-02
 MRCHDU: Convergence failed at  55  side 1    Res =  0.8857E-01
 MRCHDU: Convergence failed at  79  side 1    Res =  0.9045E-01
 Side 1  free  transition at x/c =  0.0070   29
 Side 2 forced transition at x/c =  1.0000   62

  24   rms: 0.1222E+01   max: -.1241E+01   U at  101  1   RLX: 0.122
       a = 18.000      CL =  4.5709
      Cm = -0.9798     CD =  0.05880   =>   CDf =  0.00737    CDp =  0.05143

 MRCHDU: Convergence failed at  40  side 1    Res =  0.2244E-01
 MRCHDU: Convergence failed at  55  side 1    Res =  0.8021E-01
 MRCHDU: Convergence failed at  79  side 1    Res =  0.1128E-01
 Side 1  free  transition at x/c =  0.0068   29
 Side 2 forced transition at x/c =  1.0000   62

  25   rms: 0.1082E+01   max: -.1083E+01   U at  101  1   RLX: 0.188
       a = 18.000      CL =  3.9384
      Cm = -0.7449     CD =  0.05888   =>   CDf =  0.00652    CDp =  0.05235

 MRCHDU: Convergence failed at  56  side 1    Res =  0.5829E-01
 Side 1  free  transition at x/c =  0.0066   29
 Side 2 forced transition at x/c =  1.0000   61

  26   rms: 0.9474E+00   max: -.8751E+00   U at  102  1   RLX: 0.200
       a = 18.000      CL =  3.4437
      Cm = -0.5663     CD =  0.05943   =>   CDf =  0.00664    CDp =  0.05279

 MRCHDU: Convergence failed at  56  side 1    Res =  0.2341E-01
 Side 1  free  transition at x/c =  0.0065   29
 Side 2 forced transition at x/c =  1.0000   61

  27   rms: 0.7532E+00   max: -.6931E+00   U at  102  1   RLX: 0.244
       a = 18.000      CL =  3.0010
      Cm = -0.4119     CD =  0.05815   =>   CDf =  0.00568    CDp =  0.05246

 Side 1  free  transition at x/c =  0.0064   30
 Side 2 forced transition at x/c =  1.0000   60

  28   rms: 0.7126E+00   max: -.5360E+00   U at  103  1   RLX: 0.199
       a = 18.000      CL =  2.7579
      Cm = -0.3236     CD =  0.05704   =>   CDf =  0.00611    CDp =  0.05093

 MRCHDU: Convergence failed at  45  side 1    Res =  0.6918E+00
 MRCHDU: Convergence failed at  52  side 1    Res =  0.4643E+01
 Side 1  free  transition at x/c =  0.0063   30
 Side 2 forced transition at x/c =  1.0000   60

  29   rms: 0.5433E+00   max: -.4043E+00   U at  103  1   RLX: 0.365
       a = 18.000      CL =  2.4042
      Cm = -0.2038     CD =  0.05615   =>   CDf =  0.00680    CDp =  0.04935

 Side 1  free  transition at x/c =  0.0062   30
 Side 2 forced transition at x/c =  1.0000   60

  30   rms: 0.2196E+01   max: -.1193E+02   D at   81  1   RLX: 0.042
       a = 18.000      CL =  2.4367
      Cm = -0.2001     CD =  0.04793   =>   CDf =  0.00666    CDp =  0.04127

 Side 1  free  transition at x/c =  0.0061   30
 Side 2 forced transition at x/c =  1.0000   60

  31   rms: 0.5409E+00   max: 0.1025E+01   D at   73  2   RLX: 0.513
       a = 18.000      CL =  1.9056
      Cm = -0.0963     CD =  0.06319   =>   CDf =  0.00776    CDp =  0.05542

 MRCHDU: Convergence failed at  75  side 1    Res =  0.2133E+01
 MRCHDU: Convergence failed at  76  side 1    Res =  0.1156E+02
 MRCHDU: Convergence failed at  77  side 1    Res =  0.1957E+01
 MRCHDU: Convergence failed at  78  side 1    Res =  0.8809E+00
 MRCHDU: Convergence failed at  79  side 1    Res =  0.1078E+01
 MRCHDU: Convergence failed at  80  side 1    Res =  0.2266E+01
 MRCHDU: Convergence failed at  81  side 1    Res =  0.2437E+01
 Side 1  free  transition at x/c =  0.0065   29
 Side 2 forced transition at x/c =  1.0000   61

  32   rms: 0.2699E+00   max: 0.1149E+01   D at   81  1
       a = 18.000      CL =  1.5713
      Cm = -0.0244     CD =  0.07387   =>   CDf =  0.00636    CDp =  0.06750

 MRCHDU: Convergence failed at  80  side 1    Res =  0.2199E+01
 MRCHDU: Convergence failed at  81  side 1    Res =  0.1600E+01
 Side 1  free  transition at x/c =  0.0066   29
 Side 2 forced transition at x/c =  1.0000   61

  33   rms: 0.2042E+00   max: 0.1668E+01   D at   81  1   RLX: 0.899
       a = 18.000      CL =  1.5269
      Cm = -0.0426     CD =  0.09089   =>   CDf =  0.00614    CDp =  0.08475

 Side 1  free  transition at x/c =  0.0068   29
 Side 2 forced transition at x/c =  1.0000   62

  34   rms: 0.2988E+00   max: 0.1292E+01   D at   80  1
       a = 18.000      CL =  1.3351
      Cm = -0.0507     CD =  0.12732   =>   CDf =  0.00577    CDp =  0.12155

 Side 1  free  transition at x/c =  0.0076   28
 Side 2 forced transition at x/c =  1.0000   63

  35   rms: 0.4509E-01   max: 0.3888E+00   D at   66  1
       a = 18.000      CL =  1.3209
      Cm = -0.0458     CD =  0.11744   =>   CDf =  0.00492    CDp =  0.11252

 Side 1  free  transition at x/c =  0.0077   28
 Side 2 forced transition at x/c =  1.0000   63

  36   rms: 0.8463E-02   max: -.6256E-01   D at   66  1
       a = 18.000      CL =  1.3276
      Cm = -0.0456     CD =  0.11408   =>   CDf =  0.00487    CDp =  0.10921

 Side 1  free  transition at x/c =  0.0077   28
 Side 2 forced transition at x/c =  1.0000   63

  37   rms: 0.4926E-03   max: -.3784E-02   D at   78  2
       a = 18.000      CL =  1.3279
      Cm = -0.0456     CD =  0.11418   =>   CDf =  0.00488    CDp =  0.10930

 Side 1  free  transition at x/c =  0.0077   28
 Side 2 forced transition at x/c =  1.0000   63

  38   rms: 0.9615E-05   max: -.6388E-04   D at   85  2
       a = 18.000      CL =  1.3279
      Cm = -0.0456     CD =  0.11419   =>   CDf =  0.00488    CDp =  0.10931
      5.000   12.5550   0.114189   0.014779   0.002517  -0.012261    0.0077     #

 Point added to stored polar  1
 Point written to save file  clarky_re430000_realistic_model_reverse.polar   
 Dump file unspecified or not available
 Calculating wake trajectory ...
 Calculating source influence matrix ...

 Solving BL system ...

 Side 1  free  transition at x/c =  0.0077   28
 Side 2 forced transition at x/c =  1.0000   63

   1   rms: 0.2947E-01   max: -.1514E+00   D at   62  1   RLX: 0.428
       a = 17.750      CL =  1.3303
      Cm = -0.0445     CD =  0.11133   =>   CDf =  0.00487    CDp =  0.10645

 Side 1  free  transition at x/c =  0.0077   28
 Side 2 forced transition at x/c =  1.0000   63

   2   rms: 0.1674E-01   max: -.7930E-01   D at   62  1
       a = 17.750      CL =  1.3340
      Cm = -0.0433     CD =  0.10826   =>   CDf =  0.00492    CDp =  0.10334

 Side 1  free  transition at x/c =  0.0078   28
 Side 2 forced transition at x/c =  1.0000   63

   3   rms: 0.3715E-02   max: -.1586E-01   D at   82  2
       a = 17.750      CL =  1.3365
      Cm = -0.0434     CD =  0.10875   =>   CDf =  0.00498    CDp =  0.10377

 Side 1  free  transition at x/c =  0.0078   28
 Side 2 forced transition at x/c =  1.0000   63

   4   rms: 0.2785E-03   max: -.1649E-02   D at   82  2
       a = 17.750      CL =  1.3367
      Cm = -0.0434     CD =  0.10888   =>   CDf =  0.00498    CDp =  0.10389

 Side 1  free  transition at x/c =  0.0078   28
 Side 2 forced transition at x/c =  1.0000   63

   5   rms: 0.7082E-05   max: -.3545E-04   D at   84  2
       a = 17.750      CL =  1.3367
      Cm = -0.0434     CD =  0.10888   =>   CDf =  0.00498    CDp =  0.10390
      5.000   12.3485   0.108883   0.015147   0.002491  -0.012655    0.0078     #

 Point added to stored polar  1
 Point written to save file  clarky_re430000_realistic_model_reverse.polar   
 Dump file unspecified or not available
 Calculating wake trajectory ...
 Calculating source influence matrix ...

 Solving BL system ...

 Side 1  free  transition at x/c =  0.0078   28
 Side 2 forced transition at x/c =  1.0000   63

   1   rms: 0.3037E-01   max: -.1549E+00   D at   63  1   RLX: 0.443
       a = 17.500      CL =  1.3394
      Cm = -0.0424     CD =  0.10594   =>   CDf =  0.00498    CDp =  0.10097

 Side 1  free  transition at x/c =  0.0078   28
 Side 2 forced transition at x/c =  1.0000   63

   2   rms: 0.1705E-01   max: -.8001E-01   D at   63  1
       a = 17.500      CL =  1.3436
      Cm = -0.0413     CD =  0.10294   =>   CDf =  0.00548    CDp =  0.09746

 Side 1  free  transition at x/c =  0.0079   27
 Side 2 forced transition at x/c =  1.0000   64

   3   rms: 0.3720E-02   max: 0.1619E-01   T at    2  2
       a = 17.500      CL =  1.3460
      Cm = -0.0413     CD =  0.10340   =>   CDf =  0.00509    CDp =  0.09831

 Side 1  free  transition at x/c =  0.0078   27
 Side 2 forced transition at x/c =  1.0000   64

   4   rms: 0.5552E-03   max: 0.6058E-02   D at    4  2
       a = 17.500      CL =  1.3462
      Cm = -0.0413     CD =  0.10351   =>   CDf =  0.00510    CDp =  0.09841

 Side 1  free  transition at x/c =  0.0078   27
 Side 2 forced transition at x/c =  1.0000   64

   5   rms: 0.6106E-05   max: -.3274E-04   D at   85  2
       a = 17.500      CL =  1.3462
      Cm = -0.0413     CD =  0.10352   =>   CDf =  0.00510    CDp =  0.09842
      5.000   12.1418   0.103515   0.015557   0.002466  -0.013090    0.0078     #

 Point added to stored polar  1
 Point written to save file  clarky_re430000_realistic_model_reverse.polar   
 Dump file unspecified or not available
 Calculating wake trajectory ...
 Calculating source influence matrix ...

 Solving BL system ...

 Side 1  free  transition at x/c =  0.0078   27
 Side 2 forced transition at x/c =  1.0000   64

   1   rms: 0.3143E-01   max: -.1598E+00   D at   63  1   RLX: 0.458
       a = 17.250      CL =  1.3493
      Cm = -0.0403     CD =  0.10048   =>   CDf =  0.00509    CDp =  0.09539

 Side 1  free  transition at x/c =  0.0079   27
 Side 2 forced transition at x/c =  1.0000   64

   2   rms: 0.1709E-01   max: -.7972E-01   D at   65  1
       a = 17.250      CL =  1.3535
      Cm = -0.0393     CD =  0.09761   =>   CDf =  0.00515    CDp =  0.09246

 Side 1  free  transition at x/c =  0.0079   27
 Side 2 forced transition at x/c =  1.0000   64

   3   rms: 0.3389E-02   max: -.1355E-01   D at   83  2
       a = 17.250      CL =  1.3559
      Cm = -0.0393     CD =  0.09803   =>   CDf =  0.00521    CDp =  0.09282

 Side 1  free  transition at x/c =  0.0079   27
 Side 2 forced transition at x/c =  1.0000   64

   4   rms: 0.2313E-03   max: -.1281E-02   D at   83  2
       a = 17.250      CL =  1.3560
      Cm = -0.0394     CD =  0.09813   =>   CDf =  0.00521    CDp =  0.09291

 Side 1  free  transition at x/c =  0.0079   27
 Side 2 forced transition at x/c =  1.0000   64

   5   rms: 0.5225E-05   max: 0.2109E-04   D at   65  1
       a = 17.250      CL =  1.3560
      Cm = -0.0394     CD =  0.09813   =>   CDf =  0.00521    CDp =  0.09292
      5.000   11.9322   0.098132   0.015984   0.002441  -0.013543    0.0079     #

 Point added to stored polar  1
 Point written to save file  clarky_re430000_realistic_model_reverse.polar   
 Dump file unspecified or not available
 Calculating wake trajectory ...
 Calculating source influence matrix ...

 Solving BL system ...

 Side 1  free  transition at x/c =  0.0079   27
 Side 2 forced transition at x/c =  1.0000   64

   1   rms: 0.3165E-01   max: -.1582E+00   D at   64  1   RLX: 0.475
       a = 17.000      CL =  1.3591
      Cm = -0.0383     CD =  0.09509   =>   CDf =  0.00521    CDp =  0.08988

 Side 1  free  transition at x/c =  0.0080   27
 Side 2 forced transition at x/c =  1.0000   64

   2   rms: 0.1756E-01   max: -.8278E-01   D at   66  1
       a = 17.000      CL =  1.3638
      Cm = -0.0374     CD =  0.09224   =>   CDf =  0.00527    CDp =  0.08698

 Side 1  free  transition at x/c =  0.0080   27
 Side 2 forced transition at x/c =  1.0000   64

   3   rms: 0.2929E-02   max: -.1351E-01   D at   82  2
       a = 17.000      CL =  1.3658
      Cm = -0.0375     CD =  0.09274   =>   CDf =  0.00533    CDp =  0.08740

 Side 1  free  transition at x/c =  0.0080   27
 Side 2 forced transition at x/c =  1.0000   64

   4   rms: 0.1597E-03   max: -.1033E-02   D at   78  2
       a = 17.000      CL =  1.3659
      Cm = -0.0375     CD =  0.09281   =>   CDf =  0.00533    CDp =  0.08748

 Side 1  free  transition at x/c =  0.0080   27
 Side 2 forced transition at x/c =  1.0000   64

   5   rms: 0.3323E-05   max: 0.2674E-04   C at   64  2
       a = 17.000      CL =  1.3659
      Cm = -0.0375     CD =  0.09282   =>   CDf =  0.00533    CDp =  0.08748
      5.000   11.7182   0.092815   0.016404   0.002414  -0.013990    0.0080     #

 Point added to stored polar  1
 Point written to save file  clarky_re430000_realistic_model_reverse.polar   
 Dump file unspecified or not available
 Calculating wake trajectory ...
 Calculating source influence matrix ...

 Solving BL system ...

 Side 1  free  transition at x/c =  0.0080   27
 Side 2 forced transition at x/c =  1.0000   64

   1   rms: 0.3136E-01   max: -.1522E+00   D at   66  1   RLX: 0.492
       a = 16.750      CL =  1.3687
      Cm = -0.0366     CD =  0.08984   =>   CDf =  0.00533    CDp =  0.08451

 Side 1  free  transition at x/c =  0.0081   27
 Side 2 forced transition at x/c =  1.0000   64

   2   rms: 0.1832E-01   max: -.8790E-01   D at   67  1
       a = 16.750      CL =  1.3739
      Cm = -0.0356     CD =  0.08698   =>   CDf =  0.00539    CDp =  0.08159

 Side 1  free  transition at x/c =  0.0081   27
 Side 2 forced transition at x/c =  1.0000   64

   3   rms: 0.2495E-02   max: -.1196E-01   D at   81  2
       a = 16.750      CL =  1.3757
      Cm = -0.0358     CD =  0.08754   =>   CDf =  0.00546    CDp =  0.08209

 Side 1  free  transition at x/c =  0.0081   27
 Side 2 forced transition at x/c =  1.0000   64

   4   rms: 0.6295E-04   max: -.4892E-03   D at   77  2
       a = 16.750      CL =  1.3757
      Cm = -0.0358     CD =  0.08761   =>   CDf =  0.00545    CDp =  0.08215
      5.000   11.4958   0.087608   0.016812   0.002386  -0.014426    0.0081     #

 Point added to stored polar  1
 Point written to save file  clarky_re430000_realistic_model_reverse.polar   
 Dump file unspecified or not available
 Calculating wake trajectory ...
 Calculating source influence matrix ...

 Solving BL system ...

 Side 1  free  transition at x/c =  0.0081   27
 Side 2 forced transition at x/c =  1.0000   64

   1   rms: 0.3235E-01   max: -.1562E+00   D at   67  1   RLX: 0.511
       a = 16.500      CL =  1.3786
      Cm = -0.0349     CD =  0.08456   =>   CDf =  0.00545    CDp =  0.07911

 Side 1  free  transition at x/c =  0.0081   27
 Side 2 forced transition at x/c =  1.0000   64

   2   rms: 0.1734E-01   max: -.8001E-01   D at   66  1
       a = 16.500      CL =  1.3832
      Cm = -0.0341     CD =  0.08203   =>   CDf =  0.00551    CDp =  0.07652

 Side 1  free  transition at x/c =  0.0082   27
 Side 2 forced transition at x/c =  1.0000   64

   3   rms: 0.2502E-02   max: -.1114E-01   D at   81  2
       a = 16.500      CL =  1.3850
      Cm = -0.0342     CD =  0.08247   =>   CDf =  0.00558    CDp =  0.07689

 Side 1  free  transition at x/c =  0.0082   27
 Side 2 forced transition at x/c =  1.0000   64

   4   rms: 0.1074E-03   max: -.7605E-03   D at   77  2
       a = 16.500      CL =  1.3851
      Cm = -0.0343     CD =  0.08253   =>   CDf =  0.00558    CDp =  0.07695

 Side 1  free  transition at x/c =  0.0082   27
 Side 2 forced transition at x/c =  1.0000   64

   5   rms: 0.2751E-05   max: 0.1184E-04   C at   64  2
       a = 16.500      CL =  1.3851
      Cm = -0.0343     CD =  0.08253   =>   CDf =  0.00558    CDp =  0.07695
      5.000   11.2721   0.082528   0.017228   0.002357  -0.014872    0.0082     #

 Point added to stored polar  1
 Point written to save file  clarky_re430000_realistic_model_reverse.polar   
 Dump file unspecified or not available
 Calculating wake trajectory ...
 Calculating source influence matrix ...

 Solving BL system ...

 Side 1  free  transition at x/c =  0.0082   27
 Side 2 forced transition at x/c =  1.0000   64

   1   rms: 0.3328E-01   max: -.1597E+00   D at   68  1   RLX: 0.532
       a = 16.250      CL =  1.3881
      Cm = -0.0333     CD =  0.07942   =>   CDf =  0.00557    CDp =  0.07385

 Side 1  free  transition at x/c =  0.0082   27
 Side 2 forced transition at x/c =  1.0000   64

   2   rms: 0.1603E-01   max: -.7143E-01   D at   67  1
       a = 16.250      CL =  1.3919
      Cm = -0.0328     CD =  0.07728   =>   CDf =  0.00565    CDp =  0.07164

 Side 1  free  transition at x/c =  0.0083   27
 Side 2 forced transition at x/c =  1.0000   64

   3   rms: 0.2600E-02   max: -.1066E-01   D at   81  2
       a = 16.250      CL =  1.3937
      Cm = -0.0329     CD =  0.07758   =>   CDf =  0.00571    CDp =  0.07188

 Side 1  free  transition at x/c =  0.0083   27
 Side 2 forced transition at x/c =  1.0000   64

   4   rms: 0.1638E-03   max: -.9442E-03   D at   77  2
       a = 16.250      CL =  1.3938
      Cm = -0.0329     CD =  0.07764   =>   CDf =  0.00571    CDp =  0.07193

 Side 1  free  transition at x/c =  0.0083   27
 Side 2 forced transition at x/c =  1.0000   64

   5   rms: 0.3075E-05   max: 0.3915E-04   C at   64  2
       a = 16.250      CL =  1.3938
      Cm = -0.0329     CD =  0.07764   =>   CDf =  0.00571    CDp =  0.07193
      5.000   11.0393   0.077638   0.017624   0.002326  -0.015298    0.0083     #

 Point added to stored polar  1
 Point written to save file  clarky_re430000_realistic_model_reverse.polar   
 Dump file unspecified or not available
 Calculating wake trajectory ...
 Calculating source influence matrix ...

 Solving BL system ...

 Side 1  free  transition at x/c =  0.0083   27
 Side 2 forced transition at x/c =  1.0000   64

   1   rms: 0.3329E-01   max: -.1557E+00   D at   69  1   RLX: 0.553
       a = 16.000      CL =  1.3967
      Cm = -0.0320     CD =  0.07459   =>   CDf =  0.00570    CDp =  0.06889

 Side 1  free  transition at x/c =  0.0083   27
 Side 2 forced transition at x/c =  1.0000   64

   2   rms: 0.1560E-01   max: -.6798E-01   D at   68  1
       a = 16.000      CL =  1.4001
      Cm = -0.0316     CD =  0.07265   =>   CDf =  0.00578    CDp =  0.06688

 Side 1  free  transition at x/c =  0.0084   27
 Side 2 forced transition at x/c =  1.0000   64

   3   rms: 0.1894E-02   max: -.8288E-02   D at   81  2
       a = 16.000      CL =  1.4014
      Cm = -0.0317     CD =  0.07300   =>   CDf =  0.00584    CDp =  0.06716

 Side 1  free  transition at x/c =  0.0083   27
 Side 2 forced transition at x/c =  1.0000   64

   4   rms: 0.6078E-04   max: -.4260E-03   D at   76  2
       a = 16.000      CL =  1.4015
      Cm = -0.0317     CD =  0.07303   =>   CDf =  0.00584    CDp =  0.06719
      5.000   10.7960   0.073031   0.017983   0.002292  -0.015691    0.0083     #

 Point added to stored polar  1
 Point written to save file  clarky_re430000_realistic_model_reverse.polar   
 Dump file unspecified or not available
 Calculating wake trajectory ...
 Calculating source influence matrix ...

 Solving BL system ...

 Side 1  free  transition at x/c =  0.0083   27
 Side 2 forced transition at x/c =  1.0000   64

   1   rms: 0.3233E-01   max: -.1431E+00   D at   70  1   RLX: 0.575
       a = 15.750      CL =  1.4034
      Cm = -0.0310     CD =  0.07018   =>   CDf =  0.00583    CDp =  0.06435

 Side 1  free  transition at x/c =  0.0084   28
 Side 2 forced transition at x/c =  1.0000   64

   2   rms: 0.1649E-01   max: -.7964E-01   D at   72  1
       a = 15.750      CL =  1.4089
      Cm = -0.0305     CD =  0.06798   =>   CDf =  0.00589    CDp =  0.06208

 Side 1  free  transition at x/c =  0.0084   28
 Side 2 forced transition at x/c =  1.0000   64

   3   rms: 0.1484E-02   max: 0.1218E-01   D at   72  1
       a = 15.750      CL =  1.4099
      Cm = -0.0307     CD =  0.06840   =>   CDf =  0.00596    CDp =  0.06245

 Side 1  free  transition at x/c =  0.0084   28
 Side 2 forced transition at x/c =  1.0000   64

   4   rms: 0.6116E-04   max: 0.3098E-03   D at   72  1
       a = 15.750      CL =  1.4098
      Cm = -0.0307     CD =  0.06842   =>   CDf =  0.00596    CDp =  0.06247
      5.000   10.5312   0.068424   0.018344   0.002252  -0.016092    0.0084     #

 Point added to stored polar  1
 Point written to save file  clarky_re430000_realistic_model_reverse.polar   
 Dump file unspecified or not available
 Calculating wake trajectory ...
 Calculating source influence matrix ...

 Solving BL system ...

 Side 1  free  transition at x/c =  0.0084   28
 Side 2 forced transition at x/c =  1.0000   64

   1   rms: 0.3716E-01   max: -.1701E+00   D at   71  1   RLX: 0.604
       a = 15.500      CL =  1.4143
      Cm = -0.0299     CD =  0.06508   =>   CDf =  0.00595    CDp =  0.05913

 Side 1  free  transition at x/c =  0.0085   28
 Side 2 forced transition at x/c =  1.0000   64

   2   rms: 0.1503E-01   max: -.6550E-01   D at   71  1
       a = 15.500      CL =  1.4180
      Cm = -0.0297     CD =  0.06354   =>   CDf =  0.00602    CDp =  0.05752

 Side 1  free  transition at x/c =  0.0086   28
 Side 2 forced transition at x/c =  1.0000   64

   3   rms: 0.1642E-02   max: -.7822E-02   D at   76  2
       a = 15.500      CL =  1.4191
      Cm = -0.0298     CD =  0.06380   =>   CDf =  0.00607    CDp =  0.05773

 Side 1  free  transition at x/c =  0.0085   28
 Side 2 forced transition at x/c =  1.0000   64

   4   rms: 0.5128E-04   max: -.3819E-03   D at   76  2
       a = 15.500      CL =  1.4191
      Cm = -0.0298     CD =  0.06382   =>   CDf =  0.00607    CDp =  0.05775
      5.000   10.2403   0.063823   0.018682   0.002208  -0.016474    0.0085     #

 Point added to stored polar  1
 Point written to save file  clarky_re430000_realistic_model_reverse.polar   
 Dump file unspecified or not available
 Calculating wake trajectory ...
 Calculating source influence matrix ...

 Solving BL system ...

 Side 1  free  transition at x/c =  0.0085   28
 Side 2 forced transition at x/c =  1.0000   64

   1   rms: 0.3628E-01   max: -.1615E+00   D at   73  1   RLX: 0.631
       a = 15.250      CL =  1.4227
      Cm = -0.0291     CD =  0.06066   =>   CDf =  0.00607    CDp =  0.05459

 Side 1  free  transition at x/c =  0.0086   28
 Side 2 forced transition at x/c =  1.0000   64

   2   rms: 0.1363E-01   max: -.5768E-01   D at   72  1
       a = 15.250      CL =  1.4254
      Cm = -0.0291     CD =  0.05941   =>   CDf =  0.00614    CDp =  0.05327

 Side 1  free  transition at x/c =  0.0087   28
 Side 2 forced transition at x/c =  1.0000   64

   3   rms: 0.9642E-03   max: 0.6097E-02   D at   75  1
       a = 15.250      CL =  1.4261
      Cm = -0.0292     CD =  0.05967   =>   CDf =  0.00618    CDp =  0.05349

 Side 1  free  transition at x/c =  0.0087   28
 Side 2 forced transition at x/c =  1.0000   64

   4   rms: 0.1639E-04   max: 0.8893E-04   D at   75  1
       a = 15.250      CL =  1.4261
      Cm = -0.0292     CD =  0.05968   =>   CDf =  0.00618    CDp =  0.05350
      5.000    9.9429   0.059685   0.018967   0.002175  -0.016793    0.0087     #

 Point added to stored polar  1
 Point written to save file  clarky_re430000_realistic_model_reverse.polar   
 Dump file unspecified or not available
 Calculating wake trajectory ...
 Calculating source influence matrix ...

 Solving BL system ...

 Side 1  free  transition at x/c =  0.0087   28
 Side 2 forced transition at x/c =  1.0000   64

   1   rms: 0.3464E-01   max: -.1453E+00   D at   74  1   RLX: 0.659
       a = 15.000      CL =  1.4281
      Cm = -0.0288     CD =  0.05682   =>   CDf =  0.00664    CDp =  0.05018

 Side 1  free  transition at x/c =  0.0088   27
 Side 2 forced transition at x/c =  1.0000   65

   2   rms: 0.1275E-01   max: -.5147E-01   D at   72  1
       a = 15.000      CL =  1.4301
      Cm = -0.0288     CD =  0.05578   =>   CDf =  0.00626    CDp =  0.04953

 Side 1  free  transition at x/c =  0.0088   27
 Side 2 forced transition at x/c =  1.0000   65

   3   rms: 0.1249E-02   max: -.5750E-02   D at   76  2
       a = 15.000      CL =  1.4309
      Cm = -0.0288     CD =  0.05594   =>   CDf =  0.00630    CDp =  0.04964

 Side 1  free  transition at x/c =  0.0088   27
 Side 2 forced transition at x/c =  1.0000   65

   4   rms: 0.4550E-04   max: -.3050E-03   D at   76  2
       a = 15.000      CL =  1.4310
      Cm = -0.0288     CD =  0.05595   =>   CDf =  0.00630    CDp =  0.04966
      5.000    9.6412   0.055953   0.019210   0.002158  -0.017052    0.0088     #

 Point added to stored polar  1
 Point written to save file  clarky_re430000_realistic_model_reverse.polar   
 Dump file unspecified or not available
 Calculating wake trajectory ...
 Calculating source influence matrix ...

 Solving BL system ...

 Side 1  free  transition at x/c =  0.0088   27
 Side 2 forced transition at x/c =  1.0000   65

   1   rms: 0.3436E-01   max: -.1398E+00   D at   74  1   RLX: 0.688
       a = 14.750      CL =  1.4323
      Cm = -0.0286     CD =  0.05321   =>   CDf =  0.00629    CDp =  0.04692

 Side 1  free  transition at x/c =  0.0090   27
 Side 2 forced transition at x/c =  1.0000   65

   2   rms: 0.1111E-01   max: -.4468E-01   D at   74  1
       a = 14.750      CL =  1.4335
      Cm = -0.0287     CD =  0.05242   =>   CDf =  0.00637    CDp =  0.04605

 Side 1  free  transition at x/c =  0.0090   27
 Side 2 forced transition at x/c =  1.0000   65

   3   rms: 0.9338E-03   max: -.4397E-02   D at   76  2
       a = 14.750      CL =  1.4342
      Cm = -0.0287     CD =  0.05255   =>   CDf =  0.00640    CDp =  0.04615

 Side 1  free  transition at x/c =  0.0090   27
 Side 2 forced transition at x/c =  1.0000   65

   4   rms: 0.3298E-04   max: -.1947E-03   D at   75  2
       a = 14.750      CL =  1.4342
      Cm = -0.0287     CD =  0.05256   =>   CDf =  0.00640    CDp =  0.04616
      5.000    9.3331   0.052560   0.019410   0.002139  -0.017271    0.0090     #

 Point added to stored polar  1
 Point written to save file  clarky_re430000_realistic_model_reverse.polar   
 Dump file unspecified or not available
 Calculating wake trajectory ...
 Calculating source influence matrix ...

 Solving BL system ...

 Side 1  free  transition at x/c =  0.0090   27
 Side 2 forced transition at x/c =  1.0000   65

   1   rms: 0.3391E-01   max: -.1327E+00   D at   76  1   RLX: 0.718
       a = 14.500      CL =  1.4346
      Cm = -0.0286     CD =  0.04997   =>   CDf =  0.00640    CDp =  0.04357

 Side 1  free  transition at x/c =  0.0092   27
 Side 2 forced transition at x/c =  1.0000   65

   2   rms: 0.9941E-02   max: -.3969E-01   D at   75  1
       a = 14.500      CL =  1.4354
      Cm = -0.0288     CD =  0.04935   =>   CDf =  0.00648    CDp =  0.04287

 Side 1  free  transition at x/c =  0.0092   27
 Side 2 forced transition at x/c =  1.0000   65

   3   rms: 0.6627E-03   max: -.3448E-02   D at   75  2
       a = 14.500      CL =  1.4359
      Cm = -0.0289     CD =  0.04946   =>   CDf =  0.00651    CDp =  0.04295

 Side 1  free  transition at x/c =  0.0092   27
 Side 2 forced transition at x/c =  1.0000   65

   4   rms: 0.1784E-04   max: -.1200E-03   D at   75  2
       a = 14.500      CL =  1.4359
      Cm = -0.0289     CD =  0.04947   =>   CDf =  0.00651    CDp =  0.04296
      5.000    9.0216   0.049467   0.019578   0.002114  -0.017464    0.0092     #

 Point added to stored polar  1
 Point written to save file  clarky_re430000_realistic_model_reverse.polar   
 Dump file unspecified or not available
 Calculating wake trajectory ...
 Calculating source influence matrix ...

 Solving BL system ...

 Side 1  free  transition at x/c =  0.0092   27
 Side 2 forced transition at x/c =  1.0000   65

   1   rms: 0.3359E-01   max: -.1262E+00   D at   77  1   RLX: 0.750
       a = 14.250      CL =  1.4354
      Cm = -0.0289     CD =  0.04701   =>   CDf =  0.00650    CDp =  0.04051

 Side 1  free  transition at x/c =  0.0094   27
 Side 2 forced transition at x/c =  1.0000   65

   2   rms: 0.9026E-02   max: -.3591E-01   D at   76  1
       a = 14.250      CL =  1.4360
      Cm = -0.0291     CD =  0.04653   =>   CDf =  0.00659    CDp =  0.03994

 Side 1  free  transition at x/c =  0.0095   27
 Side 2 forced transition at x/c =  1.0000   65

   3   rms: 0.4972E-03   max: -.2966E-02   D at   75  2
       a = 14.250      CL =  1.4364
      Cm = -0.0292     CD =  0.04662   =>   CDf =  0.00662    CDp =  0.04001

 Side 1  free  transition at x/c =  0.0095   27
 Side 2 forced transition at x/c =  1.0000   65

   4   rms: 0.7615E-05   max: -.6496E-04   D at   75  2
       a = 14.250      CL =  1.4364
      Cm = -0.0292     CD =  0.04663   =>   CDf =  0.00662    CDp =  0.04001
      5.000    8.7062   0.046627   0.019721   0.002081  -0.017640    0.0095     #

 Point added to stored polar  1
 Point written to save file  clarky_re430000_realistic_model_reverse.polar   
 Dump file unspecified or not available
 Calculating wake trajectory ...
 Calculating source influence matrix ...

 Solving BL system ...

 Side 1  free  transition at x/c =  0.0095   27
 Side 2 forced transition at x/c =  1.0000   65

   1   rms: 0.3317E-01   max: -.1182E+00   D at   78  1   RLX: 0.782
       a = 14.000      CL =  1.4348
      Cm = -0.0294     CD =  0.04434   =>   CDf =  0.00661    CDp =  0.03772

 Side 1  free  transition at x/c =  0.0097   27
 Side 2 forced transition at x/c =  1.0000   65

   2   rms: 0.8077E-02   max: -.3252E-01   D at   77  1
       a = 14.000      CL =  1.4353
      Cm = -0.0296     CD =  0.04396   =>   CDf =  0.00670    CDp =  0.03726

 Side 1  free  transition at x/c =  0.0098   27
 Side 2 forced transition at x/c =  1.0000   65

   3   rms: 0.3929E-03   max: -.2162E-02   D at   74  2
       a = 14.000      CL =  1.4356
      Cm = -0.0297     CD =  0.04403   =>   CDf =  0.00672    CDp =  0.03731

 Side 1  free  transition at x/c =  0.0098   27
 Side 2 forced transition at x/c =  1.0000   65

   4   rms: 0.6201E-05   max: -.4107E-04   D at   74  2
       a = 14.000      CL =  1.4356
      Cm = -0.0297     CD =  0.04403   =>   CDf =  0.00672    CDp =  0.03731
      5.000    8.3904   0.044034   0.019835   0.002039  -0.017796    0.0098     #

 Point added to stored polar  1
 Point written to save file  clarky_re430000_realistic_model_reverse.polar   
 Dump file unspecified or not available
 Calculating wake trajectory ...
 Calculating source influence matrix ...

 Solving BL system ...

 Side 1  free  transition at x/c =  0.0098   27
 Side 2 forced transition at x/c =  1.0000   65

   1   rms: 0.3314E-01   max: -.1133E+00   D at   79  1   RLX: 0.817
       a = 13.750      CL =  1.4330
      Cm = -0.0300     CD =  0.04184   =>   CDf =  0.00717    CDp =  0.03468

 Side 1  free  transition at x/c =  0.0100   26
 Side 2 forced transition at x/c =  1.0000   66

   2   rms: 0.7679E-02   max: -.6068E-01   D at    2  2
       a = 13.750      CL =  1.4330
      Cm = -0.0303     CD =  0.04161   =>   CDf =  0.00681    CDp =  0.03480

 Side 1  free  transition at x/c =  0.0101   26
 Side 2 forced transition at x/c =  1.0000   66

   3   rms: 0.4268E-03   max: 0.2305E-02   D at    4  2
       a = 13.750      CL =  1.4333
      Cm = -0.0303     CD =  0.04166   =>   CDf =  0.00684    CDp =  0.03482

 Side 1  free  transition at x/c =  0.0101   26
 Side 2 forced transition at x/c =  1.0000   66

   4   rms: 0.9704E-05   max: -.5952E-04   D at   75  2
       a = 13.750      CL =  1.4333
      Cm = -0.0303     CD =  0.04166   =>   CDf =  0.00684    CDp =  0.03482
      5.000    8.0794   0.041661   0.019922   0.001989  -0.017933    0.0101     #

 Point added to stored polar  1
 Point written to save file  clarky_re430000_realistic_model_reverse.polar   
 Dump file unspecified or not available
 Calculating wake trajectory ...
 Calculating source influence matrix ...

 Solving BL system ...

 Side 1  free  transition at x/c =  0.0101   26
 Side 2 forced transition at x/c =  1.0000   66

   1   rms: 0.3310E-01   max: -.1078E+00   D at   79  1   RLX: 0.852
       a = 13.500      CL =  1.4294
      Cm = -0.0308     CD =  0.03959   =>   CDf =  0.00683    CDp =  0.03275

 Side 1  free  transition at x/c =  0.0103   26
 Side 2 forced transition at x/c =  1.0000   66

   2   rms: 0.5325E-02   max: -.2054E-01   D at   78  1
       a = 13.500      CL =  1.4291
      Cm = -0.0310     CD =  0.03950   =>   CDf =  0.00693    CDp =  0.03257

 Side 1  free  transition at x/c =  0.0103   27
 Side 2 forced transition at x/c =  1.0000   66

   3   rms: 0.1029E-02   max: -.1106E-01   D at   26  1
       a = 13.500      CL =  1.4296
      Cm = -0.0311     CD =  0.03949   =>   CDf =  0.00694    CDp =  0.03255

 Side 1  free  transition at x/c =  0.0103   27
 Side 2 forced transition at x/c =  1.0000   66

   4   rms: 0.3676E-04   max: -.1821E-03   D at   75  2
       a = 13.500      CL =  1.4297
      Cm = -0.0311     CD =  0.03950   =>   CDf =  0.00694    CDp =  0.03256
      5.000    7.7737   0.039497   0.019984   0.001934  -0.018051    0.0103     #

 Point added to stored polar  1
 Point written to save file  clarky_re430000_realistic_model_reverse.polar   
 Dump file unspecified or not available
 Calculating wake trajectory ...
 Calculating source influence matrix ...

 Solving BL system ...

 Side 1  free  transition at x/c =  0.0103   27
 Side 2 forced transition at x/c =  1.0000   66

   1   rms: 0.3726E-01   max: -.1332E+00   D at   79  1   RLX: 0.897
       a = 13.250      CL =  1.4296
      Cm = -0.0318     CD =  0.03695   =>   CDf =  0.00694    CDp =  0.03001

 Side 1  free  transition at x/c =  0.0106   27
 Side 2 forced transition at x/c =  1.0000   66

   2   rms: 0.3833E-02   max: -.1591E-01   D at   79  1
       a = 13.250      CL =  1.4289
      Cm = -0.0321     CD =  0.03710   =>   CDf =  0.00703    CDp =  0.03007

 Side 1  free  transition at x/c =  0.0106   27
 Side 2 forced transition at x/c =  1.0000   66

   3   rms: 0.1092E-03   max: -.6124E-03   D at   74  2
       a = 13.250      CL =  1.4290
      Cm = -0.0321     CD =  0.03712   =>   CDf =  0.00704    CDp =  0.03008

 Side 1  free  transition at x/c =  0.0106   27
 Side 2 forced transition at x/c =  1.0000   66

   4   rms: 0.1862E-05   max: 0.1718E-04   C at   66  2
       a = 13.250      CL =  1.4290
      Cm = -0.0321     CD =  0.03712   =>   CDf =  0.00704    CDp =  0.03008
      5.000    7.4266   0.037119   0.019984   0.001863  -0.018121    0.0106     #

 Point added to stored polar  1
 Point written to save file  clarky_re430000_realistic_model_reverse.polar   
 Dump file unspecified or not available
 Calculating wake trajectory ...
 Calculating source influence matrix ...

 Solving BL system ...

 Side 1  free  transition at x/c =  0.0106   27
 Side 2 forced transition at x/c =  1.0000   66

   1   rms: 0.3548E-01   max: -.1163E+00   D at   81  1   RLX: 0.939
       a = 13.000      CL =  1.4257
      Cm = -0.0330     CD =  0.03491   =>   CDf =  0.00703    CDp =  0.02788

 Side 1  free  transition at x/c =  0.0109   27
 Side 2 forced transition at x/c =  1.0000   66

   2   rms: 0.2722E-02   max: -.1220E-01   D at   80  1
       a = 13.000      CL =  1.4252
      Cm = -0.0332     CD =  0.03510   =>   CDf =  0.00712    CDp =  0.02797

 Side 1  free  transition at x/c =  0.0109   27
 Side 2 forced transition at x/c =  1.0000   66

   3   rms: 0.6513E-04   max: -.4043E-03   D at   74  2
       a = 13.000      CL =  1.4252
      Cm = -0.0332     CD =  0.03511   =>   CDf =  0.00713    CDp =  0.02798
      5.000    7.1079   0.035107   0.019968   0.001804  -0.018163    0.0109     #

 Point added to stored polar  1
 Point written to save file  clarky_re430000_realistic_model_reverse.polar   
 Dump file unspecified or not available
 Calculating wake trajectory ...
 Calculating source influence matrix ...

 Solving BL system ...

 Side 1  free  transition at x/c =  0.0109   27
 Side 2 forced transition at x/c =  1.0000   66

   1   rms: 0.3457E-01   max: -.1053E+00   D at   82  1   RLX: 0.982
       a = 12.750      CL =  1.4196
      Cm = -0.0342     CD =  0.03312   =>   CDf =  0.00756    CDp =  0.02556

 Side 1  free  transition at x/c =  0.0113   26
 Side 2 forced transition at x/c =  1.0000   67

   2   rms: 0.5480E-02   max: -.8736E-01   T at    2  2
       a = 12.750      CL =  1.4196
      Cm = -0.0344     CD =  0.03332   =>   CDf =  0.00722    CDp =  0.02610

 Side 1  free  transition at x/c =  0.0113   26
 Side 2 forced transition at x/c =  1.0000   67

   3   rms: 0.1862E-03   max: 0.2336E-02   D at    4  2
       a = 12.750      CL =  1.4197
      Cm = -0.0344     CD =  0.03333   =>   CDf =  0.00722    CDp =  0.02611

 Side 1  free  transition at x/c =  0.0113   26
 Side 2 forced transition at x/c =  1.0000   67

   4   rms: 0.5987E-06   max: 0.6033E-05   C at   67  2
       a = 12.750      CL =  1.4197
      Cm = -0.0344     CD =  0.03333   =>   CDf =  0.00722    CDp =  0.02611
      5.000    6.8042   0.033330   0.019935   0.001749  -0.018186    0.0113     #

 Point added to stored polar  1
 Point written to save file  clarky_re430000_realistic_model_reverse.polar   
 Dump file unspecified or not available
 Calculating wake trajectory ...
 Calculating source influence matrix ...

 Solving BL system ...

 Side 1  free  transition at x/c =  0.0113   26
 Side 2 forced transition at x/c =  1.0000   67

   1   rms: 0.3449E-01   max: -.9950E-01   D at   82  1
       a = 12.500      CL =  1.4127
      Cm = -0.0355     CD =  0.03152   =>   CDf =  0.00722    CDp =  0.02430

 Side 1  free  transition at x/c =  0.0117   26
 Side 2 forced transition at x/c =  1.0000   67

   2   rms: 0.1912E-02   max: -.1620E-01   D at   26  1
       a = 12.500      CL =  1.4127
      Cm = -0.0356     CD =  0.03173   =>   CDf =  0.00732    CDp =  0.02441

 Side 1  free  transition at x/c =  0.0117   26
 Side 2 forced transition at x/c =  1.0000   67

   3   rms: 0.8238E-05   max: 0.6864E-04   D at   84  1
       a = 12.500      CL =  1.4127
      Cm = -0.0356     CD =  0.03173   =>   CDf =  0.00732    CDp =  0.02441
      5.000    6.5136   0.031732   0.019884   0.001689  -0.018194    0.0117     #

 Point added to stored polar  1
 Point written to save file  clarky_re430000_realistic_model_reverse.polar   
 Dump file unspecified or not available
 Calculating wake trajectory ...
 Calculating source influence matrix ...

 Solving BL system ...

 Side 1  free  transition at x/c =  0.0117   26
 Side 2 forced transition at x/c =  1.0000   67

   1   rms: 0.3410E-01   max: -.9311E-01   D at   83  1
       a = 12.250      CL =  1.4042
      Cm = -0.0368     CD =  0.03011   =>   CDf =  0.00732    CDp =  0.02280

 Side 1  free  transition at x/c =  0.0122   26
 Side 2 forced transition at x/c =  1.0000   67

   2   rms: 0.1075E-02   max: 0.1037E-01   D at   85  1
       a = 12.250      CL =  1.4042
      Cm = -0.0369     CD =  0.03029   =>   CDf =  0.00742    CDp =  0.02288

 Side 1  free  transition at x/c =  0.0122   26
 Side 2 forced transition at x/c =  1.0000   67

   3   rms: 0.5060E-05   max: 0.7121E-04   D at   85  1
       a = 12.250      CL =  1.4042
      Cm = -0.0369     CD =  0.03030   =>   CDf =  0.00742    CDp =  0.02288
      5.000    6.2371   0.030297   0.019818   0.001624  -0.018194    0.0122     #

 Point added to stored polar  1
 Point written to save file  clarky_re430000_realistic_model_reverse.polar   
 Dump file unspecified or not available
 Calculating wake trajectory ...
 Calculating source influence matrix ...

 Solving BL system ...

 Side 1  free  transition at x/c =  0.0122   26
 Side 2 forced transition at x/c =  1.0000   67

   1   rms: 0.3392E-01   max: -.8697E-01   D at   83  1
       a = 12.000      CL =  1.3945
      Cm = -0.0382     CD =  0.02886   =>   CDf =  0.00741    CDp =  0.02145

 Side 1  free  transition at x/c =  0.0127   27
 Side 2 forced transition at x/c =  1.0000   67

   2   rms: 0.4130E-02   max: -.5699E-01   D at   26  1
       a = 12.000      CL =  1.3965
      Cm = -0.0384     CD =  0.02884   =>   CDf =  0.00750    CDp =  0.02134

 Side 1  free  transition at x/c =  0.0127   27
 Side 2 forced transition at x/c =  1.0000   67

   3   rms: 0.2816E-03   max: 0.3295E-02   D at   27  1
       a = 12.000      CL =  1.3966
      Cm = -0.0384     CD =  0.02885   =>   CDf =  0.00750    CDp =  0.02135

 Side 1  free  transition at x/c =  0.0127   27
 Side 2 forced transition at x/c =  1.0000   67

   4   rms: 0.2805E-05   max: 0.1364E-04   D at   87  1
       a = 12.000      CL =  1.3966
      Cm = -0.0384     CD =  0.02885   =>   CDf =  0.00750    CDp =  0.02135
      5.000    5.9503   0.028849   0.019708   0.001554  -0.018153    0.0127     #

 Point added to stored polar  1
 Point written to save file  clarky_re430000_realistic_model_reverse.polar   
 Dump file unspecified or not available
 Calculating wake trajectory ...
 Calculating source influence matrix ...

 Solving BL system ...

 Side 1  free  transition at x/c =  0.0127   27
 Side 2 forced transition at x/c =  1.0000   67

   1   rms: 0.3637E-01   max: -.1076E+00   T at   27  1
       a = 11.750      CL =  1.3886
      Cm = -0.0400     CD =  0.02731   =>   CDf =  0.00791    CDp =  0.01940

 Side 1  free  transition at x/c =  0.0133   26
 Side 2 forced transition at x/c =  1.0000   68

   2   rms: 0.3672E-02   max: -.5310E-01   T at    2  2
       a = 11.750      CL =  1.3882
      Cm = -0.0400     CD =  0.02750   =>   CDf =  0.00758    CDp =  0.01992

 Side 1  free  transition at x/c =  0.0133   26
 Side 2 forced transition at x/c =  1.0000   68

   3   rms: 0.4859E-03   max: 0.6191E-02   D at    4  2
       a = 11.750      CL =  1.3882
      Cm = -0.0400     CD =  0.02750   =>   CDf =  0.00758    CDp =  0.01992

 Side 1  free  transition at x/c =  0.0133   26
 Side 2 forced transition at x/c =  1.0000   68

   4   rms: 0.1825E-06   max: -.2067E-05   D at    9  2
       a = 11.750      CL =  1.3882
      Cm = -0.0400     CD =  0.02750   =>   CDf =  0.00758    CDp =  0.01992
      5.000    5.6718   0.027502   0.019576   0.001485  -0.018091    0.0133     #

 Point added to stored polar  1
 Point written to save file  clarky_re430000_realistic_model_reverse.polar   
 Dump file unspecified or not available
 Calculating wake trajectory ...
 Calculating source influence matrix ...

 Solving BL system ...

 Side 1  free  transition at x/c =  0.0133   26
 Side 2 forced transition at x/c =  1.0000   68

   1   rms: 0.3573E-01   max: -.1123E+00   C at   26  1
       a = 11.500      CL =  1.3782
      Cm = -0.0415     CD =  0.02618   =>   CDf =  0.00758    CDp =  0.01860

 Side 1  free  transition at x/c =  0.0140   26
 Side 2 forced transition at x/c =  1.0000   68

   2   rms: 0.2164E-02   max: -.3240E-01   C at   26  1
       a = 11.500      CL =  1.3781
      Cm = -0.0416     CD =  0.02632   =>   CDf =  0.00767    CDp =  0.01866

 Side 1  free  transition at x/c =  0.0141   26
 Side 2 forced transition at x/c =  1.0000   68

   3   rms: 0.3115E-04   max: 0.4579E-03   C at   26  1
       a = 11.500      CL =  1.3781
      Cm = -0.0416     CD =  0.02633   =>   CDf =  0.00767    CDp =  0.01866
      5.000    5.4128   0.026326   0.019450   0.001413  -0.018037    0.0141     #

 Point added to stored polar  1
 Point written to save file  clarky_re430000_realistic_model_reverse.polar   
 Dump file unspecified or not available
 Calculating wake trajectory ...
 Calculating source influence matrix ...

 Solving BL system ...

 Side 1  free  transition at x/c =  0.0141   26
 Side 2 forced transition at x/c =  1.0000   68

   1   rms: 0.3526E-01   max: -.1025E+00   C at   26  1
       a = 11.250      CL =  1.3667
      Cm = -0.0431     CD =  0.02517   =>   CDf =  0.00766    CDp =  0.01751

 Side 1  free  transition at x/c =  0.0149   27
 Side 2 forced transition at x/c =  1.0000   68

   2   rms: 0.1055E-01   max: -.1354E+00   C at   27  1
       a = 11.250      CL =  1.3683
      Cm = -0.0433     CD =  0.02515   =>   CDf =  0.00774    CDp =  0.01741

 Side 1  free  transition at x/c =  0.0152   27
 Side 2 forced transition at x/c =  1.0000   68

   3   rms: 0.1090E-02   max: 0.1806E-01   C at   27  1
       a = 11.250      CL =  1.3682
      Cm = -0.0433     CD =  0.02517   =>   CDf =  0.00774    CDp =  0.01744

 Side 1  free  transition at x/c =  0.0151   27
 Side 2 forced transition at x/c =  1.0000   68

   4   rms: 0.1016E-04   max: -.1510E-03   D at   28  1
       a = 11.250      CL =  1.3682
      Cm = -0.0433     CD =  0.02517   =>   CDf =  0.00774    CDp =  0.01743
      5.000    5.1534   0.025172   0.019286   0.001355  -0.017931    0.0151     #

 Point added to stored polar  1
 Point written to save file  clarky_re430000_realistic_model_reverse.polar   
 Dump file unspecified or not available
 Calculating wake trajectory ...
 Calculating source influence matrix ...

 Solving BL system ...

 Side 1  free  transition at x/c =  0.0151   27
 Side 2 forced transition at x/c =  1.0000   68

   1   rms: 0.3971E-01   max: -.3004E+00   C at   27  1
       a = 11.000      CL =  1.3584
      Cm = -0.0450     CD =  0.02391   =>   CDf =  0.00773    CDp =  0.01618

 Side 1  free  transition at x/c =  0.0165   27
 Side 2 forced transition at x/c =  1.0000   68

   2   rms: 0.7059E-02   max: -.1412E+00   C at   27  1
       a = 11.000      CL =  1.3581
      Cm = -0.0451     CD =  0.02406   =>   CDf =  0.00780    CDp =  0.01625

 Side 1  free  transition at x/c =  0.0168   28
 Side 2 forced transition at x/c =  1.0000   68

   3   rms: 0.3448E-03   max: 0.6149E-02   C at   28  1
       a = 11.000      CL =  1.3581
      Cm = -0.0451     CD =  0.02406   =>   CDf =  0.00780    CDp =  0.01626

 Side 1  free  transition at x/c =  0.0168   27
 Side 2 forced transition at x/c =  1.0000   68

   4   rms: 0.7496E-04   max: -.1345E-02   C at   27  1
       a = 11.000      CL =  1.3582
      Cm = -0.0451     CD =  0.02405   =>   CDf =  0.00780    CDp =  0.01626
      5.000    4.9104   0.024055   0.019087   0.001305  -0.017782    0.0168     #

 Point added to stored polar  1
 Point written to save file  clarky_re430000_realistic_model_reverse.polar   
 Dump file unspecified or not available
 Calculating wake trajectory ...
 Calculating source influence matrix ...

 Solving BL system ...

 Side 1  free  transition at x/c =  0.0168   27
 Side 2 forced transition at x/c =  1.0000   68

   1   rms: 0.4540E-01   max: -.6019E+00   C at   27  1   RLX: 0.831
       a = 10.750      CL =  1.3493
      Cm = -0.0466     CD =  0.02311   =>   CDf =  0.00818    CDp =  0.01492

 Side 1  free  transition at x/c =  0.0181   27
 Side 2 forced transition at x/c =  1.0000   69

   2   rms: 0.3625E-01   max: -.7253E+00   C at   27  1   RLX: 0.689
       a = 10.750      CL =  1.3499
      Cm = -0.0471     CD =  0.02293   =>   CDf =  0.00785    CDp =  0.01508

 Side 1  free  transition at x/c =  0.0190   27
 Side 2 forced transition at x/c =  1.0000   69

   3   rms: 0.2695E-01   max: -.5562E+00   C at   27  1   RLX: 0.899
       a = 10.750      CL =  1.3489
      Cm = -0.0471     CD =  0.02292   =>   CDf =  0.00785    CDp =  0.01507

 Side 1  free  transition at x/c =  0.0203   28
 Side 2 forced transition at x/c =  1.0000   69

   4   rms: 0.2394E-01   max: -.4829E+00   C at   28  1
       a = 10.750      CL =  1.3518
      Cm = -0.0474     CD =  0.02270   =>   CDf =  0.00783    CDp =  0.01487

 Side 1  free  transition at x/c =  0.0215   28
 Side 2 forced transition at x/c =  1.0000   69

   5   rms: 0.2558E-02   max: 0.4833E-01   C at   28  1
       a = 10.750      CL =  1.3514
      Cm = -0.0474     CD =  0.02275   =>   CDf =  0.00780    CDp =  0.01494

 Side 1  free  transition at x/c =  0.0213   28
 Side 2 forced transition at x/c =  1.0000   69

   6   rms: 0.9443E-04   max: -.1854E-02   C at   28  1
       a = 10.750      CL =  1.3514
      Cm = -0.0474     CD =  0.02275   =>   CDf =  0.00781    CDp =  0.01494
      5.000    4.6747   0.022746   0.018765   0.001270  -0.017495    0.0213     #

 Point added to stored polar  1
 Point written to save file  clarky_re430000_realistic_model_reverse.polar   
 Dump file unspecified or not available
 Calculating wake trajectory ...
 Calculating source influence matrix ...

 Solving BL system ...

 Side 1  free  transition at x/c =  0.0213   28
 Side 2 forced transition at x/c =  1.0000   69

   1   rms: 0.1611E+00   max: -.3081E+01   C at   28  1   RLX: 0.162
       a = 10.500      CL =  1.3511
      Cm = -0.0479     CD =  0.02247   =>   CDf =  0.00780    CDp =  0.01466

 Side 1  free  transition at x/c =  0.0229   29
 Side 2 forced transition at x/c =  1.0000   69

   2   rms: 0.1690E+00   max: -.3360E+01   C at   29  1   RLX: 0.149
       a = 10.500      CL =  1.3511
      Cm = -0.0484     CD =  0.02225   =>   CDf =  0.00780    CDp =  0.01445

 Side 1  free  transition at x/c =  0.0263   30
 Side 2 forced transition at x/c =  1.0000   69

   3   rms: 0.2787E+00   max: -.5354E+01   C at   30  1   RLX: 0.093
       a = 10.500      CL =  1.3520
      Cm = -0.0486     CD =  0.02205   =>   CDf =  0.00776    CDp =  0.01429

 Side 1  free  transition at x/c =  0.0294   31
 Side 2 forced transition at x/c =  1.0000   69

   4   rms: 0.2620E+00   max: -.5108E+01   C at   31  1   RLX: 0.098
       a = 10.500      CL =  1.3530
      Cm = -0.0489     CD =  0.02187   =>   CDf =  0.00773    CDp =  0.01414

 Side 1  free  transition at x/c =  0.0342   32
 Side 2 forced transition at x/c =  1.0000   69

   5   rms: 0.2507E+00   max: -.4922E+01   C at   32  1   RLX: 0.102
       a = 10.500      CL =  1.3542
      Cm = -0.0492     CD =  0.02169   =>   CDf =  0.00769    CDp =  0.01400

 Side 1  free  transition at x/c =  0.0369   33
 Side 2 forced transition at x/c =  1.0000   69

   6   rms: 0.9082E-01   max: -.1850E+01   C at   33  1   RLX: 0.270
       a = 10.500      CL =  1.3541
      Cm = -0.0497     CD =  0.02147   =>   CDf =  0.00767    CDp =  0.01380

 Side 1  free  transition at x/c =  0.0428   34
 Side 2 forced transition at x/c =  1.0000   69

   7   rms: 0.2564E-01   max: -.4514E+00   C at   34  1
       a = 10.500      CL =  1.3501
      Cm = -0.0505     CD =  0.02109   =>   CDf =  0.00763    CDp =  0.01346

 Side 1  free  transition at x/c =  0.0513   36
 Side 2 forced transition at x/c =  1.0000   69

   8   rms: 0.5057E-02   max: 0.5672E-01   D at   34  1
       a = 10.500      CL =  1.3518
      Cm = -0.0507     CD =  0.02100   =>   CDf =  0.00757    CDp =  0.01343

 Side 1  free  transition at x/c =  0.0481   36
 Side 2 forced transition at x/c =  1.0000   69

   9   rms: 0.2896E-02   max: -.5829E-01   C at   36  1
       a = 10.500      CL =  1.3510
      Cm = -0.0506     CD =  0.02106   =>   CDf =  0.00760    CDp =  0.01346

 Side 1  free  transition at x/c =  0.0486   36
 Side 2 forced transition at x/c =  1.0000   69

  10   rms: 0.3524E-04   max: -.6404E-03   C at   36  1
       a = 10.500      CL =  1.3510
      Cm = -0.0506     CD =  0.02106   =>   CDf =  0.00759    CDp =  0.01347
      5.000    4.4589   0.021059   0.018193   0.001229  -0.016964    0.0486     #

 Point added to stored polar  1
 Point written to save file  clarky_re430000_realistic_model_reverse.polar   
 Dump file unspecified or not available
 Calculating wake trajectory ...
 Calculating source influence matrix ...

 Solving BL system ...

 Side 1  free  transition at x/c =  0.0486   36
 Side 2 forced transition at x/c =  1.0000   69

   1   rms: 0.6500E-01   max: -.1143E+01   C at   36  1   RLX: 0.438
       a = 10.250      CL =  1.3466
      Cm = -0.0515     CD =  0.02057   =>   CDf =  0.00759    CDp =  0.01298

 Side 1  free  transition at x/c =  0.0528   37
 Side 2 forced transition at x/c =  1.0000   69

   2   rms: 0.3555E-01   max: -.5632E+00   C at   37  1   RLX: 0.888
       a = 10.250      CL =  1.3403
      Cm = -0.0525     CD =  0.02014   =>   CDf =  0.00760    CDp =  0.01255

 Side 1  free  transition at x/c =  0.0580   37
 Side 2 forced transition at x/c =  1.0000   69

   3   rms: 0.8089E-02   max: -.1502E+00   C at   37  1
       a = 10.250      CL =  1.3375
      Cm = -0.0523     CD =  0.02026   =>   CDf =  0.00758    CDp =  0.01268

 Side 1  free  transition at x/c =  0.0615   38
 Side 2 forced transition at x/c =  1.0000   69

   4   rms: 0.5801E-02   max: 0.1178E+00   C at   38  1
       a = 10.250      CL =  1.3386
      Cm = -0.0525     CD =  0.02019   =>   CDf =  0.00753    CDp =  0.01267

 Side 1  free  transition at x/c =  0.0601   38
 Side 2 forced transition at x/c =  1.0000   69

   5   rms: 0.2991E-03   max: -.5516E-02   C at   38  1
       a = 10.250      CL =  1.3384
      Cm = -0.0524     CD =  0.02020   =>   CDf =  0.00755    CDp =  0.01266

 Side 1  free  transition at x/c =  0.0602   38
 Side 2 forced transition at x/c =  1.0000   69

   6   rms: 0.1280E-05   max: 0.4923E-05   C at   69  2
       a = 10.250      CL =  1.3384
      Cm = -0.0524     CD =  0.02020   =>   CDf =  0.00755    CDp =  0.01266
      5.000    4.1701   0.020203   0.017931   0.001167  -0.016764    0.0602     #

 Point added to stored polar  1
 Point written to save file  clarky_re430000_realistic_model_reverse.polar   
 Dump file unspecified or not available
 Calculating wake trajectory ...
 Calculating source influence matrix ...

 Solving BL system ...

 Side 1  free  transition at x/c =  0.0602   38
 Side 2 forced transition at x/c =  1.0000   69

   1   rms: 0.4867E-01   max: -.6620E+00   C at   38  1   RLX: 0.755
       a = 10.000      CL =  1.3283
      Cm = -0.0538     CD =  0.01956   =>   CDf =  0.00754    CDp =  0.01201

 Side 1  free  transition at x/c =  0.0642   39
 Side 2 forced transition at x/c =  1.0000   69

   2   rms: 0.2005E-01   max: -.2834E+00   C at   39  1
       a = 10.000      CL =  1.3243
      Cm = -0.0542     CD =  0.01943   =>   CDf =  0.00759    CDp =  0.01184

 Side 1  free  transition at x/c =  0.0682   39
 Side 2 forced transition at x/c =  1.0000   69

   3   rms: 0.1086E-02   max: -.1436E-01   D at   40  1
       a = 10.000      CL =  1.3236
      Cm = -0.0541     CD =  0.01951   =>   CDf =  0.00754    CDp =  0.01197

 Side 1  free  transition at x/c =  0.0681   39
 Side 2 forced transition at x/c =  1.0000   69

   4   rms: 0.5177E-05   max: -.5813E-04   D at   40  1
       a = 10.000      CL =  1.3236
      Cm = -0.0541     CD =  0.01951   =>   CDf =  0.00754    CDp =  0.01197
      5.000    3.9319   0.019505   0.000000   0.000000   0.000000    0.0681     #

 Point added to stored polar  1
 Point written to save file  clarky_re430000_realistic_model_reverse.polar   
 Dump file unspecified or not available
 Calculating wake trajectory ...
 Calculating source influence matrix ...

 Solving BL system ...

 Side 1  free  transition at x/c =  0.0681   39
 Side 2 forced transition at x/c =  1.0000   69

   1   rms: 0.3982E-01   max: -.3577E+00   C at   39  1
       a =  9.750      CL =  1.3074
      Cm = -0.0556     CD =  0.01886   =>   CDf =  0.00784    CDp =  0.01102

 Side 1  free  transition at x/c =  0.0754   39
 Side 2 forced transition at x/c =  1.0000   70

   2   rms: 0.4106E-02   max: 0.5276E-01   C at   39  1
       a =  9.750      CL =  1.3079
      Cm = -0.0557     CD =  0.01887   =>   CDf =  0.00754    CDp =  0.01133

 Side 1  free  transition at x/c =  0.0747   39
 Side 2 forced transition at x/c =  1.0000   70

   3   rms: 0.6173E-03   max: 0.7484E-02   D at    4  2
       a =  9.750      CL =  1.3079
      Cm = -0.0557     CD =  0.01887   =>   CDf =  0.00755    CDp =  0.01133

 Side 1  free  transition at x/c =  0.0747   39
 Side 2 forced transition at x/c =  1.0000   70

   4   rms: 0.2712E-06   max: -.2046E-05   D at    4  2
       a =  9.750      CL =  1.3079
      Cm = -0.0557     CD =  0.01887   =>   CDf =  0.00755    CDp =  0.01133
      5.000    3.7406   0.018874   0.000000   0.000000   0.000000    0.0747     #

 Point added to stored polar  1
 Point written to save file  clarky_re430000_realistic_model_reverse.polar   
 Dump file unspecified or not available
 Calculating wake trajectory ...
 Calculating source influence matrix ...

 Solving BL system ...

 Side 1  free  transition at x/c =  0.0747   39
 Side 2 forced transition at x/c =  1.0000   70

   1   rms: 0.4001E-01   max: -.3564E+00   C at   39  1
       a =  9.500      CL =  1.2913
      Cm = -0.0572     CD =  0.01825   =>   CDf =  0.00754    CDp =  0.01071

 Side 1  free  transition at x/c =  0.0818   40
 Side 2 forced transition at x/c =  1.0000   70

   2   rms: 0.1237E-02   max: -.1474E-01   D at   41  1
       a =  9.500      CL =  1.2918
      Cm = -0.0574     CD =  0.01826   =>   CDf =  0.00754    CDp =  0.01072

 Side 1  free  transition at x/c =  0.0817   40
 Side 2 forced transition at x/c =  1.0000   70

   3   rms: 0.2437E-04   max: 0.4520E-03   C at   40  1
       a =  9.500      CL =  1.2918
      Cm = -0.0573     CD =  0.01826   =>   CDf =  0.00754    CDp =  0.01072
      5.000    3.5863   0.018261   0.000000   0.000000   0.000000    0.0817     #

 Point added to stored polar  1
 Point written to save file  clarky_re430000_realistic_model_reverse.polar   
 Dump file unspecified or not available
 Calculating wake trajectory ...
 Calculating source influence matrix ...

 Solving BL system ...

 Side 1  free  transition at x/c =  0.0817   40
 Side 2 forced transition at x/c =  1.0000   70

   1   rms: 0.4207E-01   max: -.4439E+00   C at   40  1
       a =  9.250      CL =  1.2755
      Cm = -0.0590     CD =  0.01763   =>   CDf =  0.00754    CDp =  0.01009

 Side 1  free  transition at x/c =  0.0884   41
 Side 2 forced transition at x/c =  1.0000   70

   2   rms: 0.5526E-02   max: -.1111E+00   C at   41  1
       a =  9.250      CL =  1.2758
      Cm = -0.0590     CD =  0.01764   =>   CDf =  0.00754    CDp =  0.01011

 Side 1  free  transition at x/c =  0.0897   41
 Side 2 forced transition at x/c =  1.0000   70

   3   rms: 0.7484E-04   max: -.8516E-03   C at   41  1
       a =  9.250      CL =  1.2758
      Cm = -0.0590     CD =  0.01765   =>   CDf =  0.00752    CDp =  0.01013
      5.000    3.4595   0.017651   0.000000   0.000000   0.000000    0.0897     #

 Point added to stored polar  1
 Point written to save file  clarky_re430000_realistic_model_reverse.polar   
 Dump file unspecified or not available
 Calculating wake trajectory ...
 Calculating source influence matrix ...

 Solving BL system ...

 Side 1  free  transition at x/c =  0.0897   41
 Side 2 forced transition at x/c =  1.0000   70

   1   rms: 0.4248E-01   max: -.4754E+00   C at   41  1
       a =  9.000      CL =  1.2588
      Cm = -0.0606     CD =  0.01705   =>   CDf =  0.00778    CDp =  0.00927

 Side 1  free  transition at x/c =  0.0962   41
 Side 2 forced transition at x/c =  1.0000   71

   2   rms: 0.7693E-02   max: -.1526E+00   C at   41  1
       a =  9.000      CL =  1.2591
      Cm = -0.0606     CD =  0.01706   =>   CDf =  0.00753    CDp =  0.00953

 Side 1  free  transition at x/c =  0.0982   41
 Side 2 forced transition at x/c =  1.0000   71

   3   rms: 0.5282E-03   max: 0.6500E-02   D at    4  2
       a =  9.000      CL =  1.2590
      Cm = -0.0606     CD =  0.01707   =>   CDf =  0.00750    CDp =  0.00957

 Side 1  free  transition at x/c =  0.0983   41
 Side 2 forced transition at x/c =  1.0000   71

   4   rms: 0.3733E-06   max: 0.1680E-05   C at   71  2
       a =  9.000      CL =  1.2590
      Cm = -0.0606     CD =  0.01707   =>   CDf =  0.00750    CDp =  0.00957
      5.000    3.3803   0.017071   0.000000   0.000000   0.000000    0.0983     #

 Point added to stored polar  1
 Point written to save file  clarky_re430000_realistic_model_reverse.polar   
 Dump file unspecified or not available
 Calculating wake trajectory ...
 Calculating source influence matrix ...

 Solving BL system ...

 Side 1  free  transition at x/c =  0.0983   41
 Side 2 forced transition at x/c =  1.0000   71

   1   rms: 0.4493E-01   max: -.5718E+00   C at   41  1   RLX: 0.874
       a =  8.750      CL =  1.2442
      Cm = -0.0620     CD =  0.01654   =>   CDf =  0.00750    CDp =  0.00904

 Side 1  free  transition at x/c =  0.1058   42
 Side 2 forced transition at x/c =  1.0000   71

   2   rms: 0.1087E-01   max: -.2056E+00   C at   42  1
       a =  8.750      CL =  1.2420
      Cm = -0.0622     CD =  0.01647   =>   CDf =  0.00748    CDp =  0.00899

 Side 1  free  transition at x/c =  0.1091   42
 Side 2 forced transition at x/c =  1.0000   71

   3   rms: 0.5642E-03   max: -.1259E-01   C at   42  1
       a =  8.750      CL =  1.2419
      Cm = -0.0622     CD =  0.01648   =>   CDf =  0.00746    CDp =  0.00902

 Side 1  free  transition at x/c =  0.1093   42
 Side 2 forced transition at x/c =  1.0000   71

   4   rms: 0.3949E-05   max: -.7388E-04   C at   42  1
       a =  8.750      CL =  1.2419
      Cm = -0.0622     CD =  0.01648   =>   CDf =  0.00746    CDp =  0.00902
      5.000    3.3364   0.016483   0.000000   0.000000   0.000000    0.1093     #

 Point added to stored polar  1
 Point written to save file  clarky_re430000_realistic_model_reverse.polar   
 Dump file unspecified or not available
 Calculating wake trajectory ...
 Calculating source influence matrix ...

 Solving BL system ...

 Side 1  free  transition at x/c =  0.1093   42
 Side 2 forced transition at x/c =  1.0000   71

   1   rms: 0.4940E-01   max: -.7347E+00   C at   42  1   RLX: 0.681
       a =  8.500      CL =  1.2295
      Cm = -0.0631     CD =  0.01607   =>   CDf =  0.00746    CDp =  0.00861

 Side 1  free  transition at x/c =  0.1188   43
 Side 2 forced transition at x/c =  1.0000   71

   2   rms: 0.1807E-01   max: -.3076E+00   C at   43  1
       a =  8.500      CL =  1.2242
      Cm = -0.0636     CD =  0.01584   =>   CDf =  0.00741    CDp =  0.00843

 Side 1  free  transition at x/c =  0.1241   44
 Side 2 forced transition at x/c =  1.0000   71

   3   rms: 0.2366E-02   max: -.4560E-01   C at   44  1
       a =  8.500      CL =  1.2243
      Cm = -0.0636     CD =  0.01585   =>   CDf =  0.00740    CDp =  0.00845

 Side 1  free  transition at x/c =  0.1249   44
 Side 2 forced transition at x/c =  1.0000   71

   4   rms: 0.4589E-04   max: 0.8838E-03   C at   44  1
       a =  8.500      CL =  1.2243
      Cm = -0.0636     CD =  0.01585   =>   CDf =  0.00739    CDp =  0.00846
      5.000    3.2806   0.015849   0.000000   0.000000   0.000000    0.1249     #

 Point added to stored polar  1
 Point written to save file  clarky_re430000_realistic_model_reverse.polar   
 Dump file unspecified or not available
 Calculating wake trajectory ...
 Calculating source influence matrix ...

 Solving BL system ...

 Side 1  free  transition at x/c =  0.1248   44
 Side 2 forced transition at x/c =  1.0000   71

   1   rms: 0.5675E-01   max: -.8448E+00   C at   44  1   RLX: 0.592
       a =  8.250      CL =  1.2148
      Cm = -0.0646     CD =  0.01537   =>   CDf =  0.00738    CDp =  0.00798

 Side 1  free  transition at x/c =  0.1343   44
 Side 2 forced transition at x/c =  1.0000   71

   2   rms: 0.2710E-01   max: -.5049E+00   C at   44  1   RLX: 0.990
       a =  8.250      CL =  1.2060
      Cm = -0.0650     CD =  0.01523   =>   CDf =  0.00734    CDp =  0.00789

 Side 1  free  transition at x/c =  0.1467   45
 Side 2 forced transition at x/c =  1.0000   71

   3   rms: 0.2903E-02   max: -.4594E-01   C at   45  1
       a =  8.250      CL =  1.2071
      Cm = -0.0651     CD =  0.01515   =>   CDf =  0.00727    CDp =  0.00788

 Side 1  free  transition at x/c =  0.1459   45
 Side 2 forced transition at x/c =  1.0000   71

   4   rms: 0.2352E-03   max: -.5166E-02   C at   45  1
       a =  8.250      CL =  1.2070
      Cm = -0.0651     CD =  0.01516   =>   CDf =  0.00727    CDp =  0.00789

 Side 1  free  transition at x/c =  0.1460   45
 Side 2 forced transition at x/c =  1.0000   71

   5   rms: 0.1070E-05   max: 0.1274E-04   C at   45  1
       a =  8.250      CL =  1.2070
      Cm = -0.0651     CD =  0.01516   =>   CDf =  0.00727    CDp =  0.00789
      5.000    3.2217   0.015158   0.000000   0.000000   0.000000    0.1460     #

 Point added to stored polar  1
 Point written to save file  clarky_re430000_realistic_model_reverse.polar   
 Dump file unspecified or not available
 Calculating wake trajectory ...
 Calculating source influence matrix ...

 Solving BL system ...

 Side 1  free  transition at x/c =  0.1460   45
 Side 2 forced transition at x/c =  1.0000   71

   1   rms: 0.5889E-01   max: -.1043E+01   C at   45  1   RLX: 0.480
       a =  8.000      CL =  1.1980
      Cm = -0.0657     CD =  0.01486   =>   CDf =  0.00746    CDp =  0.00740

 Side 1  free  transition at x/c =  0.1578   45
 Side 2 forced transition at x/c =  1.0000   72

   2   rms: 0.3728E-01   max: -.5106E+00   C at   45  1   RLX: 0.979
       a =  8.000      CL =  1.1891
      Cm = -0.0665     CD =  0.01451   =>   CDf =  0.00720    CDp =  0.00730

 Side 1  free  transition at x/c =  0.1697   46
 Side 2 forced transition at x/c =  1.0000   72

   3   rms: 0.2047E-02   max: -.2088E-01   D at    4  2
       a =  8.000      CL =  1.1893
      Cm = -0.0666     CD =  0.01448   =>   CDf =  0.00713    CDp =  0.00735

 Side 1  free  transition at x/c =  0.1694   46
 Side 2 forced transition at x/c =  1.0000   72

   4   rms: 0.2778E-04   max: -.5603E-03   C at   46  1
       a =  8.000      CL =  1.1893
      Cm = -0.0666     CD =  0.01449   =>   CDf =  0.00714    CDp =  0.00735
      5.000    3.1627   0.014485   0.000000   0.000000   0.000000    0.1694     #

 Point added to stored polar  1
 Point written to save file  clarky_re430000_realistic_model_reverse.polar   
 Dump file unspecified or not available
 Calculating wake trajectory ...
 Calculating source influence matrix ...

 Solving BL system ...

 Side 1  free  transition at x/c =  0.1694   46
 Side 2 forced transition at x/c =  1.0000   72

   1   rms: 0.6230E-01   max: -.1126E+01   C at   46  1   RLX: 0.444
       a =  7.750      CL =  1.1811
      Cm = -0.0672     CD =  0.01419   =>   CDf =  0.00714    CDp =  0.00706

 Side 1  free  transition at x/c =  0.1807   47
 Side 2 forced transition at x/c =  1.0000   72

   2   rms: 0.3499E-01   max: -.6174E+00   C at   47  1   RLX: 0.810
       a =  7.750      CL =  1.1728
      Cm = -0.0678     CD =  0.01390   =>   CDf =  0.00707    CDp =  0.00683

 Side 1  free  transition at x/c =  0.1905   47
 Side 2 forced transition at x/c =  1.0000   72

   3   rms: 0.1070E-01   max: -.2257E+00   C at   47  1
       a =  7.750      CL =  1.1700
      Cm = -0.0678     CD =  0.01391   =>   CDf =  0.00704    CDp =  0.00687

 Side 1  free  transition at x/c =  0.1977   48
 Side 2 forced transition at x/c =  1.0000   72

   4   rms: 0.2888E-02   max: 0.6256E-01   C at   48  1
       a =  7.750      CL =  1.1706
      Cm = -0.0679     CD =  0.01387   =>   CDf =  0.00697    CDp =  0.00689

 Side 1  free  transition at x/c =  0.1961   48
 Side 2 forced transition at x/c =  1.0000   72

   5   rms: 0.7865E-04   max: -.1646E-02   C at   48  1
       a =  7.750      CL =  1.1706
      Cm = -0.0679     CD =  0.01387   =>   CDf =  0.00699    CDp =  0.00688
      5.000    3.1072   0.013869   0.000000   0.000000   0.000000    0.1961     #

 Point added to stored polar  1
 Point written to save file  clarky_re430000_realistic_model_reverse.polar   
 Dump file unspecified or not available
 Calculating wake trajectory ...
 Calculating source influence matrix ...

 Solving BL system ...

 Side 1  free  transition at x/c =  0.1961   48
 Side 2 forced transition at x/c =  1.0000   72

   1   rms: 0.5878E-01   max: -.9791E+00   C at   48  1   RLX: 0.511
       a =  7.500      CL =  1.1607
      Cm = -0.0685     CD =  0.01356   =>   CDf =  0.00699    CDp =  0.00658

 Side 1  free  transition at x/c =  0.2065   49
 Side 2 forced transition at x/c =  1.0000   72

   2   rms: 0.3038E-01   max: -.4120E+00   C at   49  1
       a =  7.500      CL =  1.1511
      Cm = -0.0691     CD =  0.01329   =>   CDf =  0.00695    CDp =  0.00634

 Side 1  free  transition at x/c =  0.2196   49
 Side 2 forced transition at x/c =  1.0000   72

   3   rms: 0.3827E-02   max: -.8348E-01   C at   49  1
       a =  7.500      CL =  1.1500
      Cm = -0.0689     CD =  0.01339   =>   CDf =  0.00688    CDp =  0.00651

 Side 1  free  transition at x/c =  0.2218   49
 Side 2 forced transition at x/c =  1.0000   72

   4   rms: 0.9013E-04   max: -.2015E-02   C at   49  1
       a =  7.500      CL =  1.1499
      Cm = -0.0689     CD =  0.01339   =>   CDf =  0.00687    CDp =  0.00652
      5.000    3.0550   0.013391   0.000000   0.000000   0.000000    0.2218     #

 Point added to stored polar  1
 Point written to save file  clarky_re430000_realistic_model_reverse.polar   
 Dump file unspecified or not available
 Calculating wake trajectory ...
 Calculating source influence matrix ...

 Solving BL system ...

 Side 1  free  transition at x/c =  0.2218   49
 Side 2 forced transition at x/c =  1.0000   72

   1   rms: 0.4361E-01   max: -.4347E+00   C at   49  1
       a =  7.250      CL =  1.1268
      Cm = -0.0696     CD =  0.01307   =>   CDf =  0.00703    CDp =  0.00603

 Side 1  free  transition at x/c =  0.2507   50
 Side 2 forced transition at x/c =  1.0000   73

   2   rms: 0.1189E-01   max: -.1590E+00   D at   50  1
       a =  7.250      CL =  1.1298
      Cm = -0.0700     CD =  0.01287   =>   CDf =  0.00676    CDp =  0.00612

 Side 1  free  transition at x/c =  0.2402   50
 Side 2 forced transition at x/c =  1.0000   73

   3   rms: 0.3606E-02   max: 0.5267E-01   D at   51  1
       a =  7.250      CL =  1.1281
      Cm = -0.0698     CD =  0.01300   =>   CDf =  0.00681    CDp =  0.00618

 Side 1  free  transition at x/c =  0.2415   50
 Side 2 forced transition at x/c =  1.0000   73

   4   rms: 0.1039E-03   max: -.2091E-02   D at   51  1
       a =  7.250      CL =  1.1280
      Cm = -0.0698     CD =  0.01300   =>   CDf =  0.00680    CDp =  0.00620

 Side 1  free  transition at x/c =  0.2414   50
 Side 2 forced transition at x/c =  1.0000   73

   5   rms: 0.2256E-06   max: -.1864E-05   D at   51  1
       a =  7.250      CL =  1.1280
      Cm = -0.0698     CD =  0.01300   =>   CDf =  0.00680    CDp =  0.00620
      5.000    3.2133   0.012998   0.000000   0.000000   0.000000    0.2414     #

 Point added to stored polar  1
 Point written to save file  clarky_re430000_realistic_model_reverse.polar   
 Dump file unspecified or not available
 Calculating wake trajectory ...
 Calculating source influence matrix ...

 Solving BL system ...

 Side 1  free  transition at x/c =  0.2414   50
 Side 2 forced transition at x/c =  1.0000   73

   1   rms: 0.4611E-01   max: -.3906E+00   C at   50  1
       a =  7.000      CL =  1.1067
      Cm = -0.0707     CD =  0.01255   =>   CDf =  0.00680    CDp =  0.00575

 Side 1  free  transition at x/c =  0.2517   50
 Side 2 forced transition at x/c =  1.0000   73

   2   rms: 0.8709E-02   max: -.1635E+00   C at   50  1
       a =  7.000      CL =  1.1046
      Cm = -0.0704     CD =  0.01270   =>   CDf =  0.00680    CDp =  0.00590

 Side 1  free  transition at x/c =  0.2561   50
 Side 2 forced transition at x/c =  1.0000   73

   3   rms: 0.2732E-03   max: -.3414E-02   D at   52  1
       a =  7.000      CL =  1.1046
      Cm = -0.0705     CD =  0.01270   =>   CDf =  0.00677    CDp =  0.00593

 Side 1  free  transition at x/c =  0.2559   50
 Side 2 forced transition at x/c =  1.0000   73

   4   rms: 0.1147E-05   max: -.2154E-04   C at   50  1
       a =  7.000      CL =  1.1046
      Cm = -0.0705     CD =  0.01270   =>   CDf =  0.00677    CDp =  0.00593
      5.000    3.3396   0.012702   0.000000   0.000000   0.000000    0.2559     #

 Point added to stored polar  1
 Point written to save file  clarky_re430000_realistic_model_reverse.polar   
 Dump file unspecified or not available
 Calculating wake trajectory ...
 Calculating source influence matrix ...

 Solving BL system ...

 Side 1  free  transition at x/c =  0.2559   50
 Side 2 forced transition at x/c =  1.0000   73

   1   rms: 0.3967E-01   max: 0.5610E-01   C at   73  2
       a =  6.750      CL =  1.0795
      Cm = -0.0709     CD =  0.01250   =>   CDf =  0.00677    CDp =  0.00573

 Side 1  free  transition at x/c =  0.2692   51
 Side 2 forced transition at x/c =  1.0000   73

   2   rms: 0.6349E-02   max: -.9561E-01   D at   51  1
       a =  6.750      CL =  1.0817
      Cm = -0.0712     CD =  0.01237   =>   CDf =  0.00674    CDp =  0.00563

 Side 1  free  transition at x/c =  0.2666   51
 Side 2 forced transition at x/c =  1.0000   73

   3   rms: 0.3757E-03   max: 0.3893E-02   D at   52  1
       a =  6.750      CL =  1.0814
      Cm = -0.0712     CD =  0.01239   =>   CDf =  0.00673    CDp =  0.00566

 Side 1  free  transition at x/c =  0.2666   51
 Side 2 forced transition at x/c =  1.0000   73

   4   rms: 0.8329E-06   max: 0.1346E-04   C at   51  1
       a =  6.750      CL =  1.0814
      Cm = -0.0712     CD =  0.01239   =>   CDf =  0.00673    CDp =  0.00566
      5.000    3.4738   0.012394   0.000000   0.000000   0.000000    0.2666     #

 Point added to stored polar  1
 Point written to save file  clarky_re430000_realistic_model_reverse.polar   
 Dump file unspecified or not available
 Calculating wake trajectory ...
 Calculating source influence matrix ...

 Solving BL system ...

 Side 1  free  transition at x/c =  0.2666   51
 Side 2 forced transition at x/c =  1.0000   73

   1   rms: 0.4000E-01   max: -.1636E+00   C at   51  1
       a =  6.500      CL =  1.0570
      Cm = -0.0717     CD =  0.01215   =>   CDf =  0.00687    CDp =  0.00527

 Side 1  free  transition at x/c =  0.2727   50
 Side 2 forced transition at x/c =  1.0000   74

   2   rms: 0.3829E-02   max: -.7023E-01   C at   50  1
       a =  6.500      CL =  1.0564
      Cm = -0.0716     CD =  0.01219   =>   CDf =  0.00678    CDp =  0.00541

 Side 1  free  transition at x/c =  0.2742   51
 Side 2 forced transition at x/c =  1.0000   74

   3   rms: 0.5209E-03   max: -.4655E-02   D at   52  1
       a =  6.500      CL =  1.0564
      Cm = -0.0716     CD =  0.01219   =>   CDf =  0.00677    CDp =  0.00542

 Side 1  free  transition at x/c =  0.2741   51
 Side 2 forced transition at x/c =  1.0000   74

   4   rms: 0.4253E-05   max: -.3851E-04   D at   52  1
       a =  6.500      CL =  1.0564
      Cm = -0.0716     CD =  0.01219   =>   CDf =  0.00677    CDp =  0.00542
      5.000    3.5101   0.012193   0.000000   0.000000   0.000000    0.2741     #

 Point added to stored polar  1
 Point written to save file  clarky_re430000_realistic_model_reverse.polar   
 Dump file unspecified or not available
 Calculating wake trajectory ...
 Calculating source influence matrix ...

 Solving BL system ...

 Side 1  free  transition at x/c =  0.2741   51
 Side 2 forced transition at x/c =  1.0000   74

   1   rms: 0.4022E-01   max: 0.6950E-01   C at   74  2
       a =  6.250      CL =  1.0330
      Cm = -0.0723     CD =  0.01187   =>   CDf =  0.00677    CDp =  0.00510

 Side 1  free  transition at x/c =  0.2815   51
 Side 2 forced transition at x/c =  1.0000   74

   2   rms: 0.6110E-03   max: -.6816E-02   C at   51  1
       a =  6.250      CL =  1.0327
      Cm = -0.0723     CD =  0.01191   =>   CDf =  0.00675    CDp =  0.00516

 Side 1  free  transition at x/c =  0.2817   51
 Side 2 forced transition at x/c =  1.0000   74

   3   rms: 0.3730E-05   max: -.1494E-04   D at   88  1
       a =  6.250      CL =  1.0327
      Cm = -0.0723     CD =  0.01191   =>   CDf =  0.00675    CDp =  0.00516
      5.000    3.5934   0.011908   0.000000   0.000000   0.000000    0.2817     #

 Point added to stored polar  1
 Point written to save file  clarky_re430000_realistic_model_reverse.polar   
 Dump file unspecified or not available
 Calculating wake trajectory ...
 Calculating source influence matrix ...

 Solving BL system ...

 Side 1  free  transition at x/c =  0.2817   51
 Side 2 forced transition at x/c =  1.0000   74

   1   rms: 0.4002E-01   max: 0.6456E-01   C at   74  2
       a =  6.000      CL =  1.0083
      Cm = -0.0728     CD =  0.01166   =>   CDf =  0.00674    CDp =  0.00491

 Side 1  free  transition at x/c =  0.2881   51
 Side 2 forced transition at x/c =  1.0000   74

   2   rms: 0.2394E-02   max: -.4655E-01   C at   51  1
       a =  6.000      CL =  1.0078
      Cm = -0.0728     CD =  0.01170   =>   CDf =  0.00676    CDp =  0.00493

 Side 1  free  transition at x/c =  0.2890   51
 Side 2 forced transition at x/c =  1.0000   74

   3   rms: 0.2743E-04   max: -.4833E-03   D at   52  1
       a =  6.000      CL =  1.0078
      Cm = -0.0728     CD =  0.01170   =>   CDf =  0.00676    CDp =  0.00494
      5.000    3.6319   0.011696   0.000000   0.000000   0.000000    0.2890     #

 Point added to stored polar  1
 Point written to save file  clarky_re430000_realistic_model_reverse.polar   
 Dump file unspecified or not available
 Calculating wake trajectory ...
 Calculating source influence matrix ...

 Solving BL system ...

 Side 1  free  transition at x/c =  0.2890   51
 Side 2 forced transition at x/c =  1.0000   74

   1   rms: 0.3940E-01   max: 0.6019E-01   C at   74  2
       a =  5.750      CL =  0.9825
      Cm = -0.0732     CD =  0.01151   =>   CDf =  0.00688    CDp =  0.00463

 Side 1  free  transition at x/c =  0.2949   51
 Side 2 forced transition at x/c =  1.0000   75

   2   rms: 0.2000E-02   max: -.1986E-01   C at   51  1
       a =  5.750      CL =  0.9832
      Cm = -0.0733     CD =  0.01147   =>   CDf =  0.00677    CDp =  0.00470

 Side 1  free  transition at x/c =  0.2954   51
 Side 2 forced transition at x/c =  1.0000   75

   3   rms: 0.4422E-03   max: 0.5230E-02   D at    4  2
       a =  5.750      CL =  0.9832
      Cm = -0.0733     CD =  0.01147   =>   CDf =  0.00676    CDp =  0.00471

 Side 1  free  transition at x/c =  0.2953   51
 Side 2 forced transition at x/c =  1.0000   75

   4   rms: 0.1507E-06   max: -.1466E-05   D at    9  2
       a =  5.750      CL =  0.9832
      Cm = -0.0733     CD =  0.01147   =>   CDf =  0.00676    CDp =  0.00471
      5.000    3.6374   0.011469   0.000000   0.000000   0.000000    0.2953     #

 Point added to stored polar  1
 Point written to save file  clarky_re430000_realistic_model_reverse.polar   
 Dump file unspecified or not available
 Calculating wake trajectory ...
 Calculating source influence matrix ...

 Solving BL system ...

 Side 1  free  transition at x/c =  0.2953   51
 Side 2 forced transition at x/c =  1.0000   75

   1   rms: 0.4037E-01   max: 0.7027E-01   C at   75  2
       a =  5.500      CL =  0.9592
      Cm = -0.0739     CD =  0.01119   =>   CDf =  0.00676    CDp =  0.00443

 Side 1  free  transition at x/c =  0.3020   51
 Side 2 forced transition at x/c =  1.0000   75

   2   rms: 0.1658E-02   max: -.3007E-01   C at   51  1
       a =  5.500      CL =  0.9588
      Cm = -0.0738     CD =  0.01123   =>   CDf =  0.00675    CDp =  0.00448

 Side 1  free  transition at x/c =  0.3026   51
 Side 2 forced transition at x/c =  1.0000   75

   3   rms: 0.1080E-04   max: -.2083E-03   D at   52  1
       a =  5.500      CL =  0.9588
      Cm = -0.0738     CD =  0.01123   =>   CDf =  0.00674    CDp =  0.00449
      5.000    3.6558   0.011227   0.000000   0.000000   0.000000    0.3026     #

 Point added to stored polar  1
 Point written to save file  clarky_re430000_realistic_model_reverse.polar   
 Dump file unspecified or not available
 Calculating wake trajectory ...
 Calculating source influence matrix ...

 Solving BL system ...

 Side 1  free  transition at x/c =  0.3026   51
 Side 2 forced transition at x/c =  1.0000   75

   1   rms: 0.4000E-01   max: 0.6607E-01   C at   75  2
       a =  5.250      CL =  0.9339
      Cm = -0.0743     CD =  0.01101   =>   CDf =  0.00674    CDp =  0.00427

 Side 1  free  transition at x/c =  0.3102   51
 Side 2 forced transition at x/c =  1.0000   75

   2   rms: 0.9471E-03   max: -.1886E-01   C at   51  1
       a =  5.250      CL =  0.9336
      Cm = -0.0743     CD =  0.01104   =>   CDf =  0.00675    CDp =  0.00429

 Side 1  free  transition at x/c =  0.3096   51
 Side 2 forced transition at x/c =  1.0000   75

   3   rms: 0.5092E-02   max: -.1062E+00   C at   51  1
       a =  5.250      CL =  0.9335
      Cm = -0.0743     CD =  0.01104   =>   CDf =  0.00676    CDp =  0.00428

 Side 1  free  transition at x/c =  0.3097   51
 Side 2 forced transition at x/c =  1.0000   75

   4   rms: 0.4984E-02   max: -.1042E+00   C at   51  1
       a =  5.250      CL =  0.9335
      Cm = -0.0743     CD =  0.01104   =>   CDf =  0.00676    CDp =  0.00428

 Side 1  free  transition at x/c =  0.3097   51
 Side 2 forced transition at x/c =  1.0000   75

   5   rms: 0.4993E-02   max: -.1044E+00   C at   51  1
       a =  5.250      CL =  0.9335
      Cm = -0.0743     CD =  0.01104   =>   CDf =  0.00676    CDp =  0.00428

 Side 1  free  transition at x/c =  0.3097   51
 Side 2 forced transition at x/c =  1.0000   75

   6   rms: 0.4993E-02   max: -.1044E+00   C at   51  1
       a =  5.250      CL =  0.9335
      Cm = -0.0743     CD =  0.01104   =>   CDf =  0.00676    CDp =  0.00428

 Side 1  free  transition at x/c =  0.3097   51
 Side 2 forced transition at x/c =  1.0000   75

   7   rms: 0.4993E-02   max: -.1044E+00   C at   51  1
       a =  5.250      CL =  0.9335
      Cm = -0.0743     CD =  0.01104   =>   CDf =  0.00676    CDp =  0.00428

 Side 1  free  transition at x/c =  0.3097   51
 Side 2 forced transition at x/c =  1.0000   75

   8   rms: 0.4993E-02   max: -.1044E+00   C at   51  1
       a =  5.250      CL =  0.9335
      Cm = -0.0743     CD =  0.01104   =>   CDf =  0.00676    CDp =  0.00428

 Side 1  free  transition at x/c =  0.3097   51
 Side 2 forced transition at x/c =  1.0000   75

   9   rms: 0.4993E-02   max: -.1044E+00   C at   51  1
       a =  5.250      CL =  0.9335
      Cm = -0.0743     CD =  0.01104   =>   CDf =  0.00676    CDp =  0.00428

 Side 1  free  transition at x/c =  0.3097   51
 Side 2 forced transition at x/c =  1.0000   75

  10   rms: 0.4993E-02   max: -.1044E+00   C at   51  1
       a =  5.250      CL =  0.9335
      Cm = -0.0743     CD =  0.01104   =>   CDf =  0.00676    CDp =  0.00428

 Side 1  free  transition at x/c =  0.3097   51
 Side 2 forced transition at x/c =  1.0000   75

  11   rms: 0.4993E-02   max: -.1044E+00   C at   51  1
       a =  5.250      CL =  0.9335
      Cm = -0.0743     CD =  0.01104   =>   CDf =  0.00676    CDp =  0.00428

 Side 1  free  transition at x/c =  0.3097   51
 Side 2 forced transition at x/c =  1.0000   75

  12   rms: 0.4993E-02   max: -.1044E+00   C at   51  1
       a =  5.250      CL =  0.9335
      Cm = -0.0743     CD =  0.01104   =>   CDf =  0.00676    CDp =  0.00428

 Side 1  free  transition at x/c =  0.3097   51
 Side 2 forced transition at x/c =  1.0000   75

  13   rms: 0.4993E-02   max: -.1044E+00   C at   51  1
       a =  5.250      CL =  0.9335
      Cm = -0.0743     CD =  0.01104   =>   CDf =  0.00676    CDp =  0.00428

 Side 1  free  transition at x/c =  0.3097   51
 Side 2 forced transition at x/c =  1.0000   75

  14   rms: 0.4993E-02   max: -.1044E+00   C at   51  1
       a =  5.250      CL =  0.9335
      Cm = -0.0743     CD =  0.01104   =>   CDf =  0.00676    CDp =  0.00428

 Side 1  free  transition at x/c =  0.3097   51
 Side 2 forced transition at x/c =  1.0000   75

  15   rms: 0.4993E-02   max: -.1044E+00   C at   51  1
       a =  5.250      CL =  0.9335
      Cm = -0.0743     CD =  0.01104   =>   CDf =  0.00676    CDp =  0.00428

 Side 1  free  transition at x/c =  0.3097   51
 Side 2 forced transition at x/c =  1.0000   75

  16   rms: 0.4993E-02   max: -.1044E+00   C at   51  1
       a =  5.250      CL =  0.9335
      Cm = -0.0743     CD =  0.01104   =>   CDf =  0.00676    CDp =  0.00428

 Side 1  free  transition at x/c =  0.3097   51
 Side 2 forced transition at x/c =  1.0000   75

  17   rms: 0.4993E-02   max: -.1044E+00   C at   51  1
       a =  5.250      CL =  0.9335
      Cm = -0.0743     CD =  0.01104   =>   CDf =  0.00676    CDp =  0.00428

 Side 1  free  transition at x/c =  0.3097   51
 Side 2 forced transition at x/c =  1.0000   75

  18   rms: 0.4993E-02   max: -.1044E+00   C at   51  1
       a =  5.250      CL =  0.9335
      Cm = -0.0743     CD =  0.01104   =>   CDf =  0.00676    CDp =  0.00428

 Side 1  free  transition at x/c =  0.3097   51
 Side 2 forced transition at x/c =  1.0000   75

  19   rms: 0.4993E-02   max: -.1044E+00   C at   51  1
       a =  5.250      CL =  0.9335
      Cm = -0.0743     CD =  0.01104   =>   CDf =  0.00676    CDp =  0.00428

 Side 1  free  transition at x/c =  0.3097   51
 Side 2 forced transition at x/c =  1.0000   75

  20   rms: 0.4993E-02   max: -.1044E+00   C at   51  1
       a =  5.250      CL =  0.9335
      Cm = -0.0743     CD =  0.01104   =>   CDf =  0.00676    CDp =  0.00428

 Side 1  free  transition at x/c =  0.3097   51
 Side 2 forced transition at x/c =  1.0000   75

  21   rms: 0.4993E-02   max: -.1044E+00   C at   51  1
       a =  5.250      CL =  0.9335
      Cm = -0.0743     CD =  0.01104   =>   CDf =  0.00676    CDp =  0.00428

 Side 1  free  transition at x/c =  0.3097   51
 Side 2 forced transition at x/c =  1.0000   75

  22   rms: 0.4993E-02   max: -.1044E+00   C at   51  1
       a =  5.250      CL =  0.9335
      Cm = -0.0743     CD =  0.01104   =>   CDf =  0.00676    CDp =  0.00428

 Side 1  free  transition at x/c =  0.3097   51
 Side 2 forced transition at x/c =  1.0000   75

  23   rms: 0.4993E-02   max: -.1044E+00   C at   51  1
       a =  5.250      CL =  0.9335
      Cm = -0.0743     CD =  0.01104   =>   CDf =  0.00676    CDp =  0.00428

 Side 1  free  transition at x/c =  0.3097   51
 Side 2 forced transition at x/c =  1.0000   75

  24   rms: 0.4993E-02   max: -.1044E+00   C at   51  1
       a =  5.250      CL =  0.9335
      Cm = -0.0743     CD =  0.01104   =>   CDf =  0.00676    CDp =  0.00428

 Side 1  free  transition at x/c =  0.3097   51
 Side 2 forced transition at x/c =  1.0000   75

  25   rms: 0.4993E-02   max: -.1044E+00   C at   51  1
       a =  5.250      CL =  0.9335
      Cm = -0.0743     CD =  0.01104   =>   CDf =  0.00676    CDp =  0.00428

 Side 1  free  transition at x/c =  0.3097   51
 Side 2 forced transition at x/c =  1.0000   75

  26   rms: 0.4993E-02   max: -.1044E+00   C at   51  1
       a =  5.250      CL =  0.9335
      Cm = -0.0743     CD =  0.01104   =>   CDf =  0.00676    CDp =  0.00428

 Side 1  free  transition at x/c =  0.3097   51
 Side 2 forced transition at x/c =  1.0000   75

  27   rms: 0.4993E-02   max: -.1044E+00   C at   51  1
       a =  5.250      CL =  0.9335
      Cm = -0.0743     CD =  0.01104   =>   CDf =  0.00676    CDp =  0.00428

 Side 1  free  transition at x/c =  0.3097   51
 Side 2 forced transition at x/c =  1.0000   75

  28   rms: 0.4993E-02   max: -.1044E+00   C at   51  1
       a =  5.250      CL =  0.9335
      Cm = -0.0743     CD =  0.01104   =>   CDf =  0.00676    CDp =  0.00428

 Side 1  free  transition at x/c =  0.3097   51
 Side 2 forced transition at x/c =  1.0000   75

  29   rms: 0.4993E-02   max: -.1044E+00   C at   51  1
       a =  5.250      CL =  0.9335
      Cm = -0.0743     CD =  0.01104   =>   CDf =  0.00676    CDp =  0.00428

 Side 1  free  transition at x/c =  0.3097   51
 Side 2 forced transition at x/c =  1.0000   75

  30   rms: 0.4993E-02   max: -.1044E+00   C at   51  1
       a =  5.250      CL =  0.9335
      Cm = -0.0743     CD =  0.01104   =>   CDf =  0.00676    CDp =  0.00428

 Side 1  free  transition at x/c =  0.3097   51
 Side 2 forced transition at x/c =  1.0000   75

  31   rms: 0.4993E-02   max: -.1044E+00   C at   51  1
       a =  5.250      CL =  0.9335
      Cm = -0.0743     CD =  0.01104   =>   CDf =  0.00676    CDp =  0.00428

 Side 1  free  transition at x/c =  0.3097   51
 Side 2 forced transition at x/c =  1.0000   75

  32   rms: 0.4993E-02   max: -.1044E+00   C at   51  1
       a =  5.250      CL =  0.9335
      Cm = -0.0743     CD =  0.01104   =>   CDf =  0.00676    CDp =  0.00428

 Side 1  free  transition at x/c =  0.3097   51
 Side 2 forced transition at x/c =  1.0000   75

  33   rms: 0.4993E-02   max: -.1044E+00   C at   51  1
       a =  5.250      CL =  0.9335
      Cm = -0.0743     CD =  0.01104   =>   CDf =  0.00676    CDp =  0.00428

 Side 1  free  transition at x/c =  0.3097   51
 Side 2 forced transition at x/c =  1.0000   75

  34   rms: 0.4993E-02   max: -.1044E+00   C at   51  1
       a =  5.250      CL =  0.9335
      Cm = -0.0743     CD =  0.01104   =>   CDf =  0.00676    CDp =  0.00428

 Side 1  free  transition at x/c =  0.3097   51
 Side 2 forced transition at x/c =  1.0000   75

  35   rms: 0.4993E-02   max: -.1044E+00   C at   51  1
       a =  5.250      CL =  0.9335
      Cm = -0.0743     CD =  0.01104   =>   CDf =  0.00676    CDp =  0.00428

 Side 1  free  transition at x/c =  0.3097   51
 Side 2 forced transition at x/c =  1.0000   75

  36   rms: 0.4993E-02   max: -.1044E+00   C at   51  1
       a =  5.250      CL =  0.9335
      Cm = -0.0743     CD =  0.01104   =>   CDf =  0.00676    CDp =  0.00428

 Side 1  free  transition at x/c =  0.3097   51
 Side 2 forced transition at x/c =  1.0000   75

  37   rms: 0.4993E-02   max: -.1044E+00   C at   51  1
       a =  5.250      CL =  0.9335
      Cm = -0.0743     CD =  0.01104   =>   CDf =  0.00676    CDp =  0.00428

 Side 1  free  transition at x/c =  0.3097   51
 Side 2 forced transition at x/c =  1.0000   75

  38   rms: 0.4993E-02   max: -.1044E+00   C at   51  1
       a =  5.250      CL =  0.9335
      Cm = -0.0743     CD =  0.01104   =>   CDf =  0.00676    CDp =  0.00428

 Side 1  free  transition at x/c =  0.3097   51
 Side 2 forced transition at x/c =  1.0000   75

  39   rms: 0.4993E-02   max: -.1044E+00   C at   51  1
       a =  5.250      CL =  0.9335
      Cm = -0.0743     CD =  0.01104   =>   CDf =  0.00676    CDp =  0.00428

 Side 1  free  transition at x/c =  0.3097   51
 Side 2 forced transition at x/c =  1.0000   75

  40   rms: 0.4993E-02   max: -.1044E+00   C at   51  1
       a =  5.250      CL =  0.9335
      Cm = -0.0743     CD =  0.01104   =>   CDf =  0.00676    CDp =  0.00428

 Side 1  free  transition at x/c =  0.3097   51
 Side 2 forced transition at x/c =  1.0000   75

  41   rms: 0.4993E-02   max: -.1044E+00   C at   51  1
       a =  5.250      CL =  0.9335
      Cm = -0.0743     CD =  0.01104   =>   CDf =  0.00676    CDp =  0.00428

 Side 1  free  transition at x/c =  0.3097   51
 Side 2 forced transition at x/c =  1.0000   75

  42   rms: 0.4993E-02   max: -.1044E+00   C at   51  1
       a =  5.250      CL =  0.9335
      Cm = -0.0743     CD =  0.01104   =>   CDf =  0.00676    CDp =  0.00428

 Side 1  free  transition at x/c =  0.3097   51
 Side 2 forced transition at x/c =  1.0000   75

  43   rms: 0.4993E-02   max: -.1044E+00   C at   51  1
       a =  5.250      CL =  0.9335
      Cm = -0.0743     CD =  0.01104   =>   CDf =  0.00676    CDp =  0.00428

 Side 1  free  transition at x/c =  0.3097   51
 Side 2 forced transition at x/c =  1.0000   75

  44   rms: 0.4993E-02   max: -.1044E+00   C at   51  1
       a =  5.250      CL =  0.9335
      Cm = -0.0743     CD =  0.01104   =>   CDf =  0.00676    CDp =  0.00428

 Side 1  free  transition at x/c =  0.3097   51
 Side 2 forced transition at x/c =  1.0000   75

  45   rms: 0.4993E-02   max: -.1044E+00   C at   51  1
       a =  5.250      CL =  0.9335
      Cm = -0.0743     CD =  0.01104   =>   CDf =  0.00676    CDp =  0.00428

 Side 1  free  transition at x/c =  0.3097   51
 Side 2 forced transition at x/c =  1.0000   75

  46   rms: 0.4993E-02   max: -.1044E+00   C at   51  1
       a =  5.250      CL =  0.9335
      Cm = -0.0743     CD =  0.01104   =>   CDf =  0.00676    CDp =  0.00428

 Side 1  free  transition at x/c =  0.3097   51
 Side 2 forced transition at x/c =  1.0000   75

  47   rms: 0.4993E-02   max: -.1044E+00   C at   51  1
       a =  5.250      CL =  0.9335
      Cm = -0.0743     CD =  0.01104   =>   CDf =  0.00676    CDp =  0.00428

 Side 1  free  transition at x/c =  0.3097   51
 Side 2 forced transition at x/c =  1.0000   75

  48   rms: 0.4993E-02   max: -.1044E+00   C at   51  1
       a =  5.250      CL =  0.9335
      Cm = -0.0743     CD =  0.01104   =>   CDf =  0.00676    CDp =  0.00428

 Side 1  free  transition at x/c =  0.3097   51
 Side 2 forced transition at x/c =  1.0000   75

  49   rms: 0.4993E-02   max: -.1044E+00   C at   51  1
       a =  5.250      CL =  0.9335
      Cm = -0.0743     CD =  0.01104   =>   CDf =  0.00676    CDp =  0.00428

 Side 1  free  transition at x/c =  0.3097   51
 Side 2 forced transition at x/c =  1.0000   75

  50   rms: 0.4993E-02   max: -.1044E+00   C at   51  1
       a =  5.250      CL =  0.9335
      Cm = -0.0743     CD =  0.01104   =>   CDf =  0.00676    CDp =  0.00428

 Side 1  free  transition at x/c =  0.3097   51
 Side 2 forced transition at x/c =  1.0000   75

  51   rms: 0.4993E-02   max: -.1044E+00   C at   51  1
       a =  5.250      CL =  0.9335
      Cm = -0.0743     CD =  0.01104   =>   CDf =  0.00676    CDp =  0.00428

 Side 1  free  transition at x/c =  0.3097   51
 Side 2 forced transition at x/c =  1.0000   75

  52   rms: 0.4993E-02   max: -.1044E+00   C at   51  1
       a =  5.250      CL =  0.9335
      Cm = -0.0743     CD =  0.01104   =>   CDf =  0.00676    CDp =  0.00428

 Side 1  free  transition at x/c =  0.3097   51
 Side 2 forced transition at x/c =  1.0000   75

  53   rms: 0.4993E-02   max: -.1044E+00   C at   51  1
       a =  5.250      CL =  0.9335
      Cm = -0.0743     CD =  0.01104   =>   CDf =  0.00676    CDp =  0.00428

 Side 1  free  transition at x/c =  0.3097   51
 Side 2 forced transition at x/c =  1.0000   75

  54   rms: 0.4993E-02   max: -.1044E+00   C at   51  1
       a =  5.250      CL =  0.9335
      Cm = -0.0743     CD =  0.01104   =>   CDf =  0.00676    CDp =  0.00428

 Side 1  free  transition at x/c =  0.3097   51
 Side 2 forced transition at x/c =  1.0000   75

  55   rms: 0.4993E-02   max: -.1044E+00   C at   51  1
       a =  5.250      CL =  0.9335
      Cm = -0.0743     CD =  0.01104   =>   CDf =  0.00676    CDp =  0.00428

 Side 1  free  transition at x/c =  0.3097   51
 Side 2 forced transition at x/c =  1.0000   75

  56   rms: 0.4993E-02   max: -.1044E+00   C at   51  1
       a =  5.250      CL =  0.9335
      Cm = -0.0743     CD =  0.01104   =>   CDf =  0.00676    CDp =  0.00428

 Side 1  free  transition at x/c =  0.3097   51
 Side 2 forced transition at x/c =  1.0000   75

  57   rms: 0.4993E-02   max: -.1044E+00   C at   51  1
       a =  5.250      CL =  0.9335
      Cm = -0.0743     CD =  0.01104   =>   CDf =  0.00676    CDp =  0.00428

 Side 1  free  transition at x/c =  0.3097   51
 Side 2 forced transition at x/c =  1.0000   75

  58   rms: 0.4993E-02   max: -.1044E+00   C at   51  1
       a =  5.250      CL =  0.9335
      Cm = -0.0743     CD =  0.01104   =>   CDf =  0.00676    CDp =  0.00428

 Side 1  free  transition at x/c =  0.3097   51
 Side 2 forced transition at x/c =  1.0000   75

  59   rms: 0.4993E-02   max: -.1044E+00   C at   51  1
       a =  5.250      CL =  0.9335
      Cm = -0.0743     CD =  0.01104   =>   CDf =  0.00676    CDp =  0.00428

 Side 1  free  transition at x/c =  0.3097   51
 Side 2 forced transition at x/c =  1.0000   75

  60   rms: 0.4993E-02   max: -.1044E+00   C at   51  1
       a =  5.250      CL =  0.9335
      Cm = -0.0743     CD =  0.01104   =>   CDf =  0.00676    CDp =  0.00428

 Side 1  free  transition at x/c =  0.3097   51
 Side 2 forced transition at x/c =  1.0000   75

  61   rms: 0.4993E-02   max: -.1044E+00   C at   51  1
       a =  5.250      CL =  0.9335
      Cm = -0.0743     CD =  0.01104   =>   CDf =  0.00676    CDp =  0.00428

 Side 1  free  transition at x/c =  0.3097   51
 Side 2 forced transition at x/c =  1.0000   75

  62   rms: 0.4993E-02   max: -.1044E+00   C at   51  1
       a =  5.250      CL =  0.9335
      Cm = -0.0743     CD =  0.01104   =>   CDf =  0.00676    CDp =  0.00428

 Side 1  free  transition at x/c =  0.3097   51
 Side 2 forced transition at x/c =  1.0000   75

  63   rms: 0.4993E-02   max: -.1044E+00   C at   51  1
       a =  5.250      CL =  0.9335
      Cm = -0.0743     CD =  0.01104   =>   CDf =  0.00676    CDp =  0.00428

 Side 1  free  transition at x/c =  0.3097   51
 Side 2 forced transition at x/c =  1.0000   75

  64   rms: 0.4993E-02   max: -.1044E+00   C at   51  1
       a =  5.250      CL =  0.9335
      Cm = -0.0743     CD =  0.01104   =>   CDf =  0.00676    CDp =  0.00428

 Side 1  free  transition at x/c =  0.3097   51
 Side 2 forced transition at x/c =  1.0000   75

  65   rms: 0.4993E-02   max: -.1044E+00   C at   51  1
       a =  5.250      CL =  0.9335
      Cm = -0.0743     CD =  0.01104   =>   CDf =  0.00676    CDp =  0.00428

 Side 1  free  transition at x/c =  0.3097   51
 Side 2 forced transition at x/c =  1.0000   75

  66   rms: 0.4993E-02   max: -.1044E+00   C at   51  1
       a =  5.250      CL =  0.9335
      Cm = -0.0743     CD =  0.01104   =>   CDf =  0.00676    CDp =  0.00428

 Side 1  free  transition at x/c =  0.3097   51
 Side 2 forced transition at x/c =  1.0000   75

  67   rms: 0.4993E-02   max: -.1044E+00   C at   51  1
       a =  5.250      CL =  0.9335
      Cm = -0.0743     CD =  0.01104   =>   CDf =  0.00676    CDp =  0.00428

 Side 1  free  transition at x/c =  0.3097   51
 Side 2 forced transition at x/c =  1.0000   75

  68   rms: 0.4993E-02   max: -.1044E+00   C at   51  1
       a =  5.250      CL =  0.9335
      Cm = -0.0743     CD =  0.01104   =>   CDf =  0.00676    CDp =  0.00428

 Side 1  free  transition at x/c =  0.3097   51
 Side 2 forced transition at x/c =  1.0000   75

  69   rms: 0.4993E-02   max: -.1044E+00   C at   51  1
       a =  5.250      CL =  0.9335
      Cm = -0.0743     CD =  0.01104   =>   CDf =  0.00676    CDp =  0.00428

 Side 1  free  transition at x/c =  0.3097   51
 Side 2 forced transition at x/c =  1.0000   75

  70   rms: 0.4993E-02   max: -.1044E+00   C at   51  1
       a =  5.250      CL =  0.9335
      Cm = -0.0743     CD =  0.01104   =>   CDf =  0.00676    CDp =  0.00428

 Side 1  free  transition at x/c =  0.3097   51
 Side 2 forced transition at x/c =  1.0000   75

  71   rms: 0.4993E-02   max: -.1044E+00   C at   51  1
       a =  5.250      CL =  0.9335
      Cm = -0.0743     CD =  0.01104   =>   CDf =  0.00676    CDp =  0.00428

 Side 1  free  transition at x/c =  0.3097   51
 Side 2 forced transition at x/c =  1.0000   75

  72   rms: 0.4993E-02   max: -.1044E+00   C at   51  1
       a =  5.250      CL =  0.9335
      Cm = -0.0743     CD =  0.01104   =>   CDf =  0.00676    CDp =  0.00428

 Side 1  free  transition at x/c =  0.3097   51
 Side 2 forced transition at x/c =  1.0000   75

  73   rms: 0.4993E-02   max: -.1044E+00   C at   51  1
       a =  5.250      CL =  0.9335
      Cm = -0.0743     CD =  0.01104   =>   CDf =  0.00676    CDp =  0.00428

 Side 1  free  transition at x/c =  0.3097   51
 Side 2 forced transition at x/c =  1.0000   75

  74   rms: 0.4993E-02   max: -.1044E+00   C at   51  1
       a =  5.250      CL =  0.9335
      Cm = -0.0743     CD =  0.01104   =>   CDf =  0.00676    CDp =  0.00428

 Side 1  free  transition at x/c =  0.3097   51
 Side 2 forced transition at x/c =  1.0000   75

  75   rms: 0.4993E-02   max: -.1044E+00   C at   51  1
       a =  5.250      CL =  0.9335
      Cm = -0.0743     CD =  0.01104   =>   CDf =  0.00676    CDp =  0.00428

 Side 1  free  transition at x/c =  0.3097   51
 Side 2 forced transition at x/c =  1.0000   75

  76   rms: 0.4993E-02   max: -.1044E+00   C at   51  1
       a =  5.250      CL =  0.9335
      Cm = -0.0743     CD =  0.01104   =>   CDf =  0.00676    CDp =  0.00428

 Side 1  free  transition at x/c =  0.3097   51
 Side 2 forced transition at x/c =  1.0000   75

  77   rms: 0.4993E-02   max: -.1044E+00   C at   51  1
       a =  5.250      CL =  0.9335
      Cm = -0.0743     CD =  0.01104   =>   CDf =  0.00676    CDp =  0.00428

 Side 1  free  transition at x/c =  0.3097   51
 Side 2 forced transition at x/c =  1.0000   75

  78   rms: 0.4993E-02   max: -.1044E+00   C at   51  1
       a =  5.250      CL =  0.9335
      Cm = -0.0743     CD =  0.01104   =>   CDf =  0.00676    CDp =  0.00428

 Side 1  free  transition at x/c =  0.3097   51
 Side 2 forced transition at x/c =  1.0000   75

  79   rms: 0.4993E-02   max: -.1044E+00   C at   51  1
       a =  5.250      CL =  0.9335
      Cm = -0.0743     CD =  0.01104   =>   CDf =  0.00676    CDp =  0.00428

 Side 1  free  transition at x/c =  0.3097   51
 Side 2 forced transition at x/c =  1.0000   75

  80   rms: 0.4993E-02   max: -.1044E+00   C at   51  1
       a =  5.250      CL =  0.9335
      Cm = -0.0743     CD =  0.01104   =>   CDf =  0.00676    CDp =  0.00428

 Side 1  free  transition at x/c =  0.3097   51
 Side 2 forced transition at x/c =  1.0000   75

  81   rms: 0.4993E-02   max: -.1044E+00   C at   51  1
       a =  5.250      CL =  0.9335
      Cm = -0.0743     CD =  0.01104   =>   CDf =  0.00676    CDp =  0.00428

 Side 1  free  transition at x/c =  0.3097   51
 Side 2 forced transition at x/c =  1.0000   75

  82   rms: 0.4993E-02   max: -.1044E+00   C at   51  1
       a =  5.250      CL =  0.9335
      Cm = -0.0743     CD =  0.01104   =>   CDf =  0.00676    CDp =  0.00428

 Side 1  free  transition at x/c =  0.3097   51
 Side 2 forced transition at x/c =  1.0000   75

  83   rms: 0.4993E-02   max: -.1044E+00   C at   51  1
       a =  5.250      CL =  0.9335
      Cm = -0.0743     CD =  0.01104   =>   CDf =  0.00676    CDp =  0.00428

 Side 1  free  transition at x/c =  0.3097   51
 Side 2 forced transition at x/c =  1.0000   75

  84   rms: 0.4993E-02   max: -.1044E+00   C at   51  1
       a =  5.250      CL =  0.9335
      Cm = -0.0743     CD =  0.01104   =>   CDf =  0.00676    CDp =  0.00428

 Side 1  free  transition at x/c =  0.3097   51
 Side 2 forced transition at x/c =  1.0000   75

  85   rms: 0.4993E-02   max: -.1044E+00   C at   51  1
       a =  5.250      CL =  0.9335
      Cm = -0.0743     CD =  0.01104   =>   CDf =  0.00676    CDp =  0.00428

 Side 1  free  transition at x/c =  0.3097   51
 Side 2 forced transition at x/c =  1.0000   75

  86   rms: 0.4993E-02   max: -.1044E+00   C at   51  1
       a =  5.250      CL =  0.9335
      Cm = -0.0743     CD =  0.01104   =>   CDf =  0.00676    CDp =  0.00428

 Side 1  free  transition at x/c =  0.3097   51
 Side 2 forced transition at x/c =  1.0000   75

  87   rms: 0.4993E-02   max: -.1044E+00   C at   51  1
       a =  5.250      CL =  0.9335
      Cm = -0.0743     CD =  0.01104   =>   CDf =  0.00676    CDp =  0.00428

 Side 1  free  transition at x/c =  0.3097   51
 Side 2 forced transition at x/c =  1.0000   75

  88   rms: 0.4993E-02   max: -.1044E+00   C at   51  1
       a =  5.250      CL =  0.9335
      Cm = -0.0743     CD =  0.01104   =>   CDf =  0.00676    CDp =  0.00428

 Side 1  free  transition at x/c =  0.3097   51
 Side 2 forced transition at x/c =  1.0000   75

  89   rms: 0.4993E-02   max: -.1044E+00   C at   51  1
       a =  5.250      CL =  0.9335
      Cm = -0.0743     CD =  0.01104   =>   CDf =  0.00676    CDp =  0.00428

 Side 1  free  transition at x/c =  0.3097   51
 Side 2 forced transition at x/c =  1.0000   75

  90   rms: 0.4993E-02   max: -.1044E+00   C at   51  1
       a =  5.250      CL =  0.9335
      Cm = -0.0743     CD =  0.01104   =>   CDf =  0.00676    CDp =  0.00428

 Side 1  free  transition at x/c =  0.3097   51
 Side 2 forced transition at x/c =  1.0000   75

  91   rms: 0.4993E-02   max: -.1044E+00   C at   51  1
       a =  5.250      CL =  0.9335
      Cm = -0.0743     CD =  0.01104   =>   CDf =  0.00676    CDp =  0.00428

 Side 1  free  transition at x/c =  0.3097   51
 Side 2 forced transition at x/c =  1.0000   75

  92   rms: 0.4993E-02   max: -.1044E+00   C at   51  1
       a =  5.250      CL =  0.9335
      Cm = -0.0743     CD =  0.01104   =>   CDf =  0.00676    CDp =  0.00428

 Side 1  free  transition at x/c =  0.3097   51
 Side 2 forced transition at x/c =  1.0000   75

  93   rms: 0.4993E-02   max: -.1044E+00   C at   51  1
       a =  5.250      CL =  0.9335
      Cm = -0.0743     CD =  0.01104   =>   CDf =  0.00676    CDp =  0.00428

 Side 1  free  transition at x/c =  0.3097   51
 Side 2 forced transition at x/c =  1.0000   75

  94   rms: 0.4993E-02   max: -.1044E+00   C at   51  1
       a =  5.250      CL =  0.9335
      Cm = -0.0743     CD =  0.01104   =>   CDf =  0.00676    CDp =  0.00428

 Side 1  free  transition at x/c =  0.3097   51
 Side 2 forced transition at x/c =  1.0000   75

  95   rms: 0.4993E-02   max: -.1044E+00   C at   51  1
       a =  5.250      CL =  0.9335
      Cm = -0.0743     CD =  0.01104   =>   CDf =  0.00676    CDp =  0.00428

 Side 1  free  transition at x/c =  0.3097   51
 Side 2 forced transition at x/c =  1.0000   75

  96   rms: 0.4993E-02   max: -.1044E+00   C at   51  1
       a =  5.250      CL =  0.9335
      Cm = -0.0743     CD =  0.01104   =>   CDf =  0.00676    CDp =  0.00428

 Side 1  free  transition at x/c =  0.3097   51
 Side 2 forced transition at x/c =  1.0000   75

  97   rms: 0.4993E-02   max: -.1044E+00   C at   51  1
       a =  5.250      CL =  0.9335
      Cm = -0.0743     CD =  0.01104   =>   CDf =  0.00676    CDp =  0.00428

 Side 1  free  transition at x/c =  0.3097   51
 Side 2 forced transition at x/c =  1.0000   75

  98   rms: 0.4993E-02   max: -.1044E+00   C at   51  1
       a =  5.250      CL =  0.9335
      Cm = -0.0743     CD =  0.01104   =>   CDf =  0.00676    CDp =  0.00428

 Side 1  free  transition at x/c =  0.3097   51
 Side 2 forced transition at x/c =  1.0000   75

  99   rms: 0.4993E-02   max: -.1044E+00   C at   51  1
       a =  5.250      CL =  0.9335
      Cm = -0.0743     CD =  0.01104   =>   CDf =  0.00676    CDp =  0.00428

 Side 1  free  transition at x/c =  0.3097   51
 Side 2 forced transition at x/c =  1.0000   75

 100   rms: 0.4993E-02   max: -.1044E+00   C at   51  1
       a =  5.250      CL =  0.9335
      Cm = -0.0743     CD =  0.01104   =>   CDf =  0.00676    CDp =  0.00428

 Side 1  free  transition at x/c =  0.3097   51
 Side 2 forced transition at x/c =  1.0000   75

 101   rms: 0.4993E-02   max: -.1044E+00   C at   51  1
       a =  5.250      CL =  0.9335
      Cm = -0.0743     CD =  0.01104   =>   CDf =  0.00676    CDp =  0.00428

 Side 1  free  transition at x/c =  0.3097   51
 Side 2 forced transition at x/c =  1.0000   75

 102   rms: 0.4993E-02   max: -.1044E+00   C at   51  1
       a =  5.250      CL =  0.9335
      Cm = -0.0743     CD =  0.01104   =>   CDf =  0.00676    CDp =  0.00428

 Side 1  free  transition at x/c =  0.3097   51
 Side 2 forced transition at x/c =  1.0000   75

 103   rms: 0.4993E-02   max: -.1044E+00   C at   51  1
       a =  5.250      CL =  0.9335
      Cm = -0.0743     CD =  0.01104   =>   CDf =  0.00676    CDp =  0.00428

 Side 1  free  transition at x/c =  0.3097   51
 Side 2 forced transition at x/c =  1.0000   75

 104   rms: 0.4993E-02   max: -.1044E+00   C at   51  1
       a =  5.250      CL =  0.9335
      Cm = -0.0743     CD =  0.01104   =>   CDf =  0.00676    CDp =  0.00428

 Side 1  free  transition at x/c =  0.3097   51
 Side 2 forced transition at x/c =  1.0000   75

 105   rms: 0.4993E-02   max: -.1044E+00   C at   51  1
       a =  5.250      CL =  0.9335
      Cm = -0.0743     CD =  0.01104   =>   CDf =  0.00676    CDp =  0.00428

 Side 1  free  transition at x/c =  0.3097   51
 Side 2 forced transition at x/c =  1.0000   75

 106   rms: 0.4993E-02   max: -.1044E+00   C at   51  1
       a =  5.250      CL =  0.9335
      Cm = -0.0743     CD =  0.01104   =>   CDf =  0.00676    CDp =  0.00428

 Side 1  free  transition at x/c =  0.3097   51
 Side 2 forced transition at x/c =  1.0000   75

 107   rms: 0.4993E-02   max: -.1044E+00   C at   51  1
       a =  5.250      CL =  0.9335
      Cm = -0.0743     CD =  0.01104   =>   CDf =  0.00676    CDp =  0.00428

 Side 1  free  transition at x/c =  0.3097   51
 Side 2 forced transition at x/c =  1.0000   75

 108   rms: 0.4993E-02   max: -.1044E+00   C at   51  1
       a =  5.250      CL =  0.9335
      Cm = -0.0743     CD =  0.01104   =>   CDf =  0.00676    CDp =  0.00428

 Side 1  free  transition at x/c =  0.3097   51
 Side 2 forced transition at x/c =  1.0000   75

 109   rms: 0.4993E-02   max: -.1044E+00   C at   51  1
       a =  5.250      CL =  0.9335
      Cm = -0.0743     CD =  0.01104   =>   CDf =  0.00676    CDp =  0.00428

 Side 1  free  transition at x/c =  0.3097   51
 Side 2 forced transition at x/c =  1.0000   75

 110   rms: 0.4993E-02   max: -.1044E+00   C at   51  1
       a =  5.250      CL =  0.9335
      Cm = -0.0743     CD =  0.01104   =>   CDf =  0.00676    CDp =  0.00428

 Side 1  free  transition at x/c =  0.3097   51
 Side 2 forced transition at x/c =  1.0000   75

 111   rms: 0.4993E-02   max: -.1044E+00   C at   51  1
       a =  5.250      CL =  0.9335
      Cm = -0.0743     CD =  0.01104   =>   CDf =  0.00676    CDp =  0.00428

 Side 1  free  transition at x/c =  0.3097   51
 Side 2 forced transition at x/c =  1.0000   75

 112   rms: 0.4993E-02   max: -.1044E+00   C at   51  1
       a =  5.250      CL =  0.9335
      Cm = -0.0743     CD =  0.01104   =>   CDf =  0.00676    CDp =  0.00428

 Side 1  free  transition at x/c =  0.3097   51
 Side 2 forced transition at x/c =  1.0000   75

 113   rms: 0.4993E-02   max: -.1044E+00   C at   51  1
       a =  5.250      CL =  0.9335
      Cm = -0.0743     CD =  0.01104   =>   CDf =  0.00676    CDp =  0.00428

 Side 1  free  transition at x/c =  0.3097   51
 Side 2 forced transition at x/c =  1.0000   75

 114   rms: 0.4993E-02   max: -.1044E+00   C at   51  1
       a =  5.250      CL =  0.9335
      Cm = -0.0743     CD =  0.01104   =>   CDf =  0.00676    CDp =  0.00428

 Side 1  free  transition at x/c =  0.3097   51
 Side 2 forced transition at x/c =  1.0000   75

 115   rms: 0.4993E-02   max: -.1044E+00   C at   51  1
       a =  5.250      CL =  0.9335
      Cm = -0.0743     CD =  0.01104   =>   CDf =  0.00676    CDp =  0.00428

 Side 1  free  transition at x/c =  0.3097   51
 Side 2 forced transition at x/c =  1.0000   75

 116   rms: 0.4993E-02   max: -.1044E+00   C at   51  1
       a =  5.250      CL =  0.9335
      Cm = -0.0743     CD =  0.01104   =>   CDf =  0.00676    CDp =  0.00428

 Side 1  free  transition at x/c =  0.3097   51
 Side 2 forced transition at x/c =  1.0000   75

 117   rms: 0.4993E-02   max: -.1044E+00   C at   51  1
       a =  5.250      CL =  0.9335
      Cm = -0.0743     CD =  0.01104   =>   CDf =  0.00676    CDp =  0.00428

 Side 1  free  transition at x/c =  0.3097   51
 Side 2 forced transition at x/c =  1.0000   75

 118   rms: 0.4993E-02   max: -.1044E+00   C at   51  1
       a =  5.250      CL =  0.9335
      Cm = -0.0743     CD =  0.01104   =>   CDf =  0.00676    CDp =  0.00428

 Side 1  free  transition at x/c =  0.3097   51
 Side 2 forced transition at x/c =  1.0000   75

 119   rms: 0.4993E-02   max: -.1044E+00   C at   51  1
       a =  5.250      CL =  0.9335
      Cm = -0.0743     CD =  0.01104   =>   CDf =  0.00676    CDp =  0.00428

 Side 1  free  transition at x/c =  0.3097   51
 Side 2 forced transition at x/c =  1.0000   75

 120   rms: 0.4993E-02   max: -.1044E+00   C at   51  1
       a =  5.250      CL =  0.9335
      Cm = -0.0743     CD =  0.01104   =>   CDf =  0.00676    CDp =  0.00428

 Side 1  free  transition at x/c =  0.3097   51
 Side 2 forced transition at x/c =  1.0000   75

 121   rms: 0.4993E-02   max: -.1044E+00   C at   51  1
       a =  5.250      CL =  0.9335
      Cm = -0.0743     CD =  0.01104   =>   CDf =  0.00676    CDp =  0.00428

 Side 1  free  transition at x/c =  0.3097   51
 Side 2 forced transition at x/c =  1.0000   75

 122   rms: 0.4993E-02   max: -.1044E+00   C at   51  1
       a =  5.250      CL =  0.9335
      Cm = -0.0743     CD =  0.01104   =>   CDf =  0.00676    CDp =  0.00428

 Side 1  free  transition at x/c =  0.3097   51
 Side 2 forced transition at x/c =  1.0000   75

 123   rms: 0.4993E-02   max: -.1044E+00   C at   51  1
       a =  5.250      CL =  0.9335
      Cm = -0.0743     CD =  0.01104   =>   CDf =  0.00676    CDp =  0.00428

 Side 1  free  transition at x/c =  0.3097   51
 Side 2 forced transition at x/c =  1.0000   75

 124   rms: 0.4993E-02   max: -.1044E+00   C at   51  1
       a =  5.250      CL =  0.9335
      Cm = -0.0743     CD =  0.01104   =>   CDf =  0.00676    CDp =  0.00428

 Side 1  free  transition at x/c =  0.3097   51
 Side 2 forced transition at x/c =  1.0000   75

 125   rms: 0.4993E-02   max: -.1044E+00   C at   51  1
       a =  5.250      CL =  0.9335
      Cm = -0.0743     CD =  0.01104   =>   CDf =  0.00676    CDp =  0.00428

 Side 1  free  transition at x/c =  0.3097   51
 Side 2 forced transition at x/c =  1.0000   75

 126   rms: 0.4993E-02   max: -.1044E+00   C at   51  1
       a =  5.250      CL =  0.9335
      Cm = -0.0743     CD =  0.01104   =>   CDf =  0.00676    CDp =  0.00428

 Side 1  free  transition at x/c =  0.3097   51
 Side 2 forced transition at x/c =  1.0000   75

 127   rms: 0.4993E-02   max: -.1044E+00   C at   51  1
       a =  5.250      CL =  0.9335
      Cm = -0.0743     CD =  0.01104   =>   CDf =  0.00676    CDp =  0.00428

 Side 1  free  transition at x/c =  0.3097   51
 Side 2 forced transition at x/c =  1.0000   75

 128   rms: 0.4993E-02   max: -.1044E+00   C at   51  1
       a =  5.250      CL =  0.9335
      Cm = -0.0743     CD =  0.01104   =>   CDf =  0.00676    CDp =  0.00428

 Side 1  free  transition at x/c =  0.3097   51
 Side 2 forced transition at x/c =  1.0000   75

 129   rms: 0.4993E-02   max: -.1044E+00   C at   51  1
       a =  5.250      CL =  0.9335
      Cm = -0.0743     CD =  0.01104   =>   CDf =  0.00676    CDp =  0.00428

 Side 1  free  transition at x/c =  0.3097   51
 Side 2 forced transition at x/c =  1.0000   75

 130   rms: 0.4993E-02   max: -.1044E+00   C at   51  1
       a =  5.250      CL =  0.9335
      Cm = -0.0743     CD =  0.01104   =>   CDf =  0.00676    CDp =  0.00428

 Side 1  free  transition at x/c =  0.3097   51
 Side 2 forced transition at x/c =  1.0000   75

 131   rms: 0.4993E-02   max: -.1044E+00   C at   51  1
       a =  5.250      CL =  0.9335
      Cm = -0.0743     CD =  0.01104   =>   CDf =  0.00676    CDp =  0.00428

 Side 1  free  transition at x/c =  0.3097   51
 Side 2 forced transition at x/c =  1.0000   75

 132   rms: 0.4993E-02   max: -.1044E+00   C at   51  1
       a =  5.250      CL =  0.9335
      Cm = -0.0743     CD =  0.01104   =>   CDf =  0.00676    CDp =  0.00428

 Side 1  free  transition at x/c =  0.3097   51
 Side 2 forced transition at x/c =  1.0000   75

 133   rms: 0.4993E-02   max: -.1044E+00   C at   51  1
       a =  5.250      CL =  0.9335
      Cm = -0.0743     CD =  0.01104   =>   CDf =  0.00676    CDp =  0.00428

 Side 1  free  transition at x/c =  0.3097   51
 Side 2 forced transition at x/c =  1.0000   75

 134   rms: 0.4993E-02   max: -.1044E+00   C at   51  1
       a =  5.250      CL =  0.9335
      Cm = -0.0743     CD =  0.01104   =>   CDf =  0.00676    CDp =  0.00428

 Side 1  free  transition at x/c =  0.3097   51
 Side 2 forced transition at x/c =  1.0000   75

 135   rms: 0.4993E-02   max: -.1044E+00   C at   51  1
       a =  5.250      CL =  0.9335
      Cm = -0.0743     CD =  0.01104   =>   CDf =  0.00676    CDp =  0.00428

 Side 1  free  transition at x/c =  0.3097   51
 Side 2 forced transition at x/c =  1.0000   75

 136   rms: 0.4993E-02   max: -.1044E+00   C at   51  1
       a =  5.250      CL =  0.9335
      Cm = -0.0743     CD =  0.01104   =>   CDf =  0.00676    CDp =  0.00428

 Side 1  free  transition at x/c =  0.3097   51
 Side 2 forced transition at x/c =  1.0000   75

 137   rms: 0.4993E-02   max: -.1044E+00   C at   51  1
       a =  5.250      CL =  0.9335
      Cm = -0.0743     CD =  0.01104   =>   CDf =  0.00676    CDp =  0.00428

 Side 1  free  transition at x/c =  0.3097   51
 Side 2 forced transition at x/c =  1.0000   75

 138   rms: 0.4993E-02   max: -.1044E+00   C at   51  1
       a =  5.250      CL =  0.9335
      Cm = -0.0743     CD =  0.01104   =>   CDf =  0.00676    CDp =  0.00428

 Side 1  free  transition at x/c =  0.3097   51
 Side 2 forced transition at x/c =  1.0000   75

 139   rms: 0.4993E-02   max: -.1044E+00   C at   51  1
       a =  5.250      CL =  0.9335
      Cm = -0.0743     CD =  0.01104   =>   CDf =  0.00676    CDp =  0.00428

 Side 1  free  transition at x/c =  0.3097   51
 Side 2 forced transition at x/c =  1.0000   75

 140   rms: 0.4993E-02   max: -.1044E+00   C at   51  1
       a =  5.250      CL =  0.9335
      Cm = -0.0743     CD =  0.01104   =>   CDf =  0.00676    CDp =  0.00428

 Side 1  free  transition at x/c =  0.3097   51
 Side 2 forced transition at x/c =  1.0000   75

 141   rms: 0.4993E-02   max: -.1044E+00   C at   51  1
       a =  5.250      CL =  0.9335
      Cm = -0.0743     CD =  0.01104   =>   CDf =  0.00676    CDp =  0.00428

 Side 1  free  transition at x/c =  0.3097   51
 Side 2 forced transition at x/c =  1.0000   75

 142   rms: 0.4993E-02   max: -.1044E+00   C at   51  1
       a =  5.250      CL =  0.9335
      Cm = -0.0743     CD =  0.01104   =>   CDf =  0.00676    CDp =  0.00428

 Side 1  free  transition at x/c =  0.3097   51
 Side 2 forced transition at x/c =  1.0000   75

 143   rms: 0.4993E-02   max: -.1044E+00   C at   51  1
       a =  5.250      CL =  0.9335
      Cm = -0.0743     CD =  0.01104   =>   CDf =  0.00676    CDp =  0.00428

 Side 1  free  transition at x/c =  0.3097   51
 Side 2 forced transition at x/c =  1.0000   75

 144   rms: 0.4993E-02   max: -.1044E+00   C at   51  1
       a =  5.250      CL =  0.9335
      Cm = -0.0743     CD =  0.01104   =>   CDf =  0.00676    CDp =  0.00428

 Side 1  free  transition at x/c =  0.3097   51
 Side 2 forced transition at x/c =  1.0000   75

 145   rms: 0.4993E-02   max: -.1044E+00   C at   51  1
       a =  5.250      CL =  0.9335
      Cm = -0.0743     CD =  0.01104   =>   CDf =  0.00676    CDp =  0.00428

 Side 1  free  transition at x/c =  0.3097   51
 Side 2 forced transition at x/c =  1.0000   75

 146   rms: 0.4993E-02   max: -.1044E+00   C at   51  1
       a =  5.250      CL =  0.9335
      Cm = -0.0743     CD =  0.01104   =>   CDf =  0.00676    CDp =  0.00428

 Side 1  free  transition at x/c =  0.3097   51
 Side 2 forced transition at x/c =  1.0000   75

 147   rms: 0.4993E-02   max: -.1044E+00   C at   51  1
       a =  5.250      CL =  0.9335
      Cm = -0.0743     CD =  0.01104   =>   CDf =  0.00676    CDp =  0.00428

 Side 1  free  transition at x/c =  0.3097   51
 Side 2 forced transition at x/c =  1.0000   75

 148   rms: 0.4993E-02   max: -.1044E+00   C at   51  1
       a =  5.250      CL =  0.9335
      Cm = -0.0743     CD =  0.01104   =>   CDf =  0.00676    CDp =  0.00428

 Side 1  free  transition at x/c =  0.3097   51
 Side 2 forced transition at x/c =  1.0000   75

 149   rms: 0.4993E-02   max: -.1044E+00   C at   51  1
       a =  5.250      CL =  0.9335
      Cm = -0.0743     CD =  0.01104   =>   CDf =  0.00676    CDp =  0.00428

 Side 1  free  transition at x/c =  0.3097   51
 Side 2 forced transition at x/c =  1.0000   75

 150   rms: 0.4993E-02   max: -.1044E+00   C at   51  1
       a =  5.250      CL =  0.9335
      Cm = -0.0743     CD =  0.01104   =>   CDf =  0.00676    CDp =  0.00428

 Side 1  free  transition at x/c =  0.3097   51
 Side 2 forced transition at x/c =  1.0000   75

 151   rms: 0.4993E-02   max: -.1044E+00   C at   51  1
       a =  5.250      CL =  0.9335
      Cm = -0.0743     CD =  0.01104   =>   CDf =  0.00676    CDp =  0.00428

 Side 1  free  transition at x/c =  0.3097   51
 Side 2 forced transition at x/c =  1.0000   75

 152   rms: 0.4993E-02   max: -.1044E+00   C at   51  1
       a =  5.250      CL =  0.9335
      Cm = -0.0743     CD =  0.01104   =>   CDf =  0.00676    CDp =  0.00428

 Side 1  free  transition at x/c =  0.3097   51
 Side 2 forced transition at x/c =  1.0000   75

 153   rms: 0.4993E-02   max: -.1044E+00   C at   51  1
       a =  5.250      CL =  0.9335
      Cm = -0.0743     CD =  0.01104   =>   CDf =  0.00676    CDp =  0.00428

 Side 1  free  transition at x/c =  0.3097   51
 Side 2 forced transition at x/c =  1.0000   75

 154   rms: 0.4993E-02   max: -.1044E+00   C at   51  1
       a =  5.250      CL =  0.9335
      Cm = -0.0743     CD =  0.01104   =>   CDf =  0.00676    CDp =  0.00428

 Side 1  free  transition at x/c =  0.3097   51
 Side 2 forced transition at x/c =  1.0000   75

 155   rms: 0.4993E-02   max: -.1044E+00   C at   51  1
       a =  5.250      CL =  0.9335
      Cm = -0.0743     CD =  0.01104   =>   CDf =  0.00676    CDp =  0.00428

 Side 1  free  transition at x/c =  0.3097   51
 Side 2 forced transition at x/c =  1.0000   75

 156   rms: 0.4993E-02   max: -.1044E+00   C at   51  1
       a =  5.250      CL =  0.9335
      Cm = -0.0743     CD =  0.01104   =>   CDf =  0.00676    CDp =  0.00428

 Side 1  free  transition at x/c =  0.3097   51
 Side 2 forced transition at x/c =  1.0000   75

 157   rms: 0.4993E-02   max: -.1044E+00   C at   51  1
       a =  5.250      CL =  0.9335
      Cm = -0.0743     CD =  0.01104   =>   CDf =  0.00676    CDp =  0.00428

 Side 1  free  transition at x/c =  0.3097   51
 Side 2 forced transition at x/c =  1.0000   75

 158   rms: 0.4993E-02   max: -.1044E+00   C at   51  1
       a =  5.250      CL =  0.9335
      Cm = -0.0743     CD =  0.01104   =>   CDf =  0.00676    CDp =  0.00428

 Side 1  free  transition at x/c =  0.3097   51
 Side 2 forced transition at x/c =  1.0000   75

 159   rms: 0.4993E-02   max: -.1044E+00   C at   51  1
       a =  5.250      CL =  0.9335
      Cm = -0.0743     CD =  0.01104   =>   CDf =  0.00676    CDp =  0.00428

 Side 1  free  transition at x/c =  0.3097   51
 Side 2 forced transition at x/c =  1.0000   75

 160   rms: 0.4993E-02   max: -.1044E+00   C at   51  1
       a =  5.250      CL =  0.9335
      Cm = -0.0743     CD =  0.01104   =>   CDf =  0.00676    CDp =  0.00428

 Side 1  free  transition at x/c =  0.3097   51
 Side 2 forced transition at x/c =  1.0000   75

 161   rms: 0.4993E-02   max: -.1044E+00   C at   51  1
       a =  5.250      CL =  0.9335
      Cm = -0.0743     CD =  0.01104   =>   CDf =  0.00676    CDp =  0.00428

 Side 1  free  transition at x/c =  0.3097   51
 Side 2 forced transition at x/c =  1.0000   75

 162   rms: 0.4993E-02   max: -.1044E+00   C at   51  1
       a =  5.250      CL =  0.9335
      Cm = -0.0743     CD =  0.01104   =>   CDf =  0.00676    CDp =  0.00428

 Side 1  free  transition at x/c =  0.3097   51
 Side 2 forced transition at x/c =  1.0000   75

 163   rms: 0.4993E-02   max: -.1044E+00   C at   51  1
       a =  5.250      CL =  0.9335
      Cm = -0.0743     CD =  0.01104   =>   CDf =  0.00676    CDp =  0.00428

 Side 1  free  transition at x/c =  0.3097   51
 Side 2 forced transition at x/c =  1.0000   75

 164   rms: 0.4993E-02   max: -.1044E+00   C at   51  1
       a =  5.250      CL =  0.9335
      Cm = -0.0743     CD =  0.01104   =>   CDf =  0.00676    CDp =  0.00428

 Side 1  free  transition at x/c =  0.3097   51
 Side 2 forced transition at x/c =  1.0000   75

 165   rms: 0.4993E-02   max: -.1044E+00   C at   51  1
       a =  5.250      CL =  0.9335
      Cm = -0.0743     CD =  0.01104   =>   CDf =  0.00676    CDp =  0.00428

 Side 1  free  transition at x/c =  0.3097   51
 Side 2 forced transition at x/c =  1.0000   75

 166   rms: 0.4993E-02   max: -.1044E+00   C at   51  1
       a =  5.250      CL =  0.9335
      Cm = -0.0743     CD =  0.01104   =>   CDf =  0.00676    CDp =  0.00428

 Side 1  free  transition at x/c =  0.3097   51
 Side 2 forced transition at x/c =  1.0000   75

 167   rms: 0.4993E-02   max: -.1044E+00   C at   51  1
       a =  5.250      CL =  0.9335
      Cm = -0.0743     CD =  0.01104   =>   CDf =  0.00676    CDp =  0.00428

 Side 1  free  transition at x/c =  0.3097   51
 Side 2 forced transition at x/c =  1.0000   75

 168   rms: 0.4993E-02   max: -.1044E+00   C at   51  1
       a =  5.250      CL =  0.9335
      Cm = -0.0743     CD =  0.01104   =>   CDf =  0.00676    CDp =  0.00428

 Side 1  free  transition at x/c =  0.3097   51
 Side 2 forced transition at x/c =  1.0000   75

 169   rms: 0.4993E-02   max: -.1044E+00   C at   51  1
       a =  5.250      CL =  0.9335
      Cm = -0.0743     CD =  0.01104   =>   CDf =  0.00676    CDp =  0.00428

 Side 1  free  transition at x/c =  0.3097   51
 Side 2 forced transition at x/c =  1.0000   75

 170   rms: 0.4993E-02   max: -.1044E+00   C at   51  1
       a =  5.250      CL =  0.9335
      Cm = -0.0743     CD =  0.01104   =>   CDf =  0.00676    CDp =  0.00428

 Side 1  free  transition at x/c =  0.3097   51
 Side 2 forced transition at x/c =  1.0000   75

 171   rms: 0.4993E-02   max: -.1044E+00   C at   51  1
       a =  5.250      CL =  0.9335
      Cm = -0.0743     CD =  0.01104   =>   CDf =  0.00676    CDp =  0.00428

 Side 1  free  transition at x/c =  0.3097   51
 Side 2 forced transition at x/c =  1.0000   75

 172   rms: 0.4993E-02   max: -.1044E+00   C at   51  1
       a =  5.250      CL =  0.9335
      Cm = -0.0743     CD =  0.01104   =>   CDf =  0.00676    CDp =  0.00428

 Side 1  free  transition at x/c =  0.3097   51
 Side 2 forced transition at x/c =  1.0000   75

 173   rms: 0.4993E-02   max: -.1044E+00   C at   51  1
       a =  5.250      CL =  0.9335
      Cm = -0.0743     CD =  0.01104   =>   CDf =  0.00676    CDp =  0.00428

 Side 1  free  transition at x/c =  0.3097   51
 Side 2 forced transition at x/c =  1.0000   75

 174   rms: 0.4993E-02   max: -.1044E+00   C at   51  1
       a =  5.250      CL =  0.9335
      Cm = -0.0743     CD =  0.01104   =>   CDf =  0.00676    CDp =  0.00428

 Side 1  free  transition at x/c =  0.3097   51
 Side 2 forced transition at x/c =  1.0000   75

 175   rms: 0.4993E-02   max: -.1044E+00   C at   51  1
       a =  5.250      CL =  0.9335
      Cm = -0.0743     CD =  0.01104   =>   CDf =  0.00676    CDp =  0.00428

 Side 1  free  transition at x/c =  0.3097   51
 Side 2 forced transition at x/c =  1.0000   75

 176   rms: 0.4993E-02   max: -.1044E+00   C at   51  1
       a =  5.250      CL =  0.9335
      Cm = -0.0743     CD =  0.01104   =>   CDf =  0.00676    CDp =  0.00428

 Side 1  free  transition at x/c =  0.3097   51
 Side 2 forced transition at x/c =  1.0000   75

 177   rms: 0.4993E-02   max: -.1044E+00   C at   51  1
       a =  5.250      CL =  0.9335
      Cm = -0.0743     CD =  0.01104   =>   CDf =  0.00676    CDp =  0.00428

 Side 1  free  transition at x/c =  0.3097   51
 Side 2 forced transition at x/c =  1.0000   75

 178   rms: 0.4993E-02   max: -.1044E+00   C at   51  1
       a =  5.250      CL =  0.9335
      Cm = -0.0743     CD =  0.01104   =>   CDf =  0.00676    CDp =  0.00428

 Side 1  free  transition at x/c =  0.3097   51
 Side 2 forced transition at x/c =  1.0000   75

 179   rms: 0.4993E-02   max: -.1044E+00   C at   51  1
       a =  5.250      CL =  0.9335
      Cm = -0.0743     CD =  0.01104   =>   CDf =  0.00676    CDp =  0.00428

 Side 1  free  transition at x/c =  0.3097   51
 Side 2 forced transition at x/c =  1.0000   75

 180   rms: 0.4993E-02   max: -.1044E+00   C at   51  1
       a =  5.250      CL =  0.9335
      Cm = -0.0743     CD =  0.01104   =>   CDf =  0.00676    CDp =  0.00428

 Side 1  free  transition at x/c =  0.3097   51
 Side 2 forced transition at x/c =  1.0000   75

 181   rms: 0.4993E-02   max: -.1044E+00   C at   51  1
       a =  5.250      CL =  0.9335
      Cm = -0.0743     CD =  0.01104   =>   CDf =  0.00676    CDp =  0.00428

 Side 1  free  transition at x/c =  0.3097   51
 Side 2 forced transition at x/c =  1.0000   75

 182   rms: 0.4993E-02   max: -.1044E+00   C at   51  1
       a =  5.250      CL =  0.9335
      Cm = -0.0743     CD =  0.01104   =>   CDf =  0.00676    CDp =  0.00428

 Side 1  free  transition at x/c =  0.3097   51
 Side 2 forced transition at x/c =  1.0000   75

 183   rms: 0.4993E-02   max: -.1044E+00   C at   51  1
       a =  5.250      CL =  0.9335
      Cm = -0.0743     CD =  0.01104   =>   CDf =  0.00676    CDp =  0.00428

 Side 1  free  transition at x/c =  0.3097   51
 Side 2 forced transition at x/c =  1.0000   75

 184   rms: 0.4993E-02   max: -.1044E+00   C at   51  1
       a =  5.250      CL =  0.9335
      Cm = -0.0743     CD =  0.01104   =>   CDf =  0.00676    CDp =  0.00428

 Side 1  free  transition at x/c =  0.3097   51
 Side 2 forced transition at x/c =  1.0000   75

 185   rms: 0.4993E-02   max: -.1044E+00   C at   51  1
       a =  5.250      CL =  0.9335
      Cm = -0.0743     CD =  0.01104   =>   CDf =  0.00676    CDp =  0.00428

 Side 1  free  transition at x/c =  0.3097   51
 Side 2 forced transition at x/c =  1.0000   75

 186   rms: 0.4993E-02   max: -.1044E+00   C at   51  1
       a =  5.250      CL =  0.9335
      Cm = -0.0743     CD =  0.01104   =>   CDf =  0.00676    CDp =  0.00428

 Side 1  free  transition at x/c =  0.3097   51
 Side 2 forced transition at x/c =  1.0000   75

 187   rms: 0.4993E-02   max: -.1044E+00   C at   51  1
       a =  5.250      CL =  0.9335
      Cm = -0.0743     CD =  0.01104   =>   CDf =  0.00676    CDp =  0.00428

 Side 1  free  transition at x/c =  0.3097   51
 Side 2 forced transition at x/c =  1.0000   75

 188   rms: 0.4993E-02   max: -.1044E+00   C at   51  1
       a =  5.250      CL =  0.9335
      Cm = -0.0743     CD =  0.01104   =>   CDf =  0.00676    CDp =  0.00428

 Side 1  free  transition at x/c =  0.3097   51
 Side 2 forced transition at x/c =  1.0000   75

 189   rms: 0.4993E-02   max: -.1044E+00   C at   51  1
       a =  5.250      CL =  0.9335
      Cm = -0.0743     CD =  0.01104   =>   CDf =  0.00676    CDp =  0.00428

 Side 1  free  transition at x/c =  0.3097   51
 Side 2 forced transition at x/c =  1.0000   75

 190   rms: 0.4993E-02   max: -.1044E+00   C at   51  1
       a =  5.250      CL =  0.9335
      Cm = -0.0743     CD =  0.01104   =>   CDf =  0.00676    CDp =  0.00428

 Side 1  free  transition at x/c =  0.3097   51
 Side 2 forced transition at x/c =  1.0000   75

 191   rms: 0.4993E-02   max: -.1044E+00   C at   51  1
       a =  5.250      CL =  0.9335
      Cm = -0.0743     CD =  0.01104   =>   CDf =  0.00676    CDp =  0.00428

 Side 1  free  transition at x/c =  0.3097   51
 Side 2 forced transition at x/c =  1.0000   75

 192   rms: 0.4993E-02   max: -.1044E+00   C at   51  1
       a =  5.250      CL =  0.9335
      Cm = -0.0743     CD =  0.01104   =>   CDf =  0.00676    CDp =  0.00428

 Side 1  free  transition at x/c =  0.3097   51
 Side 2 forced transition at x/c =  1.0000   75

 193   rms: 0.4993E-02   max: -.1044E+00   C at   51  1
       a =  5.250      CL =  0.9335
      Cm = -0.0743     CD =  0.01104   =>   CDf =  0.00676    CDp =  0.00428

 Side 1  free  transition at x/c =  0.3097   51
 Side 2 forced transition at x/c =  1.0000   75

 194   rms: 0.4993E-02   max: -.1044E+00   C at   51  1
       a =  5.250      CL =  0.9335
      Cm = -0.0743     CD =  0.01104   =>   CDf =  0.00676    CDp =  0.00428

 Side 1  free  transition at x/c =  0.3097   51
 Side 2 forced transition at x/c =  1.0000   75

 195   rms: 0.4993E-02   max: -.1044E+00   C at   51  1
       a =  5.250      CL =  0.9335
      Cm = -0.0743     CD =  0.01104   =>   CDf =  0.00676    CDp =  0.00428

 Side 1  free  transition at x/c =  0.3097   51
 Side 2 forced transition at x/c =  1.0000   75

 196   rms: 0.4993E-02   max: -.1044E+00   C at   51  1
       a =  5.250      CL =  0.9335
      Cm = -0.0743     CD =  0.01104   =>   CDf =  0.00676    CDp =  0.00428

 Side 1  free  transition at x/c =  0.3097   51
 Side 2 forced transition at x/c =  1.0000   75

 197   rms: 0.4993E-02   max: -.1044E+00   C at   51  1
       a =  5.250      CL =  0.9335
      Cm = -0.0743     CD =  0.01104   =>   CDf =  0.00676    CDp =  0.00428

 Side 1  free  transition at x/c =  0.3097   51
 Side 2 forced transition at x/c =  1.0000   75

 198   rms: 0.4993E-02   max: -.1044E+00   C at   51  1
       a =  5.250      CL =  0.9335
      Cm = -0.0743     CD =  0.01104   =>   CDf =  0.00676    CDp =  0.00428

 Side 1  free  transition at x/c =  0.3097   51
 Side 2 forced transition at x/c =  1.0000   75

 199   rms: 0.4993E-02   max: -.1044E+00   C at   51  1
       a =  5.250      CL =  0.9335
      Cm = -0.0743     CD =  0.01104   =>   CDf =  0.00676    CDp =  0.00428

 Side 1  free  transition at x/c =  0.3097   51
 Side 2 forced transition at x/c =  1.0000   75

 200   rms: 0.4993E-02   max: -.1044E+00   C at   51  1
       a =  5.250      CL =  0.9335
      Cm = -0.0743     CD =  0.01104   =>   CDf =  0.00676    CDp =  0.00428

 Side 1  free  transition at x/c =  0.3097   51
 Side 2 forced transition at x/c =  1.0000   75

 201   rms: 0.4993E-02   max: -.1044E+00   C at   51  1
       a =  5.250      CL =  0.9335
      Cm = -0.0743     CD =  0.01104   =>   CDf =  0.00676    CDp =  0.00428

 Side 1  free  transition at x/c =  0.3097   51
 Side 2 forced transition at x/c =  1.0000   75

 202   rms: 0.4993E-02   max: -.1044E+00   C at   51  1
       a =  5.250      CL =  0.9335
      Cm = -0.0743     CD =  0.01104   =>   CDf =  0.00676    CDp =  0.00428

 Side 1  free  transition at x/c =  0.3097   51
 Side 2 forced transition at x/c =  1.0000   75

 203   rms: 0.4993E-02   max: -.1044E+00   C at   51  1
       a =  5.250      CL =  0.9335
      Cm = -0.0743     CD =  0.01104   =>   CDf =  0.00676    CDp =  0.00428

 Side 1  free  transition at x/c =  0.3097   51
 Side 2 forced transition at x/c =  1.0000   75

 204   rms: 0.4993E-02   max: -.1044E+00   C at   51  1
       a =  5.250      CL =  0.9335
      Cm = -0.0743     CD =  0.01104   =>   CDf =  0.00676    CDp =  0.00428

 Side 1  free  transition at x/c =  0.3097   51
 Side 2 forced transition at x/c =  1.0000   75

 205   rms: 0.4993E-02   max: -.1044E+00   C at   51  1
       a =  5.250      CL =  0.9335
      Cm = -0.0743     CD =  0.01104   =>   CDf =  0.00676    CDp =  0.00428
 VISCAL:  Convergence failed
      5.000    3.6843   0.011040   0.000000   0.000000   0.000000    0.3097     #
 Calculating wake trajectory ...
 Calculating source influence matrix ...

 Solving BL system ...

 Side 1  free  transition at x/c =  0.3097   51
 Side 2 forced transition at x/c =  1.0000   75

   1   rms: 0.4013E-01   max: 0.6025E-01   C at   75  2
       a =  5.000      CL =  0.9075
      Cm = -0.0746     CD =  0.01090   =>   CDf =  0.00687    CDp =  0.00403

 Side 1  free  transition at x/c =  0.3213   51
 Side 2 forced transition at x/c =  1.0000   76

   2   rms: 0.3211E-02   max: 0.3410E-01   D at   51  1
       a =  5.000      CL =  0.9100
      Cm = -0.0750     CD =  0.01074   =>   CDf =  0.00668    CDp =  0.00406

 Side 1  free  transition at x/c =  0.3213   51
 Side 2 forced transition at x/c =  1.0000   76

   3   rms: 0.6193E-03   max: 0.7509E-02   D at    4  2
       a =  5.000      CL =  0.9100
      Cm = -0.0750     CD =  0.01074   =>   CDf =  0.00668    CDp =  0.00406

 Side 1  free  transition at x/c =  0.3213   51
 Side 2 forced transition at x/c =  1.0000   76

   4   rms: 0.3643E-06   max: -.2116E-05   D at    7  2
       a =  5.000      CL =  0.9100
      Cm = -0.0750     CD =  0.01074   =>   CDf =  0.00668    CDp =  0.00406
      5.000    3.7106   0.010742   0.000000   0.000000   0.000000    0.3213     #

 Point added to stored polar  1
 Point written to save file  clarky_re430000_realistic_model_reverse.polar   
 Dump file unspecified or not available
 Calculating wake trajectory ...
 Calculating source influence matrix ...

 Solving BL system ...

 Side 1  free  transition at x/c =  0.3213   51
 Side 2 forced transition at x/c =  1.0000   76

   1   rms: 0.4150E-01   max: -.2512E+00   C at   51  1
       a =  4.750      CL =  0.8855
      Cm = -0.0756     CD =  0.01050   =>   CDf =  0.00668    CDp =  0.00382

 Side 1  free  transition at x/c =  0.3294   52
 Side 2 forced transition at x/c =  1.0000   76

   2   rms: 0.9173E-02   max: -.1085E+00   C at   52  1
       a =  4.750      CL =  0.8859
      Cm = -0.0757     CD =  0.01048   =>   CDf =  0.00669    CDp =  0.00379

 Side 1  free  transition at x/c =  0.3334   52
 Side 2 forced transition at x/c =  1.0000   76

   3   rms: 0.1921E-02   max: 0.3386E-01   C at   52  1
       a =  4.750      CL =  0.8858
      Cm = -0.0756     CD =  0.01049   =>   CDf =  0.00662    CDp =  0.00387

 Side 1  free  transition at x/c =  0.3326   52
 Side 2 forced transition at x/c =  1.0000   76

   4   rms: 0.1994E-04   max: -.3287E-03   D at   53  1
       a =  4.750      CL =  0.8858
      Cm = -0.0756     CD =  0.01049   =>   CDf =  0.00663    CDp =  0.00386
      5.000    3.6996   0.010492   0.000000   0.000000   0.000000    0.3326     #

 Point added to stored polar  1
 Point written to save file  clarky_re430000_realistic_model_reverse.polar   
 Dump file unspecified or not available
 Calculating wake trajectory ...
 Calculating source influence matrix ...

 Solving BL system ...

 Side 1  free  transition at x/c =  0.3326   52
 Side 2 forced transition at x/c =  1.0000   76

   1   rms: 0.4358E-01   max: -.3158E+00   C at   52  1
       a =  4.500      CL =  0.8626
      Cm = -0.0764     CD =  0.01016   =>   CDf =  0.00663    CDp =  0.00353

 Side 1  free  transition at x/c =  0.3437   52
 Side 2 forced transition at x/c =  1.0000   76

   2   rms: 0.5807E-02   max: -.1205E+00   C at   52  1
       a =  4.500      CL =  0.8619
      Cm = -0.0763     CD =  0.01023   =>   CDf =  0.00659    CDp =  0.00364

 Side 1  free  transition at x/c =  0.3464   52
 Side 2 forced transition at x/c =  1.0000   76

   3   rms: 0.1065E-03   max: -.1507E-02   D at   54  1
       a =  4.500      CL =  0.8619
      Cm = -0.0763     CD =  0.01023   =>   CDf =  0.00657    CDp =  0.00366

 Side 1  free  transition at x/c =  0.3463   52
 Side 2 forced transition at x/c =  1.0000   76

   4   rms: 0.3296E-06   max: -.2889E-05   C at   52  1
       a =  4.500      CL =  0.8619
      Cm = -0.0763     CD =  0.01023   =>   CDf =  0.00657    CDp =  0.00366
      5.000    3.6699   0.010227   0.000000   0.000000   0.000000    0.3463     #

 Point added to stored polar  1
 Point written to save file  clarky_re430000_realistic_model_reverse.polar   
 Dump file unspecified or not available
 Calculating wake trajectory ...
 Calculating source influence matrix ...

 Solving BL system ...

 Side 1  free  transition at x/c =  0.3463   52
 Side 2 forced transition at x/c =  1.0000   76

   1   rms: 0.4162E-01   max: -.2866E+00   C at   52  1
       a =  4.250      CL =  0.8371
      Cm = -0.0769     CD =  0.01001   =>   CDf =  0.00657    CDp =  0.00345

 Side 1  free  transition at x/c =  0.3586   53
 Side 2 forced transition at x/c =  1.0000   76

   2   rms: 0.7117E-02   max: -.1398E+00   C at   53  1
       a =  4.250      CL =  0.8387
      Cm = -0.0771     CD =  0.00992   =>   CDf =  0.00649    CDp =  0.00343

 Side 1  free  transition at x/c =  0.3621   53
 Side 2 forced transition at x/c =  1.0000   76

   3   rms: 0.1967E-03   max: -.3638E-02   C at   53  1
       a =  4.250      CL =  0.8386
      Cm = -0.0771     CD =  0.00993   =>   CDf =  0.00647    CDp =  0.00346

 Side 1  free  transition at x/c =  0.3621   53
 Side 2 forced transition at x/c =  1.0000   76

   4   rms: 0.7420E-06   max: 0.7126E-05   C at   53  1
       a =  4.250      CL =  0.8386
      Cm = -0.0771     CD =  0.00993   =>   CDf =  0.00647    CDp =  0.00346
      5.000    3.6418   0.009928   0.000000   0.000000   0.000000    0.3621     #

 Point added to stored polar  1
 Point written to save file  clarky_re430000_realistic_model_reverse.polar   
 Dump file unspecified or not available
 Calculating wake trajectory ...
 Calculating source influence matrix ...

 Solving BL system ...

 Side 1  free  transition at x/c =  0.3621   53
 Side 2 forced transition at x/c =  1.0000   76

   1   rms: 0.4348E-01   max: -.4120E+00   C at   53  1
       a =  4.000      CL =  0.8144
      Cm = -0.0778     CD =  0.00969   =>   CDf =  0.00656    CDp =  0.00313

 Side 1  free  transition at x/c =  0.3727   53
 Side 2 forced transition at x/c =  1.0000   77

   2   rms: 0.9848E-02   max: -.1872E+00   C at   53  1
       a =  4.000      CL =  0.8152
      Cm = -0.0779     CD =  0.00965   =>   CDf =  0.00643    CDp =  0.00322

 Side 1  free  transition at x/c =  0.3776   53
 Side 2 forced transition at x/c =  1.0000   77

   3   rms: 0.4452E-03   max: 0.4846E-02   D at    4  2
       a =  4.000      CL =  0.8151
      Cm = -0.0779     CD =  0.00966   =>   CDf =  0.00639    CDp =  0.00327

 Side 1  free  transition at x/c =  0.3776   53
 Side 2 forced transition at x/c =  1.0000   77

   4   rms: 0.4751E-06   max: -.3159E-05   D at    8  2
       a =  4.000      CL =  0.8151
      Cm = -0.0779     CD =  0.00966   =>   CDf =  0.00639    CDp =  0.00327
      5.000    3.5832   0.009656   0.000000   0.000000   0.000000    0.3776     #

 Point added to stored polar  1
 Point written to save file  clarky_re430000_realistic_model_reverse.polar   
 Dump file unspecified or not available
 Calculating wake trajectory ...
 Calculating source influence matrix ...

 Solving BL system ...

 Side 1  free  transition at x/c =  0.3776   53
 Side 2 forced transition at x/c =  1.0000   77

   1   rms: 0.4396E-01   max: -.4416E+00   C at   53  1
       a =  3.750      CL =  0.7911
      Cm = -0.0786     CD =  0.00941   =>   CDf =  0.00638    CDp =  0.00303

 Side 1  free  transition at x/c =  0.3897   54
 Side 2 forced transition at x/c =  1.0000   77

   2   rms: 0.6733E-02   max: -.1350E+00   C at   54  1
       a =  3.750      CL =  0.7915
      Cm = -0.0787     CD =  0.00940   =>   CDf =  0.00633    CDp =  0.00307

 Side 1  free  transition at x/c =  0.3933   54
 Side 2 forced transition at x/c =  1.0000   77

   3   rms: 0.7327E-04   max: -.9004E-03   C at   54  1
       a =  3.750      CL =  0.7914
      Cm = -0.0787     CD =  0.00941   =>   CDf =  0.00630    CDp =  0.00311
      5.000    3.5126   0.009405   0.000000   0.000000   0.000000    0.3933     #

 Point added to stored polar  1
 Point written to save file  clarky_re430000_realistic_model_reverse.polar   
 Dump file unspecified or not available
 Calculating wake trajectory ...
 Calculating source influence matrix ...

 Solving BL system ...

 Side 1  free  transition at x/c =  0.3933   54
 Side 2 forced transition at x/c =  1.0000   77

   1   rms: 0.4559E-01   max: -.5099E+00   C at   54  1   RLX: 0.981
       a =  3.500      CL =  0.7684
      Cm = -0.0795     CD =  0.00915   =>   CDf =  0.00630    CDp =  0.00285

 Side 1  free  transition at x/c =  0.4096   55
 Side 2 forced transition at x/c =  1.0000   77

   2   rms: 0.3998E-02   max: -.8051E-01   C at   55  1
       a =  3.500      CL =  0.7681
      Cm = -0.0795     CD =  0.00915   =>   CDf =  0.00621    CDp =  0.00294

 Side 1  free  transition at x/c =  0.4123   55
 Side 2 forced transition at x/c =  1.0000   77

   3   rms: 0.1192E-03   max: -.2518E-02   C at   55  1
       a =  3.500      CL =  0.7681
      Cm = -0.0795     CD =  0.00915   =>   CDf =  0.00620    CDp =  0.00295

 Side 1  free  transition at x/c =  0.4124   55
 Side 2 forced transition at x/c =  1.0000   77

   4   rms: 0.4203E-06   max: -.1725E-05   D at   85  1
       a =  3.500      CL =  0.7681
      Cm = -0.0795     CD =  0.00915   =>   CDf =  0.00620    CDp =  0.00295
      5.000    3.4434   0.009151   0.000000   0.000000   0.000000    0.4124     #

 Point added to stored polar  1
 Point written to save file  clarky_re430000_realistic_model_reverse.polar   
 Dump file unspecified or not available
 Calculating wake trajectory ...
 Calculating source influence matrix ...

 Solving BL system ...

 Side 1  free  transition at x/c =  0.4124   55
 Side 2 forced transition at x/c =  1.0000   77

   1   rms: 0.4711E-01   max: -.5678E+00   C at   55  1   RLX: 0.881
       a =  3.250      CL =  0.7476
      Cm = -0.0803     CD =  0.00892   =>   CDf =  0.00627    CDp =  0.00265

 Side 1  free  transition at x/c =  0.4295   55
 Side 2 forced transition at x/c =  1.0000   78

   2   rms: 0.7590E-02   max: -.8993E-01   C at   55  1
       a =  3.250      CL =  0.7449
      Cm = -0.0804     CD =  0.00890   =>   CDf =  0.00611    CDp =  0.00279

 Side 1  free  transition at x/c =  0.4332   55
 Side 2 forced transition at x/c =  1.0000   78

   3   rms: 0.3752E-03   max: -.6015E-02   C at   55  1
       a =  3.250      CL =  0.7449
      Cm = -0.0804     CD =  0.00890   =>   CDf =  0.00610    CDp =  0.00281

 Side 1  free  transition at x/c =  0.4334   55
 Side 2 forced transition at x/c =  1.0000   78

   4   rms: 0.9802E-06   max: -.1143E-04   C at   55  1
       a =  3.250      CL =  0.7449
      Cm = -0.0804     CD =  0.00890   =>   CDf =  0.00610    CDp =  0.00281
      5.000    3.3766   0.008905   0.000000   0.000000   0.000000    0.4334     #

 Point added to stored polar  1
 Point written to save file  clarky_re430000_realistic_model_reverse.polar   
 Dump file unspecified or not available
 Calculating wake trajectory ...
 Calculating source influence matrix ...

 Solving BL system ...

 Side 1  free  transition at x/c =  0.4334   55
 Side 2 forced transition at x/c =  1.0000   78

   1   rms: 0.4627E-01   max: -.5296E+00   C at   55  1   RLX: 0.944
       a =  3.000      CL =  0.7227
      Cm = -0.0812     CD =  0.00869   =>   CDf =  0.00610    CDp =  0.00259

 Side 1  free  transition at x/c =  0.4527   56
 Side 2 forced transition at x/c =  1.0000   78

   2   rms: 0.2569E-02   max: 0.2680E-01   D at   55  1
       a =  3.000      CL =  0.7216
      Cm = -0.0813     CD =  0.00868   =>   CDf =  0.00600    CDp =  0.00269

 Side 1  free  transition at x/c =  0.4534   56
 Side 2 forced transition at x/c =  1.0000   78

   3   rms: 0.2348E-04   max: -.4016E-03   C at   56  1
       a =  3.000      CL =  0.7216
      Cm = -0.0813     CD =  0.00868   =>   CDf =  0.00600    CDp =  0.00269
      5.000    3.3131   0.008684   0.000000   0.000000   0.000000    0.4534     #

 Point added to stored polar  1
 Point written to save file  clarky_re430000_realistic_model_reverse.polar   
 Dump file unspecified or not available
 Calculating wake trajectory ...
 Calculating source influence matrix ...

 Solving BL system ...

 Side 1  free  transition at x/c =  0.4534   56
 Side 2 forced transition at x/c =  1.0000   78

   1   rms: 0.4468E-01   max: -.4539E+00   C at   56  1
       a =  2.750      CL =  0.6978
      Cm = -0.0821     CD =  0.00849   =>   CDf =  0.00600    CDp =  0.00249

 Side 1  free  transition at x/c =  0.4738   57
 Side 2 forced transition at x/c =  1.0000   78

   2   rms: 0.2237E-02   max: 0.3270E-01   C at   57  1
       a =  2.750      CL =  0.6982
      Cm = -0.0822     CD =  0.00848   =>   CDf =  0.00589    CDp =  0.00259

 Side 1  free  transition at x/c =  0.4723   57
 Side 2 forced transition at x/c =  1.0000   78

   3   rms: 0.9368E-04   max: -.1708E-02   C at   57  1
       a =  2.750      CL =  0.6982
      Cm = -0.0822     CD =  0.00848   =>   CDf =  0.00590    CDp =  0.00258
      5.000    3.2547   0.008482   0.000000   0.000000   0.000000    0.4723     #

 Point added to stored polar  1
 Point written to save file  clarky_re430000_realistic_model_reverse.polar   
 Dump file unspecified or not available
 Calculating wake trajectory ...
 Calculating source influence matrix ...

 Solving BL system ...

 Side 1  free  transition at x/c =  0.4723   57
 Side 2 forced transition at x/c =  1.0000   78

   1   rms: 0.4419E-01   max: -.4049E+00   C at   57  1
       a =  2.500      CL =  0.6743
      Cm = -0.0830     CD =  0.00831   =>   CDf =  0.00590    CDp =  0.00241

 Side 1  free  transition at x/c =  0.4919   58
 Side 2 forced transition at x/c =  1.0000   78

   2   rms: 0.2497E-02   max: 0.4049E-01   C at   58  1
       a =  2.500      CL =  0.6748
      Cm = -0.0831     CD =  0.00829   =>   CDf =  0.00580    CDp =  0.00250

 Side 1  free  transition at x/c =  0.4903   58
 Side 2 forced transition at x/c =  1.0000   78

   3   rms: 0.7643E-04   max: -.1335E-02   C at   58  1
       a =  2.500      CL =  0.6748
      Cm = -0.0831     CD =  0.00830   =>   CDf =  0.00581    CDp =  0.00249
      5.000    3.2019   0.008296   0.000000   0.000000   0.000000    0.4903     #

 Point added to stored polar  1
 Point written to save file  clarky_re430000_realistic_model_reverse.polar   
 Dump file unspecified or not available
 Calculating wake trajectory ...
 Calculating source influence matrix ...

 Solving BL system ...

 Side 1  free  transition at x/c =  0.4903   58
 Side 2 forced transition at x/c =  1.0000   78

   1   rms: 0.4418E-01   max: -.3967E+00   C at   58  1
       a =  2.250      CL =  0.6510
      Cm = -0.0839     CD =  0.00813   =>   CDf =  0.00585    CDp =  0.00227

 Side 1  free  transition at x/c =  0.5094   58
 Side 2 forced transition at x/c =  1.0000   79

   2   rms: 0.3769E-02   max: 0.4615E-01   D at    3  2
       a =  2.250      CL =  0.6514
      Cm = -0.0840     CD =  0.00812   =>   CDf =  0.00571    CDp =  0.00241

 Side 1  free  transition at x/c =  0.5085   58
 Side 2 forced transition at x/c =  1.0000   79

   3   rms: 0.4434E-03   max: 0.4815E-02   D at    4  2
       a =  2.250      CL =  0.6514
      Cm = -0.0840     CD =  0.00812   =>   CDf =  0.00571    CDp =  0.00241

 Side 1  free  transition at x/c =  0.5085   58
 Side 2 forced transition at x/c =  1.0000   79

   4   rms: 0.1663E-06   max: -.3073E-05   D at    8  2
       a =  2.250      CL =  0.6514
      Cm = -0.0840     CD =  0.00812   =>   CDf =  0.00571    CDp =  0.00241
      5.000    3.1573   0.008117   0.000000   0.000000   0.000000    0.5085     #

 Point added to stored polar  1
 Point written to save file  clarky_re430000_realistic_model_reverse.polar   
 Dump file unspecified or not available
 Calculating wake trajectory ...
 Calculating source influence matrix ...

 Solving BL system ...

 Side 1  free  transition at x/c =  0.5085   58
 Side 2 forced transition at x/c =  1.0000   79

   1   rms: 0.4336E-01   max: -.3872E+00   C at   58  1
       a =  2.000      CL =  0.6277
      Cm = -0.0849     CD =  0.00795   =>   CDf =  0.00571    CDp =  0.00224

 Side 1  free  transition at x/c =  0.5252   59
 Side 2 forced transition at x/c =  1.0000   79

   2   rms: 0.1036E-02   max: 0.1483E-01   D at   58  1
       a =  2.000      CL =  0.6278
      Cm = -0.0849     CD =  0.00795   =>   CDf =  0.00561    CDp =  0.00234

 Side 1  free  transition at x/c =  0.5258   59
 Side 2 forced transition at x/c =  1.0000   79

   3   rms: 0.6863E-05   max: -.9123E-04   D at   59  1
       a =  2.000      CL =  0.6278
      Cm = -0.0849     CD =  0.00795   =>   CDf =  0.00561    CDp =  0.00234
      5.000    3.1324   0.007953   0.000000   0.000000   0.000000    0.5258     #

 Point added to stored polar  1
 Point written to save file  clarky_re430000_realistic_model_reverse.polar   
 Dump file unspecified or not available
 Calculating wake trajectory ...
 Calculating source influence matrix ...

 Solving BL system ...

 Side 1  free  transition at x/c =  0.5258   59
 Side 2 forced transition at x/c =  1.0000   79

   1   rms: 0.4296E-01   max: -.3672E+00   C at   59  1
       a =  1.750      CL =  0.6040
      Cm = -0.0857     CD =  0.00780   =>   CDf =  0.00561    CDp =  0.00218

 Side 1  free  transition at x/c =  0.5394   60
 Side 2  free  transition at x/c =  0.9885   79

   2   rms: 0.1395E-01   max: -.1577E+00   D at   79  2
       a =  1.750      CL =  0.5964
      Cm = -0.0841     CD =  0.00779   =>   CDf =  0.00553    CDp =  0.00226

 Side 1  free  transition at x/c =  0.5423   60
 Side 2  free  transition at x/c =  0.9963   79

   3   rms: 0.1161E-02   max: 0.1301E-01   C at   79  2
       a =  1.750      CL =  0.5969
      Cm = -0.0842     CD =  0.00780   =>   CDf =  0.00552    CDp =  0.00228

 Side 1  free  transition at x/c =  0.5423   60
 Side 2  free  transition at x/c =  0.9953   79

   4   rms: 0.9183E-05   max: -.1253E-03   C at   79  2
       a =  1.750      CL =  0.5969
      Cm = -0.0842     CD =  0.00780   =>   CDf =  0.00552    CDp =  0.00229
      5.000    3.1592   0.007801   0.000000   0.000000   0.000000    0.5423     #

 Point added to stored polar  1
 Point written to save file  clarky_re430000_realistic_model_reverse.polar   
 Dump file unspecified or not available
 Calculating wake trajectory ...
 Calculating source influence matrix ...

 Solving BL system ...

 Side 1  free  transition at x/c =  0.5423   60
 Side 2  free  transition at x/c =  0.9953   79

   1   rms: 0.5044E-01   max: -.3644E+00   C at   60  1
       a =  1.500      CL =  0.5612
      Cm = -0.0824     CD =  0.00765   =>   CDf =  0.00555    CDp =  0.00210

 Side 1  free  transition at x/c =  0.5536   59
 Side 2  free  transition at x/c =  0.9837   79

   2   rms: 0.8614E-02   max: -.1447E+00   C at   59  1
       a =  1.500      CL =  0.5587
      Cm = -0.0819     CD =  0.00770   =>   CDf =  0.00548    CDp =  0.00222

 Side 1  free  transition at x/c =  0.5588   60
 Side 2  free  transition at x/c =  0.9874   80

   3   rms: 0.6865E-02   max: 0.1273E+00   C at   80  2
       a =  1.500      CL =  0.5595
      Cm = -0.0820     CD =  0.00767   =>   CDf =  0.00542    CDp =  0.00225

 Side 1  free  transition at x/c =  0.5579   60
 Side 2  free  transition at x/c =  0.9855   79

   4   rms: 0.4019E-03   max: -.5555E-02   D at   80  2
       a =  1.500      CL =  0.5592
      Cm = -0.0820     CD =  0.00767   =>   CDf =  0.00543    CDp =  0.00225

 Side 1  free  transition at x/c =  0.5580   60
 Side 2  free  transition at x/c =  0.9872   80

   5   rms: 0.6462E-02   max: 0.1242E+00   C at   80  2
       a =  1.500      CL =  0.5595
      Cm = -0.0820     CD =  0.00767   =>   CDf =  0.00543    CDp =  0.00224

 Side 1  free  transition at x/c =  0.5579   60
 Side 2  free  transition at x/c =  0.9856   79

   6   rms: 0.3645E-03   max: -.5029E-02   D at   80  2
       a =  1.500      CL =  0.5592
      Cm = -0.0820     CD =  0.00767   =>   CDf =  0.00543    CDp =  0.00225

 Side 1  free  transition at x/c =  0.5580   60
 Side 2  free  transition at x/c =  0.9872   80

   7   rms: 0.6462E-02   max: 0.1242E+00   C at   80  2
       a =  1.500      CL =  0.5595
      Cm = -0.0820     CD =  0.00767   =>   CDf =  0.00543    CDp =  0.00224

 Side 1  free  transition at x/c =  0.5579   60
 Side 2  free  transition at x/c =  0.9856   79

   8   rms: 0.3645E-03   max: -.5029E-02   D at   80  2
       a =  1.500      CL =  0.5592
      Cm = -0.0820     CD =  0.00767   =>   CDf =  0.00543    CDp =  0.00225

 Side 1  free  transition at x/c =  0.5580   60
 Side 2  free  transition at x/c =  0.9872   80

   9   rms: 0.6462E-02   max: 0.1242E+00   C at   80  2
       a =  1.500      CL =  0.5595
      Cm = -0.0820     CD =  0.00767   =>   CDf =  0.00543    CDp =  0.00224

 Side 1  free  transition at x/c =  0.5579   60
 Side 2  free  transition at x/c =  0.9856   79

  10   rms: 0.3645E-03   max: -.5029E-02   D at   80  2
       a =  1.500      CL =  0.5592
      Cm = -0.0820     CD =  0.00767   =>   CDf =  0.00543    CDp =  0.00225

 Side 1  free  transition at x/c =  0.5580   60
 Side 2  free  transition at x/c =  0.9872   80

  11   rms: 0.6462E-02   max: 0.1242E+00   C at   80  2
       a =  1.500      CL =  0.5595
      Cm = -0.0820     CD =  0.00767   =>   CDf =  0.00543    CDp =  0.00224

 Side 1  free  transition at x/c =  0.5579   60
 Side 2  free  transition at x/c =  0.9856   79

  12   rms: 0.3645E-03   max: -.5029E-02   D at   80  2
       a =  1.500      CL =  0.5592
      Cm = -0.0820     CD =  0.00767   =>   CDf =  0.00543    CDp =  0.00225

 Side 1  free  transition at x/c =  0.5580   60
 Side 2  free  transition at x/c =  0.9872   80

  13   rms: 0.6462E-02   max: 0.1242E+00   C at   80  2
       a =  1.500      CL =  0.5595
      Cm = -0.0820     CD =  0.00767   =>   CDf =  0.00543    CDp =  0.00224

 Side 1  free  transition at x/c =  0.5579   60
 Side 2  free  transition at x/c =  0.9856   79

  14   rms: 0.3645E-03   max: -.5029E-02   D at   80  2
       a =  1.500      CL =  0.5592
      Cm = -0.0820     CD =  0.00767   =>   CDf =  0.00543    CDp =  0.00225

 Side 1  free  transition at x/c =  0.5580   60
 Side 2  free  transition at x/c =  0.9872   80

  15   rms: 0.6462E-02   max: 0.1242E+00   C at   80  2
       a =  1.500      CL =  0.5595
      Cm = -0.0820     CD =  0.00767   =>   CDf =  0.00543    CDp =  0.00224

 Side 1  free  transition at x/c =  0.5579   60
 Side 2  free  transition at x/c =  0.9856   79

  16   rms: 0.3645E-03   max: -.5029E-02   D at   80  2
       a =  1.500      CL =  0.5592
      Cm = -0.0820     CD =  0.00767   =>   CDf =  0.00543    CDp =  0.00225

 Side 1  free  transition at x/c =  0.5580   60
 Side 2  free  transition at x/c =  0.9872   80

  17   rms: 0.6462E-02   max: 0.1242E+00   C at   80  2
       a =  1.500      CL =  0.5595
      Cm = -0.0820     CD =  0.00767   =>   CDf =  0.00543    CDp =  0.00224

 Side 1  free  transition at x/c =  0.5579   60
 Side 2  free  transition at x/c =  0.9856   79

  18   rms: 0.3645E-03   max: -.5029E-02   D at   80  2
       a =  1.500      CL =  0.5592
      Cm = -0.0820     CD =  0.00767   =>   CDf =  0.00543    CDp =  0.00225

 Side 1  free  transition at x/c =  0.5580   60
 Side 2  free  transition at x/c =  0.9872   80

  19   rms: 0.6462E-02   max: 0.1242E+00   C at   80  2
       a =  1.500      CL =  0.5595
      Cm = -0.0820     CD =  0.00767   =>   CDf =  0.00543    CDp =  0.00224

 Side 1  free  transition at x/c =  0.5579   60
 Side 2  free  transition at x/c =  0.9856   79

  20   rms: 0.3645E-03   max: -.5029E-02   D at   80  2
       a =  1.500      CL =  0.5592
      Cm = -0.0820     CD =  0.00767   =>   CDf =  0.00543    CDp =  0.00225

 Side 1  free  transition at x/c =  0.5580   60
 Side 2  free  transition at x/c =  0.9872   80

  21   rms: 0.6462E-02   max: 0.1242E+00   C at   80  2
       a =  1.500      CL =  0.5595
      Cm = -0.0820     CD =  0.00767   =>   CDf =  0.00543    CDp =  0.00224

 Side 1  free  transition at x/c =  0.5579   60
 Side 2  free  transition at x/c =  0.9856   79

  22   rms: 0.3645E-03   max: -.5029E-02   D at   80  2
       a =  1.500      CL =  0.5592
      Cm = -0.0820     CD =  0.00767   =>   CDf =  0.00543    CDp =  0.00225

 Side 1  free  transition at x/c =  0.5580   60
 Side 2  free  transition at x/c =  0.9872   80

  23   rms: 0.6462E-02   max: 0.1242E+00   C at   80  2
       a =  1.500      CL =  0.5595
      Cm = -0.0820     CD =  0.00767   =>   CDf =  0.00543    CDp =  0.00224

 Side 1  free  transition at x/c =  0.5579   60
 Side 2  free  transition at x/c =  0.9856   79

  24   rms: 0.3645E-03   max: -.5029E-02   D at   80  2
       a =  1.500      CL =  0.5592
      Cm = -0.0820     CD =  0.00767   =>   CDf =  0.00543    CDp =  0.00225

 Side 1  free  transition at x/c =  0.5580   60
 Side 2  free  transition at x/c =  0.9872   80

  25   rms: 0.6462E-02   max: 0.1242E+00   C at   80  2
       a =  1.500      CL =  0.5595
      Cm = -0.0820     CD =  0.00767   =>   CDf =  0.00543    CDp =  0.00224

 Side 1  free  transition at x/c =  0.5579   60
 Side 2  free  transition at x/c =  0.9856   79

  26   rms: 0.3645E-03   max: -.5029E-02   D at   80  2
       a =  1.500      CL =  0.5592
      Cm = -0.0820     CD =  0.00767   =>   CDf =  0.00543    CDp =  0.00225

 Side 1  free  transition at x/c =  0.5580   60
 Side 2  free  transition at x/c =  0.9872   80

  27   rms: 0.6462E-02   max: 0.1242E+00   C at   80  2
       a =  1.500      CL =  0.5595
      Cm = -0.0820     CD =  0.00767   =>   CDf =  0.00543    CDp =  0.00224

 Side 1  free  transition at x/c =  0.5579   60
 Side 2  free  transition at x/c =  0.9856   79

  28   rms: 0.3645E-03   max: -.5029E-02   D at   80  2
       a =  1.500      CL =  0.5592
      Cm = -0.0820     CD =  0.00767   =>   CDf =  0.00543    CDp =  0.00225

 Side 1  free  transition at x/c =  0.5580   60
 Side 2  free  transition at x/c =  0.9872   80

  29   rms: 0.6462E-02   max: 0.1242E+00   C at   80  2
       a =  1.500      CL =  0.5595
      Cm = -0.0820     CD =  0.00767   =>   CDf =  0.00543    CDp =  0.00224

 Side 1  free  transition at x/c =  0.5579   60
 Side 2  free  transition at x/c =  0.9856   79

  30   rms: 0.3645E-03   max: -.5029E-02   D at   80  2
       a =  1.500      CL =  0.5592
      Cm = -0.0820     CD =  0.00767   =>   CDf =  0.00543    CDp =  0.00225

 Side 1  free  transition at x/c =  0.5580   60
 Side 2  free  transition at x/c =  0.9872   80

  31   rms: 0.6462E-02   max: 0.1242E+00   C at   80  2
       a =  1.500      CL =  0.5595
      Cm = -0.0820     CD =  0.00767   =>   CDf =  0.00543    CDp =  0.00224

 Side 1  free  transition at x/c =  0.5579   60
 Side 2  free  transition at x/c =  0.9856   79

  32   rms: 0.3645E-03   max: -.5029E-02   D at   80  2
       a =  1.500      CL =  0.5592
      Cm = -0.0820     CD =  0.00767   =>   CDf =  0.00543    CDp =  0.00225

 Side 1  free  transition at x/c =  0.5580   60
 Side 2  free  transition at x/c =  0.9872   80

  33   rms: 0.6462E-02   max: 0.1242E+00   C at   80  2
       a =  1.500      CL =  0.5595
      Cm = -0.0820     CD =  0.00767   =>   CDf =  0.00543    CDp =  0.00224

 Side 1  free  transition at x/c =  0.5579   60
 Side 2  free  transition at x/c =  0.9856   79

  34   rms: 0.3645E-03   max: -.5029E-02   D at   80  2
       a =  1.500      CL =  0.5592
      Cm = -0.0820     CD =  0.00767   =>   CDf =  0.00543    CDp =  0.00225

 Side 1  free  transition at x/c =  0.5580   60
 Side 2  free  transition at x/c =  0.9872   80

  35   rms: 0.6462E-02   max: 0.1242E+00   C at   80  2
       a =  1.500      CL =  0.5595
      Cm = -0.0820     CD =  0.00767   =>   CDf =  0.00543    CDp =  0.00224

 Side 1  free  transition at x/c =  0.5579   60
 Side 2  free  transition at x/c =  0.9856   79

  36   rms: 0.3645E-03   max: -.5029E-02   D at   80  2
       a =  1.500      CL =  0.5592
      Cm = -0.0820     CD =  0.00767   =>   CDf =  0.00543    CDp =  0.00225

 Side 1  free  transition at x/c =  0.5580   60
 Side 2  free  transition at x/c =  0.9872   80

  37   rms: 0.6462E-02   max: 0.1242E+00   C at   80  2
       a =  1.500      CL =  0.5595
      Cm = -0.0820     CD =  0.00767   =>   CDf =  0.00543    CDp =  0.00224

 Side 1  free  transition at x/c =  0.5579   60
 Side 2  free  transition at x/c =  0.9856   79

  38   rms: 0.3645E-03   max: -.5029E-02   D at   80  2
       a =  1.500      CL =  0.5592
      Cm = -0.0820     CD =  0.00767   =>   CDf =  0.00543    CDp =  0.00225

 Side 1  free  transition at x/c =  0.5580   60
 Side 2  free  transition at x/c =  0.9872   80

  39   rms: 0.6462E-02   max: 0.1242E+00   C at   80  2
       a =  1.500      CL =  0.5595
      Cm = -0.0820     CD =  0.00767   =>   CDf =  0.00543    CDp =  0.00224

 Side 1  free  transition at x/c =  0.5579   60
 Side 2  free  transition at x/c =  0.9856   79

  40   rms: 0.3645E-03   max: -.5029E-02   D at   80  2
       a =  1.500      CL =  0.5592
      Cm = -0.0820     CD =  0.00767   =>   CDf =  0.00543    CDp =  0.00225

 Side 1  free  transition at x/c =  0.5580   60
 Side 2  free  transition at x/c =  0.9872   80

  41   rms: 0.6462E-02   max: 0.1242E+00   C at   80  2
       a =  1.500      CL =  0.5595
      Cm = -0.0820     CD =  0.00767   =>   CDf =  0.00543    CDp =  0.00224

 Side 1  free  transition at x/c =  0.5579   60
 Side 2  free  transition at x/c =  0.9856   79

  42   rms: 0.3645E-03   max: -.5029E-02   D at   80  2
       a =  1.500      CL =  0.5592
      Cm = -0.0820     CD =  0.00767   =>   CDf =  0.00543    CDp =  0.00225

 Side 1  free  transition at x/c =  0.5580   60
 Side 2  free  transition at x/c =  0.9872   80

  43   rms: 0.6462E-02   max: 0.1242E+00   C at   80  2
       a =  1.500      CL =  0.5595
      Cm = -0.0820     CD =  0.00767   =>   CDf =  0.00543    CDp =  0.00224

 Side 1  free  transition at x/c =  0.5579   60
 Side 2  free  transition at x/c =  0.9856   79

  44   rms: 0.3645E-03   max: -.5029E-02   D at   80  2
       a =  1.500      CL =  0.5592
      Cm = -0.0820     CD =  0.00767   =>   CDf =  0.00543    CDp =  0.00225

 Side 1  free  transition at x/c =  0.5580   60
 Side 2  free  transition at x/c =  0.9872   80

  45   rms: 0.6462E-02   max: 0.1242E+00   C at   80  2
       a =  1.500      CL =  0.5595
      Cm = -0.0820     CD =  0.00767   =>   CDf =  0.00543    CDp =  0.00224

 Side 1  free  transition at x/c =  0.5579   60
 Side 2  free  transition at x/c =  0.9856   79

  46   rms: 0.3645E-03   max: -.5029E-02   D at   80  2
       a =  1.500      CL =  0.5592
      Cm = -0.0820     CD =  0.00767   =>   CDf =  0.00543    CDp =  0.00225

 Side 1  free  transition at x/c =  0.5580   60
 Side 2  free  transition at x/c =  0.9872   80

  47   rms: 0.6462E-02   max: 0.1242E+00   C at   80  2
       a =  1.500      CL =  0.5595
      Cm = -0.0820     CD =  0.00767   =>   CDf =  0.00543    CDp =  0.00224

 Side 1  free  transition at x/c =  0.5579   60
 Side 2  free  transition at x/c =  0.9856   79

  48   rms: 0.3645E-03   max: -.5029E-02   D at   80  2
       a =  1.500      CL =  0.5592
      Cm = -0.0820     CD =  0.00767   =>   CDf =  0.00543    CDp =  0.00225

 Side 1  free  transition at x/c =  0.5580   60
 Side 2  free  transition at x/c =  0.9872   80

  49   rms: 0.6462E-02   max: 0.1242E+00   C at   80  2
       a =  1.500      CL =  0.5595
      Cm = -0.0820     CD =  0.00767   =>   CDf =  0.00543    CDp =  0.00224

 Side 1  free  transition at x/c =  0.5579   60
 Side 2  free  transition at x/c =  0.9856   79

  50   rms: 0.3645E-03   max: -.5029E-02   D at   80  2
       a =  1.500      CL =  0.5592
      Cm = -0.0820     CD =  0.00767   =>   CDf =  0.00543    CDp =  0.00225

 Side 1  free  transition at x/c =  0.5580   60
 Side 2  free  transition at x/c =  0.9872   80

  51   rms: 0.6462E-02   max: 0.1242E+00   C at   80  2
       a =  1.500      CL =  0.5595
      Cm = -0.0820     CD =  0.00767   =>   CDf =  0.00543    CDp =  0.00224

 Side 1  free  transition at x/c =  0.5579   60
 Side 2  free  transition at x/c =  0.9856   79

  52   rms: 0.3645E-03   max: -.5029E-02   D at   80  2
       a =  1.500      CL =  0.5592
      Cm = -0.0820     CD =  0.00767   =>   CDf =  0.00543    CDp =  0.00225

 Side 1  free  transition at x/c =  0.5580   60
 Side 2  free  transition at x/c =  0.9872   80

  53   rms: 0.6462E-02   max: 0.1242E+00   C at   80  2
       a =  1.500      CL =  0.5595
      Cm = -0.0820     CD =  0.00767   =>   CDf =  0.00543    CDp =  0.00224

 Side 1  free  transition at x/c =  0.5579   60
 Side 2  free  transition at x/c =  0.9856   79

  54   rms: 0.3645E-03   max: -.5029E-02   D at   80  2
       a =  1.500      CL =  0.5592
      Cm = -0.0820     CD =  0.00767   =>   CDf =  0.00543    CDp =  0.00225

 Side 1  free  transition at x/c =  0.5580   60
 Side 2  free  transition at x/c =  0.9872   80

  55   rms: 0.6462E-02   max: 0.1242E+00   C at   80  2
       a =  1.500      CL =  0.5595
      Cm = -0.0820     CD =  0.00767   =>   CDf =  0.00543    CDp =  0.00224

 Side 1  free  transition at x/c =  0.5579   60
 Side 2  free  transition at x/c =  0.9856   79

  56   rms: 0.3645E-03   max: -.5029E-02   D at   80  2
       a =  1.500      CL =  0.5592
      Cm = -0.0820     CD =  0.00767   =>   CDf =  0.00543    CDp =  0.00225

 Side 1  free  transition at x/c =  0.5580   60
 Side 2  free  transition at x/c =  0.9872   80

  57   rms: 0.6462E-02   max: 0.1242E+00   C at   80  2
       a =  1.500      CL =  0.5595
      Cm = -0.0820     CD =  0.00767   =>   CDf =  0.00543    CDp =  0.00224

 Side 1  free  transition at x/c =  0.5579   60
 Side 2  free  transition at x/c =  0.9856   79

  58   rms: 0.3645E-03   max: -.5029E-02   D at   80  2
       a =  1.500      CL =  0.5592
      Cm = -0.0820     CD =  0.00767   =>   CDf =  0.00543    CDp =  0.00225

 Side 1  free  transition at x/c =  0.5580   60
 Side 2  free  transition at x/c =  0.9872   80

  59   rms: 0.6462E-02   max: 0.1242E+00   C at   80  2
       a =  1.500      CL =  0.5595
      Cm = -0.0820     CD =  0.00767   =>   CDf =  0.00543    CDp =  0.00224

 Side 1  free  transition at x/c =  0.5579   60
 Side 2  free  transition at x/c =  0.9856   79

  60   rms: 0.3645E-03   max: -.5029E-02   D at   80  2
       a =  1.500      CL =  0.5592
      Cm = -0.0820     CD =  0.00767   =>   CDf =  0.00543    CDp =  0.00225

 Side 1  free  transition at x/c =  0.5580   60
 Side 2  free  transition at x/c =  0.9872   80

  61   rms: 0.6462E-02   max: 0.1242E+00   C at   80  2
       a =  1.500      CL =  0.5595
      Cm = -0.0820     CD =  0.00767   =>   CDf =  0.00543    CDp =  0.00224

 Side 1  free  transition at x/c =  0.5579   60
 Side 2  free  transition at x/c =  0.9856   79

  62   rms: 0.3645E-03   max: -.5029E-02   D at   80  2
       a =  1.500      CL =  0.5592
      Cm = -0.0820     CD =  0.00767   =>   CDf =  0.00543    CDp =  0.00225

 Side 1  free  transition at x/c =  0.5580   60
 Side 2  free  transition at x/c =  0.9872   80

  63   rms: 0.6462E-02   max: 0.1242E+00   C at   80  2
       a =  1.500      CL =  0.5595
      Cm = -0.0820     CD =  0.00767   =>   CDf =  0.00543    CDp =  0.00224

 Side 1  free  transition at x/c =  0.5579   60
 Side 2  free  transition at x/c =  0.9856   79

  64   rms: 0.3645E-03   max: -.5029E-02   D at   80  2
       a =  1.500      CL =  0.5592
      Cm = -0.0820     CD =  0.00767   =>   CDf =  0.00543    CDp =  0.00225

 Side 1  free  transition at x/c =  0.5580   60
 Side 2  free  transition at x/c =  0.9872   80

  65   rms: 0.6462E-02   max: 0.1242E+00   C at   80  2
       a =  1.500      CL =  0.5595
      Cm = -0.0820     CD =  0.00767   =>   CDf =  0.00543    CDp =  0.00224

 Side 1  free  transition at x/c =  0.5579   60
 Side 2  free  transition at x/c =  0.9856   79

  66   rms: 0.3645E-03   max: -.5029E-02   D at   80  2
       a =  1.500      CL =  0.5592
      Cm = -0.0820     CD =  0.00767   =>   CDf =  0.00543    CDp =  0.00225

 Side 1  free  transition at x/c =  0.5580   60
 Side 2  free  transition at x/c =  0.9872   80

  67   rms: 0.6462E-02   max: 0.1242E+00   C at   80  2
       a =  1.500      CL =  0.5595
      Cm = -0.0820     CD =  0.00767   =>   CDf =  0.00543    CDp =  0.00224

 Side 1  free  transition at x/c =  0.5579   60
 Side 2  free  transition at x/c =  0.9856   79

  68   rms: 0.3645E-03   max: -.5029E-02   D at   80  2
       a =  1.500      CL =  0.5592
      Cm = -0.0820     CD =  0.00767   =>   CDf =  0.00543    CDp =  0.00225

 Side 1  free  transition at x/c =  0.5580   60
 Side 2  free  transition at x/c =  0.9872   80

  69   rms: 0.6462E-02   max: 0.1242E+00   C at   80  2
       a =  1.500      CL =  0.5595
      Cm = -0.0820     CD =  0.00767   =>   CDf =  0.00543    CDp =  0.00224

 Side 1  free  transition at x/c =  0.5579   60
 Side 2  free  transition at x/c =  0.9856   79

  70   rms: 0.3645E-03   max: -.5029E-02   D at   80  2
       a =  1.500      CL =  0.5592
      Cm = -0.0820     CD =  0.00767   =>   CDf =  0.00543    CDp =  0.00225

 Side 1  free  transition at x/c =  0.5580   60
 Side 2  free  transition at x/c =  0.9872   80

  71   rms: 0.6462E-02   max: 0.1242E+00   C at   80  2
       a =  1.500      CL =  0.5595
      Cm = -0.0820     CD =  0.00767   =>   CDf =  0.00543    CDp =  0.00224

 Side 1  free  transition at x/c =  0.5579   60
 Side 2  free  transition at x/c =  0.9856   79

  72   rms: 0.3645E-03   max: -.5029E-02   D at   80  2
       a =  1.500      CL =  0.5592
      Cm = -0.0820     CD =  0.00767   =>   CDf =  0.00543    CDp =  0.00225

 Side 1  free  transition at x/c =  0.5580   60
 Side 2  free  transition at x/c =  0.9872   80

  73   rms: 0.6462E-02   max: 0.1242E+00   C at   80  2
       a =  1.500      CL =  0.5595
      Cm = -0.0820     CD =  0.00767   =>   CDf =  0.00543    CDp =  0.00224

 Side 1  free  transition at x/c =  0.5579   60
 Side 2  free  transition at x/c =  0.9856   79

  74   rms: 0.3645E-03   max: -.5029E-02   D at   80  2
       a =  1.500      CL =  0.5592
      Cm = -0.0820     CD =  0.00767   =>   CDf =  0.00543    CDp =  0.00225

 Side 1  free  transition at x/c =  0.5580   60
 Side 2  free  transition at x/c =  0.9872   80

  75   rms: 0.6462E-02   max: 0.1242E+00   C at   80  2
       a =  1.500      CL =  0.5595
      Cm = -0.0820     CD =  0.00767   =>   CDf =  0.00543    CDp =  0.00224

 Side 1  free  transition at x/c =  0.5579   60
 Side 2  free  transition at x/c =  0.9856   79

  76   rms: 0.3645E-03   max: -.5029E-02   D at   80  2
       a =  1.500      CL =  0.5592
      Cm = -0.0820     CD =  0.00767   =>   CDf =  0.00543    CDp =  0.00225

 Side 1  free  transition at x/c =  0.5580   60
 Side 2  free  transition at x/c =  0.9872   80

  77   rms: 0.6462E-02   max: 0.1242E+00   C at   80  2
       a =  1.500      CL =  0.5595
      Cm = -0.0820     CD =  0.00767   =>   CDf =  0.00543    CDp =  0.00224

 Side 1  free  transition at x/c =  0.5579   60
 Side 2  free  transition at x/c =  0.9856   79

  78   rms: 0.3645E-03   max: -.5029E-02   D at   80  2
       a =  1.500      CL =  0.5592
      Cm = -0.0820     CD =  0.00767   =>   CDf =  0.00543    CDp =  0.00225

 Side 1  free  transition at x/c =  0.5580   60
 Side 2  free  transition at x/c =  0.9872   80

  79   rms: 0.6462E-02   max: 0.1242E+00   C at   80  2
       a =  1.500      CL =  0.5595
      Cm = -0.0820     CD =  0.00767   =>   CDf =  0.00543    CDp =  0.00224

 Side 1  free  transition at x/c =  0.5579   60
 Side 2  free  transition at x/c =  0.9856   79

  80   rms: 0.3645E-03   max: -.5029E-02   D at   80  2
       a =  1.500      CL =  0.5592
      Cm = -0.0820     CD =  0.00767   =>   CDf =  0.00543    CDp =  0.00225

 Side 1  free  transition at x/c =  0.5580   60
 Side 2  free  transition at x/c =  0.9872   80

  81   rms: 0.6462E-02   max: 0.1242E+00   C at   80  2
       a =  1.500      CL =  0.5595
      Cm = -0.0820     CD =  0.00767   =>   CDf =  0.00543    CDp =  0.00224

 Side 1  free  transition at x/c =  0.5579   60
 Side 2  free  transition at x/c =  0.9856   79

  82   rms: 0.3645E-03   max: -.5029E-02   D at   80  2
       a =  1.500      CL =  0.5592
      Cm = -0.0820     CD =  0.00767   =>   CDf =  0.00543    CDp =  0.00225

 Side 1  free  transition at x/c =  0.5580   60
 Side 2  free  transition at x/c =  0.9872   80

  83   rms: 0.6462E-02   max: 0.1242E+00   C at   80  2
       a =  1.500      CL =  0.5595
      Cm = -0.0820     CD =  0.00767   =>   CDf =  0.00543    CDp =  0.00224

 Side 1  free  transition at x/c =  0.5579   60
 Side 2  free  transition at x/c =  0.9856   79

  84   rms: 0.3645E-03   max: -.5029E-02   D at   80  2
       a =  1.500      CL =  0.5592
      Cm = -0.0820     CD =  0.00767   =>   CDf =  0.00543    CDp =  0.00225

 Side 1  free  transition at x/c =  0.5580   60
 Side 2  free  transition at x/c =  0.9872   80

  85   rms: 0.6462E-02   max: 0.1242E+00   C at   80  2
       a =  1.500      CL =  0.5595
      Cm = -0.0820     CD =  0.00767   =>   CDf =  0.00543    CDp =  0.00224

 Side 1  free  transition at x/c =  0.5579   60
 Side 2  free  transition at x/c =  0.9856   79

  86   rms: 0.3645E-03   max: -.5029E-02   D at   80  2
       a =  1.500      CL =  0.5592
      Cm = -0.0820     CD =  0.00767   =>   CDf =  0.00543    CDp =  0.00225

 Side 1  free  transition at x/c =  0.5580   60
 Side 2  free  transition at x/c =  0.9872   80

  87   rms: 0.6462E-02   max: 0.1242E+00   C at   80  2
       a =  1.500      CL =  0.5595
      Cm = -0.0820     CD =  0.00767   =>   CDf =  0.00543    CDp =  0.00224

 Side 1  free  transition at x/c =  0.5579   60
 Side 2  free  transition at x/c =  0.9856   79

  88   rms: 0.3645E-03   max: -.5029E-02   D at   80  2
       a =  1.500      CL =  0.5592
      Cm = -0.0820     CD =  0.00767   =>   CDf =  0.00543    CDp =  0.00225

 Side 1  free  transition at x/c =  0.5580   60
 Side 2  free  transition at x/c =  0.9872   80

  89   rms: 0.6462E-02   max: 0.1242E+00   C at   80  2
       a =  1.500      CL =  0.5595
      Cm = -0.0820     CD =  0.00767   =>   CDf =  0.00543    CDp =  0.00224

 Side 1  free  transition at x/c =  0.5579   60
 Side 2  free  transition at x/c =  0.9856   79

  90   rms: 0.3645E-03   max: -.5029E-02   D at   80  2
       a =  1.500      CL =  0.5592
      Cm = -0.0820     CD =  0.00767   =>   CDf =  0.00543    CDp =  0.00225

 Side 1  free  transition at x/c =  0.5580   60
 Side 2  free  transition at x/c =  0.9872   80

  91   rms: 0.6462E-02   max: 0.1242E+00   C at   80  2
       a =  1.500      CL =  0.5595
      Cm = -0.0820     CD =  0.00767   =>   CDf =  0.00543    CDp =  0.00224

 Side 1  free  transition at x/c =  0.5579   60
 Side 2  free  transition at x/c =  0.9856   79

  92   rms: 0.3645E-03   max: -.5029E-02   D at   80  2
       a =  1.500      CL =  0.5592
      Cm = -0.0820     CD =  0.00767   =>   CDf =  0.00543    CDp =  0.00225

 Side 1  free  transition at x/c =  0.5580   60
 Side 2  free  transition at x/c =  0.9872   80

  93   rms: 0.6462E-02   max: 0.1242E+00   C at   80  2
       a =  1.500      CL =  0.5595
      Cm = -0.0820     CD =  0.00767   =>   CDf =  0.00543    CDp =  0.00224

 Side 1  free  transition at x/c =  0.5579   60
 Side 2  free  transition at x/c =  0.9856   79

  94   rms: 0.3645E-03   max: -.5029E-02   D at   80  2
       a =  1.500      CL =  0.5592
      Cm = -0.0820     CD =  0.00767   =>   CDf =  0.00543    CDp =  0.00225

 Side 1  free  transition at x/c =  0.5580   60
 Side 2  free  transition at x/c =  0.9872   80

  95   rms: 0.6462E-02   max: 0.1242E+00   C at   80  2
       a =  1.500      CL =  0.5595
      Cm = -0.0820     CD =  0.00767   =>   CDf =  0.00543    CDp =  0.00224

 Side 1  free  transition at x/c =  0.5579   60
 Side 2  free  transition at x/c =  0.9856   79

  96   rms: 0.3645E-03   max: -.5029E-02   D at   80  2
       a =  1.500      CL =  0.5592
      Cm = -0.0820     CD =  0.00767   =>   CDf =  0.00543    CDp =  0.00225

 Side 1  free  transition at x/c =  0.5580   60
 Side 2  free  transition at x/c =  0.9872   80

  97   rms: 0.6462E-02   max: 0.1242E+00   C at   80  2
       a =  1.500      CL =  0.5595
      Cm = -0.0820     CD =  0.00767   =>   CDf =  0.00543    CDp =  0.00224

 Side 1  free  transition at x/c =  0.5579   60
 Side 2  free  transition at x/c =  0.9856   79

  98   rms: 0.3645E-03   max: -.5029E-02   D at   80  2
       a =  1.500      CL =  0.5592
      Cm = -0.0820     CD =  0.00767   =>   CDf =  0.00543    CDp =  0.00225

 Side 1  free  transition at x/c =  0.5580   60
 Side 2  free  transition at x/c =  0.9872   80

  99   rms: 0.6462E-02   max: 0.1242E+00   C at   80  2
       a =  1.500      CL =  0.5595
      Cm = -0.0820     CD =  0.00767   =>   CDf =  0.00543    CDp =  0.00224

 Side 1  free  transition at x/c =  0.5579   60
 Side 2  free  transition at x/c =  0.9856   79

 100   rms: 0.3645E-03   max: -.5029E-02   D at   80  2
       a =  1.500      CL =  0.5592
      Cm = -0.0820     CD =  0.00767   =>   CDf =  0.00543    CDp =  0.00225

 Side 1  free  transition at x/c =  0.5580   60
 Side 2  free  transition at x/c =  0.9872   80

 101   rms: 0.6462E-02   max: 0.1242E+00   C at   80  2
       a =  1.500      CL =  0.5595
      Cm = -0.0820     CD =  0.00767   =>   CDf =  0.00543    CDp =  0.00224

 Side 1  free  transition at x/c =  0.5579   60
 Side 2  free  transition at x/c =  0.9856   79

 102   rms: 0.3645E-03   max: -.5029E-02   D at   80  2
       a =  1.500      CL =  0.5592
      Cm = -0.0820     CD =  0.00767   =>   CDf =  0.00543    CDp =  0.00225

 Side 1  free  transition at x/c =  0.5580   60
 Side 2  free  transition at x/c =  0.9872   80

 103   rms: 0.6462E-02   max: 0.1242E+00   C at   80  2
       a =  1.500      CL =  0.5595
      Cm = -0.0820     CD =  0.00767   =>   CDf =  0.00543    CDp =  0.00224

 Side 1  free  transition at x/c =  0.5579   60
 Side 2  free  transition at x/c =  0.9856   79

 104   rms: 0.3645E-03   max: -.5029E-02   D at   80  2
       a =  1.500      CL =  0.5592
      Cm = -0.0820     CD =  0.00767   =>   CDf =  0.00543    CDp =  0.00225

 Side 1  free  transition at x/c =  0.5580   60
 Side 2  free  transition at x/c =  0.9872   80

 105   rms: 0.6462E-02   max: 0.1242E+00   C at   80  2
       a =  1.500      CL =  0.5595
      Cm = -0.0820     CD =  0.00767   =>   CDf =  0.00543    CDp =  0.00224

 Side 1  free  transition at x/c =  0.5579   60
 Side 2  free  transition at x/c =  0.9856   79

 106   rms: 0.3645E-03   max: -.5029E-02   D at   80  2
       a =  1.500      CL =  0.5592
      Cm = -0.0820     CD =  0.00767   =>   CDf =  0.00543    CDp =  0.00225

 Side 1  free  transition at x/c =  0.5580   60
 Side 2  free  transition at x/c =  0.9872   80

 107   rms: 0.6462E-02   max: 0.1242E+00   C at   80  2
       a =  1.500      CL =  0.5595
      Cm = -0.0820     CD =  0.00767   =>   CDf =  0.00543    CDp =  0.00224

 Side 1  free  transition at x/c =  0.5579   60
 Side 2  free  transition at x/c =  0.9856   79

 108   rms: 0.3645E-03   max: -.5029E-02   D at   80  2
       a =  1.500      CL =  0.5592
      Cm = -0.0820     CD =  0.00767   =>   CDf =  0.00543    CDp =  0.00225

 Side 1  free  transition at x/c =  0.5580   60
 Side 2  free  transition at x/c =  0.9872   80

 109   rms: 0.6462E-02   max: 0.1242E+00   C at   80  2
       a =  1.500      CL =  0.5595
      Cm = -0.0820     CD =  0.00767   =>   CDf =  0.00543    CDp =  0.00224

 Side 1  free  transition at x/c =  0.5579   60
 Side 2  free  transition at x/c =  0.9856   79

 110   rms: 0.3645E-03   max: -.5029E-02   D at   80  2
       a =  1.500      CL =  0.5592
      Cm = -0.0820     CD =  0.00767   =>   CDf =  0.00543    CDp =  0.00225

 Side 1  free  transition at x/c =  0.5580   60
 Side 2  free  transition at x/c =  0.9872   80

 111   rms: 0.6462E-02   max: 0.1242E+00   C at   80  2
       a =  1.500      CL =  0.5595
      Cm = -0.0820     CD =  0.00767   =>   CDf =  0.00543    CDp =  0.00224

 Side 1  free  transition at x/c =  0.5579   60
 Side 2  free  transition at x/c =  0.9856   79

 112   rms: 0.3645E-03   max: -.5029E-02   D at   80  2
       a =  1.500      CL =  0.5592
      Cm = -0.0820     CD =  0.00767   =>   CDf =  0.00543    CDp =  0.00225

 Side 1  free  transition at x/c =  0.5580   60
 Side 2  free  transition at x/c =  0.9872   80

 113   rms: 0.6462E-02   max: 0.1242E+00   C at   80  2
       a =  1.500      CL =  0.5595
      Cm = -0.0820     CD =  0.00767   =>   CDf =  0.00543    CDp =  0.00224

 Side 1  free  transition at x/c =  0.5579   60
 Side 2  free  transition at x/c =  0.9856   79

 114   rms: 0.3645E-03   max: -.5029E-02   D at   80  2
       a =  1.500      CL =  0.5592
      Cm = -0.0820     CD =  0.00767   =>   CDf =  0.00543    CDp =  0.00225

 Side 1  free  transition at x/c =  0.5580   60
 Side 2  free  transition at x/c =  0.9872   80

 115   rms: 0.6462E-02   max: 0.1242E+00   C at   80  2
       a =  1.500      CL =  0.5595
      Cm = -0.0820     CD =  0.00767   =>   CDf =  0.00543    CDp =  0.00224

 Side 1  free  transition at x/c =  0.5579   60
 Side 2  free  transition at x/c =  0.9856   79

 116   rms: 0.3645E-03   max: -.5029E-02   D at   80  2
       a =  1.500      CL =  0.5592
      Cm = -0.0820     CD =  0.00767   =>   CDf =  0.00543    CDp =  0.00225

 Side 1  free  transition at x/c =  0.5580   60
 Side 2  free  transition at x/c =  0.9872   80

 117   rms: 0.6462E-02   max: 0.1242E+00   C at   80  2
       a =  1.500      CL =  0.5595
      Cm = -0.0820     CD =  0.00767   =>   CDf =  0.00543    CDp =  0.00224

 Side 1  free  transition at x/c =  0.5579   60
 Side 2  free  transition at x/c =  0.9856   79

 118   rms: 0.3645E-03   max: -.5029E-02   D at   80  2
       a =  1.500      CL =  0.5592
      Cm = -0.0820     CD =  0.00767   =>   CDf =  0.00543    CDp =  0.00225

 Side 1  free  transition at x/c =  0.5580   60
 Side 2  free  transition at x/c =  0.9872   80

 119   rms: 0.6462E-02   max: 0.1242E+00   C at   80  2
       a =  1.500      CL =  0.5595
      Cm = -0.0820     CD =  0.00767   =>   CDf =  0.00543    CDp =  0.00224

 Side 1  free  transition at x/c =  0.5579   60
 Side 2  free  transition at x/c =  0.9856   79

 120   rms: 0.3645E-03   max: -.5029E-02   D at   80  2
       a =  1.500      CL =  0.5592
      Cm = -0.0820     CD =  0.00767   =>   CDf =  0.00543    CDp =  0.00225

 Side 1  free  transition at x/c =  0.5580   60
 Side 2  free  transition at x/c =  0.9872   80

 121   rms: 0.6462E-02   max: 0.1242E+00   C at   80  2
       a =  1.500      CL =  0.5595
      Cm = -0.0820     CD =  0.00767   =>   CDf =  0.00543    CDp =  0.00224

 Side 1  free  transition at x/c =  0.5579   60
 Side 2  free  transition at x/c =  0.9856   79

 122   rms: 0.3645E-03   max: -.5029E-02   D at   80  2
       a =  1.500      CL =  0.5592
      Cm = -0.0820     CD =  0.00767   =>   CDf =  0.00543    CDp =  0.00225

 Side 1  free  transition at x/c =  0.5580   60
 Side 2  free  transition at x/c =  0.9872   80

 123   rms: 0.6462E-02   max: 0.1242E+00   C at   80  2
       a =  1.500      CL =  0.5595
      Cm = -0.0820     CD =  0.00767   =>   CDf =  0.00543    CDp =  0.00224

 Side 1  free  transition at x/c =  0.5579   60
 Side 2  free  transition at x/c =  0.9856   79

 124   rms: 0.3645E-03   max: -.5029E-02   D at   80  2
       a =  1.500      CL =  0.5592
      Cm = -0.0820     CD =  0.00767   =>   CDf =  0.00543    CDp =  0.00225

 Side 1  free  transition at x/c =  0.5580   60
 Side 2  free  transition at x/c =  0.9872   80

 125   rms: 0.6462E-02   max: 0.1242E+00   C at   80  2
       a =  1.500      CL =  0.5595
      Cm = -0.0820     CD =  0.00767   =>   CDf =  0.00543    CDp =  0.00224

 Side 1  free  transition at x/c =  0.5579   60
 Side 2  free  transition at x/c =  0.9856   79

 126   rms: 0.3645E-03   max: -.5029E-02   D at   80  2
       a =  1.500      CL =  0.5592
      Cm = -0.0820     CD =  0.00767   =>   CDf =  0.00543    CDp =  0.00225

 Side 1  free  transition at x/c =  0.5580   60
 Side 2  free  transition at x/c =  0.9872   80

 127   rms: 0.6462E-02   max: 0.1242E+00   C at   80  2
       a =  1.500      CL =  0.5595
      Cm = -0.0820     CD =  0.00767   =>   CDf =  0.00543    CDp =  0.00224

 Side 1  free  transition at x/c =  0.5579   60
 Side 2  free  transition at x/c =  0.9856   79

 128   rms: 0.3645E-03   max: -.5029E-02   D at   80  2
       a =  1.500      CL =  0.5592
      Cm = -0.0820     CD =  0.00767   =>   CDf =  0.00543    CDp =  0.00225

 Side 1  free  transition at x/c =  0.5580   60
 Side 2  free  transition at x/c =  0.9872   80

 129   rms: 0.6462E-02   max: 0.1242E+00   C at   80  2
       a =  1.500      CL =  0.5595
      Cm = -0.0820     CD =  0.00767   =>   CDf =  0.00543    CDp =  0.00224

 Side 1  free  transition at x/c =  0.5579   60
 Side 2  free  transition at x/c =  0.9856   79

 130   rms: 0.3645E-03   max: -.5029E-02   D at   80  2
       a =  1.500      CL =  0.5592
      Cm = -0.0820     CD =  0.00767   =>   CDf =  0.00543    CDp =  0.00225

 Side 1  free  transition at x/c =  0.5580   60
 Side 2  free  transition at x/c =  0.9872   80

 131   rms: 0.6462E-02   max: 0.1242E+00   C at   80  2
       a =  1.500      CL =  0.5595
      Cm = -0.0820     CD =  0.00767   =>   CDf =  0.00543    CDp =  0.00224

 Side 1  free  transition at x/c =  0.5579   60
 Side 2  free  transition at x/c =  0.9856   79

 132   rms: 0.3645E-03   max: -.5029E-02   D at   80  2
       a =  1.500      CL =  0.5592
      Cm = -0.0820     CD =  0.00767   =>   CDf =  0.00543    CDp =  0.00225

 Side 1  free  transition at x/c =  0.5580   60
 Side 2  free  transition at x/c =  0.9872   80

 133   rms: 0.6462E-02   max: 0.1242E+00   C at   80  2
       a =  1.500      CL =  0.5595
      Cm = -0.0820     CD =  0.00767   =>   CDf =  0.00543    CDp =  0.00224

 Side 1  free  transition at x/c =  0.5579   60
 Side 2  free  transition at x/c =  0.9856   79

 134   rms: 0.3645E-03   max: -.5029E-02   D at   80  2
       a =  1.500      CL =  0.5592
      Cm = -0.0820     CD =  0.00767   =>   CDf =  0.00543    CDp =  0.00225

 Side 1  free  transition at x/c =  0.5580   60
 Side 2  free  transition at x/c =  0.9872   80

 135   rms: 0.6462E-02   max: 0.1242E+00   C at   80  2
       a =  1.500      CL =  0.5595
      Cm = -0.0820     CD =  0.00767   =>   CDf =  0.00543    CDp =  0.00224

 Side 1  free  transition at x/c =  0.5579   60
 Side 2  free  transition at x/c =  0.9856   79

 136   rms: 0.3645E-03   max: -.5029E-02   D at   80  2
       a =  1.500      CL =  0.5592
      Cm = -0.0820     CD =  0.00767   =>   CDf =  0.00543    CDp =  0.00225

 Side 1  free  transition at x/c =  0.5580   60
 Side 2  free  transition at x/c =  0.9872   80

 137   rms: 0.6462E-02   max: 0.1242E+00   C at   80  2
       a =  1.500      CL =  0.5595
      Cm = -0.0820     CD =  0.00767   =>   CDf =  0.00543    CDp =  0.00224

 Side 1  free  transition at x/c =  0.5579   60
 Side 2  free  transition at x/c =  0.9856   79

 138   rms: 0.3645E-03   max: -.5029E-02   D at   80  2
       a =  1.500      CL =  0.5592
      Cm = -0.0820     CD =  0.00767   =>   CDf =  0.00543    CDp =  0.00225

 Side 1  free  transition at x/c =  0.5580   60
 Side 2  free  transition at x/c =  0.9872   80

 139   rms: 0.6462E-02   max: 0.1242E+00   C at   80  2
       a =  1.500      CL =  0.5595
      Cm = -0.0820     CD =  0.00767   =>   CDf =  0.00543    CDp =  0.00224

 Side 1  free  transition at x/c =  0.5579   60
 Side 2  free  transition at x/c =  0.9856   79

 140   rms: 0.3645E-03   max: -.5029E-02   D at   80  2
       a =  1.500      CL =  0.5592
      Cm = -0.0820     CD =  0.00767   =>   CDf =  0.00543    CDp =  0.00225

 Side 1  free  transition at x/c =  0.5580   60
 Side 2  free  transition at x/c =  0.9872   80

 141   rms: 0.6462E-02   max: 0.1242E+00   C at   80  2
       a =  1.500      CL =  0.5595
      Cm = -0.0820     CD =  0.00767   =>   CDf =  0.00543    CDp =  0.00224

 Side 1  free  transition at x/c =  0.5579   60
 Side 2  free  transition at x/c =  0.9856   79

 142   rms: 0.3645E-03   max: -.5029E-02   D at   80  2
       a =  1.500      CL =  0.5592
      Cm = -0.0820     CD =  0.00767   =>   CDf =  0.00543    CDp =  0.00225

 Side 1  free  transition at x/c =  0.5580   60
 Side 2  free  transition at x/c =  0.9872   80

 143   rms: 0.6462E-02   max: 0.1242E+00   C at   80  2
       a =  1.500      CL =  0.5595
      Cm = -0.0820     CD =  0.00767   =>   CDf =  0.00543    CDp =  0.00224

 Side 1  free  transition at x/c =  0.5579   60
 Side 2  free  transition at x/c =  0.9856   79

 144   rms: 0.3645E-03   max: -.5029E-02   D at   80  2
       a =  1.500      CL =  0.5592
      Cm = -0.0820     CD =  0.00767   =>   CDf =  0.00543    CDp =  0.00225

 Side 1  free  transition at x/c =  0.5580   60
 Side 2  free  transition at x/c =  0.9872   80

 145   rms: 0.6462E-02   max: 0.1242E+00   C at   80  2
       a =  1.500      CL =  0.5595
      Cm = -0.0820     CD =  0.00767   =>   CDf =  0.00543    CDp =  0.00224

 Side 1  free  transition at x/c =  0.5579   60
 Side 2  free  transition at x/c =  0.9856   79

 146   rms: 0.3645E-03   max: -.5029E-02   D at   80  2
       a =  1.500      CL =  0.5592
      Cm = -0.0820     CD =  0.00767   =>   CDf =  0.00543    CDp =  0.00225

 Side 1  free  transition at x/c =  0.5580   60
 Side 2  free  transition at x/c =  0.9872   80

 147   rms: 0.6462E-02   max: 0.1242E+00   C at   80  2
       a =  1.500      CL =  0.5595
      Cm = -0.0820     CD =  0.00767   =>   CDf =  0.00543    CDp =  0.00224

 Side 1  free  transition at x/c =  0.5579   60
 Side 2  free  transition at x/c =  0.9856   79

 148   rms: 0.3645E-03   max: -.5029E-02   D at   80  2
       a =  1.500      CL =  0.5592
      Cm = -0.0820     CD =  0.00767   =>   CDf =  0.00543    CDp =  0.00225

 Side 1  free  transition at x/c =  0.5580   60
 Side 2  free  transition at x/c =  0.9872   80

 149   rms: 0.6462E-02   max: 0.1242E+00   C at   80  2
       a =  1.500      CL =  0.5595
      Cm = -0.0820     CD =  0.00767   =>   CDf =  0.00543    CDp =  0.00224

 Side 1  free  transition at x/c =  0.5579   60
 Side 2  free  transition at x/c =  0.9856   79

 150   rms: 0.3645E-03   max: -.5029E-02   D at   80  2
       a =  1.500      CL =  0.5592
      Cm = -0.0820     CD =  0.00767   =>   CDf =  0.00543    CDp =  0.00225

 Side 1  free  transition at x/c =  0.5580   60
 Side 2  free  transition at x/c =  0.9872   80

 151   rms: 0.6462E-02   max: 0.1242E+00   C at   80  2
       a =  1.500      CL =  0.5595
      Cm = -0.0820     CD =  0.00767   =>   CDf =  0.00543    CDp =  0.00224

 Side 1  free  transition at x/c =  0.5579   60
 Side 2  free  transition at x/c =  0.9856   79

 152   rms: 0.3645E-03   max: -.5029E-02   D at   80  2
       a =  1.500      CL =  0.5592
      Cm = -0.0820     CD =  0.00767   =>   CDf =  0.00543    CDp =  0.00225

 Side 1  free  transition at x/c =  0.5580   60
 Side 2  free  transition at x/c =  0.9872   80

 153   rms: 0.6462E-02   max: 0.1242E+00   C at   80  2
       a =  1.500      CL =  0.5595
      Cm = -0.0820     CD =  0.00767   =>   CDf =  0.00543    CDp =  0.00224

 Side 1  free  transition at x/c =  0.5579   60
 Side 2  free  transition at x/c =  0.9856   79

 154   rms: 0.3645E-03   max: -.5029E-02   D at   80  2
       a =  1.500      CL =  0.5592
      Cm = -0.0820     CD =  0.00767   =>   CDf =  0.00543    CDp =  0.00225

 Side 1  free  transition at x/c =  0.5580   60
 Side 2  free  transition at x/c =  0.9872   80

 155   rms: 0.6462E-02   max: 0.1242E+00   C at   80  2
       a =  1.500      CL =  0.5595
      Cm = -0.0820     CD =  0.00767   =>   CDf =  0.00543    CDp =  0.00224

 Side 1  free  transition at x/c =  0.5579   60
 Side 2  free  transition at x/c =  0.9856   79

 156   rms: 0.3645E-03   max: -.5029E-02   D at   80  2
       a =  1.500      CL =  0.5592
      Cm = -0.0820     CD =  0.00767   =>   CDf =  0.00543    CDp =  0.00225

 Side 1  free  transition at x/c =  0.5580   60
 Side 2  free  transition at x/c =  0.9872   80

 157   rms: 0.6462E-02   max: 0.1242E+00   C at   80  2
       a =  1.500      CL =  0.5595
      Cm = -0.0820     CD =  0.00767   =>   CDf =  0.00543    CDp =  0.00224

 Side 1  free  transition at x/c =  0.5579   60
 Side 2  free  transition at x/c =  0.9856   79

 158   rms: 0.3645E-03   max: -.5029E-02   D at   80  2
       a =  1.500      CL =  0.5592
      Cm = -0.0820     CD =  0.00767   =>   CDf =  0.00543    CDp =  0.00225

 Side 1  free  transition at x/c =  0.5580   60
 Side 2  free  transition at x/c =  0.9872   80

 159   rms: 0.6462E-02   max: 0.1242E+00   C at   80  2
       a =  1.500      CL =  0.5595
      Cm = -0.0820     CD =  0.00767   =>   CDf =  0.00543    CDp =  0.00224

 Side 1  free  transition at x/c =  0.5579   60
 Side 2  free  transition at x/c =  0.9856   79

 160   rms: 0.3645E-03   max: -.5029E-02   D at   80  2
       a =  1.500      CL =  0.5592
      Cm = -0.0820     CD =  0.00767   =>   CDf =  0.00543    CDp =  0.00225

 Side 1  free  transition at x/c =  0.5580   60
 Side 2  free  transition at x/c =  0.9872   80

 161   rms: 0.6462E-02   max: 0.1242E+00   C at   80  2
       a =  1.500      CL =  0.5595
      Cm = -0.0820     CD =  0.00767   =>   CDf =  0.00543    CDp =  0.00224

 Side 1  free  transition at x/c =  0.5579   60
 Side 2  free  transition at x/c =  0.9856   79

 162   rms: 0.3645E-03   max: -.5029E-02   D at   80  2
       a =  1.500      CL =  0.5592
      Cm = -0.0820     CD =  0.00767   =>   CDf =  0.00543    CDp =  0.00225

 Side 1  free  transition at x/c =  0.5580   60
 Side 2  free  transition at x/c =  0.9872   80

 163   rms: 0.6462E-02   max: 0.1242E+00   C at   80  2
       a =  1.500      CL =  0.5595
      Cm = -0.0820     CD =  0.00767   =>   CDf =  0.00543    CDp =  0.00224

 Side 1  free  transition at x/c =  0.5579   60
 Side 2  free  transition at x/c =  0.9856   79

 164   rms: 0.3645E-03   max: -.5029E-02   D at   80  2
       a =  1.500      CL =  0.5592
      Cm = -0.0820     CD =  0.00767   =>   CDf =  0.00543    CDp =  0.00225

 Side 1  free  transition at x/c =  0.5580   60
 Side 2  free  transition at x/c =  0.9872   80

 165   rms: 0.6462E-02   max: 0.1242E+00   C at   80  2
       a =  1.500      CL =  0.5595
      Cm = -0.0820     CD =  0.00767   =>   CDf =  0.00543    CDp =  0.00224

 Side 1  free  transition at x/c =  0.5579   60
 Side 2  free  transition at x/c =  0.9856   79

 166   rms: 0.3645E-03   max: -.5029E-02   D at   80  2
       a =  1.500      CL =  0.5592
      Cm = -0.0820     CD =  0.00767   =>   CDf =  0.00543    CDp =  0.00225

 Side 1  free  transition at x/c =  0.5580   60
 Side 2  free  transition at x/c =  0.9872   80

 167   rms: 0.6462E-02   max: 0.1242E+00   C at   80  2
       a =  1.500      CL =  0.5595
      Cm = -0.0820     CD =  0.00767   =>   CDf =  0.00543    CDp =  0.00224

 Side 1  free  transition at x/c =  0.5579   60
 Side 2  free  transition at x/c =  0.9856   79

 168   rms: 0.3645E-03   max: -.5029E-02   D at   80  2
       a =  1.500      CL =  0.5592
      Cm = -0.0820     CD =  0.00767   =>   CDf =  0.00543    CDp =  0.00225

 Side 1  free  transition at x/c =  0.5580   60
 Side 2  free  transition at x/c =  0.9872   80

 169   rms: 0.6462E-02   max: 0.1242E+00   C at   80  2
       a =  1.500      CL =  0.5595
      Cm = -0.0820     CD =  0.00767   =>   CDf =  0.00543    CDp =  0.00224

 Side 1  free  transition at x/c =  0.5579   60
 Side 2  free  transition at x/c =  0.9856   79

 170   rms: 0.3645E-03   max: -.5029E-02   D at   80  2
       a =  1.500      CL =  0.5592
      Cm = -0.0820     CD =  0.00767   =>   CDf =  0.00543    CDp =  0.00225

 Side 1  free  transition at x/c =  0.5580   60
 Side 2  free  transition at x/c =  0.9872   80

 171   rms: 0.6462E-02   max: 0.1242E+00   C at   80  2
       a =  1.500      CL =  0.5595
      Cm = -0.0820     CD =  0.00767   =>   CDf =  0.00543    CDp =  0.00224

 Side 1  free  transition at x/c =  0.5579   60
 Side 2  free  transition at x/c =  0.9856   79

 172   rms: 0.3645E-03   max: -.5029E-02   D at   80  2
       a =  1.500      CL =  0.5592
      Cm = -0.0820     CD =  0.00767   =>   CDf =  0.00543    CDp =  0.00225

 Side 1  free  transition at x/c =  0.5580   60
 Side 2  free  transition at x/c =  0.9872   80

 173   rms: 0.6462E-02   max: 0.1242E+00   C at   80  2
       a =  1.500      CL =  0.5595
      Cm = -0.0820     CD =  0.00767   =>   CDf =  0.00543    CDp =  0.00224

 Side 1  free  transition at x/c =  0.5579   60
 Side 2  free  transition at x/c =  0.9856   79

 174   rms: 0.3645E-03   max: -.5029E-02   D at   80  2
       a =  1.500      CL =  0.5592
      Cm = -0.0820     CD =  0.00767   =>   CDf =  0.00543    CDp =  0.00225

 Side 1  free  transition at x/c =  0.5580   60
 Side 2  free  transition at x/c =  0.9872   80

 175   rms: 0.6462E-02   max: 0.1242E+00   C at   80  2
       a =  1.500      CL =  0.5595
      Cm = -0.0820     CD =  0.00767   =>   CDf =  0.00543    CDp =  0.00224

 Side 1  free  transition at x/c =  0.5579   60
 Side 2  free  transition at x/c =  0.9856   79

 176   rms: 0.3645E-03   max: -.5029E-02   D at   80  2
       a =  1.500      CL =  0.5592
      Cm = -0.0820     CD =  0.00767   =>   CDf =  0.00543    CDp =  0.00225

 Side 1  free  transition at x/c =  0.5580   60
 Side 2  free  transition at x/c =  0.9872   80

 177   rms: 0.6462E-02   max: 0.1242E+00   C at   80  2
       a =  1.500      CL =  0.5595
      Cm = -0.0820     CD =  0.00767   =>   CDf =  0.00543    CDp =  0.00224

 Side 1  free  transition at x/c =  0.5579   60
 Side 2  free  transition at x/c =  0.9856   79

 178   rms: 0.3645E-03   max: -.5029E-02   D at   80  2
       a =  1.500      CL =  0.5592
      Cm = -0.0820     CD =  0.00767   =>   CDf =  0.00543    CDp =  0.00225

 Side 1  free  transition at x/c =  0.5580   60
 Side 2  free  transition at x/c =  0.9872   80

 179   rms: 0.6462E-02   max: 0.1242E+00   C at   80  2
       a =  1.500      CL =  0.5595
      Cm = -0.0820     CD =  0.00767   =>   CDf =  0.00543    CDp =  0.00224

 Side 1  free  transition at x/c =  0.5579   60
 Side 2  free  transition at x/c =  0.9856   79

 180   rms: 0.3645E-03   max: -.5029E-02   D at   80  2
       a =  1.500      CL =  0.5592
      Cm = -0.0820     CD =  0.00767   =>   CDf =  0.00543    CDp =  0.00225

 Side 1  free  transition at x/c =  0.5580   60
 Side 2  free  transition at x/c =  0.9872   80

 181   rms: 0.6462E-02   max: 0.1242E+00   C at   80  2
       a =  1.500      CL =  0.5595
      Cm = -0.0820     CD =  0.00767   =>   CDf =  0.00543    CDp =  0.00224

 Side 1  free  transition at x/c =  0.5579   60
 Side 2  free  transition at x/c =  0.9856   79

 182   rms: 0.3645E-03   max: -.5029E-02   D at   80  2
       a =  1.500      CL =  0.5592
      Cm = -0.0820     CD =  0.00767   =>   CDf =  0.00543    CDp =  0.00225

 Side 1  free  transition at x/c =  0.5580   60
 Side 2  free  transition at x/c =  0.9872   80

 183   rms: 0.6462E-02   max: 0.1242E+00   C at   80  2
       a =  1.500      CL =  0.5595
      Cm = -0.0820     CD =  0.00767   =>   CDf =  0.00543    CDp =  0.00224

 Side 1  free  transition at x/c =  0.5579   60
 Side 2  free  transition at x/c =  0.9856   79

 184   rms: 0.3645E-03   max: -.5029E-02   D at   80  2
       a =  1.500      CL =  0.5592
      Cm = -0.0820     CD =  0.00767   =>   CDf =  0.00543    CDp =  0.00225

 Side 1  free  transition at x/c =  0.5580   60
 Side 2  free  transition at x/c =  0.9872   80

 185   rms: 0.6462E-02   max: 0.1242E+00   C at   80  2
       a =  1.500      CL =  0.5595
      Cm = -0.0820     CD =  0.00767   =>   CDf =  0.00543    CDp =  0.00224

 Side 1  free  transition at x/c =  0.5579   60
 Side 2  free  transition at x/c =  0.9856   79

 186   rms: 0.3645E-03   max: -.5029E-02   D at   80  2
       a =  1.500      CL =  0.5592
      Cm = -0.0820     CD =  0.00767   =>   CDf =  0.00543    CDp =  0.00225

 Side 1  free  transition at x/c =  0.5580   60
 Side 2  free  transition at x/c =  0.9872   80

 187   rms: 0.6462E-02   max: 0.1242E+00   C at   80  2
       a =  1.500      CL =  0.5595
      Cm = -0.0820     CD =  0.00767   =>   CDf =  0.00543    CDp =  0.00224

 Side 1  free  transition at x/c =  0.5579   60
 Side 2  free  transition at x/c =  0.9856   79

 188   rms: 0.3645E-03   max: -.5029E-02   D at   80  2
       a =  1.500      CL =  0.5592
      Cm = -0.0820     CD =  0.00767   =>   CDf =  0.00543    CDp =  0.00225

 Side 1  free  transition at x/c =  0.5580   60
 Side 2  free  transition at x/c =  0.9872   80

 189   rms: 0.6462E-02   max: 0.1242E+00   C at   80  2
       a =  1.500      CL =  0.5595
      Cm = -0.0820     CD =  0.00767   =>   CDf =  0.00543    CDp =  0.00224

 Side 1  free  transition at x/c =  0.5579   60
 Side 2  free  transition at x/c =  0.9856   79

 190   rms: 0.3645E-03   max: -.5029E-02   D at   80  2
       a =  1.500      CL =  0.5592
      Cm = -0.0820     CD =  0.00767   =>   CDf =  0.00543    CDp =  0.00225

 Side 1  free  transition at x/c =  0.5580   60
 Side 2  free  transition at x/c =  0.9872   80

 191   rms: 0.6462E-02   max: 0.1242E+00   C at   80  2
       a =  1.500      CL =  0.5595
      Cm = -0.0820     CD =  0.00767   =>   CDf =  0.00543    CDp =  0.00224

 Side 1  free  transition at x/c =  0.5579   60
 Side 2  free  transition at x/c =  0.9856   79

 192   rms: 0.3645E-03   max: -.5029E-02   D at   80  2
       a =  1.500      CL =  0.5592
      Cm = -0.0820     CD =  0.00767   =>   CDf =  0.00543    CDp =  0.00225

 Side 1  free  transition at x/c =  0.5580   60
 Side 2  free  transition at x/c =  0.9872   80

 193   rms: 0.6462E-02   max: 0.1242E+00   C at   80  2
       a =  1.500      CL =  0.5595
      Cm = -0.0820     CD =  0.00767   =>   CDf =  0.00543    CDp =  0.00224

 Side 1  free  transition at x/c =  0.5579   60
 Side 2  free  transition at x/c =  0.9856   79

 194   rms: 0.3645E-03   max: -.5029E-02   D at   80  2
       a =  1.500      CL =  0.5592
      Cm = -0.0820     CD =  0.00767   =>   CDf =  0.00543    CDp =  0.00225

 Side 1  free  transition at x/c =  0.5580   60
 Side 2  free  transition at x/c =  0.9872   80

 195   rms: 0.6462E-02   max: 0.1242E+00   C at   80  2
       a =  1.500      CL =  0.5595
      Cm = -0.0820     CD =  0.00767   =>   CDf =  0.00543    CDp =  0.00224

 Side 1  free  transition at x/c =  0.5579   60
 Side 2  free  transition at x/c =  0.9856   79

 196   rms: 0.3645E-03   max: -.5029E-02   D at   80  2
       a =  1.500      CL =  0.5592
      Cm = -0.0820     CD =  0.00767   =>   CDf =  0.00543    CDp =  0.00225

 Side 1  free  transition at x/c =  0.5580   60
 Side 2  free  transition at x/c =  0.9872   80

 197   rms: 0.6462E-02   max: 0.1242E+00   C at   80  2
       a =  1.500      CL =  0.5595
      Cm = -0.0820     CD =  0.00767   =>   CDf =  0.00543    CDp =  0.00224

 Side 1  free  transition at x/c =  0.5579   60
 Side 2  free  transition at x/c =  0.9856   79

 198   rms: 0.3645E-03   max: -.5029E-02   D at   80  2
       a =  1.500      CL =  0.5592
      Cm = -0.0820     CD =  0.00767   =>   CDf =  0.00543    CDp =  0.00225

 Side 1  free  transition at x/c =  0.5580   60
 Side 2  free  transition at x/c =  0.9872   80

 199   rms: 0.6462E-02   max: 0.1242E+00   C at   80  2
       a =  1.500      CL =  0.5595
      Cm = -0.0820     CD =  0.00767   =>   CDf =  0.00543    CDp =  0.00224

 Side 1  free  transition at x/c =  0.5579   60
 Side 2  free  transition at x/c =  0.9856   79

 200   rms: 0.3645E-03   max: -.5029E-02   D at   80  2
       a =  1.500      CL =  0.5592
      Cm = -0.0820     CD =  0.00767   =>   CDf =  0.00543    CDp =  0.00225

 Side 1  free  transition at x/c =  0.5580   60
 Side 2  free  transition at x/c =  0.9872   80

 201   rms: 0.6462E-02   max: 0.1242E+00   C at   80  2
       a =  1.500      CL =  0.5595
      Cm = -0.0820     CD =  0.00767   =>   CDf =  0.00543    CDp =  0.00224

 Side 1  free  transition at x/c =  0.5579   60
 Side 2  free  transition at x/c =  0.9856   79

 202   rms: 0.3645E-03   max: -.5029E-02   D at   80  2
       a =  1.500      CL =  0.5592
      Cm = -0.0820     CD =  0.00767   =>   CDf =  0.00543    CDp =  0.00225

 Side 1  free  transition at x/c =  0.5580   60
 Side 2  free  transition at x/c =  0.9872   80

 203   rms: 0.6462E-02   max: 0.1242E+00   C at   80  2
       a =  1.500      CL =  0.5595
      Cm = -0.0820     CD =  0.00767   =>   CDf =  0.00543    CDp =  0.00224

 Side 1  free  transition at x/c =  0.5579   60
 Side 2  free  transition at x/c =  0.9856   79

 204   rms: 0.3645E-03   max: -.5029E-02   D at   80  2
       a =  1.500      CL =  0.5592
      Cm = -0.0820     CD =  0.00767   =>   CDf =  0.00543    CDp =  0.00225

 Side 1  free  transition at x/c =  0.5580   60
 Side 2  free  transition at x/c =  0.9872   80

 205   rms: 0.6462E-02   max: 0.1242E+00   C at   80  2
       a =  1.500      CL =  0.5595
      Cm = -0.0820     CD =  0.00767   =>   CDf =  0.00543    CDp =  0.00224
 VISCAL:  Convergence failed
      5.000    3.1778   0.007671   0.000000   0.000000   0.000000    0.5580     #
 Calculating wake trajectory ...
 Calculating source influence matrix ...

 Solving BL system ...

 Side 1  free  transition at x/c =  0.5579   60
 Side 2  free  transition at x/c =  0.9856   79

   1   rms: 0.4885E-01   max: -.3353E+00   C at   60  1
       a =  1.250      CL =  0.5275
      Cm = -0.0812     CD =  0.00751   =>   CDf =  0.00543    CDp =  0.00208

 Side 1  free  transition at x/c =  0.5697   60
 Side 2  free  transition at x/c =  0.9629   78

   2   rms: 0.1329E-01   max: -.1111E+00   D at   80  2
       a =  1.250      CL =  0.5211
      Cm = -0.0798     CD =  0.00755   =>   CDf =  0.00537    CDp =  0.00219

 Side 1  free  transition at x/c =  0.5726   61
 Side 2  free  transition at x/c =  0.9686   79

   3   rms: 0.1989E-02   max: -.3431E-01   C at   61  1
       a =  1.250      CL =  0.5214
      Cm = -0.0798     CD =  0.00755   =>   CDf =  0.00536    CDp =  0.00220

 Side 1  free  transition at x/c =  0.5731   61
 Side 2  free  transition at x/c =  0.9684   78

   4   rms: 0.1632E-03   max: 0.1490E-02   D at   80  2
       a =  1.250      CL =  0.5216
      Cm = -0.0799     CD =  0.00755   =>   CDf =  0.00534    CDp =  0.00221

 Side 1  free  transition at x/c =  0.5731   61
 Side 2  free  transition at x/c =  0.9683   78

   5   rms: 0.2246E-06   max: 0.1947E-05   C at  103  2
       a =  1.250      CL =  0.5216
      Cm = -0.0799     CD =  0.00755   =>   CDf =  0.00534    CDp =  0.00221
      5.000    3.1916   0.007555   0.000000   0.000000   0.000000    0.5731     #

 Point added to stored polar  1
 Point written to save file  clarky_re430000_realistic_model_reverse.polar   
 Dump file unspecified or not available
 Calculating wake trajectory ...
 Calculating source influence matrix ...

 Solving BL system ...

 Side 1  free  transition at x/c =  0.5731   61
 Side 2  free  transition at x/c =  0.9683   78

   1   rms: 0.4907E-01   max: -.2966E+00   C at   61  1
       a =  1.000      CL =  0.4902
      Cm = -0.0792     CD =  0.00739   =>   CDf =  0.00534    CDp =  0.00204

 Side 1  free  transition at x/c =  0.5846   61
 Side 2  free  transition at x/c =  0.9196   76

   2   rms: 0.1644E-01   max: -.2230E+00   C at   76  2
       a =  1.000      CL =  0.4796
      Cm = -0.0770     CD =  0.00743   =>   CDf =  0.00530    CDp =  0.00213

 Side 1  free  transition at x/c =  0.5878   61
 Side 2  free  transition at x/c =  0.9284   76

   3   rms: 0.1727E-02   max: 0.9694E-02   C at   76  2
       a =  1.000      CL =  0.4814
      Cm = -0.0774     CD =  0.00744   =>   CDf =  0.00527    CDp =  0.00217

 Side 1  free  transition at x/c =  0.5877   61
 Side 2  free  transition at x/c =  0.9282   76

   4   rms: 0.7274E-05   max: 0.1093E-03   C at   76  2
       a =  1.000      CL =  0.4814
      Cm = -0.0774     CD =  0.00744   =>   CDf =  0.00527    CDp =  0.00217
      5.000    3.2143   0.007436   0.000000   0.000000   0.000000    0.5877     #

 Point added to stored polar  1
 Point written to save file  clarky_re430000_realistic_model_reverse.polar   
 Dump file unspecified or not available
 Calculating wake trajectory ...
 Calculating source influence matrix ...

 Solving BL system ...

 Side 1  free  transition at x/c =  0.5877   61
 Side 2  free  transition at x/c =  0.9282   76

   1   rms: 0.6380E-01   max: 0.6732E+00   C at   76  2
       a =  0.750      CL =  0.4428
      Cm = -0.0754     CD =  0.00738   =>   CDf =  0.00530    CDp =  0.00208

 Side 1  free  transition at x/c =  0.6028   61
 Side 2  free  transition at x/c =  0.8099   71

   2   rms: 0.2789E-01   max: -.5063E+00   C at   71  2   RLX: 0.988
       a =  0.750      CL =  0.4505
      Cm = -0.0773     CD =  0.00744   =>   CDf =  0.00547    CDp =  0.00197

 Side 1  free  transition at x/c =  0.6011   61
 Side 2  free  transition at x/c =  0.8377   72

   3   rms: 0.3595E-02   max: 0.5752E-01   C at   72  2
       a =  0.750      CL =  0.4503
      Cm = -0.0772     CD =  0.00745   =>   CDf =  0.00537    CDp =  0.00207

 Side 1  free  transition at x/c =  0.6011   61
 Side 2  free  transition at x/c =  0.8353   72

   4   rms: 0.2014E-03   max: -.3785E-02   C at   72  2
       a =  0.750      CL =  0.4503
      Cm = -0.0772     CD =  0.00745   =>   CDf =  0.00539    CDp =  0.00206

 Side 1  free  transition at x/c =  0.6011   61
 Side 2  free  transition at x/c =  0.8355   72

   5   rms: 0.2440E-06   max: -.3107E-05   C at   72  2
       a =  0.750      CL =  0.4503
      Cm = -0.0772     CD =  0.00745   =>   CDf =  0.00538    CDp =  0.00206
      5.000    3.2385   0.007449   0.000000   0.000000   0.000000    0.6011     #

 Point added to stored polar  1
 Point written to save file  clarky_re430000_realistic_model_reverse.polar   
 Dump file unspecified or not available
 Calculating wake trajectory ...
 Calculating source influence matrix ...

 Solving BL system ...

 Side 1  free  transition at x/c =  0.6011   61
 Side 2  free  transition at x/c =  0.8355   72

   1   rms: 0.1289E+00   max: 0.2362E+01   C at   72  2   RLX: 0.635
       a =  0.500      CL =  0.4363
      Cm = -0.0784     CD =  0.00756   =>   CDf =  0.00538    CDp =  0.00218

 Side 1  free  transition at x/c =  0.6085   61
 Side 2  free  transition at x/c =  0.7287   67

   2   rms: 0.4051E-01   max: 0.7673E+00   C at   67  2
       a =  0.500      CL =  0.4301
      Cm = -0.0793     CD =  0.00783   =>   CDf =  0.00573    CDp =  0.00210

 Side 1  free  transition at x/c =  0.6136   62
 Side 2  free  transition at x/c =  0.6754   64

   3   rms: 0.8072E-02   max: -.1483E+00   C at   64  2
       a =  0.500      CL =  0.4303
      Cm = -0.0793     CD =  0.00781   =>   CDf =  0.00588    CDp =  0.00193

 Side 1  free  transition at x/c =  0.6135   62
 Side 2  free  transition at x/c =  0.6807   64

   4   rms: 0.2661E-03   max: -.5202E-02   D at   66  2
       a =  0.500      CL =  0.4303
      Cm = -0.0793     CD =  0.00781   =>   CDf =  0.00585    CDp =  0.00196

 Side 1  free  transition at x/c =  0.6135   62
 Side 2  free  transition at x/c =  0.6806   64

   5   rms: 0.8977E-06   max: 0.1378E-04   C at   64  2
       a =  0.500      CL =  0.4303
      Cm = -0.0793     CD =  0.00781   =>   CDf =  0.00586    CDp =  0.00196
      5.000    3.2587   0.007810   0.000000   0.000000   0.000000    0.6135     #

 Point added to stored polar  1
 Point written to save file  clarky_re430000_realistic_model_reverse.polar   
 Dump file unspecified or not available
 Calculating wake trajectory ...
 Calculating source influence matrix ...

 Solving BL system ...

 Side 1  free  transition at x/c =  0.6135   62
 Side 2  free  transition at x/c =  0.6806   64

   1   rms: 0.1972E+00   max: 0.3832E+01   C at   64  2   RLX: 0.391
       a =  0.250      CL =  0.4224
      Cm = -0.0800     CD =  0.00797   =>   CDf =  0.00585    CDp =  0.00212

 Side 1  free  transition at x/c =  0.6182   62
 Side 2  free  transition at x/c =  0.6116   60

   2   rms: 0.9136E-01   max: 0.1744E+01   C at   60  2   RLX: 0.860
       a =  0.250      CL =  0.4101
      Cm = -0.0805     CD =  0.00814   =>   CDf =  0.00607    CDp =  0.00207

 Side 1  free  transition at x/c =  0.6245   62
 Side 2  free  transition at x/c =  0.5337   56

   3   rms: 0.6282E-02   max: 0.6749E-01   D at   59  2
       a =  0.250      CL =  0.4080
      Cm = -0.0805     CD =  0.00821   =>   CDf =  0.00631    CDp =  0.00190

 Side 1  free  transition at x/c =  0.6262   62
 Side 2  free  transition at x/c =  0.5297   56

   4   rms: 0.3505E-03   max: -.6901E-02   C at   56  2
       a =  0.250      CL =  0.4080
      Cm = -0.0805     CD =  0.00821   =>   CDf =  0.00631    CDp =  0.00190

 Side 1  free  transition at x/c =  0.6262   62
 Side 2  free  transition at x/c =  0.5299   56

   5   rms: 0.5111E-06   max: -.6269E-05   D at   58  2
       a =  0.250      CL =  0.4080
      Cm = -0.0805     CD =  0.00821   =>   CDf =  0.00631    CDp =  0.00191
      5.000    3.2807   0.008215   0.000000   0.000000   0.000000    0.6262     #

 Point added to stored polar  1
 Point written to save file  clarky_re430000_realistic_model_reverse.polar   
 Dump file unspecified or not available
 Calculating wake trajectory ...
 Calculating source influence matrix ...

 Solving BL system ...

 Side 1  free  transition at x/c =  0.6262   62
 Side 2  free  transition at x/c =  0.5299   56

   1   rms: 0.1651E+00   max: 0.3274E+01   C at   56  2   RLX: 0.458
       a =  0.000      CL =  0.3968
      Cm = -0.0808     CD =  0.00838   =>   CDf =  0.00631    CDp =  0.00207

 Side 1  free  transition at x/c =  0.6308   63
 Side 2  free  transition at x/c =  0.4704   53

   2   rms: 0.6433E-01   max: 0.1252E+01   C at   53  2
       a =  0.000      CL =  0.3835
      Cm = -0.0811     CD =  0.00849   =>   CDf =  0.00653    CDp =  0.00196

 Side 1  free  transition at x/c =  0.6368   62
 Side 2  free  transition at x/c =  0.4142   51

   3   rms: 0.9039E-02   max: -.1678E+00   C at   51  2
       a =  0.000      CL =  0.3834
      Cm = -0.0810     CD =  0.00850   =>   CDf =  0.00663    CDp =  0.00187

 Side 1  free  transition at x/c =  0.6374   62
 Side 2  free  transition at x/c =  0.4194   51

   4   rms: 0.4737E-03   max: -.6850E-02   D at   53  2
       a =  0.000      CL =  0.3833
      Cm = -0.0810     CD =  0.00850   =>   CDf =  0.00661    CDp =  0.00189

 Side 1  free  transition at x/c =  0.6374   62
 Side 2  free  transition at x/c =  0.4193   51

   5   rms: 0.1709E-05   max: 0.2943E-04   C at   51  2
       a =  0.000      CL =  0.3833
      Cm = -0.0810     CD =  0.00850   =>   CDf =  0.00661    CDp =  0.00189
      5.000    3.3070   0.008503   0.000000   0.000000   0.000000    0.6374     #

 Point added to stored polar  1
 Point written to save file  clarky_re430000_realistic_model_reverse.polar   
 Dump file unspecified or not available
 Calculating wake trajectory ...
 Calculating source influence matrix ...

 Solving BL system ...

 Side 1  free  transition at x/c =  0.6374   62
 Side 2  free  transition at x/c =  0.4193   51

   1   rms: 0.1316E+00   max: 0.2627E+01   C at   51  2   RLX: 0.571
       a = -0.250      CL =  0.3688
      Cm = -0.0812     CD =  0.00864   =>   CDf =  0.00661    CDp =  0.00203

 Side 1  free  transition at x/c =  0.6431   62
 Side 2  free  transition at x/c =  0.3688   48

   2   rms: 0.3043E-01   max: 0.5110E+00   C at   48  2
       a = -0.250      CL =  0.3571
      Cm = -0.0813     CD =  0.00869   =>   CDf =  0.00676    CDp =  0.00193

 Side 1  free  transition at x/c =  0.6478   62
 Side 2  free  transition at x/c =  0.3429   47

   3   rms: 0.4537E-02   max: -.9641E-01   C at   47  2
       a = -0.250      CL =  0.3572
      Cm = -0.0813     CD =  0.00872   =>   CDf =  0.00684    CDp =  0.00188

 Side 1  free  transition at x/c =  0.6481   62
 Side 2  free  transition at x/c =  0.3457   47

   4   rms: 0.3093E-04   max: -.5154E-03   D at   49  2
       a = -0.250      CL =  0.3572
      Cm = -0.0813     CD =  0.00872   =>   CDf =  0.00682    CDp =  0.00189
      5.000    3.3282   0.008719   0.000000   0.000000   0.000000    0.6481     #

 Point added to stored polar  1
 Point written to save file  clarky_re430000_realistic_model_reverse.polar   
 Dump file unspecified or not available
 Calculating wake trajectory ...
 Calculating source influence matrix ...

 Solving BL system ...

 Side 1  free  transition at x/c =  0.6481   62
 Side 2  free  transition at x/c =  0.3457   47

   1   rms: 0.8732E-01   max: 0.1664E+01   C at   47  2   RLX: 0.902
       a = -0.500      CL =  0.3330
      Cm = -0.0814     CD =  0.00888   =>   CDf =  0.00685    CDp =  0.00203

 Side 1  free  transition at x/c =  0.6591   62
 Side 2  free  transition at x/c =  0.2984   46

   2   rms: 0.7920E-02   max: 0.1045E+00   D at   47  2
       a = -0.500      CL =  0.3309
      Cm = -0.0816     CD =  0.00883   =>   CDf =  0.00691    CDp =  0.00192

 Side 1  free  transition at x/c =  0.6583   62
 Side 2  free  transition at x/c =  0.2990   46

   3   rms: 0.4469E-03   max: 0.5989E-02   C at   46  2
       a = -0.500      CL =  0.3309
      Cm = -0.0816     CD =  0.00883   =>   CDf =  0.00692    CDp =  0.00192

 Side 1  free  transition at x/c =  0.6583   62
 Side 2  free  transition at x/c =  0.2989   46

   4   rms: 0.1334E-05   max: -.2235E-04   D at   47  2
       a = -0.500      CL =  0.3309
      Cm = -0.0816     CD =  0.00883   =>   CDf =  0.00692    CDp =  0.00192
      5.000    3.3472   0.008835   0.000000   0.000000   0.000000    0.6583     #

 Point added to stored polar  1
 Point written to save file  clarky_re430000_realistic_model_reverse.polar   
 Dump file unspecified or not available
 Calculating wake trajectory ...
 Calculating source influence matrix ...

 Solving BL system ...

 Side 1  free  transition at x/c =  0.6583   62
 Side 2  free  transition at x/c =  0.2989   46

   1   rms: 0.6837E-01   max: 0.1111E+01   C at   46  2
       a = -0.750      CL =  0.3043
      Cm = -0.0818     CD =  0.00898   =>   CDf =  0.00692    CDp =  0.00206

 Side 1  free  transition at x/c =  0.6668   62
 Side 2  free  transition at x/c =  0.2524   43

   2   rms: 0.1087E-01   max: -.1459E+00   C at   43  2
       a = -0.750      CL =  0.3039
      Cm = -0.0817     CD =  0.00897   =>   CDf =  0.00706    CDp =  0.00191

 Side 1  free  transition at x/c =  0.6679   63
 Side 2  free  transition at x/c =  0.2561   43

   3   rms: 0.1680E-02   max: -.2674E-01   C at   63  1
       a = -0.750      CL =  0.3040
      Cm = -0.0817     CD =  0.00896   =>   CDf =  0.00704    CDp =  0.00193

 Side 1  free  transition at x/c =  0.6682   63
 Side 2  free  transition at x/c =  0.2559   43

   4   rms: 0.2753E-04   max: 0.4460E-03   C at   63  1
       a = -0.750      CL =  0.3040
      Cm = -0.0817     CD =  0.00897   =>   CDf =  0.00703    CDp =  0.00194
      5.000    3.3709   0.008965   0.000000   0.000000   0.000000    0.6682     #

 Point added to stored polar  1
 Point written to save file  clarky_re430000_realistic_model_reverse.polar   
 Dump file unspecified or not available
 Calculating wake trajectory ...
 Calculating source influence matrix ...

 Solving BL system ...

 Side 1  free  transition at x/c =  0.6682   63
 Side 2  free  transition at x/c =  0.2559   43

   1   rms: 0.7140E-01   max: 0.1275E+01   C at   43  2
       a = -1.000      CL =  0.2775
      Cm = -0.0820     CD =  0.00904   =>   CDf =  0.00704    CDp =  0.00200

 Side 1  free  transition at x/c =  0.6777   62
 Side 2  free  transition at x/c =  0.2084   41

   2   rms: 0.9874E-02   max: -.1677E+00   C at   41  2
       a = -1.000      CL =  0.2775
      Cm = -0.0820     CD =  0.00909   =>   CDf =  0.00714    CDp =  0.00196

 Side 1  free  transition at x/c =  0.6787   62
 Side 2  free  transition at x/c =  0.2124   42

   3   rms: 0.9834E-03   max: 0.1459E-01   C at   42  2
       a = -1.000      CL =  0.2775
      Cm = -0.0820     CD =  0.00909   =>   CDf =  0.00711    CDp =  0.00198

 Side 1  free  transition at x/c =  0.6787   62
 Side 2  free  transition at x/c =  0.2120   42

   4   rms: 0.4941E-05   max: -.9931E-04   D at   43  2
       a = -1.000      CL =  0.2775
      Cm = -0.0820     CD =  0.00909   =>   CDf =  0.00711    CDp =  0.00198
      5.000    3.3913   0.009086   0.000000   0.000000   0.000000    0.6787     #

 Point added to stored polar  1
 Point written to save file  clarky_re430000_realistic_model_reverse.polar   
 Dump file unspecified or not available
 Calculating wake trajectory ...
 Calculating source influence matrix ...

 Solving BL system ...

 Side 1  free  transition at x/c =  0.6787   62
 Side 2  free  transition at x/c =  0.2120   42

   1   rms: 0.7788E-01   max: 0.1376E+01   C at   42  2
       a = -1.250      CL =  0.2509
      Cm = -0.0822     CD =  0.00928   =>   CDf =  0.00711    CDp =  0.00217

 Side 1  free  transition at x/c =  0.6876   63
 Side 2  free  transition at x/c =  0.1617   38

   2   rms: 0.1322E-01   max: -.1672E+00   C at   38  2
       a = -1.250      CL =  0.2508
      Cm = -0.0822     CD =  0.00926   =>   CDf =  0.00727    CDp =  0.00198

 Side 1  free  transition at x/c =  0.6890   63
 Side 2  free  transition at x/c =  0.1644   38

   3   rms: 0.1069E-02   max: -.2262E-01   C at   38  2
       a = -1.250      CL =  0.2508
      Cm = -0.0822     CD =  0.00926   =>   CDf =  0.00724    CDp =  0.00202

 Side 1  free  transition at x/c =  0.6889   63
 Side 2  free  transition at x/c =  0.1642   38

   4   rms: 0.1762E-02   max: -.3847E-01   C at   38  2
       a = -1.250      CL =  0.2508
      Cm = -0.0822     CD =  0.00926   =>   CDf =  0.00724    CDp =  0.00202

 Side 1  free  transition at x/c =  0.6889   63
 Side 2  free  transition at x/c =  0.1642   38

   5   rms: 0.1750E-02   max: -.3820E-01   C at   38  2
       a = -1.250      CL =  0.2508
      Cm = -0.0822     CD =  0.00926   =>   CDf =  0.00724    CDp =  0.00202

 Side 1  free  transition at x/c =  0.6889   63
 Side 2  free  transition at x/c =  0.1642   38

   6   rms: 0.1750E-02   max: -.3821E-01   C at   38  2
       a = -1.250      CL =  0.2508
      Cm = -0.0822     CD =  0.00926   =>   CDf =  0.00724    CDp =  0.00202

 Side 1  free  transition at x/c =  0.6889   63
 Side 2  free  transition at x/c =  0.1642   38

   7   rms: 0.1750E-02   max: -.3821E-01   C at   38  2
       a = -1.250      CL =  0.2508
      Cm = -0.0822     CD =  0.00926   =>   CDf =  0.00724    CDp =  0.00202

 Side 1  free  transition at x/c =  0.6889   63
 Side 2  free  transition at x/c =  0.1642   38

   8   rms: 0.1750E-02   max: -.3821E-01   C at   38  2
       a = -1.250      CL =  0.2508
      Cm = -0.0822     CD =  0.00926   =>   CDf =  0.00724    CDp =  0.00202

 Side 1  free  transition at x/c =  0.6889   63
 Side 2  free  transition at x/c =  0.1642   38

   9   rms: 0.1750E-02   max: -.3821E-01   C at   38  2
       a = -1.250      CL =  0.2508
      Cm = -0.0822     CD =  0.00926   =>   CDf =  0.00724    CDp =  0.00202

 Side 1  free  transition at x/c =  0.6889   63
 Side 2  free  transition at x/c =  0.1642   38

  10   rms: 0.1750E-02   max: -.3821E-01   C at   38  2
       a = -1.250      CL =  0.2508
      Cm = -0.0822     CD =  0.00926   =>   CDf =  0.00724    CDp =  0.00202

 Side 1  free  transition at x/c =  0.6889   63
 Side 2  free  transition at x/c =  0.1642   38

  11   rms: 0.1750E-02   max: -.3821E-01   C at   38  2
       a = -1.250      CL =  0.2508
      Cm = -0.0822     CD =  0.00926   =>   CDf =  0.00724    CDp =  0.00202

 Side 1  free  transition at x/c =  0.6889   63
 Side 2  free  transition at x/c =  0.1642   38

  12   rms: 0.1750E-02   max: -.3821E-01   C at   38  2
       a = -1.250      CL =  0.2508
      Cm = -0.0822     CD =  0.00926   =>   CDf =  0.00724    CDp =  0.00202

 Side 1  free  transition at x/c =  0.6889   63
 Side 2  free  transition at x/c =  0.1642   38

  13   rms: 0.1750E-02   max: -.3821E-01   C at   38  2
       a = -1.250      CL =  0.2508
      Cm = -0.0822     CD =  0.00926   =>   CDf =  0.00724    CDp =  0.00202

 Side 1  free  transition at x/c =  0.6889   63
 Side 2  free  transition at x/c =  0.1642   38

  14   rms: 0.1750E-02   max: -.3821E-01   C at   38  2
       a = -1.250      CL =  0.2508
      Cm = -0.0822     CD =  0.00926   =>   CDf =  0.00724    CDp =  0.00202

 Side 1  free  transition at x/c =  0.6889   63
 Side 2  free  transition at x/c =  0.1642   38

  15   rms: 0.1750E-02   max: -.3821E-01   C at   38  2
       a = -1.250      CL =  0.2508
      Cm = -0.0822     CD =  0.00926   =>   CDf =  0.00724    CDp =  0.00202

 Side 1  free  transition at x/c =  0.6889   63
 Side 2  free  transition at x/c =  0.1642   38

  16   rms: 0.1750E-02   max: -.3821E-01   C at   38  2
       a = -1.250      CL =  0.2508
      Cm = -0.0822     CD =  0.00926   =>   CDf =  0.00724    CDp =  0.00202

 Side 1  free  transition at x/c =  0.6889   63
 Side 2  free  transition at x/c =  0.1642   38

  17   rms: 0.1750E-02   max: -.3821E-01   C at   38  2
       a = -1.250      CL =  0.2508
      Cm = -0.0822     CD =  0.00926   =>   CDf =  0.00724    CDp =  0.00202

 Side 1  free  transition at x/c =  0.6889   63
 Side 2  free  transition at x/c =  0.1642   38

  18   rms: 0.1750E-02   max: -.3821E-01   C at   38  2
       a = -1.250      CL =  0.2508
      Cm = -0.0822     CD =  0.00926   =>   CDf =  0.00724    CDp =  0.00202

 Side 1  free  transition at x/c =  0.6889   63
 Side 2  free  transition at x/c =  0.1642   38

  19   rms: 0.1750E-02   max: -.3821E-01   C at   38  2
       a = -1.250      CL =  0.2508
      Cm = -0.0822     CD =  0.00926   =>   CDf =  0.00724    CDp =  0.00202

 Side 1  free  transition at x/c =  0.6889   63
 Side 2  free  transition at x/c =  0.1642   38

  20   rms: 0.1750E-02   max: -.3821E-01   C at   38  2
       a = -1.250      CL =  0.2508
      Cm = -0.0822     CD =  0.00926   =>   CDf =  0.00724    CDp =  0.00202

 Side 1  free  transition at x/c =  0.6889   63
 Side 2  free  transition at x/c =  0.1642   38

  21   rms: 0.1750E-02   max: -.3821E-01   C at   38  2
       a = -1.250      CL =  0.2508
      Cm = -0.0822     CD =  0.00926   =>   CDf =  0.00724    CDp =  0.00202

 Side 1  free  transition at x/c =  0.6889   63
 Side 2  free  transition at x/c =  0.1642   38

  22   rms: 0.1750E-02   max: -.3821E-01   C at   38  2
       a = -1.250      CL =  0.2508
      Cm = -0.0822     CD =  0.00926   =>   CDf =  0.00724    CDp =  0.00202

 Side 1  free  transition at x/c =  0.6889   63
 Side 2  free  transition at x/c =  0.1642   38

  23   rms: 0.1750E-02   max: -.3821E-01   C at   38  2
       a = -1.250      CL =  0.2508
      Cm = -0.0822     CD =  0.00926   =>   CDf =  0.00724    CDp =  0.00202

 Side 1  free  transition at x/c =  0.6889   63
 Side 2  free  transition at x/c =  0.1642   38

  24   rms: 0.1750E-02   max: -.3821E-01   C at   38  2
       a = -1.250      CL =  0.2508
      Cm = -0.0822     CD =  0.00926   =>   CDf =  0.00724    CDp =  0.00202

 Side 1  free  transition at x/c =  0.6889   63
 Side 2  free  transition at x/c =  0.1642   38

  25   rms: 0.1750E-02   max: -.3821E-01   C at   38  2
       a = -1.250      CL =  0.2508
      Cm = -0.0822     CD =  0.00926   =>   CDf =  0.00724    CDp =  0.00202

 Side 1  free  transition at x/c =  0.6889   63
 Side 2  free  transition at x/c =  0.1642   38

  26   rms: 0.1750E-02   max: -.3821E-01   C at   38  2
       a = -1.250      CL =  0.2508
      Cm = -0.0822     CD =  0.00926   =>   CDf =  0.00724    CDp =  0.00202

 Side 1  free  transition at x/c =  0.6889   63
 Side 2  free  transition at x/c =  0.1642   38

  27   rms: 0.1750E-02   max: -.3821E-01   C at   38  2
       a = -1.250      CL =  0.2508
      Cm = -0.0822     CD =  0.00926   =>   CDf =  0.00724    CDp =  0.00202

 Side 1  free  transition at x/c =  0.6889   63
 Side 2  free  transition at x/c =  0.1642   38

  28   rms: 0.1750E-02   max: -.3821E-01   C at   38  2
       a = -1.250      CL =  0.2508
      Cm = -0.0822     CD =  0.00926   =>   CDf =  0.00724    CDp =  0.00202

 Side 1  free  transition at x/c =  0.6889   63
 Side 2  free  transition at x/c =  0.1642   38

  29   rms: 0.1750E-02   max: -.3821E-01   C at   38  2
       a = -1.250      CL =  0.2508
      Cm = -0.0822     CD =  0.00926   =>   CDf =  0.00724    CDp =  0.00202

 Side 1  free  transition at x/c =  0.6889   63
 Side 2  free  transition at x/c =  0.1642   38

  30   rms: 0.1750E-02   max: -.3821E-01   C at   38  2
       a = -1.250      CL =  0.2508
      Cm = -0.0822     CD =  0.00926   =>   CDf =  0.00724    CDp =  0.00202

 Side 1  free  transition at x/c =  0.6889   63
 Side 2  free  transition at x/c =  0.1642   38

  31   rms: 0.1750E-02   max: -.3821E-01   C at   38  2
       a = -1.250      CL =  0.2508
      Cm = -0.0822     CD =  0.00926   =>   CDf =  0.00724    CDp =  0.00202

 Side 1  free  transition at x/c =  0.6889   63
 Side 2  free  transition at x/c =  0.1642   38

  32   rms: 0.1750E-02   max: -.3821E-01   C at   38  2
       a = -1.250      CL =  0.2508
      Cm = -0.0822     CD =  0.00926   =>   CDf =  0.00724    CDp =  0.00202

 Side 1  free  transition at x/c =  0.6889   63
 Side 2  free  transition at x/c =  0.1642   38

  33   rms: 0.1750E-02   max: -.3821E-01   C at   38  2
       a = -1.250      CL =  0.2508
      Cm = -0.0822     CD =  0.00926   =>   CDf =  0.00724    CDp =  0.00202

 Side 1  free  transition at x/c =  0.6889   63
 Side 2  free  transition at x/c =  0.1642   38

  34   rms: 0.1750E-02   max: -.3821E-01   C at   38  2
       a = -1.250      CL =  0.2508
      Cm = -0.0822     CD =  0.00926   =>   CDf =  0.00724    CDp =  0.00202

 Side 1  free  transition at x/c =  0.6889   63
 Side 2  free  transition at x/c =  0.1642   38

  35   rms: 0.1750E-02   max: -.3821E-01   C at   38  2
       a = -1.250      CL =  0.2508
      Cm = -0.0822     CD =  0.00926   =>   CDf =  0.00724    CDp =  0.00202

 Side 1  free  transition at x/c =  0.6889   63
 Side 2  free  transition at x/c =  0.1642   38

  36   rms: 0.1750E-02   max: -.3821E-01   C at   38  2
       a = -1.250      CL =  0.2508
      Cm = -0.0822     CD =  0.00926   =>   CDf =  0.00724    CDp =  0.00202

 Side 1  free  transition at x/c =  0.6889   63
 Side 2  free  transition at x/c =  0.1642   38

  37   rms: 0.1750E-02   max: -.3821E-01   C at   38  2
       a = -1.250      CL =  0.2508
      Cm = -0.0822     CD =  0.00926   =>   CDf =  0.00724    CDp =  0.00202

 Side 1  free  transition at x/c =  0.6889   63
 Side 2  free  transition at x/c =  0.1642   38

  38   rms: 0.1750E-02   max: -.3821E-01   C at   38  2
       a = -1.250      CL =  0.2508
      Cm = -0.0822     CD =  0.00926   =>   CDf =  0.00724    CDp =  0.00202

 Side 1  free  transition at x/c =  0.6889   63
 Side 2  free  transition at x/c =  0.1642   38

  39   rms: 0.1750E-02   max: -.3821E-01   C at   38  2
       a = -1.250      CL =  0.2508
      Cm = -0.0822     CD =  0.00926   =>   CDf =  0.00724    CDp =  0.00202

 Side 1  free  transition at x/c =  0.6889   63
 Side 2  free  transition at x/c =  0.1642   38

  40   rms: 0.1750E-02   max: -.3821E-01   C at   38  2
       a = -1.250      CL =  0.2508
      Cm = -0.0822     CD =  0.00926   =>   CDf =  0.00724    CDp =  0.00202

 Side 1  free  transition at x/c =  0.6889   63
 Side 2  free  transition at x/c =  0.1642   38

  41   rms: 0.1750E-02   max: -.3821E-01   C at   38  2
       a = -1.250      CL =  0.2508
      Cm = -0.0822     CD =  0.00926   =>   CDf =  0.00724    CDp =  0.00202

 Side 1  free  transition at x/c =  0.6889   63
 Side 2  free  transition at x/c =  0.1642   38

  42   rms: 0.1750E-02   max: -.3821E-01   C at   38  2
       a = -1.250      CL =  0.2508
      Cm = -0.0822     CD =  0.00926   =>   CDf =  0.00724    CDp =  0.00202

 Side 1  free  transition at x/c =  0.6889   63
 Side 2  free  transition at x/c =  0.1642   38

  43   rms: 0.1750E-02   max: -.3821E-01   C at   38  2
       a = -1.250      CL =  0.2508
      Cm = -0.0822     CD =  0.00926   =>   CDf =  0.00724    CDp =  0.00202

 Side 1  free  transition at x/c =  0.6889   63
 Side 2  free  transition at x/c =  0.1642   38

  44   rms: 0.1750E-02   max: -.3821E-01   C at   38  2
       a = -1.250      CL =  0.2508
      Cm = -0.0822     CD =  0.00926   =>   CDf =  0.00724    CDp =  0.00202

 Side 1  free  transition at x/c =  0.6889   63
 Side 2  free  transition at x/c =  0.1642   38

  45   rms: 0.1750E-02   max: -.3821E-01   C at   38  2
       a = -1.250      CL =  0.2508
      Cm = -0.0822     CD =  0.00926   =>   CDf =  0.00724    CDp =  0.00202

 Side 1  free  transition at x/c =  0.6889   63
 Side 2  free  transition at x/c =  0.1642   38

  46   rms: 0.1750E-02   max: -.3821E-01   C at   38  2
       a = -1.250      CL =  0.2508
      Cm = -0.0822     CD =  0.00926   =>   CDf =  0.00724    CDp =  0.00202

 Side 1  free  transition at x/c =  0.6889   63
 Side 2  free  transition at x/c =  0.1642   38

  47   rms: 0.1750E-02   max: -.3821E-01   C at   38  2
       a = -1.250      CL =  0.2508
      Cm = -0.0822     CD =  0.00926   =>   CDf =  0.00724    CDp =  0.00202

 Side 1  free  transition at x/c =  0.6889   63
 Side 2  free  transition at x/c =  0.1642   38

  48   rms: 0.1750E-02   max: -.3821E-01   C at   38  2
       a = -1.250      CL =  0.2508
      Cm = -0.0822     CD =  0.00926   =>   CDf =  0.00724    CDp =  0.00202

 Side 1  free  transition at x/c =  0.6889   63
 Side 2  free  transition at x/c =  0.1642   38

  49   rms: 0.1750E-02   max: -.3821E-01   C at   38  2
       a = -1.250      CL =  0.2508
      Cm = -0.0822     CD =  0.00926   =>   CDf =  0.00724    CDp =  0.00202

 Side 1  free  transition at x/c =  0.6889   63
 Side 2  free  transition at x/c =  0.1642   38

  50   rms: 0.1750E-02   max: -.3821E-01   C at   38  2
       a = -1.250      CL =  0.2508
      Cm = -0.0822     CD =  0.00926   =>   CDf =  0.00724    CDp =  0.00202

 Side 1  free  transition at x/c =  0.6889   63
 Side 2  free  transition at x/c =  0.1642   38

  51   rms: 0.1750E-02   max: -.3821E-01   C at   38  2
       a = -1.250      CL =  0.2508
      Cm = -0.0822     CD =  0.00926   =>   CDf =  0.00724    CDp =  0.00202

 Side 1  free  transition at x/c =  0.6889   63
 Side 2  free  transition at x/c =  0.1642   38

  52   rms: 0.1750E-02   max: -.3821E-01   C at   38  2
       a = -1.250      CL =  0.2508
      Cm = -0.0822     CD =  0.00926   =>   CDf =  0.00724    CDp =  0.00202

 Side 1  free  transition at x/c =  0.6889   63
 Side 2  free  transition at x/c =  0.1642   38

  53   rms: 0.1750E-02   max: -.3821E-01   C at   38  2
       a = -1.250      CL =  0.2508
      Cm = -0.0822     CD =  0.00926   =>   CDf =  0.00724    CDp =  0.00202

 Side 1  free  transition at x/c =  0.6889   63
 Side 2  free  transition at x/c =  0.1642   38

  54   rms: 0.1750E-02   max: -.3821E-01   C at   38  2
       a = -1.250      CL =  0.2508
      Cm = -0.0822     CD =  0.00926   =>   CDf =  0.00724    CDp =  0.00202

 Side 1  free  transition at x/c =  0.6889   63
 Side 2  free  transition at x/c =  0.1642   38

  55   rms: 0.1750E-02   max: -.3821E-01   C at   38  2
       a = -1.250      CL =  0.2508
      Cm = -0.0822     CD =  0.00926   =>   CDf =  0.00724    CDp =  0.00202

 Side 1  free  transition at x/c =  0.6889   63
 Side 2  free  transition at x/c =  0.1642   38

  56   rms: 0.1750E-02   max: -.3821E-01   C at   38  2
       a = -1.250      CL =  0.2508
      Cm = -0.0822     CD =  0.00926   =>   CDf =  0.00724    CDp =  0.00202

 Side 1  free  transition at x/c =  0.6889   63
 Side 2  free  transition at x/c =  0.1642   38

  57   rms: 0.1750E-02   max: -.3821E-01   C at   38  2
       a = -1.250      CL =  0.2508
      Cm = -0.0822     CD =  0.00926   =>   CDf =  0.00724    CDp =  0.00202

 Side 1  free  transition at x/c =  0.6889   63
 Side 2  free  transition at x/c =  0.1642   38

  58   rms: 0.1750E-02   max: -.3821E-01   C at   38  2
       a = -1.250      CL =  0.2508
      Cm = -0.0822     CD =  0.00926   =>   CDf =  0.00724    CDp =  0.00202

 Side 1  free  transition at x/c =  0.6889   63
 Side 2  free  transition at x/c =  0.1642   38

  59   rms: 0.1750E-02   max: -.3821E-01   C at   38  2
       a = -1.250      CL =  0.2508
      Cm = -0.0822     CD =  0.00926   =>   CDf =  0.00724    CDp =  0.00202

 Side 1  free  transition at x/c =  0.6889   63
 Side 2  free  transition at x/c =  0.1642   38

  60   rms: 0.1750E-02   max: -.3821E-01   C at   38  2
       a = -1.250      CL =  0.2508
      Cm = -0.0822     CD =  0.00926   =>   CDf =  0.00724    CDp =  0.00202

 Side 1  free  transition at x/c =  0.6889   63
 Side 2  free  transition at x/c =  0.1642   38

  61   rms: 0.1750E-02   max: -.3821E-01   C at   38  2
       a = -1.250      CL =  0.2508
      Cm = -0.0822     CD =  0.00926   =>   CDf =  0.00724    CDp =  0.00202

 Side 1  free  transition at x/c =  0.6889   63
 Side 2  free  transition at x/c =  0.1642   38

  62   rms: 0.1750E-02   max: -.3821E-01   C at   38  2
       a = -1.250      CL =  0.2508
      Cm = -0.0822     CD =  0.00926   =>   CDf =  0.00724    CDp =  0.00202

 Side 1  free  transition at x/c =  0.6889   63
 Side 2  free  transition at x/c =  0.1642   38

  63   rms: 0.1750E-02   max: -.3821E-01   C at   38  2
       a = -1.250      CL =  0.2508
      Cm = -0.0822     CD =  0.00926   =>   CDf =  0.00724    CDp =  0.00202

 Side 1  free  transition at x/c =  0.6889   63
 Side 2  free  transition at x/c =  0.1642   38

  64   rms: 0.1750E-02   max: -.3821E-01   C at   38  2
       a = -1.250      CL =  0.2508
      Cm = -0.0822     CD =  0.00926   =>   CDf =  0.00724    CDp =  0.00202

 Side 1  free  transition at x/c =  0.6889   63
 Side 2  free  transition at x/c =  0.1642   38

  65   rms: 0.1750E-02   max: -.3821E-01   C at   38  2
       a = -1.250      CL =  0.2508
      Cm = -0.0822     CD =  0.00926   =>   CDf =  0.00724    CDp =  0.00202

 Side 1  free  transition at x/c =  0.6889   63
 Side 2  free  transition at x/c =  0.1642   38

  66   rms: 0.1750E-02   max: -.3821E-01   C at   38  2
       a = -1.250      CL =  0.2508
      Cm = -0.0822     CD =  0.00926   =>   CDf =  0.00724    CDp =  0.00202

 Side 1  free  transition at x/c =  0.6889   63
 Side 2  free  transition at x/c =  0.1642   38

  67   rms: 0.1750E-02   max: -.3821E-01   C at   38  2
       a = -1.250      CL =  0.2508
      Cm = -0.0822     CD =  0.00926   =>   CDf =  0.00724    CDp =  0.00202

 Side 1  free  transition at x/c =  0.6889   63
 Side 2  free  transition at x/c =  0.1642   38

  68   rms: 0.1750E-02   max: -.3821E-01   C at   38  2
       a = -1.250      CL =  0.2508
      Cm = -0.0822     CD =  0.00926   =>   CDf =  0.00724    CDp =  0.00202

 Side 1  free  transition at x/c =  0.6889   63
 Side 2  free  transition at x/c =  0.1642   38

  69   rms: 0.1750E-02   max: -.3821E-01   C at   38  2
       a = -1.250      CL =  0.2508
      Cm = -0.0822     CD =  0.00926   =>   CDf =  0.00724    CDp =  0.00202

 Side 1  free  transition at x/c =  0.6889   63
 Side 2  free  transition at x/c =  0.1642   38

  70   rms: 0.1750E-02   max: -.3821E-01   C at   38  2
       a = -1.250      CL =  0.2508
      Cm = -0.0822     CD =  0.00926   =>   CDf =  0.00724    CDp =  0.00202

 Side 1  free  transition at x/c =  0.6889   63
 Side 2  free  transition at x/c =  0.1642   38

  71   rms: 0.1750E-02   max: -.3821E-01   C at   38  2
       a = -1.250      CL =  0.2508
      Cm = -0.0822     CD =  0.00926   =>   CDf =  0.00724    CDp =  0.00202

 Side 1  free  transition at x/c =  0.6889   63
 Side 2  free  transition at x/c =  0.1642   38

  72   rms: 0.1750E-02   max: -.3821E-01   C at   38  2
       a = -1.250      CL =  0.2508
      Cm = -0.0822     CD =  0.00926   =>   CDf =  0.00724    CDp =  0.00202

 Side 1  free  transition at x/c =  0.6889   63
 Side 2  free  transition at x/c =  0.1642   38

  73   rms: 0.1750E-02   max: -.3821E-01   C at   38  2
       a = -1.250      CL =  0.2508
      Cm = -0.0822     CD =  0.00926   =>   CDf =  0.00724    CDp =  0.00202

 Side 1  free  transition at x/c =  0.6889   63
 Side 2  free  transition at x/c =  0.1642   38

  74   rms: 0.1750E-02   max: -.3821E-01   C at   38  2
       a = -1.250      CL =  0.2508
      Cm = -0.0822     CD =  0.00926   =>   CDf =  0.00724    CDp =  0.00202

 Side 1  free  transition at x/c =  0.6889   63
 Side 2  free  transition at x/c =  0.1642   38

  75   rms: 0.1750E-02   max: -.3821E-01   C at   38  2
       a = -1.250      CL =  0.2508
      Cm = -0.0822     CD =  0.00926   =>   CDf =  0.00724    CDp =  0.00202

 Side 1  free  transition at x/c =  0.6889   63
 Side 2  free  transition at x/c =  0.1642   38

  76   rms: 0.1750E-02   max: -.3821E-01   C at   38  2
       a = -1.250      CL =  0.2508
      Cm = -0.0822     CD =  0.00926   =>   CDf =  0.00724    CDp =  0.00202

 Side 1  free  transition at x/c =  0.6889   63
 Side 2  free  transition at x/c =  0.1642   38

  77   rms: 0.1750E-02   max: -.3821E-01   C at   38  2
       a = -1.250      CL =  0.2508
      Cm = -0.0822     CD =  0.00926   =>   CDf =  0.00724    CDp =  0.00202

 Side 1  free  transition at x/c =  0.6889   63
 Side 2  free  transition at x/c =  0.1642   38

  78   rms: 0.1750E-02   max: -.3821E-01   C at   38  2
       a = -1.250      CL =  0.2508
      Cm = -0.0822     CD =  0.00926   =>   CDf =  0.00724    CDp =  0.00202

 Side 1  free  transition at x/c =  0.6889   63
 Side 2  free  transition at x/c =  0.1642   38

  79   rms: 0.1750E-02   max: -.3821E-01   C at   38  2
       a = -1.250      CL =  0.2508
      Cm = -0.0822     CD =  0.00926   =>   CDf =  0.00724    CDp =  0.00202

 Side 1  free  transition at x/c =  0.6889   63
 Side 2  free  transition at x/c =  0.1642   38

  80   rms: 0.1750E-02   max: -.3821E-01   C at   38  2
       a = -1.250      CL =  0.2508
      Cm = -0.0822     CD =  0.00926   =>   CDf =  0.00724    CDp =  0.00202

 Side 1  free  transition at x/c =  0.6889   63
 Side 2  free  transition at x/c =  0.1642   38

  81   rms: 0.1750E-02   max: -.3821E-01   C at   38  2
       a = -1.250      CL =  0.2508
      Cm = -0.0822     CD =  0.00926   =>   CDf =  0.00724    CDp =  0.00202

 Side 1  free  transition at x/c =  0.6889   63
 Side 2  free  transition at x/c =  0.1642   38

  82   rms: 0.1750E-02   max: -.3821E-01   C at   38  2
       a = -1.250      CL =  0.2508
      Cm = -0.0822     CD =  0.00926   =>   CDf =  0.00724    CDp =  0.00202

 Side 1  free  transition at x/c =  0.6889   63
 Side 2  free  transition at x/c =  0.1642   38

  83   rms: 0.1750E-02   max: -.3821E-01   C at   38  2
       a = -1.250      CL =  0.2508
      Cm = -0.0822     CD =  0.00926   =>   CDf =  0.00724    CDp =  0.00202

 Side 1  free  transition at x/c =  0.6889   63
 Side 2  free  transition at x/c =  0.1642   38

  84   rms: 0.1750E-02   max: -.3821E-01   C at   38  2
       a = -1.250      CL =  0.2508
      Cm = -0.0822     CD =  0.00926   =>   CDf =  0.00724    CDp =  0.00202

 Side 1  free  transition at x/c =  0.6889   63
 Side 2  free  transition at x/c =  0.1642   38

  85   rms: 0.1750E-02   max: -.3821E-01   C at   38  2
       a = -1.250      CL =  0.2508
      Cm = -0.0822     CD =  0.00926   =>   CDf =  0.00724    CDp =  0.00202

 Side 1  free  transition at x/c =  0.6889   63
 Side 2  free  transition at x/c =  0.1642   38

  86   rms: 0.1750E-02   max: -.3821E-01   C at   38  2
       a = -1.250      CL =  0.2508
      Cm = -0.0822     CD =  0.00926   =>   CDf =  0.00724    CDp =  0.00202

 Side 1  free  transition at x/c =  0.6889   63
 Side 2  free  transition at x/c =  0.1642   38

  87   rms: 0.1750E-02   max: -.3821E-01   C at   38  2
       a = -1.250      CL =  0.2508
      Cm = -0.0822     CD =  0.00926   =>   CDf =  0.00724    CDp =  0.00202

 Side 1  free  transition at x/c =  0.6889   63
 Side 2  free  transition at x/c =  0.1642   38

  88   rms: 0.1750E-02   max: -.3821E-01   C at   38  2
       a = -1.250      CL =  0.2508
      Cm = -0.0822     CD =  0.00926   =>   CDf =  0.00724    CDp =  0.00202

 Side 1  free  transition at x/c =  0.6889   63
 Side 2  free  transition at x/c =  0.1642   38

  89   rms: 0.1750E-02   max: -.3821E-01   C at   38  2
       a = -1.250      CL =  0.2508
      Cm = -0.0822     CD =  0.00926   =>   CDf =  0.00724    CDp =  0.00202

 Side 1  free  transition at x/c =  0.6889   63
 Side 2  free  transition at x/c =  0.1642   38

  90   rms: 0.1750E-02   max: -.3821E-01   C at   38  2
       a = -1.250      CL =  0.2508
      Cm = -0.0822     CD =  0.00926   =>   CDf =  0.00724    CDp =  0.00202

 Side 1  free  transition at x/c =  0.6889   63
 Side 2  free  transition at x/c =  0.1642   38

  91   rms: 0.1750E-02   max: -.3821E-01   C at   38  2
       a = -1.250      CL =  0.2508
      Cm = -0.0822     CD =  0.00926   =>   CDf =  0.00724    CDp =  0.00202

 Side 1  free  transition at x/c =  0.6889   63
 Side 2  free  transition at x/c =  0.1642   38

  92   rms: 0.1750E-02   max: -.3821E-01   C at   38  2
       a = -1.250      CL =  0.2508
      Cm = -0.0822     CD =  0.00926   =>   CDf =  0.00724    CDp =  0.00202

 Side 1  free  transition at x/c =  0.6889   63
 Side 2  free  transition at x/c =  0.1642   38

  93   rms: 0.1750E-02   max: -.3821E-01   C at   38  2
       a = -1.250      CL =  0.2508
      Cm = -0.0822     CD =  0.00926   =>   CDf =  0.00724    CDp =  0.00202

 Side 1  free  transition at x/c =  0.6889   63
 Side 2  free  transition at x/c =  0.1642   38

  94   rms: 0.1750E-02   max: -.3821E-01   C at   38  2
       a = -1.250      CL =  0.2508
      Cm = -0.0822     CD =  0.00926   =>   CDf =  0.00724    CDp =  0.00202

 Side 1  free  transition at x/c =  0.6889   63
 Side 2  free  transition at x/c =  0.1642   38

  95   rms: 0.1750E-02   max: -.3821E-01   C at   38  2
       a = -1.250      CL =  0.2508
      Cm = -0.0822     CD =  0.00926   =>   CDf =  0.00724    CDp =  0.00202

 Side 1  free  transition at x/c =  0.6889   63
 Side 2  free  transition at x/c =  0.1642   38

  96   rms: 0.1750E-02   max: -.3821E-01   C at   38  2
       a = -1.250      CL =  0.2508
      Cm = -0.0822     CD =  0.00926   =>   CDf =  0.00724    CDp =  0.00202

 Side 1  free  transition at x/c =  0.6889   63
 Side 2  free  transition at x/c =  0.1642   38

  97   rms: 0.1750E-02   max: -.3821E-01   C at   38  2
       a = -1.250      CL =  0.2508
      Cm = -0.0822     CD =  0.00926   =>   CDf =  0.00724    CDp =  0.00202

 Side 1  free  transition at x/c =  0.6889   63
 Side 2  free  transition at x/c =  0.1642   38

  98   rms: 0.1750E-02   max: -.3821E-01   C at   38  2
       a = -1.250      CL =  0.2508
      Cm = -0.0822     CD =  0.00926   =>   CDf =  0.00724    CDp =  0.00202

 Side 1  free  transition at x/c =  0.6889   63
 Side 2  free  transition at x/c =  0.1642   38

  99   rms: 0.1750E-02   max: -.3821E-01   C at   38  2
       a = -1.250      CL =  0.2508
      Cm = -0.0822     CD =  0.00926   =>   CDf =  0.00724    CDp =  0.00202

 Side 1  free  transition at x/c =  0.6889   63
 Side 2  free  transition at x/c =  0.1642   38

 100   rms: 0.1750E-02   max: -.3821E-01   C at   38  2
       a = -1.250      CL =  0.2508
      Cm = -0.0822     CD =  0.00926   =>   CDf =  0.00724    CDp =  0.00202

 Side 1  free  transition at x/c =  0.6889   63
 Side 2  free  transition at x/c =  0.1642   38

 101   rms: 0.1750E-02   max: -.3821E-01   C at   38  2
       a = -1.250      CL =  0.2508
      Cm = -0.0822     CD =  0.00926   =>   CDf =  0.00724    CDp =  0.00202

 Side 1  free  transition at x/c =  0.6889   63
 Side 2  free  transition at x/c =  0.1642   38

 102   rms: 0.1750E-02   max: -.3821E-01   C at   38  2
       a = -1.250      CL =  0.2508
      Cm = -0.0822     CD =  0.00926   =>   CDf =  0.00724    CDp =  0.00202

 Side 1  free  transition at x/c =  0.6889   63
 Side 2  free  transition at x/c =  0.1642   38

 103   rms: 0.1750E-02   max: -.3821E-01   C at   38  2
       a = -1.250      CL =  0.2508
      Cm = -0.0822     CD =  0.00926   =>   CDf =  0.00724    CDp =  0.00202

 Side 1  free  transition at x/c =  0.6889   63
 Side 2  free  transition at x/c =  0.1642   38

 104   rms: 0.1750E-02   max: -.3821E-01   C at   38  2
       a = -1.250      CL =  0.2508
      Cm = -0.0822     CD =  0.00926   =>   CDf =  0.00724    CDp =  0.00202

 Side 1  free  transition at x/c =  0.6889   63
 Side 2  free  transition at x/c =  0.1642   38

 105   rms: 0.1750E-02   max: -.3821E-01   C at   38  2
       a = -1.250      CL =  0.2508
      Cm = -0.0822     CD =  0.00926   =>   CDf =  0.00724    CDp =  0.00202

 Side 1  free  transition at x/c =  0.6889   63
 Side 2  free  transition at x/c =  0.1642   38

 106   rms: 0.1750E-02   max: -.3821E-01   C at   38  2
       a = -1.250      CL =  0.2508
      Cm = -0.0822     CD =  0.00926   =>   CDf =  0.00724    CDp =  0.00202

 Side 1  free  transition at x/c =  0.6889   63
 Side 2  free  transition at x/c =  0.1642   38

 107   rms: 0.1750E-02   max: -.3821E-01   C at   38  2
       a = -1.250      CL =  0.2508
      Cm = -0.0822     CD =  0.00926   =>   CDf =  0.00724    CDp =  0.00202

 Side 1  free  transition at x/c =  0.6889   63
 Side 2  free  transition at x/c =  0.1642   38

 108   rms: 0.1750E-02   max: -.3821E-01   C at   38  2
       a = -1.250      CL =  0.2508
      Cm = -0.0822     CD =  0.00926   =>   CDf =  0.00724    CDp =  0.00202

 Side 1  free  transition at x/c =  0.6889   63
 Side 2  free  transition at x/c =  0.1642   38

 109   rms: 0.1750E-02   max: -.3821E-01   C at   38  2
       a = -1.250      CL =  0.2508
      Cm = -0.0822     CD =  0.00926   =>   CDf =  0.00724    CDp =  0.00202

 Side 1  free  transition at x/c =  0.6889   63
 Side 2  free  transition at x/c =  0.1642   38

 110   rms: 0.1750E-02   max: -.3821E-01   C at   38  2
       a = -1.250      CL =  0.2508
      Cm = -0.0822     CD =  0.00926   =>   CDf =  0.00724    CDp =  0.00202

 Side 1  free  transition at x/c =  0.6889   63
 Side 2  free  transition at x/c =  0.1642   38

 111   rms: 0.1750E-02   max: -.3821E-01   C at   38  2
       a = -1.250      CL =  0.2508
      Cm = -0.0822     CD =  0.00926   =>   CDf =  0.00724    CDp =  0.00202

 Side 1  free  transition at x/c =  0.6889   63
 Side 2  free  transition at x/c =  0.1642   38

 112   rms: 0.1750E-02   max: -.3821E-01   C at   38  2
       a = -1.250      CL =  0.2508
      Cm = -0.0822     CD =  0.00926   =>   CDf =  0.00724    CDp =  0.00202

 Side 1  free  transition at x/c =  0.6889   63
 Side 2  free  transition at x/c =  0.1642   38

 113   rms: 0.1750E-02   max: -.3821E-01   C at   38  2
       a = -1.250      CL =  0.2508
      Cm = -0.0822     CD =  0.00926   =>   CDf =  0.00724    CDp =  0.00202

 Side 1  free  transition at x/c =  0.6889   63
 Side 2  free  transition at x/c =  0.1642   38

 114   rms: 0.1750E-02   max: -.3821E-01   C at   38  2
       a = -1.250      CL =  0.2508
      Cm = -0.0822     CD =  0.00926   =>   CDf =  0.00724    CDp =  0.00202

 Side 1  free  transition at x/c =  0.6889   63
 Side 2  free  transition at x/c =  0.1642   38

 115   rms: 0.1750E-02   max: -.3821E-01   C at   38  2
       a = -1.250      CL =  0.2508
      Cm = -0.0822     CD =  0.00926   =>   CDf =  0.00724    CDp =  0.00202

 Side 1  free  transition at x/c =  0.6889   63
 Side 2  free  transition at x/c =  0.1642   38

 116   rms: 0.1750E-02   max: -.3821E-01   C at   38  2
       a = -1.250      CL =  0.2508
      Cm = -0.0822     CD =  0.00926   =>   CDf =  0.00724    CDp =  0.00202

 Side 1  free  transition at x/c =  0.6889   63
 Side 2  free  transition at x/c =  0.1642   38

 117   rms: 0.1750E-02   max: -.3821E-01   C at   38  2
       a = -1.250      CL =  0.2508
      Cm = -0.0822     CD =  0.00926   =>   CDf =  0.00724    CDp =  0.00202

 Side 1  free  transition at x/c =  0.6889   63
 Side 2  free  transition at x/c =  0.1642   38

 118   rms: 0.1750E-02   max: -.3821E-01   C at   38  2
       a = -1.250      CL =  0.2508
      Cm = -0.0822     CD =  0.00926   =>   CDf =  0.00724    CDp =  0.00202

 Side 1  free  transition at x/c =  0.6889   63
 Side 2  free  transition at x/c =  0.1642   38

 119   rms: 0.1750E-02   max: -.3821E-01   C at   38  2
       a = -1.250      CL =  0.2508
      Cm = -0.0822     CD =  0.00926   =>   CDf =  0.00724    CDp =  0.00202

 Side 1  free  transition at x/c =  0.6889   63
 Side 2  free  transition at x/c =  0.1642   38

 120   rms: 0.1750E-02   max: -.3821E-01   C at   38  2
       a = -1.250      CL =  0.2508
      Cm = -0.0822     CD =  0.00926   =>   CDf =  0.00724    CDp =  0.00202

 Side 1  free  transition at x/c =  0.6889   63
 Side 2  free  transition at x/c =  0.1642   38

 121   rms: 0.1750E-02   max: -.3821E-01   C at   38  2
       a = -1.250      CL =  0.2508
      Cm = -0.0822     CD =  0.00926   =>   CDf =  0.00724    CDp =  0.00202

 Side 1  free  transition at x/c =  0.6889   63
 Side 2  free  transition at x/c =  0.1642   38

 122   rms: 0.1750E-02   max: -.3821E-01   C at   38  2
       a = -1.250      CL =  0.2508
      Cm = -0.0822     CD =  0.00926   =>   CDf =  0.00724    CDp =  0.00202

 Side 1  free  transition at x/c =  0.6889   63
 Side 2  free  transition at x/c =  0.1642   38

 123   rms: 0.1750E-02   max: -.3821E-01   C at   38  2
       a = -1.250      CL =  0.2508
      Cm = -0.0822     CD =  0.00926   =>   CDf =  0.00724    CDp =  0.00202

 Side 1  free  transition at x/c =  0.6889   63
 Side 2  free  transition at x/c =  0.1642   38

 124   rms: 0.1750E-02   max: -.3821E-01   C at   38  2
       a = -1.250      CL =  0.2508
      Cm = -0.0822     CD =  0.00926   =>   CDf =  0.00724    CDp =  0.00202

 Side 1  free  transition at x/c =  0.6889   63
 Side 2  free  transition at x/c =  0.1642   38

 125   rms: 0.1750E-02   max: -.3821E-01   C at   38  2
       a = -1.250      CL =  0.2508
      Cm = -0.0822     CD =  0.00926   =>   CDf =  0.00724    CDp =  0.00202

 Side 1  free  transition at x/c =  0.6889   63
 Side 2  free  transition at x/c =  0.1642   38

 126   rms: 0.1750E-02   max: -.3821E-01   C at   38  2
       a = -1.250      CL =  0.2508
      Cm = -0.0822     CD =  0.00926   =>   CDf =  0.00724    CDp =  0.00202

 Side 1  free  transition at x/c =  0.6889   63
 Side 2  free  transition at x/c =  0.1642   38

 127   rms: 0.1750E-02   max: -.3821E-01   C at   38  2
       a = -1.250      CL =  0.2508
      Cm = -0.0822     CD =  0.00926   =>   CDf =  0.00724    CDp =  0.00202

 Side 1  free  transition at x/c =  0.6889   63
 Side 2  free  transition at x/c =  0.1642   38

 128   rms: 0.1750E-02   max: -.3821E-01   C at   38  2
       a = -1.250      CL =  0.2508
      Cm = -0.0822     CD =  0.00926   =>   CDf =  0.00724    CDp =  0.00202

 Side 1  free  transition at x/c =  0.6889   63
 Side 2  free  transition at x/c =  0.1642   38

 129   rms: 0.1750E-02   max: -.3821E-01   C at   38  2
       a = -1.250      CL =  0.2508
      Cm = -0.0822     CD =  0.00926   =>   CDf =  0.00724    CDp =  0.00202

 Side 1  free  transition at x/c =  0.6889   63
 Side 2  free  transition at x/c =  0.1642   38

 130   rms: 0.1750E-02   max: -.3821E-01   C at   38  2
       a = -1.250      CL =  0.2508
      Cm = -0.0822     CD =  0.00926   =>   CDf =  0.00724    CDp =  0.00202

 Side 1  free  transition at x/c =  0.6889   63
 Side 2  free  transition at x/c =  0.1642   38

 131   rms: 0.1750E-02   max: -.3821E-01   C at   38  2
       a = -1.250      CL =  0.2508
      Cm = -0.0822     CD =  0.00926   =>   CDf =  0.00724    CDp =  0.00202

 Side 1  free  transition at x/c =  0.6889   63
 Side 2  free  transition at x/c =  0.1642   38

 132   rms: 0.1750E-02   max: -.3821E-01   C at   38  2
       a = -1.250      CL =  0.2508
      Cm = -0.0822     CD =  0.00926   =>   CDf =  0.00724    CDp =  0.00202

 Side 1  free  transition at x/c =  0.6889   63
 Side 2  free  transition at x/c =  0.1642   38

 133   rms: 0.1750E-02   max: -.3821E-01   C at   38  2
       a = -1.250      CL =  0.2508
      Cm = -0.0822     CD =  0.00926   =>   CDf =  0.00724    CDp =  0.00202

 Side 1  free  transition at x/c =  0.6889   63
 Side 2  free  transition at x/c =  0.1642   38

 134   rms: 0.1750E-02   max: -.3821E-01   C at   38  2
       a = -1.250      CL =  0.2508
      Cm = -0.0822     CD =  0.00926   =>   CDf =  0.00724    CDp =  0.00202

 Side 1  free  transition at x/c =  0.6889   63
 Side 2  free  transition at x/c =  0.1642   38

 135   rms: 0.1750E-02   max: -.3821E-01   C at   38  2
       a = -1.250      CL =  0.2508
      Cm = -0.0822     CD =  0.00926   =>   CDf =  0.00724    CDp =  0.00202

 Side 1  free  transition at x/c =  0.6889   63
 Side 2  free  transition at x/c =  0.1642   38

 136   rms: 0.1750E-02   max: -.3821E-01   C at   38  2
       a = -1.250      CL =  0.2508
      Cm = -0.0822     CD =  0.00926   =>   CDf =  0.00724    CDp =  0.00202

 Side 1  free  transition at x/c =  0.6889   63
 Side 2  free  transition at x/c =  0.1642   38

 137   rms: 0.1750E-02   max: -.3821E-01   C at   38  2
       a = -1.250      CL =  0.2508
      Cm = -0.0822     CD =  0.00926   =>   CDf =  0.00724    CDp =  0.00202

 Side 1  free  transition at x/c =  0.6889   63
 Side 2  free  transition at x/c =  0.1642   38

 138   rms: 0.1750E-02   max: -.3821E-01   C at   38  2
       a = -1.250      CL =  0.2508
      Cm = -0.0822     CD =  0.00926   =>   CDf =  0.00724    CDp =  0.00202

 Side 1  free  transition at x/c =  0.6889   63
 Side 2  free  transition at x/c =  0.1642   38

 139   rms: 0.1750E-02   max: -.3821E-01   C at   38  2
       a = -1.250      CL =  0.2508
      Cm = -0.0822     CD =  0.00926   =>   CDf =  0.00724    CDp =  0.00202

 Side 1  free  transition at x/c =  0.6889   63
 Side 2  free  transition at x/c =  0.1642   38

 140   rms: 0.1750E-02   max: -.3821E-01   C at   38  2
       a = -1.250      CL =  0.2508
      Cm = -0.0822     CD =  0.00926   =>   CDf =  0.00724    CDp =  0.00202

 Side 1  free  transition at x/c =  0.6889   63
 Side 2  free  transition at x/c =  0.1642   38

 141   rms: 0.1750E-02   max: -.3821E-01   C at   38  2
       a = -1.250      CL =  0.2508
      Cm = -0.0822     CD =  0.00926   =>   CDf =  0.00724    CDp =  0.00202

 Side 1  free  transition at x/c =  0.6889   63
 Side 2  free  transition at x/c =  0.1642   38

 142   rms: 0.1750E-02   max: -.3821E-01   C at   38  2
       a = -1.250      CL =  0.2508
      Cm = -0.0822     CD =  0.00926   =>   CDf =  0.00724    CDp =  0.00202

 Side 1  free  transition at x/c =  0.6889   63
 Side 2  free  transition at x/c =  0.1642   38

 143   rms: 0.1750E-02   max: -.3821E-01   C at   38  2
       a = -1.250      CL =  0.2508
      Cm = -0.0822     CD =  0.00926   =>   CDf =  0.00724    CDp =  0.00202

 Side 1  free  transition at x/c =  0.6889   63
 Side 2  free  transition at x/c =  0.1642   38

 144   rms: 0.1750E-02   max: -.3821E-01   C at   38  2
       a = -1.250      CL =  0.2508
      Cm = -0.0822     CD =  0.00926   =>   CDf =  0.00724    CDp =  0.00202

 Side 1  free  transition at x/c =  0.6889   63
 Side 2  free  transition at x/c =  0.1642   38

 145   rms: 0.1750E-02   max: -.3821E-01   C at   38  2
       a = -1.250      CL =  0.2508
      Cm = -0.0822     CD =  0.00926   =>   CDf =  0.00724    CDp =  0.00202

 Side 1  free  transition at x/c =  0.6889   63
 Side 2  free  transition at x/c =  0.1642   38

 146   rms: 0.1750E-02   max: -.3821E-01   C at   38  2
       a = -1.250      CL =  0.2508
      Cm = -0.0822     CD =  0.00926   =>   CDf =  0.00724    CDp =  0.00202

 Side 1  free  transition at x/c =  0.6889   63
 Side 2  free  transition at x/c =  0.1642   38

 147   rms: 0.1750E-02   max: -.3821E-01   C at   38  2
       a = -1.250      CL =  0.2508
      Cm = -0.0822     CD =  0.00926   =>   CDf =  0.00724    CDp =  0.00202

 Side 1  free  transition at x/c =  0.6889   63
 Side 2  free  transition at x/c =  0.1642   38

 148   rms: 0.1750E-02   max: -.3821E-01   C at   38  2
       a = -1.250      CL =  0.2508
      Cm = -0.0822     CD =  0.00926   =>   CDf =  0.00724    CDp =  0.00202

 Side 1  free  transition at x/c =  0.6889   63
 Side 2  free  transition at x/c =  0.1642   38

 149   rms: 0.1750E-02   max: -.3821E-01   C at   38  2
       a = -1.250      CL =  0.2508
      Cm = -0.0822     CD =  0.00926   =>   CDf =  0.00724    CDp =  0.00202

 Side 1  free  transition at x/c =  0.6889   63
 Side 2  free  transition at x/c =  0.1642   38

 150   rms: 0.1750E-02   max: -.3821E-01   C at   38  2
       a = -1.250      CL =  0.2508
      Cm = -0.0822     CD =  0.00926   =>   CDf =  0.00724    CDp =  0.00202

 Side 1  free  transition at x/c =  0.6889   63
 Side 2  free  transition at x/c =  0.1642   38

 151   rms: 0.1750E-02   max: -.3821E-01   C at   38  2
       a = -1.250      CL =  0.2508
      Cm = -0.0822     CD =  0.00926   =>   CDf =  0.00724    CDp =  0.00202

 Side 1  free  transition at x/c =  0.6889   63
 Side 2  free  transition at x/c =  0.1642   38

 152   rms: 0.1750E-02   max: -.3821E-01   C at   38  2
       a = -1.250      CL =  0.2508
      Cm = -0.0822     CD =  0.00926   =>   CDf =  0.00724    CDp =  0.00202

 Side 1  free  transition at x/c =  0.6889   63
 Side 2  free  transition at x/c =  0.1642   38

 153   rms: 0.1750E-02   max: -.3821E-01   C at   38  2
       a = -1.250      CL =  0.2508
      Cm = -0.0822     CD =  0.00926   =>   CDf =  0.00724    CDp =  0.00202

 Side 1  free  transition at x/c =  0.6889   63
 Side 2  free  transition at x/c =  0.1642   38

 154   rms: 0.1750E-02   max: -.3821E-01   C at   38  2
       a = -1.250      CL =  0.2508
      Cm = -0.0822     CD =  0.00926   =>   CDf =  0.00724    CDp =  0.00202

 Side 1  free  transition at x/c =  0.6889   63
 Side 2  free  transition at x/c =  0.1642   38

 155   rms: 0.1750E-02   max: -.3821E-01   C at   38  2
       a = -1.250      CL =  0.2508
      Cm = -0.0822     CD =  0.00926   =>   CDf =  0.00724    CDp =  0.00202

 Side 1  free  transition at x/c =  0.6889   63
 Side 2  free  transition at x/c =  0.1642   38

 156   rms: 0.1750E-02   max: -.3821E-01   C at   38  2
       a = -1.250      CL =  0.2508
      Cm = -0.0822     CD =  0.00926   =>   CDf =  0.00724    CDp =  0.00202

 Side 1  free  transition at x/c =  0.6889   63
 Side 2  free  transition at x/c =  0.1642   38

 157   rms: 0.1750E-02   max: -.3821E-01   C at   38  2
       a = -1.250      CL =  0.2508
      Cm = -0.0822     CD =  0.00926   =>   CDf =  0.00724    CDp =  0.00202

 Side 1  free  transition at x/c =  0.6889   63
 Side 2  free  transition at x/c =  0.1642   38

 158   rms: 0.1750E-02   max: -.3821E-01   C at   38  2
       a = -1.250      CL =  0.2508
      Cm = -0.0822     CD =  0.00926   =>   CDf =  0.00724    CDp =  0.00202

 Side 1  free  transition at x/c =  0.6889   63
 Side 2  free  transition at x/c =  0.1642   38

 159   rms: 0.1750E-02   max: -.3821E-01   C at   38  2
       a = -1.250      CL =  0.2508
      Cm = -0.0822     CD =  0.00926   =>   CDf =  0.00724    CDp =  0.00202

 Side 1  free  transition at x/c =  0.6889   63
 Side 2  free  transition at x/c =  0.1642   38

 160   rms: 0.1750E-02   max: -.3821E-01   C at   38  2
       a = -1.250      CL =  0.2508
      Cm = -0.0822     CD =  0.00926   =>   CDf =  0.00724    CDp =  0.00202

 Side 1  free  transition at x/c =  0.6889   63
 Side 2  free  transition at x/c =  0.1642   38

 161   rms: 0.1750E-02   max: -.3821E-01   C at   38  2
       a = -1.250      CL =  0.2508
      Cm = -0.0822     CD =  0.00926   =>   CDf =  0.00724    CDp =  0.00202

 Side 1  free  transition at x/c =  0.6889   63
 Side 2  free  transition at x/c =  0.1642   38

 162   rms: 0.1750E-02   max: -.3821E-01   C at   38  2
       a = -1.250      CL =  0.2508
      Cm = -0.0822     CD =  0.00926   =>   CDf =  0.00724    CDp =  0.00202

 Side 1  free  transition at x/c =  0.6889   63
 Side 2  free  transition at x/c =  0.1642   38

 163   rms: 0.1750E-02   max: -.3821E-01   C at   38  2
       a = -1.250      CL =  0.2508
      Cm = -0.0822     CD =  0.00926   =>   CDf =  0.00724    CDp =  0.00202

 Side 1  free  transition at x/c =  0.6889   63
 Side 2  free  transition at x/c =  0.1642   38

 164   rms: 0.1750E-02   max: -.3821E-01   C at   38  2
       a = -1.250      CL =  0.2508
      Cm = -0.0822     CD =  0.00926   =>   CDf =  0.00724    CDp =  0.00202

 Side 1  free  transition at x/c =  0.6889   63
 Side 2  free  transition at x/c =  0.1642   38

 165   rms: 0.1750E-02   max: -.3821E-01   C at   38  2
       a = -1.250      CL =  0.2508
      Cm = -0.0822     CD =  0.00926   =>   CDf =  0.00724    CDp =  0.00202

 Side 1  free  transition at x/c =  0.6889   63
 Side 2  free  transition at x/c =  0.1642   38

 166   rms: 0.1750E-02   max: -.3821E-01   C at   38  2
       a = -1.250      CL =  0.2508
      Cm = -0.0822     CD =  0.00926   =>   CDf =  0.00724    CDp =  0.00202

 Side 1  free  transition at x/c =  0.6889   63
 Side 2  free  transition at x/c =  0.1642   38

 167   rms: 0.1750E-02   max: -.3821E-01   C at   38  2
       a = -1.250      CL =  0.2508
      Cm = -0.0822     CD =  0.00926   =>   CDf =  0.00724    CDp =  0.00202

 Side 1  free  transition at x/c =  0.6889   63
 Side 2  free  transition at x/c =  0.1642   38

 168   rms: 0.1750E-02   max: -.3821E-01   C at   38  2
       a = -1.250      CL =  0.2508
      Cm = -0.0822     CD =  0.00926   =>   CDf =  0.00724    CDp =  0.00202

 Side 1  free  transition at x/c =  0.6889   63
 Side 2  free  transition at x/c =  0.1642   38

 169   rms: 0.1750E-02   max: -.3821E-01   C at   38  2
       a = -1.250      CL =  0.2508
      Cm = -0.0822     CD =  0.00926   =>   CDf =  0.00724    CDp =  0.00202

 Side 1  free  transition at x/c =  0.6889   63
 Side 2  free  transition at x/c =  0.1642   38

 170   rms: 0.1750E-02   max: -.3821E-01   C at   38  2
       a = -1.250      CL =  0.2508
      Cm = -0.0822     CD =  0.00926   =>   CDf =  0.00724    CDp =  0.00202

 Side 1  free  transition at x/c =  0.6889   63
 Side 2  free  transition at x/c =  0.1642   38

 171   rms: 0.1750E-02   max: -.3821E-01   C at   38  2
       a = -1.250      CL =  0.2508
      Cm = -0.0822     CD =  0.00926   =>   CDf =  0.00724    CDp =  0.00202

 Side 1  free  transition at x/c =  0.6889   63
 Side 2  free  transition at x/c =  0.1642   38

 172   rms: 0.1750E-02   max: -.3821E-01   C at   38  2
       a = -1.250      CL =  0.2508
      Cm = -0.0822     CD =  0.00926   =>   CDf =  0.00724    CDp =  0.00202

 Side 1  free  transition at x/c =  0.6889   63
 Side 2  free  transition at x/c =  0.1642   38

 173   rms: 0.1750E-02   max: -.3821E-01   C at   38  2
       a = -1.250      CL =  0.2508
      Cm = -0.0822     CD =  0.00926   =>   CDf =  0.00724    CDp =  0.00202

 Side 1  free  transition at x/c =  0.6889   63
 Side 2  free  transition at x/c =  0.1642   38

 174   rms: 0.1750E-02   max: -.3821E-01   C at   38  2
       a = -1.250      CL =  0.2508
      Cm = -0.0822     CD =  0.00926   =>   CDf =  0.00724    CDp =  0.00202

 Side 1  free  transition at x/c =  0.6889   63
 Side 2  free  transition at x/c =  0.1642   38

 175   rms: 0.1750E-02   max: -.3821E-01   C at   38  2
       a = -1.250      CL =  0.2508
      Cm = -0.0822     CD =  0.00926   =>   CDf =  0.00724    CDp =  0.00202

 Side 1  free  transition at x/c =  0.6889   63
 Side 2  free  transition at x/c =  0.1642   38

 176   rms: 0.1750E-02   max: -.3821E-01   C at   38  2
       a = -1.250      CL =  0.2508
      Cm = -0.0822     CD =  0.00926   =>   CDf =  0.00724    CDp =  0.00202

 Side 1  free  transition at x/c =  0.6889   63
 Side 2  free  transition at x/c =  0.1642   38

 177   rms: 0.1750E-02   max: -.3821E-01   C at   38  2
       a = -1.250      CL =  0.2508
      Cm = -0.0822     CD =  0.00926   =>   CDf =  0.00724    CDp =  0.00202

 Side 1  free  transition at x/c =  0.6889   63
 Side 2  free  transition at x/c =  0.1642   38

 178   rms: 0.1750E-02   max: -.3821E-01   C at   38  2
       a = -1.250      CL =  0.2508
      Cm = -0.0822     CD =  0.00926   =>   CDf =  0.00724    CDp =  0.00202

 Side 1  free  transition at x/c =  0.6889   63
 Side 2  free  transition at x/c =  0.1642   38

 179   rms: 0.1750E-02   max: -.3821E-01   C at   38  2
       a = -1.250      CL =  0.2508
      Cm = -0.0822     CD =  0.00926   =>   CDf =  0.00724    CDp =  0.00202

 Side 1  free  transition at x/c =  0.6889   63
 Side 2  free  transition at x/c =  0.1642   38

 180   rms: 0.1750E-02   max: -.3821E-01   C at   38  2
       a = -1.250      CL =  0.2508
      Cm = -0.0822     CD =  0.00926   =>   CDf =  0.00724    CDp =  0.00202

 Side 1  free  transition at x/c =  0.6889   63
 Side 2  free  transition at x/c =  0.1642   38

 181   rms: 0.1750E-02   max: -.3821E-01   C at   38  2
       a = -1.250      CL =  0.2508
      Cm = -0.0822     CD =  0.00926   =>   CDf =  0.00724    CDp =  0.00202

 Side 1  free  transition at x/c =  0.6889   63
 Side 2  free  transition at x/c =  0.1642   38

 182   rms: 0.1750E-02   max: -.3821E-01   C at   38  2
       a = -1.250      CL =  0.2508
      Cm = -0.0822     CD =  0.00926   =>   CDf =  0.00724    CDp =  0.00202

 Side 1  free  transition at x/c =  0.6889   63
 Side 2  free  transition at x/c =  0.1642   38

 183   rms: 0.1750E-02   max: -.3821E-01   C at   38  2
       a = -1.250      CL =  0.2508
      Cm = -0.0822     CD =  0.00926   =>   CDf =  0.00724    CDp =  0.00202

 Side 1  free  transition at x/c =  0.6889   63
 Side 2  free  transition at x/c =  0.1642   38

 184   rms: 0.1750E-02   max: -.3821E-01   C at   38  2
       a = -1.250      CL =  0.2508
      Cm = -0.0822     CD =  0.00926   =>   CDf =  0.00724    CDp =  0.00202

 Side 1  free  transition at x/c =  0.6889   63
 Side 2  free  transition at x/c =  0.1642   38

 185   rms: 0.1750E-02   max: -.3821E-01   C at   38  2
       a = -1.250      CL =  0.2508
      Cm = -0.0822     CD =  0.00926   =>   CDf =  0.00724    CDp =  0.00202

 Side 1  free  transition at x/c =  0.6889   63
 Side 2  free  transition at x/c =  0.1642   38

 186   rms: 0.1750E-02   max: -.3821E-01   C at   38  2
       a = -1.250      CL =  0.2508
      Cm = -0.0822     CD =  0.00926   =>   CDf =  0.00724    CDp =  0.00202

 Side 1  free  transition at x/c =  0.6889   63
 Side 2  free  transition at x/c =  0.1642   38

 187   rms: 0.1750E-02   max: -.3821E-01   C at   38  2
       a = -1.250      CL =  0.2508
      Cm = -0.0822     CD =  0.00926   =>   CDf =  0.00724    CDp =  0.00202

 Side 1  free  transition at x/c =  0.6889   63
 Side 2  free  transition at x/c =  0.1642   38

 188   rms: 0.1750E-02   max: -.3821E-01   C at   38  2
       a = -1.250      CL =  0.2508
      Cm = -0.0822     CD =  0.00926   =>   CDf =  0.00724    CDp =  0.00202

 Side 1  free  transition at x/c =  0.6889   63
 Side 2  free  transition at x/c =  0.1642   38

 189   rms: 0.1750E-02   max: -.3821E-01   C at   38  2
       a = -1.250      CL =  0.2508
      Cm = -0.0822     CD =  0.00926   =>   CDf =  0.00724    CDp =  0.00202

 Side 1  free  transition at x/c =  0.6889   63
 Side 2  free  transition at x/c =  0.1642   38

 190   rms: 0.1750E-02   max: -.3821E-01   C at   38  2
       a = -1.250      CL =  0.2508
      Cm = -0.0822     CD =  0.00926   =>   CDf =  0.00724    CDp =  0.00202

 Side 1  free  transition at x/c =  0.6889   63
 Side 2  free  transition at x/c =  0.1642   38

 191   rms: 0.1750E-02   max: -.3821E-01   C at   38  2
       a = -1.250      CL =  0.2508
      Cm = -0.0822     CD =  0.00926   =>   CDf =  0.00724    CDp =  0.00202

 Side 1  free  transition at x/c =  0.6889   63
 Side 2  free  transition at x/c =  0.1642   38

 192   rms: 0.1750E-02   max: -.3821E-01   C at   38  2
       a = -1.250      CL =  0.2508
      Cm = -0.0822     CD =  0.00926   =>   CDf =  0.00724    CDp =  0.00202

 Side 1  free  transition at x/c =  0.6889   63
 Side 2  free  transition at x/c =  0.1642   38

 193   rms: 0.1750E-02   max: -.3821E-01   C at   38  2
       a = -1.250      CL =  0.2508
      Cm = -0.0822     CD =  0.00926   =>   CDf =  0.00724    CDp =  0.00202

 Side 1  free  transition at x/c =  0.6889   63
 Side 2  free  transition at x/c =  0.1642   38

 194   rms: 0.1750E-02   max: -.3821E-01   C at   38  2
       a = -1.250      CL =  0.2508
      Cm = -0.0822     CD =  0.00926   =>   CDf =  0.00724    CDp =  0.00202

 Side 1  free  transition at x/c =  0.6889   63
 Side 2  free  transition at x/c =  0.1642   38

 195   rms: 0.1750E-02   max: -.3821E-01   C at   38  2
       a = -1.250      CL =  0.2508
      Cm = -0.0822     CD =  0.00926   =>   CDf =  0.00724    CDp =  0.00202

 Side 1  free  transition at x/c =  0.6889   63
 Side 2  free  transition at x/c =  0.1642   38

 196   rms: 0.1750E-02   max: -.3821E-01   C at   38  2
       a = -1.250      CL =  0.2508
      Cm = -0.0822     CD =  0.00926   =>   CDf =  0.00724    CDp =  0.00202

 Side 1  free  transition at x/c =  0.6889   63
 Side 2  free  transition at x/c =  0.1642   38

 197   rms: 0.1750E-02   max: -.3821E-01   C at   38  2
       a = -1.250      CL =  0.2508
      Cm = -0.0822     CD =  0.00926   =>   CDf =  0.00724    CDp =  0.00202

 Side 1  free  transition at x/c =  0.6889   63
 Side 2  free  transition at x/c =  0.1642   38

 198   rms: 0.1750E-02   max: -.3821E-01   C at   38  2
       a = -1.250      CL =  0.2508
      Cm = -0.0822     CD =  0.00926   =>   CDf =  0.00724    CDp =  0.00202

 Side 1  free  transition at x/c =  0.6889   63
 Side 2  free  transition at x/c =  0.1642   38

 199   rms: 0.1750E-02   max: -.3821E-01   C at   38  2
       a = -1.250      CL =  0.2508
      Cm = -0.0822     CD =  0.00926   =>   CDf =  0.00724    CDp =  0.00202

 Side 1  free  transition at x/c =  0.6889   63
 Side 2  free  transition at x/c =  0.1642   38

 200   rms: 0.1750E-02   max: -.3821E-01   C at   38  2
       a = -1.250      CL =  0.2508
      Cm = -0.0822     CD =  0.00926   =>   CDf =  0.00724    CDp =  0.00202

 Side 1  free  transition at x/c =  0.6889   63
 Side 2  free  transition at x/c =  0.1642   38

 201   rms: 0.1750E-02   max: -.3821E-01   C at   38  2
       a = -1.250      CL =  0.2508
      Cm = -0.0822     CD =  0.00926   =>   CDf =  0.00724    CDp =  0.00202

 Side 1  free  transition at x/c =  0.6889   63
 Side 2  free  transition at x/c =  0.1642   38

 202   rms: 0.1750E-02   max: -.3821E-01   C at   38  2
       a = -1.250      CL =  0.2508
      Cm = -0.0822     CD =  0.00926   =>   CDf =  0.00724    CDp =  0.00202

 Side 1  free  transition at x/c =  0.6889   63
 Side 2  free  transition at x/c =  0.1642   38

 203   rms: 0.1750E-02   max: -.3821E-01   C at   38  2
       a = -1.250      CL =  0.2508
      Cm = -0.0822     CD =  0.00926   =>   CDf =  0.00724    CDp =  0.00202

 Side 1  free  transition at x/c =  0.6889   63
 Side 2  free  transition at x/c =  0.1642   38

 204   rms: 0.1750E-02   max: -.3821E-01   C at   38  2
       a = -1.250      CL =  0.2508
      Cm = -0.0822     CD =  0.00926   =>   CDf =  0.00724    CDp =  0.00202

 Side 1  free  transition at x/c =  0.6889   63
 Side 2  free  transition at x/c =  0.1642   38

 205   rms: 0.1750E-02   max: -.3821E-01   C at   38  2
       a = -1.250      CL =  0.2508
      Cm = -0.0822     CD =  0.00926   =>   CDf =  0.00724    CDp =  0.00202
 VISCAL:  Convergence failed
      5.000    3.4245   0.009262   0.000000   0.000000   0.000000    0.6889     #
 Calculating wake trajectory ...
 Calculating source influence matrix ...

 Solving BL system ...

 Side 1  free  transition at x/c =  0.6889   63
 Side 2  free  transition at x/c =  0.1642   38

   1   rms: 0.7928E-01   max: 0.1501E+01   C at   38  2   RLX: 1.000
       a = -1.500      CL =  0.2243
      Cm = -0.0825     CD =  0.00937   =>   CDf =  0.00724    CDp =  0.00212

 Side 1  free  transition at x/c =  0.6989   63
 Side 2  free  transition at x/c =  0.1229   35

   2   rms: 0.9729E-02   max: -.1686E+00   C at   35  2
       a = -1.500      CL =  0.2243
      Cm = -0.0825     CD =  0.00943   =>   CDf =  0.00736    CDp =  0.00207

 Side 1  free  transition at x/c =  0.7001   63
 Side 2  free  transition at x/c =  0.1255   35

   3   rms: 0.5898E-03   max: 0.1125E-01   C at   35  2
       a = -1.500      CL =  0.2243
      Cm = -0.0825     CD =  0.00943   =>   CDf =  0.00733    CDp =  0.00209

 Side 1  free  transition at x/c =  0.7001   63
 Side 2  free  transition at x/c =  0.1253   35

   4   rms: 0.3904E-05   max: 0.7735E-04   C at   35  2
       a = -1.500      CL =  0.2243
      Cm = -0.0825     CD =  0.00943   =>   CDf =  0.00733    CDp =  0.00209
      5.000    3.4472   0.009428   0.000000   0.000000   0.000000    0.7001     #

 Point added to stored polar  1
 Point written to save file  clarky_re430000_realistic_model_reverse.polar   
 Dump file unspecified or not available
 Calculating wake trajectory ...
 Calculating source influence matrix ...

 Solving BL system ...

 Side 1  free  transition at x/c =  0.7001   63
 Side 2  free  transition at x/c =  0.1253   35

   1   rms: 0.7778E-01   max: 0.1454E+01   C at   35  2
       a = -1.750      CL =  0.1974
      Cm = -0.0827     CD =  0.00958   =>   CDf =  0.00731    CDp =  0.00227

 Side 1  free  transition at x/c =  0.7108   63
 Side 2  free  transition at x/c =  0.0991   34

   2   rms: 0.8887E-02   max: -.1294E+00   C at   34  2
       a = -1.750      CL =  0.1976
      Cm = -0.0827     CD =  0.00957   =>   CDf =  0.00739    CDp =  0.00217

 Side 1  free  transition at x/c =  0.7112   63
 Side 2  free  transition at x/c =  0.1005   34

   3   rms: 0.1319E-02   max: 0.1541E-01   C at   34  2
       a = -1.750      CL =  0.1976
      Cm = -0.0827     CD =  0.00957   =>   CDf =  0.00738    CDp =  0.00219

 Side 1  free  transition at x/c =  0.7112   63
 Side 2  free  transition at x/c =  0.1003   34

   4   rms: 0.5849E-05   max: -.9129E-04   D at   35  2
       a = -1.750      CL =  0.1976
      Cm = -0.0827     CD =  0.00957   =>   CDf =  0.00738    CDp =  0.00219
      5.000    3.4915   0.009568   0.000000   0.000000   0.000000    0.7112     #

 Point added to stored polar  1
 Point written to save file  clarky_re430000_realistic_model_reverse.polar   
 Dump file unspecified or not available
 Calculating wake trajectory ...
 Calculating source influence matrix ...

 Solving BL system ...

 Side 1  free  transition at x/c =  0.7112   63
 Side 2  free  transition at x/c =  0.1003   34

   1   rms: 0.6723E-01   max: 0.1090E+01   C at   34  2
       a = -2.000      CL =  0.1711
      Cm = -0.0830     CD =  0.00971   =>   CDf =  0.00738    CDp =  0.00233

 Side 1  free  transition at x/c =  0.7208   63
 Side 2  free  transition at x/c =  0.0842   32

   2   rms: 0.9064E-02   max: 0.1296E+00   D at   33  2
       a = -2.000      CL =  0.1707
      Cm = -0.0829     CD =  0.00970   =>   CDf =  0.00742    CDp =  0.00228

 Side 1  free  transition at x/c =  0.7228   63
 Side 2  free  transition at x/c =  0.0838   32

   3   rms: 0.6482E-03   max: 0.1234E-01   C at   32  2
       a = -2.000      CL =  0.1707
      Cm = -0.0829     CD =  0.00970   =>   CDf =  0.00740    CDp =  0.00230

 Side 1  free  transition at x/c =  0.7227   63
 Side 2  free  transition at x/c =  0.0837   32

   4   rms: 0.2816E-05   max: -.4809E-04   D at   33  2
       a = -2.000      CL =  0.1707
      Cm = -0.0829     CD =  0.00970   =>   CDf =  0.00740    CDp =  0.00230
      5.000    3.5139   0.009700   0.000000   0.000000   0.000000    0.7227     #

 Point added to stored polar  1
 Point written to save file  clarky_re430000_realistic_model_reverse.polar   
 Dump file unspecified or not available
 Calculating wake trajectory ...
 Calculating source influence matrix ...

 Solving BL system ...

 Side 1  free  transition at x/c =  0.7227   63
 Side 2  free  transition at x/c =  0.0837   32

   1   rms: 0.6116E-01   max: 0.8670E+00   C at   32  2
       a = -2.250      CL =  0.1436
      Cm = -0.0831     CD =  0.00988   =>   CDf =  0.00740    CDp =  0.00248

 Side 1  free  transition at x/c =  0.7336   64
 Side 2  free  transition at x/c =  0.0690   30

   2   rms: 0.1070E-01   max: 0.1436E+00   D at   31  2
       a = -2.250      CL =  0.1439
      Cm = -0.0832     CD =  0.00982   =>   CDf =  0.00739    CDp =  0.00243

 Side 1  free  transition at x/c =  0.7330   64
 Side 2  free  transition at x/c =  0.0679   29

   3   rms: 0.1013E-02   max: 0.1804E-01   C at   29  2
       a = -2.250      CL =  0.1438
      Cm = -0.0832     CD =  0.00982   =>   CDf =  0.00740    CDp =  0.00242

 Side 1  free  transition at x/c =  0.7330   64
 Side 2  free  transition at x/c =  0.0677   29

   4   rms: 0.3970E-05   max: -.6058E-04   C at   29  2
       a = -2.250      CL =  0.1438
      Cm = -0.0832     CD =  0.00982   =>   CDf =  0.00740    CDp =  0.00242
      5.000    3.5495   0.009819   0.000000   0.000000   0.000000    0.7330     #

 Point added to stored polar  1
 Point written to save file  clarky_re430000_realistic_model_reverse.polar   
 Dump file unspecified or not available
 Calculating wake trajectory ...
 Calculating source influence matrix ...

 Solving BL system ...

 Side 1  free  transition at x/c =  0.7330   64
 Side 2  free  transition at x/c =  0.0677   29

   1   rms: 0.5609E-01   max: 0.7379E+00   C at   29  2
       a = -2.500      CL =  0.1168
      Cm = -0.0835     CD =  0.00993   =>   CDf =  0.00732    CDp =  0.00261

 Side 1  free  transition at x/c =  0.7424   63
 Side 2  free  transition at x/c =  0.0530   28

   2   rms: 0.9198E-02   max: 0.1293E+00   D at   29  2
       a = -2.500      CL =  0.1168
      Cm = -0.0834     CD =  0.00998   =>   CDf =  0.00746    CDp =  0.00253

 Side 1  free  transition at x/c =  0.7433   63
 Side 2  free  transition at x/c =  0.0535   28

   3   rms: 0.3517E-02   max: -.6191E-01   C at   63  1
       a = -2.500      CL =  0.1168
      Cm = -0.0834     CD =  0.00998   =>   CDf =  0.00745    CDp =  0.00253

 Side 1  free  transition at x/c =  0.7433   63
 Side 2  free  transition at x/c =  0.0533   28

   4   rms: 0.3330E-02   max: -.6460E-01   C at   63  1
       a = -2.500      CL =  0.1168
      Cm = -0.0834     CD =  0.00998   =>   CDf =  0.00745    CDp =  0.00253

 Side 1  free  transition at x/c =  0.7436   64
 Side 2  free  transition at x/c =  0.0533   28

   5   rms: 0.2382E-02   max: -.3846E-01   C at   64  1
       a = -2.500      CL =  0.1168
      Cm = -0.0834     CD =  0.00998   =>   CDf =  0.00745    CDp =  0.00253

 Side 1  free  transition at x/c =  0.7439   64
 Side 2  free  transition at x/c =  0.0533   28

   6   rms: 0.9316E-04   max: 0.1459E-02   C at   64  1
       a = -2.500      CL =  0.1168
      Cm = -0.0834     CD =  0.00998   =>   CDf =  0.00743    CDp =  0.00255
      5.000    3.5611   0.009981   0.000000   0.000000   0.000000    0.7439     #

 Point added to stored polar  1
 Point written to save file  clarky_re430000_realistic_model_reverse.polar   
 Dump file unspecified or not available
 Calculating wake trajectory ...
 Calculating source influence matrix ...

 Solving BL system ...

 Side 1  free  transition at x/c =  0.7438   64
 Side 2  free  transition at x/c =  0.0533   28

   1   rms: 0.6254E-01   max: 0.8863E+00   C at   28  2
       a = -2.750      CL =  0.0903
      Cm = -0.0838     CD =  0.01013   =>   CDf =  0.00743    CDp =  0.00269

 Side 1  free  transition at x/c =  0.7533   64
 Side 2  free  transition at x/c =  0.0468   26

   2   rms: 0.7159E-02   max: 0.8105E-01   D at   27  2
       a = -2.750      CL =  0.0901
      Cm = -0.0837     CD =  0.01012   =>   CDf =  0.00743    CDp =  0.00269

 Side 1  free  transition at x/c =  0.7548   64
 Side 2  free  transition at x/c =  0.0469   26

   3   rms: 0.3197E-03   max: 0.5727E-02   C at   26  2
       a = -2.750      CL =  0.0901
      Cm = -0.0837     CD =  0.01012   =>   CDf =  0.00741    CDp =  0.00271

 Side 1  free  transition at x/c =  0.7548   64
 Side 2  free  transition at x/c =  0.0469   26

   4   rms: 0.1225E-05   max: 0.5731E-05   D at   40  2
       a = -2.750      CL =  0.0901
      Cm = -0.0837     CD =  0.01012   =>   CDf =  0.00741    CDp =  0.00271
      5.000    3.5995   0.010123   0.000000   0.000000   0.000000    0.7548     #

 Point added to stored polar  1
 Point written to save file  clarky_re430000_realistic_model_reverse.polar   
 Dump file unspecified or not available
 Calculating wake trajectory ...
 Calculating source influence matrix ...

 Solving BL system ...

 Side 1  free  transition at x/c =  0.7548   64
 Side 2  free  transition at x/c =  0.0469   26

   1   rms: 0.4644E-01   max: 0.3410E+00   C at   26  2
       a = -3.000      CL =  0.0630
      Cm = -0.0840     CD =  0.01026   =>   CDf =  0.00741    CDp =  0.00285

 Side 1  free  transition at x/c =  0.7625   65
 Side 2  free  transition at x/c =  0.0434   26

   2   rms: 0.8058E-02   max: -.9498E-01   C at   65  1
       a = -3.000      CL =  0.0629
      Cm = -0.0839     CD =  0.01028   =>   CDf =  0.00744    CDp =  0.00284

 Side 1  free  transition at x/c =  0.7648   65
 Side 2  free  transition at x/c =  0.0436   26

   3   rms: 0.4451E-03   max: -.5998E-02   D at   66  1
       a = -3.000      CL =  0.0630
      Cm = -0.0839     CD =  0.01028   =>   CDf =  0.00740    CDp =  0.00289

 Side 1  free  transition at x/c =  0.7646   65
 Side 2  free  transition at x/c =  0.0436   26

   4   rms: 0.1852E-05   max: -.2274E-04   D at   66  1
       a = -3.000      CL =  0.0630
      Cm = -0.0839     CD =  0.01028   =>   CDf =  0.00740    CDp =  0.00288
      5.000    3.6057   0.010283   0.000000   0.000000   0.000000    0.7646     #

 Point added to stored polar  1
 Point written to save file  clarky_re430000_realistic_model_reverse.polar   
 Dump file unspecified or not available
 Calculating wake trajectory ...
 Calculating source influence matrix ...

 Solving BL system ...

 Side 1  free  transition at x/c =  0.7646   65
 Side 2  free  transition at x/c =  0.0436   26

   1   rms: 0.4728E-01   max: 0.2424E+00   C at   26  2
       a = -3.250      CL =  0.0361
      Cm = -0.0842     CD =  0.01045   =>   CDf =  0.00729    CDp =  0.00317

 Side 1  free  transition at x/c =  0.7732   64
 Side 2  free  transition at x/c =  0.0418   26

   2   rms: 0.6413E-02   max: -.7664E-01   D at   26  2
       a = -3.250      CL =  0.0359
      Cm = -0.0842     CD =  0.01043   =>   CDf =  0.00735    CDp =  0.00308

 Side 1  free  transition at x/c =  0.7742   64
 Side 2  free  transition at x/c =  0.0417   26

   3   rms: 0.7617E-03   max: -.8517E-02   D at    4  2
       a = -3.250      CL =  0.0359
      Cm = -0.0842     CD =  0.01044   =>   CDf =  0.00734    CDp =  0.00309

 Side 1  free  transition at x/c =  0.7742   64
 Side 2  free  transition at x/c =  0.0416   26

   4   rms: 0.8700E-06   max: 0.9149E-05   D at   10  2
       a = -3.250      CL =  0.0359
      Cm = -0.0842     CD =  0.01044   =>   CDf =  0.00734    CDp =  0.00309
      5.000    3.6250   0.010435   0.000000   0.000000   0.000000    0.7742     #

 Point added to stored polar  1
 Point written to save file  clarky_re430000_realistic_model_reverse.polar   
 Dump file unspecified or not available
 Calculating wake trajectory ...
 Calculating source influence matrix ...

 Solving BL system ...

 Side 1  free  transition at x/c =  0.7742   64
 Side 2  free  transition at x/c =  0.0416   26

   1   rms: 0.4361E-01   max: 0.1127E+00   T at   26  2
       a = -3.500      CL =  0.0088
      Cm = -0.0844     CD =  0.01060   =>   CDf =  0.00734    CDp =  0.00326

 Side 1  free  transition at x/c =  0.7837   65
 Side 2  free  transition at x/c =  0.0400   26

   2   rms: 0.4121E-02   max: -.5069E-01   C at   65  1
       a = -3.500      CL =  0.0089
      Cm = -0.0845     CD =  0.01061   =>   CDf =  0.00731    CDp =  0.00329

 Side 1  free  transition at x/c =  0.7847   65
 Side 2  free  transition at x/c =  0.0401   26

   3   rms: 0.8642E-04   max: -.9122E-03   D at   67  1
       a = -3.500      CL =  0.0089
      Cm = -0.0845     CD =  0.01061   =>   CDf =  0.00730    CDp =  0.00331
      5.000    3.6416   0.010609   0.000000   0.000000   0.000000    0.7847     #

 Point added to stored polar  1
 Point written to save file  clarky_re430000_realistic_model_reverse.polar   
 Dump file unspecified or not available
 Calculating wake trajectory ...
 Calculating source influence matrix ...

 Solving BL system ...

 Side 1  free  transition at x/c =  0.7846   65
 Side 2  free  transition at x/c =  0.0401   26

   1   rms: 0.4496E-01   max: 0.1381E+00   T at   26  2
       a = -3.750      CL = -0.0178
      Cm = -0.0848     CD =  0.01078   =>   CDf =  0.00730    CDp =  0.00349

 Side 1  free  transition at x/c =  0.7943   65
 Side 2  free  transition at x/c =  0.0389   26

   2   rms: 0.3619E-02   max: -.6257E-01   C at   65  1
       a = -3.750      CL = -0.0177
      Cm = -0.0848     CD =  0.01083   =>   CDf =  0.00727    CDp =  0.00356

 Side 1  free  transition at x/c =  0.7962   65
 Side 2  free  transition at x/c =  0.0389   26

   3   rms: 0.8794E-04   max: -.1474E-02   D at   67  1
       a = -3.750      CL = -0.0177
      Cm = -0.0848     CD =  0.01083   =>   CDf =  0.00726    CDp =  0.00358
      5.000    3.6740   0.010834   0.000000   0.000000   0.000000    0.7962     #

 Point added to stored polar  1
 Point written to save file  clarky_re430000_realistic_model_reverse.polar   
 Dump file unspecified or not available
 Calculating wake trajectory ...
 Calculating source influence matrix ...

 Solving BL system ...

 Side 1  free  transition at x/c =  0.7961   65
 Side 2  free  transition at x/c =  0.0389   26

   1   rms: 0.4630E-01   max: 0.1453E+00   T at   26  2
       a = -4.000      CL = -0.0442
      Cm = -0.0851     CD =  0.01113   =>   CDf =  0.00712    CDp =  0.00401

 Side 1  free  transition at x/c =  0.8051   65
 Side 2  free  transition at x/c =  0.0379   26

   2   rms: 0.8750E-02   max: -.1152E+00   D at   26  2
       a = -4.000      CL = -0.0447
      Cm = -0.0851     CD =  0.01103   =>   CDf =  0.00720    CDp =  0.00383

 Side 1  free  transition at x/c =  0.8059   65
 Side 2  free  transition at x/c =  0.0379   26

   3   rms: 0.7289E-03   max: -.6933E-02   D at    4  2
       a = -4.000      CL = -0.0447
      Cm = -0.0851     CD =  0.01103   =>   CDf =  0.00718    CDp =  0.00385

 Side 1  free  transition at x/c =  0.8059   65
 Side 2  free  transition at x/c =  0.0379   26

   4   rms: 0.8144E-06   max: 0.6685E-05   D at   27  2
       a = -4.000      CL = -0.0447
      Cm = -0.0851     CD =  0.01103   =>   CDf =  0.00718    CDp =  0.00385
      5.000    3.6983   0.011028   0.000000   0.000000   0.000000    0.8059     #

 Point added to stored polar  1
 Point written to save file  clarky_re430000_realistic_model_reverse.polar   
 Dump file unspecified or not available
 Calculating wake trajectory ...
 Calculating source influence matrix ...

 Solving BL system ...

 Side 1  free  transition at x/c =  0.8059   65
 Side 2  free  transition at x/c =  0.0379   26

   1   rms: 0.4336E-01   max: 0.1065E+00   T at   26  2
       a = -4.250      CL = -0.0716
      Cm = -0.0853     CD =  0.01124   =>   CDf =  0.00718    CDp =  0.00406

 Side 1  free  transition at x/c =  0.8139   65
 Side 2  free  transition at x/c =  0.0367   26

   2   rms: 0.4477E-02   max: -.5337E-01   C at   65  1
       a = -4.250      CL = -0.0716
      Cm = -0.0853     CD =  0.01125   =>   CDf =  0.00714    CDp =  0.00411

 Side 1  free  transition at x/c =  0.8155   65
 Side 2  free  transition at x/c =  0.0368   26

   3   rms: 0.6725E-04   max: -.1106E-02   D at   67  1
       a = -4.250      CL = -0.0715
      Cm = -0.0853     CD =  0.01125   =>   CDf =  0.00713    CDp =  0.00412
      5.000    3.7055   0.011254   0.000000   0.000000   0.000000    0.8155     #

 Point added to stored polar  1
 Point written to save file  clarky_re430000_realistic_model_reverse.polar   
 Dump file unspecified or not available
 Calculating wake trajectory ...
 Calculating source influence matrix ...

 Solving BL system ...

 Side 1  free  transition at x/c =  0.8155   65
 Side 2  free  transition at x/c =  0.0368   26

   1   rms: 0.4293E-01   max: 0.1300E+00   T at   26  2
       a = -4.500      CL = -0.0983
      Cm = -0.0856     CD =  0.01150   =>   CDf =  0.00698    CDp =  0.00453

 Side 1  free  transition at x/c =  0.8234   65
 Side 2  free  transition at x/c =  0.0357   27

   2   rms: 0.4062E-02   max: -.4488E-01   D at   27  2
       a = -4.500      CL = -0.0984
      Cm = -0.0856     CD =  0.01151   =>   CDf =  0.00710    CDp =  0.00441

 Side 1  free  transition at x/c =  0.8237   65
 Side 2  free  transition at x/c =  0.0358   27

   3   rms: 0.6599E-03   max: -.8512E-02   D at    4  2
       a = -4.500      CL = -0.0984
      Cm = -0.0856     CD =  0.01151   =>   CDf =  0.00709    CDp =  0.00442

 Side 1  free  transition at x/c =  0.8237   65
 Side 2  free  transition at x/c =  0.0358   27

   4   rms: 0.7700E-06   max: 0.7134E-05   D at    6  2
       a = -4.500      CL = -0.0984
      Cm = -0.0856     CD =  0.01151   =>   CDf =  0.00709    CDp =  0.00442
      5.000    3.7176   0.011510   0.000000   0.000000   0.000000    0.8237     #

 Point added to stored polar  1
 Point written to save file  clarky_re430000_realistic_model_reverse.polar   
 Dump file unspecified or not available
 Calculating wake trajectory ...
 Calculating source influence matrix ...

 Solving BL system ...

 Side 1  free  transition at x/c =  0.8237   65
 Side 2  free  transition at x/c =  0.0358   27

   1   rms: 0.4454E-01   max: 0.1555E+00   T at   27  2
       a = -4.750      CL = -0.1250
      Cm = -0.0858     CD =  0.01180   =>   CDf =  0.00709    CDp =  0.00471

 Side 1  free  transition at x/c =  0.8310   65
 Side 2  free  transition at x/c =  0.0350   27

   2   rms: 0.3321E-02   max: -.4131E-01   C at   65  1
       a = -4.750      CL = -0.1247
      Cm = -0.0858     CD =  0.01186   =>   CDf =  0.00707    CDp =  0.00478

 Side 1  free  transition at x/c =  0.8322   65
 Side 2  free  transition at x/c =  0.0350   27

   3   rms: 0.4750E-04   max: -.6903E-03   D at   67  1
       a = -4.750      CL = -0.1247
      Cm = -0.0858     CD =  0.01186   =>   CDf =  0.00707    CDp =  0.00479
      5.000    3.7199   0.011858   0.000000   0.000000   0.000000    0.8322     #

 Point added to stored polar  1
 Point written to save file  clarky_re430000_realistic_model_reverse.polar   
 Dump file unspecified or not available
 Calculating wake trajectory ...
 Calculating source influence matrix ...

 Solving BL system ...

 Side 1  free  transition at x/c =  0.8322   65
 Side 2  free  transition at x/c =  0.0350   27

   1   rms: 0.4695E-01   max: 0.1392E+00   T at   27  2
       a = -5.000      CL = -0.1506
      Cm = -0.0862     CD =  0.01230   =>   CDf =  0.00707    CDp =  0.00523

 Side 1  free  transition at x/c =  0.8393   66
 Side 2  free  transition at x/c =  0.0344   26

   2   rms: 0.6380E-02   max: -.9237E-01   D at   26  2
       a = -5.000      CL = -0.1515
      Cm = -0.0861     CD =  0.01215   =>   CDf =  0.00704    CDp =  0.00511

 Side 1  free  transition at x/c =  0.8401   66
 Side 2  free  transition at x/c =  0.0344   26

   3   rms: 0.9611E-03   max: 0.1172E-01   D at   27  2
       a = -5.000      CL = -0.1515
      Cm = -0.0861     CD =  0.01214   =>   CDf =  0.00701    CDp =  0.00514

 Side 1  free  transition at x/c =  0.8400   66
 Side 2  free  transition at x/c =  0.0344   26

   4   rms: 0.6758E-05   max: 0.8231E-04   D at   27  2
       a = -5.000      CL = -0.1515
      Cm = -0.0861     CD =  0.01214   =>   CDf =  0.00701    CDp =  0.00514
      5.000    3.7224   0.012143   0.000000   0.000000   0.000000    0.8400     #

 Point added to stored polar  1
 Point written to save file  clarky_re430000_realistic_model_reverse.polar   
 Dump file unspecified or not available
 Calculating wake trajectory ...
 Calculating source influence matrix ...

 Solving BL system ...

 Side 1  free  transition at x/c =  0.8400   66
 Side 2  free  transition at x/c =  0.0344   26

   1   rms: 0.4336E-01   max: 0.4437E-01   D at   86  2
       a = -5.250      CL = -0.1784
      Cm = -0.0864     CD =  0.01244   =>   CDf =  0.00683    CDp =  0.00561

 Side 1  free  transition at x/c =  0.8473   65
 Side 2  free  transition at x/c =  0.0338   27

   2   rms: 0.2666E-02   max: -.2854E-01   C at   65  1
       a = -5.250      CL = -0.1782
      Cm = -0.0864     CD =  0.01246   =>   CDf =  0.00693    CDp =  0.00553

 Side 1  free  transition at x/c =  0.8481   65
 Side 2  free  transition at x/c =  0.0337   27

   3   rms: 0.6305E-03   max: -.7594E-02   D at    4  2
       a = -5.250      CL = -0.1782
      Cm = -0.0864     CD =  0.01246   =>   CDf =  0.00692    CDp =  0.00553

 Side 1  free  transition at x/c =  0.8481   65
 Side 2  free  transition at x/c =  0.0337   27

   4   rms: 0.2548E-06   max: -.2393E-05   D at    7  2
       a = -5.250      CL = -0.1782
      Cm = -0.0864     CD =  0.01246   =>   CDf =  0.00692    CDp =  0.00553
      5.000    3.7357   0.012459   0.000000   0.000000   0.000000    0.8481     #

 Point added to stored polar  1
 Point written to save file  clarky_re430000_realistic_model_reverse.polar   
 Dump file unspecified or not available
 Calculating wake trajectory ...
 Calculating source influence matrix ...

 Solving BL system ...

 Side 1  free  transition at x/c =  0.8481   65
 Side 2  free  transition at x/c =  0.0337   27

   1   rms: 0.4292E-01   max: 0.8529E-01   T at   27  2
       a = -5.500      CL = -0.2046
      Cm = -0.0867     CD =  0.01280   =>   CDf =  0.00692    CDp =  0.00588

 Side 1  free  transition at x/c =  0.8555   65
 Side 2  free  transition at x/c =  0.0331   27

   2   rms: 0.2728E-02   max: -.3914E-01   C at   65  1
       a = -5.500      CL = -0.2045
      Cm = -0.0867     CD =  0.01281   =>   CDf =  0.00689    CDp =  0.00593

 Side 1  free  transition at x/c =  0.8567   65
 Side 2  free  transition at x/c =  0.0331   27

   3   rms: 0.4184E-04   max: -.5767E-03   D at   67  1
       a = -5.500      CL = -0.2045
      Cm = -0.0867     CD =  0.01281   =>   CDf =  0.00688    CDp =  0.00594
      5.000    3.7406   0.012813   0.000000   0.000000   0.000000    0.8567     #

 Point added to stored polar  1
 Point written to save file  clarky_re430000_realistic_model_reverse.polar   
 Dump file unspecified or not available
 Calculating wake trajectory ...
 Calculating source influence matrix ...

 Solving BL system ...

 Side 1  free  transition at x/c =  0.8566   65
 Side 2  free  transition at x/c =  0.0331   27

   1   rms: 0.4240E-01   max: 0.8772E-01   T at   27  2
       a = -5.750      CL = -0.2306
      Cm = -0.0870     CD =  0.01319   =>   CDf =  0.00688    CDp =  0.00631

 Side 1  free  transition at x/c =  0.8666   66
 Side 2  free  transition at x/c =  0.0326   27

   2   rms: 0.5397E-02   max: 0.8527E-01   C at   66  1
       a = -5.750      CL = -0.2310
      Cm = -0.0870     CD =  0.01319   =>   CDf =  0.00680    CDp =  0.00639

 Side 1  free  transition at x/c =  0.8643   66
 Side 2  free  transition at x/c =  0.0326   27

   3   rms: 0.2671E-03   max: -.4166E-02   D at   68  1
       a = -5.750      CL = -0.2310
      Cm = -0.0870     CD =  0.01319   =>   CDf =  0.00681    CDp =  0.00638

 Side 1  free  transition at x/c =  0.8641   66
 Side 2  free  transition at x/c =  0.0326   27

   4   rms: 0.1816E-05   max: -.1292E-04   D at   68  1
       a = -5.750      CL = -0.2310
      Cm = -0.0870     CD =  0.01319   =>   CDf =  0.00681    CDp =  0.00638
      5.000    3.7630   0.013192   0.000000   0.000000   0.000000    0.8641     #

 Point added to stored polar  1
 Point written to save file  clarky_re430000_realistic_model_reverse.polar   
 Dump file unspecified or not available
 Calculating wake trajectory ...
 Calculating source influence matrix ...

 Solving BL system ...

 Side 1  free  transition at x/c =  0.8641   66
 Side 2  free  transition at x/c =  0.0326   27

   1   rms: 0.4308E-01   max: 0.9549E-01   T at   27  2
       a = -6.000      CL = -0.2572
      Cm = -0.0873     CD =  0.01359   =>   CDf =  0.00662    CDp =  0.00697

 Side 1  free  transition at x/c =  0.8714   65
 Side 2  free  transition at x/c =  0.0320   28

   2   rms: 0.4747E-02   max: -.3997E-01   D at    3  2
       a = -6.000      CL = -0.2570
      Cm = -0.0873     CD =  0.01360   =>   CDf =  0.00678    CDp =  0.00682

 Side 1  free  transition at x/c =  0.8726   65
 Side 2  free  transition at x/c =  0.0321   28

   3   rms: 0.4796E-03   max: -.5051E-02   D at    4  2
       a = -6.000      CL = -0.2570
      Cm = -0.0873     CD =  0.01361   =>   CDf =  0.00677    CDp =  0.00683

 Side 1  free  transition at x/c =  0.8726   65
 Side 2  free  transition at x/c =  0.0321   28

   4   rms: 0.3407E-06   max: 0.3572E-05   D at    6  1
       a = -6.000      CL = -0.2570
      Cm = -0.0873     CD =  0.01361   =>   CDf =  0.00677    CDp =  0.00683
      5.000    3.7780   0.013605   0.000000   0.000000   0.000000    0.8726     #

 Point added to stored polar  1
 Point written to save file  clarky_re430000_realistic_model_reverse.polar   
 Dump file unspecified or not available

.OPERva   c>  
 Polar accumulation disabled

.OPERv   c>  
 XFOIL   c>  
--- STDERR ---
