
 ===================================================
  XFOIL Version 6.99
  Copyright (C) 2000   Mark Drela, Harold Youngren

  This software comes with ABSOLUTELY NO WARRANTY,
    subject to the GNU General Public License.

  Caveat computor
 ===================================================

 File  xfoil.def  not found

   QUIT    Exit program

  .OPER    Direct operating point(s)
  .MDES    Complex mapping design routine
  .QDES    Surface speed design routine
  .GDES    Geometry design routine

   SAVE f  Write airfoil to labeled coordinate file
   PSAV f  Write airfoil to plain coordinate file
   ISAV f  Write airfoil to ISES coordinate file
   MSAV f  Write airfoil to MSES coordinate file
   REVE    Reverse written-airfoil node ordering
   DELI i  Change written-airfoil file delimiters

   LOAD f  Read buffer airfoil from coordinate file
   NACA i  Set NACA 4,5-digit airfoil and buffer airfoil
   INTE    Set buffer airfoil by interpolating two airfoils
   NORM    Buffer airfoil normalization toggle
   HALF    Halve the number of points in buffer airfoil
   XYCM rr Change CM reference location, currently  0.25000 0.00000

   BEND    Display structural properties of current airfoil

   PCOP    Set current-airfoil panel nodes directly from buffer airfoil points
   PANE    Set current-airfoil panel nodes ( 160 ) based on curvature
  .PPAR    Show/change paneling

  .PLOP    Plotting options

   WDEF f  Write  current-settings file
   RDEF f  Reread current-settings file
   NAME s  Specify new airfoil name
   NINC    Increment name version number

   Z       Zoom    | (available in all menus)
   U       Unzoom  | 

 XFOIL   c>  
 Labeled airfoil file.  Name:  Clark Y generated XFOIL input; source clarky.dat

 Number of input coordinate points: 122
 Counterclockwise ordering
 Max thickness =     0.117071  at x =   0.280
 Max camber    =     0.034331  at x =   0.420

  LE  x,y  =   0.00000   0.00000  |   Chord =   1.00000
  TE  x,y  =   1.00000   0.00000  |

 Current airfoil nodes set from buffer airfoil nodes ( 121 )

 XFOIL   c>  
 Sharp leading edge

 Blunt trailing edge.  Gap =  0.00120

 Paneling parameters used...
   Number of panel nodes       160
   Panel bunching parameter    1.000
   TE/LE panel density ratio   0.150
   Refined-area/LE panel density ratio    0.200
   Top    side refined area x/c limits  1.000 1.000
   Bottom side refined area x/c limits  1.000 1.000

 XFOIL   c>  
.OPERi   c>  
 M  =    0.0000
 Re =  0.2000E+06

.OPERv   c>  
 Xtr/c     =  1.0000    top    side
 Xtr/c     =  1.0000    bottom side
 NcritT    =    9.00   ( 0.070 % turb. level )
 NcritB    =    9.00   ( 0.070 % turb. level )
 Vacc      =  0.0100
 WakeL/c   =   1.000

 Klag  =  5.6000     Uxwt  =    1.00       Kdl =  0.9000
 A     =  6.7000     B     =  0.7500       KCt = 0.01485
 CtiniK=  1.8000     CtiniX=  3.3000

..VPAR   c>  
..VPAR   c>  
.OPERv   c>  
.OPERv   c>  
 Polar  1 newly created for accumulation
 Airfoil archived with polar: Clark Y generated XFOIL input; source clarky.dat

Enter  polar save filename  OR  <return> for no file   s>  
 New polar save file available

Enter  polar dump filename  OR  <return> for no file   s>  
 Polar dump file will NOT be written

 Polar accumulation enabled

.OPERva   c>   Calculating unit vorticity distributions ...
 Calculating wake trajectory ...
 Calculating source influence matrix ...

 Solving BL system ...

 Initializing BL ...
    side            1  ...
 MRCHUE: Inverse mode at  58     Hk =   3.888
 MRCHUE: Inverse mode at  59     Hk =   4.341
 MRCHUE: Inverse mode at  60     Hk =   4.784
 MRCHUE: Inverse mode at  61     Hk =   5.218
 MRCHUE: Inverse mode at  62     Hk =   5.644
 MRCHUE: Inverse mode at  63     Hk =   6.064
 MRCHUE: Inverse mode at  64     Hk =   6.477
 MRCHUE: Inverse mode at  65     Hk =   6.885
 MRCHUE: Inverse mode at  66     Hk =   7.287
 MRCHUE: Inverse mode at  67     Hk =   7.682
 MRCHUE: Inverse mode at  68     Hk =   8.071
 MRCHUE: Inverse mode at  69     Hk =   8.452
 MRCHUE: Inverse mode at  70     Hk =   8.825
 MRCHUE: Inverse mode at  71     Hk =   9.186
 MRCHUE: Inverse mode at  72     Hk =   8.904
    side            2  ...
 MRCHUE: Inverse mode at  23     Hk =   3.828
 MRCHUE: Inverse mode at  24     Hk =   4.322
 MRCHUE: Convergence failed at  25  side 2    Res =  0.8011E+02
 MRCHUE: Inverse mode at  26     Hk =   4.809
 MRCHUE: Inverse mode at  27     Hk =   5.285
 MRCHUE: Convergence failed at  28  side 2    Res =  0.3355E+01
 MRCHUE: Inverse mode at  29     Hk =   5.768
 MRCHUE: Inverse mode at  30     Hk =   6.251
 MRCHUE: Inverse mode at  31     Hk =   6.738
 MRCHUE: Inverse mode at  32     Hk =   7.233
 MRCHUE: Inverse mode at  33     Hk =   7.739
 MRCHUE: Inverse mode at  34     Hk =   8.262
 MRCHUE: Inverse mode at  35     Hk =   8.803
 MRCHUE: Inverse mode at  36     Hk =   9.368
 MRCHUE: Inverse mode at  37     Hk =   6.962
 MRCHUE: Inverse mode at  38     Hk =   5.043
 MRCHUE: Inverse mode at  39     Hk =   3.670
 MRCHUE: Inverse mode at  40     Hk =   2.573
 MRCHUE: Inverse mode at  91     Hk =   2.500

 MRCHDU: Convergence failed at  28  side 2    Res =  0.2266E+01
 MRCHDU: Convergence failed at  29  side 2    Res =  0.4462E+01
 MRCHDU: Convergence failed at  30  side 2    Res =  0.1365E+02
 MRCHDU: Convergence failed at  31  side 2    Res =  0.5648E+01
 MRCHDU: Convergence failed at  32  side 2    Res =  0.2973E+01
 MRCHDU: Convergence failed at  33  side 2    Res =  0.2333E+01
 MRCHDU: Convergence failed at  34  side 2    Res =  0.1620E+01
 MRCHDU: Convergence failed at  35  side 2    Res =  0.1814E+01
 MRCHDU: Convergence failed at  36  side 2    Res =  0.2330E+01
 MRCHDU: Convergence failed at  37  side 2    Res =  0.5519E+01
 MRCHDU: Convergence failed at  38  side 2    Res =  0.6700E+01
 MRCHDU: Convergence failed at  39  side 2    Res =  0.5519E+03
 MRCHDU: Convergence failed at  40  side 2    Res =  0.1102E+02
 MRCHDU: Convergence failed at  41  side 2    Res =  0.3572E+02
 MRCHDU: Convergence failed at  42  side 2    Res =  0.8439E+02
 MRCHDU: Convergence failed at  43  side 2    Res =  0.3381E+02
 MRCHDU: Convergence failed at  44  side 2    Res =  0.3759E+02
 MRCHDU: Convergence failed at  45  side 2    Res =  0.5846E+02
 MRCHDU: Convergence failed at  46  side 2    Res =  0.4366E+02
 MRCHDU: Convergence failed at  47  side 2    Res =  0.3625E+02
 MRCHDU: Convergence failed at  48  side 2    Res =  0.4392E+02
 MRCHDU: Convergence failed at  49  side 2    Res =  0.4002E+02
 MRCHDU: Convergence failed at  50  side 2    Res =  0.3926E+02
 MRCHDU: Convergence failed at  51  side 2    Res =  0.3620E+02
 MRCHDU: Convergence failed at  52  side 2    Res =  0.4264E+02
 MRCHDU: Convergence failed at  53  side 2    Res =  0.3961E+02
 MRCHDU: Convergence failed at  54  side 2    Res =  0.4471E+02
 MRCHDU: Convergence failed at  55  side 2    Res =  0.4086E+02
 MRCHDU: Convergence failed at  56  side 2    Res =  0.4798E+02
 MRCHDU: Convergence failed at  57  side 2    Res =  0.5310E+02
 MRCHDU: Convergence failed at  58  side 2    Res =  0.5906E+02
 MRCHDU: Convergence failed at  59  side 2    Res =  0.6616E+02
 MRCHDU: Convergence failed at  60  side 2    Res =  0.7489E+02
 MRCHDU: Convergence failed at  61  side 2    Res =  0.8568E+02
 MRCHDU: Convergence failed at  62  side 2    Res =  0.9927E+02
 MRCHDU: Convergence failed at  63  side 2    Res =  0.9918E+02
 MRCHDU: Convergence failed at  64  side 2    Res =  0.1160E+03
 MRCHDU: Convergence failed at  65  side 2    Res =  0.1383E+03
 MRCHDU: Convergence failed at  66  side 2    Res =  0.1695E+03
 MRCHDU: Convergence failed at  67  side 2    Res =  0.2168E+03
 MRCHDU: Convergence failed at  68  side 2    Res =  0.2976E+03
 MRCHDU: Convergence failed at  69  side 2    Res =  0.3275E+03
 MRCHDU: Convergence failed at  70  side 2    Res =  0.5433E+03
 MRCHDU: Convergence failed at  71  side 2    Res =  0.4050E+02
 MRCHDU: Convergence failed at  72  side 2    Res =  0.2341E+02
 MRCHDU: Convergence failed at  73  side 2    Res =  0.1008E+04
 MRCHDU: Convergence failed at  74  side 2    Res =  0.4008E+03
 MRCHDU: Convergence failed at  75  side 2    Res =  0.2508E+03
 MRCHDU: Convergence failed at  76  side 2    Res =  0.1825E+03
 MRCHDU: Convergence failed at  77  side 2    Res =  0.1434E+03
 MRCHDU: Convergence failed at  78  side 2    Res =  0.1178E+03
 MRCHDU: Convergence failed at  79  side 2    Res =  0.9967E+02
 MRCHDU: Convergence failed at  80  side 2    Res =  0.1324E+03
 MRCHDU: Convergence failed at  81  side 2    Res =  0.1071E+03
 MRCHDU: Convergence failed at  82  side 2    Res =  0.8921E+02
 MRCHDU: Convergence failed at  83  side 2    Res =  0.5708E+02
 MRCHDU: Convergence failed at  84  side 2    Res =  0.6442E+02
 MRCHDU: Convergence failed at  85  side 2    Res =  0.7491E+02
 MRCHDU: Convergence failed at  86  side 2    Res =  0.9149E+02
 MRCHDU: Convergence failed at  87  side 2    Res =  0.1226E+03
 MRCHDU: Convergence failed at  88  side 2    Res =  0.2071E+03
 MRCHDU: Convergence failed at  89  side 2    Res =  0.2229E+03
 MRCHDU: Convergence failed at  90  side 2    Res =  0.5638E+02
 MRCHDU: Convergence failed at  91  side 2    Res =  0.3700E+02
 MRCHDU: Convergence failed at  93  side 2    Res =  0.6595E+00
 MRCHDU: Convergence failed at  94  side 2    Res =  0.7982E+00
 MRCHDU: Convergence failed at  95  side 2    Res =  0.7989E+00
 MRCHDU: Convergence failed at  96  side 2    Res =  0.7410E+00
 MRCHDU: Convergence failed at  97  side 2    Res =  0.6464E+00
 MRCHDU: Convergence failed at  98  side 2    Res =  0.5247E+00
 MRCHDU: Convergence failed at  99  side 2    Res =  0.3808E+00
 MRCHDU: Convergence failed at 100  side 2    Res =  0.2196E+00
 MRCHDU: Convergence failed at 101  side 2    Res =  0.7200E-01
 Side 1  free  transition at x/c =  0.9957   72
 Side 2  free  transition at x/c =  0.0828   38

   1   rms: 0.1290E+01   max: 0.3606E+01   D at  101  2   RLX: 0.336
       a = -6.000      CL = -1.7737
      Cm =  0.3552     CD =  0.00287   =>   CDf =  0.00294    CDp = -0.00008

 Side 1  free  transition at x/c =  0.9831   71
 Side 2  free  transition at x/c =  0.0708   36

   2   rms: 0.7167E+00   max: 0.2893E+01   T at   36  2   RLX: 0.363
       a = -6.000      CL = -1.1836
      Cm =  0.1722     CD =  0.00887   =>   CDf =  0.01486    CDp = -0.00600

 MRCHDU: Convergence failed at  36  side 2    Res =  0.7048E+01
 MRCHDU: Convergence failed at  37  side 2    Res =  0.2629E+02
 MRCHDU: Convergence failed at  38  side 2    Res =  0.4102E+02
 MRCHDU: Convergence failed at  39  side 2    Res =  0.1507E+03
 MRCHDU: Convergence failed at  40  side 2    Res =  0.3405E+02
 MRCHDU: Convergence failed at  41  side 2    Res =  0.1937E+02
 MRCHDU: Convergence failed at  42  side 2    Res =  0.9980E+01
 MRCHDU: Convergence failed at  43  side 2    Res =  0.1848E+02
 MRCHDU: Convergence failed at  44  side 2    Res =  0.6633E+03
 MRCHDU: Convergence failed at  45  side 2    Res =  0.6353E+02
 MRCHDU: Convergence failed at  46  side 2    Res =  0.3748E+02
 MRCHDU: Convergence failed at  47  side 2    Res =  0.3440E+02
 MRCHDU: Convergence failed at  48  side 2    Res =  0.3349E+02
 MRCHDU: Convergence failed at  49  side 2    Res =  0.3270E+02
 MRCHDU: Convergence failed at  50  side 2    Res =  0.4476E+02
 MRCHDU: Convergence failed at  51  side 2    Res =  0.5803E+02
 MRCHDU: Convergence failed at  52  side 2    Res =  0.2603E+03
 MRCHDU: Convergence failed at  53  side 2    Res =  0.3289E+03
 MRCHDU: Convergence failed at  54  side 2    Res =  0.5200E+02
 MRCHDU: Convergence failed at  55  side 2    Res =  0.3832E+02
 MRCHDU: Convergence failed at  56  side 2    Res =  0.2097E+02
 MRCHDU: Convergence failed at  57  side 2    Res =  0.1900E+03
 MRCHDU: Convergence failed at  58  side 2    Res =  0.7882E+02
 MRCHDU: Convergence failed at  59  side 2    Res =  0.7179E+02
 MRCHDU: Convergence failed at  60  side 2    Res =  0.6133E+02
 MRCHDU: Convergence failed at  61  side 2    Res =  0.6012E+02
 MRCHDU: Convergence failed at  62  side 2    Res =  0.5430E+02
 MRCHDU: Convergence failed at  63  side 2    Res =  0.4995E+02
 MRCHDU: Convergence failed at  64  side 2    Res =  0.4663E+02
 MRCHDU: Convergence failed at  65  side 2    Res =  0.4980E+02
 MRCHDU: Convergence failed at  66  side 2    Res =  0.4746E+02
 MRCHDU: Convergence failed at  67  side 2    Res =  0.4563E+02
 MRCHDU: Convergence failed at  68  side 2    Res =  0.4412E+02
 MRCHDU: Convergence failed at  69  side 2    Res =  0.4283E+02
 MRCHDU: Convergence failed at  70  side 2    Res =  0.4740E+02
 MRCHDU: Convergence failed at  71  side 2    Res =  0.4621E+02
 MRCHDU: Convergence failed at  72  side 2    Res =  0.4516E+02
 MRCHDU: Convergence failed at  73  side 2    Res =  0.4423E+02
 MRCHDU: Convergence failed at  74  side 2    Res =  0.4339E+02
 MRCHDU: Convergence failed at  75  side 2    Res =  0.4263E+02
 MRCHDU: Convergence failed at  76  side 2    Res =  0.4189E+02
 MRCHDU: Convergence failed at  77  side 2    Res =  0.4115E+02
 MRCHDU: Convergence failed at  78  side 2    Res =  0.4044E+02
 MRCHDU: Convergence failed at  79  side 2    Res =  0.3988E+02
 MRCHDU: Convergence failed at  80  side 2    Res =  0.3942E+02
 MRCHDU: Convergence failed at  81  side 2    Res =  0.3888E+02
 MRCHDU: Convergence failed at  82  side 2    Res =  0.3827E+02
 MRCHDU: Convergence failed at  83  side 2    Res =  0.3760E+02
 MRCHDU: Convergence failed at  84  side 2    Res =  0.3687E+02
 MRCHDU: Convergence failed at  85  side 2    Res =  0.3609E+02
 MRCHDU: Convergence failed at  86  side 2    Res =  0.3525E+02
 MRCHDU: Convergence failed at  87  side 2    Res =  0.3435E+02
 MRCHDU: Convergence failed at  88  side 2    Res =  0.3336E+02
 MRCHDU: Convergence failed at  89  side 2    Res =  0.3224E+02
 MRCHDU: Convergence failed at  90  side 2    Res =  0.3106E+02
 MRCHDU: Convergence failed at  91  side 2    Res =  0.3039E+02
 Side 1  free  transition at x/c =  0.9712   71
 Side 2  free  transition at x/c =  0.0630   35

   3   rms: 0.1133E+01   max: 0.3577E+01   D at   95  2   RLX: 0.293
       a = -6.000      CL = -1.5456
      Cm =  0.3289     CD =  0.01127   =>   CDf =  0.00307    CDp =  0.00820

 MRCHDU: Convergence failed at  72  side 2    Res =  0.3476E+00
 MRCHDU: Convergence failed at  73  side 2    Res =  0.3376E+00
 MRCHDU: Convergence failed at  74  side 2    Res =  0.3307E+00
 MRCHDU: Convergence failed at  75  side 2    Res =  0.3271E+00
 MRCHDU: Convergence failed at  76  side 2    Res =  0.3272E+00
 MRCHDU: Convergence failed at  77  side 2    Res =  0.3303E+00
 MRCHDU: Convergence failed at  78  side 2    Res =  0.3370E+00
 MRCHDU: Convergence failed at  79  side 2    Res =  0.3470E+00
 MRCHDU: Convergence failed at  80  side 2    Res =  0.3600E+00
 MRCHDU: Convergence failed at  81  side 2    Res =  0.3751E+00
 MRCHDU: Convergence failed at  82  side 2    Res =  0.3932E+00
 MRCHDU: Convergence failed at  83  side 2    Res =  0.4126E+00
 MRCHDU: Convergence failed at  84  side 2    Res =  0.4337E+00
 MRCHDU: Convergence failed at  85  side 2    Res =  0.4562E+00
 MRCHDU: Convergence failed at  86  side 2    Res =  0.4801E+00
 MRCHDU: Convergence failed at  87  side 2    Res =  0.5050E+00
 MRCHDU: Convergence failed at  88  side 2    Res =  0.5307E+00
 MRCHDU: Convergence failed at  89  side 2    Res =  0.5576E+00
 MRCHDU: Convergence failed at  90  side 2    Res =  0.5848E+00
 MRCHDU: Convergence failed at  91  side 2    Res =  0.6054E+00
 MRCHDU: Convergence failed at  95  side 2    Res =  0.3491E+01
 MRCHDU: Convergence failed at  96  side 2    Res =  0.8846E+01
 MRCHDU: Convergence failed at  97  side 2    Res =  0.4022E+01
 MRCHDU: Convergence failed at  98  side 2    Res =  0.1455E+02
 MRCHDU: Convergence failed at  99  side 2    Res =  0.4696E+01
 Side 1  free  transition at x/c =  0.9886   72
 Side 2  free  transition at x/c =  0.0632   35

   4   rms: 0.4390E+00   max: 0.1108E+01   D at   35  2   RLX: 0.376
       a = -6.000      CL = -0.6113
      Cm =  0.0481     CD =  0.05362   =>   CDf =  0.00346    CDp =  0.05015

 Side 1  free  transition at x/c =  0.9917   73
 Side 2  free  transition at x/c =  0.0665   34

   5   rms: 0.2539E+00   max: -.7058E+00   D at   67  2   RLX: 0.708
       a = -6.000      CL = -0.3543
      Cm = -0.0397     CD =  0.05793   =>   CDf =  0.00341    CDp =  0.05452

 Side 1  free  transition at x/c =  0.9845   72
 Side 2  free  transition at x/c =  0.0709   35

   6   rms: 0.5189E+00   max: 0.2060E+01   T at   72  1   RLX: 0.308
       a = -6.000      CL = -0.3390
      Cm = -0.0762     CD =  0.05241   =>   CDf =  0.00332    CDp =  0.04909

 Side 1  free  transition at x/c =  0.9650   70
 Side 2  free  transition at x/c =  0.0700   36

   7   rms: 0.1437E+01   max: 0.8564E+01   T at   70  1   RLX: 0.096
       a = -6.000      CL = -0.3995
      Cm = -0.0840     CD =  0.05093   =>   CDf =  0.00323    CDp =  0.04771

 Side 1  free  transition at x/c =  0.9394   68
 Side 2  free  transition at x/c =  0.0688   37

   8   rms: 0.4618E+00   max: 0.1607E+01   T at   68  1   RLX: 0.326
       a = -6.000      CL = -0.4934
      Cm = -0.0744     CD =  0.04493   =>   CDf =  0.00332    CDp =  0.04161

 Side 1  free  transition at x/c =  0.9233   67
 Side 2  free  transition at x/c =  0.0706   37

   9   rms: 0.2139E+00   max: -.5308E+00   D at   85  2   RLX: 0.563
       a = -6.000      CL = -0.3952
      Cm = -0.0793     CD =  0.03727   =>   CDf =  0.00429    CDp =  0.03298

 Side 1  free  transition at x/c =  0.9443   69
 Side 2  free  transition at x/c =  0.0726   36

  10   rms: 0.8918E-01   max: -.3142E+00   D at   89  2
       a = -6.000      CL = -0.3352
      Cm = -0.0782     CD =  0.03427   =>   CDf =  0.00477    CDp =  0.02950

 Side 1  free  transition at x/c =  0.9545   70
 Side 2  free  transition at x/c =  0.0727   36

  11   rms: 0.1246E-01   max: 0.1205E+00   T at   36  2
       a = -6.000      CL = -0.3311
      Cm = -0.0779     CD =  0.03392   =>   CDf =  0.00529    CDp =  0.02863

 Side 1  free  transition at x/c =  0.9548   70
 Side 2  free  transition at x/c =  0.0719   36

  12   rms: 0.4351E-01   max: 0.4991E+00   T at   36  2
       a = -6.000      CL = -0.3338
      Cm = -0.0779     CD =  0.03222   =>   CDf =  0.00532    CDp =  0.02690

 Side 1  free  transition at x/c =  0.9546   70
 Side 2  free  transition at x/c =  0.0689   36

  13   rms: 0.7792E-01   max: -.3413E+00   T at   36  2
       a = -6.000      CL = -0.3351
      Cm = -0.0778     CD =  0.03242   =>   CDf =  0.00519    CDp =  0.02724

 Side 1  free  transition at x/c =  0.9544   70
 Side 2  free  transition at x/c =  0.0698   36

  14   rms: 0.4159E-01   max: -.1958E+00   T at   36  2
       a = -6.000      CL = -0.3330
      Cm = -0.0779     CD =  0.03320   =>   CDf =  0.00519    CDp =  0.02800

 Side 1  free  transition at x/c =  0.9545   70
 Side 2  free  transition at x/c =  0.0707   36

  15   rms: 0.1035E-01   max: -.1395E+00   T at   36  2
       a = -6.000      CL = -0.3311
      Cm = -0.0780     CD =  0.03375   =>   CDf =  0.00533    CDp =  0.02842

 Side 1  free  transition at x/c =  0.9547   70
 Side 2  free  transition at x/c =  0.0716   36

  16   rms: 0.3015E-01   max: -.4058E+00   T at   36  2
       a = -6.000      CL = -0.3286
      Cm = -0.0781     CD =  0.03512   =>   CDf =  0.00532    CDp =  0.02980

 Side 1  free  transition at x/c =  0.9549   70
 Side 2  free  transition at x/c =  0.0749   36

  17   rms: 0.7666E-01   max: -.2200E+00   D at   37  2
       a = -6.000      CL = -0.3316
      Cm = -0.0777     CD =  0.03466   =>   CDf =  0.00490    CDp =  0.02975

 Side 1  free  transition at x/c =  0.9547   70
 Side 2  free  transition at x/c =  0.0743   36

  18   rms: 0.4287E-01   max: 0.1965E+00   T at   36  2
       a = -6.000      CL = -0.3309
      Cm = -0.0779     CD =  0.03442   =>   CDf =  0.00507    CDp =  0.02935

 Side 1  free  transition at x/c =  0.9548   70
 Side 2  free  transition at x/c =  0.0734   36

  19   rms: 0.2334E-01   max: 0.1518E+00   T at   36  2
       a = -6.000      CL = -0.3309
      Cm = -0.0780     CD =  0.03408   =>   CDf =  0.00519    CDp =  0.02889

 Side 1  free  transition at x/c =  0.9548   70
 Side 2  free  transition at x/c =  0.0724   36

  20   rms: 0.1739E-01   max: 0.1620E+00   T at   36  2
       a = -6.000      CL = -0.3315
      Cm = -0.0780     CD =  0.03359   =>   CDf =  0.00528    CDp =  0.02832

 Side 1  free  transition at x/c =  0.9547   70
 Side 2  free  transition at x/c =  0.0714   36

  21   rms: 0.1214E-01   max: -.1824E+00   T at   36  2
       a = -6.000      CL = -0.3301
      Cm = -0.0780     CD =  0.03425   =>   CDf =  0.00534    CDp =  0.02891

 Side 1  free  transition at x/c =  0.9548   70
 Side 2  free  transition at x/c =  0.0727   36

  22   rms: 0.1788E-01   max: 0.1439E+00   T at   36  2
       a = -6.000      CL = -0.3312
      Cm = -0.0780     CD =  0.03377   =>   CDf =  0.00525    CDp =  0.02852

 Side 1  free  transition at x/c =  0.9547   70
 Side 2  free  transition at x/c =  0.0717   36

  23   rms: 0.1151E+00   max: -.1417E+01   T at   36  2   RLX: 0.353
       a = -6.000      CL = -0.3281
      Cm = -0.0781     CD =  0.03567   =>   CDf =  0.00532    CDp =  0.03035

 Side 1  free  transition at x/c =  0.9550   70
 Side 2  free  transition at x/c =  0.0767   37

  24   rms: 0.1830E-01   max: 0.1095E+00   D at   37  2
       a = -6.000      CL = -0.3293
      Cm = -0.0782     CD =  0.03521   =>   CDf =  0.00535    CDp =  0.02986

 Side 1  free  transition at x/c =  0.9548   70
 Side 2  free  transition at x/c =  0.0770   37

  25   rms: 0.5064E-03   max: -.2692E-02   D at   50  2
       a = -6.000      CL = -0.3295
      Cm = -0.0781     CD =  0.03519   =>   CDf =  0.00518    CDp =  0.03000

 Side 1  free  transition at x/c =  0.9548   70
 Side 2  free  transition at x/c =  0.0770   37

  26   rms: 0.1159E-04   max: -.8308E-04   T at   37  2
       a = -6.000      CL = -0.3295
      Cm = -0.0781     CD =  0.03519   =>   CDf =  0.00519    CDp =  0.03000
      9.000   10.9854   0.035188   0.002843   0.000000  -0.002843    0.9548     #

 Point added to stored polar  1
 Point written to save file  clarky_re200000_clean.polar                     
 Dump file unspecified or not available
 Calculating wake trajectory ...
 Calculating source influence matrix ...

 Solving BL system ...

 Side 1  free  transition at x/c =  0.9548   70
 Side 2  free  transition at x/c =  0.0770   37

   1   rms: 0.6196E-01   max: -.5833E+00   T at   37  2   RLX: 0.857
       a = -5.750      CL = -0.2981
      Cm = -0.0803     CD =  0.03455   =>   CDf =  0.00521    CDp =  0.02934

 Side 1  free  transition at x/c =  0.9521   71
 Side 2  free  transition at x/c =  0.0804   36

   2   rms: 0.9375E-01   max: 0.8213E+00   T at   36  2
       a = -5.750      CL = -0.2972
      Cm = -0.0804     CD =  0.03309   =>   CDf =  0.00472    CDp =  0.02836

 Side 1  free  transition at x/c =  0.9520   71
 Side 2  free  transition at x/c =  0.0782   36

   3   rms: 0.5819E-01   max: -.9453E+00   T at   36  2   RLX: 0.529
       a = -5.750      CL = -0.2940
      Cm = -0.0803     CD =  0.03762   =>   CDf =  0.00469    CDp =  0.03293

 Side 1  free  transition at x/c =  0.9521   71
 Side 2  free  transition at x/c =  0.0849   37

   4   rms: 0.1813E-01   max: -.2856E+00   T at   37  2
       a = -5.750      CL = -0.2908
      Cm = -0.0809     CD =  0.03548   =>   CDf =  0.00503    CDp =  0.03045

 Side 1  free  transition at x/c =  0.9521   71
 Side 2  free  transition at x/c =  0.0872   37

   5   rms: 0.3363E-01   max: 0.4687E+00   T at   37  2
       a = -5.750      CL = -0.2926
      Cm = -0.0809     CD =  0.03464   =>   CDf =  0.00499    CDp =  0.02965

 Side 1  free  transition at x/c =  0.9521   71
 Side 2  free  transition at x/c =  0.0844   37

   6   rms: 0.3059E-01   max: -.2851E+00   T at   37  2
       a = -5.750      CL = -0.2919
      Cm = -0.0809     CD =  0.03517   =>   CDf =  0.00492    CDp =  0.03025

 Side 1  free  transition at x/c =  0.9520   71
 Side 2  free  transition at x/c =  0.0864   37

   7   rms: 0.8610E+00   max: 0.1770E+02   T at   37  2   RLX: 0.085
       a = -5.750      CL = -0.2967
      Cm = -0.0807     CD =  0.03383   =>   CDf =  0.00496    CDp =  0.02886

 Side 1  free  transition at x/c =  0.9520   71
 Side 2  free  transition at x/c =  0.0778   36

   8   rms: 0.1309E+00   max: -.1003E+01   T at   36  2   RLX: 0.498
       a = -5.750      CL = -0.3066
      Cm = -0.0810     CD =  0.03787   =>   CDf =  0.00438    CDp =  0.03349

 Side 1  free  transition at x/c =  0.9512   71
 Side 2  free  transition at x/c =  0.0810   36

   9   rms: 0.2080E+00   max: -.6324E+00   D at   58  2   RLX: 0.791
       a = -5.750      CL = -0.3200
      Cm = -0.0815     CD =  0.03312   =>   CDf =  0.00427    CDp =  0.02885

 Side 1  free  transition at x/c =  0.9491   69
 Side 2  free  transition at x/c =  0.0750   36

  10   rms: 0.2046E+00   max: -.7310E+00   D at    2  2   RLX: 0.684
       a = -5.750      CL = -0.2943
      Cm = -0.0857     CD =  0.03542   =>   CDf =  0.00421    CDp =  0.03121

 Side 1  free  transition at x/c =  0.9684   72
 Side 2  free  transition at x/c =  0.0747   35

  11   rms: 0.1843E+00   max: 0.6484E+00   D at   72  1   RLX: 0.800
       a = -5.750      CL = -0.2984
      Cm = -0.0851     CD =  0.03309   =>   CDf =  0.00428    CDp =  0.02881

 Side 1  free  transition at x/c =  0.9599   71
 Side 2  free  transition at x/c =  0.0733   35

  12   rms: 0.1170E+00   max: 0.5668E+00   D at   73  1
       a = -5.750      CL = -0.3331
      Cm = -0.0740     CD =  0.03219   =>   CDf =  0.00478    CDp =  0.02742

 Side 1  free  transition at x/c =  0.9429   69
 Side 2  free  transition at x/c =  0.0706   36

  13   rms: 0.1117E+00   max: -.1228E+01   T at   36  2   RLX: 0.407
       a = -5.750      CL = -0.3059
      Cm = -0.0783     CD =  0.03492   =>   CDf =  0.00535    CDp =  0.02957

 Side 1  free  transition at x/c =  0.9503   71
 Side 2  free  transition at x/c =  0.0745   35

  14   rms: 0.1136E+00   max: 0.5603E+00   T at   35  2
       a = -5.750      CL = -0.3009
      Cm = -0.0796     CD =  0.03217   =>   CDf =  0.00478    CDp =  0.02739

 Side 1  free  transition at x/c =  0.9514   71
 Side 2  free  transition at x/c =  0.0734   35

  15   rms: 0.1590E+00   max: 0.7159E+00   T at   35  2
       a = -5.750      CL = -0.3072
      Cm = -0.0805     CD =  0.02933   =>   CDf =  0.00461    CDp =  0.02473

 Side 1  free  transition at x/c =  0.9505   70
 Side 2  free  transition at x/c =  0.0688   36

  16   rms: 0.1463E+00   max: -.6242E+00   T at   36  2   RLX: 0.801
       a = -5.750      CL = -0.3061
      Cm = -0.0798     CD =  0.03222   =>   CDf =  0.00491    CDp =  0.02731

 Side 1  free  transition at x/c =  0.9508   71
 Side 2  free  transition at x/c =  0.0698   35

  17   rms: 0.1098E+00   max: -.6241E+00   T at   35  2   RLX: 0.801
       a = -5.750      CL = -0.3039
      Cm = -0.0800     CD =  0.03365   =>   CDf =  0.00473    CDp =  0.02892

 Side 1  free  transition at x/c =  0.9509   71
 Side 2  free  transition at x/c =  0.0729   35

  18   rms: 0.1479E+00   max: 0.1260E+01   T at   35  2   RLX: 0.988
       a = -5.750      CL = -0.3067
      Cm = -0.0801     CD =  0.02929   =>   CDf =  0.00479    CDp =  0.02450

 Side 1  free  transition at x/c =  0.9509   71
 Side 2  free  transition at x/c =  0.0688   35

  19   rms: 0.1499E+00   max: -.6798E+00   T at   35  2   RLX: 0.736
       a = -5.750      CL = -0.3071
      Cm = -0.0798     CD =  0.03294   =>   CDf =  0.00479    CDp =  0.02816

 Side 1  free  transition at x/c =  0.9509   71
 Side 2  free  transition at x/c =  0.0701   35

  20   rms: 0.1177E+00   max: -.6752E+00   T at   35  2   RLX: 0.741
       a = -5.750      CL = -0.3066
      Cm = -0.0800     CD =  0.03455   =>   CDf =  0.00459    CDp =  0.02996

 Side 1  free  transition at x/c =  0.9508   71
 Side 2  free  transition at x/c =  0.0736   35

  21   rms: 0.1328E+00   max: 0.8516E+00   T at   35  2
       a = -5.750      CL = -0.3054
      Cm = -0.0799     CD =  0.03077   =>   CDf =  0.00470    CDp =  0.02608

 Side 1  free  transition at x/c =  0.9510   71
 Side 2  free  transition at x/c =  0.0714   35

  22   rms: 0.8913E-01   max: -.1385E+01   T at   35  2   RLX: 0.361
       a = -5.750      CL = -0.2994
      Cm = -0.0799     CD =  0.03755   =>   CDf =  0.00486    CDp =  0.03269

 Side 1  free  transition at x/c =  0.9516   71
 Side 2  free  transition at x/c =  0.0767   36

  23   rms: 0.6381E-01   max: -.5474E+00   T at   36  2   RLX: 0.913
       a = -5.750      CL = -0.2939
      Cm = -0.0804     CD =  0.03477   =>   CDf =  0.00483    CDp =  0.02995

 Side 1  free  transition at x/c =  0.9519   71
 Side 2  free  transition at x/c =  0.0803   36

  24   rms: 0.9241E-01   max: 0.7977E+00   T at   36  2
       a = -5.750      CL = -0.2972
      Cm = -0.0804     CD =  0.03314   =>   CDf =  0.00474    CDp =  0.02840

 Side 1  free  transition at x/c =  0.9519   71
 Side 2  free  transition at x/c =  0.0780   36

  25   rms: 0.5520E-01   max: -.8080E+00   T at   36  2   RLX: 0.619
       a = -5.750      CL = -0.2934
      Cm = -0.0804     CD =  0.03699   =>   CDf =  0.00473    CDp =  0.03226

 Side 1  free  transition at x/c =  0.9521   71
 Side 2  free  transition at x/c =  0.0844   37

  26   rms: 0.2018E-01   max: -.2862E+00   T at   37  2
       a = -5.750      CL = -0.2911
      Cm = -0.0809     CD =  0.03530   =>   CDf =  0.00504    CDp =  0.03025

 Side 1  free  transition at x/c =  0.9521   71
 Side 2  free  transition at x/c =  0.0864   37

  27   rms: 0.5055E+00   max: 0.1027E+02   T at   37  2   RLX: 0.146
       a = -5.750      CL = -0.2957
      Cm = -0.0808     CD =  0.03366   =>   CDf =  0.00498    CDp =  0.02868

 Side 1  free  transition at x/c =  0.9521   71
 Side 2  free  transition at x/c =  0.0777   36

  28   rms: 0.1300E+00   max: -.9203E+00   T at   36  2   RLX: 0.543
       a = -5.750      CL = -0.3059
      Cm = -0.0810     CD =  0.03741   =>   CDf =  0.00439    CDp =  0.03302

 Side 1  free  transition at x/c =  0.9512   71
 Side 2  free  transition at x/c =  0.0812   36

  29   rms: 0.2086E+00   max: -.6258E+00   D at   58  2   RLX: 0.799
       a = -5.750      CL = -0.3202
      Cm = -0.0813     CD =  0.03317   =>   CDf =  0.00428    CDp =  0.02889

 Side 1  free  transition at x/c =  0.9491   69
 Side 2  free  transition at x/c =  0.0751   36

  30   rms: 0.2119E+00   max: -.7804E+00   T at    2  2   RLX: 0.641
       a = -5.750      CL = -0.2954
      Cm = -0.0858     CD =  0.03624   =>   CDf =  0.00418    CDp =  0.03206

 Side 1  free  transition at x/c =  0.9688   72
 Side 2  free  transition at x/c =  0.0759   36

  31   rms: 0.1631E+00   max: 0.6722E+00   D at   72  1   RLX: 0.861
       a = -5.750      CL = -0.2939
      Cm = -0.0850     CD =  0.03366   =>   CDf =  0.00430    CDp =  0.02935

 Side 1  free  transition at x/c =  0.9601   71
 Side 2  free  transition at x/c =  0.0777   36

  32   rms: 0.7374E-01   max: 0.5159E+00   D at   73  1
       a = -5.750      CL = -0.3207
      Cm = -0.0753     CD =  0.03514   =>   CDf =  0.00478    CDp =  0.03036

 Side 1  free  transition at x/c =  0.9449   70
 Side 2  free  transition at x/c =  0.0805   36

  33   rms: 0.1068E+00   max: 0.1190E+01   T at   36  2   RLX: 0.941
       a = -5.750      CL = -0.2694
      Cm = -0.0860     CD =  0.03217   =>   CDf =  0.00498    CDp =  0.02719

 Side 1  free  transition at x/c =  0.9677   71
 Side 2  free  transition at x/c =  0.0770   36

  34   rms: 0.4602E+00   max: 0.3599E+01   T at   71  1   RLX: 0.201
       a = -5.750      CL = -0.3403
      Cm = -0.0744     CD =  0.03955   =>   CDf =  0.00438    CDp =  0.03517

 Side 1  free  transition at x/c =  0.9429   69
 Side 2  free  transition at x/c =  0.0750   36

  35   rms: 0.1891E+00   max: 0.5477E+00   T at   36  2   RLX: 0.956
       a = -5.750      CL = -0.3162
      Cm = -0.0791     CD =  0.03195   =>   CDf =  0.00425    CDp =  0.02770

 Side 1  free  transition at x/c =  0.9519   71
 Side 2  free  transition at x/c =  0.0765   36

  36   rms: 0.1298E+00   max: -.4325E+00   D at   90  2
       a = -5.750      CL = -0.3091
      Cm = -0.0795     CD =  0.03317   =>   CDf =  0.00438    CDp =  0.02879

 Side 1  free  transition at x/c =  0.9500   71
 Side 2  free  transition at x/c =  0.0792   36

  37   rms: 0.1842E+00   max: 0.2924E+01   T at   36  2   RLX: 0.513
       a = -5.750      CL = -0.3101
      Cm = -0.0795     CD =  0.03292   =>   CDf =  0.00484    CDp =  0.02807

 Side 1  free  transition at x/c =  0.9505   71
 Side 2  free  transition at x/c =  0.0728   35

  38   rms: 0.2142E+00   max: 0.2250E+01   T at   35  2   RLX: 0.559
       a = -5.750      CL = -0.3191
      Cm = -0.0797     CD =  0.03293   =>   CDf =  0.00451    CDp =  0.02843

 Side 1  free  transition at x/c =  0.9502   70
 Side 2  free  transition at x/c =  0.0692   36

  39   rms: 0.1553E+00   max: -.5407E+00   T at   36  2   RLX: 0.925
       a = -5.750      CL = -0.3127
      Cm = -0.0793     CD =  0.03155   =>   CDf =  0.00460    CDp =  0.02695

 Side 1  free  transition at x/c =  0.9500   71
 Side 2  free  transition at x/c =  0.0710   35

  40   rms: 0.2121E+00   max: -.3346E+01   D at    2  1   RLX: 0.149
       a = -5.750      CL = -0.3145
      Cm = -0.0792     CD =  0.03796   =>   CDf =  0.00481    CDp =  0.03315

 Side 1  free  transition at x/c =  0.9502   71
 Side 2  free  transition at x/c =  0.0728   35

  41   rms: 0.1567E+00   max: 0.1236E+01   T at   35  2
       a = -5.750      CL = -0.3107
      Cm = -0.0797     CD =  0.02892   =>   CDf =  0.00471    CDp =  0.02421

 Side 1  free  transition at x/c =  0.9504   70
 Side 2  free  transition at x/c =  0.0685   35

  42   rms: 0.1594E+00   max: 0.5070E+00   T at   35  2
       a = -5.750      CL = -0.3086
      Cm = -0.0794     CD =  0.02927   =>   CDf =  0.00482    CDp =  0.02445

 Side 1  free  transition at x/c =  0.9506   70
 Side 2  free  transition at x/c =  0.0678   35

  43   rms: 0.1506E+00   max: -.4495E+00   D at   51  2
       a = -5.750      CL = -0.3075
      Cm = -0.0800     CD =  0.02779   =>   CDf =  0.00501    CDp =  0.02278

 Side 1  free  transition at x/c =  0.9504   70
 Side 2  free  transition at x/c =  0.0655   35

  44   rms: 0.1081E+00   max: 0.4510E+00   T at   35  2
       a = -5.750      CL = -0.3043
      Cm = -0.0798     CD =  0.02610   =>   CDf =  0.00581    CDp =  0.02029

 Side 1  free  transition at x/c =  0.9510   70
 Side 2  free  transition at x/c =  0.0631   35

  45   rms: 0.9414E-01   max: -.9046E+00   T at   35  2   RLX: 0.553
       a = -5.750      CL = -0.3005
      Cm = -0.0803     CD =  0.02886   =>   CDf =  0.00644    CDp =  0.02242

 Side 1  free  transition at x/c =  0.9516   70
 Side 2  free  transition at x/c =  0.0655   35

  46   rms: 0.1505E+00   max: -.5026E+00   D at   47  2   RLX: 0.995
       a = -5.750      CL = -0.3066
      Cm = -0.0801     CD =  0.02564   =>   CDf =  0.00545    CDp =  0.02019

 Side 1  free  transition at x/c =  0.9508   70
 Side 2  free  transition at x/c =  0.0632   35

  47   rms: 0.8446E-01   max: -.8430E+00   T at   35  2   RLX: 0.593
       a = -5.750      CL = -0.3008
      Cm = -0.0804     CD =  0.02918   =>   CDf =  0.00630    CDp =  0.02288

 Side 1  free  transition at x/c =  0.9516   70
 Side 2  free  transition at x/c =  0.0657   35

  48   rms: 0.1454E+00   max: -.4845E+00   D at   47  2
       a = -5.750      CL = -0.3060
      Cm = -0.0802     CD =  0.02594   =>   CDf =  0.00542    CDp =  0.02052

 Side 1  free  transition at x/c =  0.9509   70
 Side 2  free  transition at x/c =  0.0635   35

  49   rms: 0.1563E+00   max: -.1305E+01   T at   35  2   RLX: 0.383
       a = -5.750      CL = -0.3009
      Cm = -0.0805     CD =  0.03002   =>   CDf =  0.00627    CDp =  0.02375

 Side 1  free  transition at x/c =  0.9514   70
 Side 2  free  transition at x/c =  0.0664   35

  50   rms: 0.1370E+00   max: -.4450E+00   D at   48  2
       a = -5.750      CL = -0.3052
      Cm = -0.0802     CD =  0.02680   =>   CDf =  0.00531    CDp =  0.02149

 Side 1  free  transition at x/c =  0.9509   70
 Side 2  free  transition at x/c =  0.0643   35

  51   rms: 0.1598E+01   max: 0.9403E+01   T at   35  2   RLX: 0.082
       a = -5.750      CL = -0.3115
      Cm = -0.0791     CD =  0.02514   =>   CDf =  0.00610    CDp =  0.01905

 Side 1  free  transition at x/c =  0.9503   70
 Side 2  free  transition at x/c =  0.0621   34

  52   rms: 0.6842E-01   max: 0.6167E+00   D at   35  2
       a = -5.750      CL = -0.2996
      Cm = -0.0797     CD =  0.02699   =>   CDf =  0.00679    CDp =  0.02019

 Side 1  free  transition at x/c =  0.9513   70
 Side 2  free  transition at x/c =  0.0627   34

  53   rms: 0.1365E-01   max: 0.7321E-01   D at   40  2
       a = -5.750      CL = -0.3010
      Cm = -0.0797     CD =  0.02649   =>   CDf =  0.00704    CDp =  0.01944

 Side 1  free  transition at x/c =  0.9514   70
 Side 2  free  transition at x/c =  0.0626   34

  54   rms: 0.3299E-03   max: 0.2212E-02   D at   38  2
       a = -5.750      CL = -0.3009
      Cm = -0.0797     CD =  0.02649   =>   CDf =  0.00693    CDp =  0.01956

 Side 1  free  transition at x/c =  0.9513   70
 Side 2  free  transition at x/c =  0.0626   34

  55   rms: 0.1550E-05   max: 0.1278E-04   T at   35  2
       a = -5.750      CL = -0.3009
      Cm = -0.0797     CD =  0.02649   =>   CDf =  0.00693    CDp =  0.01956
      9.000   10.7398   0.026490   0.002852   0.000000  -0.002852    0.9513     #

 Point added to stored polar  1
 Point written to save file  clarky_re200000_clean.polar                     
 Dump file unspecified or not available
 Calculating wake trajectory ...
 Calculating source influence matrix ...

 Solving BL system ...

 Side 1  free  transition at x/c =  0.9513   70
 Side 2  free  transition at x/c =  0.0626   34

   1   rms: 0.7002E-01   max: -.1905E+00   D at   42  2
       a = -5.500      CL = -0.2624
      Cm = -0.0822     CD =  0.02417   =>   CDf =  0.00699    CDp =  0.01718

 Side 1  free  transition at x/c =  0.9493   70
 Side 2  free  transition at x/c =  0.0636   34

   2   rms: 0.6347E-01   max: -.5258E+00   T at   70  1   RLX: 0.951
       a = -5.500      CL = -0.2170
      Cm = -0.0916     CD =  0.02356   =>   CDf =  0.00741    CDp =  0.01615

 MRCHDU: Convergence failed at  72  side 1    Res =  0.2512E+01
 MRCHDU: Convergence failed at  73  side 1    Res =  0.1810E+02
 Side 1  free  transition at x/c =  0.9725   72
 Side 2  free  transition at x/c =  0.0644   34

   3   rms: 0.1381E+00   max: 0.1770E+01   C at   72  1   RLX: 0.847
       a = -5.500      CL = -0.2624
      Cm = -0.0836     CD =  0.02285   =>   CDf =  0.00717    CDp =  0.01568

 Side 1  free  transition at x/c =  0.9446   70
 Side 2  free  transition at x/c =  0.0638   34

   4   rms: 0.3119E-01   max: -.3999E+00   D at   71  1
       a = -5.500      CL = -0.2817
      Cm = -0.0785     CD =  0.02499   =>   CDf =  0.00698    CDp =  0.01801

 Side 1  free  transition at x/c =  0.9411   70
 Side 2  free  transition at x/c =  0.0632   34

   5   rms: 0.1214E-01   max: -.7917E-01   T at   70  1
       a = -5.500      CL = -0.2745
      Cm = -0.0799     CD =  0.02481   =>   CDf =  0.00711    CDp =  0.01770

 Side 1  free  transition at x/c =  0.9444   70
 Side 2  free  transition at x/c =  0.0634   34

   6   rms: 0.3569E-02   max: -.2439E-01   T at   70  1
       a = -5.500      CL = -0.2721
      Cm = -0.0804     CD =  0.02478   =>   CDf =  0.00711    CDp =  0.01768

 Side 1  free  transition at x/c =  0.9454   70
 Side 2  free  transition at x/c =  0.0634   34

   7   rms: 0.3966E-03   max: -.2869E-02   T at   70  1
       a = -5.500      CL = -0.2718
      Cm = -0.0804     CD =  0.02478   =>   CDf =  0.00711    CDp =  0.01768

 Side 1  free  transition at x/c =  0.9456   70
 Side 2  free  transition at x/c =  0.0634   34

   8   rms: 0.1223E-04   max: -.7612E-04   T at   70  1
       a = -5.500      CL = -0.2718
      Cm = -0.0804     CD =  0.02478   =>   CDf =  0.00711    CDp =  0.01768
      9.000   10.3127   0.024784   0.002869   0.000000  -0.002869    0.9456     #

 Point added to stored polar  1
 Point written to save file  clarky_re200000_clean.polar                     
 Dump file unspecified or not available
 Calculating wake trajectory ...
 Calculating source influence matrix ...

 Solving BL system ...

 Side 1  free  transition at x/c =  0.9456   70
 Side 2  free  transition at x/c =  0.0634   34

   1   rms: 0.4758E-01   max: -.2812E+00   T at   34  2
       a = -5.250      CL = -0.2476
      Cm = -0.0801     CD =  0.02371   =>   CDf =  0.00711    CDp =  0.01661

 Side 1  free  transition at x/c =  0.9367   70
 Side 2  free  transition at x/c =  0.0646   34

   2   rms: 0.4345E-01   max: -.1708E+00   D at   40  2
       a = -5.250      CL = -0.2410
      Cm = -0.0813     CD =  0.02344   =>   CDf =  0.00695    CDp =  0.01650

 Side 1  free  transition at x/c =  0.9395   70
 Side 2  free  transition at x/c =  0.0645   34

   3   rms: 0.1937E-02   max: 0.1306E-01   D at   37  2
       a = -5.250      CL = -0.2398
      Cm = -0.0815     CD =  0.02351   =>   CDf =  0.00720    CDp =  0.01631

 Side 1  free  transition at x/c =  0.9399   70
 Side 2  free  transition at x/c =  0.0645   34

   4   rms: 0.6893E-04   max: 0.5439E-03   D at   37  2
       a = -5.250      CL = -0.2398
      Cm = -0.0815     CD =  0.02351   =>   CDf =  0.00720    CDp =  0.01631
      9.000   10.1893   0.023510   0.002893   0.000000  -0.002893    0.9399     #

 Point added to stored polar  1
 Point written to save file  clarky_re200000_clean.polar                     
 Dump file unspecified or not available
 Calculating wake trajectory ...
 Calculating source influence matrix ...

 Solving BL system ...

 Side 1  free  transition at x/c =  0.9399   70
 Side 2  free  transition at x/c =  0.0645   34

   1   rms: 0.5890E-01   max: -.1337E+00   D at   42  2
       a = -5.000      CL = -0.2042
      Cm = -0.0832     CD =  0.02200   =>   CDf =  0.00725    CDp =  0.01475

 Side 1  free  transition at x/c =  0.9357   71
 Side 2  free  transition at x/c =  0.0652   33

   2   rms: 0.1230E-01   max: -.8354E-01   T at    2  1
       a = -5.000      CL = -0.2020
      Cm = -0.0835     CD =  0.02201   =>   CDf =  0.00741    CDp =  0.01461

 Side 1  free  transition at x/c =  0.9365   71
 Side 2  free  transition at x/c =  0.0652   33

   3   rms: 0.2595E-03   max: 0.2583E-02   D at    4  1
       a = -5.000      CL = -0.2019
      Cm = -0.0835     CD =  0.02203   =>   CDf =  0.00746    CDp =  0.01457

 Side 1  free  transition at x/c =  0.9366   71
 Side 2  free  transition at x/c =  0.0652   33

   4   rms: 0.4144E-05   max: 0.3311E-04   D at   36  2
       a = -5.000      CL = -0.2019
      Cm = -0.0835     CD =  0.02203   =>   CDf =  0.00746    CDp =  0.01457
      9.000    9.8797   0.022025   0.002926   0.007109   0.004183    0.9366     #

 Point added to stored polar  1
 Point written to save file  clarky_re200000_clean.polar                     
 Dump file unspecified or not available
 Calculating wake trajectory ...
 Calculating source influence matrix ...

 Solving BL system ...

 Side 1  free  transition at x/c =  0.9366   71
 Side 2  free  transition at x/c =  0.0652   33

   1   rms: 0.6270E-01   max: -.1553E+00   D at   40  2
       a = -4.750      CL = -0.1623
      Cm = -0.0859     CD =  0.02060   =>   CDf =  0.00746    CDp =  0.01315

 Side 1  free  transition at x/c =  0.9339   71
 Side 2  free  transition at x/c =  0.0663   33

   2   rms: 0.2722E-02   max: 0.2099E-01   D at   33  2
       a = -4.750      CL = -0.1613
      Cm = -0.0860     CD =  0.02073   =>   CDf =  0.00766    CDp =  0.01307

 Side 1  free  transition at x/c =  0.9342   71
 Side 2  free  transition at x/c =  0.0662   33

   3   rms: 0.6559E-04   max: 0.5134E-03   D at   36  2
       a = -4.750      CL = -0.1613
      Cm = -0.0860     CD =  0.02073   =>   CDf =  0.00766    CDp =  0.01307
      9.000    9.4948   0.020733   0.002963   0.006686   0.003724    0.9342     #

 Point added to stored polar  1
 Point written to save file  clarky_re200000_clean.polar                     
 Dump file unspecified or not available
 Calculating wake trajectory ...
 Calculating source influence matrix ...

 Solving BL system ...

 Side 1  free  transition at x/c =  0.9342   71
 Side 2  free  transition at x/c =  0.0662   33

   1   rms: 0.6288E-01   max: -.1607E+00   D at   39  2
       a = -4.500      CL = -0.1202
      Cm = -0.0886     CD =  0.01949   =>   CDf =  0.00766    CDp =  0.01183

 Side 1  free  transition at x/c =  0.9321   71
 Side 2  free  transition at x/c =  0.0681   33

   2   rms: 0.4480E-02   max: 0.6427E-01   D at   33  2
       a = -4.500      CL = -0.1205
      Cm = -0.0884     CD =  0.01967   =>   CDf =  0.00787    CDp =  0.01179

 Side 1  free  transition at x/c =  0.9321   71
 Side 2  free  transition at x/c =  0.0680   33

   3   rms: 0.4528E-03   max: 0.3634E-02   D at   35  2
       a = -4.500      CL = -0.1205
      Cm = -0.0884     CD =  0.01966   =>   CDf =  0.00788    CDp =  0.01178

 Side 1  free  transition at x/c =  0.9321   71
 Side 2  free  transition at x/c =  0.0680   33

   4   rms: 0.2136E-05   max: 0.1613E-04   D at   44  2
       a = -4.500      CL = -0.1205
      Cm = -0.0884     CD =  0.01966   =>   CDf =  0.00788    CDp =  0.01178
      9.000    9.0752   0.019663   0.003001   0.006385   0.003385    0.9321     #

 Point added to stored polar  1
 Point written to save file  clarky_re200000_clean.polar                     
 Dump file unspecified or not available
 Calculating wake trajectory ...
 Calculating source influence matrix ...

 Solving BL system ...

 Side 1  free  transition at x/c =  0.9321   71
 Side 2  free  transition at x/c =  0.0680   33

   1   rms: 0.6212E-01   max: -.2991E+00   T at   33  2
       a = -4.250      CL = -0.0795
      Cm = -0.0908     CD =  0.01875   =>   CDf =  0.00793    CDp =  0.01081

 Side 1  free  transition at x/c =  0.9303   71
 Side 2  free  transition at x/c =  0.0709   33

   2   rms: 0.1138E+00   max: 0.6612E+00   T at   71  1
       a = -4.250      CL = -0.1441
      Cm = -0.0783     CD =  0.01992   =>   CDf =  0.00781    CDp =  0.01211

 Side 1  free  transition at x/c =  0.9051   69
 Side 2  free  transition at x/c =  0.0683   33

   3   rms: 0.1558E+00   max: -.1593E+01   D at    2  2   RLX: 0.314
       a = -4.250      CL = -0.1169
      Cm = -0.0825     CD =  0.02095   =>   CDf =  0.00798    CDp =  0.01297

 Side 1  free  transition at x/c =  0.9167   71
 Side 2  free  transition at x/c =  0.0694   33

   4   rms: 0.2799E-01   max: 0.1964E+00   D at   34  2
       a = -4.250      CL = -0.0997
      Cm = -0.0871     CD =  0.01898   =>   CDf =  0.00796    CDp =  0.01102

 Side 1  free  transition at x/c =  0.9211   71
 Side 2  free  transition at x/c =  0.0697   33

   5   rms: 0.6614E-02   max: -.5231E-01   D at   74  1
       a = -4.250      CL = -0.0971
      Cm = -0.0875     CD =  0.01893   =>   CDf =  0.00793    CDp =  0.01100

 Side 1  free  transition at x/c =  0.9230   71
 Side 2  free  transition at x/c =  0.0698   33

   6   rms: 0.3932E-03   max: -.2660E-02   D at   73  1
       a = -4.250      CL = -0.0968
      Cm = -0.0876     CD =  0.01893   =>   CDf =  0.00792    CDp =  0.01100

 Side 1  free  transition at x/c =  0.9231   71
 Side 2  free  transition at x/c =  0.0698   33

   7   rms: 0.3560E-05   max: 0.3063E-04   D at   35  2
       a = -4.250      CL = -0.0968
      Cm = -0.0876     CD =  0.01893   =>   CDf =  0.00792    CDp =  0.01100
      9.000    9.0609   0.018927   0.003010   0.006436   0.003426    0.9231     #

 Point added to stored polar  1
 Point written to save file  clarky_re200000_clean.polar                     
 Dump file unspecified or not available
 Calculating wake trajectory ...
 Calculating source influence matrix ...

 Solving BL system ...

 Side 1  free  transition at x/c =  0.9231   71
 Side 2  free  transition at x/c =  0.0698   33

   1   rms: 0.5401E-01   max: -.3123E+00   T at   33  2
       a = -4.000      CL = -0.0639
      Cm = -0.0886     CD =  0.01810   =>   CDf =  0.00792    CDp =  0.01017

 Side 1  free  transition at x/c =  0.9177   71
 Side 2  free  transition at x/c =  0.0718   33

   2   rms: 0.3005E-01   max: -.1700E+00   D at   33  2
       a = -4.000      CL = -0.0615
      Cm = -0.0889     CD =  0.01812   =>   CDf =  0.00791    CDp =  0.01021

 Side 1  free  transition at x/c =  0.9187   71
 Side 2  free  transition at x/c =  0.0721   33

   3   rms: 0.1040E-02   max: 0.1174E-01   D at   35  2
       a = -4.000      CL = -0.0616
      Cm = -0.0889     CD =  0.01812   =>   CDf =  0.00792    CDp =  0.01021

 Side 1  free  transition at x/c =  0.9187   71
 Side 2  free  transition at x/c =  0.0721   33

   4   rms: 0.7341E-05   max: 0.8429E-04   D at   35  2
       a = -4.000      CL = -0.0616
      Cm = -0.0889     CD =  0.01812   =>   CDf =  0.00792    CDp =  0.01020
      9.000    8.8023   0.018123   0.003042   0.006218   0.003176    0.9187     #

 Point added to stored polar  1
 Point written to save file  clarky_re200000_clean.polar                     
 Dump file unspecified or not available
 Calculating wake trajectory ...
 Calculating source influence matrix ...

 Solving BL system ...

 Side 1  free  transition at x/c =  0.9187   71
 Side 2  free  transition at x/c =  0.0721   33

   1   rms: 0.5636E-01   max: -.2119E+00   T at   33  2
       a = -3.750      CL = -0.0251
      Cm = -0.0904     CD =  0.01728   =>   CDf =  0.00796    CDp =  0.00932

 Side 1  free  transition at x/c =  0.9149   72
 Side 2  free  transition at x/c =  0.0747   32

   2   rms: 0.1166E-01   max: -.8253E-01   D at   33  2
       a = -3.750      CL = -0.0243
      Cm = -0.0905     CD =  0.01733   =>   CDf =  0.00802    CDp =  0.00932

 Side 1  free  transition at x/c =  0.9154   72
 Side 2  free  transition at x/c =  0.0748   32

   3   rms: 0.8121E-03   max: 0.9105E-02   D at    4  1
       a = -3.750      CL = -0.0243
      Cm = -0.0905     CD =  0.01734   =>   CDf =  0.00801    CDp =  0.00932

 Side 1  free  transition at x/c =  0.9154   72
 Side 2  free  transition at x/c =  0.0748   32

   4   rms: 0.2025E-05   max: 0.2779E-04   D at   41  2
       a = -3.750      CL = -0.0243
      Cm = -0.0905     CD =  0.01734   =>   CDf =  0.00801    CDp =  0.00932
      9.000    8.4489   0.017337   0.003076   0.005983   0.002908    0.9154     #

 Point added to stored polar  1
 Point written to save file  clarky_re200000_clean.polar                     
 Dump file unspecified or not available
 Calculating wake trajectory ...
 Calculating source influence matrix ...

 Solving BL system ...

 Side 1  free  transition at x/c =  0.9154   72
 Side 2  free  transition at x/c =  0.0748   32

   1   rms: 0.5928E-01   max: -.2985E+00   T at   32  2
       a = -3.500      CL =  0.0135
      Cm = -0.0921     CD =  0.01663   =>   CDf =  0.00801    CDp =  0.00861

 Side 1  free  transition at x/c =  0.9126   71
 Side 2  free  transition at x/c =  0.0802   33

   2   rms: 0.6722E-01   max: 0.6419E+00   D at   33  2
       a = -3.500      CL = -0.0040
      Cm = -0.0890     CD =  0.01654   =>   CDf =  0.00779    CDp =  0.00875

 Side 1  free  transition at x/c =  0.9052   71
 Side 2  free  transition at x/c =  0.0782   33

   3   rms: 0.1710E-01   max: 0.1781E+00   D at   34  2
       a = -3.500      CL =  0.0029
      Cm = -0.0903     CD =  0.01669   =>   CDf =  0.00788    CDp =  0.00881

 Side 1  free  transition at x/c =  0.9082   71
 Side 2  free  transition at x/c =  0.0778   33

   4   rms: 0.2266E-02   max: -.1492E-01   D at   73  1
       a = -3.500      CL =  0.0043
      Cm = -0.0906     CD =  0.01665   =>   CDf =  0.00791    CDp =  0.00874

 Side 1  free  transition at x/c =  0.9089   71
 Side 2  free  transition at x/c =  0.0778   33

   5   rms: 0.1303E-03   max: -.8752E-03   T at   71  1
       a = -3.500      CL =  0.0044
      Cm = -0.0906     CD =  0.01665   =>   CDf =  0.00792    CDp =  0.00874

 Side 1  free  transition at x/c =  0.9090   71
 Side 2  free  transition at x/c =  0.0778   33

   6   rms: 0.2671E-05   max: -.1220E-04   T at   71  1
       a = -3.500      CL =  0.0044
      Cm = -0.0906     CD =  0.01665   =>   CDf =  0.00792    CDp =  0.00874
      9.000    8.3413   0.016651   0.003096   0.005913   0.002817    0.9090     #

 Point added to stored polar  1
 Point written to save file  clarky_re200000_clean.polar                     
 Dump file unspecified or not available
 Calculating wake trajectory ...
 Calculating source influence matrix ...

 Solving BL system ...

 Side 1  free  transition at x/c =  0.9090   71
 Side 2  free  transition at x/c =  0.0778   33

   1   rms: 0.4408E-01   max: -.2684E+00   T at   33  2
       a = -3.250      CL =  0.0238
      Cm = -0.0889     CD =  0.01630   =>   CDf =  0.00792    CDp =  0.00838

 Side 1  free  transition at x/c =  0.8972   71
 Side 2  free  transition at x/c =  0.0815   33

   2   rms: 0.2788E-01   max: -.1565E+00   D at   34  2
       a = -3.250      CL =  0.0324
      Cm = -0.0904     CD =  0.01621   =>   CDf =  0.00799    CDp =  0.00822

 Side 1  free  transition at x/c =  0.9012   71
 Side 2  free  transition at x/c =  0.0829   34

   3   rms: 0.7464E-02   max: 0.1217E+00   D at   34  2
       a = -3.250      CL =  0.0330
      Cm = -0.0906     CD =  0.01612   =>   CDf =  0.00793    CDp =  0.00819

 Side 1  free  transition at x/c =  0.9018   71
 Side 2  free  transition at x/c =  0.0827   34

   4   rms: 0.7386E-03   max: 0.7542E-02   D at   34  2
       a = -3.250      CL =  0.0330
      Cm = -0.0906     CD =  0.01612   =>   CDf =  0.00793    CDp =  0.00819

 Side 1  free  transition at x/c =  0.9018   71
 Side 2  free  transition at x/c =  0.0827   34

   5   rms: 0.1452E-05   max: 0.1554E-04   T at   34  2
       a = -3.250      CL =  0.0330
      Cm = -0.0906     CD =  0.01612   =>   CDf =  0.00793    CDp =  0.00819
      9.000    8.2276   0.016116   0.003117   0.005868   0.002751    0.9018     #

 Point added to stored polar  1
 Point written to save file  clarky_re200000_clean.polar                     
 Dump file unspecified or not available
 Calculating wake trajectory ...
 Calculating source influence matrix ...

 Solving BL system ...

 Side 1  free  transition at x/c =  0.9018   71
 Side 2  free  transition at x/c =  0.0827   34

   1   rms: 0.6471E-01   max: -.5375E+00   T at   34  2   RLX: 0.930
       a = -3.000      CL =  0.0616
      Cm = -0.0912     CD =  0.01529   =>   CDf =  0.00795    CDp =  0.00735

 Side 1  free  transition at x/c =  0.8964   72
 Side 2  free  transition at x/c =  0.0876   33

   2   rms: 0.5081E-01   max: -.3790E+00   D at   33  2
       a = -3.000      CL =  0.0672
      Cm = -0.0914     CD =  0.01551   =>   CDf =  0.00801    CDp =  0.00749

 Side 1  free  transition at x/c =  0.8973   72
 Side 2  free  transition at x/c =  0.0904   34

   3   rms: 0.8174E-02   max: 0.1289E+00   D at   34  2
       a = -3.000      CL =  0.0662
      Cm = -0.0914     CD =  0.01545   =>   CDf =  0.00788    CDp =  0.00757

 Side 1  free  transition at x/c =  0.8972   72
 Side 2  free  transition at x/c =  0.0898   34

   4   rms: 0.5152E-03   max: 0.5601E-02   D at   34  2
       a = -3.000      CL =  0.0662
      Cm = -0.0914     CD =  0.01545   =>   CDf =  0.00789    CDp =  0.00756

 Side 1  free  transition at x/c =  0.8972   72
 Side 2  free  transition at x/c =  0.0898   34

   5   rms: 0.1604E-05   max: 0.1403E-04   T at   34  2
       a = -3.000      CL =  0.0662
      Cm = -0.0913     CD =  0.01545   =>   CDf =  0.00789    CDp =  0.00756
      9.000    7.9438   0.015448   0.003149   0.005654   0.002505    0.8972     #

 Point added to stored polar  1
 Point written to save file  clarky_re200000_clean.polar                     
 Dump file unspecified or not available
 Calculating wake trajectory ...
 Calculating source influence matrix ...

 Solving BL system ...

 Side 1  free  transition at x/c =  0.8972   72
 Side 2  free  transition at x/c =  0.0898   34

   1   rms: 0.8089E-01   max: -.6302E+00   T at   34  2   RLX: 0.793
       a = -2.750      CL =  0.0909
      Cm = -0.0919     CD =  0.01448   =>   CDf =  0.00789    CDp =  0.00659

 Side 1  free  transition at x/c =  0.8936   71
 Side 2  free  transition at x/c =  0.0967   34

   2   rms: 0.4124E-01   max: -.3203E+00   D at   34  2
       a = -2.750      CL =  0.0879
      Cm = -0.0899     CD =  0.01508   =>   CDf =  0.00795    CDp =  0.00713

 Side 1  free  transition at x/c =  0.8860   71
 Side 2  free  transition at x/c =  0.1005   35

   3   rms: 0.1471E-01   max: 0.2575E+00   D at   35  2
       a = -2.750      CL =  0.0917
      Cm = -0.0907     CD =  0.01484   =>   CDf =  0.00778    CDp =  0.00706

 Side 1  free  transition at x/c =  0.8888   71
 Side 2  free  transition at x/c =  0.1003   35

   4   rms: 0.2207E-02   max: 0.3304E-01   D at   35  2
       a = -2.750      CL =  0.0926
      Cm = -0.0909     CD =  0.01482   =>   CDf =  0.00777    CDp =  0.00705

 Side 1  free  transition at x/c =  0.8892   71
 Side 2  free  transition at x/c =  0.1003   35

   5   rms: 0.3593E-04   max: 0.4413E-03   D at   35  2
       a = -2.750      CL =  0.0926
      Cm = -0.0909     CD =  0.01482   =>   CDf =  0.00777    CDp =  0.00705
      9.000    7.8161   0.014822   0.003168   0.005626   0.002459    0.8892     #

 Point added to stored polar  1
 Point written to save file  clarky_re200000_clean.polar                     
 Dump file unspecified or not available
 Calculating wake trajectory ...
 Calculating source influence matrix ...

 Solving BL system ...

 Side 1  free  transition at x/c =  0.8892   71
 Side 2  free  transition at x/c =  0.1003   35

   1   rms: 0.6751E-01   max: -.6648E+00   T at   35  2   RLX: 0.752
       a = -2.500      CL =  0.1092
      Cm = -0.0900     CD =  0.01442   =>   CDf =  0.00777    CDp =  0.00665

 Side 1  free  transition at x/c =  0.8802   71
 Side 2  free  transition at x/c =  0.1121   36

   2   rms: 0.4553E-01   max: -.4791E+00   T at   36  2
       a = -2.500      CL =  0.1201
      Cm = -0.0906     CD =  0.01406   =>   CDf =  0.00772    CDp =  0.00633

 Side 1  free  transition at x/c =  0.8812   71
 Side 2  free  transition at x/c =  0.1273   38

   3   rms: 0.3182E-01   max: -.2693E+00   C at   38  2
       a = -2.500      CL =  0.1192
      Cm = -0.0905     CD =  0.01389   =>   CDf =  0.00770    CDp =  0.00619

 Side 1  free  transition at x/c =  0.8811   71
 Side 2  free  transition at x/c =  0.1351   38

   4   rms: 0.5423E-02   max: 0.7996E-01   C at   38  2
       a = -2.500      CL =  0.1200
      Cm = -0.0906     CD =  0.01403   =>   CDf =  0.00755    CDp =  0.00648

 Side 1  free  transition at x/c =  0.8811   71
 Side 2  free  transition at x/c =  0.1328   38

   5   rms: 0.4520E-03   max: -.5919E-02   C at   38  2
       a = -2.500      CL =  0.1200
      Cm = -0.0906     CD =  0.01404   =>   CDf =  0.00757    CDp =  0.00647

 Side 1  free  transition at x/c =  0.8811   71
 Side 2  free  transition at x/c =  0.1329   38

   6   rms: 0.4442E-05   max: -.1772E-04   D at   48  2
       a = -2.500      CL =  0.1200
      Cm = -0.0906     CD =  0.01404   =>   CDf =  0.00757    CDp =  0.00647
      9.000    7.5927   0.014035   0.003192   0.005458   0.002266    0.8811     #

 Point added to stored polar  1
 Point written to save file  clarky_re200000_clean.polar                     
 Dump file unspecified or not available
 Calculating wake trajectory ...
 Calculating source influence matrix ...

 Solving BL system ...

 Side 1  free  transition at x/c =  0.8811   71
 Side 2  free  transition at x/c =  0.1329   38

   1   rms: 0.1217E+00   max: -.1210E+01   C at   38  2   RLX: 0.413
       a = -2.250      CL =  0.1321
      Cm = -0.0906     CD =  0.01367   =>   CDf =  0.00757    CDp =  0.00610

 Side 1  free  transition at x/c =  0.8785   71
 Side 2  free  transition at x/c =  0.1590   40

   2   rms: 0.1978E+00   max: 0.3668E+01   D at    3  2   RLX: 0.407
       a = -2.250      CL =  0.1395
      Cm = -0.0907     CD =  0.01348   =>   CDf =  0.00742    CDp =  0.00607

 Side 1  free  transition at x/c =  0.8773   72
 Side 2  free  transition at x/c =  0.1696   40

   3   rms: 0.6431E-01   max: -.6662E+00   C at   40  2   RLX: 0.750
       a = -2.250      CL =  0.1479
      Cm = -0.0908     CD =  0.01323   =>   CDf =  0.00746    CDp =  0.00577

 Side 1  free  transition at x/c =  0.8761   72
 Side 2  free  transition at x/c =  0.1928   41

   4   rms: 0.2907E-01   max: -.5179E+00   C at   41  2   RLX: 0.965
       a = -2.250      CL =  0.1507
      Cm = -0.0909     CD =  0.01319   =>   CDf =  0.00732    CDp =  0.00587

 Side 1  free  transition at x/c =  0.8758   71
 Side 2  free  transition at x/c =  0.2128   43

   5   rms: 0.9539E-02   max: -.1614E+00   C at   43  2
       a = -2.250      CL =  0.1500
      Cm = -0.0908     CD =  0.01318   =>   CDf =  0.00724    CDp =  0.00594

 Side 1  free  transition at x/c =  0.8754   71
 Side 2  free  transition at x/c =  0.2164   43

   6   rms: 0.2475E-03   max: -.3282E-02   D at   45  2
       a = -2.250      CL =  0.1500
      Cm = -0.0908     CD =  0.01318   =>   CDf =  0.00719    CDp =  0.00599

 Side 1  free  transition at x/c =  0.8754   71
 Side 2  free  transition at x/c =  0.2163   43

   7   rms: 0.1405E-05   max: -.1447E-04   D at   45  2
       a = -2.250      CL =  0.1500
      Cm = -0.0908     CD =  0.01318   =>   CDf =  0.00719    CDp =  0.00599
      9.000    7.2730   0.013182   0.003225   0.005315   0.002090    0.8754     #

 Point added to stored polar  1
 Point written to save file  clarky_re200000_clean.polar                     
 Dump file unspecified or not available
 Calculating wake trajectory ...
 Calculating source influence matrix ...

 Solving BL system ...

 Side 1  free  transition at x/c =  0.8754   71
 Side 2  free  transition at x/c =  0.2163   43

   1   rms: 0.8344E-01   max: -.1245E+01   C at   43  2   RLX: 0.402
       a = -2.000      CL =  0.1532
      Cm = -0.0894     CD =  0.01316   =>   CDf =  0.00719    CDp =  0.00597

 Side 1  free  transition at x/c =  0.8670   71
 Side 2  free  transition at x/c =  0.2380   44

   2   rms: 0.5427E-01   max: -.7030E+00   C at   44  2   RLX: 0.711
       a = -2.000      CL =  0.1671
      Cm = -0.0894     CD =  0.01298   =>   CDf =  0.00712    CDp =  0.00586

 Side 1  free  transition at x/c =  0.8651   71
 Side 2  free  transition at x/c =  0.2752   46

   3   rms: 0.1712E-01   max: -.1881E+00   C at   46  2
       a = -2.000      CL =  0.1731
      Cm = -0.0897     CD =  0.01284   =>   CDf =  0.00705    CDp =  0.00579

 Side 1  free  transition at x/c =  0.8644   71
 Side 2  free  transition at x/c =  0.2989   48

   4   rms: 0.3550E-02   max: -.5011E-01   D at   47  2
       a = -2.000      CL =  0.1726
      Cm = -0.0897     CD =  0.01278   =>   CDf =  0.00692    CDp =  0.00585

 Side 1  free  transition at x/c =  0.8643   71
 Side 2  free  transition at x/c =  0.2954   47

   5   rms: 0.3589E-03   max: -.4545E-02   D at   49  2
       a = -2.000      CL =  0.1725
      Cm = -0.0897     CD =  0.01277   =>   CDf =  0.00692    CDp =  0.00585

 Side 1  free  transition at x/c =  0.8643   71
 Side 2  free  transition at x/c =  0.2950   47

   6   rms: 0.3132E-05   max: -.5749E-04   C at   47  2
       a = -2.000      CL =  0.1725
      Cm = -0.0897     CD =  0.01277   =>   CDf =  0.00692    CDp =  0.00585
      9.000    7.2224   0.012768   0.003240   0.005274   0.002034    0.8643     #

 Point added to stored polar  1
 Point written to save file  clarky_re200000_clean.polar                     
 Dump file unspecified or not available
 Calculating wake trajectory ...
 Calculating source influence matrix ...

 Solving BL system ...

 Side 1  free  transition at x/c =  0.8643   71
 Side 2  free  transition at x/c =  0.2950   47

   1   rms: 0.6921E-01   max: -.8276E+00   C at   47  2   RLX: 0.604
       a = -1.750      CL =  0.1897
      Cm = -0.0895     CD =  0.01254   =>   CDf =  0.00692    CDp =  0.00562

 Side 1  free  transition at x/c =  0.8596   71
 Side 2  free  transition at x/c =  0.3378   50

   2   rms: 0.4862E-01   max: -.7718E+00   C at   50  2   RLX: 0.648
       a = -1.750      CL =  0.1964
      Cm = -0.0894     CD =  0.01228   =>   CDf =  0.00683    CDp =  0.00545

 Side 1  free  transition at x/c =  0.8584   71
 Side 2  free  transition at x/c =  0.3531   51

   3   rms: 0.3124E-01   max: -.5036E+00   C at   51  2   RLX: 0.993
       a = -1.750      CL =  0.2009
      Cm = -0.0895     CD =  0.01214   =>   CDf =  0.00680    CDp =  0.00534

 Side 1  free  transition at x/c =  0.8578   71
 Side 2  free  transition at x/c =  0.3711   52

   4   rms: 0.1700E-01   max: -.2866E+00   C at   52  2
       a = -1.750      CL =  0.2010
      Cm = -0.0895     CD =  0.01216   =>   CDf =  0.00674    CDp =  0.00542

 Side 1  free  transition at x/c =  0.8578   71
 Side 2  free  transition at x/c =  0.3788   52

   5   rms: 0.1056E-02   max: 0.1692E-01   C at   52  2
       a = -1.750      CL =  0.2011
      Cm = -0.0895     CD =  0.01218   =>   CDf =  0.00664    CDp =  0.00554

 Side 1  free  transition at x/c =  0.8578   71
 Side 2  free  transition at x/c =  0.3781   52

   6   rms: 0.3794E-05   max: -.5653E-04   D at   54  2
       a = -1.750      CL =  0.2011
      Cm = -0.0895     CD =  0.01218   =>   CDf =  0.00664    CDp =  0.00554
      9.000    6.9440   0.012179   0.003271   0.005150   0.001879    0.8578     #

 Point added to stored polar  1
 Point written to save file  clarky_re200000_clean.polar                     
 Dump file unspecified or not available
 Calculating wake trajectory ...
 Calculating source influence matrix ...

 Solving BL system ...

 Side 1  free  transition at x/c =  0.8578   71
 Side 2  free  transition at x/c =  0.3781   52

   1   rms: 0.1087E+00   max: -.1792E+01   C at   52  2   RLX: 0.279
       a = -1.500      CL =  0.2091
      Cm = -0.0895     CD =  0.01200   =>   CDf =  0.00665    CDp =  0.00535

 Side 1  free  transition at x/c =  0.8564   70
 Side 2  free  transition at x/c =  0.4017   53

   2   rms: 0.6095E-01   max: -.9721E+00   C at   53  2   RLX: 0.514
       a = -1.500      CL =  0.2133
      Cm = -0.0885     CD =  0.01201   =>   CDf =  0.00651    CDp =  0.00550

 Side 1  free  transition at x/c =  0.8487   71
 Side 2  free  transition at x/c =  0.4282   54

   3   rms: 0.8370E-01   max: -.1031E+01   T at    2  1   RLX: 0.485
       a = -1.500      CL =  0.2175
      Cm = -0.0881     CD =  0.01187   =>   CDf =  0.00649    CDp =  0.00538

 Side 1  free  transition at x/c =  0.8478   71
 Side 2  free  transition at x/c =  0.4475   55

   4   rms: 0.4391E-01   max: -.7799E+00   C at   55  2   RLX: 0.641
       a = -1.500      CL =  0.2205
      Cm = -0.0881     CD =  0.01175   =>   CDf =  0.00641    CDp =  0.00533

 Side 1  free  transition at x/c =  0.8472   71
 Side 2  free  transition at x/c =  0.4685   56

   5   rms: 0.2612E-01   max: -.4762E+00   C at   56  2
       a = -1.500      CL =  0.2218
      Cm = -0.0880     CD =  0.01164   =>   CDf =  0.00631    CDp =  0.00533

 Side 1  free  transition at x/c =  0.8469   71
 Side 2  free  transition at x/c =  0.4904   57

   6   rms: 0.4447E-02   max: -.8099E-01   C at   57  2
       a = -1.500      CL =  0.2218
      Cm = -0.0880     CD =  0.01165   =>   CDf =  0.00621    CDp =  0.00544

 Side 1  free  transition at x/c =  0.8469   71
 Side 2  free  transition at x/c =  0.4942   57

   7   rms: 0.6814E-04   max: -.1233E-02   C at   57  2
       a = -1.500      CL =  0.2218
      Cm = -0.0880     CD =  0.01165   =>   CDf =  0.00619    CDp =  0.00546
      9.000    6.9092   0.011649   0.003285   0.005132   0.001847    0.8469     #

 Point added to stored polar  1
 Point written to save file  clarky_re200000_clean.polar                     
 Dump file unspecified or not available
 Calculating wake trajectory ...
 Calculating source influence matrix ...

 Solving BL system ...

 Side 1  free  transition at x/c =  0.8469   71
 Side 2  free  transition at x/c =  0.4943   57

   1   rms: 0.1551E+00   max: -.2714E+01   C at   57  2   RLX: 0.184
       a = -1.250      CL =  0.2259
      Cm = -0.0877     CD =  0.01152   =>   CDf =  0.00619    CDp =  0.00532

 Side 1  free  transition at x/c =  0.8452   71
 Side 2  free  transition at x/c =  0.5224   59

   2   rms: 0.1435E+00   max: -.2511E+01   C at   59  2   RLX: 0.199
       a = -1.250      CL =  0.2294
      Cm = -0.0875     CD =  0.01137   =>   CDf =  0.00610    CDp =  0.00527

 Side 1  free  transition at x/c =  0.8438   71
 Side 2  free  transition at x/c =  0.5463   60

   3   rms: 0.1223E+00   max: -.2137E+01   C at   60  2   RLX: 0.234
       a = -1.250      CL =  0.2331
      Cm = -0.0873     CD =  0.01126   =>   CDf =  0.00601    CDp =  0.00526

 Side 1  free  transition at x/c =  0.8426   71
 Side 2  free  transition at x/c =  0.5743   61

   4   rms: 0.8918E-01   max: -.1529E+01   C at   61  2   RLX: 0.327
       a = -1.250      CL =  0.2370
      Cm = -0.0871     CD =  0.01115   =>   CDf =  0.00590    CDp =  0.00524

 Side 1  free  transition at x/c =  0.8414   71
 Side 2  free  transition at x/c =  0.6188   64

   5   rms: 0.7368E-01   max: -.1272E+01   C at   64  2   RLX: 0.393
       a = -1.250      CL =  0.2386
      Cm = -0.0864     CD =  0.01094   =>   CDf =  0.00572    CDp =  0.00522

 Side 1  free  transition at x/c =  0.8405   71
 Side 2  free  transition at x/c =  0.6467   65

   6   rms: 0.3859E-01   max: -.6510E+00   C at   65  2   RLX: 0.768
       a = -1.250      CL =  0.2420
      Cm = -0.0860     CD =  0.01083   =>   CDf =  0.00563    CDp =  0.00520

 Side 1  free  transition at x/c =  0.8395   71
 Side 2  free  transition at x/c =  0.6963   68

   7   rms: 0.3792E-02   max: 0.4844E-01   D at   66  2
       a = -1.250      CL =  0.2424
      Cm = -0.0857     CD =  0.01076   =>   CDf =  0.00544    CDp =  0.00532

 Side 1  free  transition at x/c =  0.8393   71
 Side 2  free  transition at x/c =  0.7000   68

   8   rms: 0.4002E-03   max: -.6537E-02   C at   68  2
       a = -1.250      CL =  0.2425
      Cm = -0.0857     CD =  0.01076   =>   CDf =  0.00544    CDp =  0.00532

 Side 1  free  transition at x/c =  0.8393   71
 Side 2  free  transition at x/c =  0.7004   68

   9   rms: 0.1059E-05   max: -.8186E-05   C at   72  2
       a = -1.250      CL =  0.2425
      Cm = -0.0857     CD =  0.01076   =>   CDf =  0.00544    CDp =  0.00533
      9.000    6.6567   0.010763   0.003311   0.005010   0.001698    0.8393     #

 Point added to stored polar  1
 Point written to save file  clarky_re200000_clean.polar                     
 Dump file unspecified or not available
 Calculating wake trajectory ...
 Calculating source influence matrix ...

 Solving BL system ...

 Side 1  free  transition at x/c =  0.8393   71
 Side 2  free  transition at x/c =  0.7004   68

   1   rms: 0.1885E+00   max: -.3148E+01   C at   68  2   RLX: 0.159
       a = -1.000      CL =  0.2456
      Cm = -0.0852     CD =  0.01063   =>   CDf =  0.00544    CDp =  0.00519

 Side 1  free  transition at x/c =  0.8383   71
 Side 2  free  transition at x/c =  0.7357   70

   2   rms: 0.1348E+00   max: -.2203E+01   C at   70  2   RLX: 0.227
       a = -1.000      CL =  0.2498
      Cm = -0.0846     CD =  0.01051   =>   CDf =  0.00532    CDp =  0.00519

 Side 1  free  transition at x/c =  0.8372   70
 Side 2  free  transition at x/c =  0.7822   72

   3   rms: 0.3903E-01   max: -.4168E+00   C at   72  2
       a = -1.000      CL =  0.2568
      Cm = -0.0821     CD =  0.01058   =>   CDf =  0.00518    CDp =  0.00540

 Side 1  free  transition at x/c =  0.8241   70
 Side 2  free  transition at x/c =  0.9104   79

   4   rms: 0.2969E-01   max: 0.2318E+00   D at   73  2
       a = -1.000      CL =  0.2752
      Cm = -0.0849     CD =  0.01037   =>   CDf =  0.00501    CDp =  0.00536

 Side 1  free  transition at x/c =  0.8292   70
 Side 2  free  transition at x/c =  0.9065   79

   5   rms: 0.5257E-02   max: -.4610E-01   D at   80  2
       a = -1.000      CL =  0.2735
      Cm = -0.0846     CD =  0.01040   =>   CDf =  0.00496    CDp =  0.00544

 Side 1  free  transition at x/c =  0.8294   70
 Side 2  free  transition at x/c =  0.8967   79

   6   rms: 0.2221E-02   max: -.1466E-01   D at   80  2
       a = -1.000      CL =  0.2718
      Cm = -0.0843     CD =  0.01040   =>   CDf =  0.00496    CDp =  0.00544

 Side 1  free  transition at x/c =  0.8293   70
 Side 2  free  transition at x/c =  0.8963   78

   7   rms: 0.1225E-03   max: 0.8109E-03   D at   79  2
       a = -1.000      CL =  0.2719
      Cm = -0.0843     CD =  0.01040   =>   CDf =  0.00496    CDp =  0.00544

 Side 1  free  transition at x/c =  0.8293   70
 Side 2  free  transition at x/c =  0.8963   78

   8   rms: 0.8538E-06   max: -.6897E-05   D at   79  2
       a = -1.000      CL =  0.2719
      Cm = -0.0843     CD =  0.01040   =>   CDf =  0.00496    CDp =  0.00544
      9.000    6.5558   0.010401   0.003339   0.004980   0.001641    0.8293     #

 Point added to stored polar  1
 Point written to save file  clarky_re200000_clean.polar                     
 Dump file unspecified or not available
 Calculating wake trajectory ...
 Calculating source influence matrix ...

 Solving BL system ...

 Side 1  free  transition at x/c =  0.8293   70
 Side 2  free  transition at x/c =  0.8963   78

   1   rms: 0.7179E-01   max: -.4450E+00   C at   78  2
       a = -0.750      CL =  0.3092
      Cm = -0.0849     CD =  0.01027   =>   CDf =  0.00493    CDp =  0.00534

 Side 1  free  transition at x/c =  0.8211   71
 Side 2  free  transition at x/c =  0.9960   83

   2   rms: 0.4854E-01   max: 0.7131E+00   C at   83  2
       a = -0.750      CL =  0.3373
      Cm = -0.0911     CD =  0.01011   =>   CDf =  0.00507    CDp =  0.00504

 Side 1  free  transition at x/c =  0.8230   71
 Side 2  free  transition at x/c =  0.9830   82

   3   rms: 0.4844E-02   max: 0.4589E-01   D at   80  2
       a = -0.750      CL =  0.3370
      Cm = -0.0910     CD =  0.01026   =>   CDf =  0.00507    CDp =  0.00519

 Side 1  free  transition at x/c =  0.8230   71
 Side 2  free  transition at x/c =  0.9763   82

   4   rms: 0.1585E-02   max: -.1705E-01   D at   83  2
       a = -0.750      CL =  0.3360
      Cm = -0.0908     CD =  0.01028   =>   CDf =  0.00507    CDp =  0.00521

 Side 1  free  transition at x/c =  0.8230   71
 Side 2  free  transition at x/c =  0.9769   82

   5   rms: 0.2787E-04   max: 0.2565E-03   D at   83  2
       a = -0.750      CL =  0.3360
      Cm = -0.0908     CD =  0.01028   =>   CDf =  0.00507    CDp =  0.00521
      9.000    6.2779   0.010275   0.003409   0.004899   0.001490    0.8230     #

 Point added to stored polar  1
 Point written to save file  clarky_re200000_clean.polar                     
 Dump file unspecified or not available
 Calculating wake trajectory ...
 Calculating source influence matrix ...

 Solving BL system ...

 Side 1  free  transition at x/c =  0.8230   71
 Side 2  free  transition at x/c =  0.9769   82

   1   rms: 0.8338E-01   max: 0.2811E+00   D at   83  2
       a = -0.500      CL =  0.4048
      Cm = -0.0987     CD =  0.01011   =>   CDf =  0.00505    CDp =  0.00506

 Side 1  free  transition at x/c =  0.8178   71
 Side 2 forced transition at x/c =  1.0000   82

   2   rms: 0.1479E-01   max: -.1155E+00   C at   82  2
       a = -0.500      CL =  0.3937
      Cm = -0.0968     CD =  0.01018   =>   CDf =  0.00524    CDp =  0.00494

 Side 1  free  transition at x/c =  0.8157   71
 Side 2 forced transition at x/c =  1.0000   82

   3   rms: 0.5853E-03   max: -.4387E-02   D at   72  1
       a = -0.500      CL =  0.3938
      Cm = -0.0968     CD =  0.01017   =>   CDf =  0.00522    CDp =  0.00495

 Side 1  free  transition at x/c =  0.8159   71
 Side 2 forced transition at x/c =  1.0000   82

   4   rms: 0.3871E-05   max: -.2676E-04   D at   84  2
       a = -0.500      CL =  0.3938
      Cm = -0.0968     CD =  0.01017   =>   CDf =  0.00522    CDp =  0.00495
      9.000    6.1393   0.010172   0.003467   0.004875   0.001407    0.8159     #

 Point added to stored polar  1
 Point written to save file  clarky_re200000_clean.polar                     
 Dump file unspecified or not available
 Calculating wake trajectory ...
 Calculating source influence matrix ...

 Solving BL system ...

 Side 1  free  transition at x/c =  0.8159   71
 Side 2 forced transition at x/c =  1.0000   82

   1   rms: 0.4223E-01   max: -.1048E+00   n at   81  2
       a = -0.250      CL =  0.4149
      Cm = -0.0956     CD =  0.01025   =>   CDf =  0.00523    CDp =  0.00502

 Side 1  free  transition at x/c =  0.8020   71
 Side 2 forced transition at x/c =  1.0000   82

   2   rms: 0.1191E-01   max: -.1237E+00   D at   72  1
       a = -0.250      CL =  0.4179
      Cm = -0.0960     CD =  0.01014   =>   CDf =  0.00538    CDp =  0.00476

 Side 1  free  transition at x/c =  0.8054   71
 Side 2 forced transition at x/c =  1.0000   82

   3   rms: 0.6551E-03   max: -.7417E-02   D at   74  1
       a = -0.250      CL =  0.4176
      Cm = -0.0959     CD =  0.01016   =>   CDf =  0.00534    CDp =  0.00482

 Side 1  free  transition at x/c =  0.8052   71
 Side 2 forced transition at x/c =  1.0000   82

   4   rms: 0.7004E-05   max: -.6767E-04   D at   71  1
       a = -0.250      CL =  0.4176
      Cm = -0.0959     CD =  0.01016   =>   CDf =  0.00534    CDp =  0.00482
      9.000    6.0787   0.010161   0.003487   0.004868   0.001381    0.8052     #

 Point added to stored polar  1
 Point written to save file  clarky_re200000_clean.polar                     
 Dump file unspecified or not available
 Calculating wake trajectory ...
 Calculating source influence matrix ...

 Solving BL system ...

 Side 1  free  transition at x/c =  0.8052   71
 Side 2 forced transition at x/c =  1.0000   82

   1   rms: 0.4619E-01   max: -.1094E+00   n at   81  2
       a =  0.000      CL =  0.4434
      Cm = -0.0953     CD =  0.01011   =>   CDf =  0.00532    CDp =  0.00479

 Side 1  free  transition at x/c =  0.7967   71
 Side 2 forced transition at x/c =  1.0000   81

   2   rms: 0.4101E-02   max: -.4526E-01   C at   71  1
       a =  0.000      CL =  0.4420
      Cm = -0.0951     CD =  0.01017   =>   CDf =  0.00548    CDp =  0.00469

 Side 1  free  transition at x/c =  0.7952   71
 Side 2 forced transition at x/c =  1.0000   81

   3   rms: 0.5176E-03   max: 0.5543E-02   D at    4  1
       a =  0.000      CL =  0.4422
      Cm = -0.0951     CD =  0.01016   =>   CDf =  0.00546    CDp =  0.00470

 Side 1  free  transition at x/c =  0.7953   71
 Side 2 forced transition at x/c =  1.0000   81

   4   rms: 0.2323E-05   max: -.8945E-05   D at   81  1
       a =  0.000      CL =  0.4422
      Cm = -0.0951     CD =  0.01016   =>   CDf =  0.00546    CDp =  0.00470
      9.000    6.0296   0.010164   0.003506   0.004860   0.001353    0.7953     #

 Point added to stored polar  1
 Point written to save file  clarky_re200000_clean.polar                     
 Dump file unspecified or not available
 Calculating wake trajectory ...
 Calculating source influence matrix ...

 Solving BL system ...

 Side 1  free  transition at x/c =  0.7953   71
 Side 2 forced transition at x/c =  1.0000   81

   1   rms: 0.4248E-01   max: -.9934E-01   n at   80  2
       a =  0.250      CL =  0.4644
      Cm = -0.0940     CD =  0.01022   =>   CDf =  0.00546    CDp =  0.00476

 Side 1  free  transition at x/c =  0.7821   71
 Side 2 forced transition at x/c =  1.0000   81

   2   rms: 0.1071E-01   max: -.1014E+00   D at   71  1
       a =  0.250      CL =  0.4671
      Cm = -0.0944     CD =  0.01014   =>   CDf =  0.00562    CDp =  0.00452

 Side 1  free  transition at x/c =  0.7850   71
 Side 2 forced transition at x/c =  1.0000   81

   3   rms: 0.7286E-03   max: -.8431E-02   D at   74  1
       a =  0.250      CL =  0.4668
      Cm = -0.0943     CD =  0.01016   =>   CDf =  0.00557    CDp =  0.00459

 Side 1  free  transition at x/c =  0.7848   71
 Side 2 forced transition at x/c =  1.0000   81

   4   rms: 0.6693E-05   max: -.6966E-04   D at   71  1
       a =  0.250      CL =  0.4668
      Cm = -0.0943     CD =  0.01016   =>   CDf =  0.00557    CDp =  0.00459
      9.000    5.9358   0.010161   0.003529   0.004821   0.001292    0.7848     #

 Point added to stored polar  1
 Point written to save file  clarky_re200000_clean.polar                     
 Dump file unspecified or not available
 Calculating wake trajectory ...
 Calculating source influence matrix ...

 Solving BL system ...

 Side 1  free  transition at x/c =  0.7848   71
 Side 2 forced transition at x/c =  1.0000   81

   1   rms: 0.4375E-01   max: -.6870E-01   n at   80  2
       a =  0.500      CL =  0.4933
      Cm = -0.0938     CD =  0.01014   =>   CDf =  0.00558    CDp =  0.00457

 Side 1  free  transition at x/c =  0.7769   70
 Side 2 forced transition at x/c =  1.0000   81

   2   rms: 0.5821E-02   max: 0.7554E-01   D at   71  1
       a =  0.500      CL =  0.4907
      Cm = -0.0934     CD =  0.01022   =>   CDf =  0.00568    CDp =  0.00453

 Side 1  free  transition at x/c =  0.7739   70
 Side 2 forced transition at x/c =  1.0000   81

   3   rms: 0.8023E-03   max: -.7140E-02   D at   71  1
       a =  0.500      CL =  0.4911
      Cm = -0.0935     CD =  0.01020   =>   CDf =  0.00567    CDp =  0.00453

 Side 1  free  transition at x/c =  0.7742   70
 Side 2 forced transition at x/c =  1.0000   81

   4   rms: 0.4307E-05   max: -.3350E-04   D at   73  1
       a =  0.500      CL =  0.4911
      Cm = -0.0935     CD =  0.01020   =>   CDf =  0.00567    CDp =  0.00454
      9.000    5.9035   0.010203   0.003547   0.004838   0.001291    0.7742     #

 Point added to stored polar  1
 Point written to save file  clarky_re200000_clean.polar                     
 Dump file unspecified or not available
 Calculating wake trajectory ...
 Calculating source influence matrix ...

 Solving BL system ...

 Side 1  free  transition at x/c =  0.7742   70
 Side 2 forced transition at x/c =  1.0000   81

   1   rms: 0.4015E-01   max: -.6322E-01   C at   81  2
       a =  0.750      CL =  0.5147
      Cm = -0.0926     CD =  0.01026   =>   CDf =  0.00563    CDp =  0.00463

 Side 1  free  transition at x/c =  0.7623   70
 Side 2 forced transition at x/c =  1.0000   80

   2   rms: 0.1086E-01   max: -.1256E+00   D at   71  1
       a =  0.750      CL =  0.5187
      Cm = -0.0931     CD =  0.01019   =>   CDf =  0.00582    CDp =  0.00437

 Side 1  free  transition at x/c =  0.7667   71
 Side 2 forced transition at x/c =  1.0000   80

   3   rms: 0.7187E-02   max: 0.9851E-01   D at   71  1
       a =  0.750      CL =  0.5168
      Cm = -0.0928     CD =  0.01021   =>   CDf =  0.00575    CDp =  0.00446

 Side 1  free  transition at x/c =  0.7646   71
 Side 2 forced transition at x/c =  1.0000   80

   4   rms: 0.6039E-03   max: -.4991E-02   D at   74  1
       a =  0.750      CL =  0.5166
      Cm = -0.0928     CD =  0.01022   =>   CDf =  0.00577    CDp =  0.00445

 Side 1  free  transition at x/c =  0.7644   71
 Side 2 forced transition at x/c =  1.0000   80

   5   rms: 0.4946E-05   max: -.5941E-04   D at   74  1
       a =  0.750      CL =  0.5166
      Cm = -0.0928     CD =  0.01022   =>   CDf =  0.00578    CDp =  0.00444
      9.000    5.8033   0.010221   0.003570   0.004788   0.001217    0.7644     #

 Point added to stored polar  1
 Point written to save file  clarky_re200000_clean.polar                     
 Dump file unspecified or not available
 Calculating wake trajectory ...
 Calculating source influence matrix ...

 Solving BL system ...

 Side 1  free  transition at x/c =  0.7644   71
 Side 2 forced transition at x/c =  1.0000   80

   1   rms: 0.4343E-01   max: -.4446E-01   n at   79  2
       a =  1.000      CL =  0.5440
      Cm = -0.0924     CD =  0.01024   =>   CDf =  0.00578    CDp =  0.00446

 Side 1  free  transition at x/c =  0.7565   70
 Side 2 forced transition at x/c =  1.0000   80

   2   rms: 0.7187E-02   max: 0.8744E-01   D at   71  1
       a =  1.000      CL =  0.5400
      Cm = -0.0918     CD =  0.01031   =>   CDf =  0.00585    CDp =  0.00445

 Side 1  free  transition at x/c =  0.7525   70
 Side 2 forced transition at x/c =  1.0000   80

   3   rms: 0.1389E-02   max: -.1275E-01   D at   71  1
       a =  1.000      CL =  0.5406
      Cm = -0.0919     CD =  0.01029   =>   CDf =  0.00585    CDp =  0.00444

 Side 1  free  transition at x/c =  0.7531   70
 Side 2 forced transition at x/c =  1.0000   80

   4   rms: 0.1020E-04   max: -.1273E-03   D at   73  1
       a =  1.000      CL =  0.5406
      Cm = -0.0919     CD =  0.01029   =>   CDf =  0.00584    CDp =  0.00445
      9.000    5.7795   0.010289   0.003588   0.004819   0.001230    0.7531     #

 Point added to stored polar  1
 Point written to save file  clarky_re200000_clean.polar                     
 Dump file unspecified or not available
 Calculating wake trajectory ...
 Calculating source influence matrix ...

 Solving BL system ...

 Side 1  free  transition at x/c =  0.7531   70
 Side 2 forced transition at x/c =  1.0000   80

   1   rms: 0.4044E-01   max: -.5952E-01   C at   80  2
       a =  1.250      CL =  0.5650
      Cm = -0.0911     CD =  0.01034   =>   CDf =  0.00585    CDp =  0.00449

 Side 1  free  transition at x/c =  0.7414   69
 Side 2 forced transition at x/c =  1.0000   80

   2   rms: 0.7039E-02   max: -.8267E-01   D at   70  1
       a =  1.250      CL =  0.5670
      Cm = -0.0913     CD =  0.01032   =>   CDf =  0.00599    CDp =  0.00433

 Side 1  free  transition at x/c =  0.7432   69
 Side 2 forced transition at x/c =  1.0000   80

   3   rms: 0.3851E-02   max: -.4898E-01   C at   69  1
       a =  1.250      CL =  0.5670
      Cm = -0.0913     CD =  0.01032   =>   CDf =  0.00601    CDp =  0.00431

 Side 1  free  transition at x/c =  0.7432   69
 Side 2 forced transition at x/c =  1.0000   80

   4   rms: 0.3843E-02   max: -.4893E-01   C at   69  1
       a =  1.250      CL =  0.5670
      Cm = -0.0913     CD =  0.01032   =>   CDf =  0.00601    CDp =  0.00431

 Side 1  free  transition at x/c =  0.7432   69
 Side 2 forced transition at x/c =  1.0000   80

   5   rms: 0.3851E-02   max: -.4894E-01   C at   69  1
       a =  1.250      CL =  0.5670
      Cm = -0.0913     CD =  0.01032   =>   CDf =  0.00601    CDp =  0.00431

 Side 1  free  transition at x/c =  0.7432   69
 Side 2 forced transition at x/c =  1.0000   80

   6   rms: 0.3850E-02   max: -.4894E-01   C at   69  1
       a =  1.250      CL =  0.5670
      Cm = -0.0913     CD =  0.01032   =>   CDf =  0.00601    CDp =  0.00431

 Side 1  free  transition at x/c =  0.7432   69
 Side 2 forced transition at x/c =  1.0000   80

   7   rms: 0.3850E-02   max: -.4894E-01   C at   69  1
       a =  1.250      CL =  0.5670
      Cm = -0.0913     CD =  0.01032   =>   CDf =  0.00601    CDp =  0.00431

 Side 1  free  transition at x/c =  0.7432   69
 Side 2 forced transition at x/c =  1.0000   80

   8   rms: 0.3850E-02   max: -.4894E-01   C at   69  1
       a =  1.250      CL =  0.5670
      Cm = -0.0913     CD =  0.01032   =>   CDf =  0.00601    CDp =  0.00431

 Side 1  free  transition at x/c =  0.7432   69
 Side 2 forced transition at x/c =  1.0000   80

   9   rms: 0.3850E-02   max: -.4894E-01   C at   69  1
       a =  1.250      CL =  0.5670
      Cm = -0.0913     CD =  0.01032   =>   CDf =  0.00601    CDp =  0.00431

 Side 1  free  transition at x/c =  0.7432   69
 Side 2 forced transition at x/c =  1.0000   80

  10   rms: 0.3850E-02   max: -.4894E-01   C at   69  1
       a =  1.250      CL =  0.5670
      Cm = -0.0913     CD =  0.01032   =>   CDf =  0.00601    CDp =  0.00431

 Side 1  free  transition at x/c =  0.7432   69
 Side 2 forced transition at x/c =  1.0000   80

  11   rms: 0.3850E-02   max: -.4894E-01   C at   69  1
       a =  1.250      CL =  0.5670
      Cm = -0.0913     CD =  0.01032   =>   CDf =  0.00601    CDp =  0.00431

 Side 1  free  transition at x/c =  0.7432   69
 Side 2 forced transition at x/c =  1.0000   80

  12   rms: 0.3850E-02   max: -.4894E-01   C at   69  1
       a =  1.250      CL =  0.5670
      Cm = -0.0913     CD =  0.01032   =>   CDf =  0.00601    CDp =  0.00431

 Side 1  free  transition at x/c =  0.7432   69
 Side 2 forced transition at x/c =  1.0000   80

  13   rms: 0.3850E-02   max: -.4894E-01   C at   69  1
       a =  1.250      CL =  0.5670
      Cm = -0.0913     CD =  0.01032   =>   CDf =  0.00601    CDp =  0.00431

 Side 1  free  transition at x/c =  0.7432   69
 Side 2 forced transition at x/c =  1.0000   80

  14   rms: 0.3850E-02   max: -.4894E-01   C at   69  1
       a =  1.250      CL =  0.5670
      Cm = -0.0913     CD =  0.01032   =>   CDf =  0.00601    CDp =  0.00431

 Side 1  free  transition at x/c =  0.7432   69
 Side 2 forced transition at x/c =  1.0000   80

  15   rms: 0.3850E-02   max: -.4894E-01   C at   69  1
       a =  1.250      CL =  0.5670
      Cm = -0.0913     CD =  0.01032   =>   CDf =  0.00601    CDp =  0.00431

 Side 1  free  transition at x/c =  0.7432   69
 Side 2 forced transition at x/c =  1.0000   80

  16   rms: 0.3850E-02   max: -.4894E-01   C at   69  1
       a =  1.250      CL =  0.5670
      Cm = -0.0913     CD =  0.01032   =>   CDf =  0.00601    CDp =  0.00431

 Side 1  free  transition at x/c =  0.7432   69
 Side 2 forced transition at x/c =  1.0000   80

  17   rms: 0.3850E-02   max: -.4894E-01   C at   69  1
       a =  1.250      CL =  0.5670
      Cm = -0.0913     CD =  0.01032   =>   CDf =  0.00601    CDp =  0.00431

 Side 1  free  transition at x/c =  0.7432   69
 Side 2 forced transition at x/c =  1.0000   80

  18   rms: 0.3850E-02   max: -.4894E-01   C at   69  1
       a =  1.250      CL =  0.5670
      Cm = -0.0913     CD =  0.01032   =>   CDf =  0.00601    CDp =  0.00431

 Side 1  free  transition at x/c =  0.7432   69
 Side 2 forced transition at x/c =  1.0000   80

  19   rms: 0.3850E-02   max: -.4894E-01   C at   69  1
       a =  1.250      CL =  0.5670
      Cm = -0.0913     CD =  0.01032   =>   CDf =  0.00601    CDp =  0.00431

 Side 1  free  transition at x/c =  0.7432   69
 Side 2 forced transition at x/c =  1.0000   80

  20   rms: 0.3850E-02   max: -.4894E-01   C at   69  1
       a =  1.250      CL =  0.5670
      Cm = -0.0913     CD =  0.01032   =>   CDf =  0.00601    CDp =  0.00431

 Side 1  free  transition at x/c =  0.7432   69
 Side 2 forced transition at x/c =  1.0000   80

  21   rms: 0.3850E-02   max: -.4894E-01   C at   69  1
       a =  1.250      CL =  0.5670
      Cm = -0.0913     CD =  0.01032   =>   CDf =  0.00601    CDp =  0.00431

 Side 1  free  transition at x/c =  0.7432   69
 Side 2 forced transition at x/c =  1.0000   80

  22   rms: 0.3850E-02   max: -.4894E-01   C at   69  1
       a =  1.250      CL =  0.5670
      Cm = -0.0913     CD =  0.01032   =>   CDf =  0.00601    CDp =  0.00431

 Side 1  free  transition at x/c =  0.7432   69
 Side 2 forced transition at x/c =  1.0000   80

  23   rms: 0.3850E-02   max: -.4894E-01   C at   69  1
       a =  1.250      CL =  0.5670
      Cm = -0.0913     CD =  0.01032   =>   CDf =  0.00601    CDp =  0.00431

 Side 1  free  transition at x/c =  0.7432   69
 Side 2 forced transition at x/c =  1.0000   80

  24   rms: 0.3850E-02   max: -.4894E-01   C at   69  1
       a =  1.250      CL =  0.5670
      Cm = -0.0913     CD =  0.01032   =>   CDf =  0.00601    CDp =  0.00431

 Side 1  free  transition at x/c =  0.7432   69
 Side 2 forced transition at x/c =  1.0000   80

  25   rms: 0.3850E-02   max: -.4894E-01   C at   69  1
       a =  1.250      CL =  0.5670
      Cm = -0.0913     CD =  0.01032   =>   CDf =  0.00601    CDp =  0.00431

 Side 1  free  transition at x/c =  0.7432   69
 Side 2 forced transition at x/c =  1.0000   80

  26   rms: 0.3850E-02   max: -.4894E-01   C at   69  1
       a =  1.250      CL =  0.5670
      Cm = -0.0913     CD =  0.01032   =>   CDf =  0.00601    CDp =  0.00431

 Side 1  free  transition at x/c =  0.7432   69
 Side 2 forced transition at x/c =  1.0000   80

  27   rms: 0.3850E-02   max: -.4894E-01   C at   69  1
       a =  1.250      CL =  0.5670
      Cm = -0.0913     CD =  0.01032   =>   CDf =  0.00601    CDp =  0.00431

 Side 1  free  transition at x/c =  0.7432   69
 Side 2 forced transition at x/c =  1.0000   80

  28   rms: 0.3850E-02   max: -.4894E-01   C at   69  1
       a =  1.250      CL =  0.5670
      Cm = -0.0913     CD =  0.01032   =>   CDf =  0.00601    CDp =  0.00431

 Side 1  free  transition at x/c =  0.7432   69
 Side 2 forced transition at x/c =  1.0000   80

  29   rms: 0.3850E-02   max: -.4894E-01   C at   69  1
       a =  1.250      CL =  0.5670
      Cm = -0.0913     CD =  0.01032   =>   CDf =  0.00601    CDp =  0.00431

 Side 1  free  transition at x/c =  0.7432   69
 Side 2 forced transition at x/c =  1.0000   80

  30   rms: 0.3850E-02   max: -.4894E-01   C at   69  1
       a =  1.250      CL =  0.5670
      Cm = -0.0913     CD =  0.01032   =>   CDf =  0.00601    CDp =  0.00431

 Side 1  free  transition at x/c =  0.7432   69
 Side 2 forced transition at x/c =  1.0000   80

  31   rms: 0.3850E-02   max: -.4894E-01   C at   69  1
       a =  1.250      CL =  0.5670
      Cm = -0.0913     CD =  0.01032   =>   CDf =  0.00601    CDp =  0.00431

 Side 1  free  transition at x/c =  0.7432   69
 Side 2 forced transition at x/c =  1.0000   80

  32   rms: 0.3850E-02   max: -.4894E-01   C at   69  1
       a =  1.250      CL =  0.5670
      Cm = -0.0913     CD =  0.01032   =>   CDf =  0.00601    CDp =  0.00431

 Side 1  free  transition at x/c =  0.7432   69
 Side 2 forced transition at x/c =  1.0000   80

  33   rms: 0.3850E-02   max: -.4894E-01   C at   69  1
       a =  1.250      CL =  0.5670
      Cm = -0.0913     CD =  0.01032   =>   CDf =  0.00601    CDp =  0.00431

 Side 1  free  transition at x/c =  0.7432   69
 Side 2 forced transition at x/c =  1.0000   80

  34   rms: 0.3850E-02   max: -.4894E-01   C at   69  1
       a =  1.250      CL =  0.5670
      Cm = -0.0913     CD =  0.01032   =>   CDf =  0.00601    CDp =  0.00431

 Side 1  free  transition at x/c =  0.7432   69
 Side 2 forced transition at x/c =  1.0000   80

  35   rms: 0.3850E-02   max: -.4894E-01   C at   69  1
       a =  1.250      CL =  0.5670
      Cm = -0.0913     CD =  0.01032   =>   CDf =  0.00601    CDp =  0.00431

 Side 1  free  transition at x/c =  0.7432   69
 Side 2 forced transition at x/c =  1.0000   80

  36   rms: 0.3850E-02   max: -.4894E-01   C at   69  1
       a =  1.250      CL =  0.5670
      Cm = -0.0913     CD =  0.01032   =>   CDf =  0.00601    CDp =  0.00431

 Side 1  free  transition at x/c =  0.7432   69
 Side 2 forced transition at x/c =  1.0000   80

  37   rms: 0.3850E-02   max: -.4894E-01   C at   69  1
       a =  1.250      CL =  0.5670
      Cm = -0.0913     CD =  0.01032   =>   CDf =  0.00601    CDp =  0.00431

 Side 1  free  transition at x/c =  0.7432   69
 Side 2 forced transition at x/c =  1.0000   80

  38   rms: 0.3850E-02   max: -.4894E-01   C at   69  1
       a =  1.250      CL =  0.5670
      Cm = -0.0913     CD =  0.01032   =>   CDf =  0.00601    CDp =  0.00431

 Side 1  free  transition at x/c =  0.7432   69
 Side 2 forced transition at x/c =  1.0000   80

  39   rms: 0.3850E-02   max: -.4894E-01   C at   69  1
       a =  1.250      CL =  0.5670
      Cm = -0.0913     CD =  0.01032   =>   CDf =  0.00601    CDp =  0.00431

 Side 1  free  transition at x/c =  0.7432   69
 Side 2 forced transition at x/c =  1.0000   80

  40   rms: 0.3850E-02   max: -.4894E-01   C at   69  1
       a =  1.250      CL =  0.5670
      Cm = -0.0913     CD =  0.01032   =>   CDf =  0.00601    CDp =  0.00431

 Side 1  free  transition at x/c =  0.7432   69
 Side 2 forced transition at x/c =  1.0000   80

  41   rms: 0.3850E-02   max: -.4894E-01   C at   69  1
       a =  1.250      CL =  0.5670
      Cm = -0.0913     CD =  0.01032   =>   CDf =  0.00601    CDp =  0.00431

 Side 1  free  transition at x/c =  0.7432   69
 Side 2 forced transition at x/c =  1.0000   80

  42   rms: 0.3850E-02   max: -.4894E-01   C at   69  1
       a =  1.250      CL =  0.5670
      Cm = -0.0913     CD =  0.01032   =>   CDf =  0.00601    CDp =  0.00431

 Side 1  free  transition at x/c =  0.7432   69
 Side 2 forced transition at x/c =  1.0000   80

  43   rms: 0.3850E-02   max: -.4894E-01   C at   69  1
       a =  1.250      CL =  0.5670
      Cm = -0.0913     CD =  0.01032   =>   CDf =  0.00601    CDp =  0.00431

 Side 1  free  transition at x/c =  0.7432   69
 Side 2 forced transition at x/c =  1.0000   80

  44   rms: 0.3850E-02   max: -.4894E-01   C at   69  1
       a =  1.250      CL =  0.5670
      Cm = -0.0913     CD =  0.01032   =>   CDf =  0.00601    CDp =  0.00431

 Side 1  free  transition at x/c =  0.7432   69
 Side 2 forced transition at x/c =  1.0000   80

  45   rms: 0.3850E-02   max: -.4894E-01   C at   69  1
       a =  1.250      CL =  0.5670
      Cm = -0.0913     CD =  0.01032   =>   CDf =  0.00601    CDp =  0.00431

 Side 1  free  transition at x/c =  0.7432   69
 Side 2 forced transition at x/c =  1.0000   80

  46   rms: 0.3850E-02   max: -.4894E-01   C at   69  1
       a =  1.250      CL =  0.5670
      Cm = -0.0913     CD =  0.01032   =>   CDf =  0.00601    CDp =  0.00431

 Side 1  free  transition at x/c =  0.7432   69
 Side 2 forced transition at x/c =  1.0000   80

  47   rms: 0.3850E-02   max: -.4894E-01   C at   69  1
       a =  1.250      CL =  0.5670
      Cm = -0.0913     CD =  0.01032   =>   CDf =  0.00601    CDp =  0.00431

 Side 1  free  transition at x/c =  0.7432   69
 Side 2 forced transition at x/c =  1.0000   80

  48   rms: 0.3850E-02   max: -.4894E-01   C at   69  1
       a =  1.250      CL =  0.5670
      Cm = -0.0913     CD =  0.01032   =>   CDf =  0.00601    CDp =  0.00431

 Side 1  free  transition at x/c =  0.7432   69
 Side 2 forced transition at x/c =  1.0000   80

  49   rms: 0.3850E-02   max: -.4894E-01   C at   69  1
       a =  1.250      CL =  0.5670
      Cm = -0.0913     CD =  0.01032   =>   CDf =  0.00601    CDp =  0.00431

 Side 1  free  transition at x/c =  0.7432   69
 Side 2 forced transition at x/c =  1.0000   80

  50   rms: 0.3850E-02   max: -.4894E-01   C at   69  1
       a =  1.250      CL =  0.5670
      Cm = -0.0913     CD =  0.01032   =>   CDf =  0.00601    CDp =  0.00431

 Side 1  free  transition at x/c =  0.7432   69
 Side 2 forced transition at x/c =  1.0000   80

  51   rms: 0.3850E-02   max: -.4894E-01   C at   69  1
       a =  1.250      CL =  0.5670
      Cm = -0.0913     CD =  0.01032   =>   CDf =  0.00601    CDp =  0.00431

 Side 1  free  transition at x/c =  0.7432   69
 Side 2 forced transition at x/c =  1.0000   80

  52   rms: 0.3850E-02   max: -.4894E-01   C at   69  1
       a =  1.250      CL =  0.5670
      Cm = -0.0913     CD =  0.01032   =>   CDf =  0.00601    CDp =  0.00431

 Side 1  free  transition at x/c =  0.7432   69
 Side 2 forced transition at x/c =  1.0000   80

  53   rms: 0.3850E-02   max: -.4894E-01   C at   69  1
       a =  1.250      CL =  0.5670
      Cm = -0.0913     CD =  0.01032   =>   CDf =  0.00601    CDp =  0.00431

 Side 1  free  transition at x/c =  0.7432   69
 Side 2 forced transition at x/c =  1.0000   80

  54   rms: 0.3850E-02   max: -.4894E-01   C at   69  1
       a =  1.250      CL =  0.5670
      Cm = -0.0913     CD =  0.01032   =>   CDf =  0.00601    CDp =  0.00431

 Side 1  free  transition at x/c =  0.7432   69
 Side 2 forced transition at x/c =  1.0000   80

  55   rms: 0.3850E-02   max: -.4894E-01   C at   69  1
       a =  1.250      CL =  0.5670
      Cm = -0.0913     CD =  0.01032   =>   CDf =  0.00601    CDp =  0.00431

 Side 1  free  transition at x/c =  0.7432   69
 Side 2 forced transition at x/c =  1.0000   80

  56   rms: 0.3850E-02   max: -.4894E-01   C at   69  1
       a =  1.250      CL =  0.5670
      Cm = -0.0913     CD =  0.01032   =>   CDf =  0.00601    CDp =  0.00431

 Side 1  free  transition at x/c =  0.7432   69
 Side 2 forced transition at x/c =  1.0000   80

  57   rms: 0.3850E-02   max: -.4894E-01   C at   69  1
       a =  1.250      CL =  0.5670
      Cm = -0.0913     CD =  0.01032   =>   CDf =  0.00601    CDp =  0.00431

 Side 1  free  transition at x/c =  0.7432   69
 Side 2 forced transition at x/c =  1.0000   80

  58   rms: 0.3850E-02   max: -.4894E-01   C at   69  1
       a =  1.250      CL =  0.5670
      Cm = -0.0913     CD =  0.01032   =>   CDf =  0.00601    CDp =  0.00431

 Side 1  free  transition at x/c =  0.7432   69
 Side 2 forced transition at x/c =  1.0000   80

  59   rms: 0.3850E-02   max: -.4894E-01   C at   69  1
       a =  1.250      CL =  0.5670
      Cm = -0.0913     CD =  0.01032   =>   CDf =  0.00601    CDp =  0.00431

 Side 1  free  transition at x/c =  0.7432   69
 Side 2 forced transition at x/c =  1.0000   80

  60   rms: 0.3850E-02   max: -.4894E-01   C at   69  1
       a =  1.250      CL =  0.5670
      Cm = -0.0913     CD =  0.01032   =>   CDf =  0.00601    CDp =  0.00431

 Side 1  free  transition at x/c =  0.7432   69
 Side 2 forced transition at x/c =  1.0000   80

  61   rms: 0.3850E-02   max: -.4894E-01   C at   69  1
       a =  1.250      CL =  0.5670
      Cm = -0.0913     CD =  0.01032   =>   CDf =  0.00601    CDp =  0.00431

 Side 1  free  transition at x/c =  0.7432   69
 Side 2 forced transition at x/c =  1.0000   80

  62   rms: 0.3850E-02   max: -.4894E-01   C at   69  1
       a =  1.250      CL =  0.5670
      Cm = -0.0913     CD =  0.01032   =>   CDf =  0.00601    CDp =  0.00431

 Side 1  free  transition at x/c =  0.7432   69
 Side 2 forced transition at x/c =  1.0000   80

  63   rms: 0.3850E-02   max: -.4894E-01   C at   69  1
       a =  1.250      CL =  0.5670
      Cm = -0.0913     CD =  0.01032   =>   CDf =  0.00601    CDp =  0.00431

 Side 1  free  transition at x/c =  0.7432   69
 Side 2 forced transition at x/c =  1.0000   80

  64   rms: 0.3850E-02   max: -.4894E-01   C at   69  1
       a =  1.250      CL =  0.5670
      Cm = -0.0913     CD =  0.01032   =>   CDf =  0.00601    CDp =  0.00431

 Side 1  free  transition at x/c =  0.7432   69
 Side 2 forced transition at x/c =  1.0000   80

  65   rms: 0.3850E-02   max: -.4894E-01   C at   69  1
       a =  1.250      CL =  0.5670
      Cm = -0.0913     CD =  0.01032   =>   CDf =  0.00601    CDp =  0.00431

 Side 1  free  transition at x/c =  0.7432   69
 Side 2 forced transition at x/c =  1.0000   80

  66   rms: 0.3850E-02   max: -.4894E-01   C at   69  1
       a =  1.250      CL =  0.5670
      Cm = -0.0913     CD =  0.01032   =>   CDf =  0.00601    CDp =  0.00431

 Side 1  free  transition at x/c =  0.7432   69
 Side 2 forced transition at x/c =  1.0000   80

  67   rms: 0.3850E-02   max: -.4894E-01   C at   69  1
       a =  1.250      CL =  0.5670
      Cm = -0.0913     CD =  0.01032   =>   CDf =  0.00601    CDp =  0.00431

 Side 1  free  transition at x/c =  0.7432   69
 Side 2 forced transition at x/c =  1.0000   80

  68   rms: 0.3850E-02   max: -.4894E-01   C at   69  1
       a =  1.250      CL =  0.5670
      Cm = -0.0913     CD =  0.01032   =>   CDf =  0.00601    CDp =  0.00431

 Side 1  free  transition at x/c =  0.7432   69
 Side 2 forced transition at x/c =  1.0000   80

  69   rms: 0.3850E-02   max: -.4894E-01   C at   69  1
       a =  1.250      CL =  0.5670
      Cm = -0.0913     CD =  0.01032   =>   CDf =  0.00601    CDp =  0.00431

 Side 1  free  transition at x/c =  0.7432   69
 Side 2 forced transition at x/c =  1.0000   80

  70   rms: 0.3850E-02   max: -.4894E-01   C at   69  1
       a =  1.250      CL =  0.5670
      Cm = -0.0913     CD =  0.01032   =>   CDf =  0.00601    CDp =  0.00431

 Side 1  free  transition at x/c =  0.7432   69
 Side 2 forced transition at x/c =  1.0000   80

  71   rms: 0.3850E-02   max: -.4894E-01   C at   69  1
       a =  1.250      CL =  0.5670
      Cm = -0.0913     CD =  0.01032   =>   CDf =  0.00601    CDp =  0.00431

 Side 1  free  transition at x/c =  0.7432   69
 Side 2 forced transition at x/c =  1.0000   80

  72   rms: 0.3850E-02   max: -.4894E-01   C at   69  1
       a =  1.250      CL =  0.5670
      Cm = -0.0913     CD =  0.01032   =>   CDf =  0.00601    CDp =  0.00431

 Side 1  free  transition at x/c =  0.7432   69
 Side 2 forced transition at x/c =  1.0000   80

  73   rms: 0.3850E-02   max: -.4894E-01   C at   69  1
       a =  1.250      CL =  0.5670
      Cm = -0.0913     CD =  0.01032   =>   CDf =  0.00601    CDp =  0.00431

 Side 1  free  transition at x/c =  0.7432   69
 Side 2 forced transition at x/c =  1.0000   80

  74   rms: 0.3850E-02   max: -.4894E-01   C at   69  1
       a =  1.250      CL =  0.5670
      Cm = -0.0913     CD =  0.01032   =>   CDf =  0.00601    CDp =  0.00431

 Side 1  free  transition at x/c =  0.7432   69
 Side 2 forced transition at x/c =  1.0000   80

  75   rms: 0.3850E-02   max: -.4894E-01   C at   69  1
       a =  1.250      CL =  0.5670
      Cm = -0.0913     CD =  0.01032   =>   CDf =  0.00601    CDp =  0.00431

 Side 1  free  transition at x/c =  0.7432   69
 Side 2 forced transition at x/c =  1.0000   80

  76   rms: 0.3850E-02   max: -.4894E-01   C at   69  1
       a =  1.250      CL =  0.5670
      Cm = -0.0913     CD =  0.01032   =>   CDf =  0.00601    CDp =  0.00431

 Side 1  free  transition at x/c =  0.7432   69
 Side 2 forced transition at x/c =  1.0000   80

  77   rms: 0.3850E-02   max: -.4894E-01   C at   69  1
       a =  1.250      CL =  0.5670
      Cm = -0.0913     CD =  0.01032   =>   CDf =  0.00601    CDp =  0.00431

 Side 1  free  transition at x/c =  0.7432   69
 Side 2 forced transition at x/c =  1.0000   80

  78   rms: 0.3850E-02   max: -.4894E-01   C at   69  1
       a =  1.250      CL =  0.5670
      Cm = -0.0913     CD =  0.01032   =>   CDf =  0.00601    CDp =  0.00431

 Side 1  free  transition at x/c =  0.7432   69
 Side 2 forced transition at x/c =  1.0000   80

  79   rms: 0.3850E-02   max: -.4894E-01   C at   69  1
       a =  1.250      CL =  0.5670
      Cm = -0.0913     CD =  0.01032   =>   CDf =  0.00601    CDp =  0.00431

 Side 1  free  transition at x/c =  0.7432   69
 Side 2 forced transition at x/c =  1.0000   80

  80   rms: 0.3850E-02   max: -.4894E-01   C at   69  1
       a =  1.250      CL =  0.5670
      Cm = -0.0913     CD =  0.01032   =>   CDf =  0.00601    CDp =  0.00431

 Side 1  free  transition at x/c =  0.7432   69
 Side 2 forced transition at x/c =  1.0000   80

  81   rms: 0.3850E-02   max: -.4894E-01   C at   69  1
       a =  1.250      CL =  0.5670
      Cm = -0.0913     CD =  0.01032   =>   CDf =  0.00601    CDp =  0.00431

 Side 1  free  transition at x/c =  0.7432   69
 Side 2 forced transition at x/c =  1.0000   80

  82   rms: 0.3850E-02   max: -.4894E-01   C at   69  1
       a =  1.250      CL =  0.5670
      Cm = -0.0913     CD =  0.01032   =>   CDf =  0.00601    CDp =  0.00431

 Side 1  free  transition at x/c =  0.7432   69
 Side 2 forced transition at x/c =  1.0000   80

  83   rms: 0.3850E-02   max: -.4894E-01   C at   69  1
       a =  1.250      CL =  0.5670
      Cm = -0.0913     CD =  0.01032   =>   CDf =  0.00601    CDp =  0.00431

 Side 1  free  transition at x/c =  0.7432   69
 Side 2 forced transition at x/c =  1.0000   80

  84   rms: 0.3850E-02   max: -.4894E-01   C at   69  1
       a =  1.250      CL =  0.5670
      Cm = -0.0913     CD =  0.01032   =>   CDf =  0.00601    CDp =  0.00431

 Side 1  free  transition at x/c =  0.7432   69
 Side 2 forced transition at x/c =  1.0000   80

  85   rms: 0.3850E-02   max: -.4894E-01   C at   69  1
       a =  1.250      CL =  0.5670
      Cm = -0.0913     CD =  0.01032   =>   CDf =  0.00601    CDp =  0.00431

 Side 1  free  transition at x/c =  0.7432   69
 Side 2 forced transition at x/c =  1.0000   80

  86   rms: 0.3850E-02   max: -.4894E-01   C at   69  1
       a =  1.250      CL =  0.5670
      Cm = -0.0913     CD =  0.01032   =>   CDf =  0.00601    CDp =  0.00431

 Side 1  free  transition at x/c =  0.7432   69
 Side 2 forced transition at x/c =  1.0000   80

  87   rms: 0.3850E-02   max: -.4894E-01   C at   69  1
       a =  1.250      CL =  0.5670
      Cm = -0.0913     CD =  0.01032   =>   CDf =  0.00601    CDp =  0.00431

 Side 1  free  transition at x/c =  0.7432   69
 Side 2 forced transition at x/c =  1.0000   80

  88   rms: 0.3850E-02   max: -.4894E-01   C at   69  1
       a =  1.250      CL =  0.5670
      Cm = -0.0913     CD =  0.01032   =>   CDf =  0.00601    CDp =  0.00431

 Side 1  free  transition at x/c =  0.7432   69
 Side 2 forced transition at x/c =  1.0000   80

  89   rms: 0.3850E-02   max: -.4894E-01   C at   69  1
       a =  1.250      CL =  0.5670
      Cm = -0.0913     CD =  0.01032   =>   CDf =  0.00601    CDp =  0.00431

 Side 1  free  transition at x/c =  0.7432   69
 Side 2 forced transition at x/c =  1.0000   80

  90   rms: 0.3850E-02   max: -.4894E-01   C at   69  1
       a =  1.250      CL =  0.5670
      Cm = -0.0913     CD =  0.01032   =>   CDf =  0.00601    CDp =  0.00431

 Side 1  free  transition at x/c =  0.7432   69
 Side 2 forced transition at x/c =  1.0000   80

  91   rms: 0.3850E-02   max: -.4894E-01   C at   69  1
       a =  1.250      CL =  0.5670
      Cm = -0.0913     CD =  0.01032   =>   CDf =  0.00601    CDp =  0.00431

 Side 1  free  transition at x/c =  0.7432   69
 Side 2 forced transition at x/c =  1.0000   80

  92   rms: 0.3850E-02   max: -.4894E-01   C at   69  1
       a =  1.250      CL =  0.5670
      Cm = -0.0913     CD =  0.01032   =>   CDf =  0.00601    CDp =  0.00431

 Side 1  free  transition at x/c =  0.7432   69
 Side 2 forced transition at x/c =  1.0000   80

  93   rms: 0.3850E-02   max: -.4894E-01   C at   69  1
       a =  1.250      CL =  0.5670
      Cm = -0.0913     CD =  0.01032   =>   CDf =  0.00601    CDp =  0.00431

 Side 1  free  transition at x/c =  0.7432   69
 Side 2 forced transition at x/c =  1.0000   80

  94   rms: 0.3850E-02   max: -.4894E-01   C at   69  1
       a =  1.250      CL =  0.5670
      Cm = -0.0913     CD =  0.01032   =>   CDf =  0.00601    CDp =  0.00431

 Side 1  free  transition at x/c =  0.7432   69
 Side 2 forced transition at x/c =  1.0000   80

  95   rms: 0.3850E-02   max: -.4894E-01   C at   69  1
       a =  1.250      CL =  0.5670
      Cm = -0.0913     CD =  0.01032   =>   CDf =  0.00601    CDp =  0.00431

 Side 1  free  transition at x/c =  0.7432   69
 Side 2 forced transition at x/c =  1.0000   80

  96   rms: 0.3850E-02   max: -.4894E-01   C at   69  1
       a =  1.250      CL =  0.5670
      Cm = -0.0913     CD =  0.01032   =>   CDf =  0.00601    CDp =  0.00431

 Side 1  free  transition at x/c =  0.7432   69
 Side 2 forced transition at x/c =  1.0000   80

  97   rms: 0.3850E-02   max: -.4894E-01   C at   69  1
       a =  1.250      CL =  0.5670
      Cm = -0.0913     CD =  0.01032   =>   CDf =  0.00601    CDp =  0.00431

 Side 1  free  transition at x/c =  0.7432   69
 Side 2 forced transition at x/c =  1.0000   80

  98   rms: 0.3850E-02   max: -.4894E-01   C at   69  1
       a =  1.250      CL =  0.5670
      Cm = -0.0913     CD =  0.01032   =>   CDf =  0.00601    CDp =  0.00431

 Side 1  free  transition at x/c =  0.7432   69
 Side 2 forced transition at x/c =  1.0000   80

  99   rms: 0.3850E-02   max: -.4894E-01   C at   69  1
       a =  1.250      CL =  0.5670
      Cm = -0.0913     CD =  0.01032   =>   CDf =  0.00601    CDp =  0.00431

 Side 1  free  transition at x/c =  0.7432   69
 Side 2 forced transition at x/c =  1.0000   80

 100   rms: 0.3850E-02   max: -.4894E-01   C at   69  1
       a =  1.250      CL =  0.5670
      Cm = -0.0913     CD =  0.01032   =>   CDf =  0.00601    CDp =  0.00431

 Side 1  free  transition at x/c =  0.7432   69
 Side 2 forced transition at x/c =  1.0000   80

 101   rms: 0.3850E-02   max: -.4894E-01   C at   69  1
       a =  1.250      CL =  0.5670
      Cm = -0.0913     CD =  0.01032   =>   CDf =  0.00601    CDp =  0.00431

 Side 1  free  transition at x/c =  0.7432   69
 Side 2 forced transition at x/c =  1.0000   80

 102   rms: 0.3850E-02   max: -.4894E-01   C at   69  1
       a =  1.250      CL =  0.5670
      Cm = -0.0913     CD =  0.01032   =>   CDf =  0.00601    CDp =  0.00431

 Side 1  free  transition at x/c =  0.7432   69
 Side 2 forced transition at x/c =  1.0000   80

 103   rms: 0.3850E-02   max: -.4894E-01   C at   69  1
       a =  1.250      CL =  0.5670
      Cm = -0.0913     CD =  0.01032   =>   CDf =  0.00601    CDp =  0.00431

 Side 1  free  transition at x/c =  0.7432   69
 Side 2 forced transition at x/c =  1.0000   80

 104   rms: 0.3850E-02   max: -.4894E-01   C at   69  1
       a =  1.250      CL =  0.5670
      Cm = -0.0913     CD =  0.01032   =>   CDf =  0.00601    CDp =  0.00431

 Side 1  free  transition at x/c =  0.7432   69
 Side 2 forced transition at x/c =  1.0000   80

 105   rms: 0.3850E-02   max: -.4894E-01   C at   69  1
       a =  1.250      CL =  0.5670
      Cm = -0.0913     CD =  0.01032   =>   CDf =  0.00601    CDp =  0.00431

 Side 1  free  transition at x/c =  0.7432   69
 Side 2 forced transition at x/c =  1.0000   80

 106   rms: 0.3850E-02   max: -.4894E-01   C at   69  1
       a =  1.250      CL =  0.5670
      Cm = -0.0913     CD =  0.01032   =>   CDf =  0.00601    CDp =  0.00431

 Side 1  free  transition at x/c =  0.7432   69
 Side 2 forced transition at x/c =  1.0000   80

 107   rms: 0.3850E-02   max: -.4894E-01   C at   69  1
       a =  1.250      CL =  0.5670
      Cm = -0.0913     CD =  0.01032   =>   CDf =  0.00601    CDp =  0.00431

 Side 1  free  transition at x/c =  0.7432   69
 Side 2 forced transition at x/c =  1.0000   80

 108   rms: 0.3850E-02   max: -.4894E-01   C at   69  1
       a =  1.250      CL =  0.5670
      Cm = -0.0913     CD =  0.01032   =>   CDf =  0.00601    CDp =  0.00431

 Side 1  free  transition at x/c =  0.7432   69
 Side 2 forced transition at x/c =  1.0000   80

 109   rms: 0.3850E-02   max: -.4894E-01   C at   69  1
       a =  1.250      CL =  0.5670
      Cm = -0.0913     CD =  0.01032   =>   CDf =  0.00601    CDp =  0.00431

 Side 1  free  transition at x/c =  0.7432   69
 Side 2 forced transition at x/c =  1.0000   80

 110   rms: 0.3850E-02   max: -.4894E-01   C at   69  1
       a =  1.250      CL =  0.5670
      Cm = -0.0913     CD =  0.01032   =>   CDf =  0.00601    CDp =  0.00431

 Side 1  free  transition at x/c =  0.7432   69
 Side 2 forced transition at x/c =  1.0000   80

 111   rms: 0.3850E-02   max: -.4894E-01   C at   69  1
       a =  1.250      CL =  0.5670
      Cm = -0.0913     CD =  0.01032   =>   CDf =  0.00601    CDp =  0.00431

 Side 1  free  transition at x/c =  0.7432   69
 Side 2 forced transition at x/c =  1.0000   80

 112   rms: 0.3850E-02   max: -.4894E-01   C at   69  1
       a =  1.250      CL =  0.5670
      Cm = -0.0913     CD =  0.01032   =>   CDf =  0.00601    CDp =  0.00431

 Side 1  free  transition at x/c =  0.7432   69
 Side 2 forced transition at x/c =  1.0000   80

 113   rms: 0.3850E-02   max: -.4894E-01   C at   69  1
       a =  1.250      CL =  0.5670
      Cm = -0.0913     CD =  0.01032   =>   CDf =  0.00601    CDp =  0.00431

 Side 1  free  transition at x/c =  0.7432   69
 Side 2 forced transition at x/c =  1.0000   80

 114   rms: 0.3850E-02   max: -.4894E-01   C at   69  1
       a =  1.250      CL =  0.5670
      Cm = -0.0913     CD =  0.01032   =>   CDf =  0.00601    CDp =  0.00431

 Side 1  free  transition at x/c =  0.7432   69
 Side 2 forced transition at x/c =  1.0000   80

 115   rms: 0.3850E-02   max: -.4894E-01   C at   69  1
       a =  1.250      CL =  0.5670
      Cm = -0.0913     CD =  0.01032   =>   CDf =  0.00601    CDp =  0.00431

 Side 1  free  transition at x/c =  0.7432   69
 Side 2 forced transition at x/c =  1.0000   80

 116   rms: 0.3850E-02   max: -.4894E-01   C at   69  1
       a =  1.250      CL =  0.5670
      Cm = -0.0913     CD =  0.01032   =>   CDf =  0.00601    CDp =  0.00431

 Side 1  free  transition at x/c =  0.7432   69
 Side 2 forced transition at x/c =  1.0000   80

 117   rms: 0.3850E-02   max: -.4894E-01   C at   69  1
       a =  1.250      CL =  0.5670
      Cm = -0.0913     CD =  0.01032   =>   CDf =  0.00601    CDp =  0.00431

 Side 1  free  transition at x/c =  0.7432   69
 Side 2 forced transition at x/c =  1.0000   80

 118   rms: 0.3850E-02   max: -.4894E-01   C at   69  1
       a =  1.250      CL =  0.5670
      Cm = -0.0913     CD =  0.01032   =>   CDf =  0.00601    CDp =  0.00431

 Side 1  free  transition at x/c =  0.7432   69
 Side 2 forced transition at x/c =  1.0000   80

 119   rms: 0.3850E-02   max: -.4894E-01   C at   69  1
       a =  1.250      CL =  0.5670
      Cm = -0.0913     CD =  0.01032   =>   CDf =  0.00601    CDp =  0.00431

 Side 1  free  transition at x/c =  0.7432   69
 Side 2 forced transition at x/c =  1.0000   80

 120   rms: 0.3850E-02   max: -.4894E-01   C at   69  1
       a =  1.250      CL =  0.5670
      Cm = -0.0913     CD =  0.01032   =>   CDf =  0.00601    CDp =  0.00431

 Side 1  free  transition at x/c =  0.7432   69
 Side 2 forced transition at x/c =  1.0000   80

 121   rms: 0.3850E-02   max: -.4894E-01   C at   69  1
       a =  1.250      CL =  0.5670
      Cm = -0.0913     CD =  0.01032   =>   CDf =  0.00601    CDp =  0.00431

 Side 1  free  transition at x/c =  0.7432   69
 Side 2 forced transition at x/c =  1.0000   80

 122   rms: 0.3850E-02   max: -.4894E-01   C at   69  1
       a =  1.250      CL =  0.5670
      Cm = -0.0913     CD =  0.01032   =>   CDf =  0.00601    CDp =  0.00431

 Side 1  free  transition at x/c =  0.7432   69
 Side 2 forced transition at x/c =  1.0000   80

 123   rms: 0.3850E-02   max: -.4894E-01   C at   69  1
       a =  1.250      CL =  0.5670
      Cm = -0.0913     CD =  0.01032   =>   CDf =  0.00601    CDp =  0.00431

 Side 1  free  transition at x/c =  0.7432   69
 Side 2 forced transition at x/c =  1.0000   80

 124   rms: 0.3850E-02   max: -.4894E-01   C at   69  1
       a =  1.250      CL =  0.5670
      Cm = -0.0913     CD =  0.01032   =>   CDf =  0.00601    CDp =  0.00431

 Side 1  free  transition at x/c =  0.7432   69
 Side 2 forced transition at x/c =  1.0000   80

 125   rms: 0.3850E-02   max: -.4894E-01   C at   69  1
       a =  1.250      CL =  0.5670
      Cm = -0.0913     CD =  0.01032   =>   CDf =  0.00601    CDp =  0.00431

 Side 1  free  transition at x/c =  0.7432   69
 Side 2 forced transition at x/c =  1.0000   80

 126   rms: 0.3850E-02   max: -.4894E-01   C at   69  1
       a =  1.250      CL =  0.5670
      Cm = -0.0913     CD =  0.01032   =>   CDf =  0.00601    CDp =  0.00431

 Side 1  free  transition at x/c =  0.7432   69
 Side 2 forced transition at x/c =  1.0000   80

 127   rms: 0.3850E-02   max: -.4894E-01   C at   69  1
       a =  1.250      CL =  0.5670
      Cm = -0.0913     CD =  0.01032   =>   CDf =  0.00601    CDp =  0.00431

 Side 1  free  transition at x/c =  0.7432   69
 Side 2 forced transition at x/c =  1.0000   80

 128   rms: 0.3850E-02   max: -.4894E-01   C at   69  1
       a =  1.250      CL =  0.5670
      Cm = -0.0913     CD =  0.01032   =>   CDf =  0.00601    CDp =  0.00431

 Side 1  free  transition at x/c =  0.7432   69
 Side 2 forced transition at x/c =  1.0000   80

 129   rms: 0.3850E-02   max: -.4894E-01   C at   69  1
       a =  1.250      CL =  0.5670
      Cm = -0.0913     CD =  0.01032   =>   CDf =  0.00601    CDp =  0.00431

 Side 1  free  transition at x/c =  0.7432   69
 Side 2 forced transition at x/c =  1.0000   80

 130   rms: 0.3850E-02   max: -.4894E-01   C at   69  1
       a =  1.250      CL =  0.5670
      Cm = -0.0913     CD =  0.01032   =>   CDf =  0.00601    CDp =  0.00431

 Side 1  free  transition at x/c =  0.7432   69
 Side 2 forced transition at x/c =  1.0000   80

 131   rms: 0.3850E-02   max: -.4894E-01   C at   69  1
       a =  1.250      CL =  0.5670
      Cm = -0.0913     CD =  0.01032   =>   CDf =  0.00601    CDp =  0.00431

 Side 1  free  transition at x/c =  0.7432   69
 Side 2 forced transition at x/c =  1.0000   80

 132   rms: 0.3850E-02   max: -.4894E-01   C at   69  1
       a =  1.250      CL =  0.5670
      Cm = -0.0913     CD =  0.01032   =>   CDf =  0.00601    CDp =  0.00431

 Side 1  free  transition at x/c =  0.7432   69
 Side 2 forced transition at x/c =  1.0000   80

 133   rms: 0.3850E-02   max: -.4894E-01   C at   69  1
       a =  1.250      CL =  0.5670
      Cm = -0.0913     CD =  0.01032   =>   CDf =  0.00601    CDp =  0.00431

 Side 1  free  transition at x/c =  0.7432   69
 Side 2 forced transition at x/c =  1.0000   80

 134   rms: 0.3850E-02   max: -.4894E-01   C at   69  1
       a =  1.250      CL =  0.5670
      Cm = -0.0913     CD =  0.01032   =>   CDf =  0.00601    CDp =  0.00431

 Side 1  free  transition at x/c =  0.7432   69
 Side 2 forced transition at x/c =  1.0000   80

 135   rms: 0.3850E-02   max: -.4894E-01   C at   69  1
       a =  1.250      CL =  0.5670
      Cm = -0.0913     CD =  0.01032   =>   CDf =  0.00601    CDp =  0.00431

 Side 1  free  transition at x/c =  0.7432   69
 Side 2 forced transition at x/c =  1.0000   80

 136   rms: 0.3850E-02   max: -.4894E-01   C at   69  1
       a =  1.250      CL =  0.5670
      Cm = -0.0913     CD =  0.01032   =>   CDf =  0.00601    CDp =  0.00431

 Side 1  free  transition at x/c =  0.7432   69
 Side 2 forced transition at x/c =  1.0000   80

 137   rms: 0.3850E-02   max: -.4894E-01   C at   69  1
       a =  1.250      CL =  0.5670
      Cm = -0.0913     CD =  0.01032   =>   CDf =  0.00601    CDp =  0.00431

 Side 1  free  transition at x/c =  0.7432   69
 Side 2 forced transition at x/c =  1.0000   80

 138   rms: 0.3850E-02   max: -.4894E-01   C at   69  1
       a =  1.250      CL =  0.5670
      Cm = -0.0913     CD =  0.01032   =>   CDf =  0.00601    CDp =  0.00431

 Side 1  free  transition at x/c =  0.7432   69
 Side 2 forced transition at x/c =  1.0000   80

 139   rms: 0.3850E-02   max: -.4894E-01   C at   69  1
       a =  1.250      CL =  0.5670
      Cm = -0.0913     CD =  0.01032   =>   CDf =  0.00601    CDp =  0.00431

 Side 1  free  transition at x/c =  0.7432   69
 Side 2 forced transition at x/c =  1.0000   80

 140   rms: 0.3850E-02   max: -.4894E-01   C at   69  1
       a =  1.250      CL =  0.5670
      Cm = -0.0913     CD =  0.01032   =>   CDf =  0.00601    CDp =  0.00431

 Side 1  free  transition at x/c =  0.7432   69
 Side 2 forced transition at x/c =  1.0000   80

 141   rms: 0.3850E-02   max: -.4894E-01   C at   69  1
       a =  1.250      CL =  0.5670
      Cm = -0.0913     CD =  0.01032   =>   CDf =  0.00601    CDp =  0.00431

 Side 1  free  transition at x/c =  0.7432   69
 Side 2 forced transition at x/c =  1.0000   80

 142   rms: 0.3850E-02   max: -.4894E-01   C at   69  1
       a =  1.250      CL =  0.5670
      Cm = -0.0913     CD =  0.01032   =>   CDf =  0.00601    CDp =  0.00431

 Side 1  free  transition at x/c =  0.7432   69
 Side 2 forced transition at x/c =  1.0000   80

 143   rms: 0.3850E-02   max: -.4894E-01   C at   69  1
       a =  1.250      CL =  0.5670
      Cm = -0.0913     CD =  0.01032   =>   CDf =  0.00601    CDp =  0.00431

 Side 1  free  transition at x/c =  0.7432   69
 Side 2 forced transition at x/c =  1.0000   80

 144   rms: 0.3850E-02   max: -.4894E-01   C at   69  1
       a =  1.250      CL =  0.5670
      Cm = -0.0913     CD =  0.01032   =>   CDf =  0.00601    CDp =  0.00431

 Side 1  free  transition at x/c =  0.7432   69
 Side 2 forced transition at x/c =  1.0000   80

 145   rms: 0.3850E-02   max: -.4894E-01   C at   69  1
       a =  1.250      CL =  0.5670
      Cm = -0.0913     CD =  0.01032   =>   CDf =  0.00601    CDp =  0.00431

 Side 1  free  transition at x/c =  0.7432   69
 Side 2 forced transition at x/c =  1.0000   80

 146   rms: 0.3850E-02   max: -.4894E-01   C at   69  1
       a =  1.250      CL =  0.5670
      Cm = -0.0913     CD =  0.01032   =>   CDf =  0.00601    CDp =  0.00431

 Side 1  free  transition at x/c =  0.7432   69
 Side 2 forced transition at x/c =  1.0000   80

 147   rms: 0.3850E-02   max: -.4894E-01   C at   69  1
       a =  1.250      CL =  0.5670
      Cm = -0.0913     CD =  0.01032   =>   CDf =  0.00601    CDp =  0.00431

 Side 1  free  transition at x/c =  0.7432   69
 Side 2 forced transition at x/c =  1.0000   80

 148   rms: 0.3850E-02   max: -.4894E-01   C at   69  1
       a =  1.250      CL =  0.5670
      Cm = -0.0913     CD =  0.01032   =>   CDf =  0.00601    CDp =  0.00431

 Side 1  free  transition at x/c =  0.7432   69
 Side 2 forced transition at x/c =  1.0000   80

 149   rms: 0.3850E-02   max: -.4894E-01   C at   69  1
       a =  1.250      CL =  0.5670
      Cm = -0.0913     CD =  0.01032   =>   CDf =  0.00601    CDp =  0.00431

 Side 1  free  transition at x/c =  0.7432   69
 Side 2 forced transition at x/c =  1.0000   80

 150   rms: 0.3850E-02   max: -.4894E-01   C at   69  1
       a =  1.250      CL =  0.5670
      Cm = -0.0913     CD =  0.01032   =>   CDf =  0.00601    CDp =  0.00431

 Side 1  free  transition at x/c =  0.7432   69
 Side 2 forced transition at x/c =  1.0000   80

 151   rms: 0.3850E-02   max: -.4894E-01   C at   69  1
       a =  1.250      CL =  0.5670
      Cm = -0.0913     CD =  0.01032   =>   CDf =  0.00601    CDp =  0.00431

 Side 1  free  transition at x/c =  0.7432   69
 Side 2 forced transition at x/c =  1.0000   80

 152   rms: 0.3850E-02   max: -.4894E-01   C at   69  1
       a =  1.250      CL =  0.5670
      Cm = -0.0913     CD =  0.01032   =>   CDf =  0.00601    CDp =  0.00431

 Side 1  free  transition at x/c =  0.7432   69
 Side 2 forced transition at x/c =  1.0000   80

 153   rms: 0.3850E-02   max: -.4894E-01   C at   69  1
       a =  1.250      CL =  0.5670
      Cm = -0.0913     CD =  0.01032   =>   CDf =  0.00601    CDp =  0.00431

 Side 1  free  transition at x/c =  0.7432   69
 Side 2 forced transition at x/c =  1.0000   80

 154   rms: 0.3850E-02   max: -.4894E-01   C at   69  1
       a =  1.250      CL =  0.5670
      Cm = -0.0913     CD =  0.01032   =>   CDf =  0.00601    CDp =  0.00431

 Side 1  free  transition at x/c =  0.7432   69
 Side 2 forced transition at x/c =  1.0000   80

 155   rms: 0.3850E-02   max: -.4894E-01   C at   69  1
       a =  1.250      CL =  0.5670
      Cm = -0.0913     CD =  0.01032   =>   CDf =  0.00601    CDp =  0.00431

 Side 1  free  transition at x/c =  0.7432   69
 Side 2 forced transition at x/c =  1.0000   80

 156   rms: 0.3850E-02   max: -.4894E-01   C at   69  1
       a =  1.250      CL =  0.5670
      Cm = -0.0913     CD =  0.01032   =>   CDf =  0.00601    CDp =  0.00431

 Side 1  free  transition at x/c =  0.7432   69
 Side 2 forced transition at x/c =  1.0000   80

 157   rms: 0.3850E-02   max: -.4894E-01   C at   69  1
       a =  1.250      CL =  0.5670
      Cm = -0.0913     CD =  0.01032   =>   CDf =  0.00601    CDp =  0.00431

 Side 1  free  transition at x/c =  0.7432   69
 Side 2 forced transition at x/c =  1.0000   80

 158   rms: 0.3850E-02   max: -.4894E-01   C at   69  1
       a =  1.250      CL =  0.5670
      Cm = -0.0913     CD =  0.01032   =>   CDf =  0.00601    CDp =  0.00431

 Side 1  free  transition at x/c =  0.7432   69
 Side 2 forced transition at x/c =  1.0000   80

 159   rms: 0.3850E-02   max: -.4894E-01   C at   69  1
       a =  1.250      CL =  0.5670
      Cm = -0.0913     CD =  0.01032   =>   CDf =  0.00601    CDp =  0.00431

 Side 1  free  transition at x/c =  0.7432   69
 Side 2 forced transition at x/c =  1.0000   80

 160   rms: 0.3850E-02   max: -.4894E-01   C at   69  1
       a =  1.250      CL =  0.5670
      Cm = -0.0913     CD =  0.01032   =>   CDf =  0.00601    CDp =  0.00431

 Side 1  free  transition at x/c =  0.7432   69
 Side 2 forced transition at x/c =  1.0000   80

 161   rms: 0.3850E-02   max: -.4894E-01   C at   69  1
       a =  1.250      CL =  0.5670
      Cm = -0.0913     CD =  0.01032   =>   CDf =  0.00601    CDp =  0.00431

 Side 1  free  transition at x/c =  0.7432   69
 Side 2 forced transition at x/c =  1.0000   80

 162   rms: 0.3850E-02   max: -.4894E-01   C at   69  1
       a =  1.250      CL =  0.5670
      Cm = -0.0913     CD =  0.01032   =>   CDf =  0.00601    CDp =  0.00431

 Side 1  free  transition at x/c =  0.7432   69
 Side 2 forced transition at x/c =  1.0000   80

 163   rms: 0.3850E-02   max: -.4894E-01   C at   69  1
       a =  1.250      CL =  0.5670
      Cm = -0.0913     CD =  0.01032   =>   CDf =  0.00601    CDp =  0.00431

 Side 1  free  transition at x/c =  0.7432   69
 Side 2 forced transition at x/c =  1.0000   80

 164   rms: 0.3850E-02   max: -.4894E-01   C at   69  1
       a =  1.250      CL =  0.5670
      Cm = -0.0913     CD =  0.01032   =>   CDf =  0.00601    CDp =  0.00431

 Side 1  free  transition at x/c =  0.7432   69
 Side 2 forced transition at x/c =  1.0000   80

 165   rms: 0.3850E-02   max: -.4894E-01   C at   69  1
       a =  1.250      CL =  0.5670
      Cm = -0.0913     CD =  0.01032   =>   CDf =  0.00601    CDp =  0.00431

 Side 1  free  transition at x/c =  0.7432   69
 Side 2 forced transition at x/c =  1.0000   80

 166   rms: 0.3850E-02   max: -.4894E-01   C at   69  1
       a =  1.250      CL =  0.5670
      Cm = -0.0913     CD =  0.01032   =>   CDf =  0.00601    CDp =  0.00431

 Side 1  free  transition at x/c =  0.7432   69
 Side 2 forced transition at x/c =  1.0000   80

 167   rms: 0.3850E-02   max: -.4894E-01   C at   69  1
       a =  1.250      CL =  0.5670
      Cm = -0.0913     CD =  0.01032   =>   CDf =  0.00601    CDp =  0.00431

 Side 1  free  transition at x/c =  0.7432   69
 Side 2 forced transition at x/c =  1.0000   80

 168   rms: 0.3850E-02   max: -.4894E-01   C at   69  1
       a =  1.250      CL =  0.5670
      Cm = -0.0913     CD =  0.01032   =>   CDf =  0.00601    CDp =  0.00431

 Side 1  free  transition at x/c =  0.7432   69
 Side 2 forced transition at x/c =  1.0000   80

 169   rms: 0.3850E-02   max: -.4894E-01   C at   69  1
       a =  1.250      CL =  0.5670
      Cm = -0.0913     CD =  0.01032   =>   CDf =  0.00601    CDp =  0.00431

 Side 1  free  transition at x/c =  0.7432   69
 Side 2 forced transition at x/c =  1.0000   80

 170   rms: 0.3850E-02   max: -.4894E-01   C at   69  1
       a =  1.250      CL =  0.5670
      Cm = -0.0913     CD =  0.01032   =>   CDf =  0.00601    CDp =  0.00431

 Side 1  free  transition at x/c =  0.7432   69
 Side 2 forced transition at x/c =  1.0000   80

 171   rms: 0.3850E-02   max: -.4894E-01   C at   69  1
       a =  1.250      CL =  0.5670
      Cm = -0.0913     CD =  0.01032   =>   CDf =  0.00601    CDp =  0.00431

 Side 1  free  transition at x/c =  0.7432   69
 Side 2 forced transition at x/c =  1.0000   80

 172   rms: 0.3850E-02   max: -.4894E-01   C at   69  1
       a =  1.250      CL =  0.5670
      Cm = -0.0913     CD =  0.01032   =>   CDf =  0.00601    CDp =  0.00431

 Side 1  free  transition at x/c =  0.7432   69
 Side 2 forced transition at x/c =  1.0000   80

 173   rms: 0.3850E-02   max: -.4894E-01   C at   69  1
       a =  1.250      CL =  0.5670
      Cm = -0.0913     CD =  0.01032   =>   CDf =  0.00601    CDp =  0.00431

 Side 1  free  transition at x/c =  0.7432   69
 Side 2 forced transition at x/c =  1.0000   80

 174   rms: 0.3850E-02   max: -.4894E-01   C at   69  1
       a =  1.250      CL =  0.5670
      Cm = -0.0913     CD =  0.01032   =>   CDf =  0.00601    CDp =  0.00431

 Side 1  free  transition at x/c =  0.7432   69
 Side 2 forced transition at x/c =  1.0000   80

 175   rms: 0.3850E-02   max: -.4894E-01   C at   69  1
       a =  1.250      CL =  0.5670
      Cm = -0.0913     CD =  0.01032   =>   CDf =  0.00601    CDp =  0.00431

 Side 1  free  transition at x/c =  0.7432   69
 Side 2 forced transition at x/c =  1.0000   80

 176   rms: 0.3850E-02   max: -.4894E-01   C at   69  1
       a =  1.250      CL =  0.5670
      Cm = -0.0913     CD =  0.01032   =>   CDf =  0.00601    CDp =  0.00431

 Side 1  free  transition at x/c =  0.7432   69
 Side 2 forced transition at x/c =  1.0000   80

 177   rms: 0.3850E-02   max: -.4894E-01   C at   69  1
       a =  1.250      CL =  0.5670
      Cm = -0.0913     CD =  0.01032   =>   CDf =  0.00601    CDp =  0.00431

 Side 1  free  transition at x/c =  0.7432   69
 Side 2 forced transition at x/c =  1.0000   80

 178   rms: 0.3850E-02   max: -.4894E-01   C at   69  1
       a =  1.250      CL =  0.5670
      Cm = -0.0913     CD =  0.01032   =>   CDf =  0.00601    CDp =  0.00431

 Side 1  free  transition at x/c =  0.7432   69
 Side 2 forced transition at x/c =  1.0000   80

 179   rms: 0.3850E-02   max: -.4894E-01   C at   69  1
       a =  1.250      CL =  0.5670
      Cm = -0.0913     CD =  0.01032   =>   CDf =  0.00601    CDp =  0.00431

 Side 1  free  transition at x/c =  0.7432   69
 Side 2 forced transition at x/c =  1.0000   80

 180   rms: 0.3850E-02   max: -.4894E-01   C at   69  1
       a =  1.250      CL =  0.5670
      Cm = -0.0913     CD =  0.01032   =>   CDf =  0.00601    CDp =  0.00431

 Side 1  free  transition at x/c =  0.7432   69
 Side 2 forced transition at x/c =  1.0000   80

 181   rms: 0.3850E-02   max: -.4894E-01   C at   69  1
       a =  1.250      CL =  0.5670
      Cm = -0.0913     CD =  0.01032   =>   CDf =  0.00601    CDp =  0.00431

 Side 1  free  transition at x/c =  0.7432   69
 Side 2 forced transition at x/c =  1.0000   80

 182   rms: 0.3850E-02   max: -.4894E-01   C at   69  1
       a =  1.250      CL =  0.5670
      Cm = -0.0913     CD =  0.01032   =>   CDf =  0.00601    CDp =  0.00431

 Side 1  free  transition at x/c =  0.7432   69
 Side 2 forced transition at x/c =  1.0000   80

 183   rms: 0.3850E-02   max: -.4894E-01   C at   69  1
       a =  1.250      CL =  0.5670
      Cm = -0.0913     CD =  0.01032   =>   CDf =  0.00601    CDp =  0.00431

 Side 1  free  transition at x/c =  0.7432   69
 Side 2 forced transition at x/c =  1.0000   80

 184   rms: 0.3850E-02   max: -.4894E-01   C at   69  1
       a =  1.250      CL =  0.5670
      Cm = -0.0913     CD =  0.01032   =>   CDf =  0.00601    CDp =  0.00431

 Side 1  free  transition at x/c =  0.7432   69
 Side 2 forced transition at x/c =  1.0000   80

 185   rms: 0.3850E-02   max: -.4894E-01   C at   69  1
       a =  1.250      CL =  0.5670
      Cm = -0.0913     CD =  0.01032   =>   CDf =  0.00601    CDp =  0.00431

 Side 1  free  transition at x/c =  0.7432   69
 Side 2 forced transition at x/c =  1.0000   80

 186   rms: 0.3850E-02   max: -.4894E-01   C at   69  1
       a =  1.250      CL =  0.5670
      Cm = -0.0913     CD =  0.01032   =>   CDf =  0.00601    CDp =  0.00431

 Side 1  free  transition at x/c =  0.7432   69
 Side 2 forced transition at x/c =  1.0000   80

 187   rms: 0.3850E-02   max: -.4894E-01   C at   69  1
       a =  1.250      CL =  0.5670
      Cm = -0.0913     CD =  0.01032   =>   CDf =  0.00601    CDp =  0.00431

 Side 1  free  transition at x/c =  0.7432   69
 Side 2 forced transition at x/c =  1.0000   80

 188   rms: 0.3850E-02   max: -.4894E-01   C at   69  1
       a =  1.250      CL =  0.5670
      Cm = -0.0913     CD =  0.01032   =>   CDf =  0.00601    CDp =  0.00431

 Side 1  free  transition at x/c =  0.7432   69
 Side 2 forced transition at x/c =  1.0000   80

 189   rms: 0.3850E-02   max: -.4894E-01   C at   69  1
       a =  1.250      CL =  0.5670
      Cm = -0.0913     CD =  0.01032   =>   CDf =  0.00601    CDp =  0.00431

 Side 1  free  transition at x/c =  0.7432   69
 Side 2 forced transition at x/c =  1.0000   80

 190   rms: 0.3850E-02   max: -.4894E-01   C at   69  1
       a =  1.250      CL =  0.5670
      Cm = -0.0913     CD =  0.01032   =>   CDf =  0.00601    CDp =  0.00431

 Side 1  free  transition at x/c =  0.7432   69
 Side 2 forced transition at x/c =  1.0000   80

 191   rms: 0.3850E-02   max: -.4894E-01   C at   69  1
       a =  1.250      CL =  0.5670
      Cm = -0.0913     CD =  0.01032   =>   CDf =  0.00601    CDp =  0.00431

 Side 1  free  transition at x/c =  0.7432   69
 Side 2 forced transition at x/c =  1.0000   80

 192   rms: 0.3850E-02   max: -.4894E-01   C at   69  1
       a =  1.250      CL =  0.5670
      Cm = -0.0913     CD =  0.01032   =>   CDf =  0.00601    CDp =  0.00431

 Side 1  free  transition at x/c =  0.7432   69
 Side 2 forced transition at x/c =  1.0000   80

 193   rms: 0.3850E-02   max: -.4894E-01   C at   69  1
       a =  1.250      CL =  0.5670
      Cm = -0.0913     CD =  0.01032   =>   CDf =  0.00601    CDp =  0.00431

 Side 1  free  transition at x/c =  0.7432   69
 Side 2 forced transition at x/c =  1.0000   80

 194   rms: 0.3850E-02   max: -.4894E-01   C at   69  1
       a =  1.250      CL =  0.5670
      Cm = -0.0913     CD =  0.01032   =>   CDf =  0.00601    CDp =  0.00431

 Side 1  free  transition at x/c =  0.7432   69
 Side 2 forced transition at x/c =  1.0000   80

 195   rms: 0.3850E-02   max: -.4894E-01   C at   69  1
       a =  1.250      CL =  0.5670
      Cm = -0.0913     CD =  0.01032   =>   CDf =  0.00601    CDp =  0.00431

 Side 1  free  transition at x/c =  0.7432   69
 Side 2 forced transition at x/c =  1.0000   80

 196   rms: 0.3850E-02   max: -.4894E-01   C at   69  1
       a =  1.250      CL =  0.5670
      Cm = -0.0913     CD =  0.01032   =>   CDf =  0.00601    CDp =  0.00431

 Side 1  free  transition at x/c =  0.7432   69
 Side 2 forced transition at x/c =  1.0000   80

 197   rms: 0.3850E-02   max: -.4894E-01   C at   69  1
       a =  1.250      CL =  0.5670
      Cm = -0.0913     CD =  0.01032   =>   CDf =  0.00601    CDp =  0.00431

 Side 1  free  transition at x/c =  0.7432   69
 Side 2 forced transition at x/c =  1.0000   80

 198   rms: 0.3850E-02   max: -.4894E-01   C at   69  1
       a =  1.250      CL =  0.5670
      Cm = -0.0913     CD =  0.01032   =>   CDf =  0.00601    CDp =  0.00431

 Side 1  free  transition at x/c =  0.7432   69
 Side 2 forced transition at x/c =  1.0000   80

 199   rms: 0.3850E-02   max: -.4894E-01   C at   69  1
       a =  1.250      CL =  0.5670
      Cm = -0.0913     CD =  0.01032   =>   CDf =  0.00601    CDp =  0.00431

 Side 1  free  transition at x/c =  0.7432   69
 Side 2 forced transition at x/c =  1.0000   80

 200   rms: 0.3850E-02   max: -.4894E-01   C at   69  1
       a =  1.250      CL =  0.5670
      Cm = -0.0913     CD =  0.01032   =>   CDf =  0.00601    CDp =  0.00431

 Side 1  free  transition at x/c =  0.7432   69
 Side 2 forced transition at x/c =  1.0000   80

 201   rms: 0.3850E-02   max: -.4894E-01   C at   69  1
       a =  1.250      CL =  0.5670
      Cm = -0.0913     CD =  0.01032   =>   CDf =  0.00601    CDp =  0.00431

 Side 1  free  transition at x/c =  0.7432   69
 Side 2 forced transition at x/c =  1.0000   80

 202   rms: 0.3850E-02   max: -.4894E-01   C at   69  1
       a =  1.250      CL =  0.5670
      Cm = -0.0913     CD =  0.01032   =>   CDf =  0.00601    CDp =  0.00431

 Side 1  free  transition at x/c =  0.7432   69
 Side 2 forced transition at x/c =  1.0000   80

 203   rms: 0.3850E-02   max: -.4894E-01   C at   69  1
       a =  1.250      CL =  0.5670
      Cm = -0.0913     CD =  0.01032   =>   CDf =  0.00601    CDp =  0.00431

 Side 1  free  transition at x/c =  0.7432   69
 Side 2 forced transition at x/c =  1.0000   80

 204   rms: 0.3850E-02   max: -.4894E-01   C at   69  1
       a =  1.250      CL =  0.5670
      Cm = -0.0913     CD =  0.01032   =>   CDf =  0.00601    CDp =  0.00431

 Side 1  free  transition at x/c =  0.7432   69
 Side 2 forced transition at x/c =  1.0000   80

 205   rms: 0.3850E-02   max: -.4894E-01   C at   69  1
       a =  1.250      CL =  0.5670
      Cm = -0.0913     CD =  0.01032   =>   CDf =  0.00601    CDp =  0.00431
 VISCAL:  Convergence failed
      9.000    5.6382   0.010317   0.003615   0.004767   0.001152    0.7432     #
 Calculating wake trajectory ...
 Calculating source influence matrix ...

 Solving BL system ...

 Side 1  free  transition at x/c =  0.7432   69
 Side 2 forced transition at x/c =  1.0000   80

   1   rms: 0.4153E-01   max: -.2877E+00   C at   69  1
       a =  1.500      CL =  0.5856
      Cm = -0.0897     CD =  0.01044   =>   CDf =  0.00601    CDp =  0.00443

 Side 1  free  transition at x/c =  0.7256   69
 Side 2 forced transition at x/c =  1.0000   80

   2   rms: 0.1707E-01   max: -.2005E+00   D at   70  1
       a =  1.500      CL =  0.5902
      Cm = -0.0903     CD =  0.01037   =>   CDf =  0.00610    CDp =  0.00427

 Side 1  free  transition at x/c =  0.7306   69
 Side 2 forced transition at x/c =  1.0000   80

   3   rms: 0.1057E-02   max: -.1364E-01   D at   69  1
       a =  1.500      CL =  0.5900
      Cm = -0.0903     CD =  0.01039   =>   CDf =  0.00601    CDp =  0.00438

 Side 1  free  transition at x/c =  0.7304   69
 Side 2 forced transition at x/c =  1.0000   80

   4   rms: 0.1409E-04   max: -.1272E-03   D at   69  1
       a =  1.500      CL =  0.5900
      Cm = -0.0903     CD =  0.01039   =>   CDf =  0.00601    CDp =  0.00438
      9.000    5.5910   0.010393   0.003630   0.004764   0.001133    0.7304     #

 Point added to stored polar  1
 Point written to save file  clarky_re200000_clean.polar                     
 Dump file unspecified or not available
 Calculating wake trajectory ...
 Calculating source influence matrix ...

 Solving BL system ...

 Side 1  free  transition at x/c =  0.7304   69
 Side 2 forced transition at x/c =  1.0000   80

   1   rms: 0.4183E-01   max: -.5244E-01   C at   80  2
       a =  1.750      CL =  0.6154
      Cm = -0.0895     CD =  0.01043   =>   CDf =  0.00596    CDp =  0.00447

 Side 1  free  transition at x/c =  0.7197   69
 Side 2 forced transition at x/c =  1.0000   79

   2   rms: 0.3892E-02   max: -.5403E-01   D at   69  1
       a =  1.750      CL =  0.6148
      Cm = -0.0895     CD =  0.01046   =>   CDf =  0.00612    CDp =  0.00434

 Side 1  free  transition at x/c =  0.7187   69
 Side 2 forced transition at x/c =  1.0000   79

   3   rms: 0.3220E-03   max: -.3655E-02   D at    4  1
       a =  1.750      CL =  0.6149
      Cm = -0.0895     CD =  0.01046   =>   CDf =  0.00609    CDp =  0.00437

 Side 1  free  transition at x/c =  0.7187   69
 Side 2 forced transition at x/c =  1.0000   79

   4   rms: 0.2781E-06   max: -.2724E-05   D at    7  1
       a =  1.750      CL =  0.6149
      Cm = -0.0895     CD =  0.01046   =>   CDf =  0.00609    CDp =  0.00437
      9.000    5.4932   0.010461   0.003651   0.004748   0.001096    0.7187     #

 Point added to stored polar  1
 Point written to save file  clarky_re200000_clean.polar                     
 Dump file unspecified or not available
 Calculating wake trajectory ...
 Calculating source influence matrix ...

 Solving BL system ...

 Side 1  free  transition at x/c =  0.7187   69
 Side 2 forced transition at x/c =  1.0000   79

   1   rms: 0.4013E-01   max: -.7785E-01   C at   79  2
       a =  2.000      CL =  0.6377
      Cm = -0.0884     CD =  0.01055   =>   CDf =  0.00610    CDp =  0.00445

 Side 1  free  transition at x/c =  0.7043   68
 Side 2 forced transition at x/c =  1.0000   79

   2   rms: 0.9664E-02   max: -.1226E+00   D at   69  1
       a =  2.000      CL =  0.6413
      Cm = -0.0889     CD =  0.01052   =>   CDf =  0.00624    CDp =  0.00428

 Side 1  free  transition at x/c =  0.7081   69
 Side 2 forced transition at x/c =  1.0000   79

   3   rms: 0.3363E-02   max: 0.5174E-01   D at   69  1
       a =  2.000      CL =  0.6401
      Cm = -0.0887     CD =  0.01053   =>   CDf =  0.00619    CDp =  0.00434

 Side 1  free  transition at x/c =  0.7069   69
 Side 2 forced transition at x/c =  1.0000   79

   4   rms: 0.2355E-03   max: 0.2571E-02   D at   69  1
       a =  2.000      CL =  0.6400
      Cm = -0.0887     CD =  0.01053   =>   CDf =  0.00619    CDp =  0.00434

 Side 1  free  transition at x/c =  0.7068   69
 Side 2 forced transition at x/c =  1.0000   79

   5   rms: 0.1002E-05   max: -.7533E-05   C at   79  2
       a =  2.000      CL =  0.6400
      Cm = -0.0887     CD =  0.01053   =>   CDf =  0.00619    CDp =  0.00433
      9.000    5.3510   0.010525   0.003675   0.004700   0.001025    0.7068     #

 Point added to stored polar  1
 Point written to save file  clarky_re200000_clean.polar                     
 Dump file unspecified or not available
 Calculating wake trajectory ...
 Calculating source influence matrix ...

 Solving BL system ...

 Side 1  free  transition at x/c =  0.7068   69
 Side 2 forced transition at x/c =  1.0000   79

   1   rms: 0.4471E-01   max: -.5645E-01   n at   78  2
       a =  2.250      CL =  0.6675
      Cm = -0.0883     CD =  0.01061   =>   CDf =  0.00619    CDp =  0.00441

 Side 1  free  transition at x/c =  0.6974   68
 Side 2 forced transition at x/c =  1.0000   79

   2   rms: 0.7357E-02   max: 0.7141E-01   D at   69  1
       a =  2.250      CL =  0.6633
      Cm = -0.0877     CD =  0.01063   =>   CDf =  0.00622    CDp =  0.00441

 Side 1  free  transition at x/c =  0.6929   68
 Side 2 forced transition at x/c =  1.0000   79

   3   rms: 0.1938E-02   max: -.1713E-01   D at   68  1
       a =  2.250      CL =  0.6638
      Cm = -0.0877     CD =  0.01062   =>   CDf =  0.00624    CDp =  0.00438

 Side 1  free  transition at x/c =  0.6936   68
 Side 2 forced transition at x/c =  1.0000   79

   4   rms: 0.2572E-04   max: -.3556E-03   D at   71  1
       a =  2.250      CL =  0.6638
      Cm = -0.0877     CD =  0.01062   =>   CDf =  0.00623    CDp =  0.00439
      9.000    5.2919   0.010619   0.003691   0.004686   0.000996    0.6936     #

 Point added to stored polar  1
 Point written to save file  clarky_re200000_clean.polar                     
 Dump file unspecified or not available
 Calculating wake trajectory ...
 Calculating source influence matrix ...

 Solving BL system ...

 Side 1  free  transition at x/c =  0.6935   68
 Side 2 forced transition at x/c =  1.0000   79

   1   rms: 0.4156E-01   max: -.5982E-01   C at   79  2
       a =  2.500      CL =  0.6886
      Cm = -0.0869     CD =  0.01069   =>   CDf =  0.00615    CDp =  0.00455

 Side 1  free  transition at x/c =  0.6814   68
 Side 2 forced transition at x/c =  1.0000   78

   2   rms: 0.4265E-02   max: -.5831E-01   D at   68  1
       a =  2.500      CL =  0.6886
      Cm = -0.0869     CD =  0.01071   =>   CDf =  0.00633    CDp =  0.00438

 Side 1  free  transition at x/c =  0.6810   68
 Side 2 forced transition at x/c =  1.0000   78

   3   rms: 0.8398E-03   max: -.1008E-01   D at    4  1
       a =  2.500      CL =  0.6886
      Cm = -0.0869     CD =  0.01071   =>   CDf =  0.00629    CDp =  0.00442

 Side 1  free  transition at x/c =  0.6809   68
 Side 2 forced transition at x/c =  1.0000   78

   4   rms: 0.1454E-05   max: 0.1746E-04   D at    8  1
       a =  2.500      CL =  0.6886
      Cm = -0.0869     CD =  0.01071   =>   CDf =  0.00629    CDp =  0.00442
      9.000    5.1827   0.010714   0.003710   0.004661   0.000951    0.6809     #

 Point added to stored polar  1
 Point written to save file  clarky_re200000_clean.polar                     
 Dump file unspecified or not available
 Calculating wake trajectory ...
 Calculating source influence matrix ...

 Solving BL system ...

 Side 1  free  transition at x/c =  0.6809   68
 Side 2 forced transition at x/c =  1.0000   78

   1   rms: 0.3963E-01   max: -.8108E-01   C at   78  2
       a =  2.750      CL =  0.7115
      Cm = -0.0859     CD =  0.01082   =>   CDf =  0.00630    CDp =  0.00452

 Side 1  free  transition at x/c =  0.6647   67
 Side 2 forced transition at x/c =  1.0000   78

   2   rms: 0.9063E-02   max: -.1137E+00   D at   68  1
       a =  2.750      CL =  0.7141
      Cm = -0.0862     CD =  0.01080   =>   CDf =  0.00644    CDp =  0.00437

 Side 1  free  transition at x/c =  0.6679   68
 Side 2 forced transition at x/c =  1.0000   78

   3   rms: 0.2360E-02   max: -.3498E-01   D at   67  1
       a =  2.750      CL =  0.7137
      Cm = -0.0862     CD =  0.01081   =>   CDf =  0.00642    CDp =  0.00439

 Side 1  free  transition at x/c =  0.6677   68
 Side 2 forced transition at x/c =  1.0000   78

   4   rms: 0.1505E-03   max: 0.1479E-02   C at   68  1
       a =  2.750      CL =  0.7138
      Cm = -0.0862     CD =  0.01081   =>   CDf =  0.00639    CDp =  0.00442

 Side 1  free  transition at x/c =  0.6677   68
 Side 2 forced transition at x/c =  1.0000   78

   5   rms: 0.6644E-06   max: -.6268E-05   C at   78  2
       a =  2.750      CL =  0.7138
      Cm = -0.0862     CD =  0.01081   =>   CDf =  0.00639    CDp =  0.00442
      9.000    5.0339   0.010811   0.003732   0.004605   0.000873    0.6677     #

 Point added to stored polar  1
 Point written to save file  clarky_re200000_clean.polar                     
 Dump file unspecified or not available
 Calculating wake trajectory ...
 Calculating source influence matrix ...

 Solving BL system ...

 Side 1  free  transition at x/c =  0.6677   68
 Side 2 forced transition at x/c =  1.0000   78

   1   rms: 0.4500E-01   max: -.3135E-01   C at   78  2
       a =  3.000      CL =  0.7412
      Cm = -0.0858     CD =  0.01095   =>   CDf =  0.00640    CDp =  0.00455

 Side 1  free  transition at x/c =  0.6557   67
 Side 2 forced transition at x/c =  1.0000   78

   2   rms: 0.8845E-02   max: -.1091E+00   D at   67  1
       a =  3.000      CL =  0.7368
      Cm = -0.0851     CD =  0.01091   =>   CDf =  0.00639    CDp =  0.00452

 Side 1  free  transition at x/c =  0.6510   67
 Side 2 forced transition at x/c =  1.0000   78

   3   rms: 0.2249E-02   max: -.2157E-01   C at   67  1
       a =  3.000      CL =  0.7374
      Cm = -0.0852     CD =  0.01091   =>   CDf =  0.00645    CDp =  0.00446

 Side 1  free  transition at x/c =  0.6519   67
 Side 2 forced transition at x/c =  1.0000   78

   4   rms: 0.4748E-04   max: -.7299E-03   D at   69  1
       a =  3.000      CL =  0.7374
      Cm = -0.0852     CD =  0.01091   =>   CDf =  0.00643    CDp =  0.00449
      9.000    4.9250   0.010913   0.003746   0.004563   0.000817    0.6519     #

 Point added to stored polar  1
 Point written to save file  clarky_re200000_clean.polar                     
 Dump file unspecified or not available
 Calculating wake trajectory ...
 Calculating source influence matrix ...

 Solving BL system ...

 Side 1  free  transition at x/c =  0.6518   67
 Side 2 forced transition at x/c =  1.0000   78

   1   rms: 0.4364E-01   max: -.4722E-01   C at   78  2
       a =  3.250      CL =  0.7631
      Cm = -0.0845     CD =  0.01103   =>   CDf =  0.00643    CDp =  0.00459

 Side 1  free  transition at x/c =  0.6385   66
 Side 2 forced transition at x/c =  1.0000   78

   2   rms: 0.6442E-02   max: -.9191E-01   D at   66  1
       a =  3.250      CL =  0.7609
      Cm = -0.0842     CD =  0.01103   =>   CDf =  0.00648    CDp =  0.00455

 Side 1  free  transition at x/c =  0.6348   66
 Side 2 forced transition at x/c =  1.0000   78

   3   rms: 0.1349E-02   max: -.1305E-01   C at   66  1
       a =  3.250      CL =  0.7613
      Cm = -0.0842     CD =  0.01103   =>   CDf =  0.00649    CDp =  0.00454

 Side 1  free  transition at x/c =  0.6353   66
 Side 2 forced transition at x/c =  1.0000   78

   4   rms: 0.1621E-04   max: -.1702E-03   D at   68  1
       a =  3.250      CL =  0.7613
      Cm = -0.0842     CD =  0.01103   =>   CDf =  0.00648    CDp =  0.00455
      9.000    4.8141   0.011030   0.003759   0.004509   0.000750    0.6353     #

 Point added to stored polar  1
 Point written to save file  clarky_re200000_clean.polar                     
 Dump file unspecified or not available
 Calculating wake trajectory ...
 Calculating source influence matrix ...

 Solving BL system ...

 Side 1  free  transition at x/c =  0.6353   66
 Side 2 forced transition at x/c =  1.0000   78

   1   rms: 0.4263E-01   max: -.5820E-01   C at   78  2
       a =  3.500      CL =  0.7859
      Cm = -0.0833     CD =  0.01115   =>   CDf =  0.00638    CDp =  0.00478

 Side 1  free  transition at x/c =  0.6205   66
 Side 2 forced transition at x/c =  1.0000   77

   2   rms: 0.6049E-02   max: -.8647E-01   D at   66  1
       a =  3.500      CL =  0.7850
      Cm = -0.0832     CD =  0.01116   =>   CDf =  0.00655    CDp =  0.00461

 Side 1  free  transition at x/c =  0.6177   66
 Side 2 forced transition at x/c =  1.0000   77

   3   rms: 0.1014E-02   max: -.7824E-02   D at    4  1
       a =  3.500      CL =  0.7852
      Cm = -0.0833     CD =  0.01116   =>   CDf =  0.00654    CDp =  0.00462

 Side 1  free  transition at x/c =  0.6181   66
 Side 2 forced transition at x/c =  1.0000   77

   4   rms: 0.6267E-05   max: -.5764E-04   D at   66  1
       a =  3.500      CL =  0.7852
      Cm = -0.0833     CD =  0.01116   =>   CDf =  0.00654    CDp =  0.00463
      9.000    4.7095   0.011165   0.003769   0.004455   0.000686    0.6181     #

 Point added to stored polar  1
 Point written to save file  clarky_re200000_clean.polar                     
 Dump file unspecified or not available
 Calculating wake trajectory ...
 Calculating source influence matrix ...

 Solving BL system ...

 Side 1  free  transition at x/c =  0.6181   66
 Side 2 forced transition at x/c =  1.0000   77

   1   rms: 0.4205E-01   max: -.6393E-01   C at   77  2
       a =  3.750      CL =  0.8093
      Cm = -0.0823     CD =  0.01131   =>   CDf =  0.00654    CDp =  0.00477

 Side 1  free  transition at x/c =  0.6012   65
 Side 2 forced transition at x/c =  1.0000   77

   2   rms: 0.6195E-02   max: -.9691E-01   D at   65  1
       a =  3.750      CL =  0.8089
      Cm = -0.0823     CD =  0.01132   =>   CDf =  0.00664    CDp =  0.00467

 Side 1  free  transition at x/c =  0.5996   65
 Side 2 forced transition at x/c =  1.0000   77

   3   rms: 0.2811E-03   max: -.3476E-02   D at   66  1
       a =  3.750      CL =  0.8090
      Cm = -0.0823     CD =  0.01132   =>   CDf =  0.00661    CDp =  0.00471

 Side 1  free  transition at x/c =  0.5997   65
 Side 2 forced transition at x/c =  1.0000   77

   4   rms: 0.1077E-05   max: -.1294E-04   C at   65  1
       a =  3.750      CL =  0.8090
      Cm = -0.0823     CD =  0.01132   =>   CDf =  0.00661    CDp =  0.00471
      9.000    4.6243   0.011323   0.003769   0.004403   0.000634    0.5997     #

 Point added to stored polar  1
 Point written to save file  clarky_re200000_clean.polar                     
 Dump file unspecified or not available
 Calculating wake trajectory ...
 Calculating source influence matrix ...

 Solving BL system ...

 Side 1  free  transition at x/c =  0.5997   65
 Side 2 forced transition at x/c =  1.0000   77

   1   rms: 0.4227E-01   max: -.6759E-01   C at   77  2
       a =  4.000      CL =  0.8325
      Cm = -0.0813     CD =  0.01149   =>   CDf =  0.00661    CDp =  0.00488

 Side 1  free  transition at x/c =  0.5805   64
 Side 2 forced transition at x/c =  1.0000   77

   2   rms: 0.7571E-02   max: -.1208E+00   D at   64  1
       a =  4.000      CL =  0.8323
      Cm = -0.0812     CD =  0.01149   =>   CDf =  0.00673    CDp =  0.00476

 Side 1  free  transition at x/c =  0.5795   64
 Side 2 forced transition at x/c =  1.0000   77

   3   rms: 0.3931E-03   max: 0.6391E-02   D at   64  1
       a =  4.000      CL =  0.8324
      Cm = -0.0813     CD =  0.01151   =>   CDf =  0.00670    CDp =  0.00481

 Side 1  free  transition at x/c =  0.5795   64
 Side 2 forced transition at x/c =  1.0000   77

   4   rms: 0.2372E-05   max: 0.2192E-04   C at   64  1
       a =  4.000      CL =  0.8324
      Cm = -0.0813     CD =  0.01151   =>   CDf =  0.00670    CDp =  0.00481
      9.000    4.5573   0.011507   0.003756   0.004351   0.000595    0.5795     #

 Point added to stored polar  1
 Point written to save file  clarky_re200000_clean.polar                     
 Dump file unspecified or not available
 Calculating wake trajectory ...
 Calculating source influence matrix ...

 Solving BL system ...

 Side 1  free  transition at x/c =  0.5795   64
 Side 2 forced transition at x/c =  1.0000   77

   1   rms: 0.4357E-01   max: -.1922E+00   D at   65  1
       a =  4.250      CL =  0.8557
      Cm = -0.0802     CD =  0.01172   =>   CDf =  0.00657    CDp =  0.00515

 Side 1  free  transition at x/c =  0.5594   64
 Side 2 forced transition at x/c =  1.0000   76

   2   rms: 0.7905E-02   max: -.1314E+00   D at   64  1
       a =  4.250      CL =  0.8553
      Cm = -0.0802     CD =  0.01172   =>   CDf =  0.00681    CDp =  0.00491

 Side 1  free  transition at x/c =  0.5576   64
 Side 2 forced transition at x/c =  1.0000   76

   3   rms: 0.7993E-03   max: -.9025E-02   D at    4  1
       a =  4.250      CL =  0.8554
      Cm = -0.0802     CD =  0.01173   =>   CDf =  0.00680    CDp =  0.00493

 Side 1  free  transition at x/c =  0.5577   64
 Side 2 forced transition at x/c =  1.0000   76

   4   rms: 0.1269E-05   max: 0.1731E-04   D at    8  1
       a =  4.250      CL =  0.8554
      Cm = -0.0802     CD =  0.01173   =>   CDf =  0.00680    CDp =  0.00494
      9.000    4.5083   0.011733   0.003713   0.004298   0.000585    0.5577     #

 Point added to stored polar  1
 Point written to save file  clarky_re200000_clean.polar                     
 Dump file unspecified or not available
 Calculating wake trajectory ...
 Calculating source influence matrix ...

 Solving BL system ...

 Side 1  free  transition at x/c =  0.5577   64
 Side 2 forced transition at x/c =  1.0000   76

   1   rms: 0.4553E-01   max: 0.2328E+00   C at   64  1
       a =  4.500      CL =  0.8785
      Cm = -0.0791     CD =  0.01202   =>   CDf =  0.00680    CDp =  0.00522

 Side 1  free  transition at x/c =  0.5380   63
 Side 2 forced transition at x/c =  1.0000   76

   2   rms: 0.9739E-02   max: -.1569E+00   D at   63  1
       a =  4.500      CL =  0.8780
      Cm = -0.0790     CD =  0.01199   =>   CDf =  0.00690    CDp =  0.00509

 Side 1  free  transition at x/c =  0.5353   63
 Side 2 forced transition at x/c =  1.0000   76

   3   rms: 0.5099E-03   max: 0.8010E-02   D at   64  1
       a =  4.500      CL =  0.8781
      Cm = -0.0791     CD =  0.01201   =>   CDf =  0.00694    CDp =  0.00508

 Side 1  free  transition at x/c =  0.5355   63
 Side 2 forced transition at x/c =  1.0000   76

   4   rms: 0.2335E-05   max: -.4491E-04   D at   64  1
       a =  4.500      CL =  0.8781
      Cm = -0.0791     CD =  0.01201   =>   CDf =  0.00693    CDp =  0.00508
      9.000    4.4891   0.012012   0.003365   0.004248   0.000883    0.5355     #

 Point added to stored polar  1
 Point written to save file  clarky_re200000_clean.polar                     
 Dump file unspecified or not available
 Calculating wake trajectory ...
 Calculating source influence matrix ...

 Solving BL system ...

 Side 1  free  transition at x/c =  0.5355   63
 Side 2 forced transition at x/c =  1.0000   76

   1   rms: 0.4742E-01   max: -.2639E+00   D at   64  1
       a =  4.750      CL =  0.9012
      Cm = -0.0780     CD =  0.01241   =>   CDf =  0.00693    CDp =  0.00548

 Side 1  free  transition at x/c =  0.5157   61
 Side 2 forced transition at x/c =  1.0000   76

   2   rms: 0.1437E-01   max: -.2206E+00   D at   62  1
       a =  4.750      CL =  0.9005
      Cm = -0.0779     CD =  0.01227   =>   CDf =  0.00701    CDp =  0.00526

 Side 1  free  transition at x/c =  0.5135   61
 Side 2 forced transition at x/c =  1.0000   76

   3   rms: 0.1389E-02   max: 0.1459E-01   D at   62  1
       a =  4.750      CL =  0.9005
      Cm = -0.0779     CD =  0.01231   =>   CDf =  0.00702    CDp =  0.00530

 Side 1  free  transition at x/c =  0.5125   61
 Side 2 forced transition at x/c =  1.0000   76

   4   rms: 0.2320E-04   max: -.3018E-03   C at   61  1
       a =  4.750      CL =  0.9004
      Cm = -0.0779     CD =  0.01231   =>   CDf =  0.00702    CDp =  0.00529
      9.000    4.5363   0.012312   0.003285   0.004230   0.000946    0.5125     #

 Point added to stored polar  1
 Point written to save file  clarky_re200000_clean.polar                     
 Dump file unspecified or not available
 Calculating wake trajectory ...
 Calculating source influence matrix ...

 Solving BL system ...

 Side 1  free  transition at x/c =  0.5125   61
 Side 2 forced transition at x/c =  1.0000   76

   1   rms: 0.4140E-01   max: 0.1903E+00   T at   61  1
       a =  5.000      CL =  0.9228
      Cm = -0.0769     CD =  0.01256   =>   CDf =  0.00687    CDp =  0.00569

 Side 1  free  transition at x/c =  0.4866   61
 Side 2 forced transition at x/c =  1.0000   75

   2   rms: 0.1331E-01   max: -.1454E+00   D at   61  1
       a =  5.000      CL =  0.9224
      Cm = -0.0768     CD =  0.01261   =>   CDf =  0.00722    CDp =  0.00539

 Side 1  free  transition at x/c =  0.4916   61
 Side 2 forced transition at x/c =  1.0000   75

   3   rms: 0.1909E-02   max: 0.2083E-01   C at   61  1
       a =  5.000      CL =  0.9228
      Cm = -0.0769     CD =  0.01264   =>   CDf =  0.00710    CDp =  0.00554

 Side 1  free  transition at x/c =  0.4904   61
 Side 2 forced transition at x/c =  1.0000   75

   4   rms: 0.4055E-04   max: -.4914E-03   C at   61  1
       a =  5.000      CL =  0.9228
      Cm = -0.0769     CD =  0.01264   =>   CDf =  0.00711    CDp =  0.00553
      9.000    4.6355   0.012640   0.003277   0.004235   0.000958    0.4904     #

 Point added to stored polar  1
 Point written to save file  clarky_re200000_clean.polar                     
 Dump file unspecified or not available
 Calculating wake trajectory ...
 Calculating source influence matrix ...

 Solving BL system ...

 Side 1  free  transition at x/c =  0.4904   61
 Side 2 forced transition at x/c =  1.0000   75

   1   rms: 0.4210E-01   max: 0.1771E+00   T at   61  1
       a =  5.250      CL =  0.9451
      Cm = -0.0758     CD =  0.01295   =>   CDf =  0.00711    CDp =  0.00583

 Side 1  free  transition at x/c =  0.4672   60
 Side 2 forced transition at x/c =  1.0000   75

   2   rms: 0.1210E-01   max: -.1524E+00   D at   60  1
       a =  5.250      CL =  0.9447
      Cm = -0.0757     CD =  0.01296   =>   CDf =  0.00730    CDp =  0.00566

 Side 1  free  transition at x/c =  0.4708   60
 Side 2 forced transition at x/c =  1.0000   75

   3   rms: 0.1827E-02   max: 0.2399E-01   C at   60  1
       a =  5.250      CL =  0.9451
      Cm = -0.0758     CD =  0.01299   =>   CDf =  0.00720    CDp =  0.00579

 Side 1  free  transition at x/c =  0.4698   60
 Side 2 forced transition at x/c =  1.0000   75

   4   rms: 0.2613E-04   max: -.3305E-03   D at   60  1
       a =  5.250      CL =  0.9451
      Cm = -0.0758     CD =  0.01299   =>   CDf =  0.00721    CDp =  0.00577
      9.000    4.7860   0.012986   0.003286   0.004239   0.000953    0.4698     #

 Point added to stored polar  1
 Point written to save file  clarky_re200000_clean.polar                     
 Dump file unspecified or not available
 Calculating wake trajectory ...
 Calculating source influence matrix ...

 Solving BL system ...

 Side 1  free  transition at x/c =  0.4698   60
 Side 2 forced transition at x/c =  1.0000   75

   1   rms: 0.4240E-01   max: 0.1762E+00   T at   60  1
       a =  5.500      CL =  0.9673
      Cm = -0.0748     CD =  0.01332   =>   CDf =  0.00721    CDp =  0.00610

 Side 1  free  transition at x/c =  0.4484   59
 Side 2 forced transition at x/c =  1.0000   75

   2   rms: 0.1145E-01   max: -.1517E+00   D at   59  1
       a =  5.500      CL =  0.9669
      Cm = -0.0747     CD =  0.01332   =>   CDf =  0.00739    CDp =  0.00593

 Side 1  free  transition at x/c =  0.4512   59
 Side 2 forced transition at x/c =  1.0000   75

   3   rms: 0.1664E-02   max: 0.2208E-01   C at   59  1
       a =  5.500      CL =  0.9673
      Cm = -0.0748     CD =  0.01334   =>   CDf =  0.00729    CDp =  0.00605

 Side 1  free  transition at x/c =  0.4504   59
 Side 2 forced transition at x/c =  1.0000   75

   4   rms: 0.1750E-04   max: -.2196E-03   D at   59  1
       a =  5.500      CL =  0.9673
      Cm = -0.0748     CD =  0.01334   =>   CDf =  0.00730    CDp =  0.00603
      9.000    4.9670   0.013338   0.003304   0.004242   0.000938    0.4504     #

 Point added to stored polar  1
 Point written to save file  clarky_re200000_clean.polar                     
 Dump file unspecified or not available
 Calculating wake trajectory ...
 Calculating source influence matrix ...

 Solving BL system ...

 Side 1  free  transition at x/c =  0.4504   59
 Side 2 forced transition at x/c =  1.0000   75

   1   rms: 0.4240E-01   max: 0.1762E+00   T at   59  1
       a =  5.750      CL =  0.9893
      Cm = -0.0737     CD =  0.01368   =>   CDf =  0.00731    CDp =  0.00637

 Side 1  free  transition at x/c =  0.4308   58
 Side 2 forced transition at x/c =  1.0000   75

   2   rms: 0.1026E-01   max: -.1351E+00   D at   58  1
       a =  5.750      CL =  0.9891
      Cm = -0.0737     CD =  0.01368   =>   CDf =  0.00746    CDp =  0.00621

 Side 1  free  transition at x/c =  0.4328   58
 Side 2 forced transition at x/c =  1.0000   75

   3   rms: 0.1264E-02   max: 0.1657E-01   C at   58  1
       a =  5.750      CL =  0.9894
      Cm = -0.0737     CD =  0.01369   =>   CDf =  0.00738    CDp =  0.00632

 Side 1  free  transition at x/c =  0.4322   58
 Side 2 forced transition at x/c =  1.0000   75

   4   rms: 0.9569E-05   max: -.9781E-04   D at   60  1
       a =  5.750      CL =  0.9894
      Cm = -0.0737     CD =  0.01369   =>   CDf =  0.00739    CDp =  0.00631
      9.000    5.1059   0.013694   0.003330   0.004245   0.000915    0.4322     #

 Point added to stored polar  1
 Point written to save file  clarky_re200000_clean.polar                     
 Dump file unspecified or not available
 Calculating wake trajectory ...
 Calculating source influence matrix ...

 Solving BL system ...

 Side 1  free  transition at x/c =  0.4322   58
 Side 2 forced transition at x/c =  1.0000   75

   1   rms: 0.4179E-01   max: 0.1694E+00   T at   58  1
       a =  6.000      CL =  1.0116
      Cm = -0.0727     CD =  0.01404   =>   CDf =  0.00721    CDp =  0.00683

 Side 1  free  transition at x/c =  0.4160   58
 Side 2 forced transition at x/c =  1.0000   74

   2   rms: 0.6931E-02   max: -.7901E-01   D at   58  1
       a =  6.000      CL =  1.0116
      Cm = -0.0727     CD =  0.01406   =>   CDf =  0.00751    CDp =  0.00655

 Side 1  free  transition at x/c =  0.4168   58
 Side 2 forced transition at x/c =  1.0000   74

   3   rms: 0.7498E-03   max: -.6867E-02   D at    4  1
       a =  6.000      CL =  1.0118
      Cm = -0.0728     CD =  0.01407   =>   CDf =  0.00745    CDp =  0.00661

 Side 1  free  transition at x/c =  0.4166   58
 Side 2 forced transition at x/c =  1.0000   74

   4   rms: 0.2344E-05   max: -.1331E-04   C at   74  2
       a =  6.000      CL =  1.0118
      Cm = -0.0728     CD =  0.01407   =>   CDf =  0.00746    CDp =  0.00661
      9.000    5.2402   0.014067   0.003360   0.004257   0.000897    0.4166     #

 Point added to stored polar  1
 Point written to save file  clarky_re200000_clean.polar                     
 Dump file unspecified or not available
 Calculating wake trajectory ...
 Calculating source influence matrix ...

 Solving BL system ...

 Side 1  free  transition at x/c =  0.4166   58
 Side 2 forced transition at x/c =  1.0000   74

   1   rms: 0.4023E-01   max: -.6516E-01   C at   74  2
       a =  6.250      CL =  1.0349
      Cm = -0.0720     CD =  0.01437   =>   CDf =  0.00746    CDp =  0.00692

 Side 1  free  transition at x/c =  0.4021   57
 Side 2 forced transition at x/c =  1.0000   74

   2   rms: 0.5720E-02   max: -.6772E-01   D at   58  1
       a =  6.250      CL =  1.0343
      Cm = -0.0719     CD =  0.01449   =>   CDf =  0.00759    CDp =  0.00690

 Side 1  free  transition at x/c =  0.4032   58
 Side 2 forced transition at x/c =  1.0000   74

   3   rms: 0.8045E-02   max: -.8450E-01   D at   57  1
       a =  6.250      CL =  1.0339
      Cm = -0.0718     CD =  0.01445   =>   CDf =  0.00765    CDp =  0.00680

 Side 1  free  transition at x/c =  0.4041   58
 Side 2 forced transition at x/c =  1.0000   74

   4   rms: 0.1240E-02   max: -.1346E-01   D at   59  1
       a =  6.250      CL =  1.0344
      Cm = -0.0719     CD =  0.01448   =>   CDf =  0.00753    CDp =  0.00695

 Side 1  free  transition at x/c =  0.4037   58
 Side 2 forced transition at x/c =  1.0000   74

   5   rms: 0.1560E-04   max: -.2984E-03   D at   59  1
       a =  6.250      CL =  1.0344
      Cm = -0.0719     CD =  0.01448   =>   CDf =  0.00754    CDp =  0.00693
      9.000    5.3543   0.014478   0.003391   0.004311   0.000920    0.4037     #

 Point added to stored polar  1
 Point written to save file  clarky_re200000_clean.polar                     
 Dump file unspecified or not available
 Calculating wake trajectory ...
 Calculating source influence matrix ...

 Solving BL system ...

 Side 1  free  transition at x/c =  0.4037   58
 Side 2 forced transition at x/c =  1.0000   74

   1   rms: 0.4330E-01   max: -.1808E+00   D at   59  1
       a =  6.500      CL =  1.0573
      Cm = -0.0711     CD =  0.01503   =>   CDf =  0.00755    CDp =  0.00748

 Side 1  free  transition at x/c =  0.3931   57
 Side 2 forced transition at x/c =  1.0000   74

   2   rms: 0.9204E-02   max: -.1313E+00   D at   57  1
       a =  6.500      CL =  1.0576
      Cm = -0.0711     CD =  0.01479   =>   CDf =  0.00754    CDp =  0.00725

 Side 1  free  transition at x/c =  0.3916   57
 Side 2 forced transition at x/c =  1.0000   74

   3   rms: 0.3792E-03   max: 0.5514E-02   D at   57  1
       a =  6.500      CL =  1.0577
      Cm = -0.0711     CD =  0.01481   =>   CDf =  0.00751    CDp =  0.00730

 Side 1  free  transition at x/c =  0.3915   57
 Side 2 forced transition at x/c =  1.0000   74

   4   rms: 0.4206E-05   max: -.2518E-04   C at   74  2
       a =  6.500      CL =  1.0577
      Cm = -0.0711     CD =  0.01481   =>   CDf =  0.00751    CDp =  0.00730
      9.000    5.5089   0.014814   0.003421   0.004395   0.000974    0.3915     #

 Point added to stored polar  1
 Point written to save file  clarky_re200000_clean.polar                     
 Dump file unspecified or not available
 Calculating wake trajectory ...
 Calculating source influence matrix ...

 Solving BL system ...

 Side 1  free  transition at x/c =  0.3915   57
 Side 2 forced transition at x/c =  1.0000   74

   1   rms: 0.4092E-01   max: -.5907E-01   C at   74  2
       a =  6.750      CL =  1.0806
      Cm = -0.0703     CD =  0.01523   =>   CDf =  0.00732    CDp =  0.00791

 Side 1  free  transition at x/c =  0.3810   57
 Side 2 forced transition at x/c =  1.0000   73

   2   rms: 0.5036E-02   max: -.5620E-01   C at   57  1
       a =  6.750      CL =  1.0806
      Cm = -0.0703     CD =  0.01523   =>   CDf =  0.00759    CDp =  0.00764

 Side 1  free  transition at x/c =  0.3810   57
 Side 2 forced transition at x/c =  1.0000   73

   3   rms: 0.5733E-03   max: -.6440E-02   D at    4  1
       a =  6.750      CL =  1.0807
      Cm = -0.0704     CD =  0.01523   =>   CDf =  0.00755    CDp =  0.00768

 Side 1  free  transition at x/c =  0.3809   57
 Side 2 forced transition at x/c =  1.0000   73

   4   rms: 0.2077E-05   max: -.1085E-04   C at   73  2
       a =  6.750      CL =  1.0807
      Cm = -0.0704     CD =  0.01523   =>   CDf =  0.00755    CDp =  0.00768
      9.000    5.6211   0.015235   0.003457   0.004455   0.000999    0.3809     #

 Point added to stored polar  1
 Point written to save file  clarky_re200000_clean.polar                     
 Dump file unspecified or not available
 Calculating wake trajectory ...
 Calculating source influence matrix ...

 Solving BL system ...

 Side 1  free  transition at x/c =  0.3809   57
 Side 2 forced transition at x/c =  1.0000   73

   1   rms: 0.3946E-01   max: 0.1515E+00   T at   57  1
       a =  7.000      CL =  1.1042
      Cm = -0.0696     CD =  0.01554   =>   CDf =  0.00755    CDp =  0.00799

 Side 1  free  transition at x/c =  0.3683   57
 Side 2 forced transition at x/c =  1.0000   73

   2   rms: 0.8603E-02   max: -.9944E-01   D at   57  1
       a =  7.000      CL =  1.1033
      Cm = -0.0695     CD =  0.01560   =>   CDf =  0.00762    CDp =  0.00798

 Side 1  free  transition at x/c =  0.3702   57
 Side 2 forced transition at x/c =  1.0000   73

   3   rms: 0.5006E-03   max: -.5853E-02   D at   58  1
       a =  7.000      CL =  1.1036
      Cm = -0.0696     CD =  0.01561   =>   CDf =  0.00754    CDp =  0.00807

 Side 1  free  transition at x/c =  0.3700   57
 Side 2 forced transition at x/c =  1.0000   73

   4   rms: 0.2063E-05   max: -.2666E-04   D at   58  1
       a =  7.000      CL =  1.1036
      Cm = -0.0696     CD =  0.01561   =>   CDf =  0.00755    CDp =  0.00807
      9.000    5.6893   0.015613   0.003496   0.004540   0.001044    0.3700     #

 Point added to stored polar  1
 Point written to save file  clarky_re200000_clean.polar                     
 Dump file unspecified or not available
 Calculating wake trajectory ...
 Calculating source influence matrix ...

 Solving BL system ...

 Side 1  free  transition at x/c =  0.3700   57
 Side 2 forced transition at x/c =  1.0000   73

   1   rms: 0.4160E-01   max: 0.1665E+00   T at   57  1
       a =  7.250      CL =  1.1262
      Cm = -0.0687     CD =  0.01610   =>   CDf =  0.00755    CDp =  0.00855

 Side 1  free  transition at x/c =  0.3608   56
 Side 2 forced transition at x/c =  1.0000   73

   2   rms: 0.5837E-02   max: -.7404E-01   D at   56  1
       a =  7.250      CL =  1.1263
      Cm = -0.0687     CD =  0.01602   =>   CDf =  0.00758    CDp =  0.00844

 Side 1  free  transition at x/c =  0.3599   56
 Side 2 forced transition at x/c =  1.0000   73

   3   rms: 0.1772E-03   max: 0.1129E-02   C at   73  2
       a =  7.250      CL =  1.1265
      Cm = -0.0688     CD =  0.01602   =>   CDf =  0.00753    CDp =  0.00849

 Side 1  free  transition at x/c =  0.3599   56
 Side 2 forced transition at x/c =  1.0000   73

   4   rms: 0.3900E-06   max: 0.2804E-05   C at   73  2
       a =  7.250      CL =  1.1265
      Cm = -0.0688     CD =  0.01602   =>   CDf =  0.00753    CDp =  0.00849
      9.000    5.7429   0.016023   0.003533   0.004603   0.001070    0.3599     #

 Point added to stored polar  1
 Point written to save file  clarky_re200000_clean.polar                     
 Dump file unspecified or not available
 Calculating wake trajectory ...
 Calculating source influence matrix ...

 Solving BL system ...

 Side 1  free  transition at x/c =  0.3599   56
 Side 2 forced transition at x/c =  1.0000   73

   1   rms: 0.3939E-01   max: 0.1623E+00   T at   56  1
       a =  7.500      CL =  1.1493
      Cm = -0.0680     CD =  0.01636   =>   CDf =  0.00732    CDp =  0.00904

 Side 1  free  transition at x/c =  0.3481   57
 Side 2 forced transition at x/c =  1.0000   72

   2   rms: 0.9235E-02   max: -.1034E+00   D at   57  1
       a =  7.500      CL =  1.1484
      Cm = -0.0678     CD =  0.01644   =>   CDf =  0.00762    CDp =  0.00882

 Side 1  free  transition at x/c =  0.3497   57
 Side 2 forced transition at x/c =  1.0000   72

   3   rms: 0.7669E-03   max: -.7196E-02   D at    4  1
       a =  7.500      CL =  1.1488
      Cm = -0.0679     CD =  0.01646   =>   CDf =  0.00754    CDp =  0.00891

 Side 1  free  transition at x/c =  0.3495   57
 Side 2 forced transition at x/c =  1.0000   72

   4   rms: 0.1762E-05   max: -.2872E-04   D at   58  1
       a =  7.500      CL =  1.1488
      Cm = -0.0679     CD =  0.01646   =>   CDf =  0.00755    CDp =  0.00891
      9.000    5.7583   0.016456   0.003573   0.004676   0.001103    0.3495     #

 Point added to stored polar  1
 Point written to save file  clarky_re200000_clean.polar                     
 Dump file unspecified or not available
 Calculating wake trajectory ...
 Calculating source influence matrix ...

 Solving BL system ...

 Side 1  free  transition at x/c =  0.3495   57
 Side 2 forced transition at x/c =  1.0000   72

   1   rms: 0.4275E-01   max: 0.1847E+00   T at   57  1
       a =  7.750      CL =  1.1714
      Cm = -0.0672     CD =  0.01705   =>   CDf =  0.00755    CDp =  0.00950

 Side 1  free  transition at x/c =  0.3404   56
 Side 2 forced transition at x/c =  1.0000   72

   2   rms: 0.8275E-02   max: -.1059E+00   D at   56  1
       a =  7.750      CL =  1.1708
      Cm = -0.0670     CD =  0.01683   =>   CDf =  0.00752    CDp =  0.00931

 Side 1  free  transition at x/c =  0.3392   56
 Side 2 forced transition at x/c =  1.0000   72

   3   rms: 0.3869E-03   max: -.2167E-02   D at   56  1
       a =  7.750      CL =  1.1711
      Cm = -0.0670     CD =  0.01684   =>   CDf =  0.00748    CDp =  0.00936

 Side 1  free  transition at x/c =  0.3391   56
 Side 2 forced transition at x/c =  1.0000   72

   4   rms: 0.3731E-05   max: 0.1896E-04   C at   72  2
       a =  7.750      CL =  1.1711
      Cm = -0.0670     CD =  0.01684   =>   CDf =  0.00748    CDp =  0.00936
      9.000    5.7659   0.016839   0.003613   0.004723   0.001111    0.3391     #

 Point added to stored polar  1
 Point written to save file  clarky_re200000_clean.polar                     
 Dump file unspecified or not available
 Calculating wake trajectory ...
 Calculating source influence matrix ...

 Solving BL system ...

 Side 1  free  transition at x/c =  0.3391   56
 Side 2 forced transition at x/c =  1.0000   72

   1   rms: 0.3946E-01   max: 0.1786E+00   T at   56  1
       a =  8.000      CL =  1.1929
      Cm = -0.0661     CD =  0.01720   =>   CDf =  0.00748    CDp =  0.00972

 Side 1  free  transition at x/c =  0.3273   55
 Side 2 forced transition at x/c =  1.0000   72

   2   rms: 0.7600E-02   max: -.7889E-01   D at   56  1
       a =  8.000      CL =  1.1924
      Cm = -0.0661     CD =  0.01735   =>   CDf =  0.00758    CDp =  0.00977

 Side 1  free  transition at x/c =  0.3286   55
 Side 2 forced transition at x/c =  1.0000   72

   3   rms: 0.2256E-03   max: 0.1518E-02   T at   55  1
       a =  8.000      CL =  1.1926
      Cm = -0.0661     CD =  0.01736   =>   CDf =  0.00755    CDp =  0.00980

 Side 1  free  transition at x/c =  0.3285   55
 Side 2 forced transition at x/c =  1.0000   72

   4   rms: 0.1478E-05   max: 0.7304E-05   D at   91  1
       a =  8.000      CL =  1.1926
      Cm = -0.0661     CD =  0.01736   =>   CDf =  0.00755    CDp =  0.00980
      9.000    5.6213   0.017356   0.003660   0.004771   0.001111    0.3285     #

 Point added to stored polar  1
 Point written to save file  clarky_re200000_clean.polar                     
 Dump file unspecified or not available
 Calculating wake trajectory ...
 Calculating source influence matrix ...

 Solving BL system ...

 Side 1  free  transition at x/c =  0.3285   55
 Side 2 forced transition at x/c =  1.0000   72

   1   rms: 0.3958E-01   max: -.2237E+00   C at   55  1
       a =  8.250      CL =  1.2132
      Cm = -0.0649     CD =  0.01753   =>   CDf =  0.00732    CDp =  0.01021

 Side 1  free  transition at x/c =  0.3136   56
 Side 2 forced transition at x/c =  1.0000   71

   2   rms: 0.1308E-01   max: -.1482E+00   D at   56  1
       a =  8.250      CL =  1.2122
      Cm = -0.0648     CD =  0.01764   =>   CDf =  0.00752    CDp =  0.01012

 Side 1  free  transition at x/c =  0.3165   56
 Side 2 forced transition at x/c =  1.0000   71

   3   rms: 0.1401E-02   max: -.1065E-01   D at    4  1
       a =  8.250      CL =  1.2129
      Cm = -0.0649     CD =  0.01767   =>   CDf =  0.00741    CDp =  0.01025

 Side 1  free  transition at x/c =  0.3161   56
 Side 2 forced transition at x/c =  1.0000   71

   4   rms: 0.1541E-04   max: -.1692E-03   D at   56  1
       a =  8.250      CL =  1.2129
      Cm = -0.0649     CD =  0.01767   =>   CDf =  0.00742    CDp =  0.01025
      9.000    5.5143   0.017666   0.003706   0.004762   0.001057    0.3161     #

 Point added to stored polar  1
 Point written to save file  clarky_re200000_clean.polar                     
 Dump file unspecified or not available
 Calculating wake trajectory ...
 Calculating source influence matrix ...

 Solving BL system ...

 Side 1  free  transition at x/c =  0.3161   56
 Side 2 forced transition at x/c =  1.0000   71

   1   rms: 0.4201E-01   max: 0.2141E+00   T at   56  1
       a =  8.500      CL =  1.2323
      Cm = -0.0636     CD =  0.01814   =>   CDf =  0.00742    CDp =  0.01072

 Side 1  free  transition at x/c =  0.3033   55
 Side 2 forced transition at x/c =  1.0000   71

   2   rms: 0.1014E-01   max: -.1220E+00   D at   55  1
       a =  8.500      CL =  1.2317
      Cm = -0.0635     CD =  0.01807   =>   CDf =  0.00745    CDp =  0.01062

 Side 1  free  transition at x/c =  0.3029   55
 Side 2 forced transition at x/c =  1.0000   71

   3   rms: 0.6524E-03   max: -.4254E-02   D at   57  1
       a =  8.500      CL =  1.2323
      Cm = -0.0636     CD =  0.01808   =>   CDf =  0.00738    CDp =  0.01070

 Side 1  free  transition at x/c =  0.3026   55
 Side 2 forced transition at x/c =  1.0000   71

   4   rms: 0.4121E-05   max: -.3901E-04   D at   55  1
       a =  8.500      CL =  1.2323
      Cm = -0.0636     CD =  0.01808   =>   CDf =  0.00738    CDp =  0.01070
      9.000    5.2268   0.018077   0.003753   0.004714   0.000961    0.3026     #

 Point added to stored polar  1
 Point written to save file  clarky_re200000_clean.polar                     
 Dump file unspecified or not available
 Calculating wake trajectory ...
 Calculating source influence matrix ...

 Solving BL system ...

 Side 1  free  transition at x/c =  0.3026   55
 Side 2 forced transition at x/c =  1.0000   71

   1   rms: 0.4028E-01   max: 0.2252E+00   T at   55  1
       a =  8.750      CL =  1.2511
      Cm = -0.0622     CD =  0.01839   =>   CDf =  0.00738    CDp =  0.01101

 Side 1  free  transition at x/c =  0.2869   54
 Side 2 forced transition at x/c =  1.0000   71

   2   rms: 0.9660E-02   max: -.1037E+00   D at   54  1
       a =  8.750      CL =  1.2497
      Cm = -0.0620     CD =  0.01850   =>   CDf =  0.00745    CDp =  0.01105

 Side 1  free  transition at x/c =  0.2885   54
 Side 2 forced transition at x/c =  1.0000   71

   3   rms: 0.8227E-03   max: 0.5855E-02   T at   54  1
       a =  8.750      CL =  1.2503
      Cm = -0.0621     CD =  0.01850   =>   CDf =  0.00737    CDp =  0.01113

 Side 1  free  transition at x/c =  0.2881   54
 Side 2 forced transition at x/c =  1.0000   71

   4   rms: 0.9522E-05   max: -.8243E-04   C at   54  1
       a =  8.750      CL =  1.2503
      Cm = -0.0621     CD =  0.01850   =>   CDf =  0.00737    CDp =  0.01113
      9.000    4.9190   0.018505   0.003807   0.004616   0.000809    0.2881     #

 Point added to stored polar  1
 Point written to save file  clarky_re200000_clean.polar                     
 Dump file unspecified or not available
 Calculating wake trajectory ...
 Calculating source influence matrix ...

 Solving BL system ...

 Side 1  free  transition at x/c =  0.2881   54
 Side 2 forced transition at x/c =  1.0000   71

   1   rms: 0.4027E-01   max: 0.2280E+00   T at   54  1
       a =  9.000      CL =  1.2693
      Cm = -0.0607     CD =  0.01872   =>   CDf =  0.00713    CDp =  0.01160

 Side 1  free  transition at x/c =  0.2696   54
 Side 2 forced transition at x/c =  1.0000   70

   2   rms: 0.1739E-01   max: -.2494E+00   D at    2  1
       a =  9.000      CL =  1.2666
      Cm = -0.0603     CD =  0.01892   =>   CDf =  0.00764    CDp =  0.01127

 Side 1  free  transition at x/c =  0.2726   53
 Side 2 forced transition at x/c =  1.0000   71

   3   rms: 0.3585E-02   max: 0.5620E-01   D at    2  2
       a =  9.000      CL =  1.2672
      Cm = -0.0604     CD =  0.01893   =>   CDf =  0.00736    CDp =  0.01157

 Side 1  free  transition at x/c =  0.2722   53
 Side 2 forced transition at x/c =  1.0000   71

   4   rms: 0.1228E-02   max: 0.1638E-01   D at    4  2
       a =  9.000      CL =  1.2672
      Cm = -0.0604     CD =  0.01893   =>   CDf =  0.00736    CDp =  0.01157

 Side 1  free  transition at x/c =  0.2722   53
 Side 2 forced transition at x/c =  1.0000   71

   5   rms: 0.8095E-05   max: -.1090E-03   D at    4  2
       a =  9.000      CL =  1.2672
      Cm = -0.0604     CD =  0.01893   =>   CDf =  0.00736    CDp =  0.01157
      9.000    4.5415   0.018927   0.003869   0.004454   0.000585    0.2722     #

 Point added to stored polar  1
 Point written to save file  clarky_re200000_clean.polar                     
 Dump file unspecified or not available
 Calculating wake trajectory ...
 Calculating source influence matrix ...

 Solving BL system ...

 Side 1  free  transition at x/c =  0.2722   53
 Side 2 forced transition at x/c =  1.0000   71

   1   rms: 0.4388E-01   max: -.3096E+00   D at    3  2
       a =  9.250      CL =  1.2872
      Cm = -0.0592     CD =  0.01910   =>   CDf =  0.00710    CDp =  0.01199

 Side 1  free  transition at x/c =  0.2504   53
 Side 2 forced transition at x/c =  1.0000   70

   2   rms: 0.1371E-01   max: -.1140E+00   C at   53  1
       a =  9.250      CL =  1.2828
      Cm = -0.0585     CD =  0.01933   =>   CDf =  0.00737    CDp =  0.01196

 Side 1  free  transition at x/c =  0.2549   53
 Side 2 forced transition at x/c =  1.0000   70

   3   rms: 0.1770E-02   max: -.1245E-01   D at    4  1
       a =  9.250      CL =  1.2835
      Cm = -0.0587     CD =  0.01935   =>   CDf =  0.00731    CDp =  0.01204

 Side 1  free  transition at x/c =  0.2542   53
 Side 2 forced transition at x/c =  1.0000   70

   4   rms: 0.2086E-04   max: -.2540E-03   D at   54  1
       a =  9.250      CL =  1.2835
      Cm = -0.0587     CD =  0.01935   =>   CDf =  0.00730    CDp =  0.01205
      9.000    4.1799   0.019350   0.003946   0.004244   0.000298    0.2542     #

 Point added to stored polar  1
 Point written to save file  clarky_re200000_clean.polar                     
 Dump file unspecified or not available
 Calculating wake trajectory ...
 Calculating source influence matrix ...

 Solving BL system ...

 Side 1  free  transition at x/c =  0.2542   53
 Side 2 forced transition at x/c =  1.0000   70

   1   rms: 0.4121E-01   max: 0.2137E+00   T at   53  1
       a =  9.500      CL =  1.3033
      Cm = -0.0574     CD =  0.01959   =>   CDf =  0.00730    CDp =  0.01229

 Side 1  free  transition at x/c =  0.2289   52
 Side 2 forced transition at x/c =  1.0000   70

   2   rms: 0.1262E-01   max: -.1455E+00   C at   52  1
       a =  9.500      CL =  1.2979
      Cm = -0.0567     CD =  0.01980   =>   CDf =  0.00734    CDp =  0.01246

 Side 1  free  transition at x/c =  0.2340   52
 Side 2 forced transition at x/c =  1.0000   70

   3   rms: 0.1469E-02   max: -.1754E-01   D at   54  1
       a =  9.500      CL =  1.2984
      Cm = -0.0567     CD =  0.01983   =>   CDf =  0.00726    CDp =  0.01256

 Side 1  free  transition at x/c =  0.2329   52
 Side 2 forced transition at x/c =  1.0000   70

   4   rms: 0.4192E-04   max: -.5857E-03   C at   52  1
       a =  9.500      CL =  1.2984
      Cm = -0.0567     CD =  0.01983   =>   CDf =  0.00727    CDp =  0.01256
      9.000    3.8681   0.019828   0.000000   0.000000   0.000000    0.2329     #

 Point added to stored polar  1
 Point written to save file  clarky_re200000_clean.polar                     
 Dump file unspecified or not available
 Calculating wake trajectory ...
 Calculating source influence matrix ...

 Solving BL system ...

 Side 1  free  transition at x/c =  0.2330   52
 Side 2 forced transition at x/c =  1.0000   70

   1   rms: 0.4028E-01   max: -.2027E+00   D at   53  1
       a =  9.750      CL =  1.3128
      Cm = -0.0547     CD =  0.02033   =>   CDf =  0.00727    CDp =  0.01305

 Side 1  free  transition at x/c =  0.2070   51
 Side 2 forced transition at x/c =  1.0000   70

   2   rms: 0.1308E-01   max: -.1964E+00   D at   51  1
       a =  9.750      CL =  1.3088
      Cm = -0.0541     CD =  0.02045   =>   CDf =  0.00737    CDp =  0.01307

 Side 1  free  transition at x/c =  0.2110   51
 Side 2 forced transition at x/c =  1.0000   70

   3   rms: 0.2886E-02   max: 0.4527E-01   C at   51  1
       a =  9.750      CL =  1.3094
      Cm = -0.0542     CD =  0.02048   =>   CDf =  0.00730    CDp =  0.01318

 Side 1  free  transition at x/c =  0.2095   51
 Side 2 forced transition at x/c =  1.0000   70

   4   rms: 0.7647E-04   max: -.9911E-03   C at   51  1
       a =  9.750      CL =  1.3094
      Cm = -0.0542     CD =  0.02048   =>   CDf =  0.00733    CDp =  0.01316
      9.000    3.9436   0.020485   0.000000   0.000000   0.000000    0.2095     #

 Point added to stored polar  1
 Point written to save file  clarky_re200000_clean.polar                     
 Dump file unspecified or not available
 Calculating wake trajectory ...
 Calculating source influence matrix ...

 Solving BL system ...

 Side 1  free  transition at x/c =  0.2096   51
 Side 2 forced transition at x/c =  1.0000   70

   1   rms: 0.4609E-01   max: 0.4247E+00   C at   51  1
       a = 10.000      CL =  1.3167
      Cm = -0.0513     CD =  0.02139   =>   CDf =  0.00705    CDp =  0.01434

 Side 1  free  transition at x/c =  0.1877   50
 Side 2 forced transition at x/c =  1.0000   69

   2   rms: 0.7896E-02   max: 0.1053E+00   D at   51  1
       a = 10.000      CL =  1.3184
      Cm = -0.0516     CD =  0.02136   =>   CDf =  0.00744    CDp =  0.01392

 Side 1  free  transition at x/c =  0.1866   50
 Side 2 forced transition at x/c =  1.0000   69

   3   rms: 0.1076E-02   max: -.1245E-01   D at    4  1
       a = 10.000      CL =  1.3184
      Cm = -0.0516     CD =  0.02136   =>   CDf =  0.00742    CDp =  0.01394

 Side 1  free  transition at x/c =  0.1864   50
 Side 2 forced transition at x/c =  1.0000   69

   4   rms: 0.5996E-05   max: -.4664E-04   C at   50  1
       a = 10.000      CL =  1.3184
      Cm = -0.0516     CD =  0.02136   =>   CDf =  0.00742    CDp =  0.01394
      9.000    4.1650   0.021359   0.002940   0.003679   0.000738    0.1864     #

 Point added to stored polar  1
 Point written to save file  clarky_re200000_clean.polar                     
 Dump file unspecified or not available
 Calculating wake trajectory ...
 Calculating source influence matrix ...

 Solving BL system ...

 Side 1  free  transition at x/c =  0.1864   50
 Side 2 forced transition at x/c =  1.0000   69

   1   rms: 0.4373E-01   max: 0.4296E+00   C at   50  1
       a = 10.250      CL =  1.3297
      Cm = -0.0494     CD =  0.02227   =>   CDf =  0.00742    CDp =  0.01485

 Side 1  free  transition at x/c =  0.1646   49
 Side 2 forced transition at x/c =  1.0000   69

   2   rms: 0.1110E-01   max: -.1415E+00   C at   49  1
       a = 10.250      CL =  1.3263
      Cm = -0.0491     CD =  0.02237   =>   CDf =  0.00757    CDp =  0.01480

 Side 1  free  transition at x/c =  0.1679   49
 Side 2 forced transition at x/c =  1.0000   69

   3   rms: 0.1234E-02   max: 0.1899E-01   C at   49  1
       a = 10.250      CL =  1.3267
      Cm = -0.0491     CD =  0.02238   =>   CDf =  0.00750    CDp =  0.01488

 Side 1  free  transition at x/c =  0.1673   49
 Side 2 forced transition at x/c =  1.0000   69

   4   rms: 0.3085E-04   max: -.3213E-03   C at   49  1
       a = 10.250      CL =  1.3267
      Cm = -0.0491     CD =  0.02238   =>   CDf =  0.00751    CDp =  0.01487
      9.000    4.3744   0.022383   0.019407   0.003716  -0.015691    0.1673     #

 Point added to stored polar  1
 Point written to save file  clarky_re200000_clean.polar                     
 Dump file unspecified or not available
 Calculating wake trajectory ...
 Calculating source influence matrix ...

 Solving BL system ...

 Side 1  free  transition at x/c =  0.1673   49
 Side 2 forced transition at x/c =  1.0000   69

   1   rms: 0.4376E-01   max: 0.4052E+00   C at   49  1
       a = 10.500      CL =  1.3350
      Cm = -0.0467     CD =  0.02353   =>   CDf =  0.00751    CDp =  0.01601

 Side 1  free  transition at x/c =  0.1534   48
 Side 2 forced transition at x/c =  1.0000   69

   2   rms: 0.6887E-02   max: -.1003E+00   D at   48  1
       a = 10.500      CL =  1.3353
      Cm = -0.0468     CD =  0.02344   =>   CDf =  0.00757    CDp =  0.01587

 Side 1  free  transition at x/c =  0.1534   48
 Side 2 forced transition at x/c =  1.0000   69

   3   rms: 0.3675E-03   max: 0.5860E-02   C at   48  1
       a = 10.500      CL =  1.3353
      Cm = -0.0468     CD =  0.02346   =>   CDf =  0.00756    CDp =  0.01591

 Side 1  free  transition at x/c =  0.1533   48
 Side 2 forced transition at x/c =  1.0000   69

   4   rms: 0.8010E-05   max: -.3156E-04   C at   48  1
       a = 10.500      CL =  1.3352
      Cm = -0.0468     CD =  0.02346   =>   CDf =  0.00756    CDp =  0.01590
      9.000    4.5767   0.023463   0.019692   0.003743  -0.015949    0.1533     #

 Point added to stored polar  1
 Point written to save file  clarky_re200000_clean.polar                     
 Dump file unspecified or not available
 Calculating wake trajectory ...
 Calculating source influence matrix ...

 Solving BL system ...

 Side 1  free  transition at x/c =  0.1533   48
 Side 2 forced transition at x/c =  1.0000   69

   1   rms: 0.4129E-01   max: 0.3056E+00   C at   48  1
       a = 10.750      CL =  1.3438
      Cm = -0.0445     CD =  0.02465   =>   CDf =  0.00756    CDp =  0.01708

 Side 1  free  transition at x/c =  0.1419   47
 Side 2 forced transition at x/c =  1.0000   69

   2   rms: 0.7270E-02   max: -.1003E+00   D at   47  1
       a = 10.750      CL =  1.3441
      Cm = -0.0446     CD =  0.02454   =>   CDf =  0.00759    CDp =  0.01695

 Side 1  free  transition at x/c =  0.1422   47
 Side 2 forced transition at x/c =  1.0000   69

   3   rms: 0.3882E-03   max: 0.5777E-02   C at   47  1
       a = 10.750      CL =  1.3442
      Cm = -0.0446     CD =  0.02456   =>   CDf =  0.00757    CDp =  0.01699

 Side 1  free  transition at x/c =  0.1421   47
 Side 2 forced transition at x/c =  1.0000   69

   4   rms: 0.7930E-05   max: 0.2770E-04   D at   89  1
       a = 10.750      CL =  1.3442
      Cm = -0.0446     CD =  0.02456   =>   CDf =  0.00757    CDp =  0.01699
      9.000    4.7392   0.024562   0.019965   0.003772  -0.016193    0.1421     #

 Point added to stored polar  1
 Point written to save file  clarky_re200000_clean.polar                     
 Dump file unspecified or not available
 Calculating wake trajectory ...
 Calculating source influence matrix ...

 Solving BL system ...

 Side 1  free  transition at x/c =  0.1421   47
 Side 2 forced transition at x/c =  1.0000   69

   1   rms: 0.3928E-01   max: 0.2211E+00   C at   47  1
       a = 11.000      CL =  1.3546
      Cm = -0.0427     CD =  0.02569   =>   CDf =  0.00724    CDp =  0.01845

 Side 1  free  transition at x/c =  0.1318   47
 Side 2 forced transition at x/c =  1.0000   68

   2   rms: 0.7210E-02   max: -.8859E-01   C at   47  1
       a = 11.000      CL =  1.3526
      Cm = -0.0425     CD =  0.02571   =>   CDf =  0.00760    CDp =  0.01811

 Side 1  free  transition at x/c =  0.1327   47
 Side 2 forced transition at x/c =  1.0000   68

   3   rms: 0.1349E-02   max: -.1589E-01   D at    4  1
       a = 11.000      CL =  1.3528
      Cm = -0.0425     CD =  0.02571   =>   CDf =  0.00757    CDp =  0.01815

 Side 1  free  transition at x/c =  0.1326   47
 Side 2 forced transition at x/c =  1.0000   68

   4   rms: 0.1076E-04   max: 0.4942E-04   D at   90  1
       a = 11.000      CL =  1.3528
      Cm = -0.0425     CD =  0.02571   =>   CDf =  0.00757    CDp =  0.01815
      9.000    4.8505   0.025713   0.020210   0.003779  -0.016431    0.1326     #

 Point added to stored polar  1
 Point written to save file  clarky_re200000_clean.polar                     
 Dump file unspecified or not available
 Calculating wake trajectory ...
 Calculating source influence matrix ...

 Solving BL system ...

 Side 1  free  transition at x/c =  0.1326   47
 Side 2 forced transition at x/c =  1.0000   68

   1   rms: 0.3723E-01   max: 0.1493E+00   T at   47  1
       a = 11.250      CL =  1.3658
      Cm = -0.0410     CD =  0.02670   =>   CDf =  0.00757    CDp =  0.01913

 Side 1  free  transition at x/c =  0.1211   46
 Side 2 forced transition at x/c =  1.0000   68

   2   rms: 0.1010E-01   max: -.9718E-01   C at   46  1
       a = 11.250      CL =  1.3601
      Cm = -0.0405     CD =  0.02696   =>   CDf =  0.00763    CDp =  0.01934

 Side 1  free  transition at x/c =  0.1237   46
 Side 2 forced transition at x/c =  1.0000   68

   3   rms: 0.9843E-03   max: -.9856E-02   C at   46  1
       a = 11.250      CL =  1.3606
      Cm = -0.0406     CD =  0.02695   =>   CDf =  0.00759    CDp =  0.01936

 Side 1  free  transition at x/c =  0.1236   46
 Side 2 forced transition at x/c =  1.0000   68

   4   rms: 0.1841E-04   max: -.7579E-04   D at   90  1
       a = 11.250      CL =  1.3606
      Cm = -0.0406     CD =  0.02695   =>   CDf =  0.00758    CDp =  0.01937
      9.000    5.0804   0.026951   0.020424   0.003769  -0.016655    0.1236     #

 Point added to stored polar  1
 Point written to save file  clarky_re200000_clean.polar                     
 Dump file unspecified or not available
 Calculating wake trajectory ...
 Calculating source influence matrix ...

 Solving BL system ...

 Side 1  free  transition at x/c =  0.1236   46
 Side 2 forced transition at x/c =  1.0000   68

   1   rms: 0.3965E-01   max: 0.2064E+00   T at   46  1
       a = 11.500      CL =  1.3783
      Cm = -0.0396     CD =  0.02766   =>   CDf =  0.00759    CDp =  0.02007

 Side 1  free  transition at x/c =  0.1111   45
 Side 2 forced transition at x/c =  1.0000   68

   2   rms: 0.1474E-01   max: -.8905E-01   T at   45  1
       a = 11.500      CL =  1.3677
      Cm = -0.0387     CD =  0.02827   =>   CDf =  0.00761    CDp =  0.02066

 Side 1  free  transition at x/c =  0.1146   46
 Side 2 forced transition at x/c =  1.0000   68

   3   rms: 0.5022E-02   max: -.6764E-01   D at   45  1
       a = 11.500      CL =  1.3704
      Cm = -0.0389     CD =  0.02809   =>   CDf =  0.00756    CDp =  0.02053

 Side 1  free  transition at x/c =  0.1142   46
 Side 2 forced transition at x/c =  1.0000   68

   4   rms: 0.3942E-03   max: 0.4528E-02   C at   46  1
       a = 11.500      CL =  1.3705
      Cm = -0.0389     CD =  0.02809   =>   CDf =  0.00753    CDp =  0.02056

 Side 1  free  transition at x/c =  0.1141   46
 Side 2 forced transition at x/c =  1.0000   68

   5   rms: 0.1470E-04   max: 0.6463E-04   D at   88  1
       a = 11.500      CL =  1.3705
      Cm = -0.0389     CD =  0.02809   =>   CDf =  0.00753    CDp =  0.02056
      9.000    5.3287   0.028095   0.020575   0.003746  -0.016829    0.1141     #

 Point added to stored polar  1
 Point written to save file  clarky_re200000_clean.polar                     
 Dump file unspecified or not available
 Calculating wake trajectory ...
 Calculating source influence matrix ...

 Solving BL system ...

 Side 1  free  transition at x/c =  0.1141   46
 Side 2 forced transition at x/c =  1.0000   68

   1   rms: 0.4264E-01   max: -.2272E+00   D at   46  1
       a = 11.750      CL =  1.3751
      Cm = -0.0369     CD =  0.02974   =>   CDf =  0.00754    CDp =  0.02220

 Side 1  free  transition at x/c =  0.1057   45
 Side 2 forced transition at x/c =  1.0000   68

   2   rms: 0.1463E-01   max: -.1933E+00   D at   45  1
       a = 11.750      CL =  1.3804
      Cm = -0.0374     CD =  0.02922   =>   CDf =  0.00748    CDp =  0.02174

 Side 1  free  transition at x/c =  0.1039   45
 Side 2 forced transition at x/c =  1.0000   68

   3   rms: 0.1294E-02   max: 0.9909E-02   D at   45  1
       a = 11.750      CL =  1.3792
      Cm = -0.0373     CD =  0.02936   =>   CDf =  0.00751    CDp =  0.02185

 Side 1  free  transition at x/c =  0.1041   45
 Side 2 forced transition at x/c =  1.0000   68

   4   rms: 0.1070E-04   max: 0.1240E-03   C at   45  1
       a = 11.750      CL =  1.3792
      Cm = -0.0373     CD =  0.02936   =>   CDf =  0.00751    CDp =  0.02185
      9.000    5.5926   0.029357   0.020709   0.003677  -0.017032    0.1041     #

 Point added to stored polar  1
 Point written to save file  clarky_re200000_clean.polar                     
 Dump file unspecified or not available
 Calculating wake trajectory ...
 Calculating source influence matrix ...

 Solving BL system ...

 Side 1  free  transition at x/c =  0.1041   45
 Side 2 forced transition at x/c =  1.0000   68

   1   rms: 0.4398E-01   max: -.2423E+00   D at   45  1
       a = 12.000      CL =  1.3831
      Cm = -0.0355     CD =  0.03113   =>   CDf =  0.00712    CDp =  0.02402

 Side 1  free  transition at x/c =  0.0967   45
 Side 2 forced transition at x/c =  1.0000   67

   2   rms: 0.1321E-01   max: -.1474E+00   D at   45  1
       a = 12.000      CL =  1.3885
      Cm = -0.0359     CD =  0.03059   =>   CDf =  0.00741    CDp =  0.02318

 Side 1  free  transition at x/c =  0.0937   44
 Side 2 forced transition at x/c =  1.0000   67

   3   rms: 0.3820E-02   max: -.1855E-01   T at   44  1
       a = 12.000      CL =  1.3855
      Cm = -0.0357     CD =  0.03086   =>   CDf =  0.00749    CDp =  0.02336

 Side 1  free  transition at x/c =  0.0944   45
 Side 2 forced transition at x/c =  1.0000   67

   4   rms: 0.3918E-02   max: -.5425E-01   D at   44  1
       a = 12.000      CL =  1.3867
      Cm = -0.0357     CD =  0.03075   =>   CDf =  0.00750    CDp =  0.02325

 Side 1  free  transition at x/c =  0.0943   45
 Side 2 forced transition at x/c =  1.0000   67

   5   rms: 0.2844E-03   max: 0.3363E-02   C at   45  1
       a = 12.000      CL =  1.3867
      Cm = -0.0357     CD =  0.03076   =>   CDf =  0.00747    CDp =  0.02329

 Side 1  free  transition at x/c =  0.0942   45
 Side 2 forced transition at x/c =  1.0000   67

   6   rms: 0.9591E-05   max: 0.4394E-04   D at   45  1
       a = 12.000      CL =  1.3867
      Cm = -0.0357     CD =  0.03076   =>   CDf =  0.00747    CDp =  0.02329
      9.000    5.8710   0.030759   0.020831   0.003590  -0.017242    0.0942     #

 Point added to stored polar  1
 Point written to save file  clarky_re200000_clean.polar                     
 Dump file unspecified or not available
 Calculating wake trajectory ...
 Calculating source influence matrix ...

 Solving BL system ...

 Side 1  free  transition at x/c =  0.0942   45
 Side 2 forced transition at x/c =  1.0000   67

   1   rms: 0.4642E-01   max: -.2643E+00   D at   46  1
       a = 12.250      CL =  1.3885
      Cm = -0.0339     CD =  0.03280   =>   CDf =  0.00747    CDp =  0.02533

 Side 1  free  transition at x/c =  0.0852   43
 Side 2 forced transition at x/c =  1.0000   67

   2   rms: 0.2846E-01   max: -.2973E+00   D at   44  1
       a = 12.250      CL =  1.3996
      Cm = -0.0346     CD =  0.03170   =>   CDf =  0.00740    CDp =  0.02431

 Side 1  free  transition at x/c =  0.0793   43
 Side 2 forced transition at x/c =  1.0000   67

   3   rms: 0.7731E-02   max: -.6376E-01   C at   43  1
       a = 12.250      CL =  1.3944
      Cm = -0.0343     CD =  0.03223   =>   CDf =  0.00746    CDp =  0.02477

 Side 1  free  transition at x/c =  0.0810   43
 Side 2 forced transition at x/c =  1.0000   67

   4   rms: 0.6937E-03   max: -.9918E-02   C at   43  1
       a = 12.250      CL =  1.3942
      Cm = -0.0343     CD =  0.03224   =>   CDf =  0.00743    CDp =  0.02481

 Side 1  free  transition at x/c =  0.0812   43
 Side 2 forced transition at x/c =  1.0000   67

   5   rms: 0.2617E-04   max: -.1362E-03   D at   44  1
       a = 12.250      CL =  1.3942
      Cm = -0.0343     CD =  0.03224   =>   CDf =  0.00743    CDp =  0.02481
      9.000    6.1441   0.032239   0.020956   0.003419  -0.017536    0.0812     #

 Point added to stored polar  1
 Point written to save file  clarky_re200000_clean.polar                     
 Dump file unspecified or not available
 Calculating wake trajectory ...
 Calculating source influence matrix ...

 Solving BL system ...

 Side 1  free  transition at x/c =  0.0812   43
 Side 2 forced transition at x/c =  1.0000   67

   1   rms: 0.5150E-01   max: 0.3272E+00   C at   43  1
       a = 12.500      CL =  1.4003
      Cm = -0.0328     CD =  0.03405   =>   CDf =  0.00743    CDp =  0.02662

 Side 1  free  transition at x/c =  0.0652   41
 Side 2 forced transition at x/c =  1.0000   67

   2   rms: 0.1454E-01   max: -.1883E+00   D at   41  1
       a = 12.500      CL =  1.3971
      Cm = -0.0327     CD =  0.03418   =>   CDf =  0.00747    CDp =  0.02670

 Side 1  free  transition at x/c =  0.0640   40
 Side 2 forced transition at x/c =  1.0000   67

   3   rms: 0.1171E-02   max: 0.9395E-02   D at   41  1
       a = 12.500      CL =  1.3965
      Cm = -0.0326     CD =  0.03423   =>   CDf =  0.00748    CDp =  0.02675

 Side 1  free  transition at x/c =  0.0640   40
 Side 2 forced transition at x/c =  1.0000   67

   4   rms: 0.4922E-03   max: -.8546E-02   C at   40  1
       a = 12.500      CL =  1.3964
      Cm = -0.0326     CD =  0.03423   =>   CDf =  0.00749    CDp =  0.02674

 Side 1  free  transition at x/c =  0.0640   41
 Side 2 forced transition at x/c =  1.0000   67

   5   rms: 0.3812E-03   max: -.5827E-02   C at   41  1
       a = 12.500      CL =  1.3965
      Cm = -0.0326     CD =  0.03422   =>   CDf =  0.00749    CDp =  0.02674

 Side 1  free  transition at x/c =  0.0641   41
 Side 2 forced transition at x/c =  1.0000   67

   6   rms: 0.1324E-04   max: 0.1511E-03   C at   41  1
       a = 12.500      CL =  1.3965
      Cm = -0.0326     CD =  0.03423   =>   CDf =  0.00748    CDp =  0.02674
      9.000    6.4736   0.034225   0.021129   0.002446  -0.018684    0.0641     #

 Point added to stored polar  1
 Point written to save file  clarky_re200000_clean.polar                     
 Dump file unspecified or not available
 Calculating wake trajectory ...
 Calculating source influence matrix ...

 Solving BL system ...

 Side 1  free  transition at x/c =  0.0640   41
 Side 2 forced transition at x/c =  1.0000   67

   1   rms: 0.6426E-01   max: 0.6375E+00   C at   41  1   RLX: 0.931
       a = 12.750      CL =  1.3923
      Cm = -0.0310     CD =  0.03693   =>   CDf =  0.00749    CDp =  0.02944

 Side 1  free  transition at x/c =  0.0508   38
 Side 2 forced transition at x/c =  1.0000   67

   2   rms: 0.2208E-01   max: -.2181E+00   D at   39  1
       a = 12.750      CL =  1.3970
      Cm = -0.0310     CD =  0.03645   =>   CDf =  0.00750    CDp =  0.02895

 Side 1  free  transition at x/c =  0.0459   37
 Side 2 forced transition at x/c =  1.0000   67

   3   rms: 0.5783E-02   max: -.8430E-01   C at   37  1
       a = 12.750      CL =  1.3949
      Cm = -0.0309     CD =  0.03664   =>   CDf =  0.00759    CDp =  0.02904

 Side 1  free  transition at x/c =  0.0471   37
 Side 2 forced transition at x/c =  1.0000   67

   4   rms: 0.2789E-03   max: -.4214E-02   C at   37  1
       a = 12.750      CL =  1.3949
      Cm = -0.0309     CD =  0.03663   =>   CDf =  0.00757    CDp =  0.02906

 Side 1  free  transition at x/c =  0.0471   37
 Side 2 forced transition at x/c =  1.0000   67

   5   rms: 0.7253E-05   max: 0.7644E-04   C at   37  1
       a = 12.750      CL =  1.3949
      Cm = -0.0309     CD =  0.03663   =>   CDf =  0.00757    CDp =  0.02906
      9.000    7.0335   0.036634   0.021323   0.002668  -0.018655    0.0471     #

 Point added to stored polar  1
 Point written to save file  clarky_re200000_clean.polar                     
 Dump file unspecified or not available
 Calculating wake trajectory ...
 Calculating source influence matrix ...

 Solving BL system ...

 Side 1  free  transition at x/c =  0.0471   37
 Side 2 forced transition at x/c =  1.0000   67

   1   rms: 0.5212E-01   max: 0.5507E+00   C at   37  1   RLX: 0.889
       a = 13.000      CL =  1.3953
      Cm = -0.0296     CD =  0.03893   =>   CDf =  0.00758    CDp =  0.03135

 Side 1  free  transition at x/c =  0.0375   35
 Side 2 forced transition at x/c =  1.0000   67

   2   rms: 0.1961E-01   max: -.3022E+00   D at   36  1
       a = 13.000      CL =  1.3912
      Cm = -0.0295     CD =  0.03933   =>   CDf =  0.00764    CDp =  0.03169

 Side 1  free  transition at x/c =  0.0392   36
 Side 2 forced transition at x/c =  1.0000   67

   3   rms: 0.3904E-02   max: -.6458E-01   D at   35  1
       a = 13.000      CL =  1.3914
      Cm = -0.0294     CD =  0.03930   =>   CDf =  0.00763    CDp =  0.03168

 Side 1  free  transition at x/c =  0.0391   36
 Side 2 forced transition at x/c =  1.0000   67

   4   rms: 0.3978E-03   max: 0.6050E-02   C at   36  1
       a = 13.000      CL =  1.3914
      Cm = -0.0294     CD =  0.03931   =>   CDf =  0.00760    CDp =  0.03171

 Side 1  free  transition at x/c =  0.0391   36
 Side 2 forced transition at x/c =  1.0000   67

   5   rms: 0.1128E-04   max: -.9818E-04   C at   36  1
       a = 13.000      CL =  1.3914
      Cm = -0.0294     CD =  0.03931   =>   CDf =  0.00761    CDp =  0.03170
      9.000    7.5164   0.039310   0.021435   0.002770  -0.018664    0.0391     #

 Point added to stored polar  1
 Point written to save file  clarky_re200000_clean.polar                     
 Dump file unspecified or not available
 Calculating wake trajectory ...
 Calculating source influence matrix ...

 Solving BL system ...

 Side 1  free  transition at x/c =  0.0391   36
 Side 2 forced transition at x/c =  1.0000   67

   1   rms: 0.4906E-01   max: 0.4392E+00   C at   36  1   RLX: 0.834
       a = 13.250      CL =  1.3882
      Cm = -0.0284     CD =  0.04194   =>   CDf =  0.00711    CDp =  0.03483

 Side 1  free  transition at x/c =  0.0357   36
 Side 2 forced transition at x/c =  1.0000   66

   2   rms: 0.1018E-01   max: -.1409E+00   D at   36  1
       a = 13.250      CL =  1.3889
      Cm = -0.0282     CD =  0.04205   =>   CDf =  0.00755    CDp =  0.03450

 Side 1  free  transition at x/c =  0.0349   36
 Side 2 forced transition at x/c =  1.0000   66

   3   rms: 0.1688E-02   max: -.1595E-01   C at   36  1
       a = 13.250      CL =  1.3880
      Cm = -0.0282     CD =  0.04209   =>   CDf =  0.00758    CDp =  0.03452

 Side 1  free  transition at x/c =  0.0350   36
 Side 2 forced transition at x/c =  1.0000   66

   4   rms: 0.2626E-04   max: -.1913E-03   D at   36  1
       a = 13.250      CL =  1.3880
      Cm = -0.0282     CD =  0.04209   =>   CDf =  0.00757    CDp =  0.03452
      9.000    7.9494   0.042090   0.021475   0.002831  -0.018644    0.0350     #

 Point added to stored polar  1
 Point written to save file  clarky_re200000_clean.polar                     
 Dump file unspecified or not available
 Calculating wake trajectory ...
 Calculating source influence matrix ...

 Solving BL system ...

 Side 1  free  transition at x/c =  0.0350   36
 Side 2 forced transition at x/c =  1.0000   66

   1   rms: 0.4405E-01   max: 0.2716E+00   C at   36  1   RLX: 0.792
       a = 13.500      CL =  1.3851
      Cm = -0.0275     CD =  0.04472   =>   CDf =  0.00757    CDp =  0.03714

 Side 1  free  transition at x/c =  0.0332   35
 Side 2 forced transition at x/c =  1.0000   66

   2   rms: 0.8838E-02   max: -.7618E-01   D at   35  1
       a = 13.500      CL =  1.3857
      Cm = -0.0273     CD =  0.04498   =>   CDf =  0.00750    CDp =  0.03748

 Side 1  free  transition at x/c =  0.0324   35
 Side 2 forced transition at x/c =  1.0000   66

   3   rms: 0.1529E-02   max: -.1675E-01   C at   35  1
       a = 13.500      CL =  1.3851
      Cm = -0.0273     CD =  0.04494   =>   CDf =  0.00748    CDp =  0.03746

 Side 1  free  transition at x/c =  0.0325   35
 Side 2 forced transition at x/c =  1.0000   66

   4   rms: 0.3867E-04   max: -.2062E-03   D at   37  1
       a = 13.500      CL =  1.3851
      Cm = -0.0273     CD =  0.04494   =>   CDf =  0.00748    CDp =  0.03746
      9.000    8.3829   0.044942   0.021450   0.002917  -0.018533    0.0325     #

 Point added to stored polar  1
 Point written to save file  clarky_re200000_clean.polar                     
 Dump file unspecified or not available
 Calculating wake trajectory ...
 Calculating source influence matrix ...

 Solving BL system ...

 Side 1  free  transition at x/c =  0.0325   35
 Side 2 forced transition at x/c =  1.0000   66

   1   rms: 0.3925E-01   max: 0.1757E+00   C at   35  1   RLX: 0.756
       a = 13.750      CL =  1.3833
      Cm = -0.0267     CD =  0.04744   =>   CDf =  0.00748    CDp =  0.03996

 Side 1  free  transition at x/c =  0.0311   34
 Side 2 forced transition at x/c =  1.0000   66

   2   rms: 0.1007E-01   max: 0.5557E-01   D at   80  1
       a = 13.750      CL =  1.3800
      Cm = -0.0266     CD =  0.04828   =>   CDf =  0.00745    CDp =  0.04083

 Side 1  free  transition at x/c =  0.0310   34
 Side 2 forced transition at x/c =  1.0000   66

   3   rms: 0.7943E-03   max: 0.7300E-02   D at   79  1
       a = 13.750      CL =  1.3795
      Cm = -0.0265     CD =  0.04820   =>   CDf =  0.00741    CDp =  0.04078

 Side 1  free  transition at x/c =  0.0310   34
 Side 2 forced transition at x/c =  1.0000   66

   4   rms: 0.2028E-04   max: 0.1341E-03   D at   77  2
       a = 13.750      CL =  1.3795
      Cm = -0.0265     CD =  0.04819   =>   CDf =  0.00741    CDp =  0.04078
      9.000    8.7351   0.048189   0.021369   0.003008  -0.018361    0.0310     #

 Point added to stored polar  1
 Point written to save file  clarky_re200000_clean.polar                     
 Dump file unspecified or not available
 Calculating wake trajectory ...
 Calculating source influence matrix ...

 Solving BL system ...

 Side 1  free  transition at x/c =  0.0310   34
 Side 2 forced transition at x/c =  1.0000   66

   1   rms: 0.3616E-01   max: 0.1317E+00   D at   77  1   RLX: 0.719
       a = 14.000      CL =  1.3783
      Cm = -0.0262     CD =  0.05064   =>   CDf =  0.00742    CDp =  0.04322

 Side 1  free  transition at x/c =  0.0299   34
 Side 2 forced transition at x/c =  1.0000   66

   2   rms: 0.1057E-01   max: 0.5313E-01   D at   78  1
       a = 14.000      CL =  1.3758
      Cm = -0.0261     CD =  0.05154   =>   CDf =  0.00732    CDp =  0.04422

 Side 1  free  transition at x/c =  0.0297   34
 Side 2 forced transition at x/c =  1.0000   66

   3   rms: 0.8030E-03   max: 0.4760E-02   D at   77  2
       a = 14.000      CL =  1.3752
      Cm = -0.0261     CD =  0.05143   =>   CDf =  0.00728    CDp =  0.04415

 Side 1  free  transition at x/c =  0.0298   34
 Side 2 forced transition at x/c =  1.0000   66

   4   rms: 0.1407E-04   max: 0.1880E-03   D at   77  2
       a = 14.000      CL =  1.3752
      Cm = -0.0261     CD =  0.05142   =>   CDf =  0.00728    CDp =  0.04415
      9.000    9.1633   0.051423   0.021244   0.003115  -0.018130    0.0298     #

 Point added to stored polar  1
 Point written to save file  clarky_re200000_clean.polar                     
 Dump file unspecified or not available
 Calculating wake trajectory ...
 Calculating source influence matrix ...

 Solving BL system ...

 Side 1  free  transition at x/c =  0.0298   34
 Side 2 forced transition at x/c =  1.0000   66

   1   rms: 0.3644E-01   max: 0.1380E+00   D at   75  1   RLX: 0.685
       a = 14.250      CL =  1.3730
      Cm = -0.0260     CD =  0.05401   =>   CDf =  0.00728    CDp =  0.04673

 Side 1  free  transition at x/c =  0.0289   34
 Side 2 forced transition at x/c =  1.0000   66

   2   rms: 0.1226E-01   max: 0.6242E-01   D at   77  1
       a = 14.250      CL =  1.3699
      Cm = -0.0259     CD =  0.05513   =>   CDf =  0.00721    CDp =  0.04793

 Side 1  free  transition at x/c =  0.0288   34
 Side 2 forced transition at x/c =  1.0000   66

   3   rms: 0.9371E-03   max: 0.4809E-02   D at   77  2
       a = 14.250      CL =  1.3693
      Cm = -0.0259     CD =  0.05498   =>   CDf =  0.00716    CDp =  0.04781

 Side 1  free  transition at x/c =  0.0288   34
 Side 2 forced transition at x/c =  1.0000   66

   4   rms: 0.1192E-04   max: 0.8510E-04   D at   78  2
       a = 14.250      CL =  1.3693
      Cm = -0.0259     CD =  0.05497   =>   CDf =  0.00716    CDp =  0.04781
      9.000    9.5240   0.054969   0.021082   0.003197  -0.017885    0.0288     #

 Point added to stored polar  1
 Point written to save file  clarky_re200000_clean.polar                     
 Dump file unspecified or not available
 Calculating wake trajectory ...
 Calculating source influence matrix ...

 Solving BL system ...

 Side 1  free  transition at x/c =  0.0288   34
 Side 2 forced transition at x/c =  1.0000   66

   1   rms: 0.3717E-01   max: 0.1465E+00   D at   74  1   RLX: 0.652
       a = 14.500      CL =  1.3661
      Cm = -0.0260     CD =  0.05773   =>   CDf =  0.00717    CDp =  0.05056

 Side 1  free  transition at x/c =  0.0282   34
 Side 2 forced transition at x/c =  1.0000   66

   2   rms: 0.1400E-01   max: 0.6466E-01   D at   75  1
       a = 14.500      CL =  1.3619
      Cm = -0.0260     CD =  0.05913   =>   CDf =  0.00711    CDp =  0.05202

 Side 1  free  transition at x/c =  0.0280   34
 Side 2 forced transition at x/c =  1.0000   66

   3   rms: 0.1462E-02   max: 0.1139E-01   D at   75  1
       a = 14.500      CL =  1.3611
      Cm = -0.0260     CD =  0.05897   =>   CDf =  0.00707    CDp =  0.05190

 Side 1  free  transition at x/c =  0.0281   34
 Side 2 forced transition at x/c =  1.0000   66

   4   rms: 0.3494E-04   max: 0.2809E-03   D at   78  2
       a = 14.500      CL =  1.3610
      Cm = -0.0260     CD =  0.05895   =>   CDf =  0.00707    CDp =  0.05188
      9.000    9.8210   0.058951   0.020885   0.003289  -0.017595    0.0281     #

 Point added to stored polar  1
 Point written to save file  clarky_re200000_clean.polar                     
 Dump file unspecified or not available
 Calculating wake trajectory ...
 Calculating source influence matrix ...

 Solving BL system ...

 Side 1  free  transition at x/c =  0.0281   34
 Side 2 forced transition at x/c =  1.0000   66

   1   rms: 0.3841E-01   max: 0.1580E+00   D at   73  1   RLX: 0.620
       a = 14.750      CL =  1.3564
      Cm = -0.0263     CD =  0.06195   =>   CDf =  0.00707    CDp =  0.05488

 Side 1  free  transition at x/c =  0.0277   33
 Side 2 forced transition at x/c =  1.0000   66

   2   rms: 0.1397E-01   max: 0.6416E-01   D at   74  1
       a = 14.750      CL =  1.3539
      Cm = -0.0264     CD =  0.06327   =>   CDf =  0.00702    CDp =  0.05625

 Side 1  free  transition at x/c =  0.0275   33
 Side 2 forced transition at x/c =  1.0000   66

   3   rms: 0.1365E-02   max: 0.7831E-02   D at   78  2
       a = 14.750      CL =  1.3530
      Cm = -0.0263     CD =  0.06307   =>   CDf =  0.00696    CDp =  0.05612

 Side 1  free  transition at x/c =  0.0275   33
 Side 2 forced transition at x/c =  1.0000   66

   4   rms: 0.3101E-04   max: 0.2345E-03   D at   78  2
       a = 14.750      CL =  1.3530
      Cm = -0.0263     CD =  0.06306   =>   CDf =  0.00696    CDp =  0.05610
      9.000   10.1605   0.063055   0.020670   0.003405  -0.017265    0.0275     #

 Point added to stored polar  1
 Point written to save file  clarky_re200000_clean.polar                     
 Dump file unspecified or not available
 Calculating wake trajectory ...
 Calculating source influence matrix ...

 Solving BL system ...

 Side 1  free  transition at x/c =  0.0275   33
 Side 2 forced transition at x/c =  1.0000   66

   1   rms: 0.3384E-01   max: 0.1345E+00   D at   71  1   RLX: 0.596
       a = 15.000      CL =  1.3508
      Cm = -0.0266     CD =  0.06569   =>   CDf =  0.00642    CDp =  0.05927

 Side 1  free  transition at x/c =  0.0271   34
 Side 2 forced transition at x/c =  1.0000   65

   2   rms: 0.2311E-01   max: 0.3132E+00   D at    2  1
       a = 15.000      CL =  1.3475
      Cm = -0.0268     CD =  0.06737   =>   CDf =  0.00688    CDp =  0.06049

 Side 1  free  transition at x/c =  0.0269   34
 Side 2 forced transition at x/c =  1.0000   65

   3   rms: 0.2112E-02   max: 0.2021E-01   D at    4  1
       a = 15.000      CL =  1.3465
      Cm = -0.0268     CD =  0.06713   =>   CDf =  0.00682    CDp =  0.06031

 Side 1  free  transition at x/c =  0.0269   34
 Side 2 forced transition at x/c =  1.0000   65

   4   rms: 0.3767E-04   max: 0.2890E-03   D at   78  2
       a = 15.000      CL =  1.3464
      Cm = -0.0268     CD =  0.06710   =>   CDf =  0.00682    CDp =  0.06028
      9.000   10.5422   0.067103   0.020480   0.003520  -0.016960    0.0269     #

 Point added to stored polar  1
 Point written to save file  clarky_re200000_clean.polar                     
 Dump file unspecified or not available
 Calculating wake trajectory ...
 Calculating source influence matrix ...

 Solving BL system ...

 Side 1  free  transition at x/c =  0.0269   34
 Side 2 forced transition at x/c =  1.0000   65

   1   rms: 0.3377E-01   max: 0.1385E+00   D at   71  1   RLX: 0.571
       a = 15.250      CL =  1.3437
      Cm = -0.0272     CD =  0.06984   =>   CDf =  0.00682    CDp =  0.06301

 Side 1  free  transition at x/c =  0.0265   34
 Side 2 forced transition at x/c =  1.0000   65

   2   rms: 0.1483E-01   max: 0.6447E-01   D at   72  1
       a = 15.250      CL =  1.3406
      Cm = -0.0274     CD =  0.07159   =>   CDf =  0.00676    CDp =  0.06483

 Side 1  free  transition at x/c =  0.0263   34
 Side 2 forced transition at x/c =  1.0000   65

   3   rms: 0.1929E-02   max: 0.1074E-01   D at   72  1
       a = 15.250      CL =  1.3394
      Cm = -0.0274     CD =  0.07135   =>   CDf =  0.00671    CDp =  0.06465

 Side 1  free  transition at x/c =  0.0264   34
 Side 2 forced transition at x/c =  1.0000   65

   4   rms: 0.7262E-04   max: 0.7294E-03   D at   78  2
       a = 15.250      CL =  1.3394
      Cm = -0.0274     CD =  0.07132   =>   CDf =  0.00670    CDp =  0.06461
      9.000   10.8962   0.071316   0.020291   0.003626  -0.016665    0.0264     #

 Point added to stored polar  1
 Point written to save file  clarky_re200000_clean.polar                     
 Dump file unspecified or not available
 Calculating wake trajectory ...
 Calculating source influence matrix ...

 Solving BL system ...

 Side 1  free  transition at x/c =  0.0264   34
 Side 2 forced transition at x/c =  1.0000   65

   1   rms: 0.3290E-01   max: 0.1358E+00   D at   70  1   RLX: 0.549
       a = 15.500      CL =  1.3368
      Cm = -0.0279     CD =  0.07402   =>   CDf =  0.00671    CDp =  0.06732

 Side 1  free  transition at x/c =  0.0260   34
 Side 2 forced transition at x/c =  1.0000   65

   2   rms: 0.1502E-01   max: 0.6432E-01   D at   71  1
       a = 15.500      CL =  1.3337
      Cm = -0.0282     CD =  0.07589   =>   CDf =  0.00665    CDp =  0.06924

 Side 1  free  transition at x/c =  0.0258   34
 Side 2 forced transition at x/c =  1.0000   65

   3   rms: 0.2158E-02   max: 0.1177E-01   D at   71  1
       a = 15.500      CL =  1.3323
      Cm = -0.0282     CD =  0.07565   =>   CDf =  0.00661    CDp =  0.06904

 Side 1  free  transition at x/c =  0.0259   34
 Side 2 forced transition at x/c =  1.0000   65

   4   rms: 0.8044E-04   max: 0.4929E-03   D at   79  2
       a = 15.500      CL =  1.3323
      Cm = -0.0282     CD =  0.07560   =>   CDf =  0.00660    CDp =  0.06900
      9.000   11.2311   0.075602   0.020131   0.003727  -0.016404    0.0259     #

 Point added to stored polar  1
 Point written to save file  clarky_re200000_clean.polar                     
 Dump file unspecified or not available
 Calculating wake trajectory ...
 Calculating source influence matrix ...

 Solving BL system ...

 Side 1  free  transition at x/c =  0.0259   34
 Side 2 forced transition at x/c =  1.0000   65

   1   rms: 0.3170E-01   max: 0.1296E+00   D at   69  1   RLX: 0.529
       a = 15.750      CL =  1.3300
      Cm = -0.0287     CD =  0.07823   =>   CDf =  0.00661    CDp =  0.07162

 Side 1  free  transition at x/c =  0.0256   34
 Side 2 forced transition at x/c =  1.0000   65

   2   rms: 0.1514E-01   max: 0.6396E-01   D at   70  1
       a = 15.750      CL =  1.3269
      Cm = -0.0290     CD =  0.08023   =>   CDf =  0.00657    CDp =  0.07366

 Side 1  free  transition at x/c =  0.0254   34
 Side 2 forced transition at x/c =  1.0000   65

   3   rms: 0.2253E-02   max: 0.9933E-02   D at   70  1
       a = 15.750      CL =  1.3255
      Cm = -0.0290     CD =  0.07995   =>   CDf =  0.00654    CDp =  0.07341

 Side 1  free  transition at x/c =  0.0254   34
 Side 2 forced transition at x/c =  1.0000   65

   4   rms: 0.8575E-04   max: 0.5325E-03   D at   79  2
       a = 15.750      CL =  1.3255
      Cm = -0.0290     CD =  0.07989   =>   CDf =  0.00653    CDp =  0.07337
      9.000   11.5477   0.079894   0.020031   0.003822  -0.016209    0.0254     #

 Point added to stored polar  1
 Point written to save file  clarky_re200000_clean.polar                     
 Dump file unspecified or not available
 Calculating wake trajectory ...
 Calculating source influence matrix ...

 Solving BL system ...

 Side 1  free  transition at x/c =  0.0254   34
 Side 2 forced transition at x/c =  1.0000   65

   1   rms: 0.3064E-01   max: 0.1225E+00   D at   68  1   RLX: 0.510
       a = 16.000      CL =  1.3234
      Cm = -0.0295     CD =  0.08242   =>   CDf =  0.00653    CDp =  0.07589

 Side 1  free  transition at x/c =  0.0252   34
 Side 2 forced transition at x/c =  1.0000   65

   2   rms: 0.1494E-01   max: 0.5916E-01   D at   69  1
       a = 16.000      CL =  1.3206
      Cm = -0.0298     CD =  0.08444   =>   CDf =  0.00651    CDp =  0.07793

 Side 1  free  transition at x/c =  0.0250   34
 Side 2 forced transition at x/c =  1.0000   65

   3   rms: 0.2362E-02   max: 0.1216E-01   D at   79  2
       a = 16.000      CL =  1.3192
      Cm = -0.0298     CD =  0.08414   =>   CDf =  0.00650    CDp =  0.07764

 Side 1  free  transition at x/c =  0.0250   34
 Side 2 forced transition at x/c =  1.0000   65

   4   rms: 0.1055E-03   max: -.6750E-03   D at   69  1
       a = 16.000      CL =  1.3192
      Cm = -0.0298     CD =  0.08408   =>   CDf =  0.00649    CDp =  0.07759

 Side 1  free  transition at x/c =  0.0250   34
 Side 2 forced transition at x/c =  1.0000   65

   5   rms: 0.1589E-04   max: -.6239E-04   D at   81  2
       a = 16.000      CL =  1.3192
      Cm = -0.0298     CD =  0.08408   =>   CDf =  0.00649    CDp =  0.07759
      9.000   11.8498   0.084080   0.020068   0.003924  -0.016144    0.0250     #

 Point added to stored polar  1
 Point written to save file  clarky_re200000_clean.polar                     
 Dump file unspecified or not available
 Calculating wake trajectory ...
 Calculating source influence matrix ...

 Solving BL system ...

 Side 1  free  transition at x/c =  0.0250   34
 Side 2 forced transition at x/c =  1.0000   65

   1   rms: 0.2944E-01   max: 0.1250E+00   T at   34  1   RLX: 0.493
       a = 16.250      CL =  1.3176
      Cm = -0.0301     CD =  0.08637   =>   CDf =  0.00649    CDp =  0.07988

 Side 1  free  transition at x/c =  0.0248   34
 Side 2 forced transition at x/c =  1.0000   65

   2   rms: 0.1450E-01   max: 0.6592E-01   T at   34  1
       a = 16.250      CL =  1.3155
      Cm = -0.0301     CD =  0.08810   =>   CDf =  0.00650    CDp =  0.08160

 Side 1  free  transition at x/c =  0.0245   33
 Side 2 forced transition at x/c =  1.0000   65

   3   rms: 0.4026E-02   max: 0.5762E-01   D at   34  1
       a = 16.250      CL =  1.3155
      Cm = -0.0303     CD =  0.08795   =>   CDf =  0.00647    CDp =  0.08148

 Side 1  free  transition at x/c =  0.0245   33
 Side 2 forced transition at x/c =  1.0000   65

   4   rms: 0.7637E-03   max: 0.5480E-02   D at   34  1
       a = 16.250      CL =  1.3152
      Cm = -0.0303     CD =  0.08790   =>   CDf =  0.00645    CDp =  0.08145

 Side 1  free  transition at x/c =  0.0245   33
 Side 2 forced transition at x/c =  1.0000   65

   5   rms: 0.1070E-03   max: 0.3921E-03   D at   83  2
       a = 16.250      CL =  1.3151
      Cm = -0.0303     CD =  0.08788   =>   CDf =  0.00645    CDp =  0.08144

 Side 1  free  transition at x/c =  0.0245   33
 Side 2 forced transition at x/c =  1.0000   65

   6   rms: 0.5339E-05   max: -.4143E-04   C at   65  2
       a = 16.250      CL =  1.3151
      Cm = -0.0303     CD =  0.08788   =>   CDf =  0.00645    CDp =  0.08143
      9.000   12.2313   0.087881   0.020297   0.004069  -0.016228    0.0245     #

 Point added to stored polar  1
 Point written to save file  clarky_re200000_clean.polar                     
 Dump file unspecified or not available
 Calculating wake trajectory ...
 Calculating source influence matrix ...

 Solving BL system ...

 Side 1  free  transition at x/c =  0.0245   33
 Side 2 forced transition at x/c =  1.0000   65

   1   rms: 0.2767E-01   max: 0.1003E+00   T at   33  1   RLX: 0.479
       a = 16.500      CL =  1.3153
      Cm = -0.0307     CD =  0.08992   =>   CDf =  0.00645    CDp =  0.08346

 Side 1  free  transition at x/c =  0.0243   33
 Side 2 forced transition at x/c =  1.0000   65

   2   rms: 0.1444E-01   max: 0.5375E-01   D at   67  1
       a = 16.500      CL =  1.3144
      Cm = -0.0311     CD =  0.09197   =>   CDf =  0.00639    CDp =  0.08558

 Side 1  free  transition at x/c =  0.0240   33
 Side 2 forced transition at x/c =  1.0000   65

   3   rms: 0.2508E-02   max: 0.9113E-02   D at   80  2
       a = 16.500      CL =  1.3128
      Cm = -0.0311     CD =  0.09171   =>   CDf =  0.00632    CDp =  0.08539

 Side 1  free  transition at x/c =  0.0240   33
 Side 2 forced transition at x/c =  1.0000   65

   4   rms: 0.1465E-03   max: -.1016E-02   D at   68  1
       a = 16.500      CL =  1.3128
      Cm = -0.0311     CD =  0.09163   =>   CDf =  0.00632    CDp =  0.08531

 Side 1  free  transition at x/c =  0.0240   33
 Side 2 forced transition at x/c =  1.0000   65

   5   rms: 0.2285E-04   max: -.9537E-04   D at   82  2
       a = 16.500      CL =  1.3128
      Cm = -0.0311     CD =  0.09163   =>   CDf =  0.00632    CDp =  0.08531
      9.000   12.6838   0.091630   0.020407   0.004218  -0.016190    0.0240     #

 Point added to stored polar  1
 Point written to save file  clarky_re200000_clean.polar                     
 Dump file unspecified or not available
 Calculating wake trajectory ...
 Calculating source influence matrix ...

 Solving BL system ...

 Side 1  free  transition at x/c =  0.0240   33
 Side 2 forced transition at x/c =  1.0000   65

   1   rms: 0.2688E-01   max: 0.1020E+00   T at   33  1   RLX: 0.466
       a = 16.750      CL =  1.3132
      Cm = -0.0314     CD =  0.09355   =>   CDf =  0.00632    CDp =  0.08723

 Side 1  free  transition at x/c =  0.0238   33
 Side 2 forced transition at x/c =  1.0000   65

   2   rms: 0.1432E-01   max: 0.5082E-01   D at   67  1
       a = 16.750      CL =  1.3127
      Cm = -0.0318     CD =  0.09561   =>   CDf =  0.00573    CDp =  0.08988

 Side 1  free  transition at x/c =  0.0235   34
 Side 2 forced transition at x/c =  1.0000   64

   3   rms: 0.3337E-02   max: -.2884E-01   T at    2  1
       a = 16.750      CL =  1.3109
      Cm = -0.0318     CD =  0.09539   =>   CDf =  0.00622    CDp =  0.08917

 Side 1  free  transition at x/c =  0.0235   34
 Side 2 forced transition at x/c =  1.0000   64

   4   rms: 0.7532E-03   max: -.9945E-02   D at    4  1
       a = 16.750      CL =  1.3109
      Cm = -0.0318     CD =  0.09529   =>   CDf =  0.00621    CDp =  0.08908

 Side 1  free  transition at x/c =  0.0235   34
 Side 2 forced transition at x/c =  1.0000   64

   5   rms: 0.3105E-04   max: -.1224E-03   D at   81  2
       a = 16.750      CL =  1.3109
      Cm = -0.0318     CD =  0.09529   =>   CDf =  0.00621    CDp =  0.08908
      9.000   13.1020   0.095288   0.020594   0.004360  -0.016234    0.0235     #

 Point added to stored polar  1
 Point written to save file  clarky_re200000_clean.polar                     
 Dump file unspecified or not available
 Calculating wake trajectory ...
 Calculating source influence matrix ...

 Solving BL system ...

 Side 1  free  transition at x/c =  0.0235   34
 Side 2 forced transition at x/c =  1.0000   64

   1   rms: 0.2644E-01   max: 0.1097E+00   T at   34  1   RLX: 0.453
       a = 17.000      CL =  1.3115
      Cm = -0.0321     CD =  0.09713   =>   CDf =  0.00622    CDp =  0.09091

 Side 1  free  transition at x/c =  0.0232   34
 Side 2 forced transition at x/c =  1.0000   64

   2   rms: 0.1421E-01   max: 0.5716E-01   T at   34  1
       a = 17.000      CL =  1.3115
      Cm = -0.0325     CD =  0.09910   =>   CDf =  0.00618    CDp =  0.09291

 Side 1  free  transition at x/c =  0.0229   34
 Side 2 forced transition at x/c =  1.0000   64

   3   rms: 0.2458E-02   max: -.9126E-02   T at   34  1
       a = 17.000      CL =  1.3100
      Cm = -0.0325     CD =  0.09883   =>   CDf =  0.00615    CDp =  0.09268

 Side 1  free  transition at x/c =  0.0229   34
 Side 2 forced transition at x/c =  1.0000   64

   4   rms: 0.2182E-03   max: -.1424E-02   D at   68  1
       a = 17.000      CL =  1.3100
      Cm = -0.0325     CD =  0.09873   =>   CDf =  0.00614    CDp =  0.09259

 Side 1  free  transition at x/c =  0.0229   34
 Side 2 forced transition at x/c =  1.0000   64

   5   rms: 0.3578E-04   max: -.1508E-03   D at   82  2
       a = 17.000      CL =  1.3101
      Cm = -0.0325     CD =  0.09874   =>   CDf =  0.00614    CDp =  0.09259
      9.000   13.4802   0.098738   0.020879   0.004520  -0.016359    0.0229     #

 Point added to stored polar  1
 Point written to save file  clarky_re200000_clean.polar                     
 Dump file unspecified or not available
 Calculating wake trajectory ...
 Calculating source influence matrix ...

 Solving BL system ...

 Side 1  free  transition at x/c =  0.0229   34
 Side 2 forced transition at x/c =  1.0000   64

   1   rms: 0.2632E-01   max: 0.1304E+00   T at   34  1   RLX: 0.442
       a = 17.250      CL =  1.3112
      Cm = -0.0327     CD =  0.10035   =>   CDf =  0.00615    CDp =  0.09420

 Side 1  free  transition at x/c =  0.0227   34
 Side 2 forced transition at x/c =  1.0000   64

   2   rms: 0.1439E-01   max: 0.7412E-01   T at   34  1
       a = 17.250      CL =  1.3124
      Cm = -0.0329     CD =  0.10208   =>   CDf =  0.00614    CDp =  0.09594

 Side 1  free  transition at x/c =  0.0223   34
 Side 2 forced transition at x/c =  1.0000   64

   3   rms: 0.1975E-02   max: -.7938E-02   T at   34  1
       a = 17.250      CL =  1.3113
      Cm = -0.0329     CD =  0.10175   =>   CDf =  0.00615    CDp =  0.09560

 Side 1  free  transition at x/c =  0.0224   34
 Side 2 forced transition at x/c =  1.0000   64

   4   rms: 0.3960E-03   max: -.2027E-02   D at   67  1
       a = 17.250      CL =  1.3115
      Cm = -0.0328     CD =  0.10166   =>   CDf =  0.00614    CDp =  0.09552

 Side 1  free  transition at x/c =  0.0224   34
 Side 2 forced transition at x/c =  1.0000   64

   5   rms: 0.5633E-04   max: -.2399E-03   D at   83  2
       a = 17.250      CL =  1.3115
      Cm = -0.0328     CD =  0.10167   =>   CDf =  0.00614    CDp =  0.09553
      9.000   13.8291   0.101673   0.021405   0.004699  -0.016707    0.0224     #

 Point added to stored polar  1
 Point written to save file  clarky_re200000_clean.polar                     
 Dump file unspecified or not available
 Calculating wake trajectory ...
 Calculating source influence matrix ...

 Solving BL system ...

 Side 1  free  transition at x/c =  0.0224   34
 Side 2 forced transition at x/c =  1.0000   64

   1   rms: 0.2918E-01   max: 0.1798E+00   T at   34  1   RLX: 0.433
       a = 17.500      CL =  1.3142
      Cm = -0.0327     CD =  0.10270   =>   CDf =  0.00615    CDp =  0.09655

 Side 1  free  transition at x/c =  0.0221   34
 Side 2 forced transition at x/c =  1.0000   64

   2   rms: 0.2193E-01   max: 0.1383E+00   T at   34  1
       a = 17.500      CL =  1.3216
      Cm = -0.0313     CD =  0.10241   =>   CDf =  0.00618    CDp =  0.09623

 Side 1  free  transition at x/c =  0.0218   33
 Side 2 forced transition at x/c =  1.0000   64

   3   rms: 0.8438E-02   max: 0.7419E-01   D at   34  1
       a = 17.500      CL =  1.3197
      Cm = -0.0320     CD =  0.10341   =>   CDf =  0.00623    CDp =  0.09718

 Side 1  free  transition at x/c =  0.0218   33
 Side 2 forced transition at x/c =  1.0000   64

   4   rms: 0.1831E-02   max: 0.8147E-02   D at   67  1
       a = 17.500      CL =  1.3187
      Cm = -0.0320     CD =  0.10333   =>   CDf =  0.00621    CDp =  0.09711

 Side 1  free  transition at x/c =  0.0218   33
 Side 2 forced transition at x/c =  1.0000   64

   5   rms: 0.1558E-03   max: 0.8573E-03   D at   83  2
       a = 17.500      CL =  1.3186
      Cm = -0.0320     CD =  0.10326   =>   CDf =  0.00621    CDp =  0.09704

 Side 1  free  transition at x/c =  0.0218   33
 Side 2 forced transition at x/c =  1.0000   64

   6   rms: 0.1079E-04   max: -.4094E-04   D at   66  1
       a = 17.500      CL =  1.3186
      Cm = -0.0320     CD =  0.10325   =>   CDf =  0.00622    CDp =  0.09704
      9.000   14.3080   0.103254   0.022677   0.004968  -0.017709    0.0218     #

 Point added to stored polar  1
 Point written to save file  clarky_re200000_clean.polar                     
 Dump file unspecified or not available
 Calculating wake trajectory ...
 Calculating source influence matrix ...

 Solving BL system ...

 Side 1  free  transition at x/c =  0.0218   33
 Side 2 forced transition at x/c =  1.0000   64

   1   rms: 0.2633E-01   max: 0.9792E-01   T at   33  1   RLX: 0.424
       a = 17.750      CL =  1.3195
      Cm = -0.0324     CD =  0.10502   =>   CDf =  0.00622    CDp =  0.09880

 Side 1  free  transition at x/c =  0.0216   33
 Side 2 forced transition at x/c =  1.0000   64

   2   rms: 0.1509E-01   max: 0.4609E-01   D at   67  1
       a = 17.750      CL =  1.3207
      Cm = -0.0327     CD =  0.10701   =>   CDf =  0.00614    CDp =  0.10086

 Side 1  free  transition at x/c =  0.0215   33
 Side 2 forced transition at x/c =  1.0000   64

   3   rms: 0.3329E-02   max: 0.1358E-01   D at   67  1
       a = 17.750      CL =  1.3187
      Cm = -0.0329     CD =  0.10687   =>   CDf =  0.00606    CDp =  0.10081

 Side 1  free  transition at x/c =  0.0215   33
 Side 2 forced transition at x/c =  1.0000   64

   4   rms: 0.2205E-03   max: 0.1292E-02   D at   80  2
       a = 17.750      CL =  1.3186
      Cm = -0.0329     CD =  0.10672   =>   CDf =  0.00606    CDp =  0.10066

 Side 1  free  transition at x/c =  0.0215   33
 Side 2 forced transition at x/c =  1.0000   64

   5   rms: 0.2952E-04   max: -.1117E-03   D at   82  2
       a = 17.750      CL =  1.3187
      Cm = -0.0329     CD =  0.10672   =>   CDf =  0.00606    CDp =  0.10066
      9.000   14.8545   0.106717   0.023022   0.005168  -0.017854    0.0215     #

 Point added to stored polar  1
 Point written to save file  clarky_re200000_clean.polar                     
 Dump file unspecified or not available
 Calculating wake trajectory ...
 Calculating source influence matrix ...

 Solving BL system ...

 Side 1  free  transition at x/c =  0.0215   33
 Side 2 forced transition at x/c =  1.0000   64

   1   rms: 0.2632E-01   max: 0.7507E-01   T at   33  1   RLX: 0.415
       a = 18.000      CL =  1.3204
      Cm = -0.0330     CD =  0.10817   =>   CDf =  0.00606    CDp =  0.10210

 Side 1  free  transition at x/c =  0.0214   33
 Side 2 forced transition at x/c =  1.0000   64

   2   rms: 0.1510E-01   max: 0.4472E-01   D at   66  1
       a = 18.000      CL =  1.3218
      Cm = -0.0335     CD =  0.11026   =>   CDf =  0.00545    CDp =  0.10482

 Side 1  free  transition at x/c =  0.0212   34
 Side 2 forced transition at x/c =  1.0000   63

   3   rms: 0.5312E-02   max: -.6519E-01   T at    2  1
       a = 18.000      CL =  1.3195
      Cm = -0.0337     CD =  0.11020   =>   CDf =  0.00643    CDp =  0.10377

 Side 1  free  transition at x/c =  0.0212   33
 Side 2 forced transition at x/c =  1.0000   64

   4   rms: 0.1373E-02   max: 0.2271E-01   D at    2  2
       a = 18.000      CL =  1.3195
      Cm = -0.0336     CD =  0.11001   =>   CDf =  0.00592    CDp =  0.10409

 Side 1  free  transition at x/c =  0.0212   33
 Side 2 forced transition at x/c =  1.0000   64

   5   rms: 0.5540E-03   max: 0.7392E-02   D at    4  2
       a = 18.000      CL =  1.3195
      Cm = -0.0336     CD =  0.11001   =>   CDf =  0.00592    CDp =  0.10409

 Side 1  free  transition at x/c =  0.0212   33
 Side 2 forced transition at x/c =  1.0000   64

   6   rms: 0.3554E-04   max: 0.4260E-03   D at    3  2
       a = 18.000      CL =  1.3195
      Cm = -0.0336     CD =  0.11001   =>   CDf =  0.00592    CDp =  0.10410
      9.000   15.4225   0.110014   0.023506   0.005386  -0.018121    0.0212     #

 Point added to stored polar  1
 Point written to save file  clarky_re200000_clean.polar                     
 Dump file unspecified or not available

.OPERva   c>  
 Polar accumulation disabled

.OPERv   c>  
 XFOIL   c>  
--- STDERR ---
