
 ===================================================
  XFOIL Version 6.99
  Copyright (C) 2000   Mark Drela, Harold Youngren

  This software comes with ABSOLUTELY NO WARRANTY,
    subject to the GNU General Public License.

  Caveat computor
 ===================================================

 File  xfoil.def  not found

   QUIT    Exit program

  .OPER    Direct operating point(s)
  .MDES    Complex mapping design routine
  .QDES    Surface speed design routine
  .GDES    Geometry design routine

   SAVE f  Write airfoil to labeled coordinate file
   PSAV f  Write airfoil to plain coordinate file
   ISAV f  Write airfoil to ISES coordinate file
   MSAV f  Write airfoil to MSES coordinate file
   REVE    Reverse written-airfoil node ordering
   DELI i  Change written-airfoil file delimiters

   LOAD f  Read buffer airfoil from coordinate file
   NACA i  Set NACA 4,5-digit airfoil and buffer airfoil
   INTE    Set buffer airfoil by interpolating two airfoils
   NORM    Buffer airfoil normalization toggle
   HALF    Halve the number of points in buffer airfoil
   XYCM rr Change CM reference location, currently  0.25000 0.00000

   BEND    Display structural properties of current airfoil

   PCOP    Set current-airfoil panel nodes directly from buffer airfoil points
   PANE    Set current-airfoil panel nodes ( 160 ) based on curvature
  .PPAR    Show/change paneling

  .PLOP    Plotting options

   WDEF f  Write  current-settings file
   RDEF f  Reread current-settings file
   NAME s  Specify new airfoil name
   NINC    Increment name version number

   Z       Zoom    | (available in all menus)
   U       Unzoom  | 

 XFOIL   c>  
 Labeled airfoil file.  Name:  Clark Y generated XFOIL input; source clarky.dat

 Number of input coordinate points: 122
 Counterclockwise ordering
 Max thickness =     0.117071  at x =   0.280
 Max camber    =     0.034331  at x =   0.420

  LE  x,y  =   0.00000   0.00000  |   Chord =   1.00000
  TE  x,y  =   1.00000   0.00000  |

 Current airfoil nodes set from buffer airfoil nodes ( 121 )

 XFOIL   c>  
 Sharp leading edge

 Blunt trailing edge.  Gap =  0.00120

 Paneling parameters used...
   Number of panel nodes       160
   Panel bunching parameter    1.000
   TE/LE panel density ratio   0.150
   Refined-area/LE panel density ratio    0.200
   Top    side refined area x/c limits  1.000 1.000
   Bottom side refined area x/c limits  1.000 1.000

 XFOIL   c>  
.OPERi   c>  
 M  =    0.0000
 Re =  0.1200E+06

.OPERv   c>  
 Xtr/c     =  1.0000    top    side
 Xtr/c     =  1.0000    bottom side
 NcritT    =    9.00   ( 0.070 % turb. level )
 NcritB    =    9.00   ( 0.070 % turb. level )
 Vacc      =  0.0100
 WakeL/c   =   1.000

 Klag  =  5.6000     Uxwt  =    1.00       Kdl =  0.9000
 A     =  6.7000     B     =  0.7500       KCt = 0.01485
 CtiniK=  1.8000     CtiniX=  3.3000

..VPAR   c>  
..VPAR   c>  
.OPERv   c>  
.OPERv   c>  
 Polar  1 newly created for accumulation
 Airfoil archived with polar: Clark Y generated XFOIL input; source clarky.dat

Enter  polar save filename  OR  <return> for no file   s>  
 New polar save file available

Enter  polar dump filename  OR  <return> for no file   s>  
 Polar dump file will NOT be written

 Polar accumulation enabled

.OPERva   c>   Calculating unit vorticity distributions ...
 Calculating wake trajectory ...
 Calculating source influence matrix ...

 Solving BL system ...

 Initializing BL ...
    side            1  ...
 MRCHUE: Inverse mode at  31     Hk =   3.800
 MRCHUE: Inverse mode at  32     Hk =   4.397
 MRCHUE: Inverse mode at  33     Hk =   4.942
 MRCHUE: Convergence failed at  34  side 1    Res =  0.7997E+02
 MRCHUE: Inverse mode at  35     Hk =   5.468
 MRCHUE: Convergence failed at  36  side 1    Res =  0.5800E+01
 MRCHUE: Inverse mode at  37     Hk =   5.984
 MRCHUE: Convergence failed at  38  side 1    Res =  0.2907E+01
 MRCHUE: Inverse mode at  39     Hk =   5.234
 MRCHUE: Inverse mode at  40     Hk =   2.991
 MRCHUE: Inverse mode at  82     Hk =   2.500
 MRCHUE: Inverse mode at  83     Hk =   2.500
 MRCHUE: Inverse mode at  84     Hk =   2.500
 MRCHUE: Inverse mode at  85     Hk =   2.500
 MRCHUE: Inverse mode at  86     Hk =   2.500
 MRCHUE: Inverse mode at  87     Hk =   2.500
 MRCHUE: Inverse mode at  88     Hk =   2.500
 MRCHUE: Inverse mode at  89     Hk =   2.500
 MRCHUE: Inverse mode at  90     Hk =   2.500
 MRCHUE: Inverse mode at  91     Hk =   2.500
 MRCHUE: Inverse mode at  92     Hk =   2.500
 MRCHUE: Inverse mode at  93     Hk =   2.500
 MRCHUE: Inverse mode at  94     Hk =   2.500
 MRCHUE: Inverse mode at  95     Hk =   2.500
 MRCHUE: Inverse mode at  96     Hk =   2.500
 MRCHUE: Inverse mode at  97     Hk =   2.500
 MRCHUE: Inverse mode at  98     Hk =   2.500
 MRCHUE: Inverse mode at  99     Hk =   2.500
 MRCHUE: Inverse mode at 100     Hk =   2.500
 MRCHUE: Inverse mode at 101     Hk =   2.500
 MRCHUE: Convergence failed at 102  side 1    Res =  0.4413E+01
 MRCHUE: Inverse mode at 103     Hk =   2.500
 MRCHUE: Inverse mode at 104     Hk =   2.500
 MRCHUE: Inverse mode at 105     Hk =   2.500
 MRCHUE: Convergence failed at 106  side 1    Res =  0.4468E+01
 MRCHUE: Inverse mode at 107     Hk =   2.500
 MRCHUE: Convergence failed at 108  side 1    Res =  0.5868E+01
    side            2  ...
 MRCHUE: Inverse mode at  55     Hk =   2.882

 MRCHDU: Convergence failed at  36  side 1    Res =  0.3770E+01
 MRCHDU: Convergence failed at  37  side 1    Res =  0.3519E+01
 MRCHDU: Convergence failed at  38  side 1    Res =  0.5570E+01
 MRCHDU: Convergence failed at  39  side 1    Res =  0.7116E+01
 MRCHDU: Convergence failed at  40  side 1    Res =  0.2011E+02
 MRCHDU: Convergence failed at  41  side 1    Res =  0.1755E+02
 MRCHDU: Convergence failed at  42  side 1    Res =  0.2219E+02
 MRCHDU: Convergence failed at  43  side 1    Res =  0.1434E+02
 MRCHDU: Convergence failed at  44  side 1    Res =  0.1268E+02
 MRCHDU: Convergence failed at  45  side 1    Res =  0.2150E+02
 MRCHDU: Convergence failed at  46  side 1    Res =  0.1269E+03
 MRCHDU: Convergence failed at  47  side 1    Res =  0.4433E+02
 MRCHDU: Convergence failed at  48  side 1    Res =  0.1340E+02
 MRCHDU: Convergence failed at  49  side 1    Res =  0.1606E+02
 MRCHDU: Convergence failed at  50  side 1    Res =  0.2093E+02
 MRCHDU: Convergence failed at  51  side 1    Res =  0.2724E+02
 MRCHDU: Convergence failed at  52  side 1    Res =  0.1997E+02
 MRCHDU: Convergence failed at  53  side 1    Res =  0.2159E+02
 MRCHDU: Convergence failed at  54  side 1    Res =  0.2584E+02
 MRCHDU: Convergence failed at  55  side 1    Res =  0.2709E+02
 MRCHDU: Convergence failed at  56  side 1    Res =  0.1869E+02
 MRCHDU: Convergence failed at  57  side 1    Res =  0.2235E+02
 MRCHDU: Convergence failed at  58  side 1    Res =  0.2357E+02
 MRCHDU: Convergence failed at  59  side 1    Res =  0.1596E+02
 MRCHDU: Convergence failed at  60  side 1    Res =  0.1641E+02
 MRCHDU: Convergence failed at  61  side 1    Res =  0.1710E+02
 MRCHDU: Convergence failed at  62  side 1    Res =  0.1803E+02
 MRCHDU: Convergence failed at  63  side 1    Res =  0.1921E+02
 MRCHDU: Convergence failed at  64  side 1    Res =  0.1742E+02
 MRCHDU: Convergence failed at  65  side 1    Res =  0.2587E+02
 MRCHDU: Convergence failed at  66  side 1    Res =  0.2378E+02
 MRCHDU: Convergence failed at  67  side 1    Res =  0.2988E+02
 MRCHDU: Convergence failed at  68  side 1    Res =  0.4046E+02
 MRCHDU: Convergence failed at  69  side 1    Res =  0.3351E+02
 MRCHDU: Convergence failed at  70  side 1    Res =  0.4271E+02
 MRCHDU: Convergence failed at  71  side 1    Res =  0.6020E+02
 MRCHDU: Convergence failed at  72  side 1    Res =  0.4139E+03
 MRCHDU: Convergence failed at  73  side 1    Res =  0.1053E+03
 MRCHDU: Convergence failed at  74  side 1    Res =  0.5801E+02
 MRCHDU: Convergence failed at  75  side 1    Res =  0.4412E+02
 MRCHDU: Convergence failed at  76  side 1    Res =  0.3471E+02
 MRCHDU: Convergence failed at  77  side 1    Res =  0.2899E+02
 MRCHDU: Convergence failed at  78  side 1    Res =  0.2738E+02
 MRCHDU: Convergence failed at  79  side 1    Res =  0.2327E+02
 MRCHDU: Convergence failed at  80  side 1    Res =  0.2097E+02
 MRCHDU: Convergence failed at  81  side 1    Res =  0.1930E+02
 MRCHDU: Convergence failed at  82  side 1    Res =  0.1841E+02
 MRCHDU: Convergence failed at  83  side 1    Res =  0.1785E+02
 MRCHDU: Convergence failed at  84  side 1    Res =  0.1732E+02
 MRCHDU: Convergence failed at  85  side 1    Res =  0.1681E+02
 MRCHDU: Convergence failed at  86  side 1    Res =  0.1967E+02
 MRCHDU: Convergence failed at  87  side 1    Res =  0.1931E+02
 MRCHDU: Convergence failed at  88  side 1    Res =  0.1894E+02
 MRCHDU: Convergence failed at  89  side 1    Res =  0.1860E+02
 MRCHDU: Convergence failed at  90  side 1    Res =  0.1828E+02
 MRCHDU: Convergence failed at  91  side 1    Res =  0.1796E+02
 MRCHDU: Convergence failed at  92  side 1    Res =  0.1766E+02
 MRCHDU: Convergence failed at  93  side 1    Res =  0.1737E+02
 MRCHDU: Convergence failed at  94  side 1    Res =  0.1709E+02
 MRCHDU: Convergence failed at  95  side 1    Res =  0.1682E+02
 MRCHDU: Convergence failed at  96  side 1    Res =  0.1657E+02
 MRCHDU: Convergence failed at  97  side 1    Res =  0.1632E+02
 MRCHDU: Convergence failed at  98  side 1    Res =  0.1608E+02
 MRCHDU: Convergence failed at  99  side 1    Res =  0.2039E+02
 MRCHDU: Convergence failed at 100  side 1    Res =  0.1964E+02
 MRCHDU: Convergence failed at 101  side 1    Res =  0.1910E+02
 MRCHDU: Convergence failed at 102  side 1    Res =  0.1466E+02
 MRCHDU: Convergence failed at 103  side 1    Res =  0.1428E+02
 MRCHDU: Convergence failed at 104  side 1    Res =  0.1405E+02
 MRCHDU: Convergence failed at 105  side 1    Res =  0.1379E+02
 MRCHDU: Convergence failed at 106  side 1    Res =  0.1239E+02
 MRCHDU: Convergence failed at 107  side 1    Res =  0.1232E+02
 MRCHDU: Convergence failed at 108  side 1    Res =  0.9411E+01
 Side 1  free  transition at x/c =  0.0147   40
 Side 2 forced transition at x/c =  1.0000   55

   1   rms: 0.3352E+01   max: 0.8763E+01   C at   78  2   RLX: 0.122
       a = 18.000      CL = 12.9558
      Cm = -3.2612     CD =  0.00140   =>   CDf = -0.00255    CDp =  0.00395

 Side 1  free  transition at x/c =  0.0142   39
 Side 2 forced transition at x/c =  1.0000   55

   2   rms: 0.2404E+01   max: -.2820E+01   U at  108  1   RLX: 0.048
       a = 18.000      CL = 11.5716
      Cm = -2.7329     CD =  0.00389   =>   CDf =  0.04379    CDp = -0.03990

 Side 1  free  transition at x/c =  0.0137   39
 Side 2 forced transition at x/c =  1.0000   55

   3   rms: 0.2297E+01   max: -.2680E+01   U at  108  1   RLX: 0.055
       a = 18.000      CL = 10.8839
      Cm = -2.5197     CD =  0.00408   =>   CDf =  0.04145    CDp = -0.03737

 Side 1  free  transition at x/c =  0.0132   39
 Side 2 forced transition at x/c =  1.0000   55

   4   rms: 0.2180E+01   max: -.2528E+01   U at  108  1   RLX: 0.059
       a = 18.000      CL = 10.2032
      Cm = -2.3101     CD =  0.00430   =>   CDf =  0.03895    CDp = -0.03465

 Side 1  free  transition at x/c =  0.0128   39
 Side 2 forced transition at x/c =  1.0000   55

   5   rms: 0.2060E+01   max: -.2372E+01   U at  108  1   RLX: 0.065
       a = 18.000      CL =  9.5303
      Cm = -2.1046     CD =  0.00456   =>   CDf =  0.03648    CDp = -0.03193

 Side 1  free  transition at x/c =  0.0124   39
 Side 2 forced transition at x/c =  1.0000   55

   6   rms: 0.1940E+01   max: -.2213E+01   U at  108  1   RLX: 0.071
       a = 18.000      CL =  8.8653
      Cm = -1.9032     CD =  0.00487   =>   CDf =  0.03407    CDp = -0.02920

 Side 1  free  transition at x/c =  0.0122   38
 Side 2 forced transition at x/c =  1.0000   55

   7   rms: 0.1809E+01   max: -.2050E+01   U at  108  1   RLX: 0.078
       a = 18.000      CL =  8.2080
      Cm = -1.7054     CD =  0.00523   =>   CDf =  0.03174    CDp = -0.02650

 Side 1  free  transition at x/c =  0.0120   38
 Side 2 forced transition at x/c =  1.0000   55

   8   rms: 0.1688E+01   max: -.1883E+01   U at  108  1   RLX: 0.087
       a = 18.000      CL =  7.5590
      Cm = -1.5128     CD =  0.00569   =>   CDf =  0.02938    CDp = -0.02368

 Side 1  free  transition at x/c =  0.0118   38
 Side 2 forced transition at x/c =  1.0000   55

   9   rms: 0.1568E+01   max: -.1696E+01   U at  108  1   RLX: 0.096
       a = 18.000      CL =  6.9212
      Cm = -1.3257     CD =  0.00631   =>   CDf =  0.02742    CDp = -0.02111

 Side 1  free  transition at x/c =  0.0116   38
 Side 2 forced transition at x/c =  1.0000   55

  10   rms: 0.1464E+01   max: -.1498E+01   U at  108  1   RLX: 0.108
       a = 18.000      CL =  6.2931
      Cm = -1.1433     CD =  0.00717   =>   CDf =  0.02531    CDp = -0.01815

 Side 1  free  transition at x/c =  0.0115   38
 Side 2 forced transition at x/c =  1.0000   55

  11   rms: 0.1357E+01   max: 0.1444E+01   D at   63  2   RLX: 0.123
       a = 18.000      CL =  5.6722
      Cm = -0.9637     CD =  0.00834   =>   CDf =  0.02466    CDp = -0.01632

 Side 1  free  transition at x/c =  0.0114   37
 Side 2 forced transition at x/c =  1.0000   56

  12   rms: 0.1202E+01   max: 0.1494E+01   D at   65  2   RLX: 0.145
       a = 18.000      CL =  5.0681
      Cm = -0.7931     CD =  0.01005   =>   CDf =  0.02155    CDp = -0.01150

 Side 1  free  transition at x/c =  0.0113   37
 Side 2 forced transition at x/c =  1.0000   56

  13   rms: 0.1066E+01   max: 0.1690E+01   D at   61  2   RLX: 0.176
       a = 18.000      CL =  4.4825
      Cm = -0.6370     CD =  0.01279   =>   CDf =  0.01933    CDp = -0.00654

 Side 1  free  transition at x/c =  0.0112   37
 Side 2 forced transition at x/c =  1.0000   56

  14   rms: 0.9498E+00   max: 0.1803E+01   D at   61  2   RLX: 0.216
       a = 18.000      CL =  3.9129
      Cm = -0.4941     CD =  0.01729   =>   CDf =  0.01679    CDp =  0.00051

 Side 1  free  transition at x/c =  0.0112   37
 Side 2 forced transition at x/c =  1.0000   56

  15   rms: 0.8822E+00   max: 0.1915E+01   D at   62  2   RLX: 0.257
       a = 18.000      CL =  3.3572
      Cm = -0.3656     CD =  0.02458   =>   CDf =  0.01519    CDp =  0.00939

 Side 1  free  transition at x/c =  0.0114   36
 Side 2 forced transition at x/c =  1.0000   57

  16   rms: 0.8744E+00   max: 0.2015E+01   D at   65  2   RLX: 0.299
       a = 18.000      CL =  2.8172
      Cm = -0.2593     CD =  0.03468   =>   CDf =  0.01265    CDp =  0.02203

 Side 1  free  transition at x/c =  0.0119   35
 Side 2 forced transition at x/c =  1.0000   58

  17   rms: 0.9839E+00   max: 0.2135E+01   D at   63  2   RLX: 0.324
       a = 18.000      CL =  2.2893
      Cm = -0.1806     CD =  0.04985   =>   CDf =  0.01165    CDp =  0.03820

 Side 1  free  transition at x/c =  0.0132   34
 Side 2 forced transition at x/c =  1.0000   60

  18   rms: 0.8611E+00   max: -.2833E+01   T at    2  2   RLX: 0.177
       a = 18.000      CL =  2.0986
      Cm = -0.1583     CD =  0.06499   =>   CDf =  0.00931    CDp =  0.05568

 Side 1  free  transition at x/c =  0.0140   33
 Side 2 forced transition at x/c =  1.0000   61

  19   rms: 0.5015E+01   max: -.8946E+02   T at    2  2   RLX: 0.006
       a = 18.000      CL =  2.0968
      Cm = -0.1582     CD =  0.06352   =>   CDf =  0.00790    CDp =  0.05562

 Side 1  free  transition at x/c =  0.0140   33
 Side 2 forced transition at x/c =  1.0000   61

  20   rms: 0.7271E+00   max: 0.1812E+01   D at   81  1   RLX: 0.545
       a = 18.000      CL =  1.5780
      Cm = -0.0975     CD =  0.10444   =>   CDf =  0.00944    CDp =  0.09500

 Side 1  free  transition at x/c =  0.0167   32
 Side 2 forced transition at x/c =  1.0000   63

  21   rms: 0.3654E+00   max: 0.1368E+01   D at   70  1   RLX: 0.726
       a = 18.000      CL =  1.2919
      Cm = -0.0672     CD =  0.13989   =>   CDf =  0.00790    CDp =  0.13199

 MRCHDU: Convergence failed at  33  side 1    Res =  0.5681E+01
 MRCHDU: Convergence failed at  34  side 1    Res =  0.4677E+01
 MRCHDU: Convergence failed at  35  side 1    Res =  0.4107E+02
 MRCHDU: Convergence failed at  36  side 1    Res =  0.9971E+01
 MRCHDU: Convergence failed at  37  side 1    Res =  0.8474E+01
 MRCHDU: Convergence failed at  38  side 1    Res =  0.8562E+01
 MRCHDU: Convergence failed at  39  side 1    Res =  0.9225E+01
 MRCHDU: Convergence failed at  40  side 1    Res =  0.1022E+02
 MRCHDU: Convergence failed at  41  side 1    Res =  0.1162E+02
 MRCHDU: Convergence failed at  42  side 1    Res =  0.1349E+02
 MRCHDU: Convergence failed at  43  side 1    Res =  0.6013E+01
 MRCHDU: Convergence failed at  44  side 1    Res =  0.6469E+01
 MRCHDU: Convergence failed at  45  side 1    Res =  0.7071E+01
 MRCHDU: Convergence failed at  46  side 1    Res =  0.7774E+01
 MRCHDU: Convergence failed at  47  side 1    Res =  0.1036E+03
 MRCHDU: Convergence failed at  48  side 1    Res =  0.2496E+02
 MRCHDU: Convergence failed at  49  side 1    Res =  0.3092E+02
 MRCHDU: Convergence failed at  50  side 1    Res =  0.3668E+02
 MRCHDU: Convergence failed at  51  side 1    Res =  0.5095E+02
 MRCHDU: Convergence failed at  52  side 1    Res =  0.1234E+03
 MRCHDU: Convergence failed at  53  side 1    Res =  0.4497E+02
 MRCHDU: Convergence failed at  54  side 1    Res =  0.3507E+02
 MRCHDU: Convergence failed at  55  side 1    Res =  0.2641E+02
 MRCHDU: Convergence failed at  56  side 1    Res =  0.2518E+02
 MRCHDU: Convergence failed at  57  side 1    Res =  0.1402E+02
 MRCHDU: Convergence failed at  58  side 1    Res =  0.2567E+02
 MRCHDU: Convergence failed at  59  side 1    Res =  0.7515E+02
 MRCHDU: Convergence failed at  60  side 1    Res =  0.5178E+02
 MRCHDU: Convergence failed at  61  side 1    Res =  0.1542E+02
 MRCHDU: Convergence failed at  62  side 1    Res =  0.3464E+03
 MRCHDU: Convergence failed at  63  side 1    Res =  0.6477E+03
 MRCHDU: Convergence failed at  64  side 1    Res =  0.3783E+02
 MRCHDU: Convergence failed at  65  side 1    Res =  0.1686E+02
 MRCHDU: Convergence failed at  66  side 1    Res =  0.1906E+02
 MRCHDU: Convergence failed at  67  side 1    Res =  0.2740E+02
 MRCHDU: Convergence failed at  68  side 1    Res =  0.3093E+03
 MRCHDU: Convergence failed at  69  side 1    Res =  0.2312E+03
 MRCHDU: Convergence failed at  70  side 1    Res =  0.3942E+02
 MRCHDU: Convergence failed at  71  side 1    Res =  0.2980E+02
 MRCHDU: Convergence failed at  72  side 1    Res =  0.1639E+02
 MRCHDU: Convergence failed at  73  side 1    Res =  0.1787E+02
 MRCHDU: Convergence failed at  74  side 1    Res =  0.2893E+02
 MRCHDU: Convergence failed at  75  side 1    Res =  0.2643E+02
 MRCHDU: Convergence failed at  76  side 1    Res =  0.3027E+02
 MRCHDU: Convergence failed at  77  side 1    Res =  0.9055E+02
 MRCHDU: Convergence failed at  78  side 1    Res =  0.7065E+02
 MRCHDU: Convergence failed at  79  side 1    Res =  0.8441E+02
 MRCHDU: Convergence failed at  80  side 1    Res =  0.1019E+03
 MRCHDU: Convergence failed at  81  side 1    Res =  0.1344E+03
 MRCHDU: Convergence failed at  82  side 1    Res =  0.9339E+02
 MRCHDU: Convergence failed at  83  side 1    Res =  0.7638E+02
 MRCHDU: Convergence failed at  84  side 1    Res =  0.8985E+02
 MRCHDU: Convergence failed at  85  side 1    Res =  0.7837E+02
 MRCHDU: Convergence failed at  86  side 1    Res =  0.7761E+02
 MRCHDU: Convergence failed at  87  side 1    Res =  0.6896E+02
 MRCHDU: Convergence failed at  88  side 1    Res =  0.6268E+02
 MRCHDU: Convergence failed at  89  side 1    Res =  0.4819E+02
 MRCHDU: Convergence failed at  90  side 1    Res =  0.2845E+02
 MRCHDU: Convergence failed at  91  side 1    Res =  0.2773E+02
 MRCHDU: Convergence failed at  92  side 1    Res =  0.2742E+02
 MRCHDU: Convergence failed at  93  side 1    Res =  0.2656E+02
 MRCHDU: Convergence failed at  94  side 1    Res =  0.2587E+02
 MRCHDU: Convergence failed at  95  side 1    Res =  0.2231E+02
 MRCHDU: Convergence failed at  96  side 1    Res =  0.2303E+02
 MRCHDU: Convergence failed at  97  side 1    Res =  0.2384E+02
 MRCHDU: Convergence failed at  98  side 1    Res =  0.2477E+02
 MRCHDU: Convergence failed at  99  side 1    Res =  0.2465E+05
 MRCHDU: Convergence failed at  75  side 2    Res =  0.2238E+01
 MRCHDU: Convergence failed at  76  side 2    Res =  0.2041E+01
 MRCHDU: Convergence failed at  77  side 2    Res =  0.2165E+01
 MRCHDU: Convergence failed at  78  side 2    Res =  0.2374E+01
 MRCHDU: Convergence failed at  79  side 2    Res =  0.1525E+01
 MRCHDU: Convergence failed at  80  side 2    Res =  0.2357E+01
 MRCHDU: Convergence failed at  81  side 2    Res =  0.1995E+01
 Side 1  free  transition at x/c =  0.0191   32
 Side 2 forced transition at x/c =  1.0000   64

  22   rms: 0.3155E+01   max: 0.1275E+02   D at   97  1   RLX: 0.118
       a = 18.000      CL =  4.4240
      Cm = -1.0428     CD =  0.02075   =>   CDf =  0.00286    CDp =  0.01788

 MRCHDU: Convergence failed at  45  side 1    Res =  0.3318E+00
 MRCHDU: Convergence failed at  46  side 1    Res =  0.2982E+00
 MRCHDU: Convergence failed at  47  side 1    Res =  0.2567E+00
 MRCHDU: Convergence failed at  48  side 1    Res =  0.2054E+00
 MRCHDU: Convergence failed at  49  side 1    Res =  0.1404E+00
 MRCHDU: Convergence failed at  51  side 1    Res =  0.2507E+00
 MRCHDU: Convergence failed at  52  side 1    Res =  0.2384E+00
 MRCHDU: Convergence failed at  53  side 1    Res =  0.2254E+00
 MRCHDU: Convergence failed at  54  side 1    Res =  0.2099E+00
 MRCHDU: Convergence failed at  55  side 1    Res =  0.1941E+00
 MRCHDU: Convergence failed at  56  side 1    Res =  0.1734E+00
 MRCHDU: Convergence failed at  57  side 1    Res =  0.1367E+00
 MRCHDU: Convergence failed at  59  side 1    Res =  0.2028E+00
 MRCHDU: Convergence failed at  60  side 1    Res =  0.1915E+00
 MRCHDU: Convergence failed at  61  side 1    Res =  0.1801E+00
 MRCHDU: Convergence failed at  62  side 1    Res =  0.1684E+00
 MRCHDU: Convergence failed at  63  side 1    Res =  0.1550E+00
 MRCHDU: Convergence failed at  64  side 1    Res =  0.1382E+00
 MRCHDU: Convergence failed at  65  side 1    Res =  0.1133E+00
 MRCHDU: Convergence failed at  66  side 1    Res =  0.3616E-01
 MRCHDU: Convergence failed at  93  side 1    Res =  0.3673E+00
 MRCHDU: Convergence failed at  94  side 1    Res =  0.3632E+00
 MRCHDU: Convergence failed at  95  side 1    Res =  0.3604E+00
 MRCHDU: Convergence failed at  96  side 1    Res =  0.3588E+00
 MRCHDU: Convergence failed at  97  side 1    Res =  0.3597E+00
 MRCHDU: Convergence failed at  98  side 1    Res =  0.3632E+00
 MRCHDU: Convergence failed at  99  side 1    Res =  0.3615E+00
 MRCHDU: Convergence failed at  73  side 2    Res =  0.2645E+01
 Side 1  free  transition at x/c =  0.0177   32
 Side 2 forced transition at x/c =  1.0000   64

  23   rms: 0.7848E+00   max: 0.5036E+01   D at   66  1   RLX: 0.178
       a = 18.000      CL =  2.7721
      Cm = -0.5200     CD =  0.08439   =>   CDf =  0.00443    CDp =  0.07996

 Side 1  free  transition at x/c =  0.0171   32
 Side 2 forced transition at x/c =  1.0000   64

  24   rms: 0.6014E+00   max: 0.7969E+00   D at   74  2   RLX: 0.347
       a = 18.000      CL =  2.0991
      Cm = -0.3169     CD =  0.09980   =>   CDf =  0.00417    CDp =  0.09563

 Side 1  free  transition at x/c =  0.0174   33
 Side 2 forced transition at x/c =  1.0000   63

  25   rms: 0.5267E+00   max: -.5181E+00   T at   73  2   RLX: 0.295
       a = 18.000      CL =  1.7992
      Cm = -0.2208     CD =  0.10500   =>   CDf =  0.00431    CDp =  0.10069

 Side 1  free  transition at x/c =  0.0185   33
 Side 2 forced transition at x/c =  1.0000   63

  26   rms: 0.4180E+00   max: -.1748E+01   D at   42  1   RLX: 0.286
       a = 18.000      CL =  1.6612
      Cm = -0.1596     CD =  0.09739   =>   CDf =  0.00577    CDp =  0.09163

 Side 1  free  transition at x/c =  0.0183   33
 Side 2 forced transition at x/c =  1.0000   63

  27   rms: 0.2513E+00   max: -.2558E+00   T at   76  2   RLX: 0.551
       a = 18.000      CL =  1.5073
      Cm = -0.0829     CD =  0.09485   =>   CDf =  0.00613    CDp =  0.08872

 MRCHDU: Convergence failed at  64  side 1    Res =  0.9491E+00
 MRCHDU: Convergence failed at  65  side 1    Res =  0.1747E+01
 MRCHDU: Convergence failed at  66  side 1    Res =  0.3419E+01
 Side 1  free  transition at x/c =  0.0174   33
 Side 2 forced transition at x/c =  1.0000   63

  28   rms: 0.1896E+00   max: 0.2786E+00   D at   78  2
       a = 18.000      CL =  1.2946
      Cm = -0.0357     CD =  0.11539   =>   CDf =  0.00736    CDp =  0.10803

 MRCHDU: Convergence failed at  61  side 1    Res =  0.1685E+01
 MRCHDU: Convergence failed at  64  side 1    Res =  0.2482E+01
 MRCHDU: Convergence failed at  65  side 1    Res =  0.3440E+01
 MRCHDU: Convergence failed at  66  side 1    Res =  0.1814E+01
 Side 1  free  transition at x/c =  0.0177   32
 Side 2 forced transition at x/c =  1.0000   64

  29   rms: 0.1532E+00   max: 0.9434E+00   D at   66  1
       a = 18.000      CL =  1.2519
      Cm = -0.0465     CD =  0.13288   =>   CDf =  0.00654    CDp =  0.12633

 Side 1  free  transition at x/c =  0.0184   32
 Side 2 forced transition at x/c =  1.0000   64

  30   rms: 0.1490E+00   max: 0.6905E+00   D at   66  1
       a = 18.000      CL =  1.1822
      Cm = -0.0587     CD =  0.15271   =>   CDf =  0.00688    CDp =  0.14583

 Side 1  free  transition at x/c =  0.0206   32
 Side 2 forced transition at x/c =  1.0000   65

  31   rms: 0.2038E-01   max: 0.1637E+00   D at   32  1
       a = 18.000      CL =  1.1795
      Cm = -0.0555     CD =  0.14173   =>   CDf =  0.00599    CDp =  0.13573

 Side 1  free  transition at x/c =  0.0204   32
 Side 2 forced transition at x/c =  1.0000   65

  32   rms: 0.3803E-02   max: 0.1854E-01   D at   33  1
       a = 18.000      CL =  1.1820
      Cm = -0.0553     CD =  0.14022   =>   CDf =  0.00603    CDp =  0.13419

 Side 1  free  transition at x/c =  0.0203   32
 Side 2 forced transition at x/c =  1.0000   65

  33   rms: 0.2450E-03   max: -.1652E-02   D at   85  2
       a = 18.000      CL =  1.1821
      Cm = -0.0553     CD =  0.14041   =>   CDf =  0.00604    CDp =  0.13437

 Side 1  free  transition at x/c =  0.0203   32
 Side 2 forced transition at x/c =  1.0000   65

  34   rms: 0.1836E-04   max: 0.1226E-04   U at   88  2
       a = 18.000      CL =  1.1821
      Cm = -0.0553     CD =  0.14042   =>   CDf =  0.00604    CDp =  0.13438
      5.000   13.1380   0.140415   0.016109   0.004135  -0.011974    0.0203     #

 Point added to stored polar  1
 Point written to save file  clarky_re120000_realistic_model_reverse.polar   
 Dump file unspecified or not available
 Calculating wake trajectory ...
 Calculating source influence matrix ...

 Solving BL system ...

 Side 1  free  transition at x/c =  0.0203   32
 Side 2 forced transition at x/c =  1.0000   65

   1   rms: 0.2488E-01   max: -.1122E+00   D at   56  1   RLX: 0.380
       a = 17.750      CL =  1.1828
      Cm = -0.0543     CD =  0.13797   =>   CDf =  0.00603    CDp =  0.13194

 Side 1  free  transition at x/c =  0.0205   32
 Side 2 forced transition at x/c =  1.0000   65

   2   rms: 0.1645E-01   max: -.7504E-01   D at   56  1
       a = 17.750      CL =  1.1846
      Cm = -0.0526     CD =  0.13439   =>   CDf =  0.00606    CDp =  0.12833

 Side 1  free  transition at x/c =  0.0209   32
 Side 2 forced transition at x/c =  1.0000   65

   3   rms: 0.3877E-02   max: -.1684E-01   D at   85  2
       a = 17.750      CL =  1.1869
      Cm = -0.0526     CD =  0.13516   =>   CDf =  0.00613    CDp =  0.12903

 Side 1  free  transition at x/c =  0.0208   32
 Side 2 forced transition at x/c =  1.0000   65

   4   rms: 0.2922E-03   max: -.2207E-02   D at   86  2
       a = 17.750      CL =  1.1871
      Cm = -0.0526     CD =  0.13537   =>   CDf =  0.00613    CDp =  0.12924

 Side 1  free  transition at x/c =  0.0208   32
 Side 2 forced transition at x/c =  1.0000   65

   5   rms: 0.1346E-04   max: -.6445E-04   D at   87  2
       a = 17.750      CL =  1.1871
      Cm = -0.0526     CD =  0.13538   =>   CDf =  0.00613    CDp =  0.12925
      5.000   12.9272   0.135379   0.016306   0.004059  -0.012247    0.0208     #

 Point added to stored polar  1
 Point written to save file  clarky_re120000_realistic_model_reverse.polar   
 Dump file unspecified or not available
 Calculating wake trajectory ...
 Calculating source influence matrix ...

 Solving BL system ...

 Side 1  free  transition at x/c =  0.0208   32
 Side 2 forced transition at x/c =  1.0000   65

   1   rms: 0.2591E-01   max: -.1196E+00   D at   57  1   RLX: 0.390
       a = 17.500      CL =  1.1882
      Cm = -0.0515     CD =  0.13278   =>   CDf =  0.00612    CDp =  0.12665

 Side 1  free  transition at x/c =  0.0210   32
 Side 2 forced transition at x/c =  1.0000   65

   2   rms: 0.1641E-01   max: -.7387E-01   D at   57  1
       a = 17.500      CL =  1.1903
      Cm = -0.0499     CD =  0.12932   =>   CDf =  0.00617    CDp =  0.12315

 Side 1  free  transition at x/c =  0.0213   32
 Side 2 forced transition at x/c =  1.0000   65

   3   rms: 0.3799E-02   max: -.1623E-01   D at   85  2
       a = 17.500      CL =  1.1927
      Cm = -0.0499     CD =  0.13003   =>   CDf =  0.00624    CDp =  0.12379

 Side 1  free  transition at x/c =  0.0213   32
 Side 2 forced transition at x/c =  1.0000   65

   4   rms: 0.2707E-03   max: -.1949E-02   D at   85  2
       a = 17.500      CL =  1.1928
      Cm = -0.0499     CD =  0.13022   =>   CDf =  0.00624    CDp =  0.12398

 Side 1  free  transition at x/c =  0.0212   32
 Side 2 forced transition at x/c =  1.0000   65

   5   rms: 0.1412E-04   max: -.4826E-04   D at   87  2
       a = 17.500      CL =  1.1928
      Cm = -0.0499     CD =  0.13023   =>   CDf =  0.00624    CDp =  0.12399
      5.000   12.7126   0.130231   0.016547   0.003981  -0.012565    0.0212     #

 Point added to stored polar  1
 Point written to save file  clarky_re120000_realistic_model_reverse.polar   
 Dump file unspecified or not available
 Calculating wake trajectory ...
 Calculating source influence matrix ...

 Solving BL system ...

 Side 1  free  transition at x/c =  0.0212   32
 Side 2 forced transition at x/c =  1.0000   65

   1   rms: 0.2648E-01   max: -.1221E+00   D at   57  1   RLX: 0.400
       a = 17.250      CL =  1.1941
      Cm = -0.0488     CD =  0.12756   =>   CDf =  0.00624    CDp =  0.12133

 Side 1  free  transition at x/c =  0.0215   32
 Side 2 forced transition at x/c =  1.0000   65

   2   rms: 0.1698E-01   max: -.7686E-01   D at   58  1
       a = 17.250      CL =  1.1969
      Cm = -0.0472     CD =  0.12404   =>   CDf =  0.00629    CDp =  0.11775

 Side 1  free  transition at x/c =  0.0218   32
 Side 2 forced transition at x/c =  1.0000   65

   3   rms: 0.3572E-02   max: -.1657E-01   D at   85  2
       a = 17.250      CL =  1.1992
      Cm = -0.0473     CD =  0.12479   =>   CDf =  0.00637    CDp =  0.11841

 Side 1  free  transition at x/c =  0.0217   32
 Side 2 forced transition at x/c =  1.0000   65

   4   rms: 0.2271E-03   max: -.1724E-02   D at   85  2
       a = 17.250      CL =  1.1993
      Cm = -0.0473     CD =  0.12496   =>   CDf =  0.00637    CDp =  0.11859

 Side 1  free  transition at x/c =  0.0217   32
 Side 2 forced transition at x/c =  1.0000   65

   5   rms: 0.1496E-04   max: 0.3986E-04   D at   82  2
       a = 17.250      CL =  1.1993
      Cm = -0.0473     CD =  0.12497   =>   CDf =  0.00637    CDp =  0.11860
      5.000   12.4954   0.124970   0.016844   0.003904  -0.012940    0.0217     #

 Point added to stored polar  1
 Point written to save file  clarky_re120000_realistic_model_reverse.polar   
 Dump file unspecified or not available
 Calculating wake trajectory ...
 Calculating source influence matrix ...

 Solving BL system ...

 Side 1  free  transition at x/c =  0.0217   32
 Side 2 forced transition at x/c =  1.0000   65

   1   rms: 0.2695E-01   max: -.1230E+00   D at   58  1   RLX: 0.412
       a = 17.000      CL =  1.2007
      Cm = -0.0462     CD =  0.12224   =>   CDf =  0.00636    CDp =  0.11588

 Side 1  free  transition at x/c =  0.0219   33
 Side 2 forced transition at x/c =  1.0000   65

   2   rms: 0.2167E-01   max: -.1095E+00   C at   33  1
       a = 17.000      CL =  1.2045
      Cm = -0.0447     CD =  0.11872   =>   CDf =  0.00648    CDp =  0.11224

 Side 1  free  transition at x/c =  0.0222   33
 Side 2 forced transition at x/c =  1.0000   65

   3   rms: 0.6316E-02   max: -.2293E-01   D at   61  1
       a = 17.000      CL =  1.2079
      Cm = -0.0445     CD =  0.11906   =>   CDf =  0.00644    CDp =  0.11263

 Side 1  free  transition at x/c =  0.0221   33
 Side 2 forced transition at x/c =  1.0000   65

   4   rms: 0.4938E-03   max: -.2924E-02   D at   85  2
       a = 17.000      CL =  1.2081
      Cm = -0.0445     CD =  0.11931   =>   CDf =  0.00646    CDp =  0.11284

 Side 1  free  transition at x/c =  0.0221   33
 Side 2 forced transition at x/c =  1.0000   65

   5   rms: 0.1749E-04   max: -.9817E-04   D at   87  2
       a = 17.000      CL =  1.2081
      Cm = -0.0445     CD =  0.11933   =>   CDf =  0.00646    CDp =  0.11286
      5.000   12.2658   0.119326   0.017266   0.003854  -0.013412    0.0221     #

 Point added to stored polar  1
 Point written to save file  clarky_re120000_realistic_model_reverse.polar   
 Dump file unspecified or not available
 Calculating wake trajectory ...
 Calculating source influence matrix ...

 Solving BL system ...

 Side 1  free  transition at x/c =  0.0221   33
 Side 2 forced transition at x/c =  1.0000   65

   1   rms: 0.3089E-01   max: -.1445E+00   D at   59  1   RLX: 0.426
       a = 16.750      CL =  1.2111
      Cm = -0.0433     CD =  0.11618   =>   CDf =  0.00646    CDp =  0.10972

 Side 1  free  transition at x/c =  0.0223   33
 Side 2 forced transition at x/c =  1.0000   65

   2   rms: 0.1900E-01   max: -.8533E-01   D at   59  1
       a = 16.750      CL =  1.2163
      Cm = -0.0416     CD =  0.11252   =>   CDf =  0.00650    CDp =  0.10602

 Side 1  free  transition at x/c =  0.0225   33
 Side 2 forced transition at x/c =  1.0000   65

   3   rms: 0.3262E-02   max: -.1581E-01   D at   85  2
       a = 16.750      CL =  1.2184
      Cm = -0.0418     CD =  0.11335   =>   CDf =  0.00657    CDp =  0.10678

 Side 1  free  transition at x/c =  0.0224   33
 Side 2 forced transition at x/c =  1.0000   65

   4   rms: 0.1418E-03   max: -.9310E-03   D at   86  2
       a = 16.750      CL =  1.2184
      Cm = -0.0418     CD =  0.11348   =>   CDf =  0.00657    CDp =  0.10692

 Side 1  free  transition at x/c =  0.0224   33
 Side 2 forced transition at x/c =  1.0000   65

   5   rms: 0.1348E-04   max: 0.5356E-04   D at   82  2
       a = 16.750      CL =  1.2184
      Cm = -0.0418     CD =  0.11348   =>   CDf =  0.00657    CDp =  0.10692
      5.000   12.0313   0.113482   0.017788   0.003818  -0.013970    0.0224     #

 Point added to stored polar  1
 Point written to save file  clarky_re120000_realistic_model_reverse.polar   
 Dump file unspecified or not available
 Calculating wake trajectory ...
 Calculating source influence matrix ...

 Solving BL system ...

 Side 1  free  transition at x/c =  0.0224   33
 Side 2 forced transition at x/c =  1.0000   65

   1   rms: 0.3167E-01   max: -.1470E+00   D at   60  1   RLX: 0.441
       a = 16.500      CL =  1.2217
      Cm = -0.0405     CD =  0.11025   =>   CDf =  0.00656    CDp =  0.10369

 Side 1  free  transition at x/c =  0.0226   33
 Side 2 forced transition at x/c =  1.0000   65

   2   rms: 0.1878E-01   max: -.8252E-01   D at   60  1
       a = 16.500      CL =  1.2269
      Cm = -0.0390     CD =  0.10677   =>   CDf =  0.00661    CDp =  0.10016

 Side 1  free  transition at x/c =  0.0229   33
 Side 2 forced transition at x/c =  1.0000   65

   3   rms: 0.3484E-02   max: -.1615E-01   D at   84  2
       a = 16.500      CL =  1.2293
      Cm = -0.0391     CD =  0.10747   =>   CDf =  0.00668    CDp =  0.10078

 Side 1  free  transition at x/c =  0.0228   33
 Side 2 forced transition at x/c =  1.0000   65

   4   rms: 0.1751E-03   max: -.1158E-02   D at   85  2
       a = 16.500      CL =  1.2293
      Cm = -0.0392     CD =  0.10760   =>   CDf =  0.00669    CDp =  0.10091

 Side 1  free  transition at x/c =  0.0228   33
 Side 2 forced transition at x/c =  1.0000   65

   5   rms: 0.1185E-04   max: 0.4123E-04   D at   82  2
       a = 16.500      CL =  1.2293
      Cm = -0.0392     CD =  0.10760   =>   CDf =  0.00669    CDp =  0.10091
      5.000   11.7972   0.107599   0.018370   0.003781  -0.014589    0.0228     #

 Point added to stored polar  1
 Point written to save file  clarky_re120000_realistic_model_reverse.polar   
 Dump file unspecified or not available
 Calculating wake trajectory ...
 Calculating source influence matrix ...

 Solving BL system ...

 Side 1  free  transition at x/c =  0.0228   33
 Side 2 forced transition at x/c =  1.0000   65

   1   rms: 0.3247E-01   max: -.1507E+00   D at   62  1   RLX: 0.457
       a = 16.250      CL =  1.2329
      Cm = -0.0379     CD =  0.10428   =>   CDf =  0.00725    CDp =  0.09703

 Side 1  free  transition at x/c =  0.0230   32
 Side 2 forced transition at x/c =  1.0000   66

   2   rms: 0.4273E-01   max: -.6940E+00   T at    2  2   RLX: 0.720
       a = 16.250      CL =  1.2367
      Cm = -0.0369     CD =  0.10222   =>   CDf =  0.00675    CDp =  0.09548

 Side 1  free  transition at x/c =  0.0232   32
 Side 2 forced transition at x/c =  1.0000   66

   3   rms: 0.7451E-02   max: -.4258E-01   D at    4  2
       a = 16.250      CL =  1.2399
      Cm = -0.0366     CD =  0.10145   =>   CDf =  0.00680    CDp =  0.09465

 Side 1  free  transition at x/c =  0.0232   32
 Side 2 forced transition at x/c =  1.0000   66

   4   rms: 0.9554E-03   max: -.4769E-02   D at   85  2
       a = 16.250      CL =  1.2406
      Cm = -0.0367     CD =  0.10172   =>   CDf =  0.00682    CDp =  0.09490

 Side 1  free  transition at x/c =  0.0232   32
 Side 2 forced transition at x/c =  1.0000   66

   5   rms: 0.3172E-04   max: -.1745E-03   D at   80  2
       a = 16.250      CL =  1.2406
      Cm = -0.0367     CD =  0.10175   =>   CDf =  0.00682    CDp =  0.09493
      5.000   11.5561   0.101754   0.018979   0.003741  -0.015239    0.0232     #

 Point added to stored polar  1
 Point written to save file  clarky_re120000_realistic_model_reverse.polar   
 Dump file unspecified or not available
 Calculating wake trajectory ...
 Calculating source influence matrix ...

 Solving BL system ...

 Side 1  free  transition at x/c =  0.0232   32
 Side 2 forced transition at x/c =  1.0000   66

   1   rms: 0.3247E-01   max: -.1485E+00   D at   62  1   RLX: 0.474
       a = 16.000      CL =  1.2442
      Cm = -0.0355     CD =  0.09846   =>   CDf =  0.00682    CDp =  0.09164

 Side 1  free  transition at x/c =  0.0235   32
 Side 2 forced transition at x/c =  1.0000   66

   2   rms: 0.1884E-01   max: -.8167E-01   D at   62  1
       a = 16.000      CL =  1.2500
      Cm = -0.0343     CD =  0.09527   =>   CDf =  0.00689    CDp =  0.08838

 Side 1  free  transition at x/c =  0.0237   32
 Side 2 forced transition at x/c =  1.0000   66

   3   rms: 0.2882E-02   max: -.1351E-01   D at   84  2
       a = 16.000      CL =  1.2520
      Cm = -0.0344     CD =  0.09590   =>   CDf =  0.00697    CDp =  0.08893

 Side 1  free  transition at x/c =  0.0237   32
 Side 2 forced transition at x/c =  1.0000   66

   4   rms: 0.9534E-04   max: -.6339E-03   D at   80  2
       a = 16.000      CL =  1.2520
      Cm = -0.0344     CD =  0.09599   =>   CDf =  0.00697    CDp =  0.08902
      5.000   11.3042   0.095991   0.019568   0.003695  -0.015873    0.0237     #

 Point added to stored polar  1
 Point written to save file  clarky_re120000_realistic_model_reverse.polar   
 Dump file unspecified or not available
 Calculating wake trajectory ...
 Calculating source influence matrix ...

 Solving BL system ...

 Side 1  free  transition at x/c =  0.0237   32
 Side 2 forced transition at x/c =  1.0000   66

   1   rms: 0.3336E-01   max: -.1522E+00   D at   63  1   RLX: 0.493
       a = 15.750      CL =  1.2560
      Cm = -0.0332     CD =  0.09262   =>   CDf =  0.00696    CDp =  0.08566

 Side 1  free  transition at x/c =  0.0240   32
 Side 2 forced transition at x/c =  1.0000   66

   2   rms: 0.1800E-01   max: -.7671E-01   D at   63  1
       a = 15.750      CL =  1.2615
      Cm = -0.0322     CD =  0.08976   =>   CDf =  0.00704    CDp =  0.08272

 Side 1  free  transition at x/c =  0.0242   32
 Side 2 forced transition at x/c =  1.0000   66

   3   rms: 0.2840E-02   max: -.1293E-01   D at   84  2
       a = 15.750      CL =  1.2634
      Cm = -0.0323     CD =  0.09026   =>   CDf =  0.00712    CDp =  0.08314

 Side 1  free  transition at x/c =  0.0242   32
 Side 2 forced transition at x/c =  1.0000   66

   4   rms: 0.1154E-03   max: -.7722E-03   D at   80  2
       a = 15.750      CL =  1.2635
      Cm = -0.0323     CD =  0.09034   =>   CDf =  0.00712    CDp =  0.08322

 Side 1  free  transition at x/c =  0.0242   32
 Side 2 forced transition at x/c =  1.0000   66

   5   rms: 0.6064E-05   max: 0.1707E-04   D at   82  2
       a = 15.750      CL =  1.2634
      Cm = -0.0323     CD =  0.09034   =>   CDf =  0.00712    CDp =  0.08323
      5.000   11.0405   0.090345   0.020144   0.003643  -0.016501    0.0242     #

 Point added to stored polar  1
 Point written to save file  clarky_re120000_realistic_model_reverse.polar   
 Dump file unspecified or not available
 Calculating wake trajectory ...
 Calculating source influence matrix ...

 Solving BL system ...

 Side 1  free  transition at x/c =  0.0242   32
 Side 2 forced transition at x/c =  1.0000   66

   1   rms: 0.3354E-01   max: -.1510E+00   D at   65  1   RLX: 0.513
       a = 15.500      CL =  1.2675
      Cm = -0.0312     CD =  0.08700   =>   CDf =  0.00711    CDp =  0.07988

 Side 1  free  transition at x/c =  0.0245   32
 Side 2 forced transition at x/c =  1.0000   66

   2   rms: 0.1773E-01   max: -.7510E-01   D at   64  1
       a = 15.500      CL =  1.2729
      Cm = -0.0304     CD =  0.08434   =>   CDf =  0.00720    CDp =  0.07714

 Side 1  free  transition at x/c =  0.0247   32
 Side 2 forced transition at x/c =  1.0000   66

   3   rms: 0.1073E-01   max: -.1346E+00   C at   32  1
       a = 15.500      CL =  1.2739
      Cm = -0.0305     CD =  0.08488   =>   CDf =  0.00735    CDp =  0.07753

 Side 1  free  transition at x/c =  0.0247   32
 Side 2 forced transition at x/c =  1.0000   66

   4   rms: 0.1020E-01   max: -.1322E+00   C at   32  1
       a = 15.500      CL =  1.2739
      Cm = -0.0305     CD =  0.08492   =>   CDf =  0.00735    CDp =  0.07757

 Side 1  free  transition at x/c =  0.0247   32
 Side 2 forced transition at x/c =  1.0000   66

   5   rms: 0.1023E-01   max: -.1323E+00   C at   32  1
       a = 15.500      CL =  1.2739
      Cm = -0.0305     CD =  0.08492   =>   CDf =  0.00735    CDp =  0.07757

 Side 1  free  transition at x/c =  0.0247   32
 Side 2 forced transition at x/c =  1.0000   66

   6   rms: 0.1023E-01   max: -.1323E+00   C at   32  1
       a = 15.500      CL =  1.2739
      Cm = -0.0305     CD =  0.08492   =>   CDf =  0.00735    CDp =  0.07757

 Side 1  free  transition at x/c =  0.0247   32
 Side 2 forced transition at x/c =  1.0000   66

   7   rms: 0.1023E-01   max: -.1323E+00   C at   32  1
       a = 15.500      CL =  1.2739
      Cm = -0.0305     CD =  0.08492   =>   CDf =  0.00735    CDp =  0.07757

 Side 1  free  transition at x/c =  0.0247   32
 Side 2 forced transition at x/c =  1.0000   66

   8   rms: 0.1023E-01   max: -.1323E+00   C at   32  1
       a = 15.500      CL =  1.2739
      Cm = -0.0305     CD =  0.08492   =>   CDf =  0.00735    CDp =  0.07757

 Side 1  free  transition at x/c =  0.0247   32
 Side 2 forced transition at x/c =  1.0000   66

   9   rms: 0.1023E-01   max: -.1323E+00   C at   32  1
       a = 15.500      CL =  1.2739
      Cm = -0.0305     CD =  0.08492   =>   CDf =  0.00735    CDp =  0.07757

 Side 1  free  transition at x/c =  0.0247   32
 Side 2 forced transition at x/c =  1.0000   66

  10   rms: 0.1023E-01   max: -.1323E+00   C at   32  1
       a = 15.500      CL =  1.2739
      Cm = -0.0305     CD =  0.08492   =>   CDf =  0.00735    CDp =  0.07757

 Side 1  free  transition at x/c =  0.0247   32
 Side 2 forced transition at x/c =  1.0000   66

  11   rms: 0.1023E-01   max: -.1323E+00   C at   32  1
       a = 15.500      CL =  1.2739
      Cm = -0.0305     CD =  0.08492   =>   CDf =  0.00735    CDp =  0.07757

 Side 1  free  transition at x/c =  0.0247   32
 Side 2 forced transition at x/c =  1.0000   66

  12   rms: 0.1023E-01   max: -.1323E+00   C at   32  1
       a = 15.500      CL =  1.2739
      Cm = -0.0305     CD =  0.08492   =>   CDf =  0.00735    CDp =  0.07757

 Side 1  free  transition at x/c =  0.0247   32
 Side 2 forced transition at x/c =  1.0000   66

  13   rms: 0.1023E-01   max: -.1323E+00   C at   32  1
       a = 15.500      CL =  1.2739
      Cm = -0.0305     CD =  0.08492   =>   CDf =  0.00735    CDp =  0.07757

 Side 1  free  transition at x/c =  0.0247   32
 Side 2 forced transition at x/c =  1.0000   66

  14   rms: 0.1023E-01   max: -.1323E+00   C at   32  1
       a = 15.500      CL =  1.2739
      Cm = -0.0305     CD =  0.08492   =>   CDf =  0.00735    CDp =  0.07757

 Side 1  free  transition at x/c =  0.0247   32
 Side 2 forced transition at x/c =  1.0000   66

  15   rms: 0.1023E-01   max: -.1323E+00   C at   32  1
       a = 15.500      CL =  1.2739
      Cm = -0.0305     CD =  0.08492   =>   CDf =  0.00735    CDp =  0.07757

 Side 1  free  transition at x/c =  0.0247   32
 Side 2 forced transition at x/c =  1.0000   66

  16   rms: 0.1023E-01   max: -.1323E+00   C at   32  1
       a = 15.500      CL =  1.2739
      Cm = -0.0305     CD =  0.08492   =>   CDf =  0.00735    CDp =  0.07757

 Side 1  free  transition at x/c =  0.0247   32
 Side 2 forced transition at x/c =  1.0000   66

  17   rms: 0.1023E-01   max: -.1323E+00   C at   32  1
       a = 15.500      CL =  1.2739
      Cm = -0.0305     CD =  0.08492   =>   CDf =  0.00735    CDp =  0.07757

 Side 1  free  transition at x/c =  0.0247   32
 Side 2 forced transition at x/c =  1.0000   66

  18   rms: 0.1023E-01   max: -.1323E+00   C at   32  1
       a = 15.500      CL =  1.2739
      Cm = -0.0305     CD =  0.08492   =>   CDf =  0.00735    CDp =  0.07757

 Side 1  free  transition at x/c =  0.0247   32
 Side 2 forced transition at x/c =  1.0000   66

  19   rms: 0.1023E-01   max: -.1323E+00   C at   32  1
       a = 15.500      CL =  1.2739
      Cm = -0.0305     CD =  0.08492   =>   CDf =  0.00735    CDp =  0.07757

 Side 1  free  transition at x/c =  0.0247   32
 Side 2 forced transition at x/c =  1.0000   66

  20   rms: 0.1023E-01   max: -.1323E+00   C at   32  1
       a = 15.500      CL =  1.2739
      Cm = -0.0305     CD =  0.08492   =>   CDf =  0.00735    CDp =  0.07757

 Side 1  free  transition at x/c =  0.0247   32
 Side 2 forced transition at x/c =  1.0000   66

  21   rms: 0.1023E-01   max: -.1323E+00   C at   32  1
       a = 15.500      CL =  1.2739
      Cm = -0.0305     CD =  0.08492   =>   CDf =  0.00735    CDp =  0.07757

 Side 1  free  transition at x/c =  0.0247   32
 Side 2 forced transition at x/c =  1.0000   66

  22   rms: 0.1023E-01   max: -.1323E+00   C at   32  1
       a = 15.500      CL =  1.2739
      Cm = -0.0305     CD =  0.08492   =>   CDf =  0.00735    CDp =  0.07757

 Side 1  free  transition at x/c =  0.0247   32
 Side 2 forced transition at x/c =  1.0000   66

  23   rms: 0.1023E-01   max: -.1323E+00   C at   32  1
       a = 15.500      CL =  1.2739
      Cm = -0.0305     CD =  0.08492   =>   CDf =  0.00735    CDp =  0.07757

 Side 1  free  transition at x/c =  0.0247   32
 Side 2 forced transition at x/c =  1.0000   66

  24   rms: 0.1023E-01   max: -.1323E+00   C at   32  1
       a = 15.500      CL =  1.2739
      Cm = -0.0305     CD =  0.08492   =>   CDf =  0.00735    CDp =  0.07757

 Side 1  free  transition at x/c =  0.0247   32
 Side 2 forced transition at x/c =  1.0000   66

  25   rms: 0.1023E-01   max: -.1323E+00   C at   32  1
       a = 15.500      CL =  1.2739
      Cm = -0.0305     CD =  0.08492   =>   CDf =  0.00735    CDp =  0.07757

 Side 1  free  transition at x/c =  0.0247   32
 Side 2 forced transition at x/c =  1.0000   66

  26   rms: 0.1023E-01   max: -.1323E+00   C at   32  1
       a = 15.500      CL =  1.2739
      Cm = -0.0305     CD =  0.08492   =>   CDf =  0.00735    CDp =  0.07757

 Side 1  free  transition at x/c =  0.0247   32
 Side 2 forced transition at x/c =  1.0000   66

  27   rms: 0.1023E-01   max: -.1323E+00   C at   32  1
       a = 15.500      CL =  1.2739
      Cm = -0.0305     CD =  0.08492   =>   CDf =  0.00735    CDp =  0.07757

 Side 1  free  transition at x/c =  0.0247   32
 Side 2 forced transition at x/c =  1.0000   66

  28   rms: 0.1023E-01   max: -.1323E+00   C at   32  1
       a = 15.500      CL =  1.2739
      Cm = -0.0305     CD =  0.08492   =>   CDf =  0.00735    CDp =  0.07757

 Side 1  free  transition at x/c =  0.0247   32
 Side 2 forced transition at x/c =  1.0000   66

  29   rms: 0.1023E-01   max: -.1323E+00   C at   32  1
       a = 15.500      CL =  1.2739
      Cm = -0.0305     CD =  0.08492   =>   CDf =  0.00735    CDp =  0.07757

 Side 1  free  transition at x/c =  0.0247   32
 Side 2 forced transition at x/c =  1.0000   66

  30   rms: 0.1023E-01   max: -.1323E+00   C at   32  1
       a = 15.500      CL =  1.2739
      Cm = -0.0305     CD =  0.08492   =>   CDf =  0.00735    CDp =  0.07757

 Side 1  free  transition at x/c =  0.0247   32
 Side 2 forced transition at x/c =  1.0000   66

  31   rms: 0.1023E-01   max: -.1323E+00   C at   32  1
       a = 15.500      CL =  1.2739
      Cm = -0.0305     CD =  0.08492   =>   CDf =  0.00735    CDp =  0.07757

 Side 1  free  transition at x/c =  0.0247   32
 Side 2 forced transition at x/c =  1.0000   66

  32   rms: 0.1023E-01   max: -.1323E+00   C at   32  1
       a = 15.500      CL =  1.2739
      Cm = -0.0305     CD =  0.08492   =>   CDf =  0.00735    CDp =  0.07757

 Side 1  free  transition at x/c =  0.0247   32
 Side 2 forced transition at x/c =  1.0000   66

  33   rms: 0.1023E-01   max: -.1323E+00   C at   32  1
       a = 15.500      CL =  1.2739
      Cm = -0.0305     CD =  0.08492   =>   CDf =  0.00735    CDp =  0.07757

 Side 1  free  transition at x/c =  0.0247   32
 Side 2 forced transition at x/c =  1.0000   66

  34   rms: 0.1023E-01   max: -.1323E+00   C at   32  1
       a = 15.500      CL =  1.2739
      Cm = -0.0305     CD =  0.08492   =>   CDf =  0.00735    CDp =  0.07757

 Side 1  free  transition at x/c =  0.0247   32
 Side 2 forced transition at x/c =  1.0000   66

  35   rms: 0.1023E-01   max: -.1323E+00   C at   32  1
       a = 15.500      CL =  1.2739
      Cm = -0.0305     CD =  0.08492   =>   CDf =  0.00735    CDp =  0.07757

 Side 1  free  transition at x/c =  0.0247   32
 Side 2 forced transition at x/c =  1.0000   66

  36   rms: 0.1023E-01   max: -.1323E+00   C at   32  1
       a = 15.500      CL =  1.2739
      Cm = -0.0305     CD =  0.08492   =>   CDf =  0.00735    CDp =  0.07757

 Side 1  free  transition at x/c =  0.0247   32
 Side 2 forced transition at x/c =  1.0000   66

  37   rms: 0.1023E-01   max: -.1323E+00   C at   32  1
       a = 15.500      CL =  1.2739
      Cm = -0.0305     CD =  0.08492   =>   CDf =  0.00735    CDp =  0.07757

 Side 1  free  transition at x/c =  0.0247   32
 Side 2 forced transition at x/c =  1.0000   66

  38   rms: 0.1023E-01   max: -.1323E+00   C at   32  1
       a = 15.500      CL =  1.2739
      Cm = -0.0305     CD =  0.08492   =>   CDf =  0.00735    CDp =  0.07757

 Side 1  free  transition at x/c =  0.0247   32
 Side 2 forced transition at x/c =  1.0000   66

  39   rms: 0.1023E-01   max: -.1323E+00   C at   32  1
       a = 15.500      CL =  1.2739
      Cm = -0.0305     CD =  0.08492   =>   CDf =  0.00735    CDp =  0.07757

 Side 1  free  transition at x/c =  0.0247   32
 Side 2 forced transition at x/c =  1.0000   66

  40   rms: 0.1023E-01   max: -.1323E+00   C at   32  1
       a = 15.500      CL =  1.2739
      Cm = -0.0305     CD =  0.08492   =>   CDf =  0.00735    CDp =  0.07757

 Side 1  free  transition at x/c =  0.0247   32
 Side 2 forced transition at x/c =  1.0000   66

  41   rms: 0.1023E-01   max: -.1323E+00   C at   32  1
       a = 15.500      CL =  1.2739
      Cm = -0.0305     CD =  0.08492   =>   CDf =  0.00735    CDp =  0.07757

 Side 1  free  transition at x/c =  0.0247   32
 Side 2 forced transition at x/c =  1.0000   66

  42   rms: 0.1023E-01   max: -.1323E+00   C at   32  1
       a = 15.500      CL =  1.2739
      Cm = -0.0305     CD =  0.08492   =>   CDf =  0.00735    CDp =  0.07757

 Side 1  free  transition at x/c =  0.0247   32
 Side 2 forced transition at x/c =  1.0000   66

  43   rms: 0.1023E-01   max: -.1323E+00   C at   32  1
       a = 15.500      CL =  1.2739
      Cm = -0.0305     CD =  0.08492   =>   CDf =  0.00735    CDp =  0.07757

 Side 1  free  transition at x/c =  0.0247   32
 Side 2 forced transition at x/c =  1.0000   66

  44   rms: 0.1023E-01   max: -.1323E+00   C at   32  1
       a = 15.500      CL =  1.2739
      Cm = -0.0305     CD =  0.08492   =>   CDf =  0.00735    CDp =  0.07757

 Side 1  free  transition at x/c =  0.0247   32
 Side 2 forced transition at x/c =  1.0000   66

  45   rms: 0.1023E-01   max: -.1323E+00   C at   32  1
       a = 15.500      CL =  1.2739
      Cm = -0.0305     CD =  0.08492   =>   CDf =  0.00735    CDp =  0.07757

 Side 1  free  transition at x/c =  0.0247   32
 Side 2 forced transition at x/c =  1.0000   66

  46   rms: 0.1023E-01   max: -.1323E+00   C at   32  1
       a = 15.500      CL =  1.2739
      Cm = -0.0305     CD =  0.08492   =>   CDf =  0.00735    CDp =  0.07757

 Side 1  free  transition at x/c =  0.0247   32
 Side 2 forced transition at x/c =  1.0000   66

  47   rms: 0.1023E-01   max: -.1323E+00   C at   32  1
       a = 15.500      CL =  1.2739
      Cm = -0.0305     CD =  0.08492   =>   CDf =  0.00735    CDp =  0.07757

 Side 1  free  transition at x/c =  0.0247   32
 Side 2 forced transition at x/c =  1.0000   66

  48   rms: 0.1023E-01   max: -.1323E+00   C at   32  1
       a = 15.500      CL =  1.2739
      Cm = -0.0305     CD =  0.08492   =>   CDf =  0.00735    CDp =  0.07757

 Side 1  free  transition at x/c =  0.0247   32
 Side 2 forced transition at x/c =  1.0000   66

  49   rms: 0.1023E-01   max: -.1323E+00   C at   32  1
       a = 15.500      CL =  1.2739
      Cm = -0.0305     CD =  0.08492   =>   CDf =  0.00735    CDp =  0.07757

 Side 1  free  transition at x/c =  0.0247   32
 Side 2 forced transition at x/c =  1.0000   66

  50   rms: 0.1023E-01   max: -.1323E+00   C at   32  1
       a = 15.500      CL =  1.2739
      Cm = -0.0305     CD =  0.08492   =>   CDf =  0.00735    CDp =  0.07757

 Side 1  free  transition at x/c =  0.0247   32
 Side 2 forced transition at x/c =  1.0000   66

  51   rms: 0.1023E-01   max: -.1323E+00   C at   32  1
       a = 15.500      CL =  1.2739
      Cm = -0.0305     CD =  0.08492   =>   CDf =  0.00735    CDp =  0.07757

 Side 1  free  transition at x/c =  0.0247   32
 Side 2 forced transition at x/c =  1.0000   66

  52   rms: 0.1023E-01   max: -.1323E+00   C at   32  1
       a = 15.500      CL =  1.2739
      Cm = -0.0305     CD =  0.08492   =>   CDf =  0.00735    CDp =  0.07757

 Side 1  free  transition at x/c =  0.0247   32
 Side 2 forced transition at x/c =  1.0000   66

  53   rms: 0.1023E-01   max: -.1323E+00   C at   32  1
       a = 15.500      CL =  1.2739
      Cm = -0.0305     CD =  0.08492   =>   CDf =  0.00735    CDp =  0.07757

 Side 1  free  transition at x/c =  0.0247   32
 Side 2 forced transition at x/c =  1.0000   66

  54   rms: 0.1023E-01   max: -.1323E+00   C at   32  1
       a = 15.500      CL =  1.2739
      Cm = -0.0305     CD =  0.08492   =>   CDf =  0.00735    CDp =  0.07757

 Side 1  free  transition at x/c =  0.0247   32
 Side 2 forced transition at x/c =  1.0000   66

  55   rms: 0.1023E-01   max: -.1323E+00   C at   32  1
       a = 15.500      CL =  1.2739
      Cm = -0.0305     CD =  0.08492   =>   CDf =  0.00735    CDp =  0.07757

 Side 1  free  transition at x/c =  0.0247   32
 Side 2 forced transition at x/c =  1.0000   66

  56   rms: 0.1023E-01   max: -.1323E+00   C at   32  1
       a = 15.500      CL =  1.2739
      Cm = -0.0305     CD =  0.08492   =>   CDf =  0.00735    CDp =  0.07757

 Side 1  free  transition at x/c =  0.0247   32
 Side 2 forced transition at x/c =  1.0000   66

  57   rms: 0.1023E-01   max: -.1323E+00   C at   32  1
       a = 15.500      CL =  1.2739
      Cm = -0.0305     CD =  0.08492   =>   CDf =  0.00735    CDp =  0.07757

 Side 1  free  transition at x/c =  0.0247   32
 Side 2 forced transition at x/c =  1.0000   66

  58   rms: 0.1023E-01   max: -.1323E+00   C at   32  1
       a = 15.500      CL =  1.2739
      Cm = -0.0305     CD =  0.08492   =>   CDf =  0.00735    CDp =  0.07757

 Side 1  free  transition at x/c =  0.0247   32
 Side 2 forced transition at x/c =  1.0000   66

  59   rms: 0.1023E-01   max: -.1323E+00   C at   32  1
       a = 15.500      CL =  1.2739
      Cm = -0.0305     CD =  0.08492   =>   CDf =  0.00735    CDp =  0.07757

 Side 1  free  transition at x/c =  0.0247   32
 Side 2 forced transition at x/c =  1.0000   66

  60   rms: 0.1023E-01   max: -.1323E+00   C at   32  1
       a = 15.500      CL =  1.2739
      Cm = -0.0305     CD =  0.08492   =>   CDf =  0.00735    CDp =  0.07757

 Side 1  free  transition at x/c =  0.0247   32
 Side 2 forced transition at x/c =  1.0000   66

  61   rms: 0.1023E-01   max: -.1323E+00   C at   32  1
       a = 15.500      CL =  1.2739
      Cm = -0.0305     CD =  0.08492   =>   CDf =  0.00735    CDp =  0.07757

 Side 1  free  transition at x/c =  0.0247   32
 Side 2 forced transition at x/c =  1.0000   66

  62   rms: 0.1023E-01   max: -.1323E+00   C at   32  1
       a = 15.500      CL =  1.2739
      Cm = -0.0305     CD =  0.08492   =>   CDf =  0.00735    CDp =  0.07757

 Side 1  free  transition at x/c =  0.0247   32
 Side 2 forced transition at x/c =  1.0000   66

  63   rms: 0.1023E-01   max: -.1323E+00   C at   32  1
       a = 15.500      CL =  1.2739
      Cm = -0.0305     CD =  0.08492   =>   CDf =  0.00735    CDp =  0.07757

 Side 1  free  transition at x/c =  0.0247   32
 Side 2 forced transition at x/c =  1.0000   66

  64   rms: 0.1023E-01   max: -.1323E+00   C at   32  1
       a = 15.500      CL =  1.2739
      Cm = -0.0305     CD =  0.08492   =>   CDf =  0.00735    CDp =  0.07757

 Side 1  free  transition at x/c =  0.0247   32
 Side 2 forced transition at x/c =  1.0000   66

  65   rms: 0.1023E-01   max: -.1323E+00   C at   32  1
       a = 15.500      CL =  1.2739
      Cm = -0.0305     CD =  0.08492   =>   CDf =  0.00735    CDp =  0.07757

 Side 1  free  transition at x/c =  0.0247   32
 Side 2 forced transition at x/c =  1.0000   66

  66   rms: 0.1023E-01   max: -.1323E+00   C at   32  1
       a = 15.500      CL =  1.2739
      Cm = -0.0305     CD =  0.08492   =>   CDf =  0.00735    CDp =  0.07757

 Side 1  free  transition at x/c =  0.0247   32
 Side 2 forced transition at x/c =  1.0000   66

  67   rms: 0.1023E-01   max: -.1323E+00   C at   32  1
       a = 15.500      CL =  1.2739
      Cm = -0.0305     CD =  0.08492   =>   CDf =  0.00735    CDp =  0.07757

 Side 1  free  transition at x/c =  0.0247   32
 Side 2 forced transition at x/c =  1.0000   66

  68   rms: 0.1023E-01   max: -.1323E+00   C at   32  1
       a = 15.500      CL =  1.2739
      Cm = -0.0305     CD =  0.08492   =>   CDf =  0.00735    CDp =  0.07757

 Side 1  free  transition at x/c =  0.0247   32
 Side 2 forced transition at x/c =  1.0000   66

  69   rms: 0.1023E-01   max: -.1323E+00   C at   32  1
       a = 15.500      CL =  1.2739
      Cm = -0.0305     CD =  0.08492   =>   CDf =  0.00735    CDp =  0.07757

 Side 1  free  transition at x/c =  0.0247   32
 Side 2 forced transition at x/c =  1.0000   66

  70   rms: 0.1023E-01   max: -.1323E+00   C at   32  1
       a = 15.500      CL =  1.2739
      Cm = -0.0305     CD =  0.08492   =>   CDf =  0.00735    CDp =  0.07757

 Side 1  free  transition at x/c =  0.0247   32
 Side 2 forced transition at x/c =  1.0000   66

  71   rms: 0.1023E-01   max: -.1323E+00   C at   32  1
       a = 15.500      CL =  1.2739
      Cm = -0.0305     CD =  0.08492   =>   CDf =  0.00735    CDp =  0.07757

 Side 1  free  transition at x/c =  0.0247   32
 Side 2 forced transition at x/c =  1.0000   66

  72   rms: 0.1023E-01   max: -.1323E+00   C at   32  1
       a = 15.500      CL =  1.2739
      Cm = -0.0305     CD =  0.08492   =>   CDf =  0.00735    CDp =  0.07757

 Side 1  free  transition at x/c =  0.0247   32
 Side 2 forced transition at x/c =  1.0000   66

  73   rms: 0.1023E-01   max: -.1323E+00   C at   32  1
       a = 15.500      CL =  1.2739
      Cm = -0.0305     CD =  0.08492   =>   CDf =  0.00735    CDp =  0.07757

 Side 1  free  transition at x/c =  0.0247   32
 Side 2 forced transition at x/c =  1.0000   66

  74   rms: 0.1023E-01   max: -.1323E+00   C at   32  1
       a = 15.500      CL =  1.2739
      Cm = -0.0305     CD =  0.08492   =>   CDf =  0.00735    CDp =  0.07757

 Side 1  free  transition at x/c =  0.0247   32
 Side 2 forced transition at x/c =  1.0000   66

  75   rms: 0.1023E-01   max: -.1323E+00   C at   32  1
       a = 15.500      CL =  1.2739
      Cm = -0.0305     CD =  0.08492   =>   CDf =  0.00735    CDp =  0.07757

 Side 1  free  transition at x/c =  0.0247   32
 Side 2 forced transition at x/c =  1.0000   66

  76   rms: 0.1023E-01   max: -.1323E+00   C at   32  1
       a = 15.500      CL =  1.2739
      Cm = -0.0305     CD =  0.08492   =>   CDf =  0.00735    CDp =  0.07757

 Side 1  free  transition at x/c =  0.0247   32
 Side 2 forced transition at x/c =  1.0000   66

  77   rms: 0.1023E-01   max: -.1323E+00   C at   32  1
       a = 15.500      CL =  1.2739
      Cm = -0.0305     CD =  0.08492   =>   CDf =  0.00735    CDp =  0.07757

 Side 1  free  transition at x/c =  0.0247   32
 Side 2 forced transition at x/c =  1.0000   66

  78   rms: 0.1023E-01   max: -.1323E+00   C at   32  1
       a = 15.500      CL =  1.2739
      Cm = -0.0305     CD =  0.08492   =>   CDf =  0.00735    CDp =  0.07757

 Side 1  free  transition at x/c =  0.0247   32
 Side 2 forced transition at x/c =  1.0000   66

  79   rms: 0.1023E-01   max: -.1323E+00   C at   32  1
       a = 15.500      CL =  1.2739
      Cm = -0.0305     CD =  0.08492   =>   CDf =  0.00735    CDp =  0.07757

 Side 1  free  transition at x/c =  0.0247   32
 Side 2 forced transition at x/c =  1.0000   66

  80   rms: 0.1023E-01   max: -.1323E+00   C at   32  1
       a = 15.500      CL =  1.2739
      Cm = -0.0305     CD =  0.08492   =>   CDf =  0.00735    CDp =  0.07757

 Side 1  free  transition at x/c =  0.0247   32
 Side 2 forced transition at x/c =  1.0000   66

  81   rms: 0.1023E-01   max: -.1323E+00   C at   32  1
       a = 15.500      CL =  1.2739
      Cm = -0.0305     CD =  0.08492   =>   CDf =  0.00735    CDp =  0.07757

 Side 1  free  transition at x/c =  0.0247   32
 Side 2 forced transition at x/c =  1.0000   66

  82   rms: 0.1023E-01   max: -.1323E+00   C at   32  1
       a = 15.500      CL =  1.2739
      Cm = -0.0305     CD =  0.08492   =>   CDf =  0.00735    CDp =  0.07757

 Side 1  free  transition at x/c =  0.0247   32
 Side 2 forced transition at x/c =  1.0000   66

  83   rms: 0.1023E-01   max: -.1323E+00   C at   32  1
       a = 15.500      CL =  1.2739
      Cm = -0.0305     CD =  0.08492   =>   CDf =  0.00735    CDp =  0.07757

 Side 1  free  transition at x/c =  0.0247   32
 Side 2 forced transition at x/c =  1.0000   66

  84   rms: 0.1023E-01   max: -.1323E+00   C at   32  1
       a = 15.500      CL =  1.2739
      Cm = -0.0305     CD =  0.08492   =>   CDf =  0.00735    CDp =  0.07757

 Side 1  free  transition at x/c =  0.0247   32
 Side 2 forced transition at x/c =  1.0000   66

  85   rms: 0.1023E-01   max: -.1323E+00   C at   32  1
       a = 15.500      CL =  1.2739
      Cm = -0.0305     CD =  0.08492   =>   CDf =  0.00735    CDp =  0.07757

 Side 1  free  transition at x/c =  0.0247   32
 Side 2 forced transition at x/c =  1.0000   66

  86   rms: 0.1023E-01   max: -.1323E+00   C at   32  1
       a = 15.500      CL =  1.2739
      Cm = -0.0305     CD =  0.08492   =>   CDf =  0.00735    CDp =  0.07757

 Side 1  free  transition at x/c =  0.0247   32
 Side 2 forced transition at x/c =  1.0000   66

  87   rms: 0.1023E-01   max: -.1323E+00   C at   32  1
       a = 15.500      CL =  1.2739
      Cm = -0.0305     CD =  0.08492   =>   CDf =  0.00735    CDp =  0.07757

 Side 1  free  transition at x/c =  0.0247   32
 Side 2 forced transition at x/c =  1.0000   66

  88   rms: 0.1023E-01   max: -.1323E+00   C at   32  1
       a = 15.500      CL =  1.2739
      Cm = -0.0305     CD =  0.08492   =>   CDf =  0.00735    CDp =  0.07757

 Side 1  free  transition at x/c =  0.0247   32
 Side 2 forced transition at x/c =  1.0000   66

  89   rms: 0.1023E-01   max: -.1323E+00   C at   32  1
       a = 15.500      CL =  1.2739
      Cm = -0.0305     CD =  0.08492   =>   CDf =  0.00735    CDp =  0.07757

 Side 1  free  transition at x/c =  0.0247   32
 Side 2 forced transition at x/c =  1.0000   66

  90   rms: 0.1023E-01   max: -.1323E+00   C at   32  1
       a = 15.500      CL =  1.2739
      Cm = -0.0305     CD =  0.08492   =>   CDf =  0.00735    CDp =  0.07757

 Side 1  free  transition at x/c =  0.0247   32
 Side 2 forced transition at x/c =  1.0000   66

  91   rms: 0.1023E-01   max: -.1323E+00   C at   32  1
       a = 15.500      CL =  1.2739
      Cm = -0.0305     CD =  0.08492   =>   CDf =  0.00735    CDp =  0.07757

 Side 1  free  transition at x/c =  0.0247   32
 Side 2 forced transition at x/c =  1.0000   66

  92   rms: 0.1023E-01   max: -.1323E+00   C at   32  1
       a = 15.500      CL =  1.2739
      Cm = -0.0305     CD =  0.08492   =>   CDf =  0.00735    CDp =  0.07757

 Side 1  free  transition at x/c =  0.0247   32
 Side 2 forced transition at x/c =  1.0000   66

  93   rms: 0.1023E-01   max: -.1323E+00   C at   32  1
       a = 15.500      CL =  1.2739
      Cm = -0.0305     CD =  0.08492   =>   CDf =  0.00735    CDp =  0.07757

 Side 1  free  transition at x/c =  0.0247   32
 Side 2 forced transition at x/c =  1.0000   66

  94   rms: 0.1023E-01   max: -.1323E+00   C at   32  1
       a = 15.500      CL =  1.2739
      Cm = -0.0305     CD =  0.08492   =>   CDf =  0.00735    CDp =  0.07757

 Side 1  free  transition at x/c =  0.0247   32
 Side 2 forced transition at x/c =  1.0000   66

  95   rms: 0.1023E-01   max: -.1323E+00   C at   32  1
       a = 15.500      CL =  1.2739
      Cm = -0.0305     CD =  0.08492   =>   CDf =  0.00735    CDp =  0.07757

 Side 1  free  transition at x/c =  0.0247   32
 Side 2 forced transition at x/c =  1.0000   66

  96   rms: 0.1023E-01   max: -.1323E+00   C at   32  1
       a = 15.500      CL =  1.2739
      Cm = -0.0305     CD =  0.08492   =>   CDf =  0.00735    CDp =  0.07757

 Side 1  free  transition at x/c =  0.0247   32
 Side 2 forced transition at x/c =  1.0000   66

  97   rms: 0.1023E-01   max: -.1323E+00   C at   32  1
       a = 15.500      CL =  1.2739
      Cm = -0.0305     CD =  0.08492   =>   CDf =  0.00735    CDp =  0.07757

 Side 1  free  transition at x/c =  0.0247   32
 Side 2 forced transition at x/c =  1.0000   66

  98   rms: 0.1023E-01   max: -.1323E+00   C at   32  1
       a = 15.500      CL =  1.2739
      Cm = -0.0305     CD =  0.08492   =>   CDf =  0.00735    CDp =  0.07757

 Side 1  free  transition at x/c =  0.0247   32
 Side 2 forced transition at x/c =  1.0000   66

  99   rms: 0.1023E-01   max: -.1323E+00   C at   32  1
       a = 15.500      CL =  1.2739
      Cm = -0.0305     CD =  0.08492   =>   CDf =  0.00735    CDp =  0.07757

 Side 1  free  transition at x/c =  0.0247   32
 Side 2 forced transition at x/c =  1.0000   66

 100   rms: 0.1023E-01   max: -.1323E+00   C at   32  1
       a = 15.500      CL =  1.2739
      Cm = -0.0305     CD =  0.08492   =>   CDf =  0.00735    CDp =  0.07757

 Side 1  free  transition at x/c =  0.0247   32
 Side 2 forced transition at x/c =  1.0000   66

 101   rms: 0.1023E-01   max: -.1323E+00   C at   32  1
       a = 15.500      CL =  1.2739
      Cm = -0.0305     CD =  0.08492   =>   CDf =  0.00735    CDp =  0.07757

 Side 1  free  transition at x/c =  0.0247   32
 Side 2 forced transition at x/c =  1.0000   66

 102   rms: 0.1023E-01   max: -.1323E+00   C at   32  1
       a = 15.500      CL =  1.2739
      Cm = -0.0305     CD =  0.08492   =>   CDf =  0.00735    CDp =  0.07757

 Side 1  free  transition at x/c =  0.0247   32
 Side 2 forced transition at x/c =  1.0000   66

 103   rms: 0.1023E-01   max: -.1323E+00   C at   32  1
       a = 15.500      CL =  1.2739
      Cm = -0.0305     CD =  0.08492   =>   CDf =  0.00735    CDp =  0.07757

 Side 1  free  transition at x/c =  0.0247   32
 Side 2 forced transition at x/c =  1.0000   66

 104   rms: 0.1023E-01   max: -.1323E+00   C at   32  1
       a = 15.500      CL =  1.2739
      Cm = -0.0305     CD =  0.08492   =>   CDf =  0.00735    CDp =  0.07757

 Side 1  free  transition at x/c =  0.0247   32
 Side 2 forced transition at x/c =  1.0000   66

 105   rms: 0.1023E-01   max: -.1323E+00   C at   32  1
       a = 15.500      CL =  1.2739
      Cm = -0.0305     CD =  0.08492   =>   CDf =  0.00735    CDp =  0.07757

 Side 1  free  transition at x/c =  0.0247   32
 Side 2 forced transition at x/c =  1.0000   66

 106   rms: 0.1023E-01   max: -.1323E+00   C at   32  1
       a = 15.500      CL =  1.2739
      Cm = -0.0305     CD =  0.08492   =>   CDf =  0.00735    CDp =  0.07757

 Side 1  free  transition at x/c =  0.0247   32
 Side 2 forced transition at x/c =  1.0000   66

 107   rms: 0.1023E-01   max: -.1323E+00   C at   32  1
       a = 15.500      CL =  1.2739
      Cm = -0.0305     CD =  0.08492   =>   CDf =  0.00735    CDp =  0.07757

 Side 1  free  transition at x/c =  0.0247   32
 Side 2 forced transition at x/c =  1.0000   66

 108   rms: 0.1023E-01   max: -.1323E+00   C at   32  1
       a = 15.500      CL =  1.2739
      Cm = -0.0305     CD =  0.08492   =>   CDf =  0.00735    CDp =  0.07757

 Side 1  free  transition at x/c =  0.0247   32
 Side 2 forced transition at x/c =  1.0000   66

 109   rms: 0.1023E-01   max: -.1323E+00   C at   32  1
       a = 15.500      CL =  1.2739
      Cm = -0.0305     CD =  0.08492   =>   CDf =  0.00735    CDp =  0.07757

 Side 1  free  transition at x/c =  0.0247   32
 Side 2 forced transition at x/c =  1.0000   66

 110   rms: 0.1023E-01   max: -.1323E+00   C at   32  1
       a = 15.500      CL =  1.2739
      Cm = -0.0305     CD =  0.08492   =>   CDf =  0.00735    CDp =  0.07757

 Side 1  free  transition at x/c =  0.0247   32
 Side 2 forced transition at x/c =  1.0000   66

 111   rms: 0.1023E-01   max: -.1323E+00   C at   32  1
       a = 15.500      CL =  1.2739
      Cm = -0.0305     CD =  0.08492   =>   CDf =  0.00735    CDp =  0.07757

 Side 1  free  transition at x/c =  0.0247   32
 Side 2 forced transition at x/c =  1.0000   66

 112   rms: 0.1023E-01   max: -.1323E+00   C at   32  1
       a = 15.500      CL =  1.2739
      Cm = -0.0305     CD =  0.08492   =>   CDf =  0.00735    CDp =  0.07757

 Side 1  free  transition at x/c =  0.0247   32
 Side 2 forced transition at x/c =  1.0000   66

 113   rms: 0.1023E-01   max: -.1323E+00   C at   32  1
       a = 15.500      CL =  1.2739
      Cm = -0.0305     CD =  0.08492   =>   CDf =  0.00735    CDp =  0.07757

 Side 1  free  transition at x/c =  0.0247   32
 Side 2 forced transition at x/c =  1.0000   66

 114   rms: 0.1023E-01   max: -.1323E+00   C at   32  1
       a = 15.500      CL =  1.2739
      Cm = -0.0305     CD =  0.08492   =>   CDf =  0.00735    CDp =  0.07757

 Side 1  free  transition at x/c =  0.0247   32
 Side 2 forced transition at x/c =  1.0000   66

 115   rms: 0.1023E-01   max: -.1323E+00   C at   32  1
       a = 15.500      CL =  1.2739
      Cm = -0.0305     CD =  0.08492   =>   CDf =  0.00735    CDp =  0.07757

 Side 1  free  transition at x/c =  0.0247   32
 Side 2 forced transition at x/c =  1.0000   66

 116   rms: 0.1023E-01   max: -.1323E+00   C at   32  1
       a = 15.500      CL =  1.2739
      Cm = -0.0305     CD =  0.08492   =>   CDf =  0.00735    CDp =  0.07757

 Side 1  free  transition at x/c =  0.0247   32
 Side 2 forced transition at x/c =  1.0000   66

 117   rms: 0.1023E-01   max: -.1323E+00   C at   32  1
       a = 15.500      CL =  1.2739
      Cm = -0.0305     CD =  0.08492   =>   CDf =  0.00735    CDp =  0.07757

 Side 1  free  transition at x/c =  0.0247   32
 Side 2 forced transition at x/c =  1.0000   66

 118   rms: 0.1023E-01   max: -.1323E+00   C at   32  1
       a = 15.500      CL =  1.2739
      Cm = -0.0305     CD =  0.08492   =>   CDf =  0.00735    CDp =  0.07757

 Side 1  free  transition at x/c =  0.0247   32
 Side 2 forced transition at x/c =  1.0000   66

 119   rms: 0.1023E-01   max: -.1323E+00   C at   32  1
       a = 15.500      CL =  1.2739
      Cm = -0.0305     CD =  0.08492   =>   CDf =  0.00735    CDp =  0.07757

 Side 1  free  transition at x/c =  0.0247   32
 Side 2 forced transition at x/c =  1.0000   66

 120   rms: 0.1023E-01   max: -.1323E+00   C at   32  1
       a = 15.500      CL =  1.2739
      Cm = -0.0305     CD =  0.08492   =>   CDf =  0.00735    CDp =  0.07757

 Side 1  free  transition at x/c =  0.0247   32
 Side 2 forced transition at x/c =  1.0000   66

 121   rms: 0.1023E-01   max: -.1323E+00   C at   32  1
       a = 15.500      CL =  1.2739
      Cm = -0.0305     CD =  0.08492   =>   CDf =  0.00735    CDp =  0.07757

 Side 1  free  transition at x/c =  0.0247   32
 Side 2 forced transition at x/c =  1.0000   66

 122   rms: 0.1023E-01   max: -.1323E+00   C at   32  1
       a = 15.500      CL =  1.2739
      Cm = -0.0305     CD =  0.08492   =>   CDf =  0.00735    CDp =  0.07757

 Side 1  free  transition at x/c =  0.0247   32
 Side 2 forced transition at x/c =  1.0000   66

 123   rms: 0.1023E-01   max: -.1323E+00   C at   32  1
       a = 15.500      CL =  1.2739
      Cm = -0.0305     CD =  0.08492   =>   CDf =  0.00735    CDp =  0.07757

 Side 1  free  transition at x/c =  0.0247   32
 Side 2 forced transition at x/c =  1.0000   66

 124   rms: 0.1023E-01   max: -.1323E+00   C at   32  1
       a = 15.500      CL =  1.2739
      Cm = -0.0305     CD =  0.08492   =>   CDf =  0.00735    CDp =  0.07757

 Side 1  free  transition at x/c =  0.0247   32
 Side 2 forced transition at x/c =  1.0000   66

 125   rms: 0.1023E-01   max: -.1323E+00   C at   32  1
       a = 15.500      CL =  1.2739
      Cm = -0.0305     CD =  0.08492   =>   CDf =  0.00735    CDp =  0.07757

 Side 1  free  transition at x/c =  0.0247   32
 Side 2 forced transition at x/c =  1.0000   66

 126   rms: 0.1023E-01   max: -.1323E+00   C at   32  1
       a = 15.500      CL =  1.2739
      Cm = -0.0305     CD =  0.08492   =>   CDf =  0.00735    CDp =  0.07757

 Side 1  free  transition at x/c =  0.0247   32
 Side 2 forced transition at x/c =  1.0000   66

 127   rms: 0.1023E-01   max: -.1323E+00   C at   32  1
       a = 15.500      CL =  1.2739
      Cm = -0.0305     CD =  0.08492   =>   CDf =  0.00735    CDp =  0.07757

 Side 1  free  transition at x/c =  0.0247   32
 Side 2 forced transition at x/c =  1.0000   66

 128   rms: 0.1023E-01   max: -.1323E+00   C at   32  1
       a = 15.500      CL =  1.2739
      Cm = -0.0305     CD =  0.08492   =>   CDf =  0.00735    CDp =  0.07757

 Side 1  free  transition at x/c =  0.0247   32
 Side 2 forced transition at x/c =  1.0000   66

 129   rms: 0.1023E-01   max: -.1323E+00   C at   32  1
       a = 15.500      CL =  1.2739
      Cm = -0.0305     CD =  0.08492   =>   CDf =  0.00735    CDp =  0.07757

 Side 1  free  transition at x/c =  0.0247   32
 Side 2 forced transition at x/c =  1.0000   66

 130   rms: 0.1023E-01   max: -.1323E+00   C at   32  1
       a = 15.500      CL =  1.2739
      Cm = -0.0305     CD =  0.08492   =>   CDf =  0.00735    CDp =  0.07757

 Side 1  free  transition at x/c =  0.0247   32
 Side 2 forced transition at x/c =  1.0000   66

 131   rms: 0.1023E-01   max: -.1323E+00   C at   32  1
       a = 15.500      CL =  1.2739
      Cm = -0.0305     CD =  0.08492   =>   CDf =  0.00735    CDp =  0.07757

 Side 1  free  transition at x/c =  0.0247   32
 Side 2 forced transition at x/c =  1.0000   66

 132   rms: 0.1023E-01   max: -.1323E+00   C at   32  1
       a = 15.500      CL =  1.2739
      Cm = -0.0305     CD =  0.08492   =>   CDf =  0.00735    CDp =  0.07757

 Side 1  free  transition at x/c =  0.0247   32
 Side 2 forced transition at x/c =  1.0000   66

 133   rms: 0.1023E-01   max: -.1323E+00   C at   32  1
       a = 15.500      CL =  1.2739
      Cm = -0.0305     CD =  0.08492   =>   CDf =  0.00735    CDp =  0.07757

 Side 1  free  transition at x/c =  0.0247   32
 Side 2 forced transition at x/c =  1.0000   66

 134   rms: 0.1023E-01   max: -.1323E+00   C at   32  1
       a = 15.500      CL =  1.2739
      Cm = -0.0305     CD =  0.08492   =>   CDf =  0.00735    CDp =  0.07757

 Side 1  free  transition at x/c =  0.0247   32
 Side 2 forced transition at x/c =  1.0000   66

 135   rms: 0.1023E-01   max: -.1323E+00   C at   32  1
       a = 15.500      CL =  1.2739
      Cm = -0.0305     CD =  0.08492   =>   CDf =  0.00735    CDp =  0.07757

 Side 1  free  transition at x/c =  0.0247   32
 Side 2 forced transition at x/c =  1.0000   66

 136   rms: 0.1023E-01   max: -.1323E+00   C at   32  1
       a = 15.500      CL =  1.2739
      Cm = -0.0305     CD =  0.08492   =>   CDf =  0.00735    CDp =  0.07757

 Side 1  free  transition at x/c =  0.0247   32
 Side 2 forced transition at x/c =  1.0000   66

 137   rms: 0.1023E-01   max: -.1323E+00   C at   32  1
       a = 15.500      CL =  1.2739
      Cm = -0.0305     CD =  0.08492   =>   CDf =  0.00735    CDp =  0.07757

 Side 1  free  transition at x/c =  0.0247   32
 Side 2 forced transition at x/c =  1.0000   66

 138   rms: 0.1023E-01   max: -.1323E+00   C at   32  1
       a = 15.500      CL =  1.2739
      Cm = -0.0305     CD =  0.08492   =>   CDf =  0.00735    CDp =  0.07757

 Side 1  free  transition at x/c =  0.0247   32
 Side 2 forced transition at x/c =  1.0000   66

 139   rms: 0.1023E-01   max: -.1323E+00   C at   32  1
       a = 15.500      CL =  1.2739
      Cm = -0.0305     CD =  0.08492   =>   CDf =  0.00735    CDp =  0.07757

 Side 1  free  transition at x/c =  0.0247   32
 Side 2 forced transition at x/c =  1.0000   66

 140   rms: 0.1023E-01   max: -.1323E+00   C at   32  1
       a = 15.500      CL =  1.2739
      Cm = -0.0305     CD =  0.08492   =>   CDf =  0.00735    CDp =  0.07757

 Side 1  free  transition at x/c =  0.0247   32
 Side 2 forced transition at x/c =  1.0000   66

 141   rms: 0.1023E-01   max: -.1323E+00   C at   32  1
       a = 15.500      CL =  1.2739
      Cm = -0.0305     CD =  0.08492   =>   CDf =  0.00735    CDp =  0.07757

 Side 1  free  transition at x/c =  0.0247   32
 Side 2 forced transition at x/c =  1.0000   66

 142   rms: 0.1023E-01   max: -.1323E+00   C at   32  1
       a = 15.500      CL =  1.2739
      Cm = -0.0305     CD =  0.08492   =>   CDf =  0.00735    CDp =  0.07757

 Side 1  free  transition at x/c =  0.0247   32
 Side 2 forced transition at x/c =  1.0000   66

 143   rms: 0.1023E-01   max: -.1323E+00   C at   32  1
       a = 15.500      CL =  1.2739
      Cm = -0.0305     CD =  0.08492   =>   CDf =  0.00735    CDp =  0.07757

 Side 1  free  transition at x/c =  0.0247   32
 Side 2 forced transition at x/c =  1.0000   66

 144   rms: 0.1023E-01   max: -.1323E+00   C at   32  1
       a = 15.500      CL =  1.2739
      Cm = -0.0305     CD =  0.08492   =>   CDf =  0.00735    CDp =  0.07757

 Side 1  free  transition at x/c =  0.0247   32
 Side 2 forced transition at x/c =  1.0000   66

 145   rms: 0.1023E-01   max: -.1323E+00   C at   32  1
       a = 15.500      CL =  1.2739
      Cm = -0.0305     CD =  0.08492   =>   CDf =  0.00735    CDp =  0.07757

 Side 1  free  transition at x/c =  0.0247   32
 Side 2 forced transition at x/c =  1.0000   66

 146   rms: 0.1023E-01   max: -.1323E+00   C at   32  1
       a = 15.500      CL =  1.2739
      Cm = -0.0305     CD =  0.08492   =>   CDf =  0.00735    CDp =  0.07757

 Side 1  free  transition at x/c =  0.0247   32
 Side 2 forced transition at x/c =  1.0000   66

 147   rms: 0.1023E-01   max: -.1323E+00   C at   32  1
       a = 15.500      CL =  1.2739
      Cm = -0.0305     CD =  0.08492   =>   CDf =  0.00735    CDp =  0.07757

 Side 1  free  transition at x/c =  0.0247   32
 Side 2 forced transition at x/c =  1.0000   66

 148   rms: 0.1023E-01   max: -.1323E+00   C at   32  1
       a = 15.500      CL =  1.2739
      Cm = -0.0305     CD =  0.08492   =>   CDf =  0.00735    CDp =  0.07757

 Side 1  free  transition at x/c =  0.0247   32
 Side 2 forced transition at x/c =  1.0000   66

 149   rms: 0.1023E-01   max: -.1323E+00   C at   32  1
       a = 15.500      CL =  1.2739
      Cm = -0.0305     CD =  0.08492   =>   CDf =  0.00735    CDp =  0.07757

 Side 1  free  transition at x/c =  0.0247   32
 Side 2 forced transition at x/c =  1.0000   66

 150   rms: 0.1023E-01   max: -.1323E+00   C at   32  1
       a = 15.500      CL =  1.2739
      Cm = -0.0305     CD =  0.08492   =>   CDf =  0.00735    CDp =  0.07757

 Side 1  free  transition at x/c =  0.0247   32
 Side 2 forced transition at x/c =  1.0000   66

 151   rms: 0.1023E-01   max: -.1323E+00   C at   32  1
       a = 15.500      CL =  1.2739
      Cm = -0.0305     CD =  0.08492   =>   CDf =  0.00735    CDp =  0.07757

 Side 1  free  transition at x/c =  0.0247   32
 Side 2 forced transition at x/c =  1.0000   66

 152   rms: 0.1023E-01   max: -.1323E+00   C at   32  1
       a = 15.500      CL =  1.2739
      Cm = -0.0305     CD =  0.08492   =>   CDf =  0.00735    CDp =  0.07757

 Side 1  free  transition at x/c =  0.0247   32
 Side 2 forced transition at x/c =  1.0000   66

 153   rms: 0.1023E-01   max: -.1323E+00   C at   32  1
       a = 15.500      CL =  1.2739
      Cm = -0.0305     CD =  0.08492   =>   CDf =  0.00735    CDp =  0.07757

 Side 1  free  transition at x/c =  0.0247   32
 Side 2 forced transition at x/c =  1.0000   66

 154   rms: 0.1023E-01   max: -.1323E+00   C at   32  1
       a = 15.500      CL =  1.2739
      Cm = -0.0305     CD =  0.08492   =>   CDf =  0.00735    CDp =  0.07757

 Side 1  free  transition at x/c =  0.0247   32
 Side 2 forced transition at x/c =  1.0000   66

 155   rms: 0.1023E-01   max: -.1323E+00   C at   32  1
       a = 15.500      CL =  1.2739
      Cm = -0.0305     CD =  0.08492   =>   CDf =  0.00735    CDp =  0.07757

 Side 1  free  transition at x/c =  0.0247   32
 Side 2 forced transition at x/c =  1.0000   66

 156   rms: 0.1023E-01   max: -.1323E+00   C at   32  1
       a = 15.500      CL =  1.2739
      Cm = -0.0305     CD =  0.08492   =>   CDf =  0.00735    CDp =  0.07757

 Side 1  free  transition at x/c =  0.0247   32
 Side 2 forced transition at x/c =  1.0000   66

 157   rms: 0.1023E-01   max: -.1323E+00   C at   32  1
       a = 15.500      CL =  1.2739
      Cm = -0.0305     CD =  0.08492   =>   CDf =  0.00735    CDp =  0.07757

 Side 1  free  transition at x/c =  0.0247   32
 Side 2 forced transition at x/c =  1.0000   66

 158   rms: 0.1023E-01   max: -.1323E+00   C at   32  1
       a = 15.500      CL =  1.2739
      Cm = -0.0305     CD =  0.08492   =>   CDf =  0.00735    CDp =  0.07757

 Side 1  free  transition at x/c =  0.0247   32
 Side 2 forced transition at x/c =  1.0000   66

 159   rms: 0.1023E-01   max: -.1323E+00   C at   32  1
       a = 15.500      CL =  1.2739
      Cm = -0.0305     CD =  0.08492   =>   CDf =  0.00735    CDp =  0.07757

 Side 1  free  transition at x/c =  0.0247   32
 Side 2 forced transition at x/c =  1.0000   66

 160   rms: 0.1023E-01   max: -.1323E+00   C at   32  1
       a = 15.500      CL =  1.2739
      Cm = -0.0305     CD =  0.08492   =>   CDf =  0.00735    CDp =  0.07757

 Side 1  free  transition at x/c =  0.0247   32
 Side 2 forced transition at x/c =  1.0000   66

 161   rms: 0.1023E-01   max: -.1323E+00   C at   32  1
       a = 15.500      CL =  1.2739
      Cm = -0.0305     CD =  0.08492   =>   CDf =  0.00735    CDp =  0.07757

 Side 1  free  transition at x/c =  0.0247   32
 Side 2 forced transition at x/c =  1.0000   66

 162   rms: 0.1023E-01   max: -.1323E+00   C at   32  1
       a = 15.500      CL =  1.2739
      Cm = -0.0305     CD =  0.08492   =>   CDf =  0.00735    CDp =  0.07757

 Side 1  free  transition at x/c =  0.0247   32
 Side 2 forced transition at x/c =  1.0000   66

 163   rms: 0.1023E-01   max: -.1323E+00   C at   32  1
       a = 15.500      CL =  1.2739
      Cm = -0.0305     CD =  0.08492   =>   CDf =  0.00735    CDp =  0.07757

 Side 1  free  transition at x/c =  0.0247   32
 Side 2 forced transition at x/c =  1.0000   66

 164   rms: 0.1023E-01   max: -.1323E+00   C at   32  1
       a = 15.500      CL =  1.2739
      Cm = -0.0305     CD =  0.08492   =>   CDf =  0.00735    CDp =  0.07757

 Side 1  free  transition at x/c =  0.0247   32
 Side 2 forced transition at x/c =  1.0000   66

 165   rms: 0.1023E-01   max: -.1323E+00   C at   32  1
       a = 15.500      CL =  1.2739
      Cm = -0.0305     CD =  0.08492   =>   CDf =  0.00735    CDp =  0.07757

 Side 1  free  transition at x/c =  0.0247   32
 Side 2 forced transition at x/c =  1.0000   66

 166   rms: 0.1023E-01   max: -.1323E+00   C at   32  1
       a = 15.500      CL =  1.2739
      Cm = -0.0305     CD =  0.08492   =>   CDf =  0.00735    CDp =  0.07757

 Side 1  free  transition at x/c =  0.0247   32
 Side 2 forced transition at x/c =  1.0000   66

 167   rms: 0.1023E-01   max: -.1323E+00   C at   32  1
       a = 15.500      CL =  1.2739
      Cm = -0.0305     CD =  0.08492   =>   CDf =  0.00735    CDp =  0.07757

 Side 1  free  transition at x/c =  0.0247   32
 Side 2 forced transition at x/c =  1.0000   66

 168   rms: 0.1023E-01   max: -.1323E+00   C at   32  1
       a = 15.500      CL =  1.2739
      Cm = -0.0305     CD =  0.08492   =>   CDf =  0.00735    CDp =  0.07757

 Side 1  free  transition at x/c =  0.0247   32
 Side 2 forced transition at x/c =  1.0000   66

 169   rms: 0.1023E-01   max: -.1323E+00   C at   32  1
       a = 15.500      CL =  1.2739
      Cm = -0.0305     CD =  0.08492   =>   CDf =  0.00735    CDp =  0.07757

 Side 1  free  transition at x/c =  0.0247   32
 Side 2 forced transition at x/c =  1.0000   66

 170   rms: 0.1023E-01   max: -.1323E+00   C at   32  1
       a = 15.500      CL =  1.2739
      Cm = -0.0305     CD =  0.08492   =>   CDf =  0.00735    CDp =  0.07757

 Side 1  free  transition at x/c =  0.0247   32
 Side 2 forced transition at x/c =  1.0000   66

 171   rms: 0.1023E-01   max: -.1323E+00   C at   32  1
       a = 15.500      CL =  1.2739
      Cm = -0.0305     CD =  0.08492   =>   CDf =  0.00735    CDp =  0.07757

 Side 1  free  transition at x/c =  0.0247   32
 Side 2 forced transition at x/c =  1.0000   66

 172   rms: 0.1023E-01   max: -.1323E+00   C at   32  1
       a = 15.500      CL =  1.2739
      Cm = -0.0305     CD =  0.08492   =>   CDf =  0.00735    CDp =  0.07757

 Side 1  free  transition at x/c =  0.0247   32
 Side 2 forced transition at x/c =  1.0000   66

 173   rms: 0.1023E-01   max: -.1323E+00   C at   32  1
       a = 15.500      CL =  1.2739
      Cm = -0.0305     CD =  0.08492   =>   CDf =  0.00735    CDp =  0.07757

 Side 1  free  transition at x/c =  0.0247   32
 Side 2 forced transition at x/c =  1.0000   66

 174   rms: 0.1023E-01   max: -.1323E+00   C at   32  1
       a = 15.500      CL =  1.2739
      Cm = -0.0305     CD =  0.08492   =>   CDf =  0.00735    CDp =  0.07757

 Side 1  free  transition at x/c =  0.0247   32
 Side 2 forced transition at x/c =  1.0000   66

 175   rms: 0.1023E-01   max: -.1323E+00   C at   32  1
       a = 15.500      CL =  1.2739
      Cm = -0.0305     CD =  0.08492   =>   CDf =  0.00735    CDp =  0.07757

 Side 1  free  transition at x/c =  0.0247   32
 Side 2 forced transition at x/c =  1.0000   66

 176   rms: 0.1023E-01   max: -.1323E+00   C at   32  1
       a = 15.500      CL =  1.2739
      Cm = -0.0305     CD =  0.08492   =>   CDf =  0.00735    CDp =  0.07757

 Side 1  free  transition at x/c =  0.0247   32
 Side 2 forced transition at x/c =  1.0000   66

 177   rms: 0.1023E-01   max: -.1323E+00   C at   32  1
       a = 15.500      CL =  1.2739
      Cm = -0.0305     CD =  0.08492   =>   CDf =  0.00735    CDp =  0.07757

 Side 1  free  transition at x/c =  0.0247   32
 Side 2 forced transition at x/c =  1.0000   66

 178   rms: 0.1023E-01   max: -.1323E+00   C at   32  1
       a = 15.500      CL =  1.2739
      Cm = -0.0305     CD =  0.08492   =>   CDf =  0.00735    CDp =  0.07757

 Side 1  free  transition at x/c =  0.0247   32
 Side 2 forced transition at x/c =  1.0000   66

 179   rms: 0.1023E-01   max: -.1323E+00   C at   32  1
       a = 15.500      CL =  1.2739
      Cm = -0.0305     CD =  0.08492   =>   CDf =  0.00735    CDp =  0.07757

 Side 1  free  transition at x/c =  0.0247   32
 Side 2 forced transition at x/c =  1.0000   66

 180   rms: 0.1023E-01   max: -.1323E+00   C at   32  1
       a = 15.500      CL =  1.2739
      Cm = -0.0305     CD =  0.08492   =>   CDf =  0.00735    CDp =  0.07757

 Side 1  free  transition at x/c =  0.0247   32
 Side 2 forced transition at x/c =  1.0000   66

 181   rms: 0.1023E-01   max: -.1323E+00   C at   32  1
       a = 15.500      CL =  1.2739
      Cm = -0.0305     CD =  0.08492   =>   CDf =  0.00735    CDp =  0.07757

 Side 1  free  transition at x/c =  0.0247   32
 Side 2 forced transition at x/c =  1.0000   66

 182   rms: 0.1023E-01   max: -.1323E+00   C at   32  1
       a = 15.500      CL =  1.2739
      Cm = -0.0305     CD =  0.08492   =>   CDf =  0.00735    CDp =  0.07757

 Side 1  free  transition at x/c =  0.0247   32
 Side 2 forced transition at x/c =  1.0000   66

 183   rms: 0.1023E-01   max: -.1323E+00   C at   32  1
       a = 15.500      CL =  1.2739
      Cm = -0.0305     CD =  0.08492   =>   CDf =  0.00735    CDp =  0.07757

 Side 1  free  transition at x/c =  0.0247   32
 Side 2 forced transition at x/c =  1.0000   66

 184   rms: 0.1023E-01   max: -.1323E+00   C at   32  1
       a = 15.500      CL =  1.2739
      Cm = -0.0305     CD =  0.08492   =>   CDf =  0.00735    CDp =  0.07757

 Side 1  free  transition at x/c =  0.0247   32
 Side 2 forced transition at x/c =  1.0000   66

 185   rms: 0.1023E-01   max: -.1323E+00   C at   32  1
       a = 15.500      CL =  1.2739
      Cm = -0.0305     CD =  0.08492   =>   CDf =  0.00735    CDp =  0.07757

 Side 1  free  transition at x/c =  0.0247   32
 Side 2 forced transition at x/c =  1.0000   66

 186   rms: 0.1023E-01   max: -.1323E+00   C at   32  1
       a = 15.500      CL =  1.2739
      Cm = -0.0305     CD =  0.08492   =>   CDf =  0.00735    CDp =  0.07757

 Side 1  free  transition at x/c =  0.0247   32
 Side 2 forced transition at x/c =  1.0000   66

 187   rms: 0.1023E-01   max: -.1323E+00   C at   32  1
       a = 15.500      CL =  1.2739
      Cm = -0.0305     CD =  0.08492   =>   CDf =  0.00735    CDp =  0.07757

 Side 1  free  transition at x/c =  0.0247   32
 Side 2 forced transition at x/c =  1.0000   66

 188   rms: 0.1023E-01   max: -.1323E+00   C at   32  1
       a = 15.500      CL =  1.2739
      Cm = -0.0305     CD =  0.08492   =>   CDf =  0.00735    CDp =  0.07757

 Side 1  free  transition at x/c =  0.0247   32
 Side 2 forced transition at x/c =  1.0000   66

 189   rms: 0.1023E-01   max: -.1323E+00   C at   32  1
       a = 15.500      CL =  1.2739
      Cm = -0.0305     CD =  0.08492   =>   CDf =  0.00735    CDp =  0.07757

 Side 1  free  transition at x/c =  0.0247   32
 Side 2 forced transition at x/c =  1.0000   66

 190   rms: 0.1023E-01   max: -.1323E+00   C at   32  1
       a = 15.500      CL =  1.2739
      Cm = -0.0305     CD =  0.08492   =>   CDf =  0.00735    CDp =  0.07757

 Side 1  free  transition at x/c =  0.0247   32
 Side 2 forced transition at x/c =  1.0000   66

 191   rms: 0.1023E-01   max: -.1323E+00   C at   32  1
       a = 15.500      CL =  1.2739
      Cm = -0.0305     CD =  0.08492   =>   CDf =  0.00735    CDp =  0.07757

 Side 1  free  transition at x/c =  0.0247   32
 Side 2 forced transition at x/c =  1.0000   66

 192   rms: 0.1023E-01   max: -.1323E+00   C at   32  1
       a = 15.500      CL =  1.2739
      Cm = -0.0305     CD =  0.08492   =>   CDf =  0.00735    CDp =  0.07757

 Side 1  free  transition at x/c =  0.0247   32
 Side 2 forced transition at x/c =  1.0000   66

 193   rms: 0.1023E-01   max: -.1323E+00   C at   32  1
       a = 15.500      CL =  1.2739
      Cm = -0.0305     CD =  0.08492   =>   CDf =  0.00735    CDp =  0.07757

 Side 1  free  transition at x/c =  0.0247   32
 Side 2 forced transition at x/c =  1.0000   66

 194   rms: 0.1023E-01   max: -.1323E+00   C at   32  1
       a = 15.500      CL =  1.2739
      Cm = -0.0305     CD =  0.08492   =>   CDf =  0.00735    CDp =  0.07757

 Side 1  free  transition at x/c =  0.0247   32
 Side 2 forced transition at x/c =  1.0000   66

 195   rms: 0.1023E-01   max: -.1323E+00   C at   32  1
       a = 15.500      CL =  1.2739
      Cm = -0.0305     CD =  0.08492   =>   CDf =  0.00735    CDp =  0.07757

 Side 1  free  transition at x/c =  0.0247   32
 Side 2 forced transition at x/c =  1.0000   66

 196   rms: 0.1023E-01   max: -.1323E+00   C at   32  1
       a = 15.500      CL =  1.2739
      Cm = -0.0305     CD =  0.08492   =>   CDf =  0.00735    CDp =  0.07757

 Side 1  free  transition at x/c =  0.0247   32
 Side 2 forced transition at x/c =  1.0000   66

 197   rms: 0.1023E-01   max: -.1323E+00   C at   32  1
       a = 15.500      CL =  1.2739
      Cm = -0.0305     CD =  0.08492   =>   CDf =  0.00735    CDp =  0.07757

 Side 1  free  transition at x/c =  0.0247   32
 Side 2 forced transition at x/c =  1.0000   66

 198   rms: 0.1023E-01   max: -.1323E+00   C at   32  1
       a = 15.500      CL =  1.2739
      Cm = -0.0305     CD =  0.08492   =>   CDf =  0.00735    CDp =  0.07757

 Side 1  free  transition at x/c =  0.0247   32
 Side 2 forced transition at x/c =  1.0000   66

 199   rms: 0.1023E-01   max: -.1323E+00   C at   32  1
       a = 15.500      CL =  1.2739
      Cm = -0.0305     CD =  0.08492   =>   CDf =  0.00735    CDp =  0.07757

 Side 1  free  transition at x/c =  0.0247   32
 Side 2 forced transition at x/c =  1.0000   66

 200   rms: 0.1023E-01   max: -.1323E+00   C at   32  1
       a = 15.500      CL =  1.2739
      Cm = -0.0305     CD =  0.08492   =>   CDf =  0.00735    CDp =  0.07757

 Side 1  free  transition at x/c =  0.0247   32
 Side 2 forced transition at x/c =  1.0000   66

 201   rms: 0.1023E-01   max: -.1323E+00   C at   32  1
       a = 15.500      CL =  1.2739
      Cm = -0.0305     CD =  0.08492   =>   CDf =  0.00735    CDp =  0.07757

 Side 1  free  transition at x/c =  0.0247   32
 Side 2 forced transition at x/c =  1.0000   66

 202   rms: 0.1023E-01   max: -.1323E+00   C at   32  1
       a = 15.500      CL =  1.2739
      Cm = -0.0305     CD =  0.08492   =>   CDf =  0.00735    CDp =  0.07757

 Side 1  free  transition at x/c =  0.0247   32
 Side 2 forced transition at x/c =  1.0000   66

 203   rms: 0.1023E-01   max: -.1323E+00   C at   32  1
       a = 15.500      CL =  1.2739
      Cm = -0.0305     CD =  0.08492   =>   CDf =  0.00735    CDp =  0.07757

 Side 1  free  transition at x/c =  0.0247   32
 Side 2 forced transition at x/c =  1.0000   66

 204   rms: 0.1023E-01   max: -.1323E+00   C at   32  1
       a = 15.500      CL =  1.2739
      Cm = -0.0305     CD =  0.08492   =>   CDf =  0.00735    CDp =  0.07757

 Side 1  free  transition at x/c =  0.0247   32
 Side 2 forced transition at x/c =  1.0000   66

 205   rms: 0.1023E-01   max: -.1323E+00   C at   32  1
       a = 15.500      CL =  1.2739
      Cm = -0.0305     CD =  0.08492   =>   CDf =  0.00735    CDp =  0.07757
 VISCAL:  Convergence failed
      5.000   10.7718   0.084916   0.020642   0.003568  -0.017073    0.0247     #
 Calculating wake trajectory ...
 Calculating source influence matrix ...

 Solving BL system ...

 Side 1  free  transition at x/c =  0.0247   32
 Side 2 forced transition at x/c =  1.0000   66

   1   rms: 0.3701E-01   max: -.1604E+00   D at   65  1   RLX: 0.534
       a = 15.250      CL =  1.2788
      Cm = -0.0304     CD =  0.08181   =>   CDf =  0.00734    CDp =  0.07448

 Side 1  free  transition at x/c =  0.0252   33
 Side 2 forced transition at x/c =  1.0000   66

   2   rms: 0.2250E-01   max: -.1046E+00   C at   33  1
       a = 15.250      CL =  1.2854
      Cm = -0.0286     CD =  0.07878   =>   CDf =  0.00738    CDp =  0.07141

 Side 1  free  transition at x/c =  0.0253   33
 Side 2 forced transition at x/c =  1.0000   66

   3   rms: 0.2682E-02   max: 0.1590E-01   C at   33  1
       a = 15.250      CL =  1.2870
      Cm = -0.0287     CD =  0.07936   =>   CDf =  0.00740    CDp =  0.07196

 Side 1  free  transition at x/c =  0.0252   33
 Side 2 forced transition at x/c =  1.0000   66

   4   rms: 0.7790E-04   max: 0.4491E-03   D at   69  1
       a = 15.250      CL =  1.2870
      Cm = -0.0288     CD =  0.07942   =>   CDf =  0.00740    CDp =  0.07202
      5.000   10.4575   0.079422   0.021222   0.003541  -0.017680    0.0252     #

 Point added to stored polar  1
 Point written to save file  clarky_re120000_realistic_model_reverse.polar   
 Dump file unspecified or not available
 Calculating wake trajectory ...
 Calculating source influence matrix ...

 Solving BL system ...

 Side 1  free  transition at x/c =  0.0252   33
 Side 2 forced transition at x/c =  1.0000   66

   1   rms: 0.3609E-01   max: -.1567E+00   D at   67  1   RLX: 0.560
       a = 15.000      CL =  1.2919
      Cm = -0.0278     CD =  0.07594   =>   CDf =  0.00740    CDp =  0.06855

 Side 1  free  transition at x/c =  0.0257   33
 Side 2 forced transition at x/c =  1.0000   66

   2   rms: 0.1674E-01   max: -.6877E-01   D at   67  1
       a = 15.000      CL =  1.2969
      Cm = -0.0272     CD =  0.07386   =>   CDf =  0.00747    CDp =  0.06638

 Side 1  free  transition at x/c =  0.0260   33
 Side 2 forced transition at x/c =  1.0000   66

   3   rms: 0.1873E-02   max: -.8917E-02   D at   79  2
       a = 15.000      CL =  1.2981
      Cm = -0.0274     CD =  0.07429   =>   CDf =  0.00754    CDp =  0.06675

 Side 1  free  transition at x/c =  0.0259   33
 Side 2 forced transition at x/c =  1.0000   66

   4   rms: 0.3833E-04   max: -.2534E-03   D at   79  2
       a = 15.000      CL =  1.2981
      Cm = -0.0274     CD =  0.07432   =>   CDf =  0.00754    CDp =  0.06678
      5.000   10.1404   0.074322   0.021690   0.003488  -0.018201    0.0259     #

 Point added to stored polar  1
 Point written to save file  clarky_re120000_realistic_model_reverse.polar   
 Dump file unspecified or not available
 Calculating wake trajectory ...
 Calculating source influence matrix ...

 Solving BL system ...

 Side 1  free  transition at x/c =  0.0259   33
 Side 2 forced transition at x/c =  1.0000   66

   1   rms: 0.3573E-01   max: -.1507E+00   D at   69  1   RLX: 0.586
       a = 14.750      CL =  1.3027
      Cm = -0.0266     CD =  0.07097   =>   CDf =  0.00753    CDp =  0.06344

 Side 1  free  transition at x/c =  0.0265   33
 Side 2 forced transition at x/c =  1.0000   66

   2   rms: 0.1572E-01   max: -.6328E-01   D at   68  1
       a = 14.750      CL =  1.3070
      Cm = -0.0262     CD =  0.06920   =>   CDf =  0.00762    CDp =  0.06158

 Side 1  free  transition at x/c =  0.0269   33
 Side 2 forced transition at x/c =  1.0000   66

   3   rms: 0.1623E-02   max: -.7286E-02   D at   78  2
       a = 14.750      CL =  1.3081
      Cm = -0.0263     CD =  0.06953   =>   CDf =  0.00768    CDp =  0.06185

 Side 1  free  transition at x/c =  0.0268   33
 Side 2 forced transition at x/c =  1.0000   66

   4   rms: 0.3871E-04   max: -.3190E-03   D at   78  2
       a = 14.750      CL =  1.3081
      Cm = -0.0263     CD =  0.06956   =>   CDf =  0.00768    CDp =  0.06188
      5.000    9.8095   0.069562   0.022109   0.003424  -0.018685    0.0268     #

 Point added to stored polar  1
 Point written to save file  clarky_re120000_realistic_model_reverse.polar   
 Dump file unspecified or not available
 Calculating wake trajectory ...
 Calculating source influence matrix ...

 Solving BL system ...

 Side 1  free  transition at x/c =  0.0268   33
 Side 2 forced transition at x/c =  1.0000   66

   1   rms: 0.3549E-01   max: -.1448E+00   D at   70  1   RLX: 0.613
       a = 14.500      CL =  1.3123
      Cm = -0.0257     CD =  0.06635   =>   CDf =  0.00767    CDp =  0.05867

 Side 1  free  transition at x/c =  0.0276   33
 Side 2 forced transition at x/c =  1.0000   66

   2   rms: 0.1480E-01   max: -.5814E-01   D at   69  1
       a = 14.500      CL =  1.3160
      Cm = -0.0255     CD =  0.06485   =>   CDf =  0.00777    CDp =  0.05708

 Side 1  free  transition at x/c =  0.0279   34
 Side 2 forced transition at x/c =  1.0000   66

   3   rms: 0.1028E-01   max: -.1360E+00   C at   34  1
       a = 14.500      CL =  1.3174
      Cm = -0.0256     CD =  0.06501   =>   CDf =  0.00788    CDp =  0.05712

 Side 1  free  transition at x/c =  0.0281   34
 Side 2 forced transition at x/c =  1.0000   66

   4   rms: 0.6558E-03   max: 0.8679E-02   C at   34  1
       a = 14.500      CL =  1.3173
      Cm = -0.0256     CD =  0.06511   =>   CDf =  0.00781    CDp =  0.05730

 Side 1  free  transition at x/c =  0.0280   34
 Side 2 forced transition at x/c =  1.0000   66

   5   rms: 0.2638E-04   max: -.1513E-03   C at   34  1
       a = 14.500      CL =  1.3173
      Cm = -0.0256     CD =  0.06511   =>   CDf =  0.00781    CDp =  0.05730
      5.000    9.4650   0.065110   0.022469   0.003359  -0.019110    0.0280     #

 Point added to stored polar  1
 Point written to save file  clarky_re120000_realistic_model_reverse.polar   
 Dump file unspecified or not available
 Calculating wake trajectory ...
 Calculating source influence matrix ...

 Solving BL system ...

 Side 1  free  transition at x/c =  0.0280   34
 Side 2 forced transition at x/c =  1.0000   66

   1   rms: 0.3782E-01   max: -.1939E+00   C at   34  1   RLX: 0.643
       a = 14.250      CL =  1.3223
      Cm = -0.0250     CD =  0.06181   =>   CDf =  0.00781    CDp =  0.05400

 Side 1  free  transition at x/c =  0.0291   34
 Side 2 forced transition at x/c =  1.0000   66

   2   rms: 0.1420E-01   max: -.7962E-01   C at   34  1
       a = 14.250      CL =  1.3257
      Cm = -0.0250     CD =  0.06060   =>   CDf =  0.00788    CDp =  0.05273

 Side 1  free  transition at x/c =  0.0297   34
 Side 2 forced transition at x/c =  1.0000   66

   3   rms: 0.1120E-02   max: 0.5172E-02   C at   34  1
       a = 14.250      CL =  1.3265
      Cm = -0.0251     CD =  0.06085   =>   CDf =  0.00791    CDp =  0.05293

 Side 1  free  transition at x/c =  0.0297   34
 Side 2 forced transition at x/c =  1.0000   66

   4   rms: 0.1540E-04   max: -.1323E-03   D at   77  2
       a = 14.250      CL =  1.3265
      Cm = -0.0251     CD =  0.06086   =>   CDf =  0.00791    CDp =  0.05295
      5.000    9.1014   0.060861   0.022766   0.003321  -0.019445    0.0297     #

 Point added to stored polar  1
 Point written to save file  clarky_re120000_realistic_model_reverse.polar   
 Dump file unspecified or not available
 Calculating wake trajectory ...
 Calculating source influence matrix ...

 Solving BL system ...

 Side 1  free  transition at x/c =  0.0297   34
 Side 2 forced transition at x/c =  1.0000   66

   1   rms: 0.3777E-01   max: -.2493E+00   C at   34  1   RLX: 0.675
       a = 14.000      CL =  1.3305
      Cm = -0.0248     CD =  0.05778   =>   CDf =  0.00791    CDp =  0.04987

 Side 1  free  transition at x/c =  0.0311   34
 Side 2 forced transition at x/c =  1.0000   66

   2   rms: 0.1754E-01   max: -.1896E+00   C at   34  1
       a = 14.000      CL =  1.3326
      Cm = -0.0250     CD =  0.05685   =>   CDf =  0.00804    CDp =  0.04881

 Side 1  free  transition at x/c =  0.0325   35
 Side 2 forced transition at x/c =  1.0000   66

   3   rms: 0.4058E-02   max: -.5939E-01   D at   34  1
       a = 14.000      CL =  1.3345
      Cm = -0.0250     CD =  0.05690   =>   CDf =  0.00802    CDp =  0.04888

 Side 1  free  transition at x/c =  0.0323   35
 Side 2 forced transition at x/c =  1.0000   66

   4   rms: 0.5795E-03   max: 0.9400E-02   C at   35  1
       a = 14.000      CL =  1.3346
      Cm = -0.0250     CD =  0.05693   =>   CDf =  0.00800    CDp =  0.04893

 Side 1  free  transition at x/c =  0.0322   35
 Side 2 forced transition at x/c =  1.0000   66

   5   rms: 0.1777E-04   max: -.1588E-03   C at   35  1
       a = 14.000      CL =  1.3346
      Cm = -0.0250     CD =  0.05693   =>   CDf =  0.00800    CDp =  0.04893
      5.000    8.7297   0.056931   0.023012   0.003263  -0.019749    0.0322     #

 Point added to stored polar  1
 Point written to save file  clarky_re120000_realistic_model_reverse.polar   
 Dump file unspecified or not available
 Calculating wake trajectory ...
 Calculating source influence matrix ...

 Solving BL system ...

 Side 1  free  transition at x/c =  0.0322   35
 Side 2 forced transition at x/c =  1.0000   66

   1   rms: 0.4067E-01   max: -.3417E+00   C at   35  1   RLX: 0.710
       a = 13.750      CL =  1.3388
      Cm = -0.0249     CD =  0.05384   =>   CDf =  0.00799    CDp =  0.04585

 Side 1  free  transition at x/c =  0.0349   36
 Side 2 forced transition at x/c =  1.0000   66

   2   rms: 0.1690E-01   max: -.2011E+00   C at   36  1
       a = 13.750      CL =  1.3418
      Cm = -0.0251     CD =  0.05303   =>   CDf =  0.00808    CDp =  0.04495

 Side 1  free  transition at x/c =  0.0366   36
 Side 2 forced transition at x/c =  1.0000   66

   3   rms: 0.9543E-03   max: -.9812E-02   C at   36  1
       a = 13.750      CL =  1.3421
      Cm = -0.0251     CD =  0.05324   =>   CDf =  0.00805    CDp =  0.04519

 Side 1  free  transition at x/c =  0.0366   36
 Side 2 forced transition at x/c =  1.0000   66

   4   rms: 0.2290E-04   max: 0.2963E-03   C at   36  1
       a = 13.750      CL =  1.3421
      Cm = -0.0251     CD =  0.05325   =>   CDf =  0.00805    CDp =  0.04519
      5.000    8.3493   0.053247   0.023194   0.003187  -0.020007    0.0366     #

 Point added to stored polar  1
 Point written to save file  clarky_re120000_realistic_model_reverse.polar   
 Dump file unspecified or not available
 Calculating wake trajectory ...
 Calculating source influence matrix ...

 Solving BL system ...

 Side 1  free  transition at x/c =  0.0366   36
 Side 2 forced transition at x/c =  1.0000   66

   1   rms: 0.4282E-01   max: -.4234E+00   C at   36  1   RLX: 0.748
       a = 13.500      CL =  1.3458
      Cm = -0.0253     CD =  0.05029   =>   CDf =  0.00861    CDp =  0.04168

 Side 1  free  transition at x/c =  0.0421   36
 Side 2 forced transition at x/c =  1.0000   67

   2   rms: 0.1534E-01   max: -.1849E+00   T at    2  2
       a = 13.500      CL =  1.3471
      Cm = -0.0255     CD =  0.04982   =>   CDf =  0.00809    CDp =  0.04173

 Side 1  free  transition at x/c =  0.0450   37
 Side 2 forced transition at x/c =  1.0000   67

   3   rms: 0.3429E-02   max: 0.5205E-01   C at   37  1
       a = 13.500      CL =  1.3482
      Cm = -0.0256     CD =  0.04985   =>   CDf =  0.00807    CDp =  0.04179

 Side 1  free  transition at x/c =  0.0442   37
 Side 2 forced transition at x/c =  1.0000   67

   4   rms: 0.2273E-03   max: -.3353E-02   C at   37  1
       a = 13.500      CL =  1.3481
      Cm = -0.0256     CD =  0.04987   =>   CDf =  0.00809    CDp =  0.04178

 Side 1  free  transition at x/c =  0.0442   37
 Side 2 forced transition at x/c =  1.0000   67

   5   rms: 0.3289E-05   max: -.3028E-04   C at   67  2
       a = 13.500      CL =  1.3481
      Cm = -0.0256     CD =  0.04987   =>   CDf =  0.00809    CDp =  0.04179
      5.000    7.9716   0.049871   0.023336   0.003097  -0.020238    0.0442     #

 Point added to stored polar  1
 Point written to save file  clarky_re120000_realistic_model_reverse.polar   
 Dump file unspecified or not available
 Calculating wake trajectory ...
 Calculating source influence matrix ...

 Solving BL system ...

 Side 1  free  transition at x/c =  0.0442   37
 Side 2 forced transition at x/c =  1.0000   67

   1   rms: 0.4399E-01   max: -.4530E+00   C at   37  1   RLX: 0.788
       a = 13.250      CL =  1.3511
      Cm = -0.0259     CD =  0.04702   =>   CDf =  0.00808    CDp =  0.03894

 Side 1  free  transition at x/c =  0.0519   38
 Side 2 forced transition at x/c =  1.0000   67

   2   rms: 0.8643E-02   max: -.2667E-01   T at   40  1
       a = 13.250      CL =  1.3491
      Cm = -0.0262     CD =  0.04707   =>   CDf =  0.00813    CDp =  0.03894

 Side 1  free  transition at x/c =  0.0568   39
 Side 2 forced transition at x/c =  1.0000   67

   3   rms: 0.7635E-02   max: 0.1000E+00   C at   39  1
       a = 13.250      CL =  1.3521
      Cm = -0.0262     CD =  0.04682   =>   CDf =  0.00808    CDp =  0.03874

 Side 1  free  transition at x/c =  0.0541   39
 Side 2 forced transition at x/c =  1.0000   67

   4   rms: 0.1518E-02   max: -.2012E-01   C at   39  1
       a = 13.250      CL =  1.3514
      Cm = -0.0262     CD =  0.04691   =>   CDf =  0.00812    CDp =  0.03879

 Side 1  free  transition at x/c =  0.0545   39
 Side 2 forced transition at x/c =  1.0000   67

   5   rms: 0.1934E-04   max: -.1289E-03   D at   39  1
       a = 13.250      CL =  1.3514
      Cm = -0.0262     CD =  0.04691   =>   CDf =  0.00812    CDp =  0.03879
      5.000    7.6127   0.046908   0.023424   0.002997  -0.020428    0.0545     #

 Point added to stored polar  1
 Point written to save file  clarky_re120000_realistic_model_reverse.polar   
 Dump file unspecified or not available
 Calculating wake trajectory ...
 Calculating source influence matrix ...

 Solving BL system ...

 Side 1  free  transition at x/c =  0.0545   39
 Side 2 forced transition at x/c =  1.0000   67

   1   rms: 0.4040E-01   max: -.3445E+00   C at   39  1   RLX: 0.826
       a = 13.000      CL =  1.3520
      Cm = -0.0267     CD =  0.04436   =>   CDf =  0.00811    CDp =  0.03625

 Side 1  free  transition at x/c =  0.0631   40
 Side 2 forced transition at x/c =  1.0000   67

   2   rms: 0.7184E-02   max: 0.3362E-01   D at   39  1
       a = 13.000      CL =  1.3493
      Cm = -0.0270     CD =  0.04454   =>   CDf =  0.00819    CDp =  0.03635

 Side 1  free  transition at x/c =  0.0663   41
 Side 2 forced transition at x/c =  1.0000   67

   3   rms: 0.6902E-02   max: 0.1014E+00   C at   41  1
       a = 13.000      CL =  1.3516
      Cm = -0.0270     CD =  0.04436   =>   CDf =  0.00815    CDp =  0.03621

 Side 1  free  transition at x/c =  0.0648   41
 Side 2 forced transition at x/c =  1.0000   67

   4   rms: 0.5994E-03   max: -.6226E-02   C at   41  1
       a = 13.000      CL =  1.3513
      Cm = -0.0270     CD =  0.04440   =>   CDf =  0.00819    CDp =  0.03621

 Side 1  free  transition at x/c =  0.0649   41
 Side 2 forced transition at x/c =  1.0000   67

   5   rms: 0.1091E-04   max: 0.4424E-04   C at   41  1
       a = 13.000      CL =  1.3513
      Cm = -0.0270     CD =  0.04440   =>   CDf =  0.00819    CDp =  0.03621
      5.000    7.2837   0.044397   0.023479   0.002890  -0.020589    0.0649     #

 Point added to stored polar  1
 Point written to save file  clarky_re120000_realistic_model_reverse.polar   
 Dump file unspecified or not available
 Calculating wake trajectory ...
 Calculating source influence matrix ...

 Solving BL system ...

 Side 1  free  transition at x/c =  0.0649   41
 Side 2 forced transition at x/c =  1.0000   67

   1   rms: 0.3967E-01   max: -.2860E+00   C at   41  1   RLX: 0.866
       a = 12.750      CL =  1.3517
      Cm = -0.0277     CD =  0.04188   =>   CDf =  0.00818    CDp =  0.03369

 Side 1  free  transition at x/c =  0.0715   42
 Side 2 forced transition at x/c =  1.0000   67

   2   rms: 0.7990E-02   max: -.7037E-01   C at   42  1
       a = 12.750      CL =  1.3495
      Cm = -0.0280     CD =  0.04209   =>   CDf =  0.00827    CDp =  0.03382

 Side 1  free  transition at x/c =  0.0737   42
 Side 2 forced transition at x/c =  1.0000   67

   3   rms: 0.4793E-03   max: -.3185E-02   D at   45  1
       a = 12.750      CL =  1.3498
      Cm = -0.0280     CD =  0.04211   =>   CDf =  0.00826    CDp =  0.03385

 Side 1  free  transition at x/c =  0.0736   42
 Side 2 forced transition at x/c =  1.0000   67

   4   rms: 0.4274E-05   max: -.3506E-04   D at   76  2
       a = 12.750      CL =  1.3498
      Cm = -0.0280     CD =  0.04211   =>   CDf =  0.00826    CDp =  0.03385
      5.000    6.9624   0.042109   0.023512   0.002791  -0.020721    0.0736     #

 Point added to stored polar  1
 Point written to save file  clarky_re120000_realistic_model_reverse.polar   
 Dump file unspecified or not available
 Calculating wake trajectory ...
 Calculating source influence matrix ...

 Solving BL system ...

 Side 1  free  transition at x/c =  0.0736   42
 Side 2 forced transition at x/c =  1.0000   67

   1   rms: 0.3586E-01   max: -.1808E+00   C at   42  1   RLX: 0.903
       a = 12.500      CL =  1.3465
      Cm = -0.0288     CD =  0.04000   =>   CDf =  0.00826    CDp =  0.03174

 Side 1  free  transition at x/c =  0.0815   43
 Side 2 forced transition at x/c =  1.0000   67

   2   rms: 0.3664E-02   max: -.1333E-01   D at   78  1
       a = 12.500      CL =  1.3469
      Cm = -0.0291     CD =  0.04001   =>   CDf =  0.00833    CDp =  0.03168

 Side 1  free  transition at x/c =  0.0819   43
 Side 2 forced transition at x/c =  1.0000   67

   3   rms: 0.1533E-03   max: -.6974E-03   D at   75  2
       a = 12.500      CL =  1.3470
      Cm = -0.0291     CD =  0.04003   =>   CDf =  0.00834    CDp =  0.03169

 Side 1  free  transition at x/c =  0.0819   43
 Side 2 forced transition at x/c =  1.0000   67

   4   rms: 0.2050E-05   max: 0.2926E-04   C at   67  2
       a = 12.500      CL =  1.3470
      Cm = -0.0291     CD =  0.04003   =>   CDf =  0.00834    CDp =  0.03169
      5.000    6.6515   0.040030   0.023514   0.002692  -0.020822    0.0819     #

 Point added to stored polar  1
 Point written to save file  clarky_re120000_realistic_model_reverse.polar   
 Dump file unspecified or not available
 Calculating wake trajectory ...
 Calculating source influence matrix ...

 Solving BL system ...

 Side 1  free  transition at x/c =  0.0819   43
 Side 2 forced transition at x/c =  1.0000   67

   1   rms: 0.3539E-01   max: -.1506E+00   C at   43  1   RLX: 0.945
       a = 12.250      CL =  1.3420
      Cm = -0.0301     CD =  0.03806   =>   CDf =  0.00882    CDp =  0.02924

 Side 1  free  transition at x/c =  0.0898   43
 Side 2 forced transition at x/c =  1.0000   68

   2   rms: 0.4529E-02   max: -.4353E-01   T at    2  2
       a = 12.250      CL =  1.3435
      Cm = -0.0303     CD =  0.03806   =>   CDf =  0.00842    CDp =  0.02964

 Side 1  free  transition at x/c =  0.0900   43
 Side 2 forced transition at x/c =  1.0000   68

   3   rms: 0.8989E-03   max: 0.1227E-01   D at    4  2
       a = 12.250      CL =  1.3436
      Cm = -0.0303     CD =  0.03808   =>   CDf =  0.00842    CDp =  0.02967

 Side 1  free  transition at x/c =  0.0900   43
 Side 2 forced transition at x/c =  1.0000   68

   4   rms: 0.1512E-05   max: 0.1941E-04   C at   68  2
       a = 12.250      CL =  1.3436
      Cm = -0.0303     CD =  0.03808   =>   CDf =  0.00842    CDp =  0.02967
      5.000    6.3434   0.038084   0.023486   0.004377  -0.019109    0.0900     #

 Point added to stored polar  1
 Point written to save file  clarky_re120000_realistic_model_reverse.polar   
 Dump file unspecified or not available
 Calculating wake trajectory ...
 Calculating source influence matrix ...

 Solving BL system ...

 Side 1  free  transition at x/c =  0.0900   43
 Side 2 forced transition at x/c =  1.0000   68

   1   rms: 0.3514E-01   max: -.1521E+00   C at   43  1   RLX: 0.992
       a = 12.000      CL =  1.3378
      Cm = -0.0315     CD =  0.03616   =>   CDf =  0.00841    CDp =  0.02775

 Side 1  free  transition at x/c =  0.0973   44
 Side 2 forced transition at x/c =  1.0000   68

   2   rms: 0.4215E-02   max: -.5077E-01   C at   44  1
       a = 12.000      CL =  1.3392
      Cm = -0.0317     CD =  0.03627   =>   CDf =  0.00851    CDp =  0.02776

 Side 1  free  transition at x/c =  0.0976   44
 Side 2 forced transition at x/c =  1.0000   68

   3   rms: 0.1150E-03   max: 0.1051E-02   C at   44  1
       a = 12.000      CL =  1.3393
      Cm = -0.0317     CD =  0.03629   =>   CDf =  0.00848    CDp =  0.02781

 Side 1  free  transition at x/c =  0.0976   44
 Side 2 forced transition at x/c =  1.0000   68

   4   rms: 0.1628E-05   max: 0.1768E-04   C at   68  2
       a = 12.000      CL =  1.3393
      Cm = -0.0317     CD =  0.03629   =>   CDf =  0.00848    CDp =  0.02781
      5.000    6.0433   0.036289   0.023429   0.004441  -0.018988    0.0976     #

 Point added to stored polar  1
 Point written to save file  clarky_re120000_realistic_model_reverse.polar   
 Dump file unspecified or not available
 Calculating wake trajectory ...
 Calculating source influence matrix ...

 Solving BL system ...

 Side 1  free  transition at x/c =  0.0976   44
 Side 2 forced transition at x/c =  1.0000   68

   1   rms: 0.3539E-01   max: -.1742E+00   C at   44  1
       a = 11.750      CL =  1.3338
      Cm = -0.0331     CD =  0.03442   =>   CDf =  0.00848    CDp =  0.02594

 Side 1  free  transition at x/c =  0.1040   45
 Side 2 forced transition at x/c =  1.0000   68

   2   rms: 0.7247E-02   max: -.9893E-01   C at   45  1
       a = 11.750      CL =  1.3336
      Cm = -0.0332     CD =  0.03464   =>   CDf =  0.00862    CDp =  0.02602

 Side 1  free  transition at x/c =  0.1051   45
 Side 2 forced transition at x/c =  1.0000   68

   3   rms: 0.2765E-03   max: -.3535E-02   D at   47  1
       a = 11.750      CL =  1.3336
      Cm = -0.0332     CD =  0.03466   =>   CDf =  0.00856    CDp =  0.02611

 Side 1  free  transition at x/c =  0.1050   45
 Side 2 forced transition at x/c =  1.0000   68

   4   rms: 0.3353E-05   max: -.1639E-04   D at   75  2
       a = 11.750      CL =  1.3336
      Cm = -0.0332     CD =  0.03467   =>   CDf =  0.00856    CDp =  0.02611
      5.000    5.7594   0.034665   0.023341   0.004467  -0.018875    0.1050     #

 Point added to stored polar  1
 Point written to save file  clarky_re120000_realistic_model_reverse.polar   
 Dump file unspecified or not available
 Calculating wake trajectory ...
 Calculating source influence matrix ...

 Solving BL system ...

 Side 1  free  transition at x/c =  0.1050   45
 Side 2 forced transition at x/c =  1.0000   68

   1   rms: 0.3623E-01   max: -.2004E+00   C at   45  1
       a = 11.500      CL =  1.3290
      Cm = -0.0347     CD =  0.03281   =>   CDf =  0.00855    CDp =  0.02426

 Side 1  free  transition at x/c =  0.1113   45
 Side 2 forced transition at x/c =  1.0000   68

   2   rms: 0.7409E-02   max: -.9299E-01   C at   45  1
       a = 11.500      CL =  1.3263
      Cm = -0.0347     CD =  0.03321   =>   CDf =  0.00868    CDp =  0.02452

 Side 1  free  transition at x/c =  0.1127   45
 Side 2 forced transition at x/c =  1.0000   68

   3   rms: 0.5054E-02   max: -.8266E-01   C at   45  1
       a = 11.500      CL =  1.3264
      Cm = -0.0347     CD =  0.03319   =>   CDf =  0.00869    CDp =  0.02450

 Side 1  free  transition at x/c =  0.1126   45
 Side 2 forced transition at x/c =  1.0000   68

   4   rms: 0.5216E-02   max: -.8492E-01   C at   45  1
       a = 11.500      CL =  1.3264
      Cm = -0.0347     CD =  0.03320   =>   CDf =  0.00869    CDp =  0.02450

 Side 1  free  transition at x/c =  0.1126   45
 Side 2 forced transition at x/c =  1.0000   68

   5   rms: 0.5195E-02   max: -.8465E-01   C at   45  1
       a = 11.500      CL =  1.3264
      Cm = -0.0347     CD =  0.03320   =>   CDf =  0.00869    CDp =  0.02450

 Side 1  free  transition at x/c =  0.1126   45
 Side 2 forced transition at x/c =  1.0000   68

   6   rms: 0.5198E-02   max: -.8469E-01   C at   45  1
       a = 11.500      CL =  1.3264
      Cm = -0.0347     CD =  0.03320   =>   CDf =  0.00869    CDp =  0.02450

 Side 1  free  transition at x/c =  0.1126   45
 Side 2 forced transition at x/c =  1.0000   68

   7   rms: 0.5197E-02   max: -.8468E-01   C at   45  1
       a = 11.500      CL =  1.3264
      Cm = -0.0347     CD =  0.03320   =>   CDf =  0.00869    CDp =  0.02450

 Side 1  free  transition at x/c =  0.1126   45
 Side 2 forced transition at x/c =  1.0000   68

   8   rms: 0.5197E-02   max: -.8468E-01   C at   45  1
       a = 11.500      CL =  1.3264
      Cm = -0.0347     CD =  0.03320   =>   CDf =  0.00869    CDp =  0.02450

 Side 1  free  transition at x/c =  0.1126   45
 Side 2 forced transition at x/c =  1.0000   68

   9   rms: 0.5197E-02   max: -.8468E-01   C at   45  1
       a = 11.500      CL =  1.3264
      Cm = -0.0347     CD =  0.03320   =>   CDf =  0.00869    CDp =  0.02450

 Side 1  free  transition at x/c =  0.1126   45
 Side 2 forced transition at x/c =  1.0000   68

  10   rms: 0.5197E-02   max: -.8468E-01   C at   45  1
       a = 11.500      CL =  1.3264
      Cm = -0.0347     CD =  0.03320   =>   CDf =  0.00869    CDp =  0.02450

 Side 1  free  transition at x/c =  0.1126   45
 Side 2 forced transition at x/c =  1.0000   68

  11   rms: 0.5197E-02   max: -.8468E-01   C at   45  1
       a = 11.500      CL =  1.3264
      Cm = -0.0347     CD =  0.03320   =>   CDf =  0.00869    CDp =  0.02450

 Side 1  free  transition at x/c =  0.1126   45
 Side 2 forced transition at x/c =  1.0000   68

  12   rms: 0.5197E-02   max: -.8468E-01   C at   45  1
       a = 11.500      CL =  1.3264
      Cm = -0.0347     CD =  0.03320   =>   CDf =  0.00869    CDp =  0.02450

 Side 1  free  transition at x/c =  0.1126   45
 Side 2 forced transition at x/c =  1.0000   68

  13   rms: 0.5197E-02   max: -.8468E-01   C at   45  1
       a = 11.500      CL =  1.3264
      Cm = -0.0347     CD =  0.03320   =>   CDf =  0.00869    CDp =  0.02450

 Side 1  free  transition at x/c =  0.1126   45
 Side 2 forced transition at x/c =  1.0000   68

  14   rms: 0.5197E-02   max: -.8468E-01   C at   45  1
       a = 11.500      CL =  1.3264
      Cm = -0.0347     CD =  0.03320   =>   CDf =  0.00869    CDp =  0.02450

 Side 1  free  transition at x/c =  0.1126   45
 Side 2 forced transition at x/c =  1.0000   68

  15   rms: 0.5197E-02   max: -.8468E-01   C at   45  1
       a = 11.500      CL =  1.3264
      Cm = -0.0347     CD =  0.03320   =>   CDf =  0.00869    CDp =  0.02450

 Side 1  free  transition at x/c =  0.1126   45
 Side 2 forced transition at x/c =  1.0000   68

  16   rms: 0.5197E-02   max: -.8468E-01   C at   45  1
       a = 11.500      CL =  1.3264
      Cm = -0.0347     CD =  0.03320   =>   CDf =  0.00869    CDp =  0.02450

 Side 1  free  transition at x/c =  0.1126   45
 Side 2 forced transition at x/c =  1.0000   68

  17   rms: 0.5197E-02   max: -.8468E-01   C at   45  1
       a = 11.500      CL =  1.3264
      Cm = -0.0347     CD =  0.03320   =>   CDf =  0.00869    CDp =  0.02450

 Side 1  free  transition at x/c =  0.1126   45
 Side 2 forced transition at x/c =  1.0000   68

  18   rms: 0.5197E-02   max: -.8468E-01   C at   45  1
       a = 11.500      CL =  1.3264
      Cm = -0.0347     CD =  0.03320   =>   CDf =  0.00869    CDp =  0.02450

 Side 1  free  transition at x/c =  0.1126   45
 Side 2 forced transition at x/c =  1.0000   68

  19   rms: 0.5197E-02   max: -.8468E-01   C at   45  1
       a = 11.500      CL =  1.3264
      Cm = -0.0347     CD =  0.03320   =>   CDf =  0.00869    CDp =  0.02450

 Side 1  free  transition at x/c =  0.1126   45
 Side 2 forced transition at x/c =  1.0000   68

  20   rms: 0.5197E-02   max: -.8468E-01   C at   45  1
       a = 11.500      CL =  1.3264
      Cm = -0.0347     CD =  0.03320   =>   CDf =  0.00869    CDp =  0.02450

 Side 1  free  transition at x/c =  0.1126   45
 Side 2 forced transition at x/c =  1.0000   68

  21   rms: 0.5197E-02   max: -.8468E-01   C at   45  1
       a = 11.500      CL =  1.3264
      Cm = -0.0347     CD =  0.03320   =>   CDf =  0.00869    CDp =  0.02450

 Side 1  free  transition at x/c =  0.1126   45
 Side 2 forced transition at x/c =  1.0000   68

  22   rms: 0.5197E-02   max: -.8468E-01   C at   45  1
       a = 11.500      CL =  1.3264
      Cm = -0.0347     CD =  0.03320   =>   CDf =  0.00869    CDp =  0.02450

 Side 1  free  transition at x/c =  0.1126   45
 Side 2 forced transition at x/c =  1.0000   68

  23   rms: 0.5197E-02   max: -.8468E-01   C at   45  1
       a = 11.500      CL =  1.3264
      Cm = -0.0347     CD =  0.03320   =>   CDf =  0.00869    CDp =  0.02450

 Side 1  free  transition at x/c =  0.1126   45
 Side 2 forced transition at x/c =  1.0000   68

  24   rms: 0.5197E-02   max: -.8468E-01   C at   45  1
       a = 11.500      CL =  1.3264
      Cm = -0.0347     CD =  0.03320   =>   CDf =  0.00869    CDp =  0.02450

 Side 1  free  transition at x/c =  0.1126   45
 Side 2 forced transition at x/c =  1.0000   68

  25   rms: 0.5197E-02   max: -.8468E-01   C at   45  1
       a = 11.500      CL =  1.3264
      Cm = -0.0347     CD =  0.03320   =>   CDf =  0.00869    CDp =  0.02450

 Side 1  free  transition at x/c =  0.1126   45
 Side 2 forced transition at x/c =  1.0000   68

  26   rms: 0.5197E-02   max: -.8468E-01   C at   45  1
       a = 11.500      CL =  1.3264
      Cm = -0.0347     CD =  0.03320   =>   CDf =  0.00869    CDp =  0.02450

 Side 1  free  transition at x/c =  0.1126   45
 Side 2 forced transition at x/c =  1.0000   68

  27   rms: 0.5197E-02   max: -.8468E-01   C at   45  1
       a = 11.500      CL =  1.3264
      Cm = -0.0347     CD =  0.03320   =>   CDf =  0.00869    CDp =  0.02450

 Side 1  free  transition at x/c =  0.1126   45
 Side 2 forced transition at x/c =  1.0000   68

  28   rms: 0.5197E-02   max: -.8468E-01   C at   45  1
       a = 11.500      CL =  1.3264
      Cm = -0.0347     CD =  0.03320   =>   CDf =  0.00869    CDp =  0.02450

 Side 1  free  transition at x/c =  0.1126   45
 Side 2 forced transition at x/c =  1.0000   68

  29   rms: 0.5197E-02   max: -.8468E-01   C at   45  1
       a = 11.500      CL =  1.3264
      Cm = -0.0347     CD =  0.03320   =>   CDf =  0.00869    CDp =  0.02450

 Side 1  free  transition at x/c =  0.1126   45
 Side 2 forced transition at x/c =  1.0000   68

  30   rms: 0.5197E-02   max: -.8468E-01   C at   45  1
       a = 11.500      CL =  1.3264
      Cm = -0.0347     CD =  0.03320   =>   CDf =  0.00869    CDp =  0.02450

 Side 1  free  transition at x/c =  0.1126   45
 Side 2 forced transition at x/c =  1.0000   68

  31   rms: 0.5197E-02   max: -.8468E-01   C at   45  1
       a = 11.500      CL =  1.3264
      Cm = -0.0347     CD =  0.03320   =>   CDf =  0.00869    CDp =  0.02450

 Side 1  free  transition at x/c =  0.1126   45
 Side 2 forced transition at x/c =  1.0000   68

  32   rms: 0.5197E-02   max: -.8468E-01   C at   45  1
       a = 11.500      CL =  1.3264
      Cm = -0.0347     CD =  0.03320   =>   CDf =  0.00869    CDp =  0.02450

 Side 1  free  transition at x/c =  0.1126   45
 Side 2 forced transition at x/c =  1.0000   68

  33   rms: 0.5197E-02   max: -.8468E-01   C at   45  1
       a = 11.500      CL =  1.3264
      Cm = -0.0347     CD =  0.03320   =>   CDf =  0.00869    CDp =  0.02450

 Side 1  free  transition at x/c =  0.1126   45
 Side 2 forced transition at x/c =  1.0000   68

  34   rms: 0.5197E-02   max: -.8468E-01   C at   45  1
       a = 11.500      CL =  1.3264
      Cm = -0.0347     CD =  0.03320   =>   CDf =  0.00869    CDp =  0.02450

 Side 1  free  transition at x/c =  0.1126   45
 Side 2 forced transition at x/c =  1.0000   68

  35   rms: 0.5197E-02   max: -.8468E-01   C at   45  1
       a = 11.500      CL =  1.3264
      Cm = -0.0347     CD =  0.03320   =>   CDf =  0.00869    CDp =  0.02450

 Side 1  free  transition at x/c =  0.1126   45
 Side 2 forced transition at x/c =  1.0000   68

  36   rms: 0.5197E-02   max: -.8468E-01   C at   45  1
       a = 11.500      CL =  1.3264
      Cm = -0.0347     CD =  0.03320   =>   CDf =  0.00869    CDp =  0.02450

 Side 1  free  transition at x/c =  0.1126   45
 Side 2 forced transition at x/c =  1.0000   68

  37   rms: 0.5197E-02   max: -.8468E-01   C at   45  1
       a = 11.500      CL =  1.3264
      Cm = -0.0347     CD =  0.03320   =>   CDf =  0.00869    CDp =  0.02450

 Side 1  free  transition at x/c =  0.1126   45
 Side 2 forced transition at x/c =  1.0000   68

  38   rms: 0.5197E-02   max: -.8468E-01   C at   45  1
       a = 11.500      CL =  1.3264
      Cm = -0.0347     CD =  0.03320   =>   CDf =  0.00869    CDp =  0.02450

 Side 1  free  transition at x/c =  0.1126   45
 Side 2 forced transition at x/c =  1.0000   68

  39   rms: 0.5197E-02   max: -.8468E-01   C at   45  1
       a = 11.500      CL =  1.3264
      Cm = -0.0347     CD =  0.03320   =>   CDf =  0.00869    CDp =  0.02450

 Side 1  free  transition at x/c =  0.1126   45
 Side 2 forced transition at x/c =  1.0000   68

  40   rms: 0.5197E-02   max: -.8468E-01   C at   45  1
       a = 11.500      CL =  1.3264
      Cm = -0.0347     CD =  0.03320   =>   CDf =  0.00869    CDp =  0.02450

 Side 1  free  transition at x/c =  0.1126   45
 Side 2 forced transition at x/c =  1.0000   68

  41   rms: 0.5197E-02   max: -.8468E-01   C at   45  1
       a = 11.500      CL =  1.3264
      Cm = -0.0347     CD =  0.03320   =>   CDf =  0.00869    CDp =  0.02450

 Side 1  free  transition at x/c =  0.1126   45
 Side 2 forced transition at x/c =  1.0000   68

  42   rms: 0.5197E-02   max: -.8468E-01   C at   45  1
       a = 11.500      CL =  1.3264
      Cm = -0.0347     CD =  0.03320   =>   CDf =  0.00869    CDp =  0.02450

 Side 1  free  transition at x/c =  0.1126   45
 Side 2 forced transition at x/c =  1.0000   68

  43   rms: 0.5197E-02   max: -.8468E-01   C at   45  1
       a = 11.500      CL =  1.3264
      Cm = -0.0347     CD =  0.03320   =>   CDf =  0.00869    CDp =  0.02450

 Side 1  free  transition at x/c =  0.1126   45
 Side 2 forced transition at x/c =  1.0000   68

  44   rms: 0.5197E-02   max: -.8468E-01   C at   45  1
       a = 11.500      CL =  1.3264
      Cm = -0.0347     CD =  0.03320   =>   CDf =  0.00869    CDp =  0.02450

 Side 1  free  transition at x/c =  0.1126   45
 Side 2 forced transition at x/c =  1.0000   68

  45   rms: 0.5197E-02   max: -.8468E-01   C at   45  1
       a = 11.500      CL =  1.3264
      Cm = -0.0347     CD =  0.03320   =>   CDf =  0.00869    CDp =  0.02450

 Side 1  free  transition at x/c =  0.1126   45
 Side 2 forced transition at x/c =  1.0000   68

  46   rms: 0.5197E-02   max: -.8468E-01   C at   45  1
       a = 11.500      CL =  1.3264
      Cm = -0.0347     CD =  0.03320   =>   CDf =  0.00869    CDp =  0.02450

 Side 1  free  transition at x/c =  0.1126   45
 Side 2 forced transition at x/c =  1.0000   68

  47   rms: 0.5197E-02   max: -.8468E-01   C at   45  1
       a = 11.500      CL =  1.3264
      Cm = -0.0347     CD =  0.03320   =>   CDf =  0.00869    CDp =  0.02450

 Side 1  free  transition at x/c =  0.1126   45
 Side 2 forced transition at x/c =  1.0000   68

  48   rms: 0.5197E-02   max: -.8468E-01   C at   45  1
       a = 11.500      CL =  1.3264
      Cm = -0.0347     CD =  0.03320   =>   CDf =  0.00869    CDp =  0.02450

 Side 1  free  transition at x/c =  0.1126   45
 Side 2 forced transition at x/c =  1.0000   68

  49   rms: 0.5197E-02   max: -.8468E-01   C at   45  1
       a = 11.500      CL =  1.3264
      Cm = -0.0347     CD =  0.03320   =>   CDf =  0.00869    CDp =  0.02450

 Side 1  free  transition at x/c =  0.1126   45
 Side 2 forced transition at x/c =  1.0000   68

  50   rms: 0.5197E-02   max: -.8468E-01   C at   45  1
       a = 11.500      CL =  1.3264
      Cm = -0.0347     CD =  0.03320   =>   CDf =  0.00869    CDp =  0.02450

 Side 1  free  transition at x/c =  0.1126   45
 Side 2 forced transition at x/c =  1.0000   68

  51   rms: 0.5197E-02   max: -.8468E-01   C at   45  1
       a = 11.500      CL =  1.3264
      Cm = -0.0347     CD =  0.03320   =>   CDf =  0.00869    CDp =  0.02450

 Side 1  free  transition at x/c =  0.1126   45
 Side 2 forced transition at x/c =  1.0000   68

  52   rms: 0.5197E-02   max: -.8468E-01   C at   45  1
       a = 11.500      CL =  1.3264
      Cm = -0.0347     CD =  0.03320   =>   CDf =  0.00869    CDp =  0.02450

 Side 1  free  transition at x/c =  0.1126   45
 Side 2 forced transition at x/c =  1.0000   68

  53   rms: 0.5197E-02   max: -.8468E-01   C at   45  1
       a = 11.500      CL =  1.3264
      Cm = -0.0347     CD =  0.03320   =>   CDf =  0.00869    CDp =  0.02450

 Side 1  free  transition at x/c =  0.1126   45
 Side 2 forced transition at x/c =  1.0000   68

  54   rms: 0.5197E-02   max: -.8468E-01   C at   45  1
       a = 11.500      CL =  1.3264
      Cm = -0.0347     CD =  0.03320   =>   CDf =  0.00869    CDp =  0.02450

 Side 1  free  transition at x/c =  0.1126   45
 Side 2 forced transition at x/c =  1.0000   68

  55   rms: 0.5197E-02   max: -.8468E-01   C at   45  1
       a = 11.500      CL =  1.3264
      Cm = -0.0347     CD =  0.03320   =>   CDf =  0.00869    CDp =  0.02450

 Side 1  free  transition at x/c =  0.1126   45
 Side 2 forced transition at x/c =  1.0000   68

  56   rms: 0.5197E-02   max: -.8468E-01   C at   45  1
       a = 11.500      CL =  1.3264
      Cm = -0.0347     CD =  0.03320   =>   CDf =  0.00869    CDp =  0.02450

 Side 1  free  transition at x/c =  0.1126   45
 Side 2 forced transition at x/c =  1.0000   68

  57   rms: 0.5197E-02   max: -.8468E-01   C at   45  1
       a = 11.500      CL =  1.3264
      Cm = -0.0347     CD =  0.03320   =>   CDf =  0.00869    CDp =  0.02450

 Side 1  free  transition at x/c =  0.1126   45
 Side 2 forced transition at x/c =  1.0000   68

  58   rms: 0.5197E-02   max: -.8468E-01   C at   45  1
       a = 11.500      CL =  1.3264
      Cm = -0.0347     CD =  0.03320   =>   CDf =  0.00869    CDp =  0.02450

 Side 1  free  transition at x/c =  0.1126   45
 Side 2 forced transition at x/c =  1.0000   68

  59   rms: 0.5197E-02   max: -.8468E-01   C at   45  1
       a = 11.500      CL =  1.3264
      Cm = -0.0347     CD =  0.03320   =>   CDf =  0.00869    CDp =  0.02450

 Side 1  free  transition at x/c =  0.1126   45
 Side 2 forced transition at x/c =  1.0000   68

  60   rms: 0.5197E-02   max: -.8468E-01   C at   45  1
       a = 11.500      CL =  1.3264
      Cm = -0.0347     CD =  0.03320   =>   CDf =  0.00869    CDp =  0.02450

 Side 1  free  transition at x/c =  0.1126   45
 Side 2 forced transition at x/c =  1.0000   68

  61   rms: 0.5197E-02   max: -.8468E-01   C at   45  1
       a = 11.500      CL =  1.3264
      Cm = -0.0347     CD =  0.03320   =>   CDf =  0.00869    CDp =  0.02450

 Side 1  free  transition at x/c =  0.1126   45
 Side 2 forced transition at x/c =  1.0000   68

  62   rms: 0.5197E-02   max: -.8468E-01   C at   45  1
       a = 11.500      CL =  1.3264
      Cm = -0.0347     CD =  0.03320   =>   CDf =  0.00869    CDp =  0.02450

 Side 1  free  transition at x/c =  0.1126   45
 Side 2 forced transition at x/c =  1.0000   68

  63   rms: 0.5197E-02   max: -.8468E-01   C at   45  1
       a = 11.500      CL =  1.3264
      Cm = -0.0347     CD =  0.03320   =>   CDf =  0.00869    CDp =  0.02450

 Side 1  free  transition at x/c =  0.1126   45
 Side 2 forced transition at x/c =  1.0000   68

  64   rms: 0.5197E-02   max: -.8468E-01   C at   45  1
       a = 11.500      CL =  1.3264
      Cm = -0.0347     CD =  0.03320   =>   CDf =  0.00869    CDp =  0.02450

 Side 1  free  transition at x/c =  0.1126   45
 Side 2 forced transition at x/c =  1.0000   68

  65   rms: 0.5197E-02   max: -.8468E-01   C at   45  1
       a = 11.500      CL =  1.3264
      Cm = -0.0347     CD =  0.03320   =>   CDf =  0.00869    CDp =  0.02450

 Side 1  free  transition at x/c =  0.1126   45
 Side 2 forced transition at x/c =  1.0000   68

  66   rms: 0.5197E-02   max: -.8468E-01   C at   45  1
       a = 11.500      CL =  1.3264
      Cm = -0.0347     CD =  0.03320   =>   CDf =  0.00869    CDp =  0.02450

 Side 1  free  transition at x/c =  0.1126   45
 Side 2 forced transition at x/c =  1.0000   68

  67   rms: 0.5197E-02   max: -.8468E-01   C at   45  1
       a = 11.500      CL =  1.3264
      Cm = -0.0347     CD =  0.03320   =>   CDf =  0.00869    CDp =  0.02450

 Side 1  free  transition at x/c =  0.1126   45
 Side 2 forced transition at x/c =  1.0000   68

  68   rms: 0.5197E-02   max: -.8468E-01   C at   45  1
       a = 11.500      CL =  1.3264
      Cm = -0.0347     CD =  0.03320   =>   CDf =  0.00869    CDp =  0.02450

 Side 1  free  transition at x/c =  0.1126   45
 Side 2 forced transition at x/c =  1.0000   68

  69   rms: 0.5197E-02   max: -.8468E-01   C at   45  1
       a = 11.500      CL =  1.3264
      Cm = -0.0347     CD =  0.03320   =>   CDf =  0.00869    CDp =  0.02450

 Side 1  free  transition at x/c =  0.1126   45
 Side 2 forced transition at x/c =  1.0000   68

  70   rms: 0.5197E-02   max: -.8468E-01   C at   45  1
       a = 11.500      CL =  1.3264
      Cm = -0.0347     CD =  0.03320   =>   CDf =  0.00869    CDp =  0.02450

 Side 1  free  transition at x/c =  0.1126   45
 Side 2 forced transition at x/c =  1.0000   68

  71   rms: 0.5197E-02   max: -.8468E-01   C at   45  1
       a = 11.500      CL =  1.3264
      Cm = -0.0347     CD =  0.03320   =>   CDf =  0.00869    CDp =  0.02450

 Side 1  free  transition at x/c =  0.1126   45
 Side 2 forced transition at x/c =  1.0000   68

  72   rms: 0.5197E-02   max: -.8468E-01   C at   45  1
       a = 11.500      CL =  1.3264
      Cm = -0.0347     CD =  0.03320   =>   CDf =  0.00869    CDp =  0.02450

 Side 1  free  transition at x/c =  0.1126   45
 Side 2 forced transition at x/c =  1.0000   68

  73   rms: 0.5197E-02   max: -.8468E-01   C at   45  1
       a = 11.500      CL =  1.3264
      Cm = -0.0347     CD =  0.03320   =>   CDf =  0.00869    CDp =  0.02450

 Side 1  free  transition at x/c =  0.1126   45
 Side 2 forced transition at x/c =  1.0000   68

  74   rms: 0.5197E-02   max: -.8468E-01   C at   45  1
       a = 11.500      CL =  1.3264
      Cm = -0.0347     CD =  0.03320   =>   CDf =  0.00869    CDp =  0.02450

 Side 1  free  transition at x/c =  0.1126   45
 Side 2 forced transition at x/c =  1.0000   68

  75   rms: 0.5197E-02   max: -.8468E-01   C at   45  1
       a = 11.500      CL =  1.3264
      Cm = -0.0347     CD =  0.03320   =>   CDf =  0.00869    CDp =  0.02450

 Side 1  free  transition at x/c =  0.1126   45
 Side 2 forced transition at x/c =  1.0000   68

  76   rms: 0.5197E-02   max: -.8468E-01   C at   45  1
       a = 11.500      CL =  1.3264
      Cm = -0.0347     CD =  0.03320   =>   CDf =  0.00869    CDp =  0.02450

 Side 1  free  transition at x/c =  0.1126   45
 Side 2 forced transition at x/c =  1.0000   68

  77   rms: 0.5197E-02   max: -.8468E-01   C at   45  1
       a = 11.500      CL =  1.3264
      Cm = -0.0347     CD =  0.03320   =>   CDf =  0.00869    CDp =  0.02450

 Side 1  free  transition at x/c =  0.1126   45
 Side 2 forced transition at x/c =  1.0000   68

  78   rms: 0.5197E-02   max: -.8468E-01   C at   45  1
       a = 11.500      CL =  1.3264
      Cm = -0.0347     CD =  0.03320   =>   CDf =  0.00869    CDp =  0.02450

 Side 1  free  transition at x/c =  0.1126   45
 Side 2 forced transition at x/c =  1.0000   68

  79   rms: 0.5197E-02   max: -.8468E-01   C at   45  1
       a = 11.500      CL =  1.3264
      Cm = -0.0347     CD =  0.03320   =>   CDf =  0.00869    CDp =  0.02450

 Side 1  free  transition at x/c =  0.1126   45
 Side 2 forced transition at x/c =  1.0000   68

  80   rms: 0.5197E-02   max: -.8468E-01   C at   45  1
       a = 11.500      CL =  1.3264
      Cm = -0.0347     CD =  0.03320   =>   CDf =  0.00869    CDp =  0.02450

 Side 1  free  transition at x/c =  0.1126   45
 Side 2 forced transition at x/c =  1.0000   68

  81   rms: 0.5197E-02   max: -.8468E-01   C at   45  1
       a = 11.500      CL =  1.3264
      Cm = -0.0347     CD =  0.03320   =>   CDf =  0.00869    CDp =  0.02450

 Side 1  free  transition at x/c =  0.1126   45
 Side 2 forced transition at x/c =  1.0000   68

  82   rms: 0.5197E-02   max: -.8468E-01   C at   45  1
       a = 11.500      CL =  1.3264
      Cm = -0.0347     CD =  0.03320   =>   CDf =  0.00869    CDp =  0.02450

 Side 1  free  transition at x/c =  0.1126   45
 Side 2 forced transition at x/c =  1.0000   68

  83   rms: 0.5197E-02   max: -.8468E-01   C at   45  1
       a = 11.500      CL =  1.3264
      Cm = -0.0347     CD =  0.03320   =>   CDf =  0.00869    CDp =  0.02450

 Side 1  free  transition at x/c =  0.1126   45
 Side 2 forced transition at x/c =  1.0000   68

  84   rms: 0.5197E-02   max: -.8468E-01   C at   45  1
       a = 11.500      CL =  1.3264
      Cm = -0.0347     CD =  0.03320   =>   CDf =  0.00869    CDp =  0.02450

 Side 1  free  transition at x/c =  0.1126   45
 Side 2 forced transition at x/c =  1.0000   68

  85   rms: 0.5197E-02   max: -.8468E-01   C at   45  1
       a = 11.500      CL =  1.3264
      Cm = -0.0347     CD =  0.03320   =>   CDf =  0.00869    CDp =  0.02450

 Side 1  free  transition at x/c =  0.1126   45
 Side 2 forced transition at x/c =  1.0000   68

  86   rms: 0.5197E-02   max: -.8468E-01   C at   45  1
       a = 11.500      CL =  1.3264
      Cm = -0.0347     CD =  0.03320   =>   CDf =  0.00869    CDp =  0.02450

 Side 1  free  transition at x/c =  0.1126   45
 Side 2 forced transition at x/c =  1.0000   68

  87   rms: 0.5197E-02   max: -.8468E-01   C at   45  1
       a = 11.500      CL =  1.3264
      Cm = -0.0347     CD =  0.03320   =>   CDf =  0.00869    CDp =  0.02450

 Side 1  free  transition at x/c =  0.1126   45
 Side 2 forced transition at x/c =  1.0000   68

  88   rms: 0.5197E-02   max: -.8468E-01   C at   45  1
       a = 11.500      CL =  1.3264
      Cm = -0.0347     CD =  0.03320   =>   CDf =  0.00869    CDp =  0.02450

 Side 1  free  transition at x/c =  0.1126   45
 Side 2 forced transition at x/c =  1.0000   68

  89   rms: 0.5197E-02   max: -.8468E-01   C at   45  1
       a = 11.500      CL =  1.3264
      Cm = -0.0347     CD =  0.03320   =>   CDf =  0.00869    CDp =  0.02450

 Side 1  free  transition at x/c =  0.1126   45
 Side 2 forced transition at x/c =  1.0000   68

  90   rms: 0.5197E-02   max: -.8468E-01   C at   45  1
       a = 11.500      CL =  1.3264
      Cm = -0.0347     CD =  0.03320   =>   CDf =  0.00869    CDp =  0.02450

 Side 1  free  transition at x/c =  0.1126   45
 Side 2 forced transition at x/c =  1.0000   68

  91   rms: 0.5197E-02   max: -.8468E-01   C at   45  1
       a = 11.500      CL =  1.3264
      Cm = -0.0347     CD =  0.03320   =>   CDf =  0.00869    CDp =  0.02450

 Side 1  free  transition at x/c =  0.1126   45
 Side 2 forced transition at x/c =  1.0000   68

  92   rms: 0.5197E-02   max: -.8468E-01   C at   45  1
       a = 11.500      CL =  1.3264
      Cm = -0.0347     CD =  0.03320   =>   CDf =  0.00869    CDp =  0.02450

 Side 1  free  transition at x/c =  0.1126   45
 Side 2 forced transition at x/c =  1.0000   68

  93   rms: 0.5197E-02   max: -.8468E-01   C at   45  1
       a = 11.500      CL =  1.3264
      Cm = -0.0347     CD =  0.03320   =>   CDf =  0.00869    CDp =  0.02450

 Side 1  free  transition at x/c =  0.1126   45
 Side 2 forced transition at x/c =  1.0000   68

  94   rms: 0.5197E-02   max: -.8468E-01   C at   45  1
       a = 11.500      CL =  1.3264
      Cm = -0.0347     CD =  0.03320   =>   CDf =  0.00869    CDp =  0.02450

 Side 1  free  transition at x/c =  0.1126   45
 Side 2 forced transition at x/c =  1.0000   68

  95   rms: 0.5197E-02   max: -.8468E-01   C at   45  1
       a = 11.500      CL =  1.3264
      Cm = -0.0347     CD =  0.03320   =>   CDf =  0.00869    CDp =  0.02450

 Side 1  free  transition at x/c =  0.1126   45
 Side 2 forced transition at x/c =  1.0000   68

  96   rms: 0.5197E-02   max: -.8468E-01   C at   45  1
       a = 11.500      CL =  1.3264
      Cm = -0.0347     CD =  0.03320   =>   CDf =  0.00869    CDp =  0.02450

 Side 1  free  transition at x/c =  0.1126   45
 Side 2 forced transition at x/c =  1.0000   68

  97   rms: 0.5197E-02   max: -.8468E-01   C at   45  1
       a = 11.500      CL =  1.3264
      Cm = -0.0347     CD =  0.03320   =>   CDf =  0.00869    CDp =  0.02450

 Side 1  free  transition at x/c =  0.1126   45
 Side 2 forced transition at x/c =  1.0000   68

  98   rms: 0.5197E-02   max: -.8468E-01   C at   45  1
       a = 11.500      CL =  1.3264
      Cm = -0.0347     CD =  0.03320   =>   CDf =  0.00869    CDp =  0.02450

 Side 1  free  transition at x/c =  0.1126   45
 Side 2 forced transition at x/c =  1.0000   68

  99   rms: 0.5197E-02   max: -.8468E-01   C at   45  1
       a = 11.500      CL =  1.3264
      Cm = -0.0347     CD =  0.03320   =>   CDf =  0.00869    CDp =  0.02450

 Side 1  free  transition at x/c =  0.1126   45
 Side 2 forced transition at x/c =  1.0000   68

 100   rms: 0.5197E-02   max: -.8468E-01   C at   45  1
       a = 11.500      CL =  1.3264
      Cm = -0.0347     CD =  0.03320   =>   CDf =  0.00869    CDp =  0.02450

 Side 1  free  transition at x/c =  0.1126   45
 Side 2 forced transition at x/c =  1.0000   68

 101   rms: 0.5197E-02   max: -.8468E-01   C at   45  1
       a = 11.500      CL =  1.3264
      Cm = -0.0347     CD =  0.03320   =>   CDf =  0.00869    CDp =  0.02450

 Side 1  free  transition at x/c =  0.1126   45
 Side 2 forced transition at x/c =  1.0000   68

 102   rms: 0.5197E-02   max: -.8468E-01   C at   45  1
       a = 11.500      CL =  1.3264
      Cm = -0.0347     CD =  0.03320   =>   CDf =  0.00869    CDp =  0.02450

 Side 1  free  transition at x/c =  0.1126   45
 Side 2 forced transition at x/c =  1.0000   68

 103   rms: 0.5197E-02   max: -.8468E-01   C at   45  1
       a = 11.500      CL =  1.3264
      Cm = -0.0347     CD =  0.03320   =>   CDf =  0.00869    CDp =  0.02450

 Side 1  free  transition at x/c =  0.1126   45
 Side 2 forced transition at x/c =  1.0000   68

 104   rms: 0.5197E-02   max: -.8468E-01   C at   45  1
       a = 11.500      CL =  1.3264
      Cm = -0.0347     CD =  0.03320   =>   CDf =  0.00869    CDp =  0.02450

 Side 1  free  transition at x/c =  0.1126   45
 Side 2 forced transition at x/c =  1.0000   68

 105   rms: 0.5197E-02   max: -.8468E-01   C at   45  1
       a = 11.500      CL =  1.3264
      Cm = -0.0347     CD =  0.03320   =>   CDf =  0.00869    CDp =  0.02450

 Side 1  free  transition at x/c =  0.1126   45
 Side 2 forced transition at x/c =  1.0000   68

 106   rms: 0.5197E-02   max: -.8468E-01   C at   45  1
       a = 11.500      CL =  1.3264
      Cm = -0.0347     CD =  0.03320   =>   CDf =  0.00869    CDp =  0.02450

 Side 1  free  transition at x/c =  0.1126   45
 Side 2 forced transition at x/c =  1.0000   68

 107   rms: 0.5197E-02   max: -.8468E-01   C at   45  1
       a = 11.500      CL =  1.3264
      Cm = -0.0347     CD =  0.03320   =>   CDf =  0.00869    CDp =  0.02450

 Side 1  free  transition at x/c =  0.1126   45
 Side 2 forced transition at x/c =  1.0000   68

 108   rms: 0.5197E-02   max: -.8468E-01   C at   45  1
       a = 11.500      CL =  1.3264
      Cm = -0.0347     CD =  0.03320   =>   CDf =  0.00869    CDp =  0.02450

 Side 1  free  transition at x/c =  0.1126   45
 Side 2 forced transition at x/c =  1.0000   68

 109   rms: 0.5197E-02   max: -.8468E-01   C at   45  1
       a = 11.500      CL =  1.3264
      Cm = -0.0347     CD =  0.03320   =>   CDf =  0.00869    CDp =  0.02450

 Side 1  free  transition at x/c =  0.1126   45
 Side 2 forced transition at x/c =  1.0000   68

 110   rms: 0.5197E-02   max: -.8468E-01   C at   45  1
       a = 11.500      CL =  1.3264
      Cm = -0.0347     CD =  0.03320   =>   CDf =  0.00869    CDp =  0.02450

 Side 1  free  transition at x/c =  0.1126   45
 Side 2 forced transition at x/c =  1.0000   68

 111   rms: 0.5197E-02   max: -.8468E-01   C at   45  1
       a = 11.500      CL =  1.3264
      Cm = -0.0347     CD =  0.03320   =>   CDf =  0.00869    CDp =  0.02450

 Side 1  free  transition at x/c =  0.1126   45
 Side 2 forced transition at x/c =  1.0000   68

 112   rms: 0.5197E-02   max: -.8468E-01   C at   45  1
       a = 11.500      CL =  1.3264
      Cm = -0.0347     CD =  0.03320   =>   CDf =  0.00869    CDp =  0.02450

 Side 1  free  transition at x/c =  0.1126   45
 Side 2 forced transition at x/c =  1.0000   68

 113   rms: 0.5197E-02   max: -.8468E-01   C at   45  1
       a = 11.500      CL =  1.3264
      Cm = -0.0347     CD =  0.03320   =>   CDf =  0.00869    CDp =  0.02450

 Side 1  free  transition at x/c =  0.1126   45
 Side 2 forced transition at x/c =  1.0000   68

 114   rms: 0.5197E-02   max: -.8468E-01   C at   45  1
       a = 11.500      CL =  1.3264
      Cm = -0.0347     CD =  0.03320   =>   CDf =  0.00869    CDp =  0.02450

 Side 1  free  transition at x/c =  0.1126   45
 Side 2 forced transition at x/c =  1.0000   68

 115   rms: 0.5197E-02   max: -.8468E-01   C at   45  1
       a = 11.500      CL =  1.3264
      Cm = -0.0347     CD =  0.03320   =>   CDf =  0.00869    CDp =  0.02450

 Side 1  free  transition at x/c =  0.1126   45
 Side 2 forced transition at x/c =  1.0000   68

 116   rms: 0.5197E-02   max: -.8468E-01   C at   45  1
       a = 11.500      CL =  1.3264
      Cm = -0.0347     CD =  0.03320   =>   CDf =  0.00869    CDp =  0.02450

 Side 1  free  transition at x/c =  0.1126   45
 Side 2 forced transition at x/c =  1.0000   68

 117   rms: 0.5197E-02   max: -.8468E-01   C at   45  1
       a = 11.500      CL =  1.3264
      Cm = -0.0347     CD =  0.03320   =>   CDf =  0.00869    CDp =  0.02450

 Side 1  free  transition at x/c =  0.1126   45
 Side 2 forced transition at x/c =  1.0000   68

 118   rms: 0.5197E-02   max: -.8468E-01   C at   45  1
       a = 11.500      CL =  1.3264
      Cm = -0.0347     CD =  0.03320   =>   CDf =  0.00869    CDp =  0.02450

 Side 1  free  transition at x/c =  0.1126   45
 Side 2 forced transition at x/c =  1.0000   68

 119   rms: 0.5197E-02   max: -.8468E-01   C at   45  1
       a = 11.500      CL =  1.3264
      Cm = -0.0347     CD =  0.03320   =>   CDf =  0.00869    CDp =  0.02450

 Side 1  free  transition at x/c =  0.1126   45
 Side 2 forced transition at x/c =  1.0000   68

 120   rms: 0.5197E-02   max: -.8468E-01   C at   45  1
       a = 11.500      CL =  1.3264
      Cm = -0.0347     CD =  0.03320   =>   CDf =  0.00869    CDp =  0.02450

 Side 1  free  transition at x/c =  0.1126   45
 Side 2 forced transition at x/c =  1.0000   68

 121   rms: 0.5197E-02   max: -.8468E-01   C at   45  1
       a = 11.500      CL =  1.3264
      Cm = -0.0347     CD =  0.03320   =>   CDf =  0.00869    CDp =  0.02450

 Side 1  free  transition at x/c =  0.1126   45
 Side 2 forced transition at x/c =  1.0000   68

 122   rms: 0.5197E-02   max: -.8468E-01   C at   45  1
       a = 11.500      CL =  1.3264
      Cm = -0.0347     CD =  0.03320   =>   CDf =  0.00869    CDp =  0.02450

 Side 1  free  transition at x/c =  0.1126   45
 Side 2 forced transition at x/c =  1.0000   68

 123   rms: 0.5197E-02   max: -.8468E-01   C at   45  1
       a = 11.500      CL =  1.3264
      Cm = -0.0347     CD =  0.03320   =>   CDf =  0.00869    CDp =  0.02450

 Side 1  free  transition at x/c =  0.1126   45
 Side 2 forced transition at x/c =  1.0000   68

 124   rms: 0.5197E-02   max: -.8468E-01   C at   45  1
       a = 11.500      CL =  1.3264
      Cm = -0.0347     CD =  0.03320   =>   CDf =  0.00869    CDp =  0.02450

 Side 1  free  transition at x/c =  0.1126   45
 Side 2 forced transition at x/c =  1.0000   68

 125   rms: 0.5197E-02   max: -.8468E-01   C at   45  1
       a = 11.500      CL =  1.3264
      Cm = -0.0347     CD =  0.03320   =>   CDf =  0.00869    CDp =  0.02450

 Side 1  free  transition at x/c =  0.1126   45
 Side 2 forced transition at x/c =  1.0000   68

 126   rms: 0.5197E-02   max: -.8468E-01   C at   45  1
       a = 11.500      CL =  1.3264
      Cm = -0.0347     CD =  0.03320   =>   CDf =  0.00869    CDp =  0.02450

 Side 1  free  transition at x/c =  0.1126   45
 Side 2 forced transition at x/c =  1.0000   68

 127   rms: 0.5197E-02   max: -.8468E-01   C at   45  1
       a = 11.500      CL =  1.3264
      Cm = -0.0347     CD =  0.03320   =>   CDf =  0.00869    CDp =  0.02450

 Side 1  free  transition at x/c =  0.1126   45
 Side 2 forced transition at x/c =  1.0000   68

 128   rms: 0.5197E-02   max: -.8468E-01   C at   45  1
       a = 11.500      CL =  1.3264
      Cm = -0.0347     CD =  0.03320   =>   CDf =  0.00869    CDp =  0.02450

 Side 1  free  transition at x/c =  0.1126   45
 Side 2 forced transition at x/c =  1.0000   68

 129   rms: 0.5197E-02   max: -.8468E-01   C at   45  1
       a = 11.500      CL =  1.3264
      Cm = -0.0347     CD =  0.03320   =>   CDf =  0.00869    CDp =  0.02450

 Side 1  free  transition at x/c =  0.1126   45
 Side 2 forced transition at x/c =  1.0000   68

 130   rms: 0.5197E-02   max: -.8468E-01   C at   45  1
       a = 11.500      CL =  1.3264
      Cm = -0.0347     CD =  0.03320   =>   CDf =  0.00869    CDp =  0.02450

 Side 1  free  transition at x/c =  0.1126   45
 Side 2 forced transition at x/c =  1.0000   68

 131   rms: 0.5197E-02   max: -.8468E-01   C at   45  1
       a = 11.500      CL =  1.3264
      Cm = -0.0347     CD =  0.03320   =>   CDf =  0.00869    CDp =  0.02450

 Side 1  free  transition at x/c =  0.1126   45
 Side 2 forced transition at x/c =  1.0000   68

 132   rms: 0.5197E-02   max: -.8468E-01   C at   45  1
       a = 11.500      CL =  1.3264
      Cm = -0.0347     CD =  0.03320   =>   CDf =  0.00869    CDp =  0.02450

 Side 1  free  transition at x/c =  0.1126   45
 Side 2 forced transition at x/c =  1.0000   68

 133   rms: 0.5197E-02   max: -.8468E-01   C at   45  1
       a = 11.500      CL =  1.3264
      Cm = -0.0347     CD =  0.03320   =>   CDf =  0.00869    CDp =  0.02450

 Side 1  free  transition at x/c =  0.1126   45
 Side 2 forced transition at x/c =  1.0000   68

 134   rms: 0.5197E-02   max: -.8468E-01   C at   45  1
       a = 11.500      CL =  1.3264
      Cm = -0.0347     CD =  0.03320   =>   CDf =  0.00869    CDp =  0.02450

 Side 1  free  transition at x/c =  0.1126   45
 Side 2 forced transition at x/c =  1.0000   68

 135   rms: 0.5197E-02   max: -.8468E-01   C at   45  1
       a = 11.500      CL =  1.3264
      Cm = -0.0347     CD =  0.03320   =>   CDf =  0.00869    CDp =  0.02450

 Side 1  free  transition at x/c =  0.1126   45
 Side 2 forced transition at x/c =  1.0000   68

 136   rms: 0.5197E-02   max: -.8468E-01   C at   45  1
       a = 11.500      CL =  1.3264
      Cm = -0.0347     CD =  0.03320   =>   CDf =  0.00869    CDp =  0.02450

 Side 1  free  transition at x/c =  0.1126   45
 Side 2 forced transition at x/c =  1.0000   68

 137   rms: 0.5197E-02   max: -.8468E-01   C at   45  1
       a = 11.500      CL =  1.3264
      Cm = -0.0347     CD =  0.03320   =>   CDf =  0.00869    CDp =  0.02450

 Side 1  free  transition at x/c =  0.1126   45
 Side 2 forced transition at x/c =  1.0000   68

 138   rms: 0.5197E-02   max: -.8468E-01   C at   45  1
       a = 11.500      CL =  1.3264
      Cm = -0.0347     CD =  0.03320   =>   CDf =  0.00869    CDp =  0.02450

 Side 1  free  transition at x/c =  0.1126   45
 Side 2 forced transition at x/c =  1.0000   68

 139   rms: 0.5197E-02   max: -.8468E-01   C at   45  1
       a = 11.500      CL =  1.3264
      Cm = -0.0347     CD =  0.03320   =>   CDf =  0.00869    CDp =  0.02450

 Side 1  free  transition at x/c =  0.1126   45
 Side 2 forced transition at x/c =  1.0000   68

 140   rms: 0.5197E-02   max: -.8468E-01   C at   45  1
       a = 11.500      CL =  1.3264
      Cm = -0.0347     CD =  0.03320   =>   CDf =  0.00869    CDp =  0.02450

 Side 1  free  transition at x/c =  0.1126   45
 Side 2 forced transition at x/c =  1.0000   68

 141   rms: 0.5197E-02   max: -.8468E-01   C at   45  1
       a = 11.500      CL =  1.3264
      Cm = -0.0347     CD =  0.03320   =>   CDf =  0.00869    CDp =  0.02450

 Side 1  free  transition at x/c =  0.1126   45
 Side 2 forced transition at x/c =  1.0000   68

 142   rms: 0.5197E-02   max: -.8468E-01   C at   45  1
       a = 11.500      CL =  1.3264
      Cm = -0.0347     CD =  0.03320   =>   CDf =  0.00869    CDp =  0.02450

 Side 1  free  transition at x/c =  0.1126   45
 Side 2 forced transition at x/c =  1.0000   68

 143   rms: 0.5197E-02   max: -.8468E-01   C at   45  1
       a = 11.500      CL =  1.3264
      Cm = -0.0347     CD =  0.03320   =>   CDf =  0.00869    CDp =  0.02450

 Side 1  free  transition at x/c =  0.1126   45
 Side 2 forced transition at x/c =  1.0000   68

 144   rms: 0.5197E-02   max: -.8468E-01   C at   45  1
       a = 11.500      CL =  1.3264
      Cm = -0.0347     CD =  0.03320   =>   CDf =  0.00869    CDp =  0.02450

 Side 1  free  transition at x/c =  0.1126   45
 Side 2 forced transition at x/c =  1.0000   68

 145   rms: 0.5197E-02   max: -.8468E-01   C at   45  1
       a = 11.500      CL =  1.3264
      Cm = -0.0347     CD =  0.03320   =>   CDf =  0.00869    CDp =  0.02450

 Side 1  free  transition at x/c =  0.1126   45
 Side 2 forced transition at x/c =  1.0000   68

 146   rms: 0.5197E-02   max: -.8468E-01   C at   45  1
       a = 11.500      CL =  1.3264
      Cm = -0.0347     CD =  0.03320   =>   CDf =  0.00869    CDp =  0.02450

 Side 1  free  transition at x/c =  0.1126   45
 Side 2 forced transition at x/c =  1.0000   68

 147   rms: 0.5197E-02   max: -.8468E-01   C at   45  1
       a = 11.500      CL =  1.3264
      Cm = -0.0347     CD =  0.03320   =>   CDf =  0.00869    CDp =  0.02450

 Side 1  free  transition at x/c =  0.1126   45
 Side 2 forced transition at x/c =  1.0000   68

 148   rms: 0.5197E-02   max: -.8468E-01   C at   45  1
       a = 11.500      CL =  1.3264
      Cm = -0.0347     CD =  0.03320   =>   CDf =  0.00869    CDp =  0.02450

 Side 1  free  transition at x/c =  0.1126   45
 Side 2 forced transition at x/c =  1.0000   68

 149   rms: 0.5197E-02   max: -.8468E-01   C at   45  1
       a = 11.500      CL =  1.3264
      Cm = -0.0347     CD =  0.03320   =>   CDf =  0.00869    CDp =  0.02450

 Side 1  free  transition at x/c =  0.1126   45
 Side 2 forced transition at x/c =  1.0000   68

 150   rms: 0.5197E-02   max: -.8468E-01   C at   45  1
       a = 11.500      CL =  1.3264
      Cm = -0.0347     CD =  0.03320   =>   CDf =  0.00869    CDp =  0.02450

 Side 1  free  transition at x/c =  0.1126   45
 Side 2 forced transition at x/c =  1.0000   68

 151   rms: 0.5197E-02   max: -.8468E-01   C at   45  1
       a = 11.500      CL =  1.3264
      Cm = -0.0347     CD =  0.03320   =>   CDf =  0.00869    CDp =  0.02450

 Side 1  free  transition at x/c =  0.1126   45
 Side 2 forced transition at x/c =  1.0000   68

 152   rms: 0.5197E-02   max: -.8468E-01   C at   45  1
       a = 11.500      CL =  1.3264
      Cm = -0.0347     CD =  0.03320   =>   CDf =  0.00869    CDp =  0.02450

 Side 1  free  transition at x/c =  0.1126   45
 Side 2 forced transition at x/c =  1.0000   68

 153   rms: 0.5197E-02   max: -.8468E-01   C at   45  1
       a = 11.500      CL =  1.3264
      Cm = -0.0347     CD =  0.03320   =>   CDf =  0.00869    CDp =  0.02450

 Side 1  free  transition at x/c =  0.1126   45
 Side 2 forced transition at x/c =  1.0000   68

 154   rms: 0.5197E-02   max: -.8468E-01   C at   45  1
       a = 11.500      CL =  1.3264
      Cm = -0.0347     CD =  0.03320   =>   CDf =  0.00869    CDp =  0.02450

 Side 1  free  transition at x/c =  0.1126   45
 Side 2 forced transition at x/c =  1.0000   68

 155   rms: 0.5197E-02   max: -.8468E-01   C at   45  1
       a = 11.500      CL =  1.3264
      Cm = -0.0347     CD =  0.03320   =>   CDf =  0.00869    CDp =  0.02450

 Side 1  free  transition at x/c =  0.1126   45
 Side 2 forced transition at x/c =  1.0000   68

 156   rms: 0.5197E-02   max: -.8468E-01   C at   45  1
       a = 11.500      CL =  1.3264
      Cm = -0.0347     CD =  0.03320   =>   CDf =  0.00869    CDp =  0.02450

 Side 1  free  transition at x/c =  0.1126   45
 Side 2 forced transition at x/c =  1.0000   68

 157   rms: 0.5197E-02   max: -.8468E-01   C at   45  1
       a = 11.500      CL =  1.3264
      Cm = -0.0347     CD =  0.03320   =>   CDf =  0.00869    CDp =  0.02450

 Side 1  free  transition at x/c =  0.1126   45
 Side 2 forced transition at x/c =  1.0000   68

 158   rms: 0.5197E-02   max: -.8468E-01   C at   45  1
       a = 11.500      CL =  1.3264
      Cm = -0.0347     CD =  0.03320   =>   CDf =  0.00869    CDp =  0.02450

 Side 1  free  transition at x/c =  0.1126   45
 Side 2 forced transition at x/c =  1.0000   68

 159   rms: 0.5197E-02   max: -.8468E-01   C at   45  1
       a = 11.500      CL =  1.3264
      Cm = -0.0347     CD =  0.03320   =>   CDf =  0.00869    CDp =  0.02450

 Side 1  free  transition at x/c =  0.1126   45
 Side 2 forced transition at x/c =  1.0000   68

 160   rms: 0.5197E-02   max: -.8468E-01   C at   45  1
       a = 11.500      CL =  1.3264
      Cm = -0.0347     CD =  0.03320   =>   CDf =  0.00869    CDp =  0.02450

 Side 1  free  transition at x/c =  0.1126   45
 Side 2 forced transition at x/c =  1.0000   68

 161   rms: 0.5197E-02   max: -.8468E-01   C at   45  1
       a = 11.500      CL =  1.3264
      Cm = -0.0347     CD =  0.03320   =>   CDf =  0.00869    CDp =  0.02450

 Side 1  free  transition at x/c =  0.1126   45
 Side 2 forced transition at x/c =  1.0000   68

 162   rms: 0.5197E-02   max: -.8468E-01   C at   45  1
       a = 11.500      CL =  1.3264
      Cm = -0.0347     CD =  0.03320   =>   CDf =  0.00869    CDp =  0.02450

 Side 1  free  transition at x/c =  0.1126   45
 Side 2 forced transition at x/c =  1.0000   68

 163   rms: 0.5197E-02   max: -.8468E-01   C at   45  1
       a = 11.500      CL =  1.3264
      Cm = -0.0347     CD =  0.03320   =>   CDf =  0.00869    CDp =  0.02450

 Side 1  free  transition at x/c =  0.1126   45
 Side 2 forced transition at x/c =  1.0000   68

 164   rms: 0.5197E-02   max: -.8468E-01   C at   45  1
       a = 11.500      CL =  1.3264
      Cm = -0.0347     CD =  0.03320   =>   CDf =  0.00869    CDp =  0.02450

 Side 1  free  transition at x/c =  0.1126   45
 Side 2 forced transition at x/c =  1.0000   68

 165   rms: 0.5197E-02   max: -.8468E-01   C at   45  1
       a = 11.500      CL =  1.3264
      Cm = -0.0347     CD =  0.03320   =>   CDf =  0.00869    CDp =  0.02450

 Side 1  free  transition at x/c =  0.1126   45
 Side 2 forced transition at x/c =  1.0000   68

 166   rms: 0.5197E-02   max: -.8468E-01   C at   45  1
       a = 11.500      CL =  1.3264
      Cm = -0.0347     CD =  0.03320   =>   CDf =  0.00869    CDp =  0.02450

 Side 1  free  transition at x/c =  0.1126   45
 Side 2 forced transition at x/c =  1.0000   68

 167   rms: 0.5197E-02   max: -.8468E-01   C at   45  1
       a = 11.500      CL =  1.3264
      Cm = -0.0347     CD =  0.03320   =>   CDf =  0.00869    CDp =  0.02450

 Side 1  free  transition at x/c =  0.1126   45
 Side 2 forced transition at x/c =  1.0000   68

 168   rms: 0.5197E-02   max: -.8468E-01   C at   45  1
       a = 11.500      CL =  1.3264
      Cm = -0.0347     CD =  0.03320   =>   CDf =  0.00869    CDp =  0.02450

 Side 1  free  transition at x/c =  0.1126   45
 Side 2 forced transition at x/c =  1.0000   68

 169   rms: 0.5197E-02   max: -.8468E-01   C at   45  1
       a = 11.500      CL =  1.3264
      Cm = -0.0347     CD =  0.03320   =>   CDf =  0.00869    CDp =  0.02450

 Side 1  free  transition at x/c =  0.1126   45
 Side 2 forced transition at x/c =  1.0000   68

 170   rms: 0.5197E-02   max: -.8468E-01   C at   45  1
       a = 11.500      CL =  1.3264
      Cm = -0.0347     CD =  0.03320   =>   CDf =  0.00869    CDp =  0.02450

 Side 1  free  transition at x/c =  0.1126   45
 Side 2 forced transition at x/c =  1.0000   68

 171   rms: 0.5197E-02   max: -.8468E-01   C at   45  1
       a = 11.500      CL =  1.3264
      Cm = -0.0347     CD =  0.03320   =>   CDf =  0.00869    CDp =  0.02450

 Side 1  free  transition at x/c =  0.1126   45
 Side 2 forced transition at x/c =  1.0000   68

 172   rms: 0.5197E-02   max: -.8468E-01   C at   45  1
       a = 11.500      CL =  1.3264
      Cm = -0.0347     CD =  0.03320   =>   CDf =  0.00869    CDp =  0.02450

 Side 1  free  transition at x/c =  0.1126   45
 Side 2 forced transition at x/c =  1.0000   68

 173   rms: 0.5197E-02   max: -.8468E-01   C at   45  1
       a = 11.500      CL =  1.3264
      Cm = -0.0347     CD =  0.03320   =>   CDf =  0.00869    CDp =  0.02450

 Side 1  free  transition at x/c =  0.1126   45
 Side 2 forced transition at x/c =  1.0000   68

 174   rms: 0.5197E-02   max: -.8468E-01   C at   45  1
       a = 11.500      CL =  1.3264
      Cm = -0.0347     CD =  0.03320   =>   CDf =  0.00869    CDp =  0.02450

 Side 1  free  transition at x/c =  0.1126   45
 Side 2 forced transition at x/c =  1.0000   68

 175   rms: 0.5197E-02   max: -.8468E-01   C at   45  1
       a = 11.500      CL =  1.3264
      Cm = -0.0347     CD =  0.03320   =>   CDf =  0.00869    CDp =  0.02450

 Side 1  free  transition at x/c =  0.1126   45
 Side 2 forced transition at x/c =  1.0000   68

 176   rms: 0.5197E-02   max: -.8468E-01   C at   45  1
       a = 11.500      CL =  1.3264
      Cm = -0.0347     CD =  0.03320   =>   CDf =  0.00869    CDp =  0.02450

 Side 1  free  transition at x/c =  0.1126   45
 Side 2 forced transition at x/c =  1.0000   68

 177   rms: 0.5197E-02   max: -.8468E-01   C at   45  1
       a = 11.500      CL =  1.3264
      Cm = -0.0347     CD =  0.03320   =>   CDf =  0.00869    CDp =  0.02450

 Side 1  free  transition at x/c =  0.1126   45
 Side 2 forced transition at x/c =  1.0000   68

 178   rms: 0.5197E-02   max: -.8468E-01   C at   45  1
       a = 11.500      CL =  1.3264
      Cm = -0.0347     CD =  0.03320   =>   CDf =  0.00869    CDp =  0.02450

 Side 1  free  transition at x/c =  0.1126   45
 Side 2 forced transition at x/c =  1.0000   68

 179   rms: 0.5197E-02   max: -.8468E-01   C at   45  1
       a = 11.500      CL =  1.3264
      Cm = -0.0347     CD =  0.03320   =>   CDf =  0.00869    CDp =  0.02450

 Side 1  free  transition at x/c =  0.1126   45
 Side 2 forced transition at x/c =  1.0000   68

 180   rms: 0.5197E-02   max: -.8468E-01   C at   45  1
       a = 11.500      CL =  1.3264
      Cm = -0.0347     CD =  0.03320   =>   CDf =  0.00869    CDp =  0.02450

 Side 1  free  transition at x/c =  0.1126   45
 Side 2 forced transition at x/c =  1.0000   68

 181   rms: 0.5197E-02   max: -.8468E-01   C at   45  1
       a = 11.500      CL =  1.3264
      Cm = -0.0347     CD =  0.03320   =>   CDf =  0.00869    CDp =  0.02450

 Side 1  free  transition at x/c =  0.1126   45
 Side 2 forced transition at x/c =  1.0000   68

 182   rms: 0.5197E-02   max: -.8468E-01   C at   45  1
       a = 11.500      CL =  1.3264
      Cm = -0.0347     CD =  0.03320   =>   CDf =  0.00869    CDp =  0.02450

 Side 1  free  transition at x/c =  0.1126   45
 Side 2 forced transition at x/c =  1.0000   68

 183   rms: 0.5197E-02   max: -.8468E-01   C at   45  1
       a = 11.500      CL =  1.3264
      Cm = -0.0347     CD =  0.03320   =>   CDf =  0.00869    CDp =  0.02450

 Side 1  free  transition at x/c =  0.1126   45
 Side 2 forced transition at x/c =  1.0000   68

 184   rms: 0.5197E-02   max: -.8468E-01   C at   45  1
       a = 11.500      CL =  1.3264
      Cm = -0.0347     CD =  0.03320   =>   CDf =  0.00869    CDp =  0.02450

 Side 1  free  transition at x/c =  0.1126   45
 Side 2 forced transition at x/c =  1.0000   68

 185   rms: 0.5197E-02   max: -.8468E-01   C at   45  1
       a = 11.500      CL =  1.3264
      Cm = -0.0347     CD =  0.03320   =>   CDf =  0.00869    CDp =  0.02450

 Side 1  free  transition at x/c =  0.1126   45
 Side 2 forced transition at x/c =  1.0000   68

 186   rms: 0.5197E-02   max: -.8468E-01   C at   45  1
       a = 11.500      CL =  1.3264
      Cm = -0.0347     CD =  0.03320   =>   CDf =  0.00869    CDp =  0.02450

 Side 1  free  transition at x/c =  0.1126   45
 Side 2 forced transition at x/c =  1.0000   68

 187   rms: 0.5197E-02   max: -.8468E-01   C at   45  1
       a = 11.500      CL =  1.3264
      Cm = -0.0347     CD =  0.03320   =>   CDf =  0.00869    CDp =  0.02450

 Side 1  free  transition at x/c =  0.1126   45
 Side 2 forced transition at x/c =  1.0000   68

 188   rms: 0.5197E-02   max: -.8468E-01   C at   45  1
       a = 11.500      CL =  1.3264
      Cm = -0.0347     CD =  0.03320   =>   CDf =  0.00869    CDp =  0.02450

 Side 1  free  transition at x/c =  0.1126   45
 Side 2 forced transition at x/c =  1.0000   68

 189   rms: 0.5197E-02   max: -.8468E-01   C at   45  1
       a = 11.500      CL =  1.3264
      Cm = -0.0347     CD =  0.03320   =>   CDf =  0.00869    CDp =  0.02450

 Side 1  free  transition at x/c =  0.1126   45
 Side 2 forced transition at x/c =  1.0000   68

 190   rms: 0.5197E-02   max: -.8468E-01   C at   45  1
       a = 11.500      CL =  1.3264
      Cm = -0.0347     CD =  0.03320   =>   CDf =  0.00869    CDp =  0.02450

 Side 1  free  transition at x/c =  0.1126   45
 Side 2 forced transition at x/c =  1.0000   68

 191   rms: 0.5197E-02   max: -.8468E-01   C at   45  1
       a = 11.500      CL =  1.3264
      Cm = -0.0347     CD =  0.03320   =>   CDf =  0.00869    CDp =  0.02450

 Side 1  free  transition at x/c =  0.1126   45
 Side 2 forced transition at x/c =  1.0000   68

 192   rms: 0.5197E-02   max: -.8468E-01   C at   45  1
       a = 11.500      CL =  1.3264
      Cm = -0.0347     CD =  0.03320   =>   CDf =  0.00869    CDp =  0.02450

 Side 1  free  transition at x/c =  0.1126   45
 Side 2 forced transition at x/c =  1.0000   68

 193   rms: 0.5197E-02   max: -.8468E-01   C at   45  1
       a = 11.500      CL =  1.3264
      Cm = -0.0347     CD =  0.03320   =>   CDf =  0.00869    CDp =  0.02450

 Side 1  free  transition at x/c =  0.1126   45
 Side 2 forced transition at x/c =  1.0000   68

 194   rms: 0.5197E-02   max: -.8468E-01   C at   45  1
       a = 11.500      CL =  1.3264
      Cm = -0.0347     CD =  0.03320   =>   CDf =  0.00869    CDp =  0.02450

 Side 1  free  transition at x/c =  0.1126   45
 Side 2 forced transition at x/c =  1.0000   68

 195   rms: 0.5197E-02   max: -.8468E-01   C at   45  1
       a = 11.500      CL =  1.3264
      Cm = -0.0347     CD =  0.03320   =>   CDf =  0.00869    CDp =  0.02450

 Side 1  free  transition at x/c =  0.1126   45
 Side 2 forced transition at x/c =  1.0000   68

 196   rms: 0.5197E-02   max: -.8468E-01   C at   45  1
       a = 11.500      CL =  1.3264
      Cm = -0.0347     CD =  0.03320   =>   CDf =  0.00869    CDp =  0.02450

 Side 1  free  transition at x/c =  0.1126   45
 Side 2 forced transition at x/c =  1.0000   68

 197   rms: 0.5197E-02   max: -.8468E-01   C at   45  1
       a = 11.500      CL =  1.3264
      Cm = -0.0347     CD =  0.03320   =>   CDf =  0.00869    CDp =  0.02450

 Side 1  free  transition at x/c =  0.1126   45
 Side 2 forced transition at x/c =  1.0000   68

 198   rms: 0.5197E-02   max: -.8468E-01   C at   45  1
       a = 11.500      CL =  1.3264
      Cm = -0.0347     CD =  0.03320   =>   CDf =  0.00869    CDp =  0.02450

 Side 1  free  transition at x/c =  0.1126   45
 Side 2 forced transition at x/c =  1.0000   68

 199   rms: 0.5197E-02   max: -.8468E-01   C at   45  1
       a = 11.500      CL =  1.3264
      Cm = -0.0347     CD =  0.03320   =>   CDf =  0.00869    CDp =  0.02450

 Side 1  free  transition at x/c =  0.1126   45
 Side 2 forced transition at x/c =  1.0000   68

 200   rms: 0.5197E-02   max: -.8468E-01   C at   45  1
       a = 11.500      CL =  1.3264
      Cm = -0.0347     CD =  0.03320   =>   CDf =  0.00869    CDp =  0.02450

 Side 1  free  transition at x/c =  0.1126   45
 Side 2 forced transition at x/c =  1.0000   68

 201   rms: 0.5197E-02   max: -.8468E-01   C at   45  1
       a = 11.500      CL =  1.3264
      Cm = -0.0347     CD =  0.03320   =>   CDf =  0.00869    CDp =  0.02450

 Side 1  free  transition at x/c =  0.1126   45
 Side 2 forced transition at x/c =  1.0000   68

 202   rms: 0.5197E-02   max: -.8468E-01   C at   45  1
       a = 11.500      CL =  1.3264
      Cm = -0.0347     CD =  0.03320   =>   CDf =  0.00869    CDp =  0.02450

 Side 1  free  transition at x/c =  0.1126   45
 Side 2 forced transition at x/c =  1.0000   68

 203   rms: 0.5197E-02   max: -.8468E-01   C at   45  1
       a = 11.500      CL =  1.3264
      Cm = -0.0347     CD =  0.03320   =>   CDf =  0.00869    CDp =  0.02450

 Side 1  free  transition at x/c =  0.1126   45
 Side 2 forced transition at x/c =  1.0000   68

 204   rms: 0.5197E-02   max: -.8468E-01   C at   45  1
       a = 11.500      CL =  1.3264
      Cm = -0.0347     CD =  0.03320   =>   CDf =  0.00869    CDp =  0.02450

 Side 1  free  transition at x/c =  0.1126   45
 Side 2 forced transition at x/c =  1.0000   68

 205   rms: 0.5197E-02   max: -.8468E-01   C at   45  1
       a = 11.500      CL =  1.3264
      Cm = -0.0347     CD =  0.03320   =>   CDf =  0.00869    CDp =  0.02450
 VISCAL:  Convergence failed
      5.000    5.4975   0.033196   0.023216   0.004458  -0.018758    0.1126     #
 Calculating wake trajectory ...
 Calculating source influence matrix ...

 Solving BL system ...

 Side 1  free  transition at x/c =  0.1126   45
 Side 2 forced transition at x/c =  1.0000   68

   1   rms: 0.3452E-01   max: -.1090E+00   T at   45  1
       a = 11.250      CL =  1.3129
      Cm = -0.0359     CD =  0.03208   =>   CDf =  0.00912    CDp =  0.02296

 Side 1  free  transition at x/c =  0.1223   45
 Side 2 forced transition at x/c =  1.0000   69

   2   rms: 0.1642E-01   max: 0.1623E+00   T at    2  2
       a = 11.250      CL =  1.3213
      Cm = -0.0365     CD =  0.03162   =>   CDf =  0.00830    CDp =  0.02331

 Side 1  free  transition at x/c =  0.1205   46
 Side 2 forced transition at x/c =  1.0000   68

   3   rms: 0.3005E-02   max: -.4721E-01   T at    2  1
       a = 11.250      CL =  1.3209
      Cm = -0.0365     CD =  0.03169   =>   CDf =  0.00867    CDp =  0.02302

 Side 1  free  transition at x/c =  0.1206   46
 Side 2 forced transition at x/c =  1.0000   68

   4   rms: 0.1478E-02   max: -.2001E-01   D at    4  1
       a = 11.250      CL =  1.3209
      Cm = -0.0365     CD =  0.03169   =>   CDf =  0.00867    CDp =  0.02302

 Side 1  free  transition at x/c =  0.1206   46
 Side 2 forced transition at x/c =  1.0000   68

   5   rms: 0.8280E-05   max: 0.8770E-04   D at    6  1
       a = 11.250      CL =  1.3209
      Cm = -0.0365     CD =  0.03169   =>   CDf =  0.00868    CDp =  0.02302
      5.000    5.2092   0.031694   0.023077   0.004455  -0.018622    0.1206     #

 Point added to stored polar  1
 Point written to save file  clarky_re120000_realistic_model_reverse.polar   
 Dump file unspecified or not available
 Calculating wake trajectory ...
 Calculating source influence matrix ...

 Solving BL system ...

 Side 1  free  transition at x/c =  0.1206   46
 Side 2 forced transition at x/c =  1.0000   68

   1   rms: 0.3452E-01   max: -.1542E+00   C at   46  1
       a = 11.000      CL =  1.3114
      Cm = -0.0381     CD =  0.03033   =>   CDf =  0.00909    CDp =  0.02125

 Side 1  free  transition at x/c =  0.1293   46
 Side 2 forced transition at x/c =  1.0000   69

   2   rms: 0.4813E-02   max: 0.4800E-01   D at    3  2
       a = 11.000      CL =  1.3139
      Cm = -0.0384     CD =  0.03031   =>   CDf =  0.00874    CDp =  0.02158

 Side 1  free  transition at x/c =  0.1293   46
 Side 2 forced transition at x/c =  1.0000   69

   3   rms: 0.1047E-02   max: 0.1350E-01   D at    4  2
       a = 11.000      CL =  1.3139
      Cm = -0.0384     CD =  0.03032   =>   CDf =  0.00872    CDp =  0.02161

 Side 1  free  transition at x/c =  0.1293   46
 Side 2 forced transition at x/c =  1.0000   69

   4   rms: 0.2609E-05   max: -.9342E-05   C at   46  1
       a = 11.000      CL =  1.3139
      Cm = -0.0384     CD =  0.03032   =>   CDf =  0.00872    CDp =  0.02160
      5.000    4.9430   0.030323   0.022898   0.004412  -0.018486    0.1293     #

 Point added to stored polar  1
 Point written to save file  clarky_re120000_realistic_model_reverse.polar   
 Dump file unspecified or not available
 Calculating wake trajectory ...
 Calculating source influence matrix ...

 Solving BL system ...

 Side 1  free  transition at x/c =  0.1293   46
 Side 2 forced transition at x/c =  1.0000   69

   1   rms: 0.3601E-01   max: -.2273E+00   C at   46  1
       a = 10.750      CL =  1.3057
      Cm = -0.0401     CD =  0.02892   =>   CDf =  0.00871    CDp =  0.02021

 Side 1  free  transition at x/c =  0.1377   47
 Side 2 forced transition at x/c =  1.0000   69

   2   rms: 0.7172E-02   max: -.1116E+00   C at   47  1
       a = 10.750      CL =  1.3063
      Cm = -0.0403     CD =  0.02902   =>   CDf =  0.00881    CDp =  0.02021

 Side 1  free  transition at x/c =  0.1394   47
 Side 2 forced transition at x/c =  1.0000   69

   3   rms: 0.2356E-03   max: -.3250E-02   D at   49  1
       a = 10.750      CL =  1.3062
      Cm = -0.0403     CD =  0.02904   =>   CDf =  0.00875    CDp =  0.02030

 Side 1  free  transition at x/c =  0.1393   47
 Side 2 forced transition at x/c =  1.0000   69

   4   rms: 0.3251E-05   max: -.1675E-04   C at   47  1
       a = 10.750      CL =  1.3062
      Cm = -0.0403     CD =  0.02904   =>   CDf =  0.00875    CDp =  0.02030
      5.000    4.6883   0.029043   0.022689   0.000000  -0.022689    0.1393     #

 Point added to stored polar  1
 Point written to save file  clarky_re120000_realistic_model_reverse.polar   
 Dump file unspecified or not available
 Calculating wake trajectory ...
 Calculating source influence matrix ...

 Solving BL system ...

 Side 1  free  transition at x/c =  0.1393   47
 Side 2 forced transition at x/c =  1.0000   69

   1   rms: 0.3726E-01   max: -.2769E+00   C at   47  1
       a = 10.500      CL =  1.2989
      Cm = -0.0423     CD =  0.02765   =>   CDf =  0.00874    CDp =  0.01890

 Side 1  free  transition at x/c =  0.1489   48
 Side 2 forced transition at x/c =  1.0000   69

   2   rms: 0.8761E-02   max: -.1373E+00   C at   48  1
       a = 10.500      CL =  1.2984
      Cm = -0.0424     CD =  0.02779   =>   CDf =  0.00884    CDp =  0.01895

 Side 1  free  transition at x/c =  0.1512   48
 Side 2 forced transition at x/c =  1.0000   69

   3   rms: 0.3638E-03   max: -.5084E-02   D at   50  1
       a = 10.500      CL =  1.2984
      Cm = -0.0424     CD =  0.02782   =>   CDf =  0.00875    CDp =  0.01907

 Side 1  free  transition at x/c =  0.1511   48
 Side 2 forced transition at x/c =  1.0000   69

   4   rms: 0.4895E-05   max: -.2769E-04   C at   48  1
       a = 10.500      CL =  1.2983
      Cm = -0.0424     CD =  0.02782   =>   CDf =  0.00875    CDp =  0.01907
      5.000    4.4370   0.027819   0.022455   0.000000  -0.022455    0.1511     #

 Point added to stored polar  1
 Point written to save file  clarky_re120000_realistic_model_reverse.polar   
 Dump file unspecified or not available
 Calculating wake trajectory ...
 Calculating source influence matrix ...

 Solving BL system ...

 Side 1  free  transition at x/c =  0.1511   48
 Side 2 forced transition at x/c =  1.0000   69

   1   rms: 0.3897E-01   max: -.3349E+00   C at   48  1
       a = 10.250      CL =  1.2918
      Cm = -0.0446     CD =  0.02644   =>   CDf =  0.00875    CDp =  0.01769

 Side 1  free  transition at x/c =  0.1624   49
 Side 2 forced transition at x/c =  1.0000   69

   2   rms: 0.1001E-01   max: -.1612E+00   C at   49  1
       a = 10.250      CL =  1.2908
      Cm = -0.0446     CD =  0.02660   =>   CDf =  0.00881    CDp =  0.01779

 Side 1  free  transition at x/c =  0.1657   49
 Side 2 forced transition at x/c =  1.0000   69

   3   rms: 0.4203E-03   max: -.6176E-02   D at   51  1
       a = 10.250      CL =  1.2907
      Cm = -0.0446     CD =  0.02664   =>   CDf =  0.00871    CDp =  0.01793

 Side 1  free  transition at x/c =  0.1655   49
 Side 2 forced transition at x/c =  1.0000   69

   4   rms: 0.4002E-05   max: -.2785E-04   C at   49  1
       a = 10.250      CL =  1.2907
      Cm = -0.0446     CD =  0.02664   =>   CDf =  0.00871    CDp =  0.01793
      5.000    4.1825   0.026638   0.022214   0.000000  -0.022214    0.1655     #

 Point added to stored polar  1
 Point written to save file  clarky_re120000_realistic_model_reverse.polar   
 Dump file unspecified or not available
 Calculating wake trajectory ...
 Calculating source influence matrix ...

 Solving BL system ...

 Side 1  free  transition at x/c =  0.1655   49
 Side 2 forced transition at x/c =  1.0000   69

   1   rms: 0.4000E-01   max: -.3846E+00   C at   49  1
       a = 10.000      CL =  1.2838
      Cm = -0.0469     CD =  0.02536   =>   CDf =  0.00907    CDp =  0.01629

 Side 1  free  transition at x/c =  0.1802   49
 Side 2 forced transition at x/c =  1.0000   70

   2   rms: 0.8569E-02   max: -.1339E+00   C at   49  1
       a = 10.000      CL =  1.2831
      Cm = -0.0470     CD =  0.02552   =>   CDf =  0.00871    CDp =  0.01681

 Side 1  free  transition at x/c =  0.1836   49
 Side 2 forced transition at x/c =  1.0000   70

   3   rms: 0.8969E-03   max: 0.1150E-01   D at    4  2
       a = 10.000      CL =  1.2831
      Cm = -0.0470     CD =  0.02554   =>   CDf =  0.00864    CDp =  0.01690

 Side 1  free  transition at x/c =  0.1836   49
 Side 2 forced transition at x/c =  1.0000   70

   4   rms: 0.2128E-05   max: 0.1313E-04   C at   70  2
       a = 10.000      CL =  1.2831
      Cm = -0.0470     CD =  0.02554   =>   CDf =  0.00864    CDp =  0.01690
      5.000    3.9238   0.025539   0.000000   0.000000   0.000000    0.1836     #

 Point added to stored polar  1
 Point written to save file  clarky_re120000_realistic_model_reverse.polar   
 Dump file unspecified or not available
 Calculating wake trajectory ...
 Calculating source influence matrix ...

 Solving BL system ...

 Side 1  free  transition at x/c =  0.1836   49
 Side 2 forced transition at x/c =  1.0000   70

   1   rms: 0.3975E-01   max: -.3909E+00   C at   49  1
       a =  9.750      CL =  1.2743
      Cm = -0.0493     CD =  0.02447   =>   CDf =  0.00864    CDp =  0.01583

 Side 1  free  transition at x/c =  0.2019   50
 Side 2 forced transition at x/c =  1.0000   70

   2   rms: 0.4734E-02   max: -.7834E-01   C at   50  1
       a =  9.750      CL =  1.2738
      Cm = -0.0493     CD =  0.02461   =>   CDf =  0.00862    CDp =  0.01599

 Side 1  free  transition at x/c =  0.2047   50
 Side 2 forced transition at x/c =  1.0000   70

   3   rms: 0.9551E-04   max: -.6922E-03   D at   50  1
       a =  9.750      CL =  1.2739
      Cm = -0.0493     CD =  0.02461   =>   CDf =  0.00858    CDp =  0.01603
      5.000    3.6818   0.024614   0.000000   0.000000   0.000000    0.2047     #

 Point added to stored polar  1
 Point written to save file  clarky_re120000_realistic_model_reverse.polar   
 Dump file unspecified or not available
 Calculating wake trajectory ...
 Calculating source influence matrix ...

 Solving BL system ...

 Side 1  free  transition at x/c =  0.2047   50
 Side 2 forced transition at x/c =  1.0000   70

   1   rms: 0.3646E-01   max: -.2038E+00   C at   50  1
       a =  9.500      CL =  1.2599
      Cm = -0.0511     CD =  0.02385   =>   CDf =  0.00858    CDp =  0.01527

 Side 1  free  transition at x/c =  0.2298   52
 Side 2 forced transition at x/c =  1.0000   70

   2   rms: 0.1177E-01   max: 0.1808E+00   C at   52  1
       a =  9.500      CL =  1.2631
      Cm = -0.0516     CD =  0.02382   =>   CDf =  0.00847    CDp =  0.01536

 Side 1  free  transition at x/c =  0.2251   52
 Side 2 forced transition at x/c =  1.0000   70

   3   rms: 0.5856E-03   max: -.8048E-02   D at   55  1
       a =  9.500      CL =  1.2632
      Cm = -0.0516     CD =  0.02385   =>   CDf =  0.00855    CDp =  0.01530

 Side 1  free  transition at x/c =  0.2249   52
 Side 2 forced transition at x/c =  1.0000   70

   4   rms: 0.6323E-05   max: -.3704E-04   D at   93  1
       a =  9.500      CL =  1.2632
      Cm = -0.0516     CD =  0.02385   =>   CDf =  0.00856    CDp =  0.01529
      5.000    3.5955   0.023851   0.000000   0.000000   0.000000    0.2249     #

 Point added to stored polar  1
 Point written to save file  clarky_re120000_realistic_model_reverse.polar   
 Dump file unspecified or not available
 Calculating wake trajectory ...
 Calculating source influence matrix ...

 Solving BL system ...

 Side 1  free  transition at x/c =  0.2249   52
 Side 2 forced transition at x/c =  1.0000   70

   1   rms: 0.3765E-01   max: -.2682E+00   C at   52  1
       a =  9.250      CL =  1.2540
      Cm = -0.0543     CD =  0.02305   =>   CDf =  0.00855    CDp =  0.01450

 Side 1  free  transition at x/c =  0.2378   52
 Side 2 forced transition at x/c =  1.0000   70

   2   rms: 0.1183E-01   max: -.1428E+00   D at   53  1
       a =  9.250      CL =  1.2473
      Cm = -0.0533     CD =  0.02329   =>   CDf =  0.00872    CDp =  0.01457

 Side 1  free  transition at x/c =  0.2470   53
 Side 2 forced transition at x/c =  1.0000   70

   3   rms: 0.1015E-01   max: 0.1496E+00   C at   53  1
       a =  9.250      CL =  1.2501
      Cm = -0.0537     CD =  0.02320   =>   CDf =  0.00850    CDp =  0.01470

 Side 1  free  transition at x/c =  0.2429   53
 Side 2 forced transition at x/c =  1.0000   70

   4   rms: 0.4864E-03   max: -.6648E-02   D at   56  1
       a =  9.250      CL =  1.2501
      Cm = -0.0537     CD =  0.02322   =>   CDf =  0.00858    CDp =  0.01464

 Side 1  free  transition at x/c =  0.2428   53
 Side 2 forced transition at x/c =  1.0000   70

   5   rms: 0.7368E-05   max: -.3855E-04   D at   93  1
       a =  9.250      CL =  1.2501
      Cm = -0.0537     CD =  0.02322   =>   CDf =  0.00858    CDp =  0.01464
      5.000    3.7831   0.023216   0.000000   0.000000   0.000000    0.2428     #

 Point added to stored polar  1
 Point written to save file  clarky_re120000_realistic_model_reverse.polar   
 Dump file unspecified or not available
 Calculating wake trajectory ...
 Calculating source influence matrix ...

 Solving BL system ...

 Side 1  free  transition at x/c =  0.2428   53
 Side 2 forced transition at x/c =  1.0000   70

   1   rms: 0.3719E-01   max: -.2006E+00   C at   53  1
       a =  9.000      CL =  1.2368
      Cm = -0.0557     CD =  0.02251   =>   CDf =  0.00890    CDp =  0.01362

 Side 1  free  transition at x/c =  0.2543   52
 Side 2 forced transition at x/c =  1.0000   71

   2   rms: 0.1104E-01   max: -.1327E+00   D at   53  1
       a =  9.000      CL =  1.2321
      Cm = -0.0551     CD =  0.02269   =>   CDf =  0.00878    CDp =  0.01391

 Side 1  free  transition at x/c =  0.2602   53
 Side 2 forced transition at x/c =  1.0000   71

   3   rms: 0.6386E-02   max: 0.8854E-01   C at   53  1
       a =  9.000      CL =  1.2336
      Cm = -0.0553     CD =  0.02265   =>   CDf =  0.00861    CDp =  0.01404

 Side 1  free  transition at x/c =  0.2581   53
 Side 2 forced transition at x/c =  1.0000   71

   4   rms: 0.3150E-03   max: -.4049E-02   D at   55  1
       a =  9.000      CL =  1.2337
      Cm = -0.0553     CD =  0.02266   =>   CDf =  0.00867    CDp =  0.01399

 Side 1  free  transition at x/c =  0.2581   53
 Side 2 forced transition at x/c =  1.0000   71

   5   rms: 0.3093E-05   max: -.1503E-04   D at   55  1
       a =  9.000      CL =  1.2337
      Cm = -0.0553     CD =  0.02266   =>   CDf =  0.00867    CDp =  0.01399
      5.000    3.9518   0.022659   0.000000   0.000000   0.000000    0.2581     #

 Point added to stored polar  1
 Point written to save file  clarky_re120000_realistic_model_reverse.polar   
 Dump file unspecified or not available
 Calculating wake trajectory ...
 Calculating source influence matrix ...

 Solving BL system ...

 Side 1  free  transition at x/c =  0.2581   53
 Side 2 forced transition at x/c =  1.0000   71

   1   rms: 0.3721E-01   max: -.1701E+00   C at   53  1
       a =  8.750      CL =  1.2186
      Cm = -0.0571     CD =  0.02198   =>   CDf =  0.00867    CDp =  0.01331

 Side 1  free  transition at x/c =  0.2686   53
 Side 2 forced transition at x/c =  1.0000   71

   2   rms: 0.7616E-02   max: -.8215E-01   D at   54  1
       a =  8.750      CL =  1.2159
      Cm = -0.0568     CD =  0.02211   =>   CDf =  0.00880    CDp =  0.01332

 Side 1  free  transition at x/c =  0.2714   53
 Side 2 forced transition at x/c =  1.0000   71

   3   rms: 0.6327E-03   max: -.3508E-02   D at   56  1
       a =  8.750      CL =  1.2163
      Cm = -0.0568     CD =  0.02212   =>   CDf =  0.00875    CDp =  0.01338

 Side 1  free  transition at x/c =  0.2711   53
 Side 2 forced transition at x/c =  1.0000   71

   4   rms: 0.3787E-05   max: -.2632E-04   D at   54  1
       a =  8.750      CL =  1.2163
      Cm = -0.0568     CD =  0.02212   =>   CDf =  0.00875    CDp =  0.01338
      5.000    4.0657   0.022122   0.005085   0.005284   0.000199    0.2711     #

 Point added to stored polar  1
 Point written to save file  clarky_re120000_realistic_model_reverse.polar   
 Dump file unspecified or not available
 Calculating wake trajectory ...
 Calculating source influence matrix ...

 Solving BL system ...

 Side 1  free  transition at x/c =  0.2711   53
 Side 2 forced transition at x/c =  1.0000   71

   1   rms: 0.3655E-01   max: 0.5683E-01   C at   71  2
       a =  8.500      CL =  1.1963
      Cm = -0.0579     CD =  0.02167   =>   CDf =  0.00874    CDp =  0.01293

 Side 1  free  transition at x/c =  0.2856   54
 Side 2 forced transition at x/c =  1.0000   71

   2   rms: 0.9693E-02   max: 0.1371E+00   C at   54  1
       a =  8.500      CL =  1.1979
      Cm = -0.0582     CD =  0.02158   =>   CDf =  0.00872    CDp =  0.01286

 Side 1  free  transition at x/c =  0.2829   54
 Side 2 forced transition at x/c =  1.0000   71

   3   rms: 0.6795E-03   max: -.8210E-02   D at   57  1
       a =  8.500      CL =  1.1982
      Cm = -0.0582     CD =  0.02159   =>   CDf =  0.00879    CDp =  0.01280

 Side 1  free  transition at x/c =  0.2826   54
 Side 2 forced transition at x/c =  1.0000   71

   4   rms: 0.4831E-05   max: -.4129E-04   C at   54  1
       a =  8.500      CL =  1.1982
      Cm = -0.0582     CD =  0.02159   =>   CDf =  0.00879    CDp =  0.01279
      5.000    4.2249   0.021586   0.004988   0.005378   0.000390    0.2826     #

 Point added to stored polar  1
 Point written to save file  clarky_re120000_realistic_model_reverse.polar   
 Dump file unspecified or not available
 Calculating wake trajectory ...
 Calculating source influence matrix ...

 Solving BL system ...

 Side 1  free  transition at x/c =  0.2826   54
 Side 2 forced transition at x/c =  1.0000   71

   1   rms: 0.3678E-01   max: 0.5905E-01   C at   71  2
       a =  8.250      CL =  1.1791
      Cm = -0.0595     CD =  0.02107   =>   CDf =  0.00909    CDp =  0.01197

 Side 1  free  transition at x/c =  0.2926   54
 Side 2 forced transition at x/c =  1.0000   72

   2   rms: 0.5135E-02   max: -.4665E-01   C at   54  1
       a =  8.250      CL =  1.1781
      Cm = -0.0593     CD =  0.02111   =>   CDf =  0.00896    CDp =  0.01215

 Side 1  free  transition at x/c =  0.2939   54
 Side 2 forced transition at x/c =  1.0000   72

   3   rms: 0.7704E-03   max: 0.9294E-02   D at    4  2
       a =  8.250      CL =  1.1783
      Cm = -0.0594     CD =  0.02112   =>   CDf =  0.00891    CDp =  0.01220

 Side 1  free  transition at x/c =  0.2939   54
 Side 2 forced transition at x/c =  1.0000   72

   4   rms: 0.1027E-05   max: 0.4834E-05   C at   72  2
       a =  8.250      CL =  1.1783
      Cm = -0.0594     CD =  0.02112   =>   CDf =  0.00891    CDp =  0.01220
      5.000    4.2828   0.021116   0.004919   0.005413   0.000494    0.2939     #

 Point added to stored polar  1
 Point written to save file  clarky_re120000_realistic_model_reverse.polar   
 Dump file unspecified or not available
 Calculating wake trajectory ...
 Calculating source influence matrix ...

 Solving BL system ...

 Side 1  free  transition at x/c =  0.2939   54
 Side 2 forced transition at x/c =  1.0000   72

   1   rms: 0.3800E-01   max: -.1349E+00   C at   54  1
       a =  8.000      CL =  1.1598
      Cm = -0.0607     CD =  0.02050   =>   CDf =  0.00891    CDp =  0.01159

 Side 1  free  transition at x/c =  0.3029   54
 Side 2 forced transition at x/c =  1.0000   72

   2   rms: 0.6266E-02   max: -.6517E-01   C at   54  1
       a =  8.000      CL =  1.1585
      Cm = -0.0605     CD =  0.02060   =>   CDf =  0.00900    CDp =  0.01160

 Side 1  free  transition at x/c =  0.3048   54
 Side 2 forced transition at x/c =  1.0000   72

   3   rms: 0.3805E-03   max: 0.2642E-02   C at   54  1
       a =  8.000      CL =  1.1588
      Cm = -0.0606     CD =  0.02061   =>   CDf =  0.00894    CDp =  0.01166

 Side 1  free  transition at x/c =  0.3046   54
 Side 2 forced transition at x/c =  1.0000   72

   4   rms: 0.2043E-05   max: 0.7204E-05   D at   87  1
       a =  8.000      CL =  1.1588
      Cm = -0.0606     CD =  0.02061   =>   CDf =  0.00895    CDp =  0.01166
      5.000    4.3933   0.020605   0.004850   0.005425   0.000575    0.3046     #

 Point added to stored polar  1
 Point written to save file  clarky_re120000_realistic_model_reverse.polar   
 Dump file unspecified or not available
 Calculating wake trajectory ...
 Calculating source influence matrix ...

 Solving BL system ...

 Side 1  free  transition at x/c =  0.3046   54
 Side 2 forced transition at x/c =  1.0000   72

   1   rms: 0.3716E-01   max: 0.5497E-01   C at   72  2
       a =  7.750      CL =  1.1378
      Cm = -0.0616     CD =  0.02015   =>   CDf =  0.00894    CDp =  0.01121

 Side 1  free  transition at x/c =  0.3146   55
 Side 2 forced transition at x/c =  1.0000   72

   2   rms: 0.1523E-02   max: -.2115E-01   D at   54  1
       a =  7.750      CL =  1.1381
      Cm = -0.0617     CD =  0.02012   =>   CDf =  0.00902    CDp =  0.01110

 Side 1  free  transition at x/c =  0.3147   55
 Side 2 forced transition at x/c =  1.0000   72

   3   rms: 0.2853E-04   max: 0.2672E-03   C at   55  1
       a =  7.750      CL =  1.1381
      Cm = -0.0617     CD =  0.02012   =>   CDf =  0.00900    CDp =  0.01113
      5.000    4.4385   0.020125   0.004790   0.005399   0.000609    0.3147     #

 Point added to stored polar  1
 Point written to save file  clarky_re120000_realistic_model_reverse.polar   
 Dump file unspecified or not available
 Calculating wake trajectory ...
 Calculating source influence matrix ...

 Solving BL system ...

 Side 1  free  transition at x/c =  0.3147   55
 Side 2 forced transition at x/c =  1.0000   72

   1   rms: 0.3809E-01   max: 0.5596E-01   C at   72  2
       a =  7.500      CL =  1.1180
      Cm = -0.0628     CD =  0.01958   =>   CDf =  0.00928    CDp =  0.01030

 Side 1  free  transition at x/c =  0.3236   54
 Side 2 forced transition at x/c =  1.0000   73

   2   rms: 0.6062E-02   max: -.6229E-01   C at   54  1
       a =  7.500      CL =  1.1169
      Cm = -0.0626     CD =  0.01966   =>   CDf =  0.00911    CDp =  0.01055

 Side 1  free  transition at x/c =  0.3253   54
 Side 2 forced transition at x/c =  1.0000   73

   3   rms: 0.5677E-03   max: 0.6360E-02   D at    4  2
       a =  7.500      CL =  1.1172
      Cm = -0.0627     CD =  0.01966   =>   CDf =  0.00906    CDp =  0.01060

 Side 1  free  transition at x/c =  0.3252   54
 Side 2 forced transition at x/c =  1.0000   73

   4   rms: 0.1352E-05   max: -.5746E-05   C at   54  1
       a =  7.500      CL =  1.1172
      Cm = -0.0627     CD =  0.01966   =>   CDf =  0.00906    CDp =  0.01060
      5.000    4.4456   0.019662   0.004734   0.005351   0.000617    0.3252     #

 Point added to stored polar  1
 Point written to save file  clarky_re120000_realistic_model_reverse.polar   
 Dump file unspecified or not available
 Calculating wake trajectory ...
 Calculating source influence matrix ...

 Solving BL system ...

 Side 1  free  transition at x/c =  0.3252   54
 Side 2 forced transition at x/c =  1.0000   73

   1   rms: 0.3760E-01   max: 0.5291E-01   C at   73  2
       a =  7.250      CL =  1.0950
      Cm = -0.0635     CD =  0.01925   =>   CDf =  0.00906    CDp =  0.01019

 Side 1  free  transition at x/c =  0.3355   55
 Side 2 forced transition at x/c =  1.0000   73

   2   rms: 0.2371E-02   max: 0.4212E-01   D at   55  1
       a =  7.250      CL =  1.0960
      Cm = -0.0637     CD =  0.01918   =>   CDf =  0.00908    CDp =  0.01011

 Side 1  free  transition at x/c =  0.3351   55
 Side 2 forced transition at x/c =  1.0000   73

   3   rms: 0.1437E-03   max: 0.1794E-02   C at   55  1
       a =  7.250      CL =  1.0960
      Cm = -0.0637     CD =  0.01918   =>   CDf =  0.00907    CDp =  0.01012

 Side 1  free  transition at x/c =  0.3351   55
 Side 2 forced transition at x/c =  1.0000   73

   4   rms: 0.2004E-05   max: -.9484E-05   C at   73  2
       a =  7.250      CL =  1.0960
      Cm = -0.0637     CD =  0.01918   =>   CDf =  0.00907    CDp =  0.01011
      5.000    4.4740   0.019182   0.004680   0.005313   0.000633    0.3351     #

 Point added to stored polar  1
 Point written to save file  clarky_re120000_realistic_model_reverse.polar   
 Dump file unspecified or not available
 Calculating wake trajectory ...
 Calculating source influence matrix ...

 Solving BL system ...

 Side 1  free  transition at x/c =  0.3351   55
 Side 2 forced transition at x/c =  1.0000   73

   1   rms: 0.3831E-01   max: 0.5488E-01   C at   73  2
       a =  7.000      CL =  1.0749
      Cm = -0.0647     CD =  0.01869   =>   CDf =  0.00906    CDp =  0.00962

 Side 1  free  transition at x/c =  0.3443   55
 Side 2 forced transition at x/c =  1.0000   73

   2   rms: 0.5507E-02   max: -.6360E-01   C at   55  1
       a =  7.000      CL =  1.0740
      Cm = -0.0646     CD =  0.01875   =>   CDf =  0.00917    CDp =  0.00958

 Side 1  free  transition at x/c =  0.3460   55
 Side 2 forced transition at x/c =  1.0000   73

   3   rms: 0.2167E-03   max: -.1750E-02   D at   58  1
       a =  7.000      CL =  1.0742
      Cm = -0.0646     CD =  0.01876   =>   CDf =  0.00912    CDp =  0.00963

 Side 1  free  transition at x/c =  0.3459   55
 Side 2 forced transition at x/c =  1.0000   73

   4   rms: 0.8983E-06   max: 0.4014E-05   D at   90  1
       a =  7.000      CL =  1.0742
      Cm = -0.0646     CD =  0.01876   =>   CDf =  0.00912    CDp =  0.00963
      5.000    4.4584   0.018757   0.004632   0.005234   0.000602    0.3459     #

 Point added to stored polar  1
 Point written to save file  clarky_re120000_realistic_model_reverse.polar   
 Dump file unspecified or not available
 Calculating wake trajectory ...
 Calculating source influence matrix ...

 Solving BL system ...

 Side 1  free  transition at x/c =  0.3459   55
 Side 2 forced transition at x/c =  1.0000   73

   1   rms: 0.3795E-01   max: 0.5195E-01   C at   73  2
       a =  6.750      CL =  1.0512
      Cm = -0.0653     CD =  0.01838   =>   CDf =  0.00912    CDp =  0.00926

 Side 1  free  transition at x/c =  0.3592   56
 Side 2 forced transition at x/c =  1.0000   73

   2   rms: 0.7412E-02   max: 0.9686E-01   C at   56  1
       a =  6.750      CL =  1.0529
      Cm = -0.0656     CD =  0.01828   =>   CDf =  0.00903    CDp =  0.00925

 Side 1  free  transition at x/c =  0.3574   56
 Side 2 forced transition at x/c =  1.0000   73

   3   rms: 0.6224E-03   max: 0.8032E-02   C at   56  1
       a =  6.750      CL =  1.0530
      Cm = -0.0656     CD =  0.01828   =>   CDf =  0.00907    CDp =  0.00921

 Side 1  free  transition at x/c =  0.3571   56
 Side 2 forced transition at x/c =  1.0000   73

   4   rms: 0.3406E-05   max: -.3726E-04   D at   59  1
       a =  6.750      CL =  1.0530
      Cm = -0.0656     CD =  0.01828   =>   CDf =  0.00908    CDp =  0.00920
      5.000    4.4445   0.018276   0.004581   0.005206   0.000625    0.3571     #

 Point added to stored polar  1
 Point written to save file  clarky_re120000_realistic_model_reverse.polar   
 Dump file unspecified or not available
 Calculating wake trajectory ...
 Calculating source influence matrix ...

 Solving BL system ...

 Side 1  free  transition at x/c =  0.3571   56
 Side 2 forced transition at x/c =  1.0000   73

   1   rms: 0.3861E-01   max: 0.5825E-01   C at   73  2
       a =  6.500      CL =  1.0317
      Cm = -0.0667     CD =  0.01782   =>   CDf =  0.00933    CDp =  0.00849

 Side 1  free  transition at x/c =  0.3700   56
 Side 2 forced transition at x/c =  1.0000   74

   2   rms: 0.6194E-02   max: -.7935E-01   C at   56  1
       a =  6.500      CL =  1.0318
      Cm = -0.0667     CD =  0.01782   =>   CDf =  0.00914    CDp =  0.00868

 Side 1  free  transition at x/c =  0.3713   56
 Side 2 forced transition at x/c =  1.0000   74

   3   rms: 0.5953E-03   max: 0.6500E-02   D at    4  2
       a =  6.500      CL =  1.0319
      Cm = -0.0667     CD =  0.01783   =>   CDf =  0.00906    CDp =  0.00877

 Side 1  free  transition at x/c =  0.3713   56
 Side 2 forced transition at x/c =  1.0000   74

   4   rms: 0.2773E-05   max: 0.1302E-04   C at   74  2
       a =  6.500      CL =  1.0319
      Cm = -0.0667     CD =  0.01783   =>   CDf =  0.00906    CDp =  0.00877
      5.000    4.4287   0.017827   0.004533   0.005168   0.000635    0.3713     #

 Point added to stored polar  1
 Point written to save file  clarky_re120000_realistic_model_reverse.polar   
 Dump file unspecified or not available
 Calculating wake trajectory ...
 Calculating source influence matrix ...

 Solving BL system ...

 Side 1  free  transition at x/c =  0.3713   56
 Side 2 forced transition at x/c =  1.0000   74

   1   rms: 0.3989E-01   max: -.1995E+00   C at   56  1
       a =  6.250      CL =  1.0115
      Cm = -0.0679     CD =  0.01733   =>   CDf =  0.00905    CDp =  0.00828

 Side 1  free  transition at x/c =  0.3842   56
 Side 2 forced transition at x/c =  1.0000   74

   2   rms: 0.8635E-02   max: -.9667E-01   C at   56  1
       a =  6.250      CL =  1.0100
      Cm = -0.0676     CD =  0.01742   =>   CDf =  0.00915    CDp =  0.00827

 Side 1  free  transition at x/c =  0.3877   57
 Side 2 forced transition at x/c =  1.0000   74

   3   rms: 0.3133E-02   max: -.4829E-01   D at   56  1
       a =  6.250      CL =  1.0108
      Cm = -0.0678     CD =  0.01739   =>   CDf =  0.00905    CDp =  0.00834

 Side 1  free  transition at x/c =  0.3873   57
 Side 2 forced transition at x/c =  1.0000   74

   4   rms: 0.1914E-03   max: 0.2626E-02   C at   57  1
       a =  6.250      CL =  1.0108
      Cm = -0.0678     CD =  0.01739   =>   CDf =  0.00901    CDp =  0.00838

 Side 1  free  transition at x/c =  0.3873   57
 Side 2 forced transition at x/c =  1.0000   74

   5   rms: 0.9557E-06   max: -.4653E-05   C at   74  2
       a =  6.250      CL =  1.0108
      Cm = -0.0678     CD =  0.01739   =>   CDf =  0.00901    CDp =  0.00838
      5.000    4.4111   0.017390   0.004489   0.005130   0.000641    0.3873     #

 Point added to stored polar  1
 Point written to save file  clarky_re120000_realistic_model_reverse.polar   
 Dump file unspecified or not available
 Calculating wake trajectory ...
 Calculating source influence matrix ...

 Solving BL system ...

 Side 1  free  transition at x/c =  0.3873   57
 Side 2 forced transition at x/c =  1.0000   74

   1   rms: 0.4072E-01   max: -.2252E+00   C at   57  1
       a =  6.000      CL =  0.9904
      Cm = -0.0690     CD =  0.01688   =>   CDf =  0.00900    CDp =  0.00788

 Side 1  free  transition at x/c =  0.3991   57
 Side 2 forced transition at x/c =  1.0000   74

   2   rms: 0.1064E-01   max: -.1221E+00   C at   57  1
       a =  6.000      CL =  0.9889
      Cm = -0.0687     CD =  0.01697   =>   CDf =  0.00907    CDp =  0.00790

 Side 1  free  transition at x/c =  0.4033   58
 Side 2 forced transition at x/c =  1.0000   74

   3   rms: 0.4901E-02   max: -.6557E-01   C at   58  1
       a =  6.000      CL =  0.9892
      Cm = -0.0688     CD =  0.01697   =>   CDf =  0.00904    CDp =  0.00793

 Side 1  free  transition at x/c =  0.4035   58
 Side 2 forced transition at x/c =  1.0000   74

   4   rms: 0.1924E-03   max: -.2405E-02   D at   60  1
       a =  6.000      CL =  0.9893
      Cm = -0.0688     CD =  0.01698   =>   CDf =  0.00896    CDp =  0.00801

 Side 1  free  transition at x/c =  0.4034   58
 Side 2 forced transition at x/c =  1.0000   74

   5   rms: 0.7554E-06   max: -.4138E-05   D at   60  1
       a =  6.000      CL =  0.9893
      Cm = -0.0688     CD =  0.01698   =>   CDf =  0.00896    CDp =  0.00801
      5.000    4.3501   0.016976   0.004455   0.005103   0.000647    0.4034     #

 Point added to stored polar  1
 Point written to save file  clarky_re120000_realistic_model_reverse.polar   
 Dump file unspecified or not available
 Calculating wake trajectory ...
 Calculating source influence matrix ...

 Solving BL system ...

 Side 1  free  transition at x/c =  0.4034   58
 Side 2 forced transition at x/c =  1.0000   74

   1   rms: 0.4086E-01   max: -.2246E+00   C at   58  1
       a =  5.750      CL =  0.9681
      Cm = -0.0700     CD =  0.01648   =>   CDf =  0.00920    CDp =  0.00728

 Side 1  free  transition at x/c =  0.4144   57
 Side 2 forced transition at x/c =  1.0000   75

   2   rms: 0.9440E-02   max: -.1122E+00   C at   57  1
       a =  5.750      CL =  0.9671
      Cm = -0.0698     CD =  0.01655   =>   CDf =  0.00899    CDp =  0.00756

 Side 1  free  transition at x/c =  0.4187   57
 Side 2 forced transition at x/c =  1.0000   75

   3   rms: 0.8639E-03   max: 0.7529E-02   D at    4  2
       a =  5.750      CL =  0.9674
      Cm = -0.0698     CD =  0.01656   =>   CDf =  0.00890    CDp =  0.00767

 Side 1  free  transition at x/c =  0.4182   57
 Side 2 forced transition at x/c =  1.0000   75

   4   rms: 0.4927E-05   max: -.6564E-04   C at   57  1
       a =  5.750      CL =  0.9674
      Cm = -0.0698     CD =  0.01656   =>   CDf =  0.00890    CDp =  0.00766
      5.000    4.2578   0.016563   0.004430   0.005067   0.000637    0.4182     #

 Point added to stored polar  1
 Point written to save file  clarky_re120000_realistic_model_reverse.polar   
 Dump file unspecified or not available
 Calculating wake trajectory ...
 Calculating source influence matrix ...

 Solving BL system ...

 Side 1  free  transition at x/c =  0.4182   57
 Side 2 forced transition at x/c =  1.0000   75

   1   rms: 0.3865E-01   max: 0.5752E-01   C at   75  2
       a =  5.500      CL =  0.9444
      Cm = -0.0707     CD =  0.01620   =>   CDf =  0.00890    CDp =  0.00730

 Side 1  free  transition at x/c =  0.4335   58
 Side 2 forced transition at x/c =  1.0000   75

   2   rms: 0.1881E-02   max: -.2839E-01   D at   57  1
       a =  5.500      CL =  0.9450
      Cm = -0.0708     CD =  0.01618   =>   CDf =  0.00884    CDp =  0.00734

 Side 1  free  transition at x/c =  0.4333   58
 Side 2 forced transition at x/c =  1.0000   75

   3   rms: 0.9573E-04   max: 0.1408E-02   C at   58  1
       a =  5.500      CL =  0.9450
      Cm = -0.0708     CD =  0.01618   =>   CDf =  0.00884    CDp =  0.00734
      5.000    4.1517   0.016177   0.004429   0.004991   0.000562    0.4333     #

 Point added to stored polar  1
 Point written to save file  clarky_re120000_realistic_model_reverse.polar   
 Dump file unspecified or not available
 Calculating wake trajectory ...
 Calculating source influence matrix ...

 Solving BL system ...

 Side 1  free  transition at x/c =  0.4332   58
 Side 2 forced transition at x/c =  1.0000   75

   1   rms: 0.3917E-01   max: -.1698E+00   C at   58  1
       a =  5.250      CL =  0.9224
      Cm = -0.0717     CD =  0.01581   =>   CDf =  0.00883    CDp =  0.00698

 Side 1  free  transition at x/c =  0.4476   59
 Side 2 forced transition at x/c =  1.0000   75

   2   rms: 0.3874E-02   max: -.5925E-01   C at   59  1
       a =  5.250      CL =  0.9223
      Cm = -0.0717     CD =  0.01581   =>   CDf =  0.00882    CDp =  0.00699

 Side 1  free  transition at x/c =  0.4490   59
 Side 2 forced transition at x/c =  1.0000   75

   3   rms: 0.6549E-04   max: -.5944E-03   D at   59  1
       a =  5.250      CL =  0.9224
      Cm = -0.0717     CD =  0.01581   =>   CDf =  0.00878    CDp =  0.00704
      5.000    4.0308   0.015814   0.004493   0.004773   0.000280    0.4490     #

 Point added to stored polar  1
 Point written to save file  clarky_re120000_realistic_model_reverse.polar   
 Dump file unspecified or not available
 Calculating wake trajectory ...
 Calculating source influence matrix ...

 Solving BL system ...

 Side 1  free  transition at x/c =  0.4490   59
 Side 2 forced transition at x/c =  1.0000   75

   1   rms: 0.3964E-01   max: -.1975E+00   C at   59  1
       a =  5.000      CL =  0.8997
      Cm = -0.0727     CD =  0.01545   =>   CDf =  0.00899    CDp =  0.00646

 Side 1  free  transition at x/c =  0.4639   59
 Side 2 forced transition at x/c =  1.0000   76

   2   rms: 0.5242E-02   max: -.7019E-01   C at   59  1
       a =  5.000      CL =  0.8995
      Cm = -0.0726     CD =  0.01547   =>   CDf =  0.00879    CDp =  0.00668

 Side 1  free  transition at x/c =  0.4658   59
 Side 2 forced transition at x/c =  1.0000   76

   3   rms: 0.6769E-03   max: 0.8627E-02   D at    4  2
       a =  5.000      CL =  0.8995
      Cm = -0.0727     CD =  0.01547   =>   CDf =  0.00873    CDp =  0.00674

 Side 1  free  transition at x/c =  0.4657   59
 Side 2 forced transition at x/c =  1.0000   76

   4   rms: 0.8960E-06   max: 0.3911E-05   C at   76  2
       a =  5.000      CL =  0.8995
      Cm = -0.0727     CD =  0.01547   =>   CDf =  0.00873    CDp =  0.00674
      5.000    3.9061   0.015472   0.000000   0.000000   0.000000    0.4657     #

 Point added to stored polar  1
 Point written to save file  clarky_re120000_realistic_model_reverse.polar   
 Dump file unspecified or not available
 Calculating wake trajectory ...
 Calculating source influence matrix ...

 Solving BL system ...

 Side 1  free  transition at x/c =  0.4657   59
 Side 2 forced transition at x/c =  1.0000   76

   1   rms: 0.4011E-01   max: -.2170E+00   C at   59  1
       a =  4.750      CL =  0.8769
      Cm = -0.0736     CD =  0.01512   =>   CDf =  0.00873    CDp =  0.00639

 Side 1  free  transition at x/c =  0.4809   60
 Side 2 forced transition at x/c =  1.0000   76

   2   rms: 0.6077E-02   max: -.8556E-01   C at   60  1
       a =  4.750      CL =  0.8765
      Cm = -0.0736     CD =  0.01514   =>   CDf =  0.00874    CDp =  0.00640

 Side 1  free  transition at x/c =  0.4835   60
 Side 2 forced transition at x/c =  1.0000   76

   3   rms: 0.2095E-03   max: -.2618E-02   D at   63  1
       a =  4.750      CL =  0.8766
      Cm = -0.0736     CD =  0.01515   =>   CDf =  0.00867    CDp =  0.00648

 Side 1  free  transition at x/c =  0.4834   60
 Side 2 forced transition at x/c =  1.0000   76

   4   rms: 0.1825E-05   max: 0.7593E-05   C at   76  2
       a =  4.750      CL =  0.8766
      Cm = -0.0736     CD =  0.01515   =>   CDf =  0.00867    CDp =  0.00648
      5.000    3.7851   0.015150   0.000000   0.000000   0.000000    0.4834     #

 Point added to stored polar  1
 Point written to save file  clarky_re120000_realistic_model_reverse.polar   
 Dump file unspecified or not available
 Calculating wake trajectory ...
 Calculating source influence matrix ...

 Solving BL system ...

 Side 1  free  transition at x/c =  0.4834   60
 Side 2 forced transition at x/c =  1.0000   76

   1   rms: 0.4037E-01   max: -.2231E+00   C at   60  1
       a =  4.500      CL =  0.8538
      Cm = -0.0746     CD =  0.01482   =>   CDf =  0.00866    CDp =  0.00615

 Side 1  free  transition at x/c =  0.4987   61
 Side 2 forced transition at x/c =  1.0000   76

   2   rms: 0.6578E-02   max: -.8988E-01   C at   61  1
       a =  4.500      CL =  0.8534
      Cm = -0.0745     CD =  0.01484   =>   CDf =  0.00868    CDp =  0.00616

 Side 1  free  transition at x/c =  0.5016   61
 Side 2 forced transition at x/c =  1.0000   76

   3   rms: 0.2942E-03   max: -.3533E-02   D at   64  1
       a =  4.500      CL =  0.8535
      Cm = -0.0745     CD =  0.01485   =>   CDf =  0.00860    CDp =  0.00625

 Side 1  free  transition at x/c =  0.5014   61
 Side 2 forced transition at x/c =  1.0000   76

   4   rms: 0.2542E-05   max: -.1110E-04   D at   83  1
       a =  4.500      CL =  0.8535
      Cm = -0.0745     CD =  0.01485   =>   CDf =  0.00860    CDp =  0.00625
      5.000    3.7595   0.014851   0.000000   0.000000   0.000000    0.5014     #

 Point added to stored polar  1
 Point written to save file  clarky_re120000_realistic_model_reverse.polar   
 Dump file unspecified or not available
 Calculating wake trajectory ...
 Calculating source influence matrix ...

 Solving BL system ...

 Side 1  free  transition at x/c =  0.5014   61
 Side 2 forced transition at x/c =  1.0000   76

   1   rms: 0.4052E-01   max: -.2210E+00   C at   61  1
       a =  4.250      CL =  0.8303
      Cm = -0.0755     CD =  0.01454   =>   CDf =  0.00878    CDp =  0.00576

 Side 1  free  transition at x/c =  0.5166   61
 Side 2 forced transition at x/c =  1.0000   77

   2   rms: 0.7366E-02   max: -.9263E-01   C at   61  1
       a =  4.250      CL =  0.8300
      Cm = -0.0754     CD =  0.01456   =>   CDf =  0.00863    CDp =  0.00593

 Side 1  free  transition at x/c =  0.5195   61
 Side 2 forced transition at x/c =  1.0000   77

   3   rms: 0.6582E-03   max: 0.7237E-02   D at    4  2
       a =  4.250      CL =  0.8301
      Cm = -0.0754     CD =  0.01458   =>   CDf =  0.00855    CDp =  0.00603

 Side 1  free  transition at x/c =  0.5193   61
 Side 2 forced transition at x/c =  1.0000   77

   4   rms: 0.2833E-05   max: -.1286E-04   D at   81  1
       a =  4.250      CL =  0.8302
      Cm = -0.0754     CD =  0.01458   =>   CDf =  0.00855    CDp =  0.00603
      5.000    3.7580   0.014576   0.000000   0.000000   0.000000    0.5193     #

 Point added to stored polar  1
 Point written to save file  clarky_re120000_realistic_model_reverse.polar   
 Dump file unspecified or not available
 Calculating wake trajectory ...
 Calculating source influence matrix ...

 Solving BL system ...

 Side 1  free  transition at x/c =  0.5193   61
 Side 2 forced transition at x/c =  1.0000   77

   1   rms: 0.4073E-01   max: -.2186E+00   C at   61  1
       a =  4.000      CL =  0.8067
      Cm = -0.0763     CD =  0.01429   =>   CDf =  0.00855    CDp =  0.00574

 Side 1  free  transition at x/c =  0.5348   62
 Side 2 forced transition at x/c =  1.0000   77

   2   rms: 0.8813E-02   max: -.1151E+00   C at   62  1
       a =  4.000      CL =  0.8066
      Cm = -0.0763     CD =  0.01430   =>   CDf =  0.00858    CDp =  0.00572

 Side 1  free  transition at x/c =  0.5379   62
 Side 2 forced transition at x/c =  1.0000   77

   3   rms: 0.5410E-03   max: -.6571E-02   D at   65  1
       a =  4.000      CL =  0.8067
      Cm = -0.0763     CD =  0.01432   =>   CDf =  0.00848    CDp =  0.00585

 Side 1  free  transition at x/c =  0.5376   62
 Side 2 forced transition at x/c =  1.0000   77

   4   rms: 0.3608E-05   max: -.2305E-04   C at   62  1
       a =  4.000      CL =  0.8067
      Cm = -0.0763     CD =  0.01432   =>   CDf =  0.00848    CDp =  0.00584
      5.000    3.7723   0.014324   0.000000   0.000000   0.000000    0.5376     #

 Point added to stored polar  1
 Point written to save file  clarky_re120000_realistic_model_reverse.polar   
 Dump file unspecified or not available
 Calculating wake trajectory ...
 Calculating source influence matrix ...

 Solving BL system ...

 Side 1  free  transition at x/c =  0.5376   62
 Side 2 forced transition at x/c =  1.0000   77

   1   rms: 0.4089E-01   max: -.2144E+00   C at   62  1
       a =  3.750      CL =  0.7830
      Cm = -0.0772     CD =  0.01407   =>   CDf =  0.00848    CDp =  0.00559

 Side 1  free  transition at x/c =  0.5527   62
 Side 2 forced transition at x/c =  1.0000   77

   2   rms: 0.7241E-02   max: -.8426E-01   C at   62  1
       a =  3.750      CL =  0.7832
      Cm = -0.0772     CD =  0.01409   =>   CDf =  0.00850    CDp =  0.00559

 Side 1  free  transition at x/c =  0.5567   63
 Side 2 forced transition at x/c =  1.0000   77

   3   rms: 0.1180E-02   max: 0.1247E-01   D at   63  1
       a =  3.750      CL =  0.7831
      Cm = -0.0772     CD =  0.01410   =>   CDf =  0.00840    CDp =  0.00569

 Side 1  free  transition at x/c =  0.5558   63
 Side 2 forced transition at x/c =  1.0000   77

   4   rms: 0.5307E-04   max: 0.6650E-03   C at   63  1
       a =  3.750      CL =  0.7831
      Cm = -0.0772     CD =  0.01410   =>   CDf =  0.00841    CDp =  0.00569
      5.000    3.7979   0.014096   0.000000   0.000000   0.000000    0.5558     #

 Point added to stored polar  1
 Point written to save file  clarky_re120000_realistic_model_reverse.polar   
 Dump file unspecified or not available
 Calculating wake trajectory ...
 Calculating source influence matrix ...

 Solving BL system ...

 Side 1  free  transition at x/c =  0.5558   63
 Side 2 forced transition at x/c =  1.0000   77

   1   rms: 0.4102E-01   max: -.2025E+00   C at   63  1
       a =  3.500      CL =  0.7588
      Cm = -0.0781     CD =  0.01387   =>   CDf =  0.00840    CDp =  0.00547

 Side 1  free  transition at x/c =  0.5700   63
 Side 2 forced transition at x/c =  1.0000   77

   2   rms: 0.7268E-02   max: -.8297E-01   C at   63  1
       a =  3.500      CL =  0.7594
      Cm = -0.0781     CD =  0.01388   =>   CDf =  0.00842    CDp =  0.00546

 Side 1  free  transition at x/c =  0.5737   64
 Side 2 forced transition at x/c =  1.0000   77

   3   rms: 0.8264E-03   max: -.1205E-01   D at   63  1
       a =  3.500      CL =  0.7593
      Cm = -0.0781     CD =  0.01389   =>   CDf =  0.00835    CDp =  0.00554

 Side 1  free  transition at x/c =  0.5733   64
 Side 2 forced transition at x/c =  1.0000   77

   4   rms: 0.2672E-04   max: 0.3374E-03   C at   64  1
       a =  3.500      CL =  0.7593
      Cm = -0.0781     CD =  0.01389   =>   CDf =  0.00834    CDp =  0.00555
      5.000    3.8277   0.013890   0.000000   0.000000   0.000000    0.5733     #

 Point added to stored polar  1
 Point written to save file  clarky_re120000_realistic_model_reverse.polar   
 Dump file unspecified or not available
 Calculating wake trajectory ...
 Calculating source influence matrix ...

 Solving BL system ...

 Side 1  free  transition at x/c =  0.5733   64
 Side 2 forced transition at x/c =  1.0000   77

   1   rms: 0.4124E-01   max: 0.4716E-01   C at   77  2
       a =  3.250      CL =  0.7344
      Cm = -0.0788     CD =  0.01369   =>   CDf =  0.00849    CDp =  0.00520

 Side 1  free  transition at x/c =  0.5864   63
 Side 2 forced transition at x/c =  1.0000   78

   2   rms: 0.7308E-02   max: -.7647E-01   C at   63  1
       a =  3.250      CL =  0.7351
      Cm = -0.0789     CD =  0.01369   =>   CDf =  0.00834    CDp =  0.00536

 Side 1  free  transition at x/c =  0.5898   63
 Side 2 forced transition at x/c =  1.0000   78

   3   rms: 0.7645E-03   max: 0.8651E-02   D at    4  2
       a =  3.250      CL =  0.7351
      Cm = -0.0789     CD =  0.01370   =>   CDf =  0.00828    CDp =  0.00542

 Side 1  free  transition at x/c =  0.5895   63
 Side 2 forced transition at x/c =  1.0000   78

   4   rms: 0.1593E-05   max: -.1369E-04   C at   63  1
       a =  3.250      CL =  0.7351
      Cm = -0.0789     CD =  0.01370   =>   CDf =  0.00828    CDp =  0.00542
      5.000    3.8631   0.013704   0.000000   0.000000   0.000000    0.5895     #

 Point added to stored polar  1
 Point written to save file  clarky_re120000_realistic_model_reverse.polar   
 Dump file unspecified or not available
 Calculating wake trajectory ...
 Calculating source influence matrix ...

 Solving BL system ...

 Side 1  free  transition at x/c =  0.5895   63
 Side 2 forced transition at x/c =  1.0000   78

   1   rms: 0.3809E-01   max: 0.6913E-01   C at   78  2
       a =  3.000      CL =  0.7117
      Cm = -0.0798     CD =  0.01351   =>   CDf =  0.00828    CDp =  0.00523

 Side 1  free  transition at x/c =  0.6079   64
 Side 2 forced transition at x/c =  1.0000   78

   2   rms: 0.7230E-02   max: 0.8598E-01   C at   64  1
       a =  3.000      CL =  0.7108
      Cm = -0.0797     CD =  0.01353   =>   CDf =  0.00815    CDp =  0.00537

 Side 1  free  transition at x/c =  0.6049   64
 Side 2 forced transition at x/c =  1.0000   78

   3   rms: 0.3697E-03   max: -.3224E-02   D at   69  1
       a =  3.000      CL =  0.7106
      Cm = -0.0797     CD =  0.01354   =>   CDf =  0.00820    CDp =  0.00534

 Side 1  free  transition at x/c =  0.6047   64
 Side 2 forced transition at x/c =  1.0000   78

   4   rms: 0.1546E-05   max: -.1189E-04   D at   65  1
       a =  3.000      CL =  0.7106
      Cm = -0.0797     CD =  0.01354   =>   CDf =  0.00820    CDp =  0.00533
      5.000    3.9064   0.013537   0.000000   0.000000   0.000000    0.6047     #

 Point added to stored polar  1
 Point written to save file  clarky_re120000_realistic_model_reverse.polar   
 Dump file unspecified or not available
 Calculating wake trajectory ...
 Calculating source influence matrix ...

 Solving BL system ...

 Side 1  free  transition at x/c =  0.6047   64
 Side 2 forced transition at x/c =  1.0000   78

   1   rms: 0.3842E-01   max: 0.6503E-01   C at   78  2
       a =  2.750      CL =  0.6869
      Cm = -0.0806     CD =  0.01337   =>   CDf =  0.00820    CDp =  0.00517

 Side 1  free  transition at x/c =  0.6210   65
 Side 2 forced transition at x/c =  1.0000   78

   2   rms: 0.2706E-02   max: 0.2657E-01   D at   66  1
       a =  2.750      CL =  0.6861
      Cm = -0.0805     CD =  0.01338   =>   CDf =  0.00811    CDp =  0.00527

 Side 1  free  transition at x/c =  0.6198   65
 Side 2 forced transition at x/c =  1.0000   78

   3   rms: 0.7138E-04   max: 0.6308E-03   C at   65  1
       a =  2.750      CL =  0.6861
      Cm = -0.0805     CD =  0.01339   =>   CDf =  0.00813    CDp =  0.00526
      5.000    3.9600   0.013386   0.000000   0.000000   0.000000    0.6198     #

 Point added to stored polar  1
 Point written to save file  clarky_re120000_realistic_model_reverse.polar   
 Dump file unspecified or not available
 Calculating wake trajectory ...
 Calculating source influence matrix ...

 Solving BL system ...

 Side 1  free  transition at x/c =  0.6197   65
 Side 2 forced transition at x/c =  1.0000   78

   1   rms: 0.3907E-01   max: 0.5951E-01   C at   78  2
       a =  2.500      CL =  0.6618
      Cm = -0.0813     CD =  0.01324   =>   CDf =  0.00825    CDp =  0.00499

 Side 1  free  transition at x/c =  0.6338   65
 Side 2 forced transition at x/c =  1.0000   79

   2   rms: 0.3157E-02   max: -.2903E-01   T at    2  2
       a =  2.500      CL =  0.6617
      Cm = -0.0813     CD =  0.01325   =>   CDf =  0.00809    CDp =  0.00515

 Side 1  free  transition at x/c =  0.6346   65
 Side 2 forced transition at x/c =  1.0000   79

   3   rms: 0.6971E-03   max: 0.8914E-02   D at    4  2
       a =  2.500      CL =  0.6617
      Cm = -0.0813     CD =  0.01325   =>   CDf =  0.00807    CDp =  0.00518

 Side 1  free  transition at x/c =  0.6346   65
 Side 2 forced transition at x/c =  1.0000   79

   4   rms: 0.3824E-06   max: -.3412E-05   D at    4  2
       a =  2.500      CL =  0.6617
      Cm = -0.0813     CD =  0.01325   =>   CDf =  0.00807    CDp =  0.00518
      5.000    4.0236   0.013247   0.005062   0.005173   0.000111    0.6346     #

 Point added to stored polar  1
 Point written to save file  clarky_re120000_realistic_model_reverse.polar   
 Dump file unspecified or not available
 Calculating wake trajectory ...
 Calculating source influence matrix ...

 Solving BL system ...

 Side 1  free  transition at x/c =  0.6346   65
 Side 2 forced transition at x/c =  1.0000   79

   1   rms: 0.3996E-01   max: 0.5253E-01   C at   79  2
       a =  2.250      CL =  0.6367
      Cm = -0.0821     CD =  0.01312   =>   CDf =  0.00807    CDp =  0.00506

 Side 1  free  transition at x/c =  0.6467   65
 Side 2 forced transition at x/c =  1.0000   79

   2   rms: 0.6146E-02   max: -.6231E-01   D at   66  1
       a =  2.250      CL =  0.6381
      Cm = -0.0822     CD =  0.01310   =>   CDf =  0.00807    CDp =  0.00503

 Side 1  free  transition at x/c =  0.6498   66
 Side 2 forced transition at x/c =  1.0000   79

   3   rms: 0.9921E-03   max: 0.1027E-01   D at   66  1
       a =  2.250      CL =  0.6377
      Cm = -0.0821     CD =  0.01311   =>   CDf =  0.00801    CDp =  0.00510

 Side 1  free  transition at x/c =  0.6492   66
 Side 2 forced transition at x/c =  1.0000   79

   4   rms: 0.2867E-04   max: 0.2881E-03   C at   66  1
       a =  2.250      CL =  0.6377
      Cm = -0.0821     CD =  0.01311   =>   CDf =  0.00802    CDp =  0.00510
      5.000    4.0826   0.013113   0.005000   0.005208   0.000208    0.6492     #

 Point added to stored polar  1
 Point written to save file  clarky_re120000_realistic_model_reverse.polar   
 Dump file unspecified or not available
 Calculating wake trajectory ...
 Calculating source influence matrix ...

 Solving BL system ...

 Side 1  free  transition at x/c =  0.6492   66
 Side 2 forced transition at x/c =  1.0000   79

   1   rms: 0.4120E-01   max: 0.4243E-01   C at   79  2
       a =  2.000      CL =  0.6114
      Cm = -0.0827     CD =  0.01301   =>   CDf =  0.00801    CDp =  0.00500

 Side 1  free  transition at x/c =  0.6597   66
 Side 2 forced transition at x/c =  1.0000   79

   2   rms: 0.5839E-02   max: -.5627E-01   C at   66  1
       a =  2.000      CL =  0.6128
      Cm = -0.0829     CD =  0.01299   =>   CDf =  0.00796    CDp =  0.00503

 Side 1  free  transition at x/c =  0.6623   66
 Side 2 forced transition at x/c =  1.0000   79

   3   rms: 0.2280E-03   max: -.1887E-02   D at   70  1
       a =  2.000      CL =  0.6127
      Cm = -0.0829     CD =  0.01300   =>   CDf =  0.00792    CDp =  0.00508

 Side 1  free  transition at x/c =  0.6621   66
 Side 2 forced transition at x/c =  1.0000   79

   4   rms: 0.9483E-06   max: -.7784E-05   C at   79  2
       a =  2.000      CL =  0.6127
      Cm = -0.0829     CD =  0.01300   =>   CDf =  0.00792    CDp =  0.00508
      5.000    4.1511   0.013002   0.004944   0.005245   0.000301    0.6621     #

 Point added to stored polar  1
 Point written to save file  clarky_re120000_realistic_model_reverse.polar   
 Dump file unspecified or not available
 Calculating wake trajectory ...
 Calculating source influence matrix ...

 Solving BL system ...

 Side 1  free  transition at x/c =  0.6621   66
 Side 2 forced transition at x/c =  1.0000   79

   1   rms: 0.3822E-01   max: 0.6991E-01   C at   79  2
       a =  1.750      CL =  0.5891
      Cm = -0.0838     CD =  0.01286   =>   CDf =  0.00792    CDp =  0.00495

 Side 1  free  transition at x/c =  0.6754   67
 Side 2 forced transition at x/c =  1.0000   79

   2   rms: 0.3183E-02   max: 0.3112E-01   D at   68  1
       a =  1.750      CL =  0.5878
      Cm = -0.0836     CD =  0.01289   =>   CDf =  0.00782    CDp =  0.00507

 Side 1  free  transition at x/c =  0.6742   67
 Side 2 forced transition at x/c =  1.0000   79

   3   rms: 0.9857E-04   max: -.6985E-03   D at   71  1
       a =  1.750      CL =  0.5877
      Cm = -0.0836     CD =  0.01289   =>   CDf =  0.00784    CDp =  0.00505
      5.000    4.1959   0.012894   0.004902   0.005265   0.000364    0.6742     #

 Point added to stored polar  1
 Point written to save file  clarky_re120000_realistic_model_reverse.polar   
 Dump file unspecified or not available
 Calculating wake trajectory ...
 Calculating source influence matrix ...

 Solving BL system ...

 Side 1  free  transition at x/c =  0.6741   67
 Side 2 forced transition at x/c =  1.0000   79

   1   rms: 0.3992E-01   max: 0.5560E-01   C at   79  2
       a =  1.500      CL =  0.5626
      Cm = -0.0843     CD =  0.01280   =>   CDf =  0.00793    CDp =  0.00487

 Side 1  free  transition at x/c =  0.6852   66
 Side 2 forced transition at x/c =  1.0000   80

   2   rms: 0.4984E-02   max: -.4916E-01   D at   67  1
       a =  1.500      CL =  0.5642
      Cm = -0.0845     CD =  0.01277   =>   CDf =  0.00783    CDp =  0.00494

 Side 1  free  transition at x/c =  0.6875   67
 Side 2 forced transition at x/c =  1.0000   80

   3   rms: 0.9085E-03   max: 0.8992E-02   D at   67  1
       a =  1.500      CL =  0.5638
      Cm = -0.0845     CD =  0.01278   =>   CDf =  0.00779    CDp =  0.00499

 Side 1  free  transition at x/c =  0.6870   67
 Side 2 forced transition at x/c =  1.0000   80

   4   rms: 0.2656E-04   max: 0.2549E-03   C at   67  1
       a =  1.500      CL =  0.5638
      Cm = -0.0844     CD =  0.01278   =>   CDf =  0.00779    CDp =  0.00499
      5.000    4.2439   0.012779   0.004870   0.005273   0.000403    0.6870     #

 Point added to stored polar  1
 Point written to save file  clarky_re120000_realistic_model_reverse.polar   
 Dump file unspecified or not available
 Calculating wake trajectory ...
 Calculating source influence matrix ...

 Solving BL system ...

 Side 1  free  transition at x/c =  0.6870   67
 Side 2 forced transition at x/c =  1.0000   80

   1   rms: 0.4234E-01   max: 0.5550E-01   n at   79  2
       a =  1.250      CL =  0.5369
      Cm = -0.0849     CD =  0.01272   =>   CDf =  0.00778    CDp =  0.00493

 Side 1  free  transition at x/c =  0.6967   67
 Side 2 forced transition at x/c =  1.0000   80

   2   rms: 0.4926E-02   max: -.4526E-01   D at   68  1
       a =  1.250      CL =  0.5385
      Cm = -0.0852     CD =  0.01270   =>   CDf =  0.00770    CDp =  0.00500

 Side 1  free  transition at x/c =  0.6986   67
 Side 2 forced transition at x/c =  1.0000   80

   3   rms: 0.1792E-03   max: 0.1256E-02   C at   67  1
       a =  1.250      CL =  0.5384
      Cm = -0.0851     CD =  0.01271   =>   CDf =  0.00767    CDp =  0.00503

 Side 1  free  transition at x/c =  0.6985   67
 Side 2 forced transition at x/c =  1.0000   80

   4   rms: 0.1062E-05   max: -.7905E-05   C at   80  2
       a =  1.250      CL =  0.5384
      Cm = -0.0851     CD =  0.01271   =>   CDf =  0.00767    CDp =  0.00503
      5.000    4.3136   0.012706   0.004824   0.005307   0.000483    0.6985     #

 Point added to stored polar  1
 Point written to save file  clarky_re120000_realistic_model_reverse.polar   
 Dump file unspecified or not available
 Calculating wake trajectory ...
 Calculating source influence matrix ...

 Solving BL system ...

 Side 1  free  transition at x/c =  0.6985   67
 Side 2 forced transition at x/c =  1.0000   80

   1   rms: 0.3885E-01   max: 0.6989E-01   C at   80  2
       a =  1.000      CL =  0.5148
      Cm = -0.0861     CD =  0.01260   =>   CDf =  0.00767    CDp =  0.00493

 Side 1  free  transition at x/c =  0.7107   68
 Side 2 forced transition at x/c =  1.0000   80

   2   rms: 0.1413E-02   max: 0.1704E-01   D at   69  1
       a =  1.000      CL =  0.5138
      Cm = -0.0859     CD =  0.01262   =>   CDf =  0.00757    CDp =  0.00505

 Side 1  free  transition at x/c =  0.7102   68
 Side 2 forced transition at x/c =  1.0000   80

   3   rms: 0.3285E-04   max: 0.2857E-03   C at   68  1
       a =  1.000      CL =  0.5138
      Cm = -0.0859     CD =  0.01262   =>   CDf =  0.00757    CDp =  0.00505
      5.000    4.3631   0.012623   0.004788   0.005318   0.000530    0.7102     #

 Point added to stored polar  1
 Point written to save file  clarky_re120000_realistic_model_reverse.polar   
 Dump file unspecified or not available
 Calculating wake trajectory ...
 Calculating source influence matrix ...

 Solving BL system ...

 Side 1  free  transition at x/c =  0.7102   68
 Side 2 forced transition at x/c =  1.0000   80

   1   rms: 0.4038E-01   max: 0.5125E-01   C at   80  2
       a =  0.750      CL =  0.4880
      Cm = -0.0866     CD =  0.01257   =>   CDf =  0.00764    CDp =  0.00493

 Side 1  free  transition at x/c =  0.7198   67
 Side 2 forced transition at x/c =  1.0000   81

   2   rms: 0.5564E-02   max: -.5516E-01   D at   68  1
       a =  0.750      CL =  0.4899
      Cm = -0.0868     CD =  0.01253   =>   CDf =  0.00751    CDp =  0.00502

 Side 1  free  transition at x/c =  0.7223   67
 Side 2 forced transition at x/c =  1.0000   81

   3   rms: 0.1842E-03   max: 0.1378E-02   D at   68  1
       a =  0.750      CL =  0.4898
      Cm = -0.0868     CD =  0.01254   =>   CDf =  0.00749    CDp =  0.00506

 Side 1  free  transition at x/c =  0.7222   67
 Side 2 forced transition at x/c =  1.0000   81

   4   rms: 0.6842E-06   max: -.3741E-05   C at   67  1
       a =  0.750      CL =  0.4898
      Cm = -0.0868     CD =  0.01254   =>   CDf =  0.00749    CDp =  0.00505
      5.000    4.4052   0.012541   0.004757   0.005323   0.000566    0.7222     #

 Point added to stored polar  1
 Point written to save file  clarky_re120000_realistic_model_reverse.polar   
 Dump file unspecified or not available
 Calculating wake trajectory ...
 Calculating source influence matrix ...

 Solving BL system ...

 Side 1  free  transition at x/c =  0.7222   67
 Side 2 forced transition at x/c =  1.0000   81

   1   rms: 0.3750E-01   max: 0.8407E-01   C at   81  2
       a =  0.500      CL =  0.4679
      Cm = -0.0879     CD =  0.01241   =>   CDf =  0.00748    CDp =  0.00492

 Side 1  free  transition at x/c =  0.7361   68
 Side 2 forced transition at x/c =  1.0000   81

   2   rms: 0.1063E-01   max: 0.1007E+00   C at   68  1
       a =  0.500      CL =  0.4655
      Cm = -0.0876     CD =  0.01246   =>   CDf =  0.00731    CDp =  0.00516

 Side 1  free  transition at x/c =  0.7326   68
 Side 2 forced transition at x/c =  1.0000   81

   3   rms: 0.1369E-02   max: -.7816E-02   C at   81  2
       a =  0.500      CL =  0.4643
      Cm = -0.0874     CD =  0.01249   =>   CDf =  0.00735    CDp =  0.00515

 Side 1  free  transition at x/c =  0.7321   68
 Side 2 forced transition at x/c =  1.0000   81

   4   rms: 0.1056E-04   max: -.9877E-04   D at   69  1
       a =  0.500      CL =  0.4643
      Cm = -0.0874     CD =  0.01249   =>   CDf =  0.00735    CDp =  0.00514
      5.000    4.4521   0.012495   0.004719   0.005336   0.000617    0.7321     #

 Point added to stored polar  1
 Point written to save file  clarky_re120000_realistic_model_reverse.polar   
 Dump file unspecified or not available
 Calculating wake trajectory ...
 Calculating source influence matrix ...

 Solving BL system ...

 Side 1  free  transition at x/c =  0.7321   68
 Side 2 forced transition at x/c =  1.0000   81

   1   rms: 0.3952E-01   max: 0.5953E-01   C at   81  2
       a =  0.250      CL =  0.4394
      Cm = -0.0882     CD =  0.01244   =>   CDf =  0.00735    CDp =  0.00509

 Side 1  free  transition at x/c =  0.7418   68
 Side 2 forced transition at x/c =  1.0000   81

   2   rms: 0.4979E-02   max: -.4909E-01   D at   69  1
       a =  0.250      CL =  0.4415
      Cm = -0.0884     CD =  0.01240   =>   CDf =  0.00729    CDp =  0.00511

 Side 1  free  transition at x/c =  0.7440   69
 Side 2 forced transition at x/c =  1.0000   81

   3   rms: 0.9679E-03   max: -.1133E-01   D at   68  1
       a =  0.250      CL =  0.4411
      Cm = -0.0884     CD =  0.01241   =>   CDf =  0.00727    CDp =  0.00514

 Side 1  free  transition at x/c =  0.7438   69
 Side 2 forced transition at x/c =  1.0000   81

   4   rms: 0.2987E-04   max: 0.2721E-03   C at   69  1
       a =  0.250      CL =  0.4411
      Cm = -0.0884     CD =  0.01241   =>   CDf =  0.00726    CDp =  0.00515
      5.000    4.4704   0.012413   0.004695   0.005320   0.000625    0.7438     #

 Point added to stored polar  1
 Point written to save file  clarky_re120000_realistic_model_reverse.polar   
 Dump file unspecified or not available
 Calculating wake trajectory ...
 Calculating source influence matrix ...

 Solving BL system ...

 Side 1  free  transition at x/c =  0.7437   69
 Side 2 forced transition at x/c =  1.0000   81

   1   rms: 0.4202E-01   max: 0.4240E-01   n at   80  2
       a =  0.000      CL =  0.4138
      Cm = -0.0888     CD =  0.01241   =>   CDf =  0.00726    CDp =  0.00515

 Side 1  free  transition at x/c =  0.7519   69
 Side 2 forced transition at x/c =  1.0000   81

   2   rms: 0.4165E-02   max: -.3721E-01   D at   70  1
       a =  0.000      CL =  0.4153
      Cm = -0.0890     CD =  0.01240   =>   CDf =  0.00712    CDp =  0.00527

 Side 1  free  transition at x/c =  0.7534   69
 Side 2 forced transition at x/c =  1.0000   81

   3   rms: 0.1463E-03   max: 0.8923E-03   C at   69  1
       a =  0.000      CL =  0.4152
      Cm = -0.0890     CD =  0.01240   =>   CDf =  0.00710    CDp =  0.00530

 Side 1  free  transition at x/c =  0.7533   69
 Side 2 forced transition at x/c =  1.0000   81

   4   rms: 0.8435E-06   max: -.4360E-05   C at   81  2
       a =  0.000      CL =  0.4152
      Cm = -0.0890     CD =  0.01240   =>   CDf =  0.00711    CDp =  0.00530
      5.000    4.5230   0.012402   0.004656   0.005346   0.000691    0.7533     #

 Point added to stored polar  1
 Point written to save file  clarky_re120000_realistic_model_reverse.polar   
 Dump file unspecified or not available
 Calculating wake trajectory ...
 Calculating source influence matrix ...

 Solving BL system ...

 Side 1  free  transition at x/c =  0.7533   69
 Side 2 forced transition at x/c =  1.0000   81

   1   rms: 0.3928E-01   max: 0.6630E-01   C at   81  2
       a = -0.250      CL =  0.3914
      Cm = -0.0898     CD =  0.01235   =>   CDf =  0.00714    CDp =  0.00521

 Side 1  free  transition at x/c =  0.7634   69
 Side 2 forced transition at x/c =  1.0000   82

   2   rms: 0.4067E-02   max: -.3761E-01   C at   69  1
       a = -0.250      CL =  0.3917
      Cm = -0.0898     CD =  0.01235   =>   CDf =  0.00701    CDp =  0.00534

 Side 1  free  transition at x/c =  0.7645   69
 Side 2 forced transition at x/c =  1.0000   82

   3   rms: 0.3984E-03   max: -.3636E-02   D at    4  2
       a = -0.250      CL =  0.3916
      Cm = -0.0898     CD =  0.01235   =>   CDf =  0.00698    CDp =  0.00537

 Side 1  free  transition at x/c =  0.7644   69
 Side 2 forced transition at x/c =  1.0000   82

   4   rms: 0.1285E-05   max: -.5623E-05   C at   82  2
       a = -0.250      CL =  0.3916
      Cm = -0.0898     CD =  0.01235   =>   CDf =  0.00698    CDp =  0.00537
      5.000    4.5524   0.012353   0.004630   0.005334   0.000704    0.7644     #

 Point added to stored polar  1
 Point written to save file  clarky_re120000_realistic_model_reverse.polar   
 Dump file unspecified or not available
 Calculating wake trajectory ...
 Calculating source influence matrix ...

 Solving BL system ...

 Side 1  free  transition at x/c =  0.7644   69
 Side 2 forced transition at x/c =  1.0000   82

   1   rms: 0.4286E-01   max: 0.6900E-01   n at   81  2
       a = -0.500      CL =  0.3648
      Cm = -0.0903     CD =  0.01238   =>   CDf =  0.00698    CDp =  0.00540

 Side 1  free  transition at x/c =  0.7734   69
 Side 2  free  transition at x/c =  0.9306   78

   2   rms: 0.6419E-01   max: -.4650E+00   D at   82  2
       a = -0.500      CL =  0.3185
      Cm = -0.0810     CD =  0.01229   =>   CDf =  0.00685    CDp =  0.00544

 Side 1  free  transition at x/c =  0.7740   68
 Side 2  free  transition at x/c =  0.9465   80

   3   rms: 0.2151E-01   max: 0.2228E+00   C at   80  2
       a = -0.500      CL =  0.3292
      Cm = -0.0830     CD =  0.01244   =>   CDf =  0.00682    CDp =  0.00562

 Side 1  free  transition at x/c =  0.7740   68
 Side 2  free  transition at x/c =  0.9360   80

   4   rms: 0.1319E-02   max: -.9514E-02   D at   83  2
       a = -0.500      CL =  0.3282
      Cm = -0.0828     CD =  0.01248   =>   CDf =  0.00681    CDp =  0.00567

 Side 1  free  transition at x/c =  0.7740   68
 Side 2  free  transition at x/c =  0.9347   80

   5   rms: 0.2474E-04   max: -.2619E-03   C at   80  2
       a = -0.500      CL =  0.3281
      Cm = -0.0828     CD =  0.01248   =>   CDf =  0.00681    CDp =  0.00567
      5.000    4.6829   0.012480   0.004532   0.005367   0.000835    0.7740     #

 Point added to stored polar  1
 Point written to save file  clarky_re120000_realistic_model_reverse.polar   
 Dump file unspecified or not available
 Calculating wake trajectory ...
 Calculating source influence matrix ...

 Solving BL system ...

 Side 1  free  transition at x/c =  0.7740   68
 Side 2  free  transition at x/c =  0.9347   80

   1   rms: 0.9369E-01   max: 0.5191E+00   C at   80  2
       a = -0.750      CL =  0.2514
      Cm = -0.0735     CD =  0.01269   =>   CDf =  0.00684    CDp =  0.00585

 Side 1  free  transition at x/c =  0.7860   68
 Side 2  free  transition at x/c =  0.7165   69

   2   rms: 0.5096E-01   max: -.6796E+00   C at   69  2   RLX: 0.736
       a = -0.750      CL =  0.2710
      Cm = -0.0784     CD =  0.01267   =>   CDf =  0.00713    CDp =  0.00554

 Side 1  free  transition at x/c =  0.7853   68
 Side 2  free  transition at x/c =  0.7716   72

   3   rms: 0.8396E-02   max: -.5683E-01   C at   72  2
       a = -0.750      CL =  0.2776
      Cm = -0.0795     CD =  0.01268   =>   CDf =  0.00693    CDp =  0.00575

 Side 1  free  transition at x/c =  0.7850   68
 Side 2  free  transition at x/c =  0.7832   72

   4   rms: 0.2053E-03   max: 0.2237E-02   C at   72  2
       a = -0.750      CL =  0.2776
      Cm = -0.0795     CD =  0.01269   =>   CDf =  0.00692    CDp =  0.00577

 Side 1  free  transition at x/c =  0.7850   68
 Side 2  free  transition at x/c =  0.7831   72

   5   rms: 0.1010E-05   max: 0.1330E-04   C at   72  2
       a = -0.750      CL =  0.2776
      Cm = -0.0795     CD =  0.01269   =>   CDf =  0.00692    CDp =  0.00577
      5.000    4.8277   0.012692   0.004453   0.005406   0.000953    0.7850     #

 Point added to stored polar  1
 Point written to save file  clarky_re120000_realistic_model_reverse.polar   
 Dump file unspecified or not available
 Calculating wake trajectory ...
 Calculating source influence matrix ...

 Solving BL system ...

 Side 1  free  transition at x/c =  0.7850   68
 Side 2  free  transition at x/c =  0.7831   72

   1   rms: 0.1076E+00   max: 0.1474E+01   C at   72  2
       a = -1.000      CL =  0.2452
      Cm = -0.0801     CD =  0.01310   =>   CDf =  0.00692    CDp =  0.00618

 Side 1  free  transition at x/c =  0.7937   68
 Side 2  free  transition at x/c =  0.5901   62

   2   rms: 0.2886E-01   max: -.3922E+00   C at   62  2
       a = -1.000      CL =  0.2538
      Cm = -0.0816     CD =  0.01316   =>   CDf =  0.00750    CDp =  0.00566

 Side 1  free  transition at x/c =  0.7963   68
 Side 2  free  transition at x/c =  0.6277   64

   3   rms: 0.5542E-02   max: 0.8225E-01   C at   64  2
       a = -1.000      CL =  0.2532
      Cm = -0.0814     CD =  0.01315   =>   CDf =  0.00734    CDp =  0.00581

 Side 1  free  transition at x/c =  0.7962   68
 Side 2  free  transition at x/c =  0.6219   64

   4   rms: 0.3079E-03   max: -.4862E-02   C at   64  2
       a = -1.000      CL =  0.2533
      Cm = -0.0814     CD =  0.01316   =>   CDf =  0.00737    CDp =  0.00579

 Side 1  free  transition at x/c =  0.7962   68
 Side 2  free  transition at x/c =  0.6221   64

   5   rms: 0.5625E-06   max: -.7034E-05   C at   64  2
       a = -1.000      CL =  0.2533
      Cm = -0.0814     CD =  0.01316   =>   CDf =  0.00737    CDp =  0.00579
      5.000    4.9404   0.013157   0.004415   0.005470   0.001055    0.7962     #

 Point added to stored polar  1
 Point written to save file  clarky_re120000_realistic_model_reverse.polar   
 Dump file unspecified or not available
 Calculating wake trajectory ...
 Calculating source influence matrix ...

 Solving BL system ...

 Side 1  free  transition at x/c =  0.7962   68
 Side 2  free  transition at x/c =  0.6222   64

   1   rms: 0.1202E+00   max: 0.1843E+01   C at   64  2   RLX: 0.814
       a = -1.250      CL =  0.2376
      Cm = -0.0833     CD =  0.01353   =>   CDf =  0.00737    CDp =  0.00616

 Side 1  free  transition at x/c =  0.8075   69
 Side 2  free  transition at x/c =  0.5039   58

   2   rms: 0.2005E-01   max: 0.2018E+00   C at   58  2
       a = -1.250      CL =  0.2299
      Cm = -0.0829     CD =  0.01373   =>   CDf =  0.00776    CDp =  0.00596

 Side 1  free  transition at x/c =  0.8067   69
 Side 2  free  transition at x/c =  0.4807   56

   3   rms: 0.1276E-02   max: -.9068E-02   D at   79  1
       a = -1.250      CL =  0.2291
      Cm = -0.0827     CD =  0.01375   =>   CDf =  0.00784    CDp =  0.00591

 Side 1  free  transition at x/c =  0.8064   69
 Side 2  free  transition at x/c =  0.4805   56

   4   rms: 0.2601E-04   max: 0.3643E-03   C at   56  2
       a = -1.250      CL =  0.2291
      Cm = -0.0827     CD =  0.01375   =>   CDf =  0.00784    CDp =  0.00591
      5.000    5.0495   0.013754   0.004378   0.005547   0.001169    0.8064     #

 Point added to stored polar  1
 Point written to save file  clarky_re120000_realistic_model_reverse.polar   
 Dump file unspecified or not available
 Calculating wake trajectory ...
 Calculating source influence matrix ...

 Solving BL system ...

 Side 1  free  transition at x/c =  0.8064   69
 Side 2  free  transition at x/c =  0.4805   56

   1   rms: 0.1094E+00   max: 0.1694E+01   C at   56  2   RLX: 0.886
       a = -1.500      CL =  0.2060
      Cm = -0.0834     CD =  0.01425   =>   CDf =  0.00784    CDp =  0.00641

 Side 1  free  transition at x/c =  0.8139   69
 Side 2  free  transition at x/c =  0.3759   51

   2   rms: 0.1445E-01   max: 0.1370E+00   D at   55  2
       a = -1.500      CL =  0.2061
      Cm = -0.0838     CD =  0.01422   =>   CDf =  0.00827    CDp =  0.00595

 Side 1  free  transition at x/c =  0.8180   69
 Side 2  free  transition at x/c =  0.3783   51

   3   rms: 0.1389E-02   max: 0.2125E-01   C at   51  2
       a = -1.500      CL =  0.2060
      Cm = -0.0838     CD =  0.01424   =>   CDf =  0.00822    CDp =  0.00602

 Side 1  free  transition at x/c =  0.8181   69
 Side 2  free  transition at x/c =  0.3772   51

   4   rms: 0.9815E-05   max: -.1626E-03   D at   55  2
       a = -1.500      CL =  0.2060
      Cm = -0.0838     CD =  0.01424   =>   CDf =  0.00823    CDp =  0.00601
      5.000    5.1276   0.014241   0.004351   0.005562   0.001211    0.8181     #

 Point added to stored polar  1
 Point written to save file  clarky_re120000_realistic_model_reverse.polar   
 Dump file unspecified or not available
 Calculating wake trajectory ...
 Calculating source influence matrix ...

 Solving BL system ...

 Side 1  free  transition at x/c =  0.8181   69
 Side 2  free  transition at x/c =  0.3772   51

   1   rms: 0.8209E-01   max: 0.1295E+01   C at   51  2
       a = -1.750      CL =  0.1877
      Cm = -0.0855     CD =  0.01455   =>   CDf =  0.00828    CDp =  0.00627

 Side 1  free  transition at x/c =  0.8345   69
 Side 2  free  transition at x/c =  0.2976   48

   2   rms: 0.2809E-01   max: 0.2026E+00   C at   69  1
       a = -1.750      CL =  0.1847
      Cm = -0.0853     CD =  0.01461   =>   CDf =  0.00852    CDp =  0.00609

 Side 1  free  transition at x/c =  0.8287   69
 Side 2  free  transition at x/c =  0.2977   48

   3   rms: 0.1221E-01   max: 0.1672E+00   C at   48  2
       a = -1.750      CL =  0.1788
      Cm = -0.0841     CD =  0.01481   =>   CDf =  0.00850    CDp =  0.00632

 Side 1  free  transition at x/c =  0.8259   69
 Side 2  free  transition at x/c =  0.2892   47

   4   rms: 0.1008E-02   max: 0.1172E-01   C at   47  2
       a = -1.750      CL =  0.1783
      Cm = -0.0840     CD =  0.01479   =>   CDf =  0.00854    CDp =  0.00626

 Side 1  free  transition at x/c =  0.8260   69
 Side 2  free  transition at x/c =  0.2883   47

   5   rms: 0.8734E-05   max: -.1169E-03   C at   47  2
       a = -1.750      CL =  0.1783
      Cm = -0.0840     CD =  0.01479   =>   CDf =  0.00854    CDp =  0.00625
      5.000    5.2573   0.014793   0.004311   0.005659   0.001349    0.8260     #

 Point added to stored polar  1
 Point written to save file  clarky_re120000_realistic_model_reverse.polar   
 Dump file unspecified or not available
 Calculating wake trajectory ...
 Calculating source influence matrix ...

 Solving BL system ...

 Side 1  free  transition at x/c =  0.8260   69
 Side 2  free  transition at x/c =  0.2883   47

   1   rms: 0.7921E-01   max: 0.1173E+01   C at   47  2
       a = -2.000      CL =  0.1507
      Cm = -0.0842     CD =  0.01528   =>   CDf =  0.00854    CDp =  0.00674

 Side 1  free  transition at x/c =  0.8333   69
 Side 2  free  transition at x/c =  0.2136   43

   2   rms: 0.1871E-01   max: 0.1917E+00   D at   46  2
       a = -2.000      CL =  0.1538
      Cm = -0.0847     CD =  0.01514   =>   CDf =  0.00884    CDp =  0.00631

 Side 1  free  transition at x/c =  0.8362   69
 Side 2  free  transition at x/c =  0.2181   43

   3   rms: 0.2552E-02   max: 0.4176E-01   C at   43  2
       a = -2.000      CL =  0.1535
      Cm = -0.0846     CD =  0.01518   =>   CDf =  0.00880    CDp =  0.00638

 Side 1  free  transition at x/c =  0.8360   69
 Side 2  free  transition at x/c =  0.2163   43

   4   rms: 0.3658E-04   max: -.6582E-03   D at   46  2
       a = -2.000      CL =  0.1535
      Cm = -0.0846     CD =  0.01518   =>   CDf =  0.00881    CDp =  0.00637
      5.000    5.3023   0.015176   0.004286   0.005660   0.001374    0.8360     #

 Point added to stored polar  1
 Point written to save file  clarky_re120000_realistic_model_reverse.polar   
 Dump file unspecified or not available
 Calculating wake trajectory ...
 Calculating source influence matrix ...

 Solving BL system ...

 Side 1  free  transition at x/c =  0.8360   69
 Side 2  free  transition at x/c =  0.2163   43

   1   rms: 0.6536E-01   max: 0.9738E+00   C at   43  2
       a = -2.250      CL =  0.1330
      Cm = -0.0859     CD =  0.01541   =>   CDf =  0.00880    CDp =  0.00661

 Side 1  free  transition at x/c =  0.8490   70
 Side 2  free  transition at x/c =  0.1712   40

   2   rms: 0.2117E-01   max: 0.1493E+00   D at   71  1
       a = -2.250      CL =  0.1279
      Cm = -0.0851     CD =  0.01551   =>   CDf =  0.00896    CDp =  0.00656

 Side 1  free  transition at x/c =  0.8438   70
 Side 2  free  transition at x/c =  0.1640   39

   3   rms: 0.3563E-02   max: -.2498E-01   D at   78  1
       a = -2.250      CL =  0.1251
      Cm = -0.0845     CD =  0.01560   =>   CDf =  0.00899    CDp =  0.00661

 Side 1  free  transition at x/c =  0.8427   70
 Side 2  free  transition at x/c =  0.1620   39

   4   rms: 0.1099E-03   max: -.9104E-03   D at   71  1
       a = -2.250      CL =  0.1251
      Cm = -0.0845     CD =  0.01560   =>   CDf =  0.00900    CDp =  0.00660

 Side 1  free  transition at x/c =  0.8427   70
 Side 2  free  transition at x/c =  0.1620   39

   5   rms: 0.6470E-06   max: 0.1044E-04   C at   39  2
       a = -2.250      CL =  0.1251
      Cm = -0.0845     CD =  0.01560   =>   CDf =  0.00900    CDp =  0.00660
      5.000    5.3758   0.015600   0.004253   0.005705   0.001452    0.8427     #

 Point added to stored polar  1
 Point written to save file  clarky_re120000_realistic_model_reverse.polar   
 Dump file unspecified or not available
 Calculating wake trajectory ...
 Calculating source influence matrix ...

 Solving BL system ...

 Side 1  free  transition at x/c =  0.8427   70
 Side 2  free  transition at x/c =  0.1620   39

   1   rms: 0.6456E-01   max: 0.8544E+00   C at   39  2
       a = -2.500      CL =  0.0952
      Cm = -0.0843     CD =  0.01600   =>   CDf =  0.00903    CDp =  0.00697

 Side 1  free  transition at x/c =  0.8485   69
 Side 2  free  transition at x/c =  0.1256   37

   2   rms: 0.1395E-01   max: -.2202E+00   D at   38  2
       a = -2.500      CL =  0.0971
      Cm = -0.0845     CD =  0.01603   =>   CDf =  0.00916    CDp =  0.00687

 Side 1  free  transition at x/c =  0.8498   69
 Side 2  free  transition at x/c =  0.1248   37

   3   rms: 0.2391E-02   max: 0.3413E-01   C at   37  2
       a = -2.500      CL =  0.0971
      Cm = -0.0845     CD =  0.01604   =>   CDf =  0.00915    CDp =  0.00689

 Side 1  free  transition at x/c =  0.8497   69
 Side 2  free  transition at x/c =  0.1240   37

   4   rms: 0.1370E-04   max: -.1883E-03   D at   37  2
       a = -2.500      CL =  0.0971
      Cm = -0.0845     CD =  0.01604   =>   CDf =  0.00915    CDp =  0.00689
      5.000    5.4370   0.016038   0.004223   0.005723   0.001500    0.8497     #

 Point added to stored polar  1
 Point written to save file  clarky_re120000_realistic_model_reverse.polar   
 Dump file unspecified or not available
 Calculating wake trajectory ...
 Calculating source influence matrix ...

 Solving BL system ...

 Side 1  free  transition at x/c =  0.8497   69
 Side 2  free  transition at x/c =  0.1240   37

   1   rms: 0.5755E-01   max: 0.6387E+00   C at   37  2
       a = -2.750      CL =  0.0710
      Cm = -0.0849     CD =  0.01640   =>   CDf =  0.00915    CDp =  0.00725

 Side 1  free  transition at x/c =  0.8576   70
 Side 2  free  transition at x/c =  0.1017   35

   2   rms: 0.2057E-01   max: -.3383E+00   D at   36  2
       a = -2.750      CL =  0.0719
      Cm = -0.0850     CD =  0.01637   =>   CDf =  0.00923    CDp =  0.00714

 Side 1  free  transition at x/c =  0.8583   70
 Side 2  free  transition at x/c =  0.1014   35

   3   rms: 0.3544E-02   max: 0.4765E-01   C at   35  2
       a = -2.750      CL =  0.0721
      Cm = -0.0850     CD =  0.01642   =>   CDf =  0.00925    CDp =  0.00718

 Side 1  free  transition at x/c =  0.8583   70
 Side 2  free  transition at x/c =  0.1006   35

   4   rms: 0.5204E-04   max: -.8020E-03   D at   35  2
       a = -2.750      CL =  0.0721
      Cm = -0.0850     CD =  0.01642   =>   CDf =  0.00926    CDp =  0.00717
      5.000    5.4257   0.016424   0.004205   0.005701   0.001496    0.8583     #

 Point added to stored polar  1
 Point written to save file  clarky_re120000_realistic_model_reverse.polar   
 Dump file unspecified or not available
 Calculating wake trajectory ...
 Calculating source influence matrix ...

 Solving BL system ...

 Side 1  free  transition at x/c =  0.8583   70
 Side 2  free  transition at x/c =  0.1006   35

   1   rms: 0.6428E-01   max: 0.5737E+00   C at   35  2
       a = -3.000      CL =  0.0407
      Cm = -0.0845     CD =  0.01700   =>   CDf =  0.00925    CDp =  0.00774

 Side 1  free  transition at x/c =  0.8628   70
 Side 2  free  transition at x/c =  0.0870   33

   2   rms: 0.2019E-01   max: -.2826E+00   D at   34  2
       a = -3.000      CL =  0.0414
      Cm = -0.0846     CD =  0.01691   =>   CDf =  0.00926    CDp =  0.00765

 Side 1  free  transition at x/c =  0.8637   70
 Side 2  free  transition at x/c =  0.0860   33

   3   rms: 0.1893E-02   max: 0.2695E-01   D at   34  2
       a = -3.000      CL =  0.0415
      Cm = -0.0846     CD =  0.01696   =>   CDf =  0.00929    CDp =  0.00766

 Side 1  free  transition at x/c =  0.8636   70
 Side 2  free  transition at x/c =  0.0857   33

   4   rms: 0.1353E-04   max: -.1944E-03   D at   36  2
       a = -3.000      CL =  0.0415
      Cm = -0.0846     CD =  0.01696   =>   CDf =  0.00930    CDp =  0.00766
      5.000    5.5374   0.016958   0.004170   0.005752   0.001583    0.8636     #

 Point added to stored polar  1
 Point written to save file  clarky_re120000_realistic_model_reverse.polar   
 Dump file unspecified or not available
 Calculating wake trajectory ...
 Calculating source influence matrix ...

 Solving BL system ...

 Side 1  free  transition at x/c =  0.8636   70
 Side 2  free  transition at x/c =  0.0857   33

   1   rms: 0.5378E-01   max: 0.2928E+00   T at   33  2
       a = -3.250      CL =  0.0120
      Cm = -0.0844     CD =  0.01746   =>   CDf =  0.00925    CDp =  0.00820

 Side 1  free  transition at x/c =  0.8697   69
 Side 2  free  transition at x/c =  0.0760   33

   2   rms: 0.1820E-01   max: -.2300E+00   D at   33  2
       a = -3.250      CL =  0.0144
      Cm = -0.0848     CD =  0.01739   =>   CDf =  0.00931    CDp =  0.00808

 Side 1  free  transition at x/c =  0.8713   69
 Side 2  free  transition at x/c =  0.0769   33

   3   rms: 0.2297E-02   max: 0.2253E-01   D at   34  2
       a = -3.250      CL =  0.0145
      Cm = -0.0848     CD =  0.01740   =>   CDf =  0.00930    CDp =  0.00810

 Side 1  free  transition at x/c =  0.8713   69
 Side 2  free  transition at x/c =  0.0767   33

   4   rms: 0.1508E-04   max: -.2569E-03   D at   36  2
       a = -3.250      CL =  0.0145
      Cm = -0.0848     CD =  0.01740   =>   CDf =  0.00931    CDp =  0.00810
      5.000    5.5631   0.017403   0.004145   0.005781   0.001636    0.8713     #

 Point added to stored polar  1
 Point written to save file  clarky_re120000_realistic_model_reverse.polar   
 Dump file unspecified or not available
 Calculating wake trajectory ...
 Calculating source influence matrix ...

 Solving BL system ...

 Side 1  free  transition at x/c =  0.8713   69
 Side 2  free  transition at x/c =  0.0767   33

   1   rms: 0.4641E-01   max: 0.2645E+00   T at   33  2
       a = -3.500      CL = -0.0087
      Cm = -0.0857     CD =  0.01777   =>   CDf =  0.00930    CDp =  0.00847

 Side 1  free  transition at x/c =  0.8812   70
 Side 2  free  transition at x/c =  0.0715   32

   2   rms: 0.1174E-01   max: -.1149E+00   D at   32  2
       a = -3.500      CL = -0.0125
      Cm = -0.0850     CD =  0.01783   =>   CDf =  0.00931    CDp =  0.00853

 Side 1  free  transition at x/c =  0.8785   70
 Side 2  free  transition at x/c =  0.0705   32

   3   rms: 0.1243E-02   max: -.1185E-01   D at   33  2
       a = -3.500      CL = -0.0129
      Cm = -0.0850     CD =  0.01784   =>   CDf =  0.00930    CDp =  0.00854

 Side 1  free  transition at x/c =  0.8784   70
 Side 2  free  transition at x/c =  0.0706   32

   4   rms: 0.6975E-05   max: 0.9877E-04   D at   33  2
       a = -3.500      CL = -0.0129
      Cm = -0.0850     CD =  0.01784   =>   CDf =  0.00929    CDp =  0.00854
      5.000    5.6244   0.017838   0.004122   0.005784   0.001663    0.8784     #

 Point added to stored polar  1
 Point written to save file  clarky_re120000_realistic_model_reverse.polar   
 Dump file unspecified or not available
 Calculating wake trajectory ...
 Calculating source influence matrix ...

 Solving BL system ...

 Side 1  free  transition at x/c =  0.8784   70
 Side 2  free  transition at x/c =  0.0706   32

   1   rms: 0.5090E-01   max: 0.2298E+00   T at   32  2
       a = -3.750      CL = -0.0449
      Cm = -0.0842     CD =  0.01838   =>   CDf =  0.00922    CDp =  0.00916

 Side 1  free  transition at x/c =  0.8830   69
 Side 2  free  transition at x/c =  0.0669   32

   2   rms: 0.6608E-02   max: 0.6615E-01   D at   33  2
       a = -3.750      CL = -0.0437
      Cm = -0.0845     CD =  0.01839   =>   CDf =  0.00928    CDp =  0.00911

 Side 1  free  transition at x/c =  0.8838   69
 Side 2  free  transition at x/c =  0.0666   32

   3   rms: 0.1513E-02   max: -.1914E-01   D at    4  2
       a = -3.750      CL = -0.0437
      Cm = -0.0845     CD =  0.01840   =>   CDf =  0.00926    CDp =  0.00913

 Side 1  free  transition at x/c =  0.8838   69
 Side 2  free  transition at x/c =  0.0666   32

   4   rms: 0.4874E-05   max: 0.5320E-04   D at    6  2
       a = -3.750      CL = -0.0437
      Cm = -0.0845     CD =  0.01840   =>   CDf =  0.00926    CDp =  0.00913
      5.000    5.7248   0.018396   0.004088   0.005870   0.001782    0.8838     #

 Point added to stored polar  1
 Point written to save file  clarky_re120000_realistic_model_reverse.polar   
 Dump file unspecified or not available
 Calculating wake trajectory ...
 Calculating source influence matrix ...

 Solving BL system ...

 Side 1  free  transition at x/c =  0.8838   69
 Side 2  free  transition at x/c =  0.0666   32

   1   rms: 0.4708E-01   max: 0.1449E+00   T at   32  2
       a = -4.000      CL = -0.0730
      Cm = -0.0843     CD =  0.01895   =>   CDf =  0.00926    CDp =  0.00969

 Side 1  free  transition at x/c =  0.8900   69
 Side 2  free  transition at x/c =  0.0632   32

   2   rms: 0.1447E-01   max: -.1102E+00   D at   33  2
       a = -4.000      CL = -0.0698
      Cm = -0.0848     CD =  0.01887   =>   CDf =  0.00927    CDp =  0.00960

 Side 1  free  transition at x/c =  0.8919   69
 Side 2  free  transition at x/c =  0.0637   32

   3   rms: 0.2809E-03   max: 0.4180E-02   D at   33  2
       a = -4.000      CL = -0.0696
      Cm = -0.0848     CD =  0.01888   =>   CDf =  0.00925    CDp =  0.00963

 Side 1  free  transition at x/c =  0.8919   69
 Side 2  free  transition at x/c =  0.0637   32

   4   rms: 0.2686E-05   max: 0.2559E-04   D at   33  2
       a = -4.000      CL = -0.0696
      Cm = -0.0848     CD =  0.01888   =>   CDf =  0.00925    CDp =  0.00963
      5.000    5.7213   0.018884   0.004068   0.005875   0.001807    0.8919     #

 Point added to stored polar  1
 Point written to save file  clarky_re120000_realistic_model_reverse.polar   
 Dump file unspecified or not available
 Calculating wake trajectory ...
 Calculating source influence matrix ...

 Solving BL system ...

 Side 1  free  transition at x/c =  0.8920   69
 Side 2  free  transition at x/c =  0.0637   32

   1   rms: 0.4001E-01   max: 0.1624E+00   T at   32  2
       a = -4.250      CL = -0.0891
      Cm = -0.0864     CD =  0.01926   =>   CDf =  0.00925    CDp =  0.01001

 Side 1  free  transition at x/c =  0.9046   70
 Side 2  free  transition at x/c =  0.0617   31

   2   rms: 0.2503E-01   max: 0.1728E+00   D at   71  1
       a = -4.250      CL = -0.0984
      Cm = -0.0847     CD =  0.01943   =>   CDf =  0.00926    CDp =  0.01016

 Side 1  free  transition at x/c =  0.8981   70
 Side 2  free  transition at x/c =  0.0608   31

   3   rms: 0.1511E-02   max: -.1172E-01   D at   33  2
       a = -4.250      CL = -0.0995
      Cm = -0.0845     CD =  0.01948   =>   CDf =  0.00921    CDp =  0.01027

 Side 1  free  transition at x/c =  0.8977   70
 Side 2  free  transition at x/c =  0.0608   31

   4   rms: 0.4467E-04   max: -.3149E-03   D at   72  1
       a = -4.250      CL = -0.0994
      Cm = -0.0845     CD =  0.01948   =>   CDf =  0.00921    CDp =  0.01027
      5.000    5.8602   0.019479   0.004039   0.005922   0.001883    0.8977     #

 Point added to stored polar  1
 Point written to save file  clarky_re120000_realistic_model_reverse.polar   
 Dump file unspecified or not available
 Calculating wake trajectory ...
 Calculating source influence matrix ...

 Solving BL system ...

 Side 1  free  transition at x/c =  0.8977   70
 Side 2  free  transition at x/c =  0.0608   31

   1   rms: 0.4911E-01   max: 0.1747E+00   T at   31  2
       a = -4.500      CL = -0.1323
      Cm = -0.0836     CD =  0.02014   =>   CDf =  0.00910    CDp =  0.01104

 Side 1  free  transition at x/c =  0.9021   69
 Side 2  free  transition at x/c =  0.0578   32

   2   rms: 0.1383E-01   max: -.1053E+00   D at   33  2
       a = -4.500      CL = -0.1311
      Cm = -0.0837     CD =  0.02009   =>   CDf =  0.00920    CDp =  0.01089

 Side 1  free  transition at x/c =  0.9028   69
 Side 2  free  transition at x/c =  0.0581   32

   3   rms: 0.1138E-02   max: -.1397E-01   D at    4  2
       a = -4.500      CL = -0.1311
      Cm = -0.0837     CD =  0.02010   =>   CDf =  0.00917    CDp =  0.01093

 Side 1  free  transition at x/c =  0.9028   69
 Side 2  free  transition at x/c =  0.0581   32

   4   rms: 0.3128E-05   max: 0.2010E-04   D at    8  2
       a = -4.500      CL = -0.1311
      Cm = -0.0837     CD =  0.02010   =>   CDf =  0.00918    CDp =  0.01092
      5.000    5.9642   0.020100   0.004005   0.006056   0.002052    0.9028     #

 Point added to stored polar  1
 Point written to save file  clarky_re120000_realistic_model_reverse.polar   
 Dump file unspecified or not available
 Calculating wake trajectory ...
 Calculating source influence matrix ...

 Solving BL system ...

 Side 1  free  transition at x/c =  0.9028   69
 Side 2  free  transition at x/c =  0.0581   32

   1   rms: 0.4691E-01   max: 0.1844E+00   T at   32  2
       a = -4.750      CL = -0.1611
      Cm = -0.0832     CD =  0.02073   =>   CDf =  0.00917    CDp =  0.01155

 Side 1  free  transition at x/c =  0.9086   69
 Side 2  free  transition at x/c =  0.0567   31

   2   rms: 0.1177E-01   max: 0.1283E+00   D at   33  2
       a = -4.750      CL = -0.1579
      Cm = -0.0839     CD =  0.02078   =>   CDf =  0.00916    CDp =  0.01162

 Side 1  free  transition at x/c =  0.9105   69
 Side 2  free  transition at x/c =  0.0565   31

   3   rms: 0.1082E-02   max: 0.1238E-01   D at   33  2
       a = -4.750      CL = -0.1577
      Cm = -0.0839     CD =  0.02078   =>   CDf =  0.00913    CDp =  0.01164

 Side 1  free  transition at x/c =  0.9106   69
 Side 2  free  transition at x/c =  0.0565   31

   4   rms: 0.1265E-04   max: 0.1357E-03   D at   33  2
       a = -4.750      CL = -0.1577
      Cm = -0.0839     CD =  0.02078   =>   CDf =  0.00913    CDp =  0.01164
      5.000    5.9608   0.020776   0.003984   0.006055   0.002071    0.9106     #

 Point added to stored polar  1
 Point written to save file  clarky_re120000_realistic_model_reverse.polar   
 Dump file unspecified or not available
 Calculating wake trajectory ...
 Calculating source influence matrix ...

 Solving BL system ...

 Side 1  free  transition at x/c =  0.9106   69
 Side 2  free  transition at x/c =  0.0565   31

   1   rms: 0.4115E-01   max: 0.9477E-01   D at   37  2
       a = -5.000      CL = -0.1772
      Cm = -0.0856     CD =  0.02140   =>   CDf =  0.00913    CDp =  0.01227

 Side 1  free  transition at x/c =  0.9230   70
 Side 2  free  transition at x/c =  0.0551   31

   2   rms: 0.2480E-01   max: 0.1870E+00   D at   72  1
       a = -5.000      CL = -0.1877
      Cm = -0.0835     CD =  0.02157   =>   CDf =  0.00903    CDp =  0.01254

 Side 1  free  transition at x/c =  0.9162   70
 Side 2  free  transition at x/c =  0.0549   31

   3   rms: 0.8647E-03   max: -.1051E-01   D at   70  1
       a = -5.000      CL = -0.1882
      Cm = -0.0834     CD =  0.02162   =>   CDf =  0.00901    CDp =  0.01261

 Side 1  free  transition at x/c =  0.9159   70
 Side 2  free  transition at x/c =  0.0549   31

   4   rms: 0.2588E-04   max: -.1793E-03   D at   71  1
       a = -5.000      CL = -0.1882
      Cm = -0.0834     CD =  0.02162   =>   CDf =  0.00901    CDp =  0.01261
      5.000    6.1525   0.021619   0.003954   0.006177   0.002223    0.9159     #

 Point added to stored polar  1
 Point written to save file  clarky_re120000_realistic_model_reverse.polar   
 Dump file unspecified or not available
 Calculating wake trajectory ...
 Calculating source influence matrix ...

 Solving BL system ...

 Side 1  free  transition at x/c =  0.9159   70
 Side 2  free  transition at x/c =  0.0549   31

   1   rms: 0.5114E-01   max: 0.1099E+00   T at   31  2
       a = -5.250      CL = -0.2221
      Cm = -0.0822     CD =  0.02258   =>   CDf =  0.00889    CDp =  0.01369

 Side 1  free  transition at x/c =  0.9198   69
 Side 2  free  transition at x/c =  0.0533   32

   2   rms: 0.1049E-01   max: -.5399E-01   D at   34  2
       a = -5.250      CL = -0.2214
      Cm = -0.0822     CD =  0.02251   =>   CDf =  0.00890    CDp =  0.01361

 Side 1  free  transition at x/c =  0.9203   69
 Side 2  free  transition at x/c =  0.0534   32

   3   rms: 0.8992E-03   max: -.9557E-02   D at    4  2
       a = -5.250      CL = -0.2214
      Cm = -0.0823     CD =  0.02252   =>   CDf =  0.00891    CDp =  0.01361

 Side 1  free  transition at x/c =  0.9203   69
 Side 2  free  transition at x/c =  0.0534   32

   4   rms: 0.2354E-05   max: 0.1007E-04   D at   48  2
       a = -5.250      CL = -0.2214
      Cm = -0.0823     CD =  0.02252   =>   CDf =  0.00891    CDp =  0.01361
      5.000    6.2755   0.022521   0.003917   0.006339   0.002422    0.9203     #

 Point added to stored polar  1
 Point written to save file  clarky_re120000_realistic_model_reverse.polar   
 Dump file unspecified or not available
 Calculating wake trajectory ...
 Calculating source influence matrix ...

 Solving BL system ...

 Side 1  free  transition at x/c =  0.9203   69
 Side 2  free  transition at x/c =  0.0534   32

   1   rms: 0.4775E-01   max: 0.1506E+00   T at   32  2
       a = -5.500      CL = -0.2533
      Cm = -0.0813     CD =  0.02338   =>   CDf =  0.00891    CDp =  0.01446

 Side 1  free  transition at x/c =  0.9252   69
 Side 2  free  transition at x/c =  0.0519   31

   2   rms: 0.9120E-02   max: -.3787E-01   D at   31  2
       a = -5.500      CL = -0.2508
      Cm = -0.0817     CD =  0.02335   =>   CDf =  0.00886    CDp =  0.01449

 Side 1  free  transition at x/c =  0.9266   69
 Side 2  free  transition at x/c =  0.0520   31

   3   rms: 0.2702E-03   max: 0.2205E-02   D at   34  2
       a = -5.500      CL = -0.2507
      Cm = -0.0817     CD =  0.02337   =>   CDf =  0.00888    CDp =  0.01449

 Side 1  free  transition at x/c =  0.9266   69
 Side 2  free  transition at x/c =  0.0520   31

   4   rms: 0.3560E-05   max: 0.2605E-04   D at   34  2
       a = -5.500      CL = -0.2507
      Cm = -0.0817     CD =  0.02337   =>   CDf =  0.00888    CDp =  0.01449
      5.000    6.3120   0.023368   0.003890   0.006480   0.002590    0.9266     #

 Point added to stored polar  1
 Point written to save file  clarky_re120000_realistic_model_reverse.polar   
 Dump file unspecified or not available
 Calculating wake trajectory ...
 Calculating source influence matrix ...

 Solving BL system ...

 Side 1  free  transition at x/c =  0.9266   69
 Side 2  free  transition at x/c =  0.0520   31

   1   rms: 0.5057E-01   max: 0.1769E+00   T at   31  2
       a = -5.750      CL = -0.2761
      Cm = -0.0822     CD =  0.02446   =>   CDf =  0.00874    CDp =  0.01572

 Side 1  free  transition at x/c =  0.9347   69
 Side 2  free  transition at x/c =  0.0503   32

   2   rms: 0.1165E-01   max: 0.5990E-01   D at   71  1
       a = -5.750      CL = -0.2782
      Cm = -0.0817     CD =  0.02445   =>   CDf =  0.00854    CDp =  0.01591

 Side 1  free  transition at x/c =  0.9332   69
 Side 2  free  transition at x/c =  0.0503   32

   3   rms: 0.8459E-03   max: -.1077E-01   D at    4  2
       a = -5.750      CL = -0.2783
      Cm = -0.0817     CD =  0.02446   =>   CDf =  0.00859    CDp =  0.01588

 Side 1  free  transition at x/c =  0.9332   69
 Side 2  free  transition at x/c =  0.0503   32

   4   rms: 0.4859E-05   max: 0.2861E-04   D at   35  2
       a = -5.750      CL = -0.2783
      Cm = -0.0817     CD =  0.02446   =>   CDf =  0.00859    CDp =  0.01588
      5.000    6.5066   0.024464   0.003869   0.006517   0.002647    0.9332     #

 Point added to stored polar  1
 Point written to save file  clarky_re120000_realistic_model_reverse.polar   
 Dump file unspecified or not available
 Calculating wake trajectory ...
 Calculating source influence matrix ...

 Solving BL system ...

 Side 1  free  transition at x/c =  0.9332   69
 Side 2  free  transition at x/c =  0.0503   32

   1   rms: 0.5340E-01   max: 0.1478E+00   T at   32  2
       a = -6.000      CL = -0.3131
      Cm = -0.0800     CD =  0.02574   =>   CDf =  0.00859    CDp =  0.01715

 Side 1  free  transition at x/c =  0.9364   69
 Side 2  free  transition at x/c =  0.0491   32

   2   rms: 0.2044E-02   max: 0.2377E-01   D at   32  2
       a = -6.000      CL = -0.3122
      Cm = -0.0801     CD =  0.02577   =>   CDf =  0.00835    CDp =  0.01742

 Side 1  free  transition at x/c =  0.9369   69
 Side 2  free  transition at x/c =  0.0491   32

   3   rms: 0.6765E-04   max: 0.4395E-03   D at   35  2
       a = -6.000      CL = -0.3123
      Cm = -0.0801     CD =  0.02577   =>   CDf =  0.00836    CDp =  0.01741
      5.000    6.6483   0.025770   0.003831   0.006849   0.003018    0.9369     #

 Point added to stored polar  1
 Point written to save file  clarky_re120000_realistic_model_reverse.polar   
 Dump file unspecified or not available

.OPERva   c>  
 Polar accumulation disabled

.OPERv   c>  
 XFOIL   c>  
--- STDERR ---
