
 ===================================================
  XFOIL Version 6.99
  Copyright (C) 2000   Mark Drela, Harold Youngren

  This software comes with ABSOLUTELY NO WARRANTY,
    subject to the GNU General Public License.

  Caveat computor
 ===================================================

 File  xfoil.def  not found

   QUIT    Exit program

  .OPER    Direct operating point(s)
  .MDES    Complex mapping design routine
  .QDES    Surface speed design routine
  .GDES    Geometry design routine

   SAVE f  Write airfoil to labeled coordinate file
   PSAV f  Write airfoil to plain coordinate file
   ISAV f  Write airfoil to ISES coordinate file
   MSAV f  Write airfoil to MSES coordinate file
   REVE    Reverse written-airfoil node ordering
   DELI i  Change written-airfoil file delimiters

   LOAD f  Read buffer airfoil from coordinate file
   NACA i  Set NACA 4,5-digit airfoil and buffer airfoil
   INTE    Set buffer airfoil by interpolating two airfoils
   NORM    Buffer airfoil normalization toggle
   HALF    Halve the number of points in buffer airfoil
   XYCM rr Change CM reference location, currently  0.25000 0.00000

   BEND    Display structural properties of current airfoil

   PCOP    Set current-airfoil panel nodes directly from buffer airfoil points
   PANE    Set current-airfoil panel nodes ( 160 ) based on curvature
  .PPAR    Show/change paneling

  .PLOP    Plotting options

   WDEF f  Write  current-settings file
   RDEF f  Reread current-settings file
   NAME s  Specify new airfoil name
   NINC    Increment name version number

   Z       Zoom    | (available in all menus)
   U       Unzoom  | 

 XFOIL   c>  
 Labeled airfoil file.  Name:  Clark Y generated XFOIL input; source clarky.dat

 Number of input coordinate points: 122
 Counterclockwise ordering
 Max thickness =     0.117071  at x =   0.280
 Max camber    =     0.034331  at x =   0.420

  LE  x,y  =   0.00000   0.00000  |   Chord =   1.00000
  TE  x,y  =   1.00000   0.00000  |

 Current airfoil nodes set from buffer airfoil nodes ( 121 )

 XFOIL   c>  
 Sharp leading edge

 Blunt trailing edge.  Gap =  0.00120

 Paneling parameters used...
   Number of panel nodes       160
   Panel bunching parameter    1.000
   TE/LE panel density ratio   0.150
   Refined-area/LE panel density ratio    0.200
   Top    side refined area x/c limits  1.000 1.000
   Bottom side refined area x/c limits  1.000 1.000

 XFOIL   c>  
.OPERi   c>  
 M  =    0.0000
 Re =  0.4800E+06

.OPERv   c>  
 Xtr/c     =  1.0000    top    side
 Xtr/c     =  1.0000    bottom side
 NcritT    =    9.00   ( 0.070 % turb. level )
 NcritB    =    9.00   ( 0.070 % turb. level )
 Vacc      =  0.0100
 WakeL/c   =   1.000

 Klag  =  5.6000     Uxwt  =    1.00       Kdl =  0.9000
 A     =  6.7000     B     =  0.7500       KCt = 0.01485
 CtiniK=  1.8000     CtiniX=  3.3000

..VPAR   c>  
..VPAR   c>  
.OPERv   c>  
.OPERv   c>  
 Polar  1 newly created for accumulation
 Airfoil archived with polar: Clark Y generated XFOIL input; source clarky.dat

Enter  polar save filename  OR  <return> for no file   s>  
 New polar save file available

Enter  polar dump filename  OR  <return> for no file   s>  
 Polar dump file will NOT be written

 Polar accumulation enabled

.OPERva   c>   Calculating unit vorticity distributions ...
 Calculating wake trajectory ...
 Calculating source influence matrix ...

 Solving BL system ...

 Initializing BL ...
    side            1  ...
 MRCHUE: Inverse mode at  58     Hk =   4.144
 MRCHUE: Inverse mode at  59     Hk =   4.846
 MRCHUE: Inverse mode at  60     Hk =   5.534
 MRCHUE: Inverse mode at  61     Hk =   6.211
 MRCHUE: Inverse mode at  62     Hk =   6.878
 MRCHUE: Inverse mode at  63     Hk =   7.538
 MRCHUE: Inverse mode at  64     Hk =   8.192
 MRCHUE: Inverse mode at  65     Hk =   8.553
 MRCHUE: Inverse mode at  66     Hk =   5.490
 MRCHUE: Inverse mode at  67     Hk =   3.851
 MRCHUE: Inverse mode at  68     Hk =   2.727
 MRCHUE: Inverse mode at  72     Hk =   2.500
    side            2  ...
 MRCHUE: Inverse mode at  23     Hk =   4.116
 MRCHUE: Inverse mode at  24     Hk =   4.882
 MRCHUE: Inverse mode at  25     Hk =   5.624
 MRCHUE: Convergence failed at  26  side 2    Res =  0.4071E+01
 MRCHUE: Inverse mode at  27     Hk =   6.373
 MRCHUE: Convergence failed at  27  side 2    Res =  0.8415E+00
 MRCHUE: Inverse mode at  28     Hk =   6.393
 MRCHUE: Inverse mode at  29     Hk =   7.158
 MRCHUE: Inverse mode at  30     Hk =   7.929
 MRCHUE: Inverse mode at  31     Hk =   8.713
 MRCHUE: Inverse mode at  32     Hk =   5.521
 MRCHUE: Inverse mode at  33     Hk =   3.126
 MRCHUE: Inverse mode at  91     Hk =   2.500

 MRCHDU: Convergence failed at  27  side 2    Res =  0.2506E+01
 MRCHDU: Convergence failed at  28  side 2    Res =  0.9902E+01
 MRCHDU: Convergence failed at  29  side 2    Res =  0.3588E+01
 MRCHDU: Convergence failed at  30  side 2    Res =  0.1819E+01
 MRCHDU: Convergence failed at  31  side 2    Res =  0.1386E+01
 MRCHDU: Convergence failed at  32  side 2    Res =  0.7104E+01
 MRCHDU: Convergence failed at  33  side 2    Res =  0.8198E+01
 MRCHDU: Convergence failed at  34  side 2    Res =  0.1777E+02
 MRCHDU: Convergence failed at  35  side 2    Res =  0.7359E+03
 MRCHDU: Convergence failed at  36  side 2    Res =  0.2462E+04
 MRCHDU: Convergence failed at  37  side 2    Res =  0.8179E+02
 MRCHDU: Convergence failed at  38  side 2    Res =  0.5823E+02
 MRCHDU: Convergence failed at  39  side 2    Res =  0.4132E+02
 MRCHDU: Convergence failed at  40  side 2    Res =  0.1177E+02
 MRCHDU: Convergence failed at  41  side 2    Res =  0.1432E+02
 MRCHDU: Convergence failed at  42  side 2    Res =  0.1586E+02
 MRCHDU: Convergence failed at  43  side 2    Res =  0.1642E+02
 MRCHDU: Convergence failed at  44  side 2    Res =  0.1835E+02
 MRCHDU: Convergence failed at  45  side 2    Res =  0.2019E+02
 MRCHDU: Convergence failed at  46  side 2    Res =  0.3876E+02
 MRCHDU: Convergence failed at  47  side 2    Res =  0.2705E+02
 MRCHDU: Convergence failed at  48  side 2    Res =  0.5435E+02
 MRCHDU: Convergence failed at  49  side 2    Res =  0.3606E+02
 MRCHDU: Convergence failed at  50  side 2    Res =  0.4170E+02
 MRCHDU: Convergence failed at  51  side 2    Res =  0.3715E+02
 MRCHDU: Convergence failed at  52  side 2    Res =  0.4506E+02
 MRCHDU: Convergence failed at  53  side 2    Res =  0.3801E+02
 MRCHDU: Convergence failed at  54  side 2    Res =  0.4303E+02
 MRCHDU: Convergence failed at  55  side 2    Res =  0.3578E+02
 MRCHDU: Convergence failed at  56  side 2    Res =  0.3958E+02
 MRCHDU: Convergence failed at  57  side 2    Res =  0.4354E+02
 MRCHDU: Convergence failed at  58  side 2    Res =  0.4779E+02
 MRCHDU: Convergence failed at  59  side 2    Res =  0.5267E+02
 MRCHDU: Convergence failed at  60  side 2    Res =  0.5854E+02
 MRCHDU: Convergence failed at  61  side 2    Res =  0.6549E+02
 MRCHDU: Convergence failed at  62  side 2    Res =  0.7373E+02
 MRCHDU: Convergence failed at  63  side 2    Res =  0.8376E+02
 MRCHDU: Convergence failed at  64  side 2    Res =  0.9607E+02
 MRCHDU: Convergence failed at  65  side 2    Res =  0.1114E+03
 MRCHDU: Convergence failed at  66  side 2    Res =  0.1315E+03
 MRCHDU: Convergence failed at  67  side 2    Res =  0.1594E+03
 MRCHDU: Convergence failed at  68  side 2    Res =  0.1273E+03
 MRCHDU: Convergence failed at  69  side 2    Res =  0.1065E+03
 MRCHDU: Convergence failed at  70  side 2    Res =  0.9195E+02
 MRCHDU: Convergence failed at  71  side 2    Res =  0.8107E+02
 MRCHDU: Convergence failed at  72  side 2    Res =  0.7266E+02
 MRCHDU: Convergence failed at  73  side 2    Res =  0.6591E+02
 MRCHDU: Convergence failed at  74  side 2    Res =  0.6036E+02
 MRCHDU: Convergence failed at  75  side 2    Res =  0.5571E+02
 MRCHDU: Convergence failed at  76  side 2    Res =  0.5173E+02
 MRCHDU: Convergence failed at  77  side 2    Res =  0.4827E+02
 MRCHDU: Convergence failed at  78  side 2    Res =  0.4521E+02
 MRCHDU: Convergence failed at  79  side 2    Res =  0.3721E+02
 MRCHDU: Convergence failed at  80  side 2    Res =  0.3759E+04
 MRCHDU: Convergence failed at  81  side 2    Res =  0.6111E+03
 MRCHDU: Convergence failed at  82  side 2    Res =  0.4045E+02
 MRCHDU: Convergence failed at  83  side 2    Res =  0.4399E+02
 MRCHDU: Convergence failed at  84  side 2    Res =  0.4851E+02
 MRCHDU: Convergence failed at  85  side 2    Res =  0.5462E+02
 MRCHDU: Convergence failed at  86  side 2    Res =  0.6351E+02
 MRCHDU: Convergence failed at  87  side 2    Res =  0.7805E+02
 MRCHDU: Convergence failed at  88  side 2    Res =  0.1075E+03
 MRCHDU: Convergence failed at  89  side 2    Res =  0.1010E+03
 MRCHDU: Convergence failed at  90  side 2    Res =  0.4807E+03
 MRCHDU: Convergence failed at  91  side 2    Res =  0.1084E+03
 Side 1  free  transition at x/c =  0.8748   65
 Side 2  free  transition at x/c =  0.0506   32

   1   rms: 0.1311E+01   max: -.1328E+01   U at   91  2   RLX: 0.147
       a = -6.000      CL = -2.3280
      Cm =  0.5353     CD =  0.00451   =>   CDf =  0.00193    CDp =  0.00258

 MRCHDU: Convergence failed at  67  side 1    Res =  0.6019E+01
 MRCHDU: Convergence failed at  68  side 1    Res =  0.1199E+02
 MRCHDU: Convergence failed at  72  side 1    Res =  0.2458E+01
 Side 1  free  transition at x/c =  0.8964   67
 Side 2  free  transition at x/c =  0.0523   33

   2   rms: 0.1033E+01   max: 0.5706E+01   C at   33  2   RLX: 0.232
       a = -6.000      CL = -1.6457
      Cm =  0.3081     CD =  0.00410   =>   CDf =  0.01379    CDp = -0.00969

 Side 1  free  transition at x/c =  0.9052   67
 Side 2  free  transition at x/c =  0.0454   31

   3   rms: 0.7258E+00   max: 0.1105E+01   D at   95  2   RLX: 0.330
       a = -6.000      CL = -1.0749
      Cm =  0.1434     CD =  0.00617   =>   CDf =  0.01227    CDp = -0.00610

 Side 1  free  transition at x/c =  0.9185   69
 Side 2  free  transition at x/c =  0.0439   30

   4   rms: 0.5496E+00   max: 0.7362E+00   D at   98  2   RLX: 0.374
       a = -6.000      CL = -0.6499
      Cm =  0.0214     CD =  0.00752   =>   CDf =  0.00993    CDp = -0.00241

 MRCHDU: Convergence failed at  83  side 2    Res =  0.8585E+00
 MRCHDU: Convergence failed at  84  side 2    Res =  0.4174E+00
 MRCHDU: Convergence failed at  85  side 2    Res =  0.4216E+00
 MRCHDU: Convergence failed at  86  side 2    Res =  0.7769E+00
 MRCHDU: Convergence failed at  87  side 2    Res =  0.7324E+00
 MRCHDU: Convergence failed at  88  side 2    Res =  0.1623E+01
 MRCHDU: Convergence failed at  89  side 2    Res =  0.1776E+01
 Side 1  free  transition at x/c =  0.9373   70
 Side 2  free  transition at x/c =  0.0439   30

   5   rms: 0.3873E+00   max: 0.5739E+00   D at   92  2   RLX: 0.720
       a = -6.000      CL = -0.3710
      Cm = -0.0487     CD =  0.01032   =>   CDf =  0.00922    CDp =  0.00110

 MRCHDU: Convergence failed at  32  side 2    Res =  0.5394E+01
 MRCHDU: Convergence failed at  33  side 2    Res =  0.1289E+01
 MRCHDU: Convergence failed at  34  side 2    Res =  0.4575E+02
 MRCHDU: Convergence failed at  35  side 2    Res =  0.2389E+01
 MRCHDU: Convergence failed at  36  side 2    Res =  0.1313E+01
 MRCHDU: Convergence failed at  37  side 2    Res =  0.1228E+01
 MRCHDU: Convergence failed at  38  side 2    Res =  0.1215E+01
 MRCHDU: Convergence failed at  39  side 2    Res =  0.1654E+01
 MRCHDU: Convergence failed at  40  side 2    Res =  0.1997E+01
 MRCHDU: Convergence failed at  41  side 2    Res =  0.2494E+01
 MRCHDU: Convergence failed at  42  side 2    Res =  0.3300E+01
 MRCHDU: Convergence failed at  43  side 2    Res =  0.4774E+01
 MRCHDU: Convergence failed at  44  side 2    Res =  0.8263E+01
 MRCHDU: Convergence failed at  45  side 2    Res =  0.2366E+02
 MRCHDU: Convergence failed at  46  side 2    Res =  0.3931E+02
 MRCHDU: Convergence failed at  47  side 2    Res =  0.1247E+02
 MRCHDU: Convergence failed at  48  side 2    Res =  0.7887E+01
 MRCHDU: Convergence failed at  49  side 2    Res =  0.6320E+01
 MRCHDU: Convergence failed at  50  side 2    Res =  0.5738E+01
 MRCHDU: Convergence failed at  51  side 2    Res =  0.5545E+01
 MRCHDU: Convergence failed at  52  side 2    Res =  0.5840E+01
 MRCHDU: Convergence failed at  53  side 2    Res =  0.6608E+01
 MRCHDU: Convergence failed at  54  side 2    Res =  0.7034E+01
 MRCHDU: Convergence failed at  55  side 2    Res =  0.7581E+01
 MRCHDU: Convergence failed at  56  side 2    Res =  0.8264E+01
 MRCHDU: Convergence failed at  57  side 2    Res =  0.9100E+01
 MRCHDU: Convergence failed at  58  side 2    Res =  0.1012E+02
 MRCHDU: Convergence failed at  59  side 2    Res =  0.1298E+02
 MRCHDU: Convergence failed at  60  side 2    Res =  0.1502E+02
 MRCHDU: Convergence failed at  61  side 2    Res =  0.1769E+02
 MRCHDU: Convergence failed at  62  side 2    Res =  0.2125E+02
 MRCHDU: Convergence failed at  63  side 2    Res =  0.4228E+02
 MRCHDU: Convergence failed at  64  side 2    Res =  0.3559E+03
 MRCHDU: Convergence failed at  65  side 2    Res =  0.4740E+02
 MRCHDU: Convergence failed at  66  side 2    Res =  0.3547E+02
 MRCHDU: Convergence failed at  67  side 2    Res =  0.2863E+02
 MRCHDU: Convergence failed at  68  side 2    Res =  0.2420E+02
 MRCHDU: Convergence failed at  69  side 2    Res =  0.1037E+02
 MRCHDU: Convergence failed at  70  side 2    Res =  0.7379E+01
 MRCHDU: Convergence failed at  71  side 2    Res =  0.7127E+01
 MRCHDU: Convergence failed at  72  side 2    Res =  0.6902E+01
 MRCHDU: Convergence failed at  73  side 2    Res =  0.6082E+01
 MRCHDU: Convergence failed at  74  side 2    Res =  0.4658E+02
 MRCHDU: Convergence failed at  75  side 2    Res =  0.4364E+02
 MRCHDU: Convergence failed at  76  side 2    Res =  0.9955E+01
 MRCHDU: Convergence failed at  77  side 2    Res =  0.9614E+01
 MRCHDU: Convergence failed at  78  side 2    Res =  0.6268E+02
 MRCHDU: Convergence failed at  79  side 2    Res =  0.1382E+02
 MRCHDU: Convergence failed at  80  side 2    Res =  0.1360E+02
 MRCHDU: Convergence failed at  81  side 2    Res =  0.1155E+02
 MRCHDU: Convergence failed at  82  side 2    Res =  0.9582E+01
 MRCHDU: Convergence failed at  83  side 2    Res =  0.4559E+02
 MRCHDU: Convergence failed at  84  side 2    Res =  0.6004E+02
 MRCHDU: Convergence failed at  85  side 2    Res =  0.2868E+02
 MRCHDU: Convergence failed at  86  side 2    Res =  0.2360E+02
 MRCHDU: Convergence failed at  87  side 2    Res =  0.2079E+02
 MRCHDU: Convergence failed at  88  side 2    Res =  0.2472E+02
 MRCHDU: Convergence failed at  89  side 2    Res =  0.9550E+01
 MRCHDU: Convergence failed at  90  side 2    Res =  0.1505E+02
 MRCHDU: Convergence failed at  91  side 2    Res =  0.1181E+02
 Side 1  free  transition at x/c =  0.9321   69
 Side 2  free  transition at x/c =  0.0423   30

   6   rms: 0.9601E+00   max: 0.1805E+01   D at   93  2   RLX: 0.529
       a = -6.000      CL = -0.9098
      Cm =  0.1273     CD =  0.00668   =>   CDf =  0.00240    CDp =  0.00428

 Side 1  free  transition at x/c =  0.9403   70
 Side 2  free  transition at x/c =  0.0417   29

   7   rms: 0.3830E+00   max: 0.5855E+00   T at   91  2   RLX: 0.787
       a = -6.000      CL = -0.3908
      Cm = -0.0478     CD =  0.01103   =>   CDf =  0.00947    CDp =  0.00155

 Side 1  free  transition at x/c =  0.9262   68
 Side 2  free  transition at x/c =  0.0412   30

   8   rms: 0.9926E-01   max: 0.1582E+00   D at   92  2
       a = -6.000      CL = -0.2454
      Cm = -0.0918     CD =  0.01468   =>   CDf =  0.00693    CDp =  0.00775

 Side 1  free  transition at x/c =  0.9262   68
 Side 2  free  transition at x/c =  0.0414   30

   9   rms: 0.2216E-02   max: -.1914E-01   D at   33  2
       a = -6.000      CL = -0.2444
      Cm = -0.0918     CD =  0.01502   =>   CDf =  0.00619    CDp =  0.00883

 Side 1  free  transition at x/c =  0.9263   68
 Side 2  free  transition at x/c =  0.0414   30

  10   rms: 0.1938E-04   max: -.1961E-03   D at   33  2
       a = -6.000      CL = -0.2444
      Cm = -0.0918     CD =  0.01502   =>   CDf =  0.00620    CDp =  0.00883
      9.000    5.5080   0.015023   0.001978   0.002544   0.000567    0.9263     #

 Point added to stored polar  1
 Point written to save file  clarky_re480000_clean.polar                     
 Dump file unspecified or not available
 Calculating wake trajectory ...
 Calculating source influence matrix ...

 Solving BL system ...

 Side 1  free  transition at x/c =  0.9263   68
 Side 2  free  transition at x/c =  0.0414   30

   1   rms: 0.4611E-01   max: -.1115E+00   T at   30  2
       a = -5.750      CL = -0.2196
      Cm = -0.0911     CD =  0.01435   =>   CDf =  0.00632    CDp =  0.00803

 Side 1  free  transition at x/c =  0.9176   69
 Side 2  free  transition at x/c =  0.0420   29

   2   rms: 0.5520E-02   max: -.5739E-01   D at   69  1
       a = -5.750      CL = -0.2182
      Cm = -0.0914     CD =  0.01437   =>   CDf =  0.00630    CDp =  0.00807

 Side 1  free  transition at x/c =  0.9192   69
 Side 2  free  transition at x/c =  0.0420   29

   3   rms: 0.4886E-03   max: 0.4651E-02   D at    4  1
       a = -5.750      CL = -0.2184
      Cm = -0.0913     CD =  0.01437   =>   CDf =  0.00630    CDp =  0.00808

 Side 1  free  transition at x/c =  0.9191   69
 Side 2  free  transition at x/c =  0.0420   29

   4   rms: 0.3561E-05   max: 0.2992E-04   D at   31  2
       a = -5.750      CL = -0.2184
      Cm = -0.0913     CD =  0.01437   =>   CDf =  0.00630    CDp =  0.00808
      9.000    5.4391   0.014374   0.001988   0.002500   0.000511    0.9191     #

 Point added to stored polar  1
 Point written to save file  clarky_re480000_clean.polar                     
 Dump file unspecified or not available
 Calculating wake trajectory ...
 Calculating source influence matrix ...

 Solving BL system ...

 Side 1  free  transition at x/c =  0.9191   69
 Side 2  free  transition at x/c =  0.0420   29

   1   rms: 0.4759E-01   max: -.1238E+00   T at   29  2
       a = -5.500      CL = -0.1916
      Cm = -0.0910     CD =  0.01374   =>   CDf =  0.00630    CDp =  0.00745

 Side 1  free  transition at x/c =  0.9129   68
 Side 2  free  transition at x/c =  0.0428   29

   2   rms: 0.4290E-02   max: 0.4868E-01   D at   29  2
       a = -5.500      CL = -0.1903
      Cm = -0.0912     CD =  0.01385   =>   CDf =  0.00642    CDp =  0.00743

 Side 1  free  transition at x/c =  0.9134   69
 Side 2  free  transition at x/c =  0.0428   29

   3   rms: 0.2326E-02   max: -.3779E-01   D at   68  1
       a = -5.500      CL = -0.1905
      Cm = -0.0912     CD =  0.01385   =>   CDf =  0.00643    CDp =  0.00742

 Side 1  free  transition at x/c =  0.9135   69
 Side 2  free  transition at x/c =  0.0428   29

   4   rms: 0.1849E-03   max: 0.2108E-02   T at   69  1
       a = -5.500      CL = -0.1905
      Cm = -0.0912     CD =  0.01385   =>   CDf =  0.00642    CDp =  0.00743

 Side 1  free  transition at x/c =  0.9134   69
 Side 2  free  transition at x/c =  0.0428   29

   5   rms: 0.1899E-05   max: 0.1250E-04   D at   33  2
       a = -5.500      CL = -0.1905
      Cm = -0.0912     CD =  0.01385   =>   CDf =  0.00642    CDp =  0.00743
      9.000    5.3111   0.013850   0.002001   0.002491   0.000489    0.9134     #

 Point added to stored polar  1
 Point written to save file  clarky_re480000_clean.polar                     
 Dump file unspecified or not available
 Calculating wake trajectory ...
 Calculating source influence matrix ...

 Solving BL system ...

 Side 1  free  transition at x/c =  0.9134   69
 Side 2  free  transition at x/c =  0.0428   29

   1   rms: 0.4680E-01   max: -.2043E+00   T at   29  2
       a = -5.250      CL = -0.1619
      Cm = -0.0911     CD =  0.01343   =>   CDf =  0.00642    CDp =  0.00700

 Side 1  free  transition at x/c =  0.9083   68
 Side 2  free  transition at x/c =  0.0436   30

   2   rms: 0.2040E-01   max: 0.2006E+00   D at   30  2
       a = -5.250      CL = -0.1663
      Cm = -0.0904     CD =  0.01322   =>   CDf =  0.00645    CDp =  0.00677

 Side 1  free  transition at x/c =  0.9044   68
 Side 2  free  transition at x/c =  0.0435   30

   3   rms: 0.1862E-02   max: 0.1270E-01   D at   30  2
       a = -5.250      CL = -0.1661
      Cm = -0.0905     CD =  0.01320   =>   CDf =  0.00645    CDp =  0.00675

 Side 1  free  transition at x/c =  0.9049   68
 Side 2  free  transition at x/c =  0.0435   30

   4   rms: 0.1620E-04   max: -.1657E-03   D at   70  1
       a = -5.250      CL = -0.1661
      Cm = -0.0905     CD =  0.01320   =>   CDf =  0.00645    CDp =  0.00675
      9.000    5.3049   0.013201   0.002007   0.002482   0.000475    0.9049     #

 Point added to stored polar  1
 Point written to save file  clarky_re480000_clean.polar                     
 Dump file unspecified or not available
 Calculating wake trajectory ...
 Calculating source influence matrix ...

 Solving BL system ...

 Side 1  free  transition at x/c =  0.9049   68
 Side 2  free  transition at x/c =  0.0435   30

   1   rms: 0.5054E-01   max: -.2153E+00   T at   30  2
       a = -5.000      CL = -0.1410
      Cm = -0.0899     CD =  0.01250   =>   CDf =  0.00658    CDp =  0.00593

 Side 1  free  transition at x/c =  0.8968   69
 Side 2  free  transition at x/c =  0.0442   29

   2   rms: 0.1012E-01   max: -.5967E-01   D at   69  1
       a = -5.000      CL = -0.1399
      Cm = -0.0900     CD =  0.01263   =>   CDf =  0.00646    CDp =  0.00617

 Side 1  free  transition at x/c =  0.8980   69
 Side 2  free  transition at x/c =  0.0442   29

   3   rms: 0.4614E-03   max: 0.4656E-02   D at    4  1
       a = -5.000      CL = -0.1399
      Cm = -0.0900     CD =  0.01264   =>   CDf =  0.00645    CDp =  0.00618

 Side 1  free  transition at x/c =  0.8979   69
 Side 2  free  transition at x/c =  0.0442   29

   4   rms: 0.2691E-05   max: 0.8383E-05   C at   88  2
       a = -5.000      CL = -0.1399
      Cm = -0.0900     CD =  0.01264   =>   CDf =  0.00646    CDp =  0.00618
      9.000    5.2319   0.012636   0.002018   0.002473   0.000455    0.8979     #

 Point added to stored polar  1
 Point written to save file  clarky_re480000_clean.polar                     
 Dump file unspecified or not available
 Calculating wake trajectory ...
 Calculating source influence matrix ...

 Solving BL system ...

 Side 1  free  transition at x/c =  0.8979   69
 Side 2  free  transition at x/c =  0.0442   29

   1   rms: 0.4728E-01   max: -.1674E+00   T at   29  2
       a = -4.750      CL = -0.1129
      Cm = -0.0898     CD =  0.01214   =>   CDf =  0.00646    CDp =  0.00569

 Side 1  free  transition at x/c =  0.8920   68
 Side 2  free  transition at x/c =  0.0451   29

   2   rms: 0.5373E-02   max: -.4397E-01   C at   68  1
       a = -4.750      CL = -0.1138
      Cm = -0.0896     CD =  0.01220   =>   CDf =  0.00648    CDp =  0.00572

 Side 1  free  transition at x/c =  0.8905   68
 Side 2  free  transition at x/c =  0.0451   29

   3   rms: 0.1323E-03   max: -.1324E-02   D at   69  1
       a = -4.750      CL = -0.1137
      Cm = -0.0896     CD =  0.01220   =>   CDf =  0.00648    CDp =  0.00572

 Side 1  free  transition at x/c =  0.8905   68
 Side 2  free  transition at x/c =  0.0451   29

   4   rms: 0.3950E-06   max: -.2761E-05   D at   74  1
       a = -4.750      CL = -0.1137
      Cm = -0.0896     CD =  0.01220   =>   CDf =  0.00648    CDp =  0.00572
      9.000    5.1898   0.012204   0.002026   0.002469   0.000443    0.8905     #

 Point added to stored polar  1
 Point written to save file  clarky_re480000_clean.polar                     
 Dump file unspecified or not available
 Calculating wake trajectory ...
 Calculating source influence matrix ...

 Solving BL system ...

 Side 1  free  transition at x/c =  0.8905   68
 Side 2  free  transition at x/c =  0.0451   29

   1   rms: 0.4465E-01   max: -.1440E+00   T at   29  2
       a = -4.500      CL = -0.0884
      Cm = -0.0890     CD =  0.01180   =>   CDf =  0.00660    CDp =  0.00520

 Side 1  free  transition at x/c =  0.8804   69
 Side 2  free  transition at x/c =  0.0460   28

   2   rms: 0.6915E-02   max: -.7549E-01   D at   69  1
       a = -4.500      CL = -0.0877
      Cm = -0.0891     CD =  0.01180   =>   CDf =  0.00654    CDp =  0.00526

 Side 1  free  transition at x/c =  0.8823   69
 Side 2  free  transition at x/c =  0.0460   28

   3   rms: 0.5887E-03   max: 0.5880E-02   D at    4  1
       a = -4.500      CL = -0.0878
      Cm = -0.0891     CD =  0.01181   =>   CDf =  0.00652    CDp =  0.00529

 Side 1  free  transition at x/c =  0.8821   69
 Side 2  free  transition at x/c =  0.0460   28

   4   rms: 0.3261E-05   max: -.2343E-04   D at   71  1
       a = -4.500      CL = -0.0878
      Cm = -0.0891     CD =  0.01181   =>   CDf =  0.00652    CDp =  0.00529
      9.000    5.1557   0.011808   0.002036   0.002462   0.000426    0.8821     #

 Point added to stored polar  1
 Point written to save file  clarky_re480000_clean.polar                     
 Dump file unspecified or not available
 Calculating wake trajectory ...
 Calculating source influence matrix ...

 Solving BL system ...

 Side 1  free  transition at x/c =  0.8821   69
 Side 2  free  transition at x/c =  0.0460   28

   1   rms: 0.4627E-01   max: -.1440E+00   T at   28  2
       a = -4.250      CL = -0.0612
      Cm = -0.0887     CD =  0.01142   =>   CDf =  0.00652    CDp =  0.00490

 Side 1  free  transition at x/c =  0.8745   68
 Side 2  free  transition at x/c =  0.0470   28

   2   rms: 0.3158E-02   max: -.2912E-01   C at   68  1
       a = -4.250      CL = -0.0608
      Cm = -0.0887     CD =  0.01146   =>   CDf =  0.00660    CDp =  0.00486

 Side 1  free  transition at x/c =  0.8748   68
 Side 2  free  transition at x/c =  0.0470   28

   3   rms: 0.4585E-04   max: 0.4760E-03   D at   69  1
       a = -4.250      CL = -0.0608
      Cm = -0.0887     CD =  0.01146   =>   CDf =  0.00660    CDp =  0.00486
      9.000    5.0697   0.011459   0.002048   0.002453   0.000405    0.8748     #

 Point added to stored polar  1
 Point written to save file  clarky_re480000_clean.polar                     
 Dump file unspecified or not available
 Calculating wake trajectory ...
 Calculating source influence matrix ...

 Solving BL system ...

 Side 1  free  transition at x/c =  0.8747   68
 Side 2  free  transition at x/c =  0.0470   28

   1   rms: 0.4478E-01   max: -.1578E+00   T at   28  2
       a = -4.000      CL = -0.0355
      Cm = -0.0881     CD =  0.01114   =>   CDf =  0.00660    CDp =  0.00455

 Side 1  free  transition at x/c =  0.8626   68
 Side 2  free  transition at x/c =  0.0482   29

   2   rms: 0.8073E-02   max: 0.1043E+00   D at   29  2
       a = -4.000      CL = -0.0353
      Cm = -0.0882     CD =  0.01104   =>   CDf =  0.00664    CDp =  0.00440

 Side 1  free  transition at x/c =  0.8653   68
 Side 2  free  transition at x/c =  0.0482   29

   3   rms: 0.2059E-02   max: 0.2316E-01   D at   29  2
       a = -4.000      CL = -0.0354
      Cm = -0.0882     CD =  0.01105   =>   CDf =  0.00660    CDp =  0.00445

 Side 1  free  transition at x/c =  0.8650   68
 Side 2  free  transition at x/c =  0.0482   29

   4   rms: 0.1454E-04   max: 0.1390E-03   D at   29  2
       a = -4.000      CL = -0.0354
      Cm = -0.0882     CD =  0.01105   =>   CDf =  0.00660    CDp =  0.00444
      9.000    5.0447   0.011047   0.002056   0.002447   0.000391    0.8650     #

 Point added to stored polar  1
 Point written to save file  clarky_re480000_clean.polar                     
 Dump file unspecified or not available
 Calculating wake trajectory ...
 Calculating source influence matrix ...

 Solving BL system ...

 Side 1  free  transition at x/c =  0.8650   68
 Side 2  free  transition at x/c =  0.0482   29

   1   rms: 0.4998E-01   max: -.2672E+00   T at   29  2
       a = -3.750      CL = -0.0097
      Cm = -0.0877     CD =  0.01063   =>   CDf =  0.00670    CDp =  0.00392

 Side 1  free  transition at x/c =  0.8554   68
 Side 2  free  transition at x/c =  0.0499   28

   2   rms: 0.7907E-02   max: -.6003E-01   D at   28  2
       a = -3.750      CL = -0.0086
      Cm = -0.0878     CD =  0.01074   =>   CDf =  0.00665    CDp =  0.00409

 Side 1  free  transition at x/c =  0.8565   68
 Side 2  free  transition at x/c =  0.0499   28

   3   rms: 0.5069E-03   max: 0.6025E-02   D at    4  1
       a = -3.750      CL = -0.0086
      Cm = -0.0878     CD =  0.01074   =>   CDf =  0.00664    CDp =  0.00410

 Side 1  free  transition at x/c =  0.8564   68
 Side 2  free  transition at x/c =  0.0499   28

   4   rms: 0.4001E-06   max: 0.1236E-05   D at   39  2
       a = -3.750      CL = -0.0086
      Cm = -0.0878     CD =  0.01074   =>   CDf =  0.00664    CDp =  0.00410
      9.000    4.9326   0.010739   0.002070   0.002429   0.000359    0.8564     #

 Point added to stored polar  1
 Point written to save file  clarky_re480000_clean.polar                     
 Dump file unspecified or not available
 Calculating wake trajectory ...
 Calculating source influence matrix ...

 Solving BL system ...

 Side 1  free  transition at x/c =  0.8564   68
 Side 2  free  transition at x/c =  0.0499   28

   1   rms: 0.4544E-01   max: -.2164E+00   T at   28  2
       a = -3.500      CL =  0.0168
      Cm = -0.0873     CD =  0.01046   =>   CDf =  0.00664    CDp =  0.00382

 Side 1  free  transition at x/c =  0.8441   68
 Side 2  free  transition at x/c =  0.0516   28

   2   rms: 0.1137E-01   max: -.8229E-01   D at   28  2
       a = -3.500      CL =  0.0176
      Cm = -0.0873     CD =  0.01048   =>   CDf =  0.00670    CDp =  0.00378

 Side 1  free  transition at x/c =  0.8463   68
 Side 2  free  transition at x/c =  0.0518   28

   3   rms: 0.3325E-03   max: -.4637E-02   D at   70  1
       a = -3.500      CL =  0.0176
      Cm = -0.0873     CD =  0.01049   =>   CDf =  0.00667    CDp =  0.00382

 Side 1  free  transition at x/c =  0.8462   68
 Side 2  free  transition at x/c =  0.0518   28

   4   rms: 0.3488E-05   max: -.1043E-04   D at   70  1
       a = -3.500      CL =  0.0176
      Cm = -0.0873     CD =  0.01049   =>   CDf =  0.00667    CDp =  0.00382
      9.000    4.8978   0.010487   0.002080   0.002430   0.000350    0.8462     #

 Point added to stored polar  1
 Point written to save file  clarky_re480000_clean.polar                     
 Dump file unspecified or not available
 Calculating wake trajectory ...
 Calculating source influence matrix ...

 Solving BL system ...

 Side 1  free  transition at x/c =  0.8462   68
 Side 2  free  transition at x/c =  0.0518   28

   1   rms: 0.4621E-01   max: -.2097E+00   T at   28  2
       a = -3.250      CL =  0.0445
      Cm = -0.0869     CD =  0.01026   =>   CDf =  0.00667    CDp =  0.00359

 Side 1  free  transition at x/c =  0.8379   67
 Side 2  free  transition at x/c =  0.0540   29

   2   rms: 0.9877E-02   max: 0.2132E+00   D at   29  2
       a = -3.250      CL =  0.0447
      Cm = -0.0870     CD =  0.01020   =>   CDf =  0.00673    CDp =  0.00348

 Side 1  free  transition at x/c =  0.8377   67
 Side 2  free  transition at x/c =  0.0540   29

   3   rms: 0.4830E-02   max: -.7794E-01   C at   67  1
       a = -3.250      CL =  0.0447
      Cm = -0.0870     CD =  0.01020   =>   CDf =  0.00673    CDp =  0.00347

 Side 1  free  transition at x/c =  0.8379   67
 Side 2  free  transition at x/c =  0.0540   29

   4   rms: 0.4322E-02   max: -.7659E-01   C at   67  1
       a = -3.250      CL =  0.0447
      Cm = -0.0870     CD =  0.01020   =>   CDf =  0.00673    CDp =  0.00347

 Side 1  free  transition at x/c =  0.8379   67
 Side 2  free  transition at x/c =  0.0539   29

   5   rms: 0.4350E-02   max: -.7677E-01   C at   67  1
       a = -3.250      CL =  0.0447
      Cm = -0.0870     CD =  0.01020   =>   CDf =  0.00673    CDp =  0.00347

 Side 1  free  transition at x/c =  0.8379   67
 Side 2  free  transition at x/c =  0.0539   29

   6   rms: 0.4346E-02   max: -.7675E-01   C at   67  1
       a = -3.250      CL =  0.0447
      Cm = -0.0870     CD =  0.01020   =>   CDf =  0.00673    CDp =  0.00347

 Side 1  free  transition at x/c =  0.8379   67
 Side 2  free  transition at x/c =  0.0539   29

   7   rms: 0.4346E-02   max: -.7675E-01   C at   67  1
       a = -3.250      CL =  0.0447
      Cm = -0.0870     CD =  0.01020   =>   CDf =  0.00673    CDp =  0.00347

 Side 1  free  transition at x/c =  0.8379   67
 Side 2  free  transition at x/c =  0.0539   29

   8   rms: 0.4346E-02   max: -.7675E-01   C at   67  1
       a = -3.250      CL =  0.0447
      Cm = -0.0870     CD =  0.01020   =>   CDf =  0.00673    CDp =  0.00347

 Side 1  free  transition at x/c =  0.8379   67
 Side 2  free  transition at x/c =  0.0539   29

   9   rms: 0.4346E-02   max: -.7675E-01   C at   67  1
       a = -3.250      CL =  0.0447
      Cm = -0.0870     CD =  0.01020   =>   CDf =  0.00673    CDp =  0.00347

 Side 1  free  transition at x/c =  0.8379   67
 Side 2  free  transition at x/c =  0.0539   29

  10   rms: 0.4346E-02   max: -.7675E-01   C at   67  1
       a = -3.250      CL =  0.0447
      Cm = -0.0870     CD =  0.01020   =>   CDf =  0.00673    CDp =  0.00347

 Side 1  free  transition at x/c =  0.8379   67
 Side 2  free  transition at x/c =  0.0539   29

  11   rms: 0.4346E-02   max: -.7675E-01   C at   67  1
       a = -3.250      CL =  0.0447
      Cm = -0.0870     CD =  0.01020   =>   CDf =  0.00673    CDp =  0.00347

 Side 1  free  transition at x/c =  0.8379   67
 Side 2  free  transition at x/c =  0.0539   29

  12   rms: 0.4346E-02   max: -.7675E-01   C at   67  1
       a = -3.250      CL =  0.0447
      Cm = -0.0870     CD =  0.01020   =>   CDf =  0.00673    CDp =  0.00347

 Side 1  free  transition at x/c =  0.8379   67
 Side 2  free  transition at x/c =  0.0539   29

  13   rms: 0.4346E-02   max: -.7675E-01   C at   67  1
       a = -3.250      CL =  0.0447
      Cm = -0.0870     CD =  0.01020   =>   CDf =  0.00673    CDp =  0.00347

 Side 1  free  transition at x/c =  0.8379   67
 Side 2  free  transition at x/c =  0.0539   29

  14   rms: 0.4346E-02   max: -.7675E-01   C at   67  1
       a = -3.250      CL =  0.0447
      Cm = -0.0870     CD =  0.01020   =>   CDf =  0.00673    CDp =  0.00347

 Side 1  free  transition at x/c =  0.8379   67
 Side 2  free  transition at x/c =  0.0539   29

  15   rms: 0.4346E-02   max: -.7675E-01   C at   67  1
       a = -3.250      CL =  0.0447
      Cm = -0.0870     CD =  0.01020   =>   CDf =  0.00673    CDp =  0.00347

 Side 1  free  transition at x/c =  0.8379   67
 Side 2  free  transition at x/c =  0.0539   29

  16   rms: 0.4346E-02   max: -.7675E-01   C at   67  1
       a = -3.250      CL =  0.0447
      Cm = -0.0870     CD =  0.01020   =>   CDf =  0.00673    CDp =  0.00347

 Side 1  free  transition at x/c =  0.8379   67
 Side 2  free  transition at x/c =  0.0539   29

  17   rms: 0.4346E-02   max: -.7675E-01   C at   67  1
       a = -3.250      CL =  0.0447
      Cm = -0.0870     CD =  0.01020   =>   CDf =  0.00673    CDp =  0.00347

 Side 1  free  transition at x/c =  0.8379   67
 Side 2  free  transition at x/c =  0.0539   29

  18   rms: 0.4346E-02   max: -.7675E-01   C at   67  1
       a = -3.250      CL =  0.0447
      Cm = -0.0870     CD =  0.01020   =>   CDf =  0.00673    CDp =  0.00347

 Side 1  free  transition at x/c =  0.8379   67
 Side 2  free  transition at x/c =  0.0539   29

  19   rms: 0.4346E-02   max: -.7675E-01   C at   67  1
       a = -3.250      CL =  0.0447
      Cm = -0.0870     CD =  0.01020   =>   CDf =  0.00673    CDp =  0.00347

 Side 1  free  transition at x/c =  0.8379   67
 Side 2  free  transition at x/c =  0.0539   29

  20   rms: 0.4346E-02   max: -.7675E-01   C at   67  1
       a = -3.250      CL =  0.0447
      Cm = -0.0870     CD =  0.01020   =>   CDf =  0.00673    CDp =  0.00347

 Side 1  free  transition at x/c =  0.8379   67
 Side 2  free  transition at x/c =  0.0539   29

  21   rms: 0.4346E-02   max: -.7675E-01   C at   67  1
       a = -3.250      CL =  0.0447
      Cm = -0.0870     CD =  0.01020   =>   CDf =  0.00673    CDp =  0.00347

 Side 1  free  transition at x/c =  0.8379   67
 Side 2  free  transition at x/c =  0.0539   29

  22   rms: 0.4346E-02   max: -.7675E-01   C at   67  1
       a = -3.250      CL =  0.0447
      Cm = -0.0870     CD =  0.01020   =>   CDf =  0.00673    CDp =  0.00347

 Side 1  free  transition at x/c =  0.8379   67
 Side 2  free  transition at x/c =  0.0539   29

  23   rms: 0.4346E-02   max: -.7675E-01   C at   67  1
       a = -3.250      CL =  0.0447
      Cm = -0.0870     CD =  0.01020   =>   CDf =  0.00673    CDp =  0.00347

 Side 1  free  transition at x/c =  0.8379   67
 Side 2  free  transition at x/c =  0.0539   29

  24   rms: 0.4346E-02   max: -.7675E-01   C at   67  1
       a = -3.250      CL =  0.0447
      Cm = -0.0870     CD =  0.01020   =>   CDf =  0.00673    CDp =  0.00347

 Side 1  free  transition at x/c =  0.8379   67
 Side 2  free  transition at x/c =  0.0539   29

  25   rms: 0.4346E-02   max: -.7675E-01   C at   67  1
       a = -3.250      CL =  0.0447
      Cm = -0.0870     CD =  0.01020   =>   CDf =  0.00673    CDp =  0.00347

 Side 1  free  transition at x/c =  0.8379   67
 Side 2  free  transition at x/c =  0.0539   29

  26   rms: 0.4346E-02   max: -.7675E-01   C at   67  1
       a = -3.250      CL =  0.0447
      Cm = -0.0870     CD =  0.01020   =>   CDf =  0.00673    CDp =  0.00347

 Side 1  free  transition at x/c =  0.8379   67
 Side 2  free  transition at x/c =  0.0539   29

  27   rms: 0.4346E-02   max: -.7675E-01   C at   67  1
       a = -3.250      CL =  0.0447
      Cm = -0.0870     CD =  0.01020   =>   CDf =  0.00673    CDp =  0.00347

 Side 1  free  transition at x/c =  0.8379   67
 Side 2  free  transition at x/c =  0.0539   29

  28   rms: 0.4346E-02   max: -.7675E-01   C at   67  1
       a = -3.250      CL =  0.0447
      Cm = -0.0870     CD =  0.01020   =>   CDf =  0.00673    CDp =  0.00347

 Side 1  free  transition at x/c =  0.8379   67
 Side 2  free  transition at x/c =  0.0539   29

  29   rms: 0.4346E-02   max: -.7675E-01   C at   67  1
       a = -3.250      CL =  0.0447
      Cm = -0.0870     CD =  0.01020   =>   CDf =  0.00673    CDp =  0.00347

 Side 1  free  transition at x/c =  0.8379   67
 Side 2  free  transition at x/c =  0.0539   29

  30   rms: 0.4346E-02   max: -.7675E-01   C at   67  1
       a = -3.250      CL =  0.0447
      Cm = -0.0870     CD =  0.01020   =>   CDf =  0.00673    CDp =  0.00347

 Side 1  free  transition at x/c =  0.8379   67
 Side 2  free  transition at x/c =  0.0539   29

  31   rms: 0.4346E-02   max: -.7675E-01   C at   67  1
       a = -3.250      CL =  0.0447
      Cm = -0.0870     CD =  0.01020   =>   CDf =  0.00673    CDp =  0.00347

 Side 1  free  transition at x/c =  0.8379   67
 Side 2  free  transition at x/c =  0.0539   29

  32   rms: 0.4346E-02   max: -.7675E-01   C at   67  1
       a = -3.250      CL =  0.0447
      Cm = -0.0870     CD =  0.01020   =>   CDf =  0.00673    CDp =  0.00347

 Side 1  free  transition at x/c =  0.8379   67
 Side 2  free  transition at x/c =  0.0539   29

  33   rms: 0.4346E-02   max: -.7675E-01   C at   67  1
       a = -3.250      CL =  0.0447
      Cm = -0.0870     CD =  0.01020   =>   CDf =  0.00673    CDp =  0.00347

 Side 1  free  transition at x/c =  0.8379   67
 Side 2  free  transition at x/c =  0.0539   29

  34   rms: 0.4346E-02   max: -.7675E-01   C at   67  1
       a = -3.250      CL =  0.0447
      Cm = -0.0870     CD =  0.01020   =>   CDf =  0.00673    CDp =  0.00347

 Side 1  free  transition at x/c =  0.8379   67
 Side 2  free  transition at x/c =  0.0539   29

  35   rms: 0.4346E-02   max: -.7675E-01   C at   67  1
       a = -3.250      CL =  0.0447
      Cm = -0.0870     CD =  0.01020   =>   CDf =  0.00673    CDp =  0.00347

 Side 1  free  transition at x/c =  0.8379   67
 Side 2  free  transition at x/c =  0.0539   29

  36   rms: 0.4346E-02   max: -.7675E-01   C at   67  1
       a = -3.250      CL =  0.0447
      Cm = -0.0870     CD =  0.01020   =>   CDf =  0.00673    CDp =  0.00347

 Side 1  free  transition at x/c =  0.8379   67
 Side 2  free  transition at x/c =  0.0539   29

  37   rms: 0.4346E-02   max: -.7675E-01   C at   67  1
       a = -3.250      CL =  0.0447
      Cm = -0.0870     CD =  0.01020   =>   CDf =  0.00673    CDp =  0.00347

 Side 1  free  transition at x/c =  0.8379   67
 Side 2  free  transition at x/c =  0.0539   29

  38   rms: 0.4346E-02   max: -.7675E-01   C at   67  1
       a = -3.250      CL =  0.0447
      Cm = -0.0870     CD =  0.01020   =>   CDf =  0.00673    CDp =  0.00347

 Side 1  free  transition at x/c =  0.8379   67
 Side 2  free  transition at x/c =  0.0539   29

  39   rms: 0.4346E-02   max: -.7675E-01   C at   67  1
       a = -3.250      CL =  0.0447
      Cm = -0.0870     CD =  0.01020   =>   CDf =  0.00673    CDp =  0.00347

 Side 1  free  transition at x/c =  0.8379   67
 Side 2  free  transition at x/c =  0.0539   29

  40   rms: 0.4346E-02   max: -.7675E-01   C at   67  1
       a = -3.250      CL =  0.0447
      Cm = -0.0870     CD =  0.01020   =>   CDf =  0.00673    CDp =  0.00347

 Side 1  free  transition at x/c =  0.8379   67
 Side 2  free  transition at x/c =  0.0539   29

  41   rms: 0.4346E-02   max: -.7675E-01   C at   67  1
       a = -3.250      CL =  0.0447
      Cm = -0.0870     CD =  0.01020   =>   CDf =  0.00673    CDp =  0.00347

 Side 1  free  transition at x/c =  0.8379   67
 Side 2  free  transition at x/c =  0.0539   29

  42   rms: 0.4346E-02   max: -.7675E-01   C at   67  1
       a = -3.250      CL =  0.0447
      Cm = -0.0870     CD =  0.01020   =>   CDf =  0.00673    CDp =  0.00347

 Side 1  free  transition at x/c =  0.8379   67
 Side 2  free  transition at x/c =  0.0539   29

  43   rms: 0.4346E-02   max: -.7675E-01   C at   67  1
       a = -3.250      CL =  0.0447
      Cm = -0.0870     CD =  0.01020   =>   CDf =  0.00673    CDp =  0.00347

 Side 1  free  transition at x/c =  0.8379   67
 Side 2  free  transition at x/c =  0.0539   29

  44   rms: 0.4346E-02   max: -.7675E-01   C at   67  1
       a = -3.250      CL =  0.0447
      Cm = -0.0870     CD =  0.01020   =>   CDf =  0.00673    CDp =  0.00347

 Side 1  free  transition at x/c =  0.8379   67
 Side 2  free  transition at x/c =  0.0539   29

  45   rms: 0.4346E-02   max: -.7675E-01   C at   67  1
       a = -3.250      CL =  0.0447
      Cm = -0.0870     CD =  0.01020   =>   CDf =  0.00673    CDp =  0.00347

 Side 1  free  transition at x/c =  0.8379   67
 Side 2  free  transition at x/c =  0.0539   29

  46   rms: 0.4346E-02   max: -.7675E-01   C at   67  1
       a = -3.250      CL =  0.0447
      Cm = -0.0870     CD =  0.01020   =>   CDf =  0.00673    CDp =  0.00347

 Side 1  free  transition at x/c =  0.8379   67
 Side 2  free  transition at x/c =  0.0539   29

  47   rms: 0.4346E-02   max: -.7675E-01   C at   67  1
       a = -3.250      CL =  0.0447
      Cm = -0.0870     CD =  0.01020   =>   CDf =  0.00673    CDp =  0.00347

 Side 1  free  transition at x/c =  0.8379   67
 Side 2  free  transition at x/c =  0.0539   29

  48   rms: 0.4346E-02   max: -.7675E-01   C at   67  1
       a = -3.250      CL =  0.0447
      Cm = -0.0870     CD =  0.01020   =>   CDf =  0.00673    CDp =  0.00347

 Side 1  free  transition at x/c =  0.8379   67
 Side 2  free  transition at x/c =  0.0539   29

  49   rms: 0.4346E-02   max: -.7675E-01   C at   67  1
       a = -3.250      CL =  0.0447
      Cm = -0.0870     CD =  0.01020   =>   CDf =  0.00673    CDp =  0.00347

 Side 1  free  transition at x/c =  0.8379   67
 Side 2  free  transition at x/c =  0.0539   29

  50   rms: 0.4346E-02   max: -.7675E-01   C at   67  1
       a = -3.250      CL =  0.0447
      Cm = -0.0870     CD =  0.01020   =>   CDf =  0.00673    CDp =  0.00347

 Side 1  free  transition at x/c =  0.8379   67
 Side 2  free  transition at x/c =  0.0539   29

  51   rms: 0.4346E-02   max: -.7675E-01   C at   67  1
       a = -3.250      CL =  0.0447
      Cm = -0.0870     CD =  0.01020   =>   CDf =  0.00673    CDp =  0.00347

 Side 1  free  transition at x/c =  0.8379   67
 Side 2  free  transition at x/c =  0.0539   29

  52   rms: 0.4346E-02   max: -.7675E-01   C at   67  1
       a = -3.250      CL =  0.0447
      Cm = -0.0870     CD =  0.01020   =>   CDf =  0.00673    CDp =  0.00347

 Side 1  free  transition at x/c =  0.8379   67
 Side 2  free  transition at x/c =  0.0539   29

  53   rms: 0.4346E-02   max: -.7675E-01   C at   67  1
       a = -3.250      CL =  0.0447
      Cm = -0.0870     CD =  0.01020   =>   CDf =  0.00673    CDp =  0.00347

 Side 1  free  transition at x/c =  0.8379   67
 Side 2  free  transition at x/c =  0.0539   29

  54   rms: 0.4346E-02   max: -.7675E-01   C at   67  1
       a = -3.250      CL =  0.0447
      Cm = -0.0870     CD =  0.01020   =>   CDf =  0.00673    CDp =  0.00347

 Side 1  free  transition at x/c =  0.8379   67
 Side 2  free  transition at x/c =  0.0539   29

  55   rms: 0.4346E-02   max: -.7675E-01   C at   67  1
       a = -3.250      CL =  0.0447
      Cm = -0.0870     CD =  0.01020   =>   CDf =  0.00673    CDp =  0.00347

 Side 1  free  transition at x/c =  0.8379   67
 Side 2  free  transition at x/c =  0.0539   29

  56   rms: 0.4346E-02   max: -.7675E-01   C at   67  1
       a = -3.250      CL =  0.0447
      Cm = -0.0870     CD =  0.01020   =>   CDf =  0.00673    CDp =  0.00347

 Side 1  free  transition at x/c =  0.8379   67
 Side 2  free  transition at x/c =  0.0539   29

  57   rms: 0.4346E-02   max: -.7675E-01   C at   67  1
       a = -3.250      CL =  0.0447
      Cm = -0.0870     CD =  0.01020   =>   CDf =  0.00673    CDp =  0.00347

 Side 1  free  transition at x/c =  0.8379   67
 Side 2  free  transition at x/c =  0.0539   29

  58   rms: 0.4346E-02   max: -.7675E-01   C at   67  1
       a = -3.250      CL =  0.0447
      Cm = -0.0870     CD =  0.01020   =>   CDf =  0.00673    CDp =  0.00347

 Side 1  free  transition at x/c =  0.8379   67
 Side 2  free  transition at x/c =  0.0539   29

  59   rms: 0.4346E-02   max: -.7675E-01   C at   67  1
       a = -3.250      CL =  0.0447
      Cm = -0.0870     CD =  0.01020   =>   CDf =  0.00673    CDp =  0.00347

 Side 1  free  transition at x/c =  0.8379   67
 Side 2  free  transition at x/c =  0.0539   29

  60   rms: 0.4346E-02   max: -.7675E-01   C at   67  1
       a = -3.250      CL =  0.0447
      Cm = -0.0870     CD =  0.01020   =>   CDf =  0.00673    CDp =  0.00347

 Side 1  free  transition at x/c =  0.8379   67
 Side 2  free  transition at x/c =  0.0539   29

  61   rms: 0.4346E-02   max: -.7675E-01   C at   67  1
       a = -3.250      CL =  0.0447
      Cm = -0.0870     CD =  0.01020   =>   CDf =  0.00673    CDp =  0.00347

 Side 1  free  transition at x/c =  0.8379   67
 Side 2  free  transition at x/c =  0.0539   29

  62   rms: 0.4346E-02   max: -.7675E-01   C at   67  1
       a = -3.250      CL =  0.0447
      Cm = -0.0870     CD =  0.01020   =>   CDf =  0.00673    CDp =  0.00347

 Side 1  free  transition at x/c =  0.8379   67
 Side 2  free  transition at x/c =  0.0539   29

  63   rms: 0.4346E-02   max: -.7675E-01   C at   67  1
       a = -3.250      CL =  0.0447
      Cm = -0.0870     CD =  0.01020   =>   CDf =  0.00673    CDp =  0.00347

 Side 1  free  transition at x/c =  0.8379   67
 Side 2  free  transition at x/c =  0.0539   29

  64   rms: 0.4346E-02   max: -.7675E-01   C at   67  1
       a = -3.250      CL =  0.0447
      Cm = -0.0870     CD =  0.01020   =>   CDf =  0.00673    CDp =  0.00347

 Side 1  free  transition at x/c =  0.8379   67
 Side 2  free  transition at x/c =  0.0539   29

  65   rms: 0.4346E-02   max: -.7675E-01   C at   67  1
       a = -3.250      CL =  0.0447
      Cm = -0.0870     CD =  0.01020   =>   CDf =  0.00673    CDp =  0.00347

 Side 1  free  transition at x/c =  0.8379   67
 Side 2  free  transition at x/c =  0.0539   29

  66   rms: 0.4346E-02   max: -.7675E-01   C at   67  1
       a = -3.250      CL =  0.0447
      Cm = -0.0870     CD =  0.01020   =>   CDf =  0.00673    CDp =  0.00347

 Side 1  free  transition at x/c =  0.8379   67
 Side 2  free  transition at x/c =  0.0539   29

  67   rms: 0.4346E-02   max: -.7675E-01   C at   67  1
       a = -3.250      CL =  0.0447
      Cm = -0.0870     CD =  0.01020   =>   CDf =  0.00673    CDp =  0.00347

 Side 1  free  transition at x/c =  0.8379   67
 Side 2  free  transition at x/c =  0.0539   29

  68   rms: 0.4346E-02   max: -.7675E-01   C at   67  1
       a = -3.250      CL =  0.0447
      Cm = -0.0870     CD =  0.01020   =>   CDf =  0.00673    CDp =  0.00347

 Side 1  free  transition at x/c =  0.8379   67
 Side 2  free  transition at x/c =  0.0539   29

  69   rms: 0.4346E-02   max: -.7675E-01   C at   67  1
       a = -3.250      CL =  0.0447
      Cm = -0.0870     CD =  0.01020   =>   CDf =  0.00673    CDp =  0.00347

 Side 1  free  transition at x/c =  0.8379   67
 Side 2  free  transition at x/c =  0.0539   29

  70   rms: 0.4346E-02   max: -.7675E-01   C at   67  1
       a = -3.250      CL =  0.0447
      Cm = -0.0870     CD =  0.01020   =>   CDf =  0.00673    CDp =  0.00347

 Side 1  free  transition at x/c =  0.8379   67
 Side 2  free  transition at x/c =  0.0539   29

  71   rms: 0.4346E-02   max: -.7675E-01   C at   67  1
       a = -3.250      CL =  0.0447
      Cm = -0.0870     CD =  0.01020   =>   CDf =  0.00673    CDp =  0.00347

 Side 1  free  transition at x/c =  0.8379   67
 Side 2  free  transition at x/c =  0.0539   29

  72   rms: 0.4346E-02   max: -.7675E-01   C at   67  1
       a = -3.250      CL =  0.0447
      Cm = -0.0870     CD =  0.01020   =>   CDf =  0.00673    CDp =  0.00347

 Side 1  free  transition at x/c =  0.8379   67
 Side 2  free  transition at x/c =  0.0539   29

  73   rms: 0.4346E-02   max: -.7675E-01   C at   67  1
       a = -3.250      CL =  0.0447
      Cm = -0.0870     CD =  0.01020   =>   CDf =  0.00673    CDp =  0.00347

 Side 1  free  transition at x/c =  0.8379   67
 Side 2  free  transition at x/c =  0.0539   29

  74   rms: 0.4346E-02   max: -.7675E-01   C at   67  1
       a = -3.250      CL =  0.0447
      Cm = -0.0870     CD =  0.01020   =>   CDf =  0.00673    CDp =  0.00347

 Side 1  free  transition at x/c =  0.8379   67
 Side 2  free  transition at x/c =  0.0539   29

  75   rms: 0.4346E-02   max: -.7675E-01   C at   67  1
       a = -3.250      CL =  0.0447
      Cm = -0.0870     CD =  0.01020   =>   CDf =  0.00673    CDp =  0.00347

 Side 1  free  transition at x/c =  0.8379   67
 Side 2  free  transition at x/c =  0.0539   29

  76   rms: 0.4346E-02   max: -.7675E-01   C at   67  1
       a = -3.250      CL =  0.0447
      Cm = -0.0870     CD =  0.01020   =>   CDf =  0.00673    CDp =  0.00347

 Side 1  free  transition at x/c =  0.8379   67
 Side 2  free  transition at x/c =  0.0539   29

  77   rms: 0.4346E-02   max: -.7675E-01   C at   67  1
       a = -3.250      CL =  0.0447
      Cm = -0.0870     CD =  0.01020   =>   CDf =  0.00673    CDp =  0.00347

 Side 1  free  transition at x/c =  0.8379   67
 Side 2  free  transition at x/c =  0.0539   29

  78   rms: 0.4346E-02   max: -.7675E-01   C at   67  1
       a = -3.250      CL =  0.0447
      Cm = -0.0870     CD =  0.01020   =>   CDf =  0.00673    CDp =  0.00347

 Side 1  free  transition at x/c =  0.8379   67
 Side 2  free  transition at x/c =  0.0539   29

  79   rms: 0.4346E-02   max: -.7675E-01   C at   67  1
       a = -3.250      CL =  0.0447
      Cm = -0.0870     CD =  0.01020   =>   CDf =  0.00673    CDp =  0.00347

 Side 1  free  transition at x/c =  0.8379   67
 Side 2  free  transition at x/c =  0.0539   29

  80   rms: 0.4346E-02   max: -.7675E-01   C at   67  1
       a = -3.250      CL =  0.0447
      Cm = -0.0870     CD =  0.01020   =>   CDf =  0.00673    CDp =  0.00347

 Side 1  free  transition at x/c =  0.8379   67
 Side 2  free  transition at x/c =  0.0539   29

  81   rms: 0.4346E-02   max: -.7675E-01   C at   67  1
       a = -3.250      CL =  0.0447
      Cm = -0.0870     CD =  0.01020   =>   CDf =  0.00673    CDp =  0.00347

 Side 1  free  transition at x/c =  0.8379   67
 Side 2  free  transition at x/c =  0.0539   29

  82   rms: 0.4346E-02   max: -.7675E-01   C at   67  1
       a = -3.250      CL =  0.0447
      Cm = -0.0870     CD =  0.01020   =>   CDf =  0.00673    CDp =  0.00347

 Side 1  free  transition at x/c =  0.8379   67
 Side 2  free  transition at x/c =  0.0539   29

  83   rms: 0.4346E-02   max: -.7675E-01   C at   67  1
       a = -3.250      CL =  0.0447
      Cm = -0.0870     CD =  0.01020   =>   CDf =  0.00673    CDp =  0.00347

 Side 1  free  transition at x/c =  0.8379   67
 Side 2  free  transition at x/c =  0.0539   29

  84   rms: 0.4346E-02   max: -.7675E-01   C at   67  1
       a = -3.250      CL =  0.0447
      Cm = -0.0870     CD =  0.01020   =>   CDf =  0.00673    CDp =  0.00347

 Side 1  free  transition at x/c =  0.8379   67
 Side 2  free  transition at x/c =  0.0539   29

  85   rms: 0.4346E-02   max: -.7675E-01   C at   67  1
       a = -3.250      CL =  0.0447
      Cm = -0.0870     CD =  0.01020   =>   CDf =  0.00673    CDp =  0.00347

 Side 1  free  transition at x/c =  0.8379   67
 Side 2  free  transition at x/c =  0.0539   29

  86   rms: 0.4346E-02   max: -.7675E-01   C at   67  1
       a = -3.250      CL =  0.0447
      Cm = -0.0870     CD =  0.01020   =>   CDf =  0.00673    CDp =  0.00347

 Side 1  free  transition at x/c =  0.8379   67
 Side 2  free  transition at x/c =  0.0539   29

  87   rms: 0.4346E-02   max: -.7675E-01   C at   67  1
       a = -3.250      CL =  0.0447
      Cm = -0.0870     CD =  0.01020   =>   CDf =  0.00673    CDp =  0.00347

 Side 1  free  transition at x/c =  0.8379   67
 Side 2  free  transition at x/c =  0.0539   29

  88   rms: 0.4346E-02   max: -.7675E-01   C at   67  1
       a = -3.250      CL =  0.0447
      Cm = -0.0870     CD =  0.01020   =>   CDf =  0.00673    CDp =  0.00347

 Side 1  free  transition at x/c =  0.8379   67
 Side 2  free  transition at x/c =  0.0539   29

  89   rms: 0.4346E-02   max: -.7675E-01   C at   67  1
       a = -3.250      CL =  0.0447
      Cm = -0.0870     CD =  0.01020   =>   CDf =  0.00673    CDp =  0.00347

 Side 1  free  transition at x/c =  0.8379   67
 Side 2  free  transition at x/c =  0.0539   29

  90   rms: 0.4346E-02   max: -.7675E-01   C at   67  1
       a = -3.250      CL =  0.0447
      Cm = -0.0870     CD =  0.01020   =>   CDf =  0.00673    CDp =  0.00347

 Side 1  free  transition at x/c =  0.8379   67
 Side 2  free  transition at x/c =  0.0539   29

  91   rms: 0.4346E-02   max: -.7675E-01   C at   67  1
       a = -3.250      CL =  0.0447
      Cm = -0.0870     CD =  0.01020   =>   CDf =  0.00673    CDp =  0.00347

 Side 1  free  transition at x/c =  0.8379   67
 Side 2  free  transition at x/c =  0.0539   29

  92   rms: 0.4346E-02   max: -.7675E-01   C at   67  1
       a = -3.250      CL =  0.0447
      Cm = -0.0870     CD =  0.01020   =>   CDf =  0.00673    CDp =  0.00347

 Side 1  free  transition at x/c =  0.8379   67
 Side 2  free  transition at x/c =  0.0539   29

  93   rms: 0.4346E-02   max: -.7675E-01   C at   67  1
       a = -3.250      CL =  0.0447
      Cm = -0.0870     CD =  0.01020   =>   CDf =  0.00673    CDp =  0.00347

 Side 1  free  transition at x/c =  0.8379   67
 Side 2  free  transition at x/c =  0.0539   29

  94   rms: 0.4346E-02   max: -.7675E-01   C at   67  1
       a = -3.250      CL =  0.0447
      Cm = -0.0870     CD =  0.01020   =>   CDf =  0.00673    CDp =  0.00347

 Side 1  free  transition at x/c =  0.8379   67
 Side 2  free  transition at x/c =  0.0539   29

  95   rms: 0.4346E-02   max: -.7675E-01   C at   67  1
       a = -3.250      CL =  0.0447
      Cm = -0.0870     CD =  0.01020   =>   CDf =  0.00673    CDp =  0.00347

 Side 1  free  transition at x/c =  0.8379   67
 Side 2  free  transition at x/c =  0.0539   29

  96   rms: 0.4346E-02   max: -.7675E-01   C at   67  1
       a = -3.250      CL =  0.0447
      Cm = -0.0870     CD =  0.01020   =>   CDf =  0.00673    CDp =  0.00347

 Side 1  free  transition at x/c =  0.8379   67
 Side 2  free  transition at x/c =  0.0539   29

  97   rms: 0.4346E-02   max: -.7675E-01   C at   67  1
       a = -3.250      CL =  0.0447
      Cm = -0.0870     CD =  0.01020   =>   CDf =  0.00673    CDp =  0.00347

 Side 1  free  transition at x/c =  0.8379   67
 Side 2  free  transition at x/c =  0.0539   29

  98   rms: 0.4346E-02   max: -.7675E-01   C at   67  1
       a = -3.250      CL =  0.0447
      Cm = -0.0870     CD =  0.01020   =>   CDf =  0.00673    CDp =  0.00347

 Side 1  free  transition at x/c =  0.8379   67
 Side 2  free  transition at x/c =  0.0539   29

  99   rms: 0.4346E-02   max: -.7675E-01   C at   67  1
       a = -3.250      CL =  0.0447
      Cm = -0.0870     CD =  0.01020   =>   CDf =  0.00673    CDp =  0.00347

 Side 1  free  transition at x/c =  0.8379   67
 Side 2  free  transition at x/c =  0.0539   29

 100   rms: 0.4346E-02   max: -.7675E-01   C at   67  1
       a = -3.250      CL =  0.0447
      Cm = -0.0870     CD =  0.01020   =>   CDf =  0.00673    CDp =  0.00347

 Side 1  free  transition at x/c =  0.8379   67
 Side 2  free  transition at x/c =  0.0539   29

 101   rms: 0.4346E-02   max: -.7675E-01   C at   67  1
       a = -3.250      CL =  0.0447
      Cm = -0.0870     CD =  0.01020   =>   CDf =  0.00673    CDp =  0.00347

 Side 1  free  transition at x/c =  0.8379   67
 Side 2  free  transition at x/c =  0.0539   29

 102   rms: 0.4346E-02   max: -.7675E-01   C at   67  1
       a = -3.250      CL =  0.0447
      Cm = -0.0870     CD =  0.01020   =>   CDf =  0.00673    CDp =  0.00347

 Side 1  free  transition at x/c =  0.8379   67
 Side 2  free  transition at x/c =  0.0539   29

 103   rms: 0.4346E-02   max: -.7675E-01   C at   67  1
       a = -3.250      CL =  0.0447
      Cm = -0.0870     CD =  0.01020   =>   CDf =  0.00673    CDp =  0.00347

 Side 1  free  transition at x/c =  0.8379   67
 Side 2  free  transition at x/c =  0.0539   29

 104   rms: 0.4346E-02   max: -.7675E-01   C at   67  1
       a = -3.250      CL =  0.0447
      Cm = -0.0870     CD =  0.01020   =>   CDf =  0.00673    CDp =  0.00347

 Side 1  free  transition at x/c =  0.8379   67
 Side 2  free  transition at x/c =  0.0539   29

 105   rms: 0.4346E-02   max: -.7675E-01   C at   67  1
       a = -3.250      CL =  0.0447
      Cm = -0.0870     CD =  0.01020   =>   CDf =  0.00673    CDp =  0.00347

 Side 1  free  transition at x/c =  0.8379   67
 Side 2  free  transition at x/c =  0.0539   29

 106   rms: 0.4346E-02   max: -.7675E-01   C at   67  1
       a = -3.250      CL =  0.0447
      Cm = -0.0870     CD =  0.01020   =>   CDf =  0.00673    CDp =  0.00347

 Side 1  free  transition at x/c =  0.8379   67
 Side 2  free  transition at x/c =  0.0539   29

 107   rms: 0.4346E-02   max: -.7675E-01   C at   67  1
       a = -3.250      CL =  0.0447
      Cm = -0.0870     CD =  0.01020   =>   CDf =  0.00673    CDp =  0.00347

 Side 1  free  transition at x/c =  0.8379   67
 Side 2  free  transition at x/c =  0.0539   29

 108   rms: 0.4346E-02   max: -.7675E-01   C at   67  1
       a = -3.250      CL =  0.0447
      Cm = -0.0870     CD =  0.01020   =>   CDf =  0.00673    CDp =  0.00347

 Side 1  free  transition at x/c =  0.8379   67
 Side 2  free  transition at x/c =  0.0539   29

 109   rms: 0.4346E-02   max: -.7675E-01   C at   67  1
       a = -3.250      CL =  0.0447
      Cm = -0.0870     CD =  0.01020   =>   CDf =  0.00673    CDp =  0.00347

 Side 1  free  transition at x/c =  0.8379   67
 Side 2  free  transition at x/c =  0.0539   29

 110   rms: 0.4346E-02   max: -.7675E-01   C at   67  1
       a = -3.250      CL =  0.0447
      Cm = -0.0870     CD =  0.01020   =>   CDf =  0.00673    CDp =  0.00347

 Side 1  free  transition at x/c =  0.8379   67
 Side 2  free  transition at x/c =  0.0539   29

 111   rms: 0.4346E-02   max: -.7675E-01   C at   67  1
       a = -3.250      CL =  0.0447
      Cm = -0.0870     CD =  0.01020   =>   CDf =  0.00673    CDp =  0.00347

 Side 1  free  transition at x/c =  0.8379   67
 Side 2  free  transition at x/c =  0.0539   29

 112   rms: 0.4346E-02   max: -.7675E-01   C at   67  1
       a = -3.250      CL =  0.0447
      Cm = -0.0870     CD =  0.01020   =>   CDf =  0.00673    CDp =  0.00347

 Side 1  free  transition at x/c =  0.8379   67
 Side 2  free  transition at x/c =  0.0539   29

 113   rms: 0.4346E-02   max: -.7675E-01   C at   67  1
       a = -3.250      CL =  0.0447
      Cm = -0.0870     CD =  0.01020   =>   CDf =  0.00673    CDp =  0.00347

 Side 1  free  transition at x/c =  0.8379   67
 Side 2  free  transition at x/c =  0.0539   29

 114   rms: 0.4346E-02   max: -.7675E-01   C at   67  1
       a = -3.250      CL =  0.0447
      Cm = -0.0870     CD =  0.01020   =>   CDf =  0.00673    CDp =  0.00347

 Side 1  free  transition at x/c =  0.8379   67
 Side 2  free  transition at x/c =  0.0539   29

 115   rms: 0.4346E-02   max: -.7675E-01   C at   67  1
       a = -3.250      CL =  0.0447
      Cm = -0.0870     CD =  0.01020   =>   CDf =  0.00673    CDp =  0.00347

 Side 1  free  transition at x/c =  0.8379   67
 Side 2  free  transition at x/c =  0.0539   29

 116   rms: 0.4346E-02   max: -.7675E-01   C at   67  1
       a = -3.250      CL =  0.0447
      Cm = -0.0870     CD =  0.01020   =>   CDf =  0.00673    CDp =  0.00347

 Side 1  free  transition at x/c =  0.8379   67
 Side 2  free  transition at x/c =  0.0539   29

 117   rms: 0.4346E-02   max: -.7675E-01   C at   67  1
       a = -3.250      CL =  0.0447
      Cm = -0.0870     CD =  0.01020   =>   CDf =  0.00673    CDp =  0.00347

 Side 1  free  transition at x/c =  0.8379   67
 Side 2  free  transition at x/c =  0.0539   29

 118   rms: 0.4346E-02   max: -.7675E-01   C at   67  1
       a = -3.250      CL =  0.0447
      Cm = -0.0870     CD =  0.01020   =>   CDf =  0.00673    CDp =  0.00347

 Side 1  free  transition at x/c =  0.8379   67
 Side 2  free  transition at x/c =  0.0539   29

 119   rms: 0.4346E-02   max: -.7675E-01   C at   67  1
       a = -3.250      CL =  0.0447
      Cm = -0.0870     CD =  0.01020   =>   CDf =  0.00673    CDp =  0.00347

 Side 1  free  transition at x/c =  0.8379   67
 Side 2  free  transition at x/c =  0.0539   29

 120   rms: 0.4346E-02   max: -.7675E-01   C at   67  1
       a = -3.250      CL =  0.0447
      Cm = -0.0870     CD =  0.01020   =>   CDf =  0.00673    CDp =  0.00347

 Side 1  free  transition at x/c =  0.8379   67
 Side 2  free  transition at x/c =  0.0539   29

 121   rms: 0.4346E-02   max: -.7675E-01   C at   67  1
       a = -3.250      CL =  0.0447
      Cm = -0.0870     CD =  0.01020   =>   CDf =  0.00673    CDp =  0.00347

 Side 1  free  transition at x/c =  0.8379   67
 Side 2  free  transition at x/c =  0.0539   29

 122   rms: 0.4346E-02   max: -.7675E-01   C at   67  1
       a = -3.250      CL =  0.0447
      Cm = -0.0870     CD =  0.01020   =>   CDf =  0.00673    CDp =  0.00347

 Side 1  free  transition at x/c =  0.8379   67
 Side 2  free  transition at x/c =  0.0539   29

 123   rms: 0.4346E-02   max: -.7675E-01   C at   67  1
       a = -3.250      CL =  0.0447
      Cm = -0.0870     CD =  0.01020   =>   CDf =  0.00673    CDp =  0.00347

 Side 1  free  transition at x/c =  0.8379   67
 Side 2  free  transition at x/c =  0.0539   29

 124   rms: 0.4346E-02   max: -.7675E-01   C at   67  1
       a = -3.250      CL =  0.0447
      Cm = -0.0870     CD =  0.01020   =>   CDf =  0.00673    CDp =  0.00347

 Side 1  free  transition at x/c =  0.8379   67
 Side 2  free  transition at x/c =  0.0539   29

 125   rms: 0.4346E-02   max: -.7675E-01   C at   67  1
       a = -3.250      CL =  0.0447
      Cm = -0.0870     CD =  0.01020   =>   CDf =  0.00673    CDp =  0.00347

 Side 1  free  transition at x/c =  0.8379   67
 Side 2  free  transition at x/c =  0.0539   29

 126   rms: 0.4346E-02   max: -.7675E-01   C at   67  1
       a = -3.250      CL =  0.0447
      Cm = -0.0870     CD =  0.01020   =>   CDf =  0.00673    CDp =  0.00347

 Side 1  free  transition at x/c =  0.8379   67
 Side 2  free  transition at x/c =  0.0539   29

 127   rms: 0.4346E-02   max: -.7675E-01   C at   67  1
       a = -3.250      CL =  0.0447
      Cm = -0.0870     CD =  0.01020   =>   CDf =  0.00673    CDp =  0.00347

 Side 1  free  transition at x/c =  0.8379   67
 Side 2  free  transition at x/c =  0.0539   29

 128   rms: 0.4346E-02   max: -.7675E-01   C at   67  1
       a = -3.250      CL =  0.0447
      Cm = -0.0870     CD =  0.01020   =>   CDf =  0.00673    CDp =  0.00347

 Side 1  free  transition at x/c =  0.8379   67
 Side 2  free  transition at x/c =  0.0539   29

 129   rms: 0.4346E-02   max: -.7675E-01   C at   67  1
       a = -3.250      CL =  0.0447
      Cm = -0.0870     CD =  0.01020   =>   CDf =  0.00673    CDp =  0.00347

 Side 1  free  transition at x/c =  0.8379   67
 Side 2  free  transition at x/c =  0.0539   29

 130   rms: 0.4346E-02   max: -.7675E-01   C at   67  1
       a = -3.250      CL =  0.0447
      Cm = -0.0870     CD =  0.01020   =>   CDf =  0.00673    CDp =  0.00347

 Side 1  free  transition at x/c =  0.8379   67
 Side 2  free  transition at x/c =  0.0539   29

 131   rms: 0.4346E-02   max: -.7675E-01   C at   67  1
       a = -3.250      CL =  0.0447
      Cm = -0.0870     CD =  0.01020   =>   CDf =  0.00673    CDp =  0.00347

 Side 1  free  transition at x/c =  0.8379   67
 Side 2  free  transition at x/c =  0.0539   29

 132   rms: 0.4346E-02   max: -.7675E-01   C at   67  1
       a = -3.250      CL =  0.0447
      Cm = -0.0870     CD =  0.01020   =>   CDf =  0.00673    CDp =  0.00347

 Side 1  free  transition at x/c =  0.8379   67
 Side 2  free  transition at x/c =  0.0539   29

 133   rms: 0.4346E-02   max: -.7675E-01   C at   67  1
       a = -3.250      CL =  0.0447
      Cm = -0.0870     CD =  0.01020   =>   CDf =  0.00673    CDp =  0.00347

 Side 1  free  transition at x/c =  0.8379   67
 Side 2  free  transition at x/c =  0.0539   29

 134   rms: 0.4346E-02   max: -.7675E-01   C at   67  1
       a = -3.250      CL =  0.0447
      Cm = -0.0870     CD =  0.01020   =>   CDf =  0.00673    CDp =  0.00347

 Side 1  free  transition at x/c =  0.8379   67
 Side 2  free  transition at x/c =  0.0539   29

 135   rms: 0.4346E-02   max: -.7675E-01   C at   67  1
       a = -3.250      CL =  0.0447
      Cm = -0.0870     CD =  0.01020   =>   CDf =  0.00673    CDp =  0.00347

 Side 1  free  transition at x/c =  0.8379   67
 Side 2  free  transition at x/c =  0.0539   29

 136   rms: 0.4346E-02   max: -.7675E-01   C at   67  1
       a = -3.250      CL =  0.0447
      Cm = -0.0870     CD =  0.01020   =>   CDf =  0.00673    CDp =  0.00347

 Side 1  free  transition at x/c =  0.8379   67
 Side 2  free  transition at x/c =  0.0539   29

 137   rms: 0.4346E-02   max: -.7675E-01   C at   67  1
       a = -3.250      CL =  0.0447
      Cm = -0.0870     CD =  0.01020   =>   CDf =  0.00673    CDp =  0.00347

 Side 1  free  transition at x/c =  0.8379   67
 Side 2  free  transition at x/c =  0.0539   29

 138   rms: 0.4346E-02   max: -.7675E-01   C at   67  1
       a = -3.250      CL =  0.0447
      Cm = -0.0870     CD =  0.01020   =>   CDf =  0.00673    CDp =  0.00347

 Side 1  free  transition at x/c =  0.8379   67
 Side 2  free  transition at x/c =  0.0539   29

 139   rms: 0.4346E-02   max: -.7675E-01   C at   67  1
       a = -3.250      CL =  0.0447
      Cm = -0.0870     CD =  0.01020   =>   CDf =  0.00673    CDp =  0.00347

 Side 1  free  transition at x/c =  0.8379   67
 Side 2  free  transition at x/c =  0.0539   29

 140   rms: 0.4346E-02   max: -.7675E-01   C at   67  1
       a = -3.250      CL =  0.0447
      Cm = -0.0870     CD =  0.01020   =>   CDf =  0.00673    CDp =  0.00347

 Side 1  free  transition at x/c =  0.8379   67
 Side 2  free  transition at x/c =  0.0539   29

 141   rms: 0.4346E-02   max: -.7675E-01   C at   67  1
       a = -3.250      CL =  0.0447
      Cm = -0.0870     CD =  0.01020   =>   CDf =  0.00673    CDp =  0.00347

 Side 1  free  transition at x/c =  0.8379   67
 Side 2  free  transition at x/c =  0.0539   29

 142   rms: 0.4346E-02   max: -.7675E-01   C at   67  1
       a = -3.250      CL =  0.0447
      Cm = -0.0870     CD =  0.01020   =>   CDf =  0.00673    CDp =  0.00347

 Side 1  free  transition at x/c =  0.8379   67
 Side 2  free  transition at x/c =  0.0539   29

 143   rms: 0.4346E-02   max: -.7675E-01   C at   67  1
       a = -3.250      CL =  0.0447
      Cm = -0.0870     CD =  0.01020   =>   CDf =  0.00673    CDp =  0.00347

 Side 1  free  transition at x/c =  0.8379   67
 Side 2  free  transition at x/c =  0.0539   29

 144   rms: 0.4346E-02   max: -.7675E-01   C at   67  1
       a = -3.250      CL =  0.0447
      Cm = -0.0870     CD =  0.01020   =>   CDf =  0.00673    CDp =  0.00347

 Side 1  free  transition at x/c =  0.8379   67
 Side 2  free  transition at x/c =  0.0539   29

 145   rms: 0.4346E-02   max: -.7675E-01   C at   67  1
       a = -3.250      CL =  0.0447
      Cm = -0.0870     CD =  0.01020   =>   CDf =  0.00673    CDp =  0.00347

 Side 1  free  transition at x/c =  0.8379   67
 Side 2  free  transition at x/c =  0.0539   29

 146   rms: 0.4346E-02   max: -.7675E-01   C at   67  1
       a = -3.250      CL =  0.0447
      Cm = -0.0870     CD =  0.01020   =>   CDf =  0.00673    CDp =  0.00347

 Side 1  free  transition at x/c =  0.8379   67
 Side 2  free  transition at x/c =  0.0539   29

 147   rms: 0.4346E-02   max: -.7675E-01   C at   67  1
       a = -3.250      CL =  0.0447
      Cm = -0.0870     CD =  0.01020   =>   CDf =  0.00673    CDp =  0.00347

 Side 1  free  transition at x/c =  0.8379   67
 Side 2  free  transition at x/c =  0.0539   29

 148   rms: 0.4346E-02   max: -.7675E-01   C at   67  1
       a = -3.250      CL =  0.0447
      Cm = -0.0870     CD =  0.01020   =>   CDf =  0.00673    CDp =  0.00347

 Side 1  free  transition at x/c =  0.8379   67
 Side 2  free  transition at x/c =  0.0539   29

 149   rms: 0.4346E-02   max: -.7675E-01   C at   67  1
       a = -3.250      CL =  0.0447
      Cm = -0.0870     CD =  0.01020   =>   CDf =  0.00673    CDp =  0.00347

 Side 1  free  transition at x/c =  0.8379   67
 Side 2  free  transition at x/c =  0.0539   29

 150   rms: 0.4346E-02   max: -.7675E-01   C at   67  1
       a = -3.250      CL =  0.0447
      Cm = -0.0870     CD =  0.01020   =>   CDf =  0.00673    CDp =  0.00347

 Side 1  free  transition at x/c =  0.8379   67
 Side 2  free  transition at x/c =  0.0539   29

 151   rms: 0.4346E-02   max: -.7675E-01   C at   67  1
       a = -3.250      CL =  0.0447
      Cm = -0.0870     CD =  0.01020   =>   CDf =  0.00673    CDp =  0.00347

 Side 1  free  transition at x/c =  0.8379   67
 Side 2  free  transition at x/c =  0.0539   29

 152   rms: 0.4346E-02   max: -.7675E-01   C at   67  1
       a = -3.250      CL =  0.0447
      Cm = -0.0870     CD =  0.01020   =>   CDf =  0.00673    CDp =  0.00347

 Side 1  free  transition at x/c =  0.8379   67
 Side 2  free  transition at x/c =  0.0539   29

 153   rms: 0.4346E-02   max: -.7675E-01   C at   67  1
       a = -3.250      CL =  0.0447
      Cm = -0.0870     CD =  0.01020   =>   CDf =  0.00673    CDp =  0.00347

 Side 1  free  transition at x/c =  0.8379   67
 Side 2  free  transition at x/c =  0.0539   29

 154   rms: 0.4346E-02   max: -.7675E-01   C at   67  1
       a = -3.250      CL =  0.0447
      Cm = -0.0870     CD =  0.01020   =>   CDf =  0.00673    CDp =  0.00347

 Side 1  free  transition at x/c =  0.8379   67
 Side 2  free  transition at x/c =  0.0539   29

 155   rms: 0.4346E-02   max: -.7675E-01   C at   67  1
       a = -3.250      CL =  0.0447
      Cm = -0.0870     CD =  0.01020   =>   CDf =  0.00673    CDp =  0.00347

 Side 1  free  transition at x/c =  0.8379   67
 Side 2  free  transition at x/c =  0.0539   29

 156   rms: 0.4346E-02   max: -.7675E-01   C at   67  1
       a = -3.250      CL =  0.0447
      Cm = -0.0870     CD =  0.01020   =>   CDf =  0.00673    CDp =  0.00347

 Side 1  free  transition at x/c =  0.8379   67
 Side 2  free  transition at x/c =  0.0539   29

 157   rms: 0.4346E-02   max: -.7675E-01   C at   67  1
       a = -3.250      CL =  0.0447
      Cm = -0.0870     CD =  0.01020   =>   CDf =  0.00673    CDp =  0.00347

 Side 1  free  transition at x/c =  0.8379   67
 Side 2  free  transition at x/c =  0.0539   29

 158   rms: 0.4346E-02   max: -.7675E-01   C at   67  1
       a = -3.250      CL =  0.0447
      Cm = -0.0870     CD =  0.01020   =>   CDf =  0.00673    CDp =  0.00347

 Side 1  free  transition at x/c =  0.8379   67
 Side 2  free  transition at x/c =  0.0539   29

 159   rms: 0.4346E-02   max: -.7675E-01   C at   67  1
       a = -3.250      CL =  0.0447
      Cm = -0.0870     CD =  0.01020   =>   CDf =  0.00673    CDp =  0.00347

 Side 1  free  transition at x/c =  0.8379   67
 Side 2  free  transition at x/c =  0.0539   29

 160   rms: 0.4346E-02   max: -.7675E-01   C at   67  1
       a = -3.250      CL =  0.0447
      Cm = -0.0870     CD =  0.01020   =>   CDf =  0.00673    CDp =  0.00347

 Side 1  free  transition at x/c =  0.8379   67
 Side 2  free  transition at x/c =  0.0539   29

 161   rms: 0.4346E-02   max: -.7675E-01   C at   67  1
       a = -3.250      CL =  0.0447
      Cm = -0.0870     CD =  0.01020   =>   CDf =  0.00673    CDp =  0.00347

 Side 1  free  transition at x/c =  0.8379   67
 Side 2  free  transition at x/c =  0.0539   29

 162   rms: 0.4346E-02   max: -.7675E-01   C at   67  1
       a = -3.250      CL =  0.0447
      Cm = -0.0870     CD =  0.01020   =>   CDf =  0.00673    CDp =  0.00347

 Side 1  free  transition at x/c =  0.8379   67
 Side 2  free  transition at x/c =  0.0539   29

 163   rms: 0.4346E-02   max: -.7675E-01   C at   67  1
       a = -3.250      CL =  0.0447
      Cm = -0.0870     CD =  0.01020   =>   CDf =  0.00673    CDp =  0.00347

 Side 1  free  transition at x/c =  0.8379   67
 Side 2  free  transition at x/c =  0.0539   29

 164   rms: 0.4346E-02   max: -.7675E-01   C at   67  1
       a = -3.250      CL =  0.0447
      Cm = -0.0870     CD =  0.01020   =>   CDf =  0.00673    CDp =  0.00347

 Side 1  free  transition at x/c =  0.8379   67
 Side 2  free  transition at x/c =  0.0539   29

 165   rms: 0.4346E-02   max: -.7675E-01   C at   67  1
       a = -3.250      CL =  0.0447
      Cm = -0.0870     CD =  0.01020   =>   CDf =  0.00673    CDp =  0.00347

 Side 1  free  transition at x/c =  0.8379   67
 Side 2  free  transition at x/c =  0.0539   29

 166   rms: 0.4346E-02   max: -.7675E-01   C at   67  1
       a = -3.250      CL =  0.0447
      Cm = -0.0870     CD =  0.01020   =>   CDf =  0.00673    CDp =  0.00347

 Side 1  free  transition at x/c =  0.8379   67
 Side 2  free  transition at x/c =  0.0539   29

 167   rms: 0.4346E-02   max: -.7675E-01   C at   67  1
       a = -3.250      CL =  0.0447
      Cm = -0.0870     CD =  0.01020   =>   CDf =  0.00673    CDp =  0.00347

 Side 1  free  transition at x/c =  0.8379   67
 Side 2  free  transition at x/c =  0.0539   29

 168   rms: 0.4346E-02   max: -.7675E-01   C at   67  1
       a = -3.250      CL =  0.0447
      Cm = -0.0870     CD =  0.01020   =>   CDf =  0.00673    CDp =  0.00347

 Side 1  free  transition at x/c =  0.8379   67
 Side 2  free  transition at x/c =  0.0539   29

 169   rms: 0.4346E-02   max: -.7675E-01   C at   67  1
       a = -3.250      CL =  0.0447
      Cm = -0.0870     CD =  0.01020   =>   CDf =  0.00673    CDp =  0.00347

 Side 1  free  transition at x/c =  0.8379   67
 Side 2  free  transition at x/c =  0.0539   29

 170   rms: 0.4346E-02   max: -.7675E-01   C at   67  1
       a = -3.250      CL =  0.0447
      Cm = -0.0870     CD =  0.01020   =>   CDf =  0.00673    CDp =  0.00347

 Side 1  free  transition at x/c =  0.8379   67
 Side 2  free  transition at x/c =  0.0539   29

 171   rms: 0.4346E-02   max: -.7675E-01   C at   67  1
       a = -3.250      CL =  0.0447
      Cm = -0.0870     CD =  0.01020   =>   CDf =  0.00673    CDp =  0.00347

 Side 1  free  transition at x/c =  0.8379   67
 Side 2  free  transition at x/c =  0.0539   29

 172   rms: 0.4346E-02   max: -.7675E-01   C at   67  1
       a = -3.250      CL =  0.0447
      Cm = -0.0870     CD =  0.01020   =>   CDf =  0.00673    CDp =  0.00347

 Side 1  free  transition at x/c =  0.8379   67
 Side 2  free  transition at x/c =  0.0539   29

 173   rms: 0.4346E-02   max: -.7675E-01   C at   67  1
       a = -3.250      CL =  0.0447
      Cm = -0.0870     CD =  0.01020   =>   CDf =  0.00673    CDp =  0.00347

 Side 1  free  transition at x/c =  0.8379   67
 Side 2  free  transition at x/c =  0.0539   29

 174   rms: 0.4346E-02   max: -.7675E-01   C at   67  1
       a = -3.250      CL =  0.0447
      Cm = -0.0870     CD =  0.01020   =>   CDf =  0.00673    CDp =  0.00347

 Side 1  free  transition at x/c =  0.8379   67
 Side 2  free  transition at x/c =  0.0539   29

 175   rms: 0.4346E-02   max: -.7675E-01   C at   67  1
       a = -3.250      CL =  0.0447
      Cm = -0.0870     CD =  0.01020   =>   CDf =  0.00673    CDp =  0.00347

 Side 1  free  transition at x/c =  0.8379   67
 Side 2  free  transition at x/c =  0.0539   29

 176   rms: 0.4346E-02   max: -.7675E-01   C at   67  1
       a = -3.250      CL =  0.0447
      Cm = -0.0870     CD =  0.01020   =>   CDf =  0.00673    CDp =  0.00347

 Side 1  free  transition at x/c =  0.8379   67
 Side 2  free  transition at x/c =  0.0539   29

 177   rms: 0.4346E-02   max: -.7675E-01   C at   67  1
       a = -3.250      CL =  0.0447
      Cm = -0.0870     CD =  0.01020   =>   CDf =  0.00673    CDp =  0.00347

 Side 1  free  transition at x/c =  0.8379   67
 Side 2  free  transition at x/c =  0.0539   29

 178   rms: 0.4346E-02   max: -.7675E-01   C at   67  1
       a = -3.250      CL =  0.0447
      Cm = -0.0870     CD =  0.01020   =>   CDf =  0.00673    CDp =  0.00347

 Side 1  free  transition at x/c =  0.8379   67
 Side 2  free  transition at x/c =  0.0539   29

 179   rms: 0.4346E-02   max: -.7675E-01   C at   67  1
       a = -3.250      CL =  0.0447
      Cm = -0.0870     CD =  0.01020   =>   CDf =  0.00673    CDp =  0.00347

 Side 1  free  transition at x/c =  0.8379   67
 Side 2  free  transition at x/c =  0.0539   29

 180   rms: 0.4346E-02   max: -.7675E-01   C at   67  1
       a = -3.250      CL =  0.0447
      Cm = -0.0870     CD =  0.01020   =>   CDf =  0.00673    CDp =  0.00347

 Side 1  free  transition at x/c =  0.8379   67
 Side 2  free  transition at x/c =  0.0539   29

 181   rms: 0.4346E-02   max: -.7675E-01   C at   67  1
       a = -3.250      CL =  0.0447
      Cm = -0.0870     CD =  0.01020   =>   CDf =  0.00673    CDp =  0.00347

 Side 1  free  transition at x/c =  0.8379   67
 Side 2  free  transition at x/c =  0.0539   29

 182   rms: 0.4346E-02   max: -.7675E-01   C at   67  1
       a = -3.250      CL =  0.0447
      Cm = -0.0870     CD =  0.01020   =>   CDf =  0.00673    CDp =  0.00347

 Side 1  free  transition at x/c =  0.8379   67
 Side 2  free  transition at x/c =  0.0539   29

 183   rms: 0.4346E-02   max: -.7675E-01   C at   67  1
       a = -3.250      CL =  0.0447
      Cm = -0.0870     CD =  0.01020   =>   CDf =  0.00673    CDp =  0.00347

 Side 1  free  transition at x/c =  0.8379   67
 Side 2  free  transition at x/c =  0.0539   29

 184   rms: 0.4346E-02   max: -.7675E-01   C at   67  1
       a = -3.250      CL =  0.0447
      Cm = -0.0870     CD =  0.01020   =>   CDf =  0.00673    CDp =  0.00347

 Side 1  free  transition at x/c =  0.8379   67
 Side 2  free  transition at x/c =  0.0539   29

 185   rms: 0.4346E-02   max: -.7675E-01   C at   67  1
       a = -3.250      CL =  0.0447
      Cm = -0.0870     CD =  0.01020   =>   CDf =  0.00673    CDp =  0.00347

 Side 1  free  transition at x/c =  0.8379   67
 Side 2  free  transition at x/c =  0.0539   29

 186   rms: 0.4346E-02   max: -.7675E-01   C at   67  1
       a = -3.250      CL =  0.0447
      Cm = -0.0870     CD =  0.01020   =>   CDf =  0.00673    CDp =  0.00347

 Side 1  free  transition at x/c =  0.8379   67
 Side 2  free  transition at x/c =  0.0539   29

 187   rms: 0.4346E-02   max: -.7675E-01   C at   67  1
       a = -3.250      CL =  0.0447
      Cm = -0.0870     CD =  0.01020   =>   CDf =  0.00673    CDp =  0.00347

 Side 1  free  transition at x/c =  0.8379   67
 Side 2  free  transition at x/c =  0.0539   29

 188   rms: 0.4346E-02   max: -.7675E-01   C at   67  1
       a = -3.250      CL =  0.0447
      Cm = -0.0870     CD =  0.01020   =>   CDf =  0.00673    CDp =  0.00347

 Side 1  free  transition at x/c =  0.8379   67
 Side 2  free  transition at x/c =  0.0539   29

 189   rms: 0.4346E-02   max: -.7675E-01   C at   67  1
       a = -3.250      CL =  0.0447
      Cm = -0.0870     CD =  0.01020   =>   CDf =  0.00673    CDp =  0.00347

 Side 1  free  transition at x/c =  0.8379   67
 Side 2  free  transition at x/c =  0.0539   29

 190   rms: 0.4346E-02   max: -.7675E-01   C at   67  1
       a = -3.250      CL =  0.0447
      Cm = -0.0870     CD =  0.01020   =>   CDf =  0.00673    CDp =  0.00347

 Side 1  free  transition at x/c =  0.8379   67
 Side 2  free  transition at x/c =  0.0539   29

 191   rms: 0.4346E-02   max: -.7675E-01   C at   67  1
       a = -3.250      CL =  0.0447
      Cm = -0.0870     CD =  0.01020   =>   CDf =  0.00673    CDp =  0.00347

 Side 1  free  transition at x/c =  0.8379   67
 Side 2  free  transition at x/c =  0.0539   29

 192   rms: 0.4346E-02   max: -.7675E-01   C at   67  1
       a = -3.250      CL =  0.0447
      Cm = -0.0870     CD =  0.01020   =>   CDf =  0.00673    CDp =  0.00347

 Side 1  free  transition at x/c =  0.8379   67
 Side 2  free  transition at x/c =  0.0539   29

 193   rms: 0.4346E-02   max: -.7675E-01   C at   67  1
       a = -3.250      CL =  0.0447
      Cm = -0.0870     CD =  0.01020   =>   CDf =  0.00673    CDp =  0.00347

 Side 1  free  transition at x/c =  0.8379   67
 Side 2  free  transition at x/c =  0.0539   29

 194   rms: 0.4346E-02   max: -.7675E-01   C at   67  1
       a = -3.250      CL =  0.0447
      Cm = -0.0870     CD =  0.01020   =>   CDf =  0.00673    CDp =  0.00347

 Side 1  free  transition at x/c =  0.8379   67
 Side 2  free  transition at x/c =  0.0539   29

 195   rms: 0.4346E-02   max: -.7675E-01   C at   67  1
       a = -3.250      CL =  0.0447
      Cm = -0.0870     CD =  0.01020   =>   CDf =  0.00673    CDp =  0.00347

 Side 1  free  transition at x/c =  0.8379   67
 Side 2  free  transition at x/c =  0.0539   29

 196   rms: 0.4346E-02   max: -.7675E-01   C at   67  1
       a = -3.250      CL =  0.0447
      Cm = -0.0870     CD =  0.01020   =>   CDf =  0.00673    CDp =  0.00347

 Side 1  free  transition at x/c =  0.8379   67
 Side 2  free  transition at x/c =  0.0539   29

 197   rms: 0.4346E-02   max: -.7675E-01   C at   67  1
       a = -3.250      CL =  0.0447
      Cm = -0.0870     CD =  0.01020   =>   CDf =  0.00673    CDp =  0.00347

 Side 1  free  transition at x/c =  0.8379   67
 Side 2  free  transition at x/c =  0.0539   29

 198   rms: 0.4346E-02   max: -.7675E-01   C at   67  1
       a = -3.250      CL =  0.0447
      Cm = -0.0870     CD =  0.01020   =>   CDf =  0.00673    CDp =  0.00347

 Side 1  free  transition at x/c =  0.8379   67
 Side 2  free  transition at x/c =  0.0539   29

 199   rms: 0.4346E-02   max: -.7675E-01   C at   67  1
       a = -3.250      CL =  0.0447
      Cm = -0.0870     CD =  0.01020   =>   CDf =  0.00673    CDp =  0.00347

 Side 1  free  transition at x/c =  0.8379   67
 Side 2  free  transition at x/c =  0.0539   29

 200   rms: 0.4346E-02   max: -.7675E-01   C at   67  1
       a = -3.250      CL =  0.0447
      Cm = -0.0870     CD =  0.01020   =>   CDf =  0.00673    CDp =  0.00347

 Side 1  free  transition at x/c =  0.8379   67
 Side 2  free  transition at x/c =  0.0539   29

 201   rms: 0.4346E-02   max: -.7675E-01   C at   67  1
       a = -3.250      CL =  0.0447
      Cm = -0.0870     CD =  0.01020   =>   CDf =  0.00673    CDp =  0.00347

 Side 1  free  transition at x/c =  0.8379   67
 Side 2  free  transition at x/c =  0.0539   29

 202   rms: 0.4346E-02   max: -.7675E-01   C at   67  1
       a = -3.250      CL =  0.0447
      Cm = -0.0870     CD =  0.01020   =>   CDf =  0.00673    CDp =  0.00347

 Side 1  free  transition at x/c =  0.8379   67
 Side 2  free  transition at x/c =  0.0539   29

 203   rms: 0.4346E-02   max: -.7675E-01   C at   67  1
       a = -3.250      CL =  0.0447
      Cm = -0.0870     CD =  0.01020   =>   CDf =  0.00673    CDp =  0.00347

 Side 1  free  transition at x/c =  0.8379   67
 Side 2  free  transition at x/c =  0.0539   29

 204   rms: 0.4346E-02   max: -.7675E-01   C at   67  1
       a = -3.250      CL =  0.0447
      Cm = -0.0870     CD =  0.01020   =>   CDf =  0.00673    CDp =  0.00347

 Side 1  free  transition at x/c =  0.8379   67
 Side 2  free  transition at x/c =  0.0539   29

 205   rms: 0.4346E-02   max: -.7675E-01   C at   67  1
       a = -3.250      CL =  0.0447
      Cm = -0.0870     CD =  0.01020   =>   CDf =  0.00673    CDp =  0.00347
 VISCAL:  Convergence failed
      9.000    4.8257   0.010199   0.002094   0.002416   0.000322    0.8379     #
 Calculating wake trajectory ...
 Calculating source influence matrix ...

 Solving BL system ...

 Side 1  free  transition at x/c =  0.8379   67
 Side 2  free  transition at x/c =  0.0539   29

   1   rms: 0.4851E-01   max: -.2695E+00   T at   29  2
       a = -3.000      CL =  0.0706
      Cm = -0.0866     CD =  0.00994   =>   CDf =  0.00681    CDp =  0.00313

 Side 1  free  transition at x/c =  0.8265   68
 Side 2  free  transition at x/c =  0.0565   28

   2   rms: 0.1476E-01   max: -.1484E+00   D at   28  2
       a = -3.000      CL =  0.0712
      Cm = -0.0866     CD =  0.00998   =>   CDf =  0.00675    CDp =  0.00323

 Side 1  free  transition at x/c =  0.8287   68
 Side 2  free  transition at x/c =  0.0570   28

   3   rms: 0.7381E-03   max: 0.6222E-02   D at    4  1
       a = -3.000      CL =  0.0713
      Cm = -0.0866     CD =  0.00999   =>   CDf =  0.00672    CDp =  0.00326

 Side 1  free  transition at x/c =  0.8286   68
 Side 2  free  transition at x/c =  0.0570   28

   4   rms: 0.8912E-06   max: -.7990E-05   C at   68  1
       a = -3.000      CL =  0.0713
      Cm = -0.0866     CD =  0.00999   =>   CDf =  0.00672    CDp =  0.00326
      9.000    4.8280   0.009985   0.002103   0.002430   0.000327    0.8286     #

 Point added to stored polar  1
 Point written to save file  clarky_re480000_clean.polar                     
 Dump file unspecified or not available
 Calculating wake trajectory ...
 Calculating source influence matrix ...

 Solving BL system ...

 Side 1  free  transition at x/c =  0.8286   68
 Side 2  free  transition at x/c =  0.0570   28

   1   rms: 0.4728E-01   max: -.2490E+00   T at   28  2
       a = -2.750      CL =  0.0983
      Cm = -0.0863     CD =  0.00980   =>   CDf =  0.00672    CDp =  0.00307

 Side 1  free  transition at x/c =  0.8182   67
 Side 2  free  transition at x/c =  0.0617   29

   2   rms: 0.1772E-01   max: -.2417E+00   D at   29  2
       a = -2.750      CL =  0.0984
      Cm = -0.0863     CD =  0.00976   =>   CDf =  0.00679    CDp =  0.00297

 Side 1  free  transition at x/c =  0.8192   67
 Side 2  free  transition at x/c =  0.0620   29

   3   rms: 0.4735E-02   max: -.7570E-01   C at   67  1
       a = -2.750      CL =  0.0984
      Cm = -0.0863     CD =  0.00977   =>   CDf =  0.00678    CDp =  0.00299

 Side 1  free  transition at x/c =  0.8193   68
 Side 2  free  transition at x/c =  0.0618   29

   4   rms: 0.3667E-02   max: -.5433E-01   D at   67  1
       a = -2.750      CL =  0.0983
      Cm = -0.0863     CD =  0.00976   =>   CDf =  0.00678    CDp =  0.00298

 Side 1  free  transition at x/c =  0.8197   68
 Side 2  free  transition at x/c =  0.0618   29

   5   rms: 0.4150E-03   max: -.5813E-02   D at   69  1
       a = -2.750      CL =  0.0984
      Cm = -0.0863     CD =  0.00977   =>   CDf =  0.00675    CDp =  0.00301

 Side 1  free  transition at x/c =  0.8196   68
 Side 2  free  transition at x/c =  0.0618   29

   6   rms: 0.3674E-05   max: -.7015E-04   D at   69  1
       a = -2.750      CL =  0.0984
      Cm = -0.0863     CD =  0.00977   =>   CDf =  0.00676    CDp =  0.00301
      9.000    4.7491   0.009768   0.002118   0.002415   0.000297    0.8196     #

 Point added to stored polar  1
 Point written to save file  clarky_re480000_clean.polar                     
 Dump file unspecified or not available
 Calculating wake trajectory ...
 Calculating source influence matrix ...

 Solving BL system ...

 Side 1  free  transition at x/c =  0.8196   68
 Side 2  free  transition at x/c =  0.0618   29

   1   rms: 0.5163E-01   max: -.3167E+00   T at   29  2
       a = -2.500      CL =  0.1261
      Cm = -0.0861     CD =  0.00963   =>   CDf =  0.00676    CDp =  0.00287

 Side 1  free  transition at x/c =  0.8115   67
 Side 2  free  transition at x/c =  0.0717   31

   2   rms: 0.1099E-01   max: 0.2142E+00   D at   31  2
       a = -2.500      CL =  0.1248
      Cm = -0.0859     CD =  0.00951   =>   CDf =  0.00671    CDp =  0.00280

 Side 1  free  transition at x/c =  0.8092   67
 Side 2  free  transition at x/c =  0.0725   31

   3   rms: 0.7421E-03   max: 0.9814E-02   C at   31  2
       a = -2.500      CL =  0.1249
      Cm = -0.0859     CD =  0.00952   =>   CDf =  0.00670    CDp =  0.00282

 Side 1  free  transition at x/c =  0.8094   67
 Side 2  free  transition at x/c =  0.0725   31

   4   rms: 0.5929E-05   max: 0.9089E-04   C at   31  2
       a = -2.500      CL =  0.1249
      Cm = -0.0859     CD =  0.00952   =>   CDf =  0.00670    CDp =  0.00282
      9.000    4.7259   0.009523   0.002130   0.002427   0.000297    0.8094     #

 Point added to stored polar  1
 Point written to save file  clarky_re480000_clean.polar                     
 Dump file unspecified or not available
 Calculating wake trajectory ...
 Calculating source influence matrix ...

 Solving BL system ...

 Side 1  free  transition at x/c =  0.8094   67
 Side 2  free  transition at x/c =  0.0725   31

   1   rms: 0.7320E-01   max: -.6980E+00   C at   31  2   RLX: 0.716
       a = -2.250      CL =  0.1440
      Cm = -0.0857     CD =  0.00935   =>   CDf =  0.00674    CDp =  0.00261

 Side 1  free  transition at x/c =  0.8023   68
 Side 2  free  transition at x/c =  0.0889   32

   2   rms: 0.3013E-01   max: -.3570E+00   T at   32  2
       a = -2.250      CL =  0.1521
      Cm = -0.0856     CD =  0.00934   =>   CDf =  0.00671    CDp =  0.00263

 Side 1  free  transition at x/c =  0.8006   68
 Side 2  free  transition at x/c =  0.1068   35

   3   rms: 0.1099E-01   max: -.1790E+00   D at   34  2
       a = -2.250      CL =  0.1515
      Cm = -0.0856     CD =  0.00921   =>   CDf =  0.00664    CDp =  0.00256

 Side 1  free  transition at x/c =  0.8006   68
 Side 2  free  transition at x/c =  0.1062   34

   4   rms: 0.4456E-02   max: 0.9454E-01   C at   34  2
       a = -2.250      CL =  0.1515
      Cm = -0.0856     CD =  0.00921   =>   CDf =  0.00661    CDp =  0.00260

 Side 1  free  transition at x/c =  0.8006   68
 Side 2  free  transition at x/c =  0.1045   34

   5   rms: 0.1501E-03   max: -.3005E-02   C at   34  2
       a = -2.250      CL =  0.1515
      Cm = -0.0856     CD =  0.00921   =>   CDf =  0.00662    CDp =  0.00259

 Side 1  free  transition at x/c =  0.8006   68
 Side 2  free  transition at x/c =  0.1045   34

   6   rms: 0.7434E-06   max: -.2462E-05   D at   40  2
       a = -2.250      CL =  0.1515
      Cm = -0.0856     CD =  0.00921   =>   CDf =  0.00662    CDp =  0.00259
      9.000    4.6719   0.009212   0.002145   0.002414   0.000269    0.8006     #

 Point added to stored polar  1
 Point written to save file  clarky_re480000_clean.polar                     
 Dump file unspecified or not available
 Calculating wake trajectory ...
 Calculating source influence matrix ...

 Solving BL system ...

 Side 1  free  transition at x/c =  0.8006   68
 Side 2  free  transition at x/c =  0.1045   34

   1   rms: 0.9483E-01   max: -.1579E+01   C at   34  2   RLX: 0.317
       a = -2.000      CL =  0.1600
      Cm = -0.0855     CD =  0.00914   =>   CDf =  0.00662    CDp =  0.00252

 Side 1  free  transition at x/c =  0.7982   67
 Side 2  free  transition at x/c =  0.1152   35

   2   rms: 0.3908E-01   max: -.3023E+00   T at   35  2
       a = -2.000      CL =  0.1782
      Cm = -0.0853     CD =  0.00905   =>   CDf =  0.00660    CDp =  0.00244

 Side 1  free  transition at x/c =  0.7890   67
 Side 2  free  transition at x/c =  0.1630   39

   3   rms: 0.1681E-01   max: 0.3098E+00   D at   35  2
       a = -2.000      CL =  0.1772
      Cm = -0.0853     CD =  0.00883   =>   CDf =  0.00642    CDp =  0.00241

 Side 1  free  transition at x/c =  0.7904   67
 Side 2  free  transition at x/c =  0.1551   39

   4   rms: 0.8963E-02   max: 0.1646E+00   C at   39  2
       a = -2.000      CL =  0.1775
      Cm = -0.0853     CD =  0.00890   =>   CDf =  0.00642    CDp =  0.00248

 Side 1  free  transition at x/c =  0.7904   67
 Side 2  free  transition at x/c =  0.1492   38

   5   rms: 0.3045E-03   max: 0.4366E-02   C at   38  2
       a = -2.000      CL =  0.1776
      Cm = -0.0853     CD =  0.00890   =>   CDf =  0.00644    CDp =  0.00246

 Side 1  free  transition at x/c =  0.7904   67
 Side 2  free  transition at x/c =  0.1490   38

   6   rms: 0.7341E-06   max: -.1293E-04   D at   38  2
       a = -2.000      CL =  0.1776
      Cm = -0.0853     CD =  0.00890   =>   CDf =  0.00644    CDp =  0.00246
      9.000    4.6488   0.008904   0.002157   0.002430   0.000273    0.7904     #

 Point added to stored polar  1
 Point written to save file  clarky_re480000_clean.polar                     
 Dump file unspecified or not available
 Calculating wake trajectory ...
 Calculating source influence matrix ...

 Solving BL system ...

 Side 1  free  transition at x/c =  0.7904   67
 Side 2  free  transition at x/c =  0.1490   38

   1   rms: 0.9766E-01   max: -.1924E+01   C at   38  2   RLX: 0.260
       a = -1.750      CL =  0.1844
      Cm = -0.0852     CD =  0.00884   =>   CDf =  0.00645    CDp =  0.00240

 Side 1  free  transition at x/c =  0.7876   67
 Side 2  free  transition at x/c =  0.1631   39

   2   rms: 0.7160E-01   max: -.1420E+01   C at   39  2   RLX: 0.352
       a = -1.750      CL =  0.1912
      Cm = -0.0851     CD =  0.00878   =>   CDf =  0.00641    CDp =  0.00237

 Side 1  free  transition at x/c =  0.7851   67
 Side 2  free  transition at x/c =  0.1775   40

   3   rms: 0.3380E-01   max: -.5576E+00   C at   40  2   RLX: 0.897
       a = -1.750      CL =  0.2029
      Cm = -0.0850     CD =  0.00872   =>   CDf =  0.00638    CDp =  0.00234

 Side 1  free  transition at x/c =  0.7813   67
 Side 2  free  transition at x/c =  0.2077   42

   4   rms: 0.1158E-01   max: -.2260E+00   C at   42  2
       a = -1.750      CL =  0.2039
      Cm = -0.0850     CD =  0.00865   =>   CDf =  0.00633    CDp =  0.00232

 Side 1  free  transition at x/c =  0.7810   66
 Side 2  free  transition at x/c =  0.2068   42

   5   rms: 0.6290E-03   max: 0.1202E-01   C at   42  2
       a = -1.750      CL =  0.2039
      Cm = -0.0850     CD =  0.00865   =>   CDf =  0.00631    CDp =  0.00235

 Side 1  free  transition at x/c =  0.7810   66
 Side 2  free  transition at x/c =  0.2063   42

   6   rms: 0.8163E-05   max: -.1823E-03   C at   42  2
       a = -1.750      CL =  0.2039
      Cm = -0.0850     CD =  0.00865   =>   CDf =  0.00631    CDp =  0.00235
      9.000    4.5858   0.008654   0.002174   0.002412   0.000238    0.7810     #

 Point added to stored polar  1
 Point written to save file  clarky_re480000_clean.polar                     
 Dump file unspecified or not available
 Calculating wake trajectory ...
 Calculating source influence matrix ...

 Solving BL system ...

 Side 1  free  transition at x/c =  0.7810   66
 Side 2  free  transition at x/c =  0.2063   42

   1   rms: 0.8439E-01   max: -.1585E+01   C at   42  2   RLX: 0.315
       a = -1.500      CL =  0.2122
      Cm = -0.0849     CD =  0.00859   =>   CDf =  0.00631    CDp =  0.00228

 Side 1  free  transition at x/c =  0.7775   66
 Side 2  free  transition at x/c =  0.2242   43

   2   rms: 0.4112E-01   max: -.5685E+00   C at   43  2   RLX: 0.879
       a = -1.500      CL =  0.2284
      Cm = -0.0847     CD =  0.00851   =>   CDf =  0.00622    CDp =  0.00229

 Side 1  free  transition at x/c =  0.7707   67
 Side 2  free  transition at x/c =  0.2652   45

   3   rms: 0.7900E-02   max: 0.9753E-01   D at   42  2
       a = -1.500      CL =  0.2302
      Cm = -0.0847     CD =  0.00842   =>   CDf =  0.00614    CDp =  0.00228

 Side 1  free  transition at x/c =  0.7706   67
 Side 2  free  transition at x/c =  0.2612   45

   4   rms: 0.6850E-03   max: -.5890E-02   D at   44  2
       a = -1.500      CL =  0.2303
      Cm = -0.0847     CD =  0.00843   =>   CDf =  0.00615    CDp =  0.00228

 Side 1  free  transition at x/c =  0.7705   67
 Side 2  free  transition at x/c =  0.2608   45

   5   rms: 0.1643E-05   max: 0.2215E-04   D at   46  2
       a = -1.500      CL =  0.2303
      Cm = -0.0847     CD =  0.00843   =>   CDf =  0.00615    CDp =  0.00228
      9.000    4.5556   0.008432   0.002188   0.002431   0.000243    0.7705     #

 Point added to stored polar  1
 Point written to save file  clarky_re480000_clean.polar                     
 Dump file unspecified or not available
 Calculating wake trajectory ...
 Calculating source influence matrix ...

 Solving BL system ...

 Side 1  free  transition at x/c =  0.7705   67
 Side 2  free  transition at x/c =  0.2608   45

   1   rms: 0.8475E-01   max: -.1221E+01   C at   45  2   RLX: 0.409
       a = -1.250      CL =  0.2409
      Cm = -0.0846     CD =  0.00832   =>   CDf =  0.00615    CDp =  0.00217

 Side 1  free  transition at x/c =  0.7665   67
 Side 2  free  transition at x/c =  0.2762   45

   2   rms: 0.3425E-01   max: -.4120E+00   C at   45  2
       a = -1.250      CL =  0.2574
      Cm = -0.0844     CD =  0.00835   =>   CDf =  0.00614    CDp =  0.00221

 Side 1  free  transition at x/c =  0.7616   66
 Side 2  free  transition at x/c =  0.3202   48

   3   rms: 0.6118E-02   max: 0.9431E-01   D at   45  2
       a = -1.250      CL =  0.2568
      Cm = -0.0844     CD =  0.00825   =>   CDf =  0.00604    CDp =  0.00221

 Side 1  free  transition at x/c =  0.7616   66
 Side 2  free  transition at x/c =  0.3139   47

   4   rms: 0.4370E-03   max: -.6954E-02   D at   47  2
       a = -1.250      CL =  0.2569
      Cm = -0.0844     CD =  0.00826   =>   CDf =  0.00605    CDp =  0.00221

 Side 1  free  transition at x/c =  0.7616   66
 Side 2  free  transition at x/c =  0.3135   47

   5   rms: 0.5326E-05   max: -.1074E-03   C at   47  2
       a = -1.250      CL =  0.2569
      Cm = -0.0844     CD =  0.00826   =>   CDf =  0.00605    CDp =  0.00221
      9.000    4.5133   0.008256   0.002205   0.002418   0.000213    0.7616     #

 Point added to stored polar  1
 Point written to save file  clarky_re480000_clean.polar                     
 Dump file unspecified or not available
 Calculating wake trajectory ...
 Calculating source influence matrix ...

 Solving BL system ...

 Side 1  free  transition at x/c =  0.7616   66
 Side 2  free  transition at x/c =  0.3135   47

   1   rms: 0.7155E-01   max: -.1209E+01   C at   47  2   RLX: 0.414
       a = -1.000      CL =  0.2679
      Cm = -0.0843     CD =  0.00819   =>   CDf =  0.00605    CDp =  0.00214

 Side 1  free  transition at x/c =  0.7572   66
 Side 2  free  transition at x/c =  0.3356   49

   2   rms: 0.5748E-01   max: -.9626E+00   C at   49  2   RLX: 0.519
       a = -1.000      CL =  0.2756
      Cm = -0.0842     CD =  0.00807   =>   CDf =  0.00598    CDp =  0.00209

 Side 1  free  transition at x/c =  0.7542   66
 Side 2  free  transition at x/c =  0.3509   49

   3   rms: 0.2886E-01   max: -.5653E+00   C at   49  2   RLX: 0.885
       a = -1.000      CL =  0.2824
      Cm = -0.0841     CD =  0.00806   =>   CDf =  0.00593    CDp =  0.00213

 Side 1  free  transition at x/c =  0.7520   66
 Side 2  free  transition at x/c =  0.3745   51

   4   rms: 0.9080E-02   max: -.1855E+00   C at   51  2
       a = -1.000      CL =  0.2829
      Cm = -0.0841     CD =  0.00799   =>   CDf =  0.00585    CDp =  0.00214

 Side 1  free  transition at x/c =  0.7518   66
 Side 2  free  transition at x/c =  0.3798   51

   5   rms: 0.3672E-03   max: -.7907E-02   C at   51  2
       a = -1.000      CL =  0.2829
      Cm = -0.0841     CD =  0.00799   =>   CDf =  0.00583    CDp =  0.00217

 Side 1  free  transition at x/c =  0.7518   66
 Side 2  free  transition at x/c =  0.3801   51

   6   rms: 0.1005E-05   max: -.5359E-05   D at   56  2
       a = -1.000      CL =  0.2829
      Cm = -0.0841     CD =  0.00799   =>   CDf =  0.00582    CDp =  0.00217
      9.000    4.4967   0.007994   0.002219   0.002442   0.000223    0.7518     #

 Point added to stored polar  1
 Point written to save file  clarky_re480000_clean.polar                     
 Dump file unspecified or not available
 Calculating wake trajectory ...
 Calculating source influence matrix ...

 Solving BL system ...

 Side 1  free  transition at x/c =  0.7518   66
 Side 2  free  transition at x/c =  0.3801   51

   1   rms: 0.1114E+00   max: -.2194E+01   C at   51  2   RLX: 0.228
       a = -0.750      CL =  0.2887
      Cm = -0.0840     CD =  0.00793   =>   CDf =  0.00583    CDp =  0.00211

 Side 1  free  transition at x/c =  0.7496   66
 Side 2  free  transition at x/c =  0.3954   52

   2   rms: 0.9241E-01   max: -.1818E+01   C at   52  2   RLX: 0.275
       a = -0.750      CL =  0.2943
      Cm = -0.0839     CD =  0.00788   =>   CDf =  0.00579    CDp =  0.00209

 Side 1  free  transition at x/c =  0.7477   66
 Side 2  free  transition at x/c =  0.4094   53

   3   rms: 0.7249E-01   max: -.1375E+01   C at   53  2   RLX: 0.364
       a = -0.750      CL =  0.2996
      Cm = -0.0839     CD =  0.00783   =>   CDf =  0.00576    CDp =  0.00206

 Side 1  free  transition at x/c =  0.7460   66
 Side 2  free  transition at x/c =  0.4260   53

   4   rms: 0.5790E-01   max: -.1182E+01   C at   53  2   RLX: 0.423
       a = -0.750      CL =  0.3036
      Cm = -0.0838     CD =  0.00781   =>   CDf =  0.00567    CDp =  0.00214

 Side 1  free  transition at x/c =  0.7448   67
 Side 2  free  transition at x/c =  0.4454   53

   5   rms: 0.4254E-01   max: -.8458E+00   C at   53  2   RLX: 0.591
       a = -0.750      CL =  0.3064
      Cm = -0.0837     CD =  0.00775   =>   CDf =  0.00567    CDp =  0.00208

 Side 1  free  transition at x/c =  0.7439   67
 Side 2  free  transition at x/c =  0.4648   55

   6   rms: 0.1833E-01   max: -.3690E+00   C at   55  2
       a = -0.750      CL =  0.3080
      Cm = -0.0836     CD =  0.00768   =>   CDf =  0.00561    CDp =  0.00207

 Side 1  free  transition at x/c =  0.7432   66
 Side 2  free  transition at x/c =  0.4776   55

   7   rms: 0.3125E-02   max: -.6554E-01   C at   55  2
       a = -0.750      CL =  0.3081
      Cm = -0.0836     CD =  0.00769   =>   CDf =  0.00557    CDp =  0.00211

 Side 1  free  transition at x/c =  0.7432   66
 Side 2  free  transition at x/c =  0.4799   55

   8   rms: 0.7402E-04   max: -.1534E-02   C at   55  2
       a = -0.750      CL =  0.3081
      Cm = -0.0836     CD =  0.00769   =>   CDf =  0.00557    CDp =  0.00212
      9.000    4.4571   0.007687   0.002235   0.002430   0.000195    0.7432     #

 Point added to stored polar  1
 Point written to save file  clarky_re480000_clean.polar                     
 Dump file unspecified or not available
 Calculating wake trajectory ...
 Calculating source influence matrix ...

 Solving BL system ...

 Side 1  free  transition at x/c =  0.7432   66
 Side 2  free  transition at x/c =  0.4800   55

   1   rms: 0.1659E+00   max: -.3329E+01   C at   55  2   RLX: 0.150
       a = -0.500      CL =  0.3118
      Cm = -0.0835     CD =  0.00763   =>   CDf =  0.00557    CDp =  0.00206

 Side 1  free  transition at x/c =  0.7418   66
 Side 2  free  transition at x/c =  0.5009   56

   2   rms: 0.1437E+00   max: -.2860E+01   C at   56  2   RLX: 0.175
       a = -0.500      CL =  0.3154
      Cm = -0.0834     CD =  0.00756   =>   CDf =  0.00549    CDp =  0.00207

 Side 1  free  transition at x/c =  0.7404   66
 Side 2  free  transition at x/c =  0.5251   58

   3   rms: 0.1283E+00   max: -.2588E+01   C at   58  2   RLX: 0.193
       a = -0.500      CL =  0.3183
      Cm = -0.0832     CD =  0.00746   =>   CDf =  0.00541    CDp =  0.00206

 Side 1  free  transition at x/c =  0.7391   66
 Side 2  free  transition at x/c =  0.5413   59

   4   rms: 0.1016E+00   max: -.2018E+01   C at   59  2   RLX: 0.248
       a = -0.500      CL =  0.3217
      Cm = -0.0832     CD =  0.00741   =>   CDf =  0.00536    CDp =  0.00205

 Side 1  free  transition at x/c =  0.7377   66
 Side 2  free  transition at x/c =  0.5580   59

   5   rms: 0.8227E-01   max: -.1630E+01   C at   59  2   RLX: 0.307
       a = -0.500      CL =  0.3250
      Cm = -0.0832     CD =  0.00738   =>   CDf =  0.00530    CDp =  0.00207

 Side 1  free  transition at x/c =  0.7364   66
 Side 2  free  transition at x/c =  0.5805   61

   6   rms: 0.6401E-01   max: -.1291E+01   C at   61  2   RLX: 0.387
       a = -0.500      CL =  0.3272
      Cm = -0.0829     CD =  0.00728   =>   CDf =  0.00522    CDp =  0.00206

 Side 1  free  transition at x/c =  0.7354   66
 Side 2  free  transition at x/c =  0.5969   62

   7   rms: 0.4304E-01   max: -.8634E+00   C at   62  2   RLX: 0.579
       a = -0.500      CL =  0.3293
      Cm = -0.0828     CD =  0.00723   =>   CDf =  0.00517    CDp =  0.00205

 Side 1  free  transition at x/c =  0.7344   66
 Side 2  free  transition at x/c =  0.6143   62

   8   rms: 0.2385E-01   max: -.4727E+00   C at   62  2
       a = -0.500      CL =  0.3309
      Cm = -0.0826     CD =  0.00720   =>   CDf =  0.00512    CDp =  0.00208

 Side 1  free  transition at x/c =  0.7337   66
 Side 2  free  transition at x/c =  0.6366   64

   9   rms: 0.2625E-02   max: 0.4964E-01   C at   64  2
       a = -0.500      CL =  0.3308
      Cm = -0.0826     CD =  0.00718   =>   CDf =  0.00504    CDp =  0.00215

 Side 1  free  transition at x/c =  0.7337   66
 Side 2  free  transition at x/c =  0.6348   64

  10   rms: 0.9217E-04   max: -.1854E-02   C at   64  2
       a = -0.500      CL =  0.3308
      Cm = -0.0826     CD =  0.00718   =>   CDf =  0.00505    CDp =  0.00214
      9.000    4.4556   0.007185   0.002247   0.002457   0.000210    0.7337     #

 Point added to stored polar  1
 Point written to save file  clarky_re480000_clean.polar                     
 Dump file unspecified or not available
 Calculating wake trajectory ...
 Calculating source influence matrix ...

 Solving BL system ...

 Side 1  free  transition at x/c =  0.7337   66
 Side 2  free  transition at x/c =  0.6349   64

   1   rms: 0.1916E+00   max: -.3796E+01   C at   64  2   RLX: 0.132
       a = -0.250      CL =  0.3334
      Cm = -0.0824     CD =  0.00711   =>   CDf =  0.00505    CDp =  0.00206

 Side 1  free  transition at x/c =  0.7324   66
 Side 2  free  transition at x/c =  0.6518   64

   2   rms: 0.1599E+00   max: -.3091E+01   C at   64  2   RLX: 0.162
       a = -0.250      CL =  0.3369
      Cm = -0.0823     CD =  0.00708   =>   CDf =  0.00500    CDp =  0.00209

 Side 1  free  transition at x/c =  0.7311   66
 Side 2  free  transition at x/c =  0.6752   66

   3   rms: 0.1382E+00   max: -.2732E+01   C at   66  2   RLX: 0.183
       a = -0.250      CL =  0.3394
      Cm = -0.0820     CD =  0.00699   =>   CDf =  0.00492    CDp =  0.00208

 Side 1  free  transition at x/c =  0.7299   66
 Side 2  free  transition at x/c =  0.6924   67

   4   rms: 0.1076E+00   max: -.2119E+01   C at   67  2   RLX: 0.236
       a = -0.250      CL =  0.3425
      Cm = -0.0818     CD =  0.00695   =>   CDf =  0.00481    CDp =  0.00214

 Side 1  free  transition at x/c =  0.7287   67
 Side 2  free  transition at x/c =  0.7097   67

   5   rms: 0.8615E-01   max: -.1643E+01   C at   67  2   RLX: 0.304
       a = -0.250      CL =  0.3454
      Cm = -0.0816     CD =  0.00690   =>   CDf =  0.00483    CDp =  0.00207

 Side 1  free  transition at x/c =  0.7275   67
 Side 2  free  transition at x/c =  0.7277   67

   6   rms: 0.6337E-01   max: -.1222E+01   C at   67  2   RLX: 0.409
       a = -0.250      CL =  0.3484
      Cm = -0.0815     CD =  0.00687   =>   CDf =  0.00477    CDp =  0.00210

 Side 1  free  transition at x/c =  0.7264   67
 Side 2  free  transition at x/c =  0.7543   69

   7   rms: 0.3711E-01   max: -.7278E+00   C at   69  2   RLX: 0.687
       a = -0.250      CL =  0.3504
      Cm = -0.0809     CD =  0.00679   =>   CDf =  0.00468    CDp =  0.00211

 Side 1  free  transition at x/c =  0.7254   67
 Side 2  free  transition at x/c =  0.7759   70

   8   rms: 0.1132E-01   max: -.2201E+00   C at   70  2
       a = -0.250      CL =  0.3515
      Cm = -0.0807     CD =  0.00677   =>   CDf =  0.00462    CDp =  0.00215

 Side 1  free  transition at x/c =  0.7249   67
 Side 2  free  transition at x/c =  0.7870   71

   9   rms: 0.8940E-03   max: -.1796E-01   C at   71  2
       a = -0.250      CL =  0.3515
      Cm = -0.0807     CD =  0.00677   =>   CDf =  0.00459    CDp =  0.00218

 Side 1  free  transition at x/c =  0.7249   67
 Side 2  free  transition at x/c =  0.7877   71

  10   rms: 0.9045E-05   max: -.1790E-03   C at   71  2
       a = -0.250      CL =  0.3515
      Cm = -0.0807     CD =  0.00677   =>   CDf =  0.00459    CDp =  0.00218
      9.000    4.4020   0.006774   0.002262   0.002444   0.000183    0.7249     #

 Point added to stored polar  1
 Point written to save file  clarky_re480000_clean.polar                     
 Dump file unspecified or not available
 Calculating wake trajectory ...
 Calculating source influence matrix ...

 Solving BL system ...

 Side 1  free  transition at x/c =  0.7249   67
 Side 2  free  transition at x/c =  0.7877   71

   1   rms: 0.1526E+00   max: -.2940E+01   C at   71  2   RLX: 0.170
       a =  0.000      CL =  0.3548
      Cm = -0.0803     CD =  0.00671   =>   CDf =  0.00459    CDp =  0.00212

 Side 1  free  transition at x/c =  0.7237   66
 Side 2  free  transition at x/c =  0.8057   72

   2   rms: 0.1200E+00   max: -.2300E+01   C at   72  2   RLX: 0.217
       a =  0.000      CL =  0.3589
      Cm = -0.0801     CD =  0.00666   =>   CDf =  0.00455    CDp =  0.00211

 Side 1  free  transition at x/c =  0.7219   66
 Side 2  free  transition at x/c =  0.8236   73

   3   rms: 0.9468E-01   max: -.1801E+01   C at   73  2   RLX: 0.278
       a =  0.000      CL =  0.3630
      Cm = -0.0799     CD =  0.00662   =>   CDf =  0.00449    CDp =  0.00213

 Side 1  free  transition at x/c =  0.7201   66
 Side 2  free  transition at x/c =  0.8415   74

   4   rms: 0.7160E-01   max: -.1348E+01   C at   74  2   RLX: 0.371
       a =  0.000      CL =  0.3672
      Cm = -0.0797     CD =  0.00659   =>   CDf =  0.00444    CDp =  0.00215

 Side 1  free  transition at x/c =  0.7183   66
 Side 2  free  transition at x/c =  0.8597   75

   5   rms: 0.4936E-01   max: -.9161E+00   C at   75  2   RLX: 0.546
       a =  0.000      CL =  0.3714
      Cm = -0.0794     CD =  0.00657   =>   CDf =  0.00439    CDp =  0.00218

 Side 1  free  transition at x/c =  0.7166   66
 Side 2  free  transition at x/c =  0.8781   76

   6   rms: 0.2879E-01   max: -.5260E+00   C at   76  2   RLX: 0.951
       a =  0.000      CL =  0.3753
      Cm = -0.0792     CD =  0.00655   =>   CDf =  0.00435    CDp =  0.00220

 Side 1  free  transition at x/c =  0.7154   66
 Side 2  free  transition at x/c =  0.8965   76

   7   rms: 0.8911E-02   max: -.1614E+00   C at   76  2
       a =  0.000      CL =  0.3755
      Cm = -0.0792     CD =  0.00658   =>   CDf =  0.00432    CDp =  0.00227

 Side 1  free  transition at x/c =  0.7153   66
 Side 2  free  transition at x/c =  0.9076   77

   8   rms: 0.4759E-02   max: 0.8107E-01   C at   77  2
       a =  0.000      CL =  0.3764
      Cm = -0.0794     CD =  0.00658   =>   CDf =  0.00429    CDp =  0.00230

 Side 1  free  transition at x/c =  0.7153   66
 Side 2  free  transition at x/c =  0.9045   77

   9   rms: 0.1106E-03   max: -.1497E-02   C at   77  2
       a =  0.000      CL =  0.3765
      Cm = -0.0794     CD =  0.00658   =>   CDf =  0.00429    CDp =  0.00229

 Side 1  free  transition at x/c =  0.7153   66
 Side 2  free  transition at x/c =  0.9046   77

  10   rms: 0.4105E-06   max: -.3732E-05   D at   79  2
       a =  0.000      CL =  0.3765
      Cm = -0.0794     CD =  0.00658   =>   CDf =  0.00429    CDp =  0.00229
      9.000    4.3904   0.006584   0.002277   0.002467   0.000191    0.7153     #

 Point added to stored polar  1
 Point written to save file  clarky_re480000_clean.polar                     
 Dump file unspecified or not available
 Calculating wake trajectory ...
 Calculating source influence matrix ...

 Solving BL system ...

 Side 1  free  transition at x/c =  0.7153   66
 Side 2  free  transition at x/c =  0.9046   77

   1   rms: 0.8609E-01   max: -.1220E+01   C at   77  2   RLX: 0.410
       a =  0.250      CL =  0.3906
      Cm = -0.0797     CD =  0.00657   =>   CDf =  0.00426    CDp =  0.00231

 Side 1  free  transition at x/c =  0.7109   67
 Side 2  free  transition at x/c =  0.9294   77

   2   rms: 0.2938E-01   max: -.1075E+00   T at   77  2
       a =  0.250      CL =  0.4047
      Cm = -0.0790     CD =  0.00665   =>   CDf =  0.00430    CDp =  0.00235

 Side 1  free  transition at x/c =  0.7053   66
 Side 2  free  transition at x/c =  0.9794   80

   3   rms: 0.2860E-01   max: 0.2353E+00   D at   81  2
       a =  0.250      CL =  0.4222
      Cm = -0.0827     CD =  0.00659   =>   CDf =  0.00435    CDp =  0.00224

 Side 1  free  transition at x/c =  0.7046   66
 Side 2  free  transition at x/c =  0.9577   79

   4   rms: 0.1269E-01   max: -.1091E+00   D at   81  2
       a =  0.250      CL =  0.4170
      Cm = -0.0816     CD =  0.00666   =>   CDf =  0.00438    CDp =  0.00227

 Side 1  free  transition at x/c =  0.7049   66
 Side 2  free  transition at x/c =  0.9597   79

   5   rms: 0.4716E-02   max: -.8538E-01   C at   66  1
       a =  0.250      CL =  0.4176
      Cm = -0.0817     CD =  0.00666   =>   CDf =  0.00438    CDp =  0.00228

 Side 1  free  transition at x/c =  0.7049   66
 Side 2  free  transition at x/c =  0.9591   79

   6   rms: 0.4761E-02   max: -.8561E-01   C at   66  1
       a =  0.250      CL =  0.4176
      Cm = -0.0817     CD =  0.00666   =>   CDf =  0.00438    CDp =  0.00228

 Side 1  free  transition at x/c =  0.7049   66
 Side 2  free  transition at x/c =  0.9591   79

   7   rms: 0.4755E-02   max: -.8554E-01   C at   66  1
       a =  0.250      CL =  0.4176
      Cm = -0.0817     CD =  0.00666   =>   CDf =  0.00438    CDp =  0.00228

 Side 1  free  transition at x/c =  0.7049   66
 Side 2  free  transition at x/c =  0.9591   79

   8   rms: 0.4756E-02   max: -.8555E-01   C at   66  1
       a =  0.250      CL =  0.4176
      Cm = -0.0817     CD =  0.00666   =>   CDf =  0.00438    CDp =  0.00228

 Side 1  free  transition at x/c =  0.7049   66
 Side 2  free  transition at x/c =  0.9591   79

   9   rms: 0.4756E-02   max: -.8555E-01   C at   66  1
       a =  0.250      CL =  0.4176
      Cm = -0.0817     CD =  0.00666   =>   CDf =  0.00438    CDp =  0.00228

 Side 1  free  transition at x/c =  0.7049   66
 Side 2  free  transition at x/c =  0.9591   79

  10   rms: 0.4756E-02   max: -.8555E-01   C at   66  1
       a =  0.250      CL =  0.4176
      Cm = -0.0817     CD =  0.00666   =>   CDf =  0.00438    CDp =  0.00228

 Side 1  free  transition at x/c =  0.7049   66
 Side 2  free  transition at x/c =  0.9591   79

  11   rms: 0.4756E-02   max: -.8555E-01   C at   66  1
       a =  0.250      CL =  0.4176
      Cm = -0.0817     CD =  0.00666   =>   CDf =  0.00438    CDp =  0.00228

 Side 1  free  transition at x/c =  0.7049   66
 Side 2  free  transition at x/c =  0.9591   79

  12   rms: 0.4756E-02   max: -.8555E-01   C at   66  1
       a =  0.250      CL =  0.4176
      Cm = -0.0817     CD =  0.00666   =>   CDf =  0.00438    CDp =  0.00228

 Side 1  free  transition at x/c =  0.7049   66
 Side 2  free  transition at x/c =  0.9591   79

  13   rms: 0.4756E-02   max: -.8555E-01   C at   66  1
       a =  0.250      CL =  0.4176
      Cm = -0.0817     CD =  0.00666   =>   CDf =  0.00438    CDp =  0.00228

 Side 1  free  transition at x/c =  0.7049   66
 Side 2  free  transition at x/c =  0.9591   79

  14   rms: 0.4756E-02   max: -.8555E-01   C at   66  1
       a =  0.250      CL =  0.4176
      Cm = -0.0817     CD =  0.00666   =>   CDf =  0.00438    CDp =  0.00228

 Side 1  free  transition at x/c =  0.7049   66
 Side 2  free  transition at x/c =  0.9591   79

  15   rms: 0.4756E-02   max: -.8555E-01   C at   66  1
       a =  0.250      CL =  0.4176
      Cm = -0.0817     CD =  0.00666   =>   CDf =  0.00438    CDp =  0.00228

 Side 1  free  transition at x/c =  0.7049   66
 Side 2  free  transition at x/c =  0.9591   79

  16   rms: 0.4756E-02   max: -.8555E-01   C at   66  1
       a =  0.250      CL =  0.4176
      Cm = -0.0817     CD =  0.00666   =>   CDf =  0.00438    CDp =  0.00228

 Side 1  free  transition at x/c =  0.7049   66
 Side 2  free  transition at x/c =  0.9591   79

  17   rms: 0.4756E-02   max: -.8555E-01   C at   66  1
       a =  0.250      CL =  0.4176
      Cm = -0.0817     CD =  0.00666   =>   CDf =  0.00438    CDp =  0.00228

 Side 1  free  transition at x/c =  0.7049   66
 Side 2  free  transition at x/c =  0.9591   79

  18   rms: 0.4756E-02   max: -.8555E-01   C at   66  1
       a =  0.250      CL =  0.4176
      Cm = -0.0817     CD =  0.00666   =>   CDf =  0.00438    CDp =  0.00228

 Side 1  free  transition at x/c =  0.7049   66
 Side 2  free  transition at x/c =  0.9591   79

  19   rms: 0.4756E-02   max: -.8555E-01   C at   66  1
       a =  0.250      CL =  0.4176
      Cm = -0.0817     CD =  0.00666   =>   CDf =  0.00438    CDp =  0.00228

 Side 1  free  transition at x/c =  0.7049   66
 Side 2  free  transition at x/c =  0.9591   79

  20   rms: 0.4756E-02   max: -.8555E-01   C at   66  1
       a =  0.250      CL =  0.4176
      Cm = -0.0817     CD =  0.00666   =>   CDf =  0.00438    CDp =  0.00228

 Side 1  free  transition at x/c =  0.7049   66
 Side 2  free  transition at x/c =  0.9591   79

  21   rms: 0.4756E-02   max: -.8555E-01   C at   66  1
       a =  0.250      CL =  0.4176
      Cm = -0.0817     CD =  0.00666   =>   CDf =  0.00438    CDp =  0.00228

 Side 1  free  transition at x/c =  0.7049   66
 Side 2  free  transition at x/c =  0.9591   79

  22   rms: 0.4756E-02   max: -.8555E-01   C at   66  1
       a =  0.250      CL =  0.4176
      Cm = -0.0817     CD =  0.00666   =>   CDf =  0.00438    CDp =  0.00228

 Side 1  free  transition at x/c =  0.7049   66
 Side 2  free  transition at x/c =  0.9591   79

  23   rms: 0.4756E-02   max: -.8555E-01   C at   66  1
       a =  0.250      CL =  0.4176
      Cm = -0.0817     CD =  0.00666   =>   CDf =  0.00438    CDp =  0.00228

 Side 1  free  transition at x/c =  0.7049   66
 Side 2  free  transition at x/c =  0.9591   79

  24   rms: 0.4756E-02   max: -.8555E-01   C at   66  1
       a =  0.250      CL =  0.4176
      Cm = -0.0817     CD =  0.00666   =>   CDf =  0.00438    CDp =  0.00228

 Side 1  free  transition at x/c =  0.7049   66
 Side 2  free  transition at x/c =  0.9591   79

  25   rms: 0.4756E-02   max: -.8555E-01   C at   66  1
       a =  0.250      CL =  0.4176
      Cm = -0.0817     CD =  0.00666   =>   CDf =  0.00438    CDp =  0.00228

 Side 1  free  transition at x/c =  0.7049   66
 Side 2  free  transition at x/c =  0.9591   79

  26   rms: 0.4756E-02   max: -.8555E-01   C at   66  1
       a =  0.250      CL =  0.4176
      Cm = -0.0817     CD =  0.00666   =>   CDf =  0.00438    CDp =  0.00228

 Side 1  free  transition at x/c =  0.7049   66
 Side 2  free  transition at x/c =  0.9591   79

  27   rms: 0.4756E-02   max: -.8555E-01   C at   66  1
       a =  0.250      CL =  0.4176
      Cm = -0.0817     CD =  0.00666   =>   CDf =  0.00438    CDp =  0.00228

 Side 1  free  transition at x/c =  0.7049   66
 Side 2  free  transition at x/c =  0.9591   79

  28   rms: 0.4756E-02   max: -.8555E-01   C at   66  1
       a =  0.250      CL =  0.4176
      Cm = -0.0817     CD =  0.00666   =>   CDf =  0.00438    CDp =  0.00228

 Side 1  free  transition at x/c =  0.7049   66
 Side 2  free  transition at x/c =  0.9591   79

  29   rms: 0.4756E-02   max: -.8555E-01   C at   66  1
       a =  0.250      CL =  0.4176
      Cm = -0.0817     CD =  0.00666   =>   CDf =  0.00438    CDp =  0.00228

 Side 1  free  transition at x/c =  0.7049   66
 Side 2  free  transition at x/c =  0.9591   79

  30   rms: 0.4756E-02   max: -.8555E-01   C at   66  1
       a =  0.250      CL =  0.4176
      Cm = -0.0817     CD =  0.00666   =>   CDf =  0.00438    CDp =  0.00228

 Side 1  free  transition at x/c =  0.7049   66
 Side 2  free  transition at x/c =  0.9591   79

  31   rms: 0.4756E-02   max: -.8555E-01   C at   66  1
       a =  0.250      CL =  0.4176
      Cm = -0.0817     CD =  0.00666   =>   CDf =  0.00438    CDp =  0.00228

 Side 1  free  transition at x/c =  0.7049   66
 Side 2  free  transition at x/c =  0.9591   79

  32   rms: 0.4756E-02   max: -.8555E-01   C at   66  1
       a =  0.250      CL =  0.4176
      Cm = -0.0817     CD =  0.00666   =>   CDf =  0.00438    CDp =  0.00228

 Side 1  free  transition at x/c =  0.7049   66
 Side 2  free  transition at x/c =  0.9591   79

  33   rms: 0.4756E-02   max: -.8555E-01   C at   66  1
       a =  0.250      CL =  0.4176
      Cm = -0.0817     CD =  0.00666   =>   CDf =  0.00438    CDp =  0.00228

 Side 1  free  transition at x/c =  0.7049   66
 Side 2  free  transition at x/c =  0.9591   79

  34   rms: 0.4756E-02   max: -.8555E-01   C at   66  1
       a =  0.250      CL =  0.4176
      Cm = -0.0817     CD =  0.00666   =>   CDf =  0.00438    CDp =  0.00228

 Side 1  free  transition at x/c =  0.7049   66
 Side 2  free  transition at x/c =  0.9591   79

  35   rms: 0.4756E-02   max: -.8555E-01   C at   66  1
       a =  0.250      CL =  0.4176
      Cm = -0.0817     CD =  0.00666   =>   CDf =  0.00438    CDp =  0.00228

 Side 1  free  transition at x/c =  0.7049   66
 Side 2  free  transition at x/c =  0.9591   79

  36   rms: 0.4756E-02   max: -.8555E-01   C at   66  1
       a =  0.250      CL =  0.4176
      Cm = -0.0817     CD =  0.00666   =>   CDf =  0.00438    CDp =  0.00228

 Side 1  free  transition at x/c =  0.7049   66
 Side 2  free  transition at x/c =  0.9591   79

  37   rms: 0.4756E-02   max: -.8555E-01   C at   66  1
       a =  0.250      CL =  0.4176
      Cm = -0.0817     CD =  0.00666   =>   CDf =  0.00438    CDp =  0.00228

 Side 1  free  transition at x/c =  0.7049   66
 Side 2  free  transition at x/c =  0.9591   79

  38   rms: 0.4756E-02   max: -.8555E-01   C at   66  1
       a =  0.250      CL =  0.4176
      Cm = -0.0817     CD =  0.00666   =>   CDf =  0.00438    CDp =  0.00228

 Side 1  free  transition at x/c =  0.7049   66
 Side 2  free  transition at x/c =  0.9591   79

  39   rms: 0.4756E-02   max: -.8555E-01   C at   66  1
       a =  0.250      CL =  0.4176
      Cm = -0.0817     CD =  0.00666   =>   CDf =  0.00438    CDp =  0.00228

 Side 1  free  transition at x/c =  0.7049   66
 Side 2  free  transition at x/c =  0.9591   79

  40   rms: 0.4756E-02   max: -.8555E-01   C at   66  1
       a =  0.250      CL =  0.4176
      Cm = -0.0817     CD =  0.00666   =>   CDf =  0.00438    CDp =  0.00228

 Side 1  free  transition at x/c =  0.7049   66
 Side 2  free  transition at x/c =  0.9591   79

  41   rms: 0.4756E-02   max: -.8555E-01   C at   66  1
       a =  0.250      CL =  0.4176
      Cm = -0.0817     CD =  0.00666   =>   CDf =  0.00438    CDp =  0.00228

 Side 1  free  transition at x/c =  0.7049   66
 Side 2  free  transition at x/c =  0.9591   79

  42   rms: 0.4756E-02   max: -.8555E-01   C at   66  1
       a =  0.250      CL =  0.4176
      Cm = -0.0817     CD =  0.00666   =>   CDf =  0.00438    CDp =  0.00228

 Side 1  free  transition at x/c =  0.7049   66
 Side 2  free  transition at x/c =  0.9591   79

  43   rms: 0.4756E-02   max: -.8555E-01   C at   66  1
       a =  0.250      CL =  0.4176
      Cm = -0.0817     CD =  0.00666   =>   CDf =  0.00438    CDp =  0.00228

 Side 1  free  transition at x/c =  0.7049   66
 Side 2  free  transition at x/c =  0.9591   79

  44   rms: 0.4756E-02   max: -.8555E-01   C at   66  1
       a =  0.250      CL =  0.4176
      Cm = -0.0817     CD =  0.00666   =>   CDf =  0.00438    CDp =  0.00228

 Side 1  free  transition at x/c =  0.7049   66
 Side 2  free  transition at x/c =  0.9591   79

  45   rms: 0.4756E-02   max: -.8555E-01   C at   66  1
       a =  0.250      CL =  0.4176
      Cm = -0.0817     CD =  0.00666   =>   CDf =  0.00438    CDp =  0.00228

 Side 1  free  transition at x/c =  0.7049   66
 Side 2  free  transition at x/c =  0.9591   79

  46   rms: 0.4756E-02   max: -.8555E-01   C at   66  1
       a =  0.250      CL =  0.4176
      Cm = -0.0817     CD =  0.00666   =>   CDf =  0.00438    CDp =  0.00228

 Side 1  free  transition at x/c =  0.7049   66
 Side 2  free  transition at x/c =  0.9591   79

  47   rms: 0.4756E-02   max: -.8555E-01   C at   66  1
       a =  0.250      CL =  0.4176
      Cm = -0.0817     CD =  0.00666   =>   CDf =  0.00438    CDp =  0.00228

 Side 1  free  transition at x/c =  0.7049   66
 Side 2  free  transition at x/c =  0.9591   79

  48   rms: 0.4756E-02   max: -.8555E-01   C at   66  1
       a =  0.250      CL =  0.4176
      Cm = -0.0817     CD =  0.00666   =>   CDf =  0.00438    CDp =  0.00228

 Side 1  free  transition at x/c =  0.7049   66
 Side 2  free  transition at x/c =  0.9591   79

  49   rms: 0.4756E-02   max: -.8555E-01   C at   66  1
       a =  0.250      CL =  0.4176
      Cm = -0.0817     CD =  0.00666   =>   CDf =  0.00438    CDp =  0.00228

 Side 1  free  transition at x/c =  0.7049   66
 Side 2  free  transition at x/c =  0.9591   79

  50   rms: 0.4756E-02   max: -.8555E-01   C at   66  1
       a =  0.250      CL =  0.4176
      Cm = -0.0817     CD =  0.00666   =>   CDf =  0.00438    CDp =  0.00228

 Side 1  free  transition at x/c =  0.7049   66
 Side 2  free  transition at x/c =  0.9591   79

  51   rms: 0.4756E-02   max: -.8555E-01   C at   66  1
       a =  0.250      CL =  0.4176
      Cm = -0.0817     CD =  0.00666   =>   CDf =  0.00438    CDp =  0.00228

 Side 1  free  transition at x/c =  0.7049   66
 Side 2  free  transition at x/c =  0.9591   79

  52   rms: 0.4756E-02   max: -.8555E-01   C at   66  1
       a =  0.250      CL =  0.4176
      Cm = -0.0817     CD =  0.00666   =>   CDf =  0.00438    CDp =  0.00228

 Side 1  free  transition at x/c =  0.7049   66
 Side 2  free  transition at x/c =  0.9591   79

  53   rms: 0.4756E-02   max: -.8555E-01   C at   66  1
       a =  0.250      CL =  0.4176
      Cm = -0.0817     CD =  0.00666   =>   CDf =  0.00438    CDp =  0.00228

 Side 1  free  transition at x/c =  0.7049   66
 Side 2  free  transition at x/c =  0.9591   79

  54   rms: 0.4756E-02   max: -.8555E-01   C at   66  1
       a =  0.250      CL =  0.4176
      Cm = -0.0817     CD =  0.00666   =>   CDf =  0.00438    CDp =  0.00228

 Side 1  free  transition at x/c =  0.7049   66
 Side 2  free  transition at x/c =  0.9591   79

  55   rms: 0.4756E-02   max: -.8555E-01   C at   66  1
       a =  0.250      CL =  0.4176
      Cm = -0.0817     CD =  0.00666   =>   CDf =  0.00438    CDp =  0.00228

 Side 1  free  transition at x/c =  0.7049   66
 Side 2  free  transition at x/c =  0.9591   79

  56   rms: 0.4756E-02   max: -.8555E-01   C at   66  1
       a =  0.250      CL =  0.4176
      Cm = -0.0817     CD =  0.00666   =>   CDf =  0.00438    CDp =  0.00228

 Side 1  free  transition at x/c =  0.7049   66
 Side 2  free  transition at x/c =  0.9591   79

  57   rms: 0.4756E-02   max: -.8555E-01   C at   66  1
       a =  0.250      CL =  0.4176
      Cm = -0.0817     CD =  0.00666   =>   CDf =  0.00438    CDp =  0.00228

 Side 1  free  transition at x/c =  0.7049   66
 Side 2  free  transition at x/c =  0.9591   79

  58   rms: 0.4756E-02   max: -.8555E-01   C at   66  1
       a =  0.250      CL =  0.4176
      Cm = -0.0817     CD =  0.00666   =>   CDf =  0.00438    CDp =  0.00228

 Side 1  free  transition at x/c =  0.7049   66
 Side 2  free  transition at x/c =  0.9591   79

  59   rms: 0.4756E-02   max: -.8555E-01   C at   66  1
       a =  0.250      CL =  0.4176
      Cm = -0.0817     CD =  0.00666   =>   CDf =  0.00438    CDp =  0.00228

 Side 1  free  transition at x/c =  0.7049   66
 Side 2  free  transition at x/c =  0.9591   79

  60   rms: 0.4756E-02   max: -.8555E-01   C at   66  1
       a =  0.250      CL =  0.4176
      Cm = -0.0817     CD =  0.00666   =>   CDf =  0.00438    CDp =  0.00228

 Side 1  free  transition at x/c =  0.7049   66
 Side 2  free  transition at x/c =  0.9591   79

  61   rms: 0.4756E-02   max: -.8555E-01   C at   66  1
       a =  0.250      CL =  0.4176
      Cm = -0.0817     CD =  0.00666   =>   CDf =  0.00438    CDp =  0.00228

 Side 1  free  transition at x/c =  0.7049   66
 Side 2  free  transition at x/c =  0.9591   79

  62   rms: 0.4756E-02   max: -.8555E-01   C at   66  1
       a =  0.250      CL =  0.4176
      Cm = -0.0817     CD =  0.00666   =>   CDf =  0.00438    CDp =  0.00228

 Side 1  free  transition at x/c =  0.7049   66
 Side 2  free  transition at x/c =  0.9591   79

  63   rms: 0.4756E-02   max: -.8555E-01   C at   66  1
       a =  0.250      CL =  0.4176
      Cm = -0.0817     CD =  0.00666   =>   CDf =  0.00438    CDp =  0.00228

 Side 1  free  transition at x/c =  0.7049   66
 Side 2  free  transition at x/c =  0.9591   79

  64   rms: 0.4756E-02   max: -.8555E-01   C at   66  1
       a =  0.250      CL =  0.4176
      Cm = -0.0817     CD =  0.00666   =>   CDf =  0.00438    CDp =  0.00228

 Side 1  free  transition at x/c =  0.7049   66
 Side 2  free  transition at x/c =  0.9591   79

  65   rms: 0.4756E-02   max: -.8555E-01   C at   66  1
       a =  0.250      CL =  0.4176
      Cm = -0.0817     CD =  0.00666   =>   CDf =  0.00438    CDp =  0.00228

 Side 1  free  transition at x/c =  0.7049   66
 Side 2  free  transition at x/c =  0.9591   79

  66   rms: 0.4756E-02   max: -.8555E-01   C at   66  1
       a =  0.250      CL =  0.4176
      Cm = -0.0817     CD =  0.00666   =>   CDf =  0.00438    CDp =  0.00228

 Side 1  free  transition at x/c =  0.7049   66
 Side 2  free  transition at x/c =  0.9591   79

  67   rms: 0.4756E-02   max: -.8555E-01   C at   66  1
       a =  0.250      CL =  0.4176
      Cm = -0.0817     CD =  0.00666   =>   CDf =  0.00438    CDp =  0.00228

 Side 1  free  transition at x/c =  0.7049   66
 Side 2  free  transition at x/c =  0.9591   79

  68   rms: 0.4756E-02   max: -.8555E-01   C at   66  1
       a =  0.250      CL =  0.4176
      Cm = -0.0817     CD =  0.00666   =>   CDf =  0.00438    CDp =  0.00228

 Side 1  free  transition at x/c =  0.7049   66
 Side 2  free  transition at x/c =  0.9591   79

  69   rms: 0.4756E-02   max: -.8555E-01   C at   66  1
       a =  0.250      CL =  0.4176
      Cm = -0.0817     CD =  0.00666   =>   CDf =  0.00438    CDp =  0.00228

 Side 1  free  transition at x/c =  0.7049   66
 Side 2  free  transition at x/c =  0.9591   79

  70   rms: 0.4756E-02   max: -.8555E-01   C at   66  1
       a =  0.250      CL =  0.4176
      Cm = -0.0817     CD =  0.00666   =>   CDf =  0.00438    CDp =  0.00228

 Side 1  free  transition at x/c =  0.7049   66
 Side 2  free  transition at x/c =  0.9591   79

  71   rms: 0.4756E-02   max: -.8555E-01   C at   66  1
       a =  0.250      CL =  0.4176
      Cm = -0.0817     CD =  0.00666   =>   CDf =  0.00438    CDp =  0.00228

 Side 1  free  transition at x/c =  0.7049   66
 Side 2  free  transition at x/c =  0.9591   79

  72   rms: 0.4756E-02   max: -.8555E-01   C at   66  1
       a =  0.250      CL =  0.4176
      Cm = -0.0817     CD =  0.00666   =>   CDf =  0.00438    CDp =  0.00228

 Side 1  free  transition at x/c =  0.7049   66
 Side 2  free  transition at x/c =  0.9591   79

  73   rms: 0.4756E-02   max: -.8555E-01   C at   66  1
       a =  0.250      CL =  0.4176
      Cm = -0.0817     CD =  0.00666   =>   CDf =  0.00438    CDp =  0.00228

 Side 1  free  transition at x/c =  0.7049   66
 Side 2  free  transition at x/c =  0.9591   79

  74   rms: 0.4756E-02   max: -.8555E-01   C at   66  1
       a =  0.250      CL =  0.4176
      Cm = -0.0817     CD =  0.00666   =>   CDf =  0.00438    CDp =  0.00228

 Side 1  free  transition at x/c =  0.7049   66
 Side 2  free  transition at x/c =  0.9591   79

  75   rms: 0.4756E-02   max: -.8555E-01   C at   66  1
       a =  0.250      CL =  0.4176
      Cm = -0.0817     CD =  0.00666   =>   CDf =  0.00438    CDp =  0.00228

 Side 1  free  transition at x/c =  0.7049   66
 Side 2  free  transition at x/c =  0.9591   79

  76   rms: 0.4756E-02   max: -.8555E-01   C at   66  1
       a =  0.250      CL =  0.4176
      Cm = -0.0817     CD =  0.00666   =>   CDf =  0.00438    CDp =  0.00228

 Side 1  free  transition at x/c =  0.7049   66
 Side 2  free  transition at x/c =  0.9591   79

  77   rms: 0.4756E-02   max: -.8555E-01   C at   66  1
       a =  0.250      CL =  0.4176
      Cm = -0.0817     CD =  0.00666   =>   CDf =  0.00438    CDp =  0.00228

 Side 1  free  transition at x/c =  0.7049   66
 Side 2  free  transition at x/c =  0.9591   79

  78   rms: 0.4756E-02   max: -.8555E-01   C at   66  1
       a =  0.250      CL =  0.4176
      Cm = -0.0817     CD =  0.00666   =>   CDf =  0.00438    CDp =  0.00228

 Side 1  free  transition at x/c =  0.7049   66
 Side 2  free  transition at x/c =  0.9591   79

  79   rms: 0.4756E-02   max: -.8555E-01   C at   66  1
       a =  0.250      CL =  0.4176
      Cm = -0.0817     CD =  0.00666   =>   CDf =  0.00438    CDp =  0.00228

 Side 1  free  transition at x/c =  0.7049   66
 Side 2  free  transition at x/c =  0.9591   79

  80   rms: 0.4756E-02   max: -.8555E-01   C at   66  1
       a =  0.250      CL =  0.4176
      Cm = -0.0817     CD =  0.00666   =>   CDf =  0.00438    CDp =  0.00228

 Side 1  free  transition at x/c =  0.7049   66
 Side 2  free  transition at x/c =  0.9591   79

  81   rms: 0.4756E-02   max: -.8555E-01   C at   66  1
       a =  0.250      CL =  0.4176
      Cm = -0.0817     CD =  0.00666   =>   CDf =  0.00438    CDp =  0.00228

 Side 1  free  transition at x/c =  0.7049   66
 Side 2  free  transition at x/c =  0.9591   79

  82   rms: 0.4756E-02   max: -.8555E-01   C at   66  1
       a =  0.250      CL =  0.4176
      Cm = -0.0817     CD =  0.00666   =>   CDf =  0.00438    CDp =  0.00228

 Side 1  free  transition at x/c =  0.7049   66
 Side 2  free  transition at x/c =  0.9591   79

  83   rms: 0.4756E-02   max: -.8555E-01   C at   66  1
       a =  0.250      CL =  0.4176
      Cm = -0.0817     CD =  0.00666   =>   CDf =  0.00438    CDp =  0.00228

 Side 1  free  transition at x/c =  0.7049   66
 Side 2  free  transition at x/c =  0.9591   79

  84   rms: 0.4756E-02   max: -.8555E-01   C at   66  1
       a =  0.250      CL =  0.4176
      Cm = -0.0817     CD =  0.00666   =>   CDf =  0.00438    CDp =  0.00228

 Side 1  free  transition at x/c =  0.7049   66
 Side 2  free  transition at x/c =  0.9591   79

  85   rms: 0.4756E-02   max: -.8555E-01   C at   66  1
       a =  0.250      CL =  0.4176
      Cm = -0.0817     CD =  0.00666   =>   CDf =  0.00438    CDp =  0.00228

 Side 1  free  transition at x/c =  0.7049   66
 Side 2  free  transition at x/c =  0.9591   79

  86   rms: 0.4756E-02   max: -.8555E-01   C at   66  1
       a =  0.250      CL =  0.4176
      Cm = -0.0817     CD =  0.00666   =>   CDf =  0.00438    CDp =  0.00228

 Side 1  free  transition at x/c =  0.7049   66
 Side 2  free  transition at x/c =  0.9591   79

  87   rms: 0.4756E-02   max: -.8555E-01   C at   66  1
       a =  0.250      CL =  0.4176
      Cm = -0.0817     CD =  0.00666   =>   CDf =  0.00438    CDp =  0.00228

 Side 1  free  transition at x/c =  0.7049   66
 Side 2  free  transition at x/c =  0.9591   79

  88   rms: 0.4756E-02   max: -.8555E-01   C at   66  1
       a =  0.250      CL =  0.4176
      Cm = -0.0817     CD =  0.00666   =>   CDf =  0.00438    CDp =  0.00228

 Side 1  free  transition at x/c =  0.7049   66
 Side 2  free  transition at x/c =  0.9591   79

  89   rms: 0.4756E-02   max: -.8555E-01   C at   66  1
       a =  0.250      CL =  0.4176
      Cm = -0.0817     CD =  0.00666   =>   CDf =  0.00438    CDp =  0.00228

 Side 1  free  transition at x/c =  0.7049   66
 Side 2  free  transition at x/c =  0.9591   79

  90   rms: 0.4756E-02   max: -.8555E-01   C at   66  1
       a =  0.250      CL =  0.4176
      Cm = -0.0817     CD =  0.00666   =>   CDf =  0.00438    CDp =  0.00228

 Side 1  free  transition at x/c =  0.7049   66
 Side 2  free  transition at x/c =  0.9591   79

  91   rms: 0.4756E-02   max: -.8555E-01   C at   66  1
       a =  0.250      CL =  0.4176
      Cm = -0.0817     CD =  0.00666   =>   CDf =  0.00438    CDp =  0.00228

 Side 1  free  transition at x/c =  0.7049   66
 Side 2  free  transition at x/c =  0.9591   79

  92   rms: 0.4756E-02   max: -.8555E-01   C at   66  1
       a =  0.250      CL =  0.4176
      Cm = -0.0817     CD =  0.00666   =>   CDf =  0.00438    CDp =  0.00228

 Side 1  free  transition at x/c =  0.7049   66
 Side 2  free  transition at x/c =  0.9591   79

  93   rms: 0.4756E-02   max: -.8555E-01   C at   66  1
       a =  0.250      CL =  0.4176
      Cm = -0.0817     CD =  0.00666   =>   CDf =  0.00438    CDp =  0.00228

 Side 1  free  transition at x/c =  0.7049   66
 Side 2  free  transition at x/c =  0.9591   79

  94   rms: 0.4756E-02   max: -.8555E-01   C at   66  1
       a =  0.250      CL =  0.4176
      Cm = -0.0817     CD =  0.00666   =>   CDf =  0.00438    CDp =  0.00228

 Side 1  free  transition at x/c =  0.7049   66
 Side 2  free  transition at x/c =  0.9591   79

  95   rms: 0.4756E-02   max: -.8555E-01   C at   66  1
       a =  0.250      CL =  0.4176
      Cm = -0.0817     CD =  0.00666   =>   CDf =  0.00438    CDp =  0.00228

 Side 1  free  transition at x/c =  0.7049   66
 Side 2  free  transition at x/c =  0.9591   79

  96   rms: 0.4756E-02   max: -.8555E-01   C at   66  1
       a =  0.250      CL =  0.4176
      Cm = -0.0817     CD =  0.00666   =>   CDf =  0.00438    CDp =  0.00228

 Side 1  free  transition at x/c =  0.7049   66
 Side 2  free  transition at x/c =  0.9591   79

  97   rms: 0.4756E-02   max: -.8555E-01   C at   66  1
       a =  0.250      CL =  0.4176
      Cm = -0.0817     CD =  0.00666   =>   CDf =  0.00438    CDp =  0.00228

 Side 1  free  transition at x/c =  0.7049   66
 Side 2  free  transition at x/c =  0.9591   79

  98   rms: 0.4756E-02   max: -.8555E-01   C at   66  1
       a =  0.250      CL =  0.4176
      Cm = -0.0817     CD =  0.00666   =>   CDf =  0.00438    CDp =  0.00228

 Side 1  free  transition at x/c =  0.7049   66
 Side 2  free  transition at x/c =  0.9591   79

  99   rms: 0.4756E-02   max: -.8555E-01   C at   66  1
       a =  0.250      CL =  0.4176
      Cm = -0.0817     CD =  0.00666   =>   CDf =  0.00438    CDp =  0.00228

 Side 1  free  transition at x/c =  0.7049   66
 Side 2  free  transition at x/c =  0.9591   79

 100   rms: 0.4756E-02   max: -.8555E-01   C at   66  1
       a =  0.250      CL =  0.4176
      Cm = -0.0817     CD =  0.00666   =>   CDf =  0.00438    CDp =  0.00228

 Side 1  free  transition at x/c =  0.7049   66
 Side 2  free  transition at x/c =  0.9591   79

 101   rms: 0.4756E-02   max: -.8555E-01   C at   66  1
       a =  0.250      CL =  0.4176
      Cm = -0.0817     CD =  0.00666   =>   CDf =  0.00438    CDp =  0.00228

 Side 1  free  transition at x/c =  0.7049   66
 Side 2  free  transition at x/c =  0.9591   79

 102   rms: 0.4756E-02   max: -.8555E-01   C at   66  1
       a =  0.250      CL =  0.4176
      Cm = -0.0817     CD =  0.00666   =>   CDf =  0.00438    CDp =  0.00228

 Side 1  free  transition at x/c =  0.7049   66
 Side 2  free  transition at x/c =  0.9591   79

 103   rms: 0.4756E-02   max: -.8555E-01   C at   66  1
       a =  0.250      CL =  0.4176
      Cm = -0.0817     CD =  0.00666   =>   CDf =  0.00438    CDp =  0.00228

 Side 1  free  transition at x/c =  0.7049   66
 Side 2  free  transition at x/c =  0.9591   79

 104   rms: 0.4756E-02   max: -.8555E-01   C at   66  1
       a =  0.250      CL =  0.4176
      Cm = -0.0817     CD =  0.00666   =>   CDf =  0.00438    CDp =  0.00228

 Side 1  free  transition at x/c =  0.7049   66
 Side 2  free  transition at x/c =  0.9591   79

 105   rms: 0.4756E-02   max: -.8555E-01   C at   66  1
       a =  0.250      CL =  0.4176
      Cm = -0.0817     CD =  0.00666   =>   CDf =  0.00438    CDp =  0.00228

 Side 1  free  transition at x/c =  0.7049   66
 Side 2  free  transition at x/c =  0.9591   79

 106   rms: 0.4756E-02   max: -.8555E-01   C at   66  1
       a =  0.250      CL =  0.4176
      Cm = -0.0817     CD =  0.00666   =>   CDf =  0.00438    CDp =  0.00228

 Side 1  free  transition at x/c =  0.7049   66
 Side 2  free  transition at x/c =  0.9591   79

 107   rms: 0.4756E-02   max: -.8555E-01   C at   66  1
       a =  0.250      CL =  0.4176
      Cm = -0.0817     CD =  0.00666   =>   CDf =  0.00438    CDp =  0.00228

 Side 1  free  transition at x/c =  0.7049   66
 Side 2  free  transition at x/c =  0.9591   79

 108   rms: 0.4756E-02   max: -.8555E-01   C at   66  1
       a =  0.250      CL =  0.4176
      Cm = -0.0817     CD =  0.00666   =>   CDf =  0.00438    CDp =  0.00228

 Side 1  free  transition at x/c =  0.7049   66
 Side 2  free  transition at x/c =  0.9591   79

 109   rms: 0.4756E-02   max: -.8555E-01   C at   66  1
       a =  0.250      CL =  0.4176
      Cm = -0.0817     CD =  0.00666   =>   CDf =  0.00438    CDp =  0.00228

 Side 1  free  transition at x/c =  0.7049   66
 Side 2  free  transition at x/c =  0.9591   79

 110   rms: 0.4756E-02   max: -.8555E-01   C at   66  1
       a =  0.250      CL =  0.4176
      Cm = -0.0817     CD =  0.00666   =>   CDf =  0.00438    CDp =  0.00228

 Side 1  free  transition at x/c =  0.7049   66
 Side 2  free  transition at x/c =  0.9591   79

 111   rms: 0.4756E-02   max: -.8555E-01   C at   66  1
       a =  0.250      CL =  0.4176
      Cm = -0.0817     CD =  0.00666   =>   CDf =  0.00438    CDp =  0.00228

 Side 1  free  transition at x/c =  0.7049   66
 Side 2  free  transition at x/c =  0.9591   79

 112   rms: 0.4756E-02   max: -.8555E-01   C at   66  1
       a =  0.250      CL =  0.4176
      Cm = -0.0817     CD =  0.00666   =>   CDf =  0.00438    CDp =  0.00228

 Side 1  free  transition at x/c =  0.7049   66
 Side 2  free  transition at x/c =  0.9591   79

 113   rms: 0.4756E-02   max: -.8555E-01   C at   66  1
       a =  0.250      CL =  0.4176
      Cm = -0.0817     CD =  0.00666   =>   CDf =  0.00438    CDp =  0.00228

 Side 1  free  transition at x/c =  0.7049   66
 Side 2  free  transition at x/c =  0.9591   79

 114   rms: 0.4756E-02   max: -.8555E-01   C at   66  1
       a =  0.250      CL =  0.4176
      Cm = -0.0817     CD =  0.00666   =>   CDf =  0.00438    CDp =  0.00228

 Side 1  free  transition at x/c =  0.7049   66
 Side 2  free  transition at x/c =  0.9591   79

 115   rms: 0.4756E-02   max: -.8555E-01   C at   66  1
       a =  0.250      CL =  0.4176
      Cm = -0.0817     CD =  0.00666   =>   CDf =  0.00438    CDp =  0.00228

 Side 1  free  transition at x/c =  0.7049   66
 Side 2  free  transition at x/c =  0.9591   79

 116   rms: 0.4756E-02   max: -.8555E-01   C at   66  1
       a =  0.250      CL =  0.4176
      Cm = -0.0817     CD =  0.00666   =>   CDf =  0.00438    CDp =  0.00228

 Side 1  free  transition at x/c =  0.7049   66
 Side 2  free  transition at x/c =  0.9591   79

 117   rms: 0.4756E-02   max: -.8555E-01   C at   66  1
       a =  0.250      CL =  0.4176
      Cm = -0.0817     CD =  0.00666   =>   CDf =  0.00438    CDp =  0.00228

 Side 1  free  transition at x/c =  0.7049   66
 Side 2  free  transition at x/c =  0.9591   79

 118   rms: 0.4756E-02   max: -.8555E-01   C at   66  1
       a =  0.250      CL =  0.4176
      Cm = -0.0817     CD =  0.00666   =>   CDf =  0.00438    CDp =  0.00228

 Side 1  free  transition at x/c =  0.7049   66
 Side 2  free  transition at x/c =  0.9591   79

 119   rms: 0.4756E-02   max: -.8555E-01   C at   66  1
       a =  0.250      CL =  0.4176
      Cm = -0.0817     CD =  0.00666   =>   CDf =  0.00438    CDp =  0.00228

 Side 1  free  transition at x/c =  0.7049   66
 Side 2  free  transition at x/c =  0.9591   79

 120   rms: 0.4756E-02   max: -.8555E-01   C at   66  1
       a =  0.250      CL =  0.4176
      Cm = -0.0817     CD =  0.00666   =>   CDf =  0.00438    CDp =  0.00228

 Side 1  free  transition at x/c =  0.7049   66
 Side 2  free  transition at x/c =  0.9591   79

 121   rms: 0.4756E-02   max: -.8555E-01   C at   66  1
       a =  0.250      CL =  0.4176
      Cm = -0.0817     CD =  0.00666   =>   CDf =  0.00438    CDp =  0.00228

 Side 1  free  transition at x/c =  0.7049   66
 Side 2  free  transition at x/c =  0.9591   79

 122   rms: 0.4756E-02   max: -.8555E-01   C at   66  1
       a =  0.250      CL =  0.4176
      Cm = -0.0817     CD =  0.00666   =>   CDf =  0.00438    CDp =  0.00228

 Side 1  free  transition at x/c =  0.7049   66
 Side 2  free  transition at x/c =  0.9591   79

 123   rms: 0.4756E-02   max: -.8555E-01   C at   66  1
       a =  0.250      CL =  0.4176
      Cm = -0.0817     CD =  0.00666   =>   CDf =  0.00438    CDp =  0.00228

 Side 1  free  transition at x/c =  0.7049   66
 Side 2  free  transition at x/c =  0.9591   79

 124   rms: 0.4756E-02   max: -.8555E-01   C at   66  1
       a =  0.250      CL =  0.4176
      Cm = -0.0817     CD =  0.00666   =>   CDf =  0.00438    CDp =  0.00228

 Side 1  free  transition at x/c =  0.7049   66
 Side 2  free  transition at x/c =  0.9591   79

 125   rms: 0.4756E-02   max: -.8555E-01   C at   66  1
       a =  0.250      CL =  0.4176
      Cm = -0.0817     CD =  0.00666   =>   CDf =  0.00438    CDp =  0.00228

 Side 1  free  transition at x/c =  0.7049   66
 Side 2  free  transition at x/c =  0.9591   79

 126   rms: 0.4756E-02   max: -.8555E-01   C at   66  1
       a =  0.250      CL =  0.4176
      Cm = -0.0817     CD =  0.00666   =>   CDf =  0.00438    CDp =  0.00228

 Side 1  free  transition at x/c =  0.7049   66
 Side 2  free  transition at x/c =  0.9591   79

 127   rms: 0.4756E-02   max: -.8555E-01   C at   66  1
       a =  0.250      CL =  0.4176
      Cm = -0.0817     CD =  0.00666   =>   CDf =  0.00438    CDp =  0.00228

 Side 1  free  transition at x/c =  0.7049   66
 Side 2  free  transition at x/c =  0.9591   79

 128   rms: 0.4756E-02   max: -.8555E-01   C at   66  1
       a =  0.250      CL =  0.4176
      Cm = -0.0817     CD =  0.00666   =>   CDf =  0.00438    CDp =  0.00228

 Side 1  free  transition at x/c =  0.7049   66
 Side 2  free  transition at x/c =  0.9591   79

 129   rms: 0.4756E-02   max: -.8555E-01   C at   66  1
       a =  0.250      CL =  0.4176
      Cm = -0.0817     CD =  0.00666   =>   CDf =  0.00438    CDp =  0.00228

 Side 1  free  transition at x/c =  0.7049   66
 Side 2  free  transition at x/c =  0.9591   79

 130   rms: 0.4756E-02   max: -.8555E-01   C at   66  1
       a =  0.250      CL =  0.4176
      Cm = -0.0817     CD =  0.00666   =>   CDf =  0.00438    CDp =  0.00228

 Side 1  free  transition at x/c =  0.7049   66
 Side 2  free  transition at x/c =  0.9591   79

 131   rms: 0.4756E-02   max: -.8555E-01   C at   66  1
       a =  0.250      CL =  0.4176
      Cm = -0.0817     CD =  0.00666   =>   CDf =  0.00438    CDp =  0.00228

 Side 1  free  transition at x/c =  0.7049   66
 Side 2  free  transition at x/c =  0.9591   79

 132   rms: 0.4756E-02   max: -.8555E-01   C at   66  1
       a =  0.250      CL =  0.4176
      Cm = -0.0817     CD =  0.00666   =>   CDf =  0.00438    CDp =  0.00228

 Side 1  free  transition at x/c =  0.7049   66
 Side 2  free  transition at x/c =  0.9591   79

 133   rms: 0.4756E-02   max: -.8555E-01   C at   66  1
       a =  0.250      CL =  0.4176
      Cm = -0.0817     CD =  0.00666   =>   CDf =  0.00438    CDp =  0.00228

 Side 1  free  transition at x/c =  0.7049   66
 Side 2  free  transition at x/c =  0.9591   79

 134   rms: 0.4756E-02   max: -.8555E-01   C at   66  1
       a =  0.250      CL =  0.4176
      Cm = -0.0817     CD =  0.00666   =>   CDf =  0.00438    CDp =  0.00228

 Side 1  free  transition at x/c =  0.7049   66
 Side 2  free  transition at x/c =  0.9591   79

 135   rms: 0.4756E-02   max: -.8555E-01   C at   66  1
       a =  0.250      CL =  0.4176
      Cm = -0.0817     CD =  0.00666   =>   CDf =  0.00438    CDp =  0.00228

 Side 1  free  transition at x/c =  0.7049   66
 Side 2  free  transition at x/c =  0.9591   79

 136   rms: 0.4756E-02   max: -.8555E-01   C at   66  1
       a =  0.250      CL =  0.4176
      Cm = -0.0817     CD =  0.00666   =>   CDf =  0.00438    CDp =  0.00228

 Side 1  free  transition at x/c =  0.7049   66
 Side 2  free  transition at x/c =  0.9591   79

 137   rms: 0.4756E-02   max: -.8555E-01   C at   66  1
       a =  0.250      CL =  0.4176
      Cm = -0.0817     CD =  0.00666   =>   CDf =  0.00438    CDp =  0.00228

 Side 1  free  transition at x/c =  0.7049   66
 Side 2  free  transition at x/c =  0.9591   79

 138   rms: 0.4756E-02   max: -.8555E-01   C at   66  1
       a =  0.250      CL =  0.4176
      Cm = -0.0817     CD =  0.00666   =>   CDf =  0.00438    CDp =  0.00228

 Side 1  free  transition at x/c =  0.7049   66
 Side 2  free  transition at x/c =  0.9591   79

 139   rms: 0.4756E-02   max: -.8555E-01   C at   66  1
       a =  0.250      CL =  0.4176
      Cm = -0.0817     CD =  0.00666   =>   CDf =  0.00438    CDp =  0.00228

 Side 1  free  transition at x/c =  0.7049   66
 Side 2  free  transition at x/c =  0.9591   79

 140   rms: 0.4756E-02   max: -.8555E-01   C at   66  1
       a =  0.250      CL =  0.4176
      Cm = -0.0817     CD =  0.00666   =>   CDf =  0.00438    CDp =  0.00228

 Side 1  free  transition at x/c =  0.7049   66
 Side 2  free  transition at x/c =  0.9591   79

 141   rms: 0.4756E-02   max: -.8555E-01   C at   66  1
       a =  0.250      CL =  0.4176
      Cm = -0.0817     CD =  0.00666   =>   CDf =  0.00438    CDp =  0.00228

 Side 1  free  transition at x/c =  0.7049   66
 Side 2  free  transition at x/c =  0.9591   79

 142   rms: 0.4756E-02   max: -.8555E-01   C at   66  1
       a =  0.250      CL =  0.4176
      Cm = -0.0817     CD =  0.00666   =>   CDf =  0.00438    CDp =  0.00228

 Side 1  free  transition at x/c =  0.7049   66
 Side 2  free  transition at x/c =  0.9591   79

 143   rms: 0.4756E-02   max: -.8555E-01   C at   66  1
       a =  0.250      CL =  0.4176
      Cm = -0.0817     CD =  0.00666   =>   CDf =  0.00438    CDp =  0.00228

 Side 1  free  transition at x/c =  0.7049   66
 Side 2  free  transition at x/c =  0.9591   79

 144   rms: 0.4756E-02   max: -.8555E-01   C at   66  1
       a =  0.250      CL =  0.4176
      Cm = -0.0817     CD =  0.00666   =>   CDf =  0.00438    CDp =  0.00228

 Side 1  free  transition at x/c =  0.7049   66
 Side 2  free  transition at x/c =  0.9591   79

 145   rms: 0.4756E-02   max: -.8555E-01   C at   66  1
       a =  0.250      CL =  0.4176
      Cm = -0.0817     CD =  0.00666   =>   CDf =  0.00438    CDp =  0.00228

 Side 1  free  transition at x/c =  0.7049   66
 Side 2  free  transition at x/c =  0.9591   79

 146   rms: 0.4756E-02   max: -.8555E-01   C at   66  1
       a =  0.250      CL =  0.4176
      Cm = -0.0817     CD =  0.00666   =>   CDf =  0.00438    CDp =  0.00228

 Side 1  free  transition at x/c =  0.7049   66
 Side 2  free  transition at x/c =  0.9591   79

 147   rms: 0.4756E-02   max: -.8555E-01   C at   66  1
       a =  0.250      CL =  0.4176
      Cm = -0.0817     CD =  0.00666   =>   CDf =  0.00438    CDp =  0.00228

 Side 1  free  transition at x/c =  0.7049   66
 Side 2  free  transition at x/c =  0.9591   79

 148   rms: 0.4756E-02   max: -.8555E-01   C at   66  1
       a =  0.250      CL =  0.4176
      Cm = -0.0817     CD =  0.00666   =>   CDf =  0.00438    CDp =  0.00228

 Side 1  free  transition at x/c =  0.7049   66
 Side 2  free  transition at x/c =  0.9591   79

 149   rms: 0.4756E-02   max: -.8555E-01   C at   66  1
       a =  0.250      CL =  0.4176
      Cm = -0.0817     CD =  0.00666   =>   CDf =  0.00438    CDp =  0.00228

 Side 1  free  transition at x/c =  0.7049   66
 Side 2  free  transition at x/c =  0.9591   79

 150   rms: 0.4756E-02   max: -.8555E-01   C at   66  1
       a =  0.250      CL =  0.4176
      Cm = -0.0817     CD =  0.00666   =>   CDf =  0.00438    CDp =  0.00228

 Side 1  free  transition at x/c =  0.7049   66
 Side 2  free  transition at x/c =  0.9591   79

 151   rms: 0.4756E-02   max: -.8555E-01   C at   66  1
       a =  0.250      CL =  0.4176
      Cm = -0.0817     CD =  0.00666   =>   CDf =  0.00438    CDp =  0.00228

 Side 1  free  transition at x/c =  0.7049   66
 Side 2  free  transition at x/c =  0.9591   79

 152   rms: 0.4756E-02   max: -.8555E-01   C at   66  1
       a =  0.250      CL =  0.4176
      Cm = -0.0817     CD =  0.00666   =>   CDf =  0.00438    CDp =  0.00228

 Side 1  free  transition at x/c =  0.7049   66
 Side 2  free  transition at x/c =  0.9591   79

 153   rms: 0.4756E-02   max: -.8555E-01   C at   66  1
       a =  0.250      CL =  0.4176
      Cm = -0.0817     CD =  0.00666   =>   CDf =  0.00438    CDp =  0.00228

 Side 1  free  transition at x/c =  0.7049   66
 Side 2  free  transition at x/c =  0.9591   79

 154   rms: 0.4756E-02   max: -.8555E-01   C at   66  1
       a =  0.250      CL =  0.4176
      Cm = -0.0817     CD =  0.00666   =>   CDf =  0.00438    CDp =  0.00228

 Side 1  free  transition at x/c =  0.7049   66
 Side 2  free  transition at x/c =  0.9591   79

 155   rms: 0.4756E-02   max: -.8555E-01   C at   66  1
       a =  0.250      CL =  0.4176
      Cm = -0.0817     CD =  0.00666   =>   CDf =  0.00438    CDp =  0.00228

 Side 1  free  transition at x/c =  0.7049   66
 Side 2  free  transition at x/c =  0.9591   79

 156   rms: 0.4756E-02   max: -.8555E-01   C at   66  1
       a =  0.250      CL =  0.4176
      Cm = -0.0817     CD =  0.00666   =>   CDf =  0.00438    CDp =  0.00228

 Side 1  free  transition at x/c =  0.7049   66
 Side 2  free  transition at x/c =  0.9591   79

 157   rms: 0.4756E-02   max: -.8555E-01   C at   66  1
       a =  0.250      CL =  0.4176
      Cm = -0.0817     CD =  0.00666   =>   CDf =  0.00438    CDp =  0.00228

 Side 1  free  transition at x/c =  0.7049   66
 Side 2  free  transition at x/c =  0.9591   79

 158   rms: 0.4756E-02   max: -.8555E-01   C at   66  1
       a =  0.250      CL =  0.4176
      Cm = -0.0817     CD =  0.00666   =>   CDf =  0.00438    CDp =  0.00228

 Side 1  free  transition at x/c =  0.7049   66
 Side 2  free  transition at x/c =  0.9591   79

 159   rms: 0.4756E-02   max: -.8555E-01   C at   66  1
       a =  0.250      CL =  0.4176
      Cm = -0.0817     CD =  0.00666   =>   CDf =  0.00438    CDp =  0.00228

 Side 1  free  transition at x/c =  0.7049   66
 Side 2  free  transition at x/c =  0.9591   79

 160   rms: 0.4756E-02   max: -.8555E-01   C at   66  1
       a =  0.250      CL =  0.4176
      Cm = -0.0817     CD =  0.00666   =>   CDf =  0.00438    CDp =  0.00228

 Side 1  free  transition at x/c =  0.7049   66
 Side 2  free  transition at x/c =  0.9591   79

 161   rms: 0.4756E-02   max: -.8555E-01   C at   66  1
       a =  0.250      CL =  0.4176
      Cm = -0.0817     CD =  0.00666   =>   CDf =  0.00438    CDp =  0.00228

 Side 1  free  transition at x/c =  0.7049   66
 Side 2  free  transition at x/c =  0.9591   79

 162   rms: 0.4756E-02   max: -.8555E-01   C at   66  1
       a =  0.250      CL =  0.4176
      Cm = -0.0817     CD =  0.00666   =>   CDf =  0.00438    CDp =  0.00228

 Side 1  free  transition at x/c =  0.7049   66
 Side 2  free  transition at x/c =  0.9591   79

 163   rms: 0.4756E-02   max: -.8555E-01   C at   66  1
       a =  0.250      CL =  0.4176
      Cm = -0.0817     CD =  0.00666   =>   CDf =  0.00438    CDp =  0.00228

 Side 1  free  transition at x/c =  0.7049   66
 Side 2  free  transition at x/c =  0.9591   79

 164   rms: 0.4756E-02   max: -.8555E-01   C at   66  1
       a =  0.250      CL =  0.4176
      Cm = -0.0817     CD =  0.00666   =>   CDf =  0.00438    CDp =  0.00228

 Side 1  free  transition at x/c =  0.7049   66
 Side 2  free  transition at x/c =  0.9591   79

 165   rms: 0.4756E-02   max: -.8555E-01   C at   66  1
       a =  0.250      CL =  0.4176
      Cm = -0.0817     CD =  0.00666   =>   CDf =  0.00438    CDp =  0.00228

 Side 1  free  transition at x/c =  0.7049   66
 Side 2  free  transition at x/c =  0.9591   79

 166   rms: 0.4756E-02   max: -.8555E-01   C at   66  1
       a =  0.250      CL =  0.4176
      Cm = -0.0817     CD =  0.00666   =>   CDf =  0.00438    CDp =  0.00228

 Side 1  free  transition at x/c =  0.7049   66
 Side 2  free  transition at x/c =  0.9591   79

 167   rms: 0.4756E-02   max: -.8555E-01   C at   66  1
       a =  0.250      CL =  0.4176
      Cm = -0.0817     CD =  0.00666   =>   CDf =  0.00438    CDp =  0.00228

 Side 1  free  transition at x/c =  0.7049   66
 Side 2  free  transition at x/c =  0.9591   79

 168   rms: 0.4756E-02   max: -.8555E-01   C at   66  1
       a =  0.250      CL =  0.4176
      Cm = -0.0817     CD =  0.00666   =>   CDf =  0.00438    CDp =  0.00228

 Side 1  free  transition at x/c =  0.7049   66
 Side 2  free  transition at x/c =  0.9591   79

 169   rms: 0.4756E-02   max: -.8555E-01   C at   66  1
       a =  0.250      CL =  0.4176
      Cm = -0.0817     CD =  0.00666   =>   CDf =  0.00438    CDp =  0.00228

 Side 1  free  transition at x/c =  0.7049   66
 Side 2  free  transition at x/c =  0.9591   79

 170   rms: 0.4756E-02   max: -.8555E-01   C at   66  1
       a =  0.250      CL =  0.4176
      Cm = -0.0817     CD =  0.00666   =>   CDf =  0.00438    CDp =  0.00228

 Side 1  free  transition at x/c =  0.7049   66
 Side 2  free  transition at x/c =  0.9591   79

 171   rms: 0.4756E-02   max: -.8555E-01   C at   66  1
       a =  0.250      CL =  0.4176
      Cm = -0.0817     CD =  0.00666   =>   CDf =  0.00438    CDp =  0.00228

 Side 1  free  transition at x/c =  0.7049   66
 Side 2  free  transition at x/c =  0.9591   79

 172   rms: 0.4756E-02   max: -.8555E-01   C at   66  1
       a =  0.250      CL =  0.4176
      Cm = -0.0817     CD =  0.00666   =>   CDf =  0.00438    CDp =  0.00228

 Side 1  free  transition at x/c =  0.7049   66
 Side 2  free  transition at x/c =  0.9591   79

 173   rms: 0.4756E-02   max: -.8555E-01   C at   66  1
       a =  0.250      CL =  0.4176
      Cm = -0.0817     CD =  0.00666   =>   CDf =  0.00438    CDp =  0.00228

 Side 1  free  transition at x/c =  0.7049   66
 Side 2  free  transition at x/c =  0.9591   79

 174   rms: 0.4756E-02   max: -.8555E-01   C at   66  1
       a =  0.250      CL =  0.4176
      Cm = -0.0817     CD =  0.00666   =>   CDf =  0.00438    CDp =  0.00228

 Side 1  free  transition at x/c =  0.7049   66
 Side 2  free  transition at x/c =  0.9591   79

 175   rms: 0.4756E-02   max: -.8555E-01   C at   66  1
       a =  0.250      CL =  0.4176
      Cm = -0.0817     CD =  0.00666   =>   CDf =  0.00438    CDp =  0.00228

 Side 1  free  transition at x/c =  0.7049   66
 Side 2  free  transition at x/c =  0.9591   79

 176   rms: 0.4756E-02   max: -.8555E-01   C at   66  1
       a =  0.250      CL =  0.4176
      Cm = -0.0817     CD =  0.00666   =>   CDf =  0.00438    CDp =  0.00228

 Side 1  free  transition at x/c =  0.7049   66
 Side 2  free  transition at x/c =  0.9591   79

 177   rms: 0.4756E-02   max: -.8555E-01   C at   66  1
       a =  0.250      CL =  0.4176
      Cm = -0.0817     CD =  0.00666   =>   CDf =  0.00438    CDp =  0.00228

 Side 1  free  transition at x/c =  0.7049   66
 Side 2  free  transition at x/c =  0.9591   79

 178   rms: 0.4756E-02   max: -.8555E-01   C at   66  1
       a =  0.250      CL =  0.4176
      Cm = -0.0817     CD =  0.00666   =>   CDf =  0.00438    CDp =  0.00228

 Side 1  free  transition at x/c =  0.7049   66
 Side 2  free  transition at x/c =  0.9591   79

 179   rms: 0.4756E-02   max: -.8555E-01   C at   66  1
       a =  0.250      CL =  0.4176
      Cm = -0.0817     CD =  0.00666   =>   CDf =  0.00438    CDp =  0.00228

 Side 1  free  transition at x/c =  0.7049   66
 Side 2  free  transition at x/c =  0.9591   79

 180   rms: 0.4756E-02   max: -.8555E-01   C at   66  1
       a =  0.250      CL =  0.4176
      Cm = -0.0817     CD =  0.00666   =>   CDf =  0.00438    CDp =  0.00228

 Side 1  free  transition at x/c =  0.7049   66
 Side 2  free  transition at x/c =  0.9591   79

 181   rms: 0.4756E-02   max: -.8555E-01   C at   66  1
       a =  0.250      CL =  0.4176
      Cm = -0.0817     CD =  0.00666   =>   CDf =  0.00438    CDp =  0.00228

 Side 1  free  transition at x/c =  0.7049   66
 Side 2  free  transition at x/c =  0.9591   79

 182   rms: 0.4756E-02   max: -.8555E-01   C at   66  1
       a =  0.250      CL =  0.4176
      Cm = -0.0817     CD =  0.00666   =>   CDf =  0.00438    CDp =  0.00228

 Side 1  free  transition at x/c =  0.7049   66
 Side 2  free  transition at x/c =  0.9591   79

 183   rms: 0.4756E-02   max: -.8555E-01   C at   66  1
       a =  0.250      CL =  0.4176
      Cm = -0.0817     CD =  0.00666   =>   CDf =  0.00438    CDp =  0.00228

 Side 1  free  transition at x/c =  0.7049   66
 Side 2  free  transition at x/c =  0.9591   79

 184   rms: 0.4756E-02   max: -.8555E-01   C at   66  1
       a =  0.250      CL =  0.4176
      Cm = -0.0817     CD =  0.00666   =>   CDf =  0.00438    CDp =  0.00228

 Side 1  free  transition at x/c =  0.7049   66
 Side 2  free  transition at x/c =  0.9591   79

 185   rms: 0.4756E-02   max: -.8555E-01   C at   66  1
       a =  0.250      CL =  0.4176
      Cm = -0.0817     CD =  0.00666   =>   CDf =  0.00438    CDp =  0.00228

 Side 1  free  transition at x/c =  0.7049   66
 Side 2  free  transition at x/c =  0.9591   79

 186   rms: 0.4756E-02   max: -.8555E-01   C at   66  1
       a =  0.250      CL =  0.4176
      Cm = -0.0817     CD =  0.00666   =>   CDf =  0.00438    CDp =  0.00228

 Side 1  free  transition at x/c =  0.7049   66
 Side 2  free  transition at x/c =  0.9591   79

 187   rms: 0.4756E-02   max: -.8555E-01   C at   66  1
       a =  0.250      CL =  0.4176
      Cm = -0.0817     CD =  0.00666   =>   CDf =  0.00438    CDp =  0.00228

 Side 1  free  transition at x/c =  0.7049   66
 Side 2  free  transition at x/c =  0.9591   79

 188   rms: 0.4756E-02   max: -.8555E-01   C at   66  1
       a =  0.250      CL =  0.4176
      Cm = -0.0817     CD =  0.00666   =>   CDf =  0.00438    CDp =  0.00228

 Side 1  free  transition at x/c =  0.7049   66
 Side 2  free  transition at x/c =  0.9591   79

 189   rms: 0.4756E-02   max: -.8555E-01   C at   66  1
       a =  0.250      CL =  0.4176
      Cm = -0.0817     CD =  0.00666   =>   CDf =  0.00438    CDp =  0.00228

 Side 1  free  transition at x/c =  0.7049   66
 Side 2  free  transition at x/c =  0.9591   79

 190   rms: 0.4756E-02   max: -.8555E-01   C at   66  1
       a =  0.250      CL =  0.4176
      Cm = -0.0817     CD =  0.00666   =>   CDf =  0.00438    CDp =  0.00228

 Side 1  free  transition at x/c =  0.7049   66
 Side 2  free  transition at x/c =  0.9591   79

 191   rms: 0.4756E-02   max: -.8555E-01   C at   66  1
       a =  0.250      CL =  0.4176
      Cm = -0.0817     CD =  0.00666   =>   CDf =  0.00438    CDp =  0.00228

 Side 1  free  transition at x/c =  0.7049   66
 Side 2  free  transition at x/c =  0.9591   79

 192   rms: 0.4756E-02   max: -.8555E-01   C at   66  1
       a =  0.250      CL =  0.4176
      Cm = -0.0817     CD =  0.00666   =>   CDf =  0.00438    CDp =  0.00228

 Side 1  free  transition at x/c =  0.7049   66
 Side 2  free  transition at x/c =  0.9591   79

 193   rms: 0.4756E-02   max: -.8555E-01   C at   66  1
       a =  0.250      CL =  0.4176
      Cm = -0.0817     CD =  0.00666   =>   CDf =  0.00438    CDp =  0.00228

 Side 1  free  transition at x/c =  0.7049   66
 Side 2  free  transition at x/c =  0.9591   79

 194   rms: 0.4756E-02   max: -.8555E-01   C at   66  1
       a =  0.250      CL =  0.4176
      Cm = -0.0817     CD =  0.00666   =>   CDf =  0.00438    CDp =  0.00228

 Side 1  free  transition at x/c =  0.7049   66
 Side 2  free  transition at x/c =  0.9591   79

 195   rms: 0.4756E-02   max: -.8555E-01   C at   66  1
       a =  0.250      CL =  0.4176
      Cm = -0.0817     CD =  0.00666   =>   CDf =  0.00438    CDp =  0.00228

 Side 1  free  transition at x/c =  0.7049   66
 Side 2  free  transition at x/c =  0.9591   79

 196   rms: 0.4756E-02   max: -.8555E-01   C at   66  1
       a =  0.250      CL =  0.4176
      Cm = -0.0817     CD =  0.00666   =>   CDf =  0.00438    CDp =  0.00228

 Side 1  free  transition at x/c =  0.7049   66
 Side 2  free  transition at x/c =  0.9591   79

 197   rms: 0.4756E-02   max: -.8555E-01   C at   66  1
       a =  0.250      CL =  0.4176
      Cm = -0.0817     CD =  0.00666   =>   CDf =  0.00438    CDp =  0.00228

 Side 1  free  transition at x/c =  0.7049   66
 Side 2  free  transition at x/c =  0.9591   79

 198   rms: 0.4756E-02   max: -.8555E-01   C at   66  1
       a =  0.250      CL =  0.4176
      Cm = -0.0817     CD =  0.00666   =>   CDf =  0.00438    CDp =  0.00228

 Side 1  free  transition at x/c =  0.7049   66
 Side 2  free  transition at x/c =  0.9591   79

 199   rms: 0.4756E-02   max: -.8555E-01   C at   66  1
       a =  0.250      CL =  0.4176
      Cm = -0.0817     CD =  0.00666   =>   CDf =  0.00438    CDp =  0.00228

 Side 1  free  transition at x/c =  0.7049   66
 Side 2  free  transition at x/c =  0.9591   79

 200   rms: 0.4756E-02   max: -.8555E-01   C at   66  1
       a =  0.250      CL =  0.4176
      Cm = -0.0817     CD =  0.00666   =>   CDf =  0.00438    CDp =  0.00228

 Side 1  free  transition at x/c =  0.7049   66
 Side 2  free  transition at x/c =  0.9591   79

 201   rms: 0.4756E-02   max: -.8555E-01   C at   66  1
       a =  0.250      CL =  0.4176
      Cm = -0.0817     CD =  0.00666   =>   CDf =  0.00438    CDp =  0.00228

 Side 1  free  transition at x/c =  0.7049   66
 Side 2  free  transition at x/c =  0.9591   79

 202   rms: 0.4756E-02   max: -.8555E-01   C at   66  1
       a =  0.250      CL =  0.4176
      Cm = -0.0817     CD =  0.00666   =>   CDf =  0.00438    CDp =  0.00228

 Side 1  free  transition at x/c =  0.7049   66
 Side 2  free  transition at x/c =  0.9591   79

 203   rms: 0.4756E-02   max: -.8555E-01   C at   66  1
       a =  0.250      CL =  0.4176
      Cm = -0.0817     CD =  0.00666   =>   CDf =  0.00438    CDp =  0.00228

 Side 1  free  transition at x/c =  0.7049   66
 Side 2  free  transition at x/c =  0.9591   79

 204   rms: 0.4756E-02   max: -.8555E-01   C at   66  1
       a =  0.250      CL =  0.4176
      Cm = -0.0817     CD =  0.00666   =>   CDf =  0.00438    CDp =  0.00228

 Side 1  free  transition at x/c =  0.7049   66
 Side 2  free  transition at x/c =  0.9591   79

 205   rms: 0.4756E-02   max: -.8555E-01   C at   66  1
       a =  0.250      CL =  0.4176
      Cm = -0.0817     CD =  0.00666   =>   CDf =  0.00438    CDp =  0.00228
 VISCAL:  Convergence failed
      9.000    4.2854   0.006661   0.002309   0.002451   0.000143    0.7049     #
 Calculating wake trajectory ...
 Calculating source influence matrix ...

 Solving BL system ...

 Side 1  free  transition at x/c =  0.7049   66
 Side 2  free  transition at x/c =  0.9591   79

   1   rms: 0.6363E-01   max: 0.2776E+00   D at   80  2
       a =  0.500      CL =  0.4618
      Cm = -0.0850     CD =  0.00666   =>   CDf =  0.00438    CDp =  0.00228

 Side 1  free  transition at x/c =  0.6917   66
 Side 2  free  transition at x/c =  0.9874   81

   2   rms: 0.1308E-01   max: 0.1881E+00   C at   81  2
       a =  0.500      CL =  0.4628
      Cm = -0.0853     CD =  0.00671   =>   CDf =  0.00443    CDp =  0.00228

 Side 1  free  transition at x/c =  0.6941   66
 Side 2  free  transition at x/c =  0.9860   81

   3   rms: 0.4333E-03   max: -.4577E-02   D at   67  1
       a =  0.500      CL =  0.4628
      Cm = -0.0853     CD =  0.00673   =>   CDf =  0.00440    CDp =  0.00233

 Side 1  free  transition at x/c =  0.6940   66
 Side 2  free  transition at x/c =  0.9859   81

   4   rms: 0.7998E-05   max: -.9340E-04   D at   81  2
       a =  0.500      CL =  0.4628
      Cm = -0.0853     CD =  0.00673   =>   CDf =  0.00440    CDp =  0.00233
      9.000    4.2339   0.006726   0.002341   0.002479   0.000138    0.6940     #

 Point added to stored polar  1
 Point written to save file  clarky_re480000_clean.polar                     
 Dump file unspecified or not available
 Calculating wake trajectory ...
 Calculating source influence matrix ...

 Solving BL system ...

 Side 1  free  transition at x/c =  0.6940   66
 Side 2  free  transition at x/c =  0.9859   81

   1   rms: 0.8243E-01   max: 0.3299E+00   D at   81  2
       a =  0.750      CL =  0.5300
      Cm = -0.0937     CD =  0.00675   =>   CDf =  0.00438    CDp =  0.00237

 Side 1  free  transition at x/c =  0.6826   66
 Side 2  free  transition at x/c =  0.9926   80

   2   rms: 0.2453E-01   max: -.2407E+00   D at   80  2
       a =  0.750      CL =  0.5170
      Cm = -0.0909     CD =  0.00674   =>   CDf =  0.00452    CDp =  0.00222

 Side 1  free  transition at x/c =  0.6831   66
 Side 2 forced transition at x/c =  1.0000   80

   3   rms: 0.2685E-02   max: 0.1718E-01   C at   80  2
       a =  0.750      CL =  0.5190
      Cm = -0.0913     CD =  0.00678   =>   CDf =  0.00450    CDp =  0.00228

 Side 1  free  transition at x/c =  0.6830   66
 Side 2  free  transition at x/c =  0.9985   80

   4   rms: 0.3231E-02   max: -.3694E-01   D at   80  2
       a =  0.750      CL =  0.5176
      Cm = -0.0910     CD =  0.00679   =>   CDf =  0.00450    CDp =  0.00228

 Side 1  free  transition at x/c =  0.6830   66
 Side 2  free  transition at x/c =  0.9995   80

   5   rms: 0.2116E-04   max: -.2392E-03   C at   80  2
       a =  0.750      CL =  0.5176
      Cm = -0.0910     CD =  0.00679   =>   CDf =  0.00450    CDp =  0.00228
      9.000    4.1414   0.006786   0.002386   0.002489   0.000103    0.6830     #

 Point added to stored polar  1
 Point written to save file  clarky_re480000_clean.polar                     
 Dump file unspecified or not available
 Calculating wake trajectory ...
 Calculating source influence matrix ...

 Solving BL system ...

 Side 1  free  transition at x/c =  0.6830   66
 Side 2  free  transition at x/c =  0.9995   80

   1   rms: 0.6384E-01   max: 0.3560E+00   C at   80  2
       a =  1.000      CL =  0.5678
      Cm = -0.0959     CD =  0.00682   =>   CDf =  0.00450    CDp =  0.00231

 Side 1  free  transition at x/c =  0.6688   66
 Side 2 forced transition at x/c =  1.0000   80

   2   rms: 0.3277E-01   max: -.2739E+00   D at   80  2
       a =  1.000      CL =  0.5453
      Cm = -0.0910     CD =  0.00679   =>   CDf =  0.00463    CDp =  0.00217

 Side 1  free  transition at x/c =  0.6716   66
 Side 2 forced transition at x/c =  1.0000   80

   3   rms: 0.1405E-02   max: 0.1270E-01   D at   82  2
       a =  1.000      CL =  0.5440
      Cm = -0.0908     CD =  0.00684   =>   CDf =  0.00457    CDp =  0.00227

 Side 1  free  transition at x/c =  0.6717   66
 Side 2 forced transition at x/c =  1.0000   80

   4   rms: 0.5526E-05   max: -.6305E-04   D at   82  2
       a =  1.000      CL =  0.5440
      Cm = -0.0908     CD =  0.00684   =>   CDf =  0.00457    CDp =  0.00227
      9.000    4.0880   0.006842   0.002409   0.002484   0.000075    0.6717     #

 Point added to stored polar  1
 Point written to save file  clarky_re480000_clean.polar                     
 Dump file unspecified or not available
 Calculating wake trajectory ...
 Calculating source influence matrix ...

 Solving BL system ...

 Side 1  free  transition at x/c =  0.6717   66
 Side 2 forced transition at x/c =  1.0000   80

   1   rms: 0.4394E-01   max: -.9322E-01   n at   79  2
       a =  1.250      CL =  0.5689
      Cm = -0.0901     CD =  0.00694   =>   CDf =  0.00457    CDp =  0.00236

 Side 1  free  transition at x/c =  0.6612   65
 Side 2 forced transition at x/c =  1.0000   80

   2   rms: 0.3007E-02   max: -.4076E-01   D at   65  1
       a =  1.250      CL =  0.5690
      Cm = -0.0901     CD =  0.00691   =>   CDf =  0.00465    CDp =  0.00226

 Side 1  free  transition at x/c =  0.6606   65
 Side 2 forced transition at x/c =  1.0000   80

   3   rms: 0.2325E-04   max: 0.3257E-03   C at   65  1
       a =  1.250      CL =  0.5690
      Cm = -0.0901     CD =  0.00691   =>   CDf =  0.00464    CDp =  0.00227
      9.000    4.0433   0.006909   0.002434   0.002484   0.000050    0.6606     #

 Point added to stored polar  1
 Point written to save file  clarky_re480000_clean.polar                     
 Dump file unspecified or not available
 Calculating wake trajectory ...
 Calculating source influence matrix ...

 Solving BL system ...

 Side 1  free  transition at x/c =  0.6606   65
 Side 2 forced transition at x/c =  1.0000   80

   1   rms: 0.4198E-01   max: -.7892E-01   n at   79  2
       a =  1.500      CL =  0.5940
      Cm = -0.0895     CD =  0.00697   =>   CDf =  0.00464    CDp =  0.00233

 Side 1  free  transition at x/c =  0.6473   64
 Side 2 forced transition at x/c =  1.0000   80

   2   rms: 0.3314E-02   max: -.4750E-01   C at   64  1
       a =  1.500      CL =  0.5937
      Cm = -0.0894     CD =  0.00701   =>   CDf =  0.00475    CDp =  0.00226

 Side 1  free  transition at x/c =  0.6483   65
 Side 2 forced transition at x/c =  1.0000   80

   3   rms: 0.3911E-02   max: -.4783E-01   C at   65  1
       a =  1.500      CL =  0.5937
      Cm = -0.0895     CD =  0.00700   =>   CDf =  0.00476    CDp =  0.00224

 Side 1  free  transition at x/c =  0.6490   65
 Side 2 forced transition at x/c =  1.0000   80

   4   rms: 0.2271E-03   max: -.3597E-02   D at   66  1
       a =  1.500      CL =  0.5937
      Cm = -0.0895     CD =  0.00700   =>   CDf =  0.00473    CDp =  0.00227

 Side 1  free  transition at x/c =  0.6489   65
 Side 2 forced transition at x/c =  1.0000   80

   5   rms: 0.7827E-06   max: -.1380E-04   D at   66  1
       a =  1.500      CL =  0.5937
      Cm = -0.0895     CD =  0.00700   =>   CDf =  0.00473    CDp =  0.00227
      9.000    3.9666   0.007004   0.000000   0.000000   0.000000    0.6489     #

 Point added to stored polar  1
 Point written to save file  clarky_re480000_clean.polar                     
 Dump file unspecified or not available
 Calculating wake trajectory ...
 Calculating source influence matrix ...

 Solving BL system ...

 Side 1  free  transition at x/c =  0.6489   65
 Side 2 forced transition at x/c =  1.0000   80

   1   rms: 0.4286E-01   max: -.5990E-01   n at   79  2
       a =  1.750      CL =  0.6183
      Cm = -0.0887     CD =  0.00715   =>   CDf =  0.00470    CDp =  0.00244

 Side 1  free  transition at x/c =  0.6368   65
 Side 2 forced transition at x/c =  1.0000   79

   2   rms: 0.5052E-02   max: -.6409E-01   D at   65  1
       a =  1.750      CL =  0.6186
      Cm = -0.0888     CD =  0.00707   =>   CDf =  0.00478    CDp =  0.00229

 Side 1  free  transition at x/c =  0.6362   65
 Side 2 forced transition at x/c =  1.0000   79

   3   rms: 0.2466E-03   max: 0.2509E-02   D at    5  1
       a =  1.750      CL =  0.6186
      Cm = -0.0888     CD =  0.00707   =>   CDf =  0.00477    CDp =  0.00230

 Side 1  free  transition at x/c =  0.6362   65
 Side 2 forced transition at x/c =  1.0000   79

   4   rms: 0.2323E-06   max: -.2007E-05   D at    7  1
       a =  1.750      CL =  0.6186
      Cm = -0.0888     CD =  0.00707   =>   CDf =  0.00477    CDp =  0.00230
      9.000    3.9260   0.007073   0.000000   0.000000   0.000000    0.6362     #

 Point added to stored polar  1
 Point written to save file  clarky_re480000_clean.polar                     
 Dump file unspecified or not available
 Calculating wake trajectory ...
 Calculating source influence matrix ...

 Solving BL system ...

 Side 1  free  transition at x/c =  0.6362   65
 Side 2 forced transition at x/c =  1.0000   79

   1   rms: 0.4208E-01   max: -.6350E-01   C at   79  2
       a =  2.000      CL =  0.6430
      Cm = -0.0880     CD =  0.00718   =>   CDf =  0.00478    CDp =  0.00241

 Side 1  free  transition at x/c =  0.6226   64
 Side 2 forced transition at x/c =  1.0000   79

   2   rms: 0.3299E-02   max: -.5065E-01   C at   64  1
       a =  2.000      CL =  0.6431
      Cm = -0.0881     CD =  0.00717   =>   CDf =  0.00486    CDp =  0.00231

 Side 1  free  transition at x/c =  0.6230   64
 Side 2 forced transition at x/c =  1.0000   79

   3   rms: 0.8555E-04   max: 0.1490E-02   C at   64  1
       a =  2.000      CL =  0.6431
      Cm = -0.0881     CD =  0.00717   =>   CDf =  0.00485    CDp =  0.00233
      9.000    3.8666   0.007173   0.000000   0.000000   0.000000    0.6230     #

 Point added to stored polar  1
 Point written to save file  clarky_re480000_clean.polar                     
 Dump file unspecified or not available
 Calculating wake trajectory ...
 Calculating source influence matrix ...

 Solving BL system ...

 Side 1  free  transition at x/c =  0.6229   64
 Side 2 forced transition at x/c =  1.0000   79

   1   rms: 0.4125E-01   max: -.6782E-01   C at   79  2
       a =  2.250      CL =  0.6677
      Cm = -0.0874     CD =  0.00726   =>   CDf =  0.00485    CDp =  0.00241

 Side 1  free  transition at x/c =  0.6069   63
 Side 2 forced transition at x/c =  1.0000   79

   2   rms: 0.4058E-02   max: -.7202E-01   C at   63  1
       a =  2.250      CL =  0.6672
      Cm = -0.0873     CD =  0.00729   =>   CDf =  0.00495    CDp =  0.00234

 Side 1  free  transition at x/c =  0.6088   63
 Side 2 forced transition at x/c =  1.0000   79

   3   rms: 0.9590E-04   max: -.1600E-02   D at   65  1
       a =  2.250      CL =  0.6673
      Cm = -0.0873     CD =  0.00730   =>   CDf =  0.00493    CDp =  0.00236
      9.000    3.8023   0.007295   0.000000   0.000000   0.000000    0.6088     #

 Point added to stored polar  1
 Point written to save file  clarky_re480000_clean.polar                     
 Dump file unspecified or not available
 Calculating wake trajectory ...
 Calculating source influence matrix ...

 Solving BL system ...

 Side 1  free  transition at x/c =  0.6087   63
 Side 2 forced transition at x/c =  1.0000   79

   1   rms: 0.4064E-01   max: -.7056E-01   C at   79  2
       a =  2.500      CL =  0.6923
      Cm = -0.0867     CD =  0.00736   =>   CDf =  0.00489    CDp =  0.00247

 Side 1  free  transition at x/c =  0.5913   63
 Side 2 forced transition at x/c =  1.0000   78

   2   rms: 0.4523E-02   max: -.5991E-01   C at   63  1
       a =  2.500      CL =  0.6911
      Cm = -0.0864     CD =  0.00744   =>   CDf =  0.00504    CDp =  0.00240

 Side 1  free  transition at x/c =  0.5934   64
 Side 2 forced transition at x/c =  1.0000   78

   3   rms: 0.2955E-02   max: -.4198E-01   C at   64  1
       a =  2.500      CL =  0.6915
      Cm = -0.0865     CD =  0.00741   =>   CDf =  0.00502    CDp =  0.00239

 Side 1  free  transition at x/c =  0.5938   64
 Side 2 forced transition at x/c =  1.0000   78

   4   rms: 0.1486E-03   max: 0.2274E-02   C at   64  1
       a =  2.500      CL =  0.6915
      Cm = -0.0865     CD =  0.00741   =>   CDf =  0.00500    CDp =  0.00242

 Side 1  free  transition at x/c =  0.5937   64
 Side 2 forced transition at x/c =  1.0000   78

   5   rms: 0.2739E-06   max: -.3088E-05   D at   65  1
       a =  2.500      CL =  0.6915
      Cm = -0.0865     CD =  0.00741   =>   CDf =  0.00500    CDp =  0.00242
      9.000    3.7501   0.007414   0.000000   0.000000   0.000000    0.5937     #

 Point added to stored polar  1
 Point written to save file  clarky_re480000_clean.polar                     
 Dump file unspecified or not available
 Calculating wake trajectory ...
 Calculating source influence matrix ...

 Solving BL system ...

 Side 1  free  transition at x/c =  0.5937   64
 Side 2 forced transition at x/c =  1.0000   78

   1   rms: 0.4394E-01   max: 0.2473E+00   C at   64  1
       a =  2.750      CL =  0.7149
      Cm = -0.0855     CD =  0.00760   =>   CDf =  0.00500    CDp =  0.00260

 Side 1  free  transition at x/c =  0.5790   63
 Side 2 forced transition at x/c =  1.0000   78

   2   rms: 0.3849E-02   max: -.5012E-01   D at   64  1
       a =  2.750      CL =  0.7157
      Cm = -0.0857     CD =  0.00754   =>   CDf =  0.00506    CDp =  0.00248

 Side 1  free  transition at x/c =  0.5783   63
 Side 2 forced transition at x/c =  1.0000   78

   3   rms: 0.8125E-04   max: 0.1210E-02   C at   63  1
       a =  2.750      CL =  0.7157
      Cm = -0.0857     CD =  0.00754   =>   CDf =  0.00506    CDp =  0.00248
      9.000    3.7033   0.007539   0.000000   0.000000   0.000000    0.5783     #

 Point added to stored polar  1
 Point written to save file  clarky_re480000_clean.polar                     
 Dump file unspecified or not available
 Calculating wake trajectory ...
 Calculating source influence matrix ...

 Solving BL system ...

 Side 1  free  transition at x/c =  0.5783   63
 Side 2 forced transition at x/c =  1.0000   78

   1   rms: 0.4418E-01   max: 0.2789E+00   C at   63  1
       a =  3.000      CL =  0.7391
      Cm = -0.0847     CD =  0.00771   =>   CDf =  0.00506    CDp =  0.00265

 Side 1  free  transition at x/c =  0.5619   62
 Side 2 forced transition at x/c =  1.0000   78

   2   rms: 0.2975E-02   max: -.3049E-01   D at   62  1
       a =  3.000      CL =  0.7395
      Cm = -0.0848     CD =  0.00769   =>   CDf =  0.00514    CDp =  0.00255

 Side 1  free  transition at x/c =  0.5618   62
 Side 2 forced transition at x/c =  1.0000   78

   3   rms: 0.5011E-04   max: 0.8656E-03   C at   62  1
       a =  3.000      CL =  0.7395
      Cm = -0.0848     CD =  0.00769   =>   CDf =  0.00513    CDp =  0.00256
      9.000    3.6603   0.007687   0.000000   0.000000   0.000000    0.5618     #

 Point added to stored polar  1
 Point written to save file  clarky_re480000_clean.polar                     
 Dump file unspecified or not available
 Calculating wake trajectory ...
 Calculating source influence matrix ...

 Solving BL system ...

 Side 1  free  transition at x/c =  0.5617   62
 Side 2 forced transition at x/c =  1.0000   78

   1   rms: 0.4384E-01   max: 0.2997E+00   C at   62  1
       a =  3.250      CL =  0.7629
      Cm = -0.0839     CD =  0.00786   =>   CDf =  0.00513    CDp =  0.00273

 Side 1  free  transition at x/c =  0.5427   61
 Side 2 forced transition at x/c =  1.0000   78

   2   rms: 0.3359E-02   max: -.4946E-01   C at   61  1
       a =  3.250      CL =  0.7630
      Cm = -0.0839     CD =  0.00786   =>   CDf =  0.00523    CDp =  0.00263

 Side 1  free  transition at x/c =  0.5433   61
 Side 2 forced transition at x/c =  1.0000   78

   3   rms: 0.9885E-04   max: 0.1746E-02   C at   61  1
       a =  3.250      CL =  0.7630
      Cm = -0.0839     CD =  0.00786   =>   CDf =  0.00521    CDp =  0.00265
      9.000    3.6065   0.007860   0.000000   0.000000   0.000000    0.5433     #

 Point added to stored polar  1
 Point written to save file  clarky_re480000_clean.polar                     
 Dump file unspecified or not available
 Calculating wake trajectory ...
 Calculating source influence matrix ...

 Solving BL system ...

 Side 1  free  transition at x/c =  0.5433   61
 Side 2 forced transition at x/c =  1.0000   78

   1   rms: 0.4467E-01   max: 0.3441E+00   C at   61  1
       a =  3.500      CL =  0.7862
      Cm = -0.0829     CD =  0.00805   =>   CDf =  0.00515    CDp =  0.00291

 Side 1  free  transition at x/c =  0.5225   61
 Side 2 forced transition at x/c =  1.0000   77

   2   rms: 0.4135E-02   max: -.4512E-01   C at   61  1
       a =  3.500      CL =  0.7862
      Cm = -0.0829     CD =  0.00806   =>   CDf =  0.00531    CDp =  0.00274

 Side 1  free  transition at x/c =  0.5229   61
 Side 2 forced transition at x/c =  1.0000   77

   3   rms: 0.5063E-03   max: -.4971E-02   D at    4  1
       a =  3.500      CL =  0.7862
      Cm = -0.0829     CD =  0.00806   =>   CDf =  0.00530    CDp =  0.00276

 Side 1  free  transition at x/c =  0.5229   61
 Side 2 forced transition at x/c =  1.0000   77

   4   rms: 0.3052E-06   max: 0.3130E-05   D at    9  1
       a =  3.500      CL =  0.7862
      Cm = -0.0829     CD =  0.00806   =>   CDf =  0.00530    CDp =  0.00276
      9.000    3.5466   0.008057   0.000000   0.000000   0.000000    0.5229     #

 Point added to stored polar  1
 Point written to save file  clarky_re480000_clean.polar                     
 Dump file unspecified or not available
 Calculating wake trajectory ...
 Calculating source influence matrix ...

 Solving BL system ...

 Side 1  free  transition at x/c =  0.5229   61
 Side 2 forced transition at x/c =  1.0000   77

   1   rms: 0.4595E-01   max: 0.4022E+00   C at   61  1
       a =  3.750      CL =  0.8089
      Cm = -0.0819     CD =  0.00829   =>   CDf =  0.00530    CDp =  0.00299

 Side 1  free  transition at x/c =  0.5009   60
 Side 2 forced transition at x/c =  1.0000   77

   2   rms: 0.3122E-02   max: -.3331E-01   D at   62  1
       a =  3.750      CL =  0.8092
      Cm = -0.0819     CD =  0.00828   =>   CDf =  0.00541    CDp =  0.00287

 Side 1  free  transition at x/c =  0.5009   60
 Side 2 forced transition at x/c =  1.0000   77

   3   rms: 0.9904E-04   max: 0.1664E-02   C at   60  1
       a =  3.750      CL =  0.8092
      Cm = -0.0819     CD =  0.00828   =>   CDf =  0.00540    CDp =  0.00288
      9.000    3.6587   0.008284   0.000000   0.000000   0.000000    0.5009     #

 Point added to stored polar  1
 Point written to save file  clarky_re480000_clean.polar                     
 Dump file unspecified or not available
 Calculating wake trajectory ...
 Calculating source influence matrix ...

 Solving BL system ...

 Side 1  free  transition at x/c =  0.5009   60
 Side 2 forced transition at x/c =  1.0000   77

   1   rms: 0.4856E-01   max: 0.4699E+00   C at   60  1
       a =  4.000      CL =  0.8310
      Cm = -0.0807     CD =  0.00859   =>   CDf =  0.00541    CDp =  0.00319

 Side 1  free  transition at x/c =  0.4754   58
 Side 2 forced transition at x/c =  1.0000   77

   2   rms: 0.6910E-02   max: 0.1203E+00   D at   59  1
       a =  4.000      CL =  0.8317
      Cm = -0.0809     CD =  0.00855   =>   CDf =  0.00554    CDp =  0.00301

 Side 1  free  transition at x/c =  0.4761   58
 Side 2 forced transition at x/c =  1.0000   77

   3   rms: 0.5254E-03   max: 0.1069E-01   C at   58  1
       a =  4.000      CL =  0.8317
      Cm = -0.0809     CD =  0.00855   =>   CDf =  0.00553    CDp =  0.00302

 Side 1  free  transition at x/c =  0.4757   58
 Side 2 forced transition at x/c =  1.0000   77

   4   rms: 0.1327E-05   max: -.1294E-04   C at   58  1
       a =  4.000      CL =  0.8317
      Cm = -0.0809     CD =  0.00855   =>   CDf =  0.00553    CDp =  0.00302
      9.000    3.7896   0.008549   0.000000   0.000000   0.000000    0.4757     #

 Point added to stored polar  1
 Point written to save file  clarky_re480000_clean.polar                     
 Dump file unspecified or not available
 Calculating wake trajectory ...
 Calculating source influence matrix ...

 Solving BL system ...

 Side 1  free  transition at x/c =  0.4757   58
 Side 2 forced transition at x/c =  1.0000   77

   1   rms: 0.4473E-01   max: 0.3728E+00   C at   58  1
       a =  4.250      CL =  0.8559
      Cm = -0.0801     CD =  0.00874   =>   CDf =  0.00545    CDp =  0.00329

 Side 1  free  transition at x/c =  0.4403   57
 Side 2 forced transition at x/c =  1.0000   76

   2   rms: 0.8392E-02   max: -.1514E+00   C at   57  1
       a =  4.250      CL =  0.8530
      Cm = -0.0796     CD =  0.00890   =>   CDf =  0.00573    CDp =  0.00317

 Side 1  free  transition at x/c =  0.4469   58
 Side 2 forced transition at x/c =  1.0000   76

   3   rms: 0.1691E-02   max: -.2324E-01   D at   57  1
       a =  4.250      CL =  0.8540
      Cm = -0.0798     CD =  0.00885   =>   CDf =  0.00566    CDp =  0.00319

 Side 1  free  transition at x/c =  0.4459   58
 Side 2 forced transition at x/c =  1.0000   76

   4   rms: 0.4149E-04   max: 0.7400E-03   C at   58  1
       a =  4.250      CL =  0.8540
      Cm = -0.0798     CD =  0.00885   =>   CDf =  0.00566    CDp =  0.00319
      9.000    3.9339   0.008850   0.000000   0.000000   0.000000    0.4459     #

 Point added to stored polar  1
 Point written to save file  clarky_re480000_clean.polar                     
 Dump file unspecified or not available
 Calculating wake trajectory ...
 Calculating source influence matrix ...

 Solving BL system ...

 Side 1  free  transition at x/c =  0.4459   58
 Side 2 forced transition at x/c =  1.0000   76

   1   rms: 0.5451E-01   max: 0.6664E+00   C at   58  1
       a =  4.500      CL =  0.8750
      Cm = -0.0785     CD =  0.00924   =>   CDf =  0.00566    CDp =  0.00358

 Side 1  free  transition at x/c =  0.4169   56
 Side 2 forced transition at x/c =  1.0000   76

   2   rms: 0.8599E-02   max: 0.1502E+00   D at   57  1
       a =  4.500      CL =  0.8759
      Cm = -0.0787     CD =  0.00919   =>   CDf =  0.00582    CDp =  0.00337

 Side 1  free  transition at x/c =  0.4184   56
 Side 2 forced transition at x/c =  1.0000   76

   3   rms: 0.8717E-03   max: 0.1769E-01   C at   56  1
       a =  4.500      CL =  0.8759
      Cm = -0.0787     CD =  0.00919   =>   CDf =  0.00581    CDp =  0.00338

 Side 1  free  transition at x/c =  0.4179   56
 Side 2 forced transition at x/c =  1.0000   76

   4   rms: 0.3396E-05   max: -.5462E-04   D at   57  1
       a =  4.500      CL =  0.8759
      Cm = -0.0787     CD =  0.00919   =>   CDf =  0.00581    CDp =  0.00338
      9.000    4.0807   0.009191   0.002097   0.002217   0.000119    0.4179     #

 Point added to stored polar  1
 Point written to save file  clarky_re480000_clean.polar                     
 Dump file unspecified or not available
 Calculating wake trajectory ...
 Calculating source influence matrix ...

 Solving BL system ...

 Side 1  free  transition at x/c =  0.4179   56
 Side 2 forced transition at x/c =  1.0000   76

   1   rms: 0.4752E-01   max: 0.5267E+00   C at   56  1
       a =  4.750      CL =  0.8996
      Cm = -0.0779     CD =  0.00946   =>   CDf =  0.00581    CDp =  0.00365

 Side 1  free  transition at x/c =  0.3913   55
 Side 2 forced transition at x/c =  1.0000   76

   2   rms: 0.7000E-02   max: -.1231E+00   C at   55  1
       a =  4.750      CL =  0.8987
      Cm = -0.0778     CD =  0.00951   =>   CDf =  0.00596    CDp =  0.00355

 Side 1  free  transition at x/c =  0.3947   55
 Side 2 forced transition at x/c =  1.0000   76

   3   rms: 0.2071E-03   max: -.4456E-02   D at   56  1
       a =  4.750      CL =  0.8987
      Cm = -0.0778     CD =  0.00951   =>   CDf =  0.00593    CDp =  0.00358

 Side 1  free  transition at x/c =  0.3947   55
 Side 2 forced transition at x/c =  1.0000   76

   4   rms: 0.7233E-06   max: -.1004E-04   D at   56  1
       a =  4.750      CL =  0.8987
      Cm = -0.0778     CD =  0.00951   =>   CDf =  0.00593    CDp =  0.00358
      9.000    4.2212   0.009512   0.002093   0.002286   0.000194    0.3947     #

 Point added to stored polar  1
 Point written to save file  clarky_re480000_clean.polar                     
 Dump file unspecified or not available
 Calculating wake trajectory ...
 Calculating source influence matrix ...

 Solving BL system ...

 Side 1  free  transition at x/c =  0.3947   55
 Side 2 forced transition at x/c =  1.0000   76

   1   rms: 0.4723E-01   max: 0.4917E+00   C at   55  1
       a =  5.000      CL =  0.9218
      Cm = -0.0770     CD =  0.00983   =>   CDf =  0.00583    CDp =  0.00400

 Side 1  free  transition at x/c =  0.3754   55
 Side 2 forced transition at x/c =  1.0000   75

   2   rms: 0.4102E-02   max: -.6721E-01   C at   55  1
       a =  5.000      CL =  0.9217
      Cm = -0.0770     CD =  0.00982   =>   CDf =  0.00604    CDp =  0.00379

 Side 1  free  transition at x/c =  0.3768   55
 Side 2 forced transition at x/c =  1.0000   75

   3   rms: 0.5152E-03   max: -.6100E-02   D at    4  1
       a =  5.000      CL =  0.9218
      Cm = -0.0770     CD =  0.00982   =>   CDf =  0.00602    CDp =  0.00380

 Side 1  free  transition at x/c =  0.3768   55
 Side 2 forced transition at x/c =  1.0000   75

   4   rms: 0.2452E-06   max: 0.2246E-05   D at    9  1
       a =  5.000      CL =  0.9218
      Cm = -0.0770     CD =  0.00982   =>   CDf =  0.00602    CDp =  0.00380
      9.000    4.3436   0.009824   0.002104   0.002323   0.000219    0.3768     #

 Point added to stored polar  1
 Point written to save file  clarky_re480000_clean.polar                     
 Dump file unspecified or not available
 Calculating wake trajectory ...
 Calculating source influence matrix ...

 Solving BL system ...

 Side 1  free  transition at x/c =  0.3768   55
 Side 2 forced transition at x/c =  1.0000   75

   1   rms: 0.4458E-01   max: 0.3718E+00   C at   55  1
       a =  5.250      CL =  0.9454
      Cm = -0.0762     CD =  0.01012   =>   CDf =  0.00602    CDp =  0.00409

 Side 1  free  transition at x/c =  0.3622   54
 Side 2 forced transition at x/c =  1.0000   75

   2   rms: 0.3153E-02   max: -.5686E-01   C at   54  1
       a =  5.250      CL =  0.9451
      Cm = -0.0762     CD =  0.01013   =>   CDf =  0.00611    CDp =  0.00402

 Side 1  free  transition at x/c =  0.3628   54
 Side 2 forced transition at x/c =  1.0000   75

   3   rms: 0.6701E-04   max: 0.1253E-02   C at   54  1
       a =  5.250      CL =  0.9451
      Cm = -0.0762     CD =  0.01013   =>   CDf =  0.00610    CDp =  0.00403
      9.000    4.4451   0.010130   0.002118   0.002353   0.000234    0.3628     #

 Point added to stored polar  1
 Point written to save file  clarky_re480000_clean.polar                     
 Dump file unspecified or not available
 Calculating wake trajectory ...
 Calculating source influence matrix ...

 Solving BL system ...

 Side 1  free  transition at x/c =  0.3628   54
 Side 2 forced transition at x/c =  1.0000   75

   1   rms: 0.4109E-01   max: 0.1838E+00   C at   54  1
       a =  5.500      CL =  0.9701
      Cm = -0.0757     CD =  0.01034   =>   CDf =  0.00610    CDp =  0.00424

 Side 1  free  transition at x/c =  0.3509   54
 Side 2 forced transition at x/c =  1.0000   75

   2   rms: 0.2607E-02   max: -.3121E-01   C at   54  1
       a =  5.500      CL =  0.9692
      Cm = -0.0755     CD =  0.01040   =>   CDf =  0.00616    CDp =  0.00424

 Side 1  free  transition at x/c =  0.3519   54
 Side 2 forced transition at x/c =  1.0000   75

   3   rms: 0.3624E-04   max: -.6552E-03   D at   55  1
       a =  5.500      CL =  0.9692
      Cm = -0.0755     CD =  0.01040   =>   CDf =  0.00614    CDp =  0.00425
      9.000    4.5366   0.010397   0.002137   0.002376   0.000239    0.3519     #

 Point added to stored polar  1
 Point written to save file  clarky_re480000_clean.polar                     
 Dump file unspecified or not available
 Calculating wake trajectory ...
 Calculating source influence matrix ...

 Solving BL system ...

 Side 1  free  transition at x/c =  0.3519   54
 Side 2 forced transition at x/c =  1.0000   75

   1   rms: 0.4227E-01   max: 0.1938E+00   C at   54  1
       a =  5.750      CL =  0.9926
      Cm = -0.0748     CD =  0.01073   =>   CDf =  0.00615    CDp =  0.00458

 Side 1  free  transition at x/c =  0.3432   53
 Side 2 forced transition at x/c =  1.0000   75

   2   rms: 0.4127E-02   max: -.4773E-01   C at   53  1
       a =  5.750      CL =  0.9935
      Cm = -0.0749     CD =  0.01065   =>   CDf =  0.00606    CDp =  0.00459

 Side 1  free  transition at x/c =  0.3431   54
 Side 2 forced transition at x/c =  1.0000   74

   3   rms: 0.9733E-02   max: -.1741E+00   T at    2  1
       a =  5.750      CL =  0.9935
      Cm = -0.0749     CD =  0.01066   =>   CDf =  0.00627    CDp =  0.00438

 Side 1  free  transition at x/c =  0.3430   53
 Side 2 forced transition at x/c =  1.0000   75

   4   rms: 0.3861E-02   max: 0.6829E-01   T at    2  2
       a =  5.750      CL =  0.9935
      Cm = -0.0749     CD =  0.01066   =>   CDf =  0.00617    CDp =  0.00449

 Side 1  free  transition at x/c =  0.3430   53
 Side 2 forced transition at x/c =  1.0000   75

   5   rms: 0.7912E-03   max: -.1084E-01   D at    3  2
       a =  5.750      CL =  0.9935
      Cm = -0.0749     CD =  0.01066   =>   CDf =  0.00605    CDp =  0.00460

 Side 1  free  transition at x/c =  0.3430   54
 Side 2 forced transition at x/c =  1.0000   74

   6   rms: 0.1548E-01   max: -.2773E+00   D at    2  1
       a =  5.750      CL =  0.9935
      Cm = -0.0749     CD =  0.01066   =>   CDf =  0.00627    CDp =  0.00438

 Side 1  free  transition at x/c =  0.3430   53
 Side 2 forced transition at x/c =  1.0000   75

   7   rms: 0.4299E-02   max: 0.7491E-01   T at    2  2
       a =  5.750      CL =  0.9935
      Cm = -0.0749     CD =  0.01066   =>   CDf =  0.00617    CDp =  0.00449

 Side 1  free  transition at x/c =  0.3430   53
 Side 2 forced transition at x/c =  1.0000   75

   8   rms: 0.7948E-03   max: -.1015E-01   D at    3  2
       a =  5.750      CL =  0.9935
      Cm = -0.0749     CD =  0.01066   =>   CDf =  0.00605    CDp =  0.00460

 Side 1  free  transition at x/c =  0.3430   54
 Side 2 forced transition at x/c =  1.0000   74

   9   rms: 0.1399E-01   max: -.2505E+00   T at    2  1
       a =  5.750      CL =  0.9935
      Cm = -0.0749     CD =  0.01066   =>   CDf =  0.00627    CDp =  0.00438

 Side 1  free  transition at x/c =  0.3430   53
 Side 2 forced transition at x/c =  1.0000   75

  10   rms: 0.4195E-02   max: 0.7339E-01   T at    2  2
       a =  5.750      CL =  0.9935
      Cm = -0.0749     CD =  0.01066   =>   CDf =  0.00617    CDp =  0.00449

 Side 1  free  transition at x/c =  0.3430   53
 Side 2 forced transition at x/c =  1.0000   75

  11   rms: 0.7920E-03   max: -.1027E-01   D at    3  2
       a =  5.750      CL =  0.9935
      Cm = -0.0749     CD =  0.01066   =>   CDf =  0.00605    CDp =  0.00460

 Side 1  free  transition at x/c =  0.3430   54
 Side 2 forced transition at x/c =  1.0000   74

  12   rms: 0.1424E-01   max: -.2551E+00   T at    2  1
       a =  5.750      CL =  0.9935
      Cm = -0.0749     CD =  0.01066   =>   CDf =  0.00627    CDp =  0.00438

 Side 1  free  transition at x/c =  0.3430   53
 Side 2 forced transition at x/c =  1.0000   75

  13   rms: 0.4213E-02   max: 0.7366E-01   T at    2  2
       a =  5.750      CL =  0.9935
      Cm = -0.0749     CD =  0.01066   =>   CDf =  0.00617    CDp =  0.00449

 Side 1  free  transition at x/c =  0.3430   53
 Side 2 forced transition at x/c =  1.0000   75

  14   rms: 0.7924E-03   max: -.1024E-01   D at    3  2
       a =  5.750      CL =  0.9935
      Cm = -0.0749     CD =  0.01066   =>   CDf =  0.00605    CDp =  0.00460

 Side 1  free  transition at x/c =  0.3430   54
 Side 2 forced transition at x/c =  1.0000   74

  15   rms: 0.1420E-01   max: -.2543E+00   D at    2  1
       a =  5.750      CL =  0.9935
      Cm = -0.0749     CD =  0.01066   =>   CDf =  0.00627    CDp =  0.00438

 Side 1  free  transition at x/c =  0.3430   53
 Side 2 forced transition at x/c =  1.0000   75

  16   rms: 0.4210E-02   max: 0.7361E-01   T at    2  2
       a =  5.750      CL =  0.9935
      Cm = -0.0749     CD =  0.01066   =>   CDf =  0.00617    CDp =  0.00449

 Side 1  free  transition at x/c =  0.3430   53
 Side 2 forced transition at x/c =  1.0000   75

  17   rms: 0.7923E-03   max: -.1025E-01   D at    3  2
       a =  5.750      CL =  0.9935
      Cm = -0.0749     CD =  0.01066   =>   CDf =  0.00605    CDp =  0.00460

 Side 1  free  transition at x/c =  0.3430   54
 Side 2 forced transition at x/c =  1.0000   74

  18   rms: 0.1421E-01   max: -.2544E+00   T at    2  1
       a =  5.750      CL =  0.9935
      Cm = -0.0749     CD =  0.01066   =>   CDf =  0.00627    CDp =  0.00438

 Side 1  free  transition at x/c =  0.3430   53
 Side 2 forced transition at x/c =  1.0000   75

  19   rms: 0.4210E-02   max: 0.7362E-01   D at    2  2
       a =  5.750      CL =  0.9935
      Cm = -0.0749     CD =  0.01066   =>   CDf =  0.00617    CDp =  0.00449

 Side 1  free  transition at x/c =  0.3430   53
 Side 2 forced transition at x/c =  1.0000   75

  20   rms: 0.7923E-03   max: -.1025E-01   D at    3  2
       a =  5.750      CL =  0.9935
      Cm = -0.0749     CD =  0.01066   =>   CDf =  0.00605    CDp =  0.00460

 Side 1  free  transition at x/c =  0.3430   54
 Side 2 forced transition at x/c =  1.0000   74

  21   rms: 0.1420E-01   max: -.2544E+00   T at    2  1
       a =  5.750      CL =  0.9935
      Cm = -0.0749     CD =  0.01066   =>   CDf =  0.00627    CDp =  0.00438

 Side 1  free  transition at x/c =  0.3430   53
 Side 2 forced transition at x/c =  1.0000   75

  22   rms: 0.4210E-02   max: 0.7361E-01   D at    2  2
       a =  5.750      CL =  0.9935
      Cm = -0.0749     CD =  0.01066   =>   CDf =  0.00617    CDp =  0.00449

 Side 1  free  transition at x/c =  0.3430   53
 Side 2 forced transition at x/c =  1.0000   75

  23   rms: 0.7923E-03   max: -.1025E-01   D at    3  2
       a =  5.750      CL =  0.9935
      Cm = -0.0749     CD =  0.01066   =>   CDf =  0.00605    CDp =  0.00460

 Side 1  free  transition at x/c =  0.3430   54
 Side 2 forced transition at x/c =  1.0000   74

  24   rms: 0.1420E-01   max: -.2544E+00   D at    2  1
       a =  5.750      CL =  0.9935
      Cm = -0.0749     CD =  0.01066   =>   CDf =  0.00627    CDp =  0.00438

 Side 1  free  transition at x/c =  0.3430   53
 Side 2 forced transition at x/c =  1.0000   75

  25   rms: 0.4210E-02   max: 0.7362E-01   T at    2  2
       a =  5.750      CL =  0.9935
      Cm = -0.0749     CD =  0.01066   =>   CDf =  0.00617    CDp =  0.00449

 Side 1  free  transition at x/c =  0.3430   53
 Side 2 forced transition at x/c =  1.0000   75

  26   rms: 0.7923E-03   max: -.1025E-01   D at    3  2
       a =  5.750      CL =  0.9935
      Cm = -0.0749     CD =  0.01066   =>   CDf =  0.00605    CDp =  0.00460

 Side 1  free  transition at x/c =  0.3430   54
 Side 2 forced transition at x/c =  1.0000   74

  27   rms: 0.1420E-01   max: -.2544E+00   D at    2  1
       a =  5.750      CL =  0.9935
      Cm = -0.0749     CD =  0.01066   =>   CDf =  0.00627    CDp =  0.00438

 Side 1  free  transition at x/c =  0.3430   53
 Side 2 forced transition at x/c =  1.0000   75

  28   rms: 0.4210E-02   max: 0.7362E-01   D at    2  2
       a =  5.750      CL =  0.9935
      Cm = -0.0749     CD =  0.01066   =>   CDf =  0.00617    CDp =  0.00449

 Side 1  free  transition at x/c =  0.3430   53
 Side 2 forced transition at x/c =  1.0000   75

  29   rms: 0.7923E-03   max: -.1025E-01   D at    3  2
       a =  5.750      CL =  0.9935
      Cm = -0.0749     CD =  0.01066   =>   CDf =  0.00605    CDp =  0.00460

 Side 1  free  transition at x/c =  0.3430   54
 Side 2 forced transition at x/c =  1.0000   74

  30   rms: 0.1420E-01   max: -.2544E+00   T at    2  1
       a =  5.750      CL =  0.9935
      Cm = -0.0749     CD =  0.01066   =>   CDf =  0.00627    CDp =  0.00438

 Side 1  free  transition at x/c =  0.3430   53
 Side 2 forced transition at x/c =  1.0000   75

  31   rms: 0.4210E-02   max: 0.7362E-01   T at    2  2
       a =  5.750      CL =  0.9935
      Cm = -0.0749     CD =  0.01066   =>   CDf =  0.00617    CDp =  0.00449

 Side 1  free  transition at x/c =  0.3430   53
 Side 2 forced transition at x/c =  1.0000   75

  32   rms: 0.7923E-03   max: -.1025E-01   D at    3  2
       a =  5.750      CL =  0.9935
      Cm = -0.0749     CD =  0.01066   =>   CDf =  0.00605    CDp =  0.00460

 Side 1  free  transition at x/c =  0.3430   54
 Side 2 forced transition at x/c =  1.0000   74

  33   rms: 0.1420E-01   max: -.2544E+00   D at    2  1
       a =  5.750      CL =  0.9935
      Cm = -0.0749     CD =  0.01066   =>   CDf =  0.00627    CDp =  0.00438

 Side 1  free  transition at x/c =  0.3430   53
 Side 2 forced transition at x/c =  1.0000   75

  34   rms: 0.4210E-02   max: 0.7362E-01   T at    2  2
       a =  5.750      CL =  0.9935
      Cm = -0.0749     CD =  0.01066   =>   CDf =  0.00617    CDp =  0.00449

 Side 1  free  transition at x/c =  0.3430   53
 Side 2 forced transition at x/c =  1.0000   75

  35   rms: 0.7923E-03   max: -.1025E-01   D at    3  2
       a =  5.750      CL =  0.9935
      Cm = -0.0749     CD =  0.01066   =>   CDf =  0.00605    CDp =  0.00460

 Side 1  free  transition at x/c =  0.3430   54
 Side 2 forced transition at x/c =  1.0000   74

  36   rms: 0.1420E-01   max: -.2544E+00   D at    2  1
       a =  5.750      CL =  0.9935
      Cm = -0.0749     CD =  0.01066   =>   CDf =  0.00627    CDp =  0.00438

 Side 1  free  transition at x/c =  0.3430   53
 Side 2 forced transition at x/c =  1.0000   75

  37   rms: 0.4210E-02   max: 0.7362E-01   D at    2  2
       a =  5.750      CL =  0.9935
      Cm = -0.0749     CD =  0.01066   =>   CDf =  0.00617    CDp =  0.00449

 Side 1  free  transition at x/c =  0.3430   53
 Side 2 forced transition at x/c =  1.0000   75

  38   rms: 0.7923E-03   max: -.1025E-01   D at    3  2
       a =  5.750      CL =  0.9935
      Cm = -0.0749     CD =  0.01066   =>   CDf =  0.00605    CDp =  0.00460

 Side 1  free  transition at x/c =  0.3430   54
 Side 2 forced transition at x/c =  1.0000   74

  39   rms: 0.1420E-01   max: -.2544E+00   D at    2  1
       a =  5.750      CL =  0.9935
      Cm = -0.0749     CD =  0.01066   =>   CDf =  0.00627    CDp =  0.00438

 Side 1  free  transition at x/c =  0.3430   53
 Side 2 forced transition at x/c =  1.0000   75

  40   rms: 0.4210E-02   max: 0.7362E-01   D at    2  2
       a =  5.750      CL =  0.9935
      Cm = -0.0749     CD =  0.01066   =>   CDf =  0.00617    CDp =  0.00449

 Side 1  free  transition at x/c =  0.3430   53
 Side 2 forced transition at x/c =  1.0000   75

  41   rms: 0.7923E-03   max: -.1025E-01   D at    3  2
       a =  5.750      CL =  0.9935
      Cm = -0.0749     CD =  0.01066   =>   CDf =  0.00605    CDp =  0.00460

 Side 1  free  transition at x/c =  0.3430   54
 Side 2 forced transition at x/c =  1.0000   74

  42   rms: 0.1420E-01   max: -.2544E+00   D at    2  1
       a =  5.750      CL =  0.9935
      Cm = -0.0749     CD =  0.01066   =>   CDf =  0.00627    CDp =  0.00438

 Side 1  free  transition at x/c =  0.3430   53
 Side 2 forced transition at x/c =  1.0000   75

  43   rms: 0.4210E-02   max: 0.7362E-01   D at    2  2
       a =  5.750      CL =  0.9935
      Cm = -0.0749     CD =  0.01066   =>   CDf =  0.00617    CDp =  0.00449

 Side 1  free  transition at x/c =  0.3430   53
 Side 2 forced transition at x/c =  1.0000   75

  44   rms: 0.7923E-03   max: -.1025E-01   D at    3  2
       a =  5.750      CL =  0.9935
      Cm = -0.0749     CD =  0.01066   =>   CDf =  0.00605    CDp =  0.00460

 Side 1  free  transition at x/c =  0.3430   54
 Side 2 forced transition at x/c =  1.0000   74

  45   rms: 0.1420E-01   max: -.2544E+00   D at    2  1
       a =  5.750      CL =  0.9935
      Cm = -0.0749     CD =  0.01066   =>   CDf =  0.00627    CDp =  0.00438

 Side 1  free  transition at x/c =  0.3430   53
 Side 2 forced transition at x/c =  1.0000   75

  46   rms: 0.4210E-02   max: 0.7362E-01   T at    2  2
       a =  5.750      CL =  0.9935
      Cm = -0.0749     CD =  0.01066   =>   CDf =  0.00617    CDp =  0.00449

 Side 1  free  transition at x/c =  0.3430   53
 Side 2 forced transition at x/c =  1.0000   75

  47   rms: 0.7923E-03   max: -.1025E-01   D at    3  2
       a =  5.750      CL =  0.9935
      Cm = -0.0749     CD =  0.01066   =>   CDf =  0.00605    CDp =  0.00460

 Side 1  free  transition at x/c =  0.3430   54
 Side 2 forced transition at x/c =  1.0000   74

  48   rms: 0.1420E-01   max: -.2544E+00   D at    2  1
       a =  5.750      CL =  0.9935
      Cm = -0.0749     CD =  0.01066   =>   CDf =  0.00627    CDp =  0.00438

 Side 1  free  transition at x/c =  0.3430   53
 Side 2 forced transition at x/c =  1.0000   75

  49   rms: 0.4210E-02   max: 0.7362E-01   D at    2  2
       a =  5.750      CL =  0.9935
      Cm = -0.0749     CD =  0.01066   =>   CDf =  0.00617    CDp =  0.00449

 Side 1  free  transition at x/c =  0.3430   53
 Side 2 forced transition at x/c =  1.0000   75

  50   rms: 0.7923E-03   max: -.1025E-01   D at    3  2
       a =  5.750      CL =  0.9935
      Cm = -0.0749     CD =  0.01066   =>   CDf =  0.00605    CDp =  0.00460

 Side 1  free  transition at x/c =  0.3430   54
 Side 2 forced transition at x/c =  1.0000   74

  51   rms: 0.1420E-01   max: -.2544E+00   D at    2  1
       a =  5.750      CL =  0.9935
      Cm = -0.0749     CD =  0.01066   =>   CDf =  0.00627    CDp =  0.00438

 Side 1  free  transition at x/c =  0.3430   53
 Side 2 forced transition at x/c =  1.0000   75

  52   rms: 0.4210E-02   max: 0.7362E-01   D at    2  2
       a =  5.750      CL =  0.9935
      Cm = -0.0749     CD =  0.01066   =>   CDf =  0.00617    CDp =  0.00449

 Side 1  free  transition at x/c =  0.3430   53
 Side 2 forced transition at x/c =  1.0000   75

  53   rms: 0.7923E-03   max: -.1025E-01   D at    3  2
       a =  5.750      CL =  0.9935
      Cm = -0.0749     CD =  0.01066   =>   CDf =  0.00605    CDp =  0.00460

 Side 1  free  transition at x/c =  0.3430   54
 Side 2 forced transition at x/c =  1.0000   74

  54   rms: 0.1420E-01   max: -.2544E+00   D at    2  1
       a =  5.750      CL =  0.9935
      Cm = -0.0749     CD =  0.01066   =>   CDf =  0.00627    CDp =  0.00438

 Side 1  free  transition at x/c =  0.3430   53
 Side 2 forced transition at x/c =  1.0000   75

  55   rms: 0.4210E-02   max: 0.7362E-01   D at    2  2
       a =  5.750      CL =  0.9935
      Cm = -0.0749     CD =  0.01066   =>   CDf =  0.00617    CDp =  0.00449

 Side 1  free  transition at x/c =  0.3430   53
 Side 2 forced transition at x/c =  1.0000   75

  56   rms: 0.7923E-03   max: -.1025E-01   D at    3  2
       a =  5.750      CL =  0.9935
      Cm = -0.0749     CD =  0.01066   =>   CDf =  0.00605    CDp =  0.00460

 Side 1  free  transition at x/c =  0.3430   54
 Side 2 forced transition at x/c =  1.0000   74

  57   rms: 0.1420E-01   max: -.2544E+00   D at    2  1
       a =  5.750      CL =  0.9935
      Cm = -0.0749     CD =  0.01066   =>   CDf =  0.00627    CDp =  0.00438

 Side 1  free  transition at x/c =  0.3430   53
 Side 2 forced transition at x/c =  1.0000   75

  58   rms: 0.4210E-02   max: 0.7362E-01   D at    2  2
       a =  5.750      CL =  0.9935
      Cm = -0.0749     CD =  0.01066   =>   CDf =  0.00617    CDp =  0.00449

 Side 1  free  transition at x/c =  0.3430   53
 Side 2 forced transition at x/c =  1.0000   75

  59   rms: 0.7923E-03   max: -.1025E-01   D at    3  2
       a =  5.750      CL =  0.9935
      Cm = -0.0749     CD =  0.01066   =>   CDf =  0.00605    CDp =  0.00460

 Side 1  free  transition at x/c =  0.3430   54
 Side 2 forced transition at x/c =  1.0000   74

  60   rms: 0.1420E-01   max: -.2544E+00   D at    2  1
       a =  5.750      CL =  0.9935
      Cm = -0.0749     CD =  0.01066   =>   CDf =  0.00627    CDp =  0.00438

 Side 1  free  transition at x/c =  0.3430   53
 Side 2 forced transition at x/c =  1.0000   75

  61   rms: 0.4210E-02   max: 0.7362E-01   D at    2  2
       a =  5.750      CL =  0.9935
      Cm = -0.0749     CD =  0.01066   =>   CDf =  0.00617    CDp =  0.00449

 Side 1  free  transition at x/c =  0.3430   53
 Side 2 forced transition at x/c =  1.0000   75

  62   rms: 0.7923E-03   max: -.1025E-01   D at    3  2
       a =  5.750      CL =  0.9935
      Cm = -0.0749     CD =  0.01066   =>   CDf =  0.00605    CDp =  0.00460

 Side 1  free  transition at x/c =  0.3430   54
 Side 2 forced transition at x/c =  1.0000   74

  63   rms: 0.1420E-01   max: -.2544E+00   D at    2  1
       a =  5.750      CL =  0.9935
      Cm = -0.0749     CD =  0.01066   =>   CDf =  0.00627    CDp =  0.00438

 Side 1  free  transition at x/c =  0.3430   53
 Side 2 forced transition at x/c =  1.0000   75

  64   rms: 0.4210E-02   max: 0.7362E-01   D at    2  2
       a =  5.750      CL =  0.9935
      Cm = -0.0749     CD =  0.01066   =>   CDf =  0.00617    CDp =  0.00449

 Side 1  free  transition at x/c =  0.3430   53
 Side 2 forced transition at x/c =  1.0000   75

  65   rms: 0.7923E-03   max: -.1025E-01   D at    3  2
       a =  5.750      CL =  0.9935
      Cm = -0.0749     CD =  0.01066   =>   CDf =  0.00605    CDp =  0.00460

 Side 1  free  transition at x/c =  0.3430   54
 Side 2 forced transition at x/c =  1.0000   74

  66   rms: 0.1420E-01   max: -.2544E+00   D at    2  1
       a =  5.750      CL =  0.9935
      Cm = -0.0749     CD =  0.01066   =>   CDf =  0.00627    CDp =  0.00438

 Side 1  free  transition at x/c =  0.3430   53
 Side 2 forced transition at x/c =  1.0000   75

  67   rms: 0.4210E-02   max: 0.7362E-01   D at    2  2
       a =  5.750      CL =  0.9935
      Cm = -0.0749     CD =  0.01066   =>   CDf =  0.00617    CDp =  0.00449

 Side 1  free  transition at x/c =  0.3430   53
 Side 2 forced transition at x/c =  1.0000   75

  68   rms: 0.7923E-03   max: -.1025E-01   D at    3  2
       a =  5.750      CL =  0.9935
      Cm = -0.0749     CD =  0.01066   =>   CDf =  0.00605    CDp =  0.00460

 Side 1  free  transition at x/c =  0.3430   54
 Side 2 forced transition at x/c =  1.0000   74

  69   rms: 0.1420E-01   max: -.2544E+00   D at    2  1
       a =  5.750      CL =  0.9935
      Cm = -0.0749     CD =  0.01066   =>   CDf =  0.00627    CDp =  0.00438

 Side 1  free  transition at x/c =  0.3430   53
 Side 2 forced transition at x/c =  1.0000   75

  70   rms: 0.4210E-02   max: 0.7362E-01   T at    2  2
       a =  5.750      CL =  0.9935
      Cm = -0.0749     CD =  0.01066   =>   CDf =  0.00617    CDp =  0.00449

 Side 1  free  transition at x/c =  0.3430   53
 Side 2 forced transition at x/c =  1.0000   75

  71   rms: 0.7923E-03   max: -.1025E-01   D at    3  2
       a =  5.750      CL =  0.9935
      Cm = -0.0749     CD =  0.01066   =>   CDf =  0.00605    CDp =  0.00460

 Side 1  free  transition at x/c =  0.3430   54
 Side 2 forced transition at x/c =  1.0000   74

  72   rms: 0.1420E-01   max: -.2544E+00   D at    2  1
       a =  5.750      CL =  0.9935
      Cm = -0.0749     CD =  0.01066   =>   CDf =  0.00627    CDp =  0.00438

 Side 1  free  transition at x/c =  0.3430   53
 Side 2 forced transition at x/c =  1.0000   75

  73   rms: 0.4210E-02   max: 0.7362E-01   D at    2  2
       a =  5.750      CL =  0.9935
      Cm = -0.0749     CD =  0.01066   =>   CDf =  0.00617    CDp =  0.00449

 Side 1  free  transition at x/c =  0.3430   53
 Side 2 forced transition at x/c =  1.0000   75

  74   rms: 0.7923E-03   max: -.1025E-01   D at    3  2
       a =  5.750      CL =  0.9935
      Cm = -0.0749     CD =  0.01066   =>   CDf =  0.00605    CDp =  0.00460

 Side 1  free  transition at x/c =  0.3430   54
 Side 2 forced transition at x/c =  1.0000   74

  75   rms: 0.1420E-01   max: -.2544E+00   T at    2  1
       a =  5.750      CL =  0.9935
      Cm = -0.0749     CD =  0.01066   =>   CDf =  0.00627    CDp =  0.00438

 Side 1  free  transition at x/c =  0.3430   53
 Side 2 forced transition at x/c =  1.0000   75

  76   rms: 0.4210E-02   max: 0.7362E-01   T at    2  2
       a =  5.750      CL =  0.9935
      Cm = -0.0749     CD =  0.01066   =>   CDf =  0.00617    CDp =  0.00449

 Side 1  free  transition at x/c =  0.3430   53
 Side 2 forced transition at x/c =  1.0000   75

  77   rms: 0.7923E-03   max: -.1025E-01   D at    3  2
       a =  5.750      CL =  0.9935
      Cm = -0.0749     CD =  0.01066   =>   CDf =  0.00605    CDp =  0.00460

 Side 1  free  transition at x/c =  0.3430   54
 Side 2 forced transition at x/c =  1.0000   74

  78   rms: 0.1420E-01   max: -.2544E+00   D at    2  1
       a =  5.750      CL =  0.9935
      Cm = -0.0749     CD =  0.01066   =>   CDf =  0.00627    CDp =  0.00438

 Side 1  free  transition at x/c =  0.3430   53
 Side 2 forced transition at x/c =  1.0000   75

  79   rms: 0.4210E-02   max: 0.7362E-01   D at    2  2
       a =  5.750      CL =  0.9935
      Cm = -0.0749     CD =  0.01066   =>   CDf =  0.00617    CDp =  0.00449

 Side 1  free  transition at x/c =  0.3430   53
 Side 2 forced transition at x/c =  1.0000   75

  80   rms: 0.7923E-03   max: -.1025E-01   D at    3  2
       a =  5.750      CL =  0.9935
      Cm = -0.0749     CD =  0.01066   =>   CDf =  0.00605    CDp =  0.00460

 Side 1  free  transition at x/c =  0.3430   54
 Side 2 forced transition at x/c =  1.0000   74

  81   rms: 0.1420E-01   max: -.2544E+00   D at    2  1
       a =  5.750      CL =  0.9935
      Cm = -0.0749     CD =  0.01066   =>   CDf =  0.00627    CDp =  0.00438

 Side 1  free  transition at x/c =  0.3430   53
 Side 2 forced transition at x/c =  1.0000   75

  82   rms: 0.4210E-02   max: 0.7362E-01   D at    2  2
       a =  5.750      CL =  0.9935
      Cm = -0.0749     CD =  0.01066   =>   CDf =  0.00617    CDp =  0.00449

 Side 1  free  transition at x/c =  0.3430   53
 Side 2 forced transition at x/c =  1.0000   75

  83   rms: 0.7923E-03   max: -.1025E-01   D at    3  2
       a =  5.750      CL =  0.9935
      Cm = -0.0749     CD =  0.01066   =>   CDf =  0.00605    CDp =  0.00460

 Side 1  free  transition at x/c =  0.3430   54
 Side 2 forced transition at x/c =  1.0000   74

  84   rms: 0.1420E-01   max: -.2544E+00   D at    2  1
       a =  5.750      CL =  0.9935
      Cm = -0.0749     CD =  0.01066   =>   CDf =  0.00627    CDp =  0.00438

 Side 1  free  transition at x/c =  0.3430   53
 Side 2 forced transition at x/c =  1.0000   75

  85   rms: 0.4210E-02   max: 0.7362E-01   D at    2  2
       a =  5.750      CL =  0.9935
      Cm = -0.0749     CD =  0.01066   =>   CDf =  0.00617    CDp =  0.00449

 Side 1  free  transition at x/c =  0.3430   53
 Side 2 forced transition at x/c =  1.0000   75

  86   rms: 0.7923E-03   max: -.1025E-01   D at    3  2
       a =  5.750      CL =  0.9935
      Cm = -0.0749     CD =  0.01066   =>   CDf =  0.00605    CDp =  0.00460

 Side 1  free  transition at x/c =  0.3430   54
 Side 2 forced transition at x/c =  1.0000   74

  87   rms: 0.1420E-01   max: -.2544E+00   D at    2  1
       a =  5.750      CL =  0.9935
      Cm = -0.0749     CD =  0.01066   =>   CDf =  0.00627    CDp =  0.00438

 Side 1  free  transition at x/c =  0.3430   53
 Side 2 forced transition at x/c =  1.0000   75

  88   rms: 0.4210E-02   max: 0.7362E-01   D at    2  2
       a =  5.750      CL =  0.9935
      Cm = -0.0749     CD =  0.01066   =>   CDf =  0.00617    CDp =  0.00449

 Side 1  free  transition at x/c =  0.3430   53
 Side 2 forced transition at x/c =  1.0000   75

  89   rms: 0.7923E-03   max: -.1025E-01   D at    3  2
       a =  5.750      CL =  0.9935
      Cm = -0.0749     CD =  0.01066   =>   CDf =  0.00605    CDp =  0.00460

 Side 1  free  transition at x/c =  0.3430   54
 Side 2 forced transition at x/c =  1.0000   74

  90   rms: 0.1420E-01   max: -.2544E+00   D at    2  1
       a =  5.750      CL =  0.9935
      Cm = -0.0749     CD =  0.01066   =>   CDf =  0.00627    CDp =  0.00438

 Side 1  free  transition at x/c =  0.3430   53
 Side 2 forced transition at x/c =  1.0000   75

  91   rms: 0.4210E-02   max: 0.7362E-01   D at    2  2
       a =  5.750      CL =  0.9935
      Cm = -0.0749     CD =  0.01066   =>   CDf =  0.00617    CDp =  0.00449

 Side 1  free  transition at x/c =  0.3430   53
 Side 2 forced transition at x/c =  1.0000   75

  92   rms: 0.7923E-03   max: -.1025E-01   D at    3  2
       a =  5.750      CL =  0.9935
      Cm = -0.0749     CD =  0.01066   =>   CDf =  0.00605    CDp =  0.00460

 Side 1  free  transition at x/c =  0.3430   54
 Side 2 forced transition at x/c =  1.0000   74

  93   rms: 0.1420E-01   max: -.2544E+00   D at    2  1
       a =  5.750      CL =  0.9935
      Cm = -0.0749     CD =  0.01066   =>   CDf =  0.00627    CDp =  0.00438

 Side 1  free  transition at x/c =  0.3430   53
 Side 2 forced transition at x/c =  1.0000   75

  94   rms: 0.4210E-02   max: 0.7362E-01   T at    2  2
       a =  5.750      CL =  0.9935
      Cm = -0.0749     CD =  0.01066   =>   CDf =  0.00617    CDp =  0.00449

 Side 1  free  transition at x/c =  0.3430   53
 Side 2 forced transition at x/c =  1.0000   75

  95   rms: 0.7923E-03   max: -.1025E-01   D at    3  2
       a =  5.750      CL =  0.9935
      Cm = -0.0749     CD =  0.01066   =>   CDf =  0.00605    CDp =  0.00460

 Side 1  free  transition at x/c =  0.3430   54
 Side 2 forced transition at x/c =  1.0000   74

  96   rms: 0.1420E-01   max: -.2544E+00   D at    2  1
       a =  5.750      CL =  0.9935
      Cm = -0.0749     CD =  0.01066   =>   CDf =  0.00627    CDp =  0.00438

 Side 1  free  transition at x/c =  0.3430   53
 Side 2 forced transition at x/c =  1.0000   75

  97   rms: 0.4210E-02   max: 0.7362E-01   T at    2  2
       a =  5.750      CL =  0.9935
      Cm = -0.0749     CD =  0.01066   =>   CDf =  0.00617    CDp =  0.00449

 Side 1  free  transition at x/c =  0.3430   53
 Side 2 forced transition at x/c =  1.0000   75

  98   rms: 0.7923E-03   max: -.1025E-01   D at    3  2
       a =  5.750      CL =  0.9935
      Cm = -0.0749     CD =  0.01066   =>   CDf =  0.00605    CDp =  0.00460

 Side 1  free  transition at x/c =  0.3430   54
 Side 2 forced transition at x/c =  1.0000   74

  99   rms: 0.1420E-01   max: -.2544E+00   T at    2  1
       a =  5.750      CL =  0.9935
      Cm = -0.0749     CD =  0.01066   =>   CDf =  0.00627    CDp =  0.00438

 Side 1  free  transition at x/c =  0.3430   53
 Side 2 forced transition at x/c =  1.0000   75

 100   rms: 0.4210E-02   max: 0.7362E-01   D at    2  2
       a =  5.750      CL =  0.9935
      Cm = -0.0749     CD =  0.01066   =>   CDf =  0.00617    CDp =  0.00449

 Side 1  free  transition at x/c =  0.3430   53
 Side 2 forced transition at x/c =  1.0000   75

 101   rms: 0.7923E-03   max: -.1025E-01   D at    3  2
       a =  5.750      CL =  0.9935
      Cm = -0.0749     CD =  0.01066   =>   CDf =  0.00605    CDp =  0.00460

 Side 1  free  transition at x/c =  0.3430   54
 Side 2 forced transition at x/c =  1.0000   74

 102   rms: 0.1420E-01   max: -.2544E+00   D at    2  1
       a =  5.750      CL =  0.9935
      Cm = -0.0749     CD =  0.01066   =>   CDf =  0.00627    CDp =  0.00438

 Side 1  free  transition at x/c =  0.3430   53
 Side 2 forced transition at x/c =  1.0000   75

 103   rms: 0.4210E-02   max: 0.7362E-01   T at    2  2
       a =  5.750      CL =  0.9935
      Cm = -0.0749     CD =  0.01066   =>   CDf =  0.00617    CDp =  0.00449

 Side 1  free  transition at x/c =  0.3430   53
 Side 2 forced transition at x/c =  1.0000   75

 104   rms: 0.7923E-03   max: -.1025E-01   D at    3  2
       a =  5.750      CL =  0.9935
      Cm = -0.0749     CD =  0.01066   =>   CDf =  0.00605    CDp =  0.00460

 Side 1  free  transition at x/c =  0.3430   54
 Side 2 forced transition at x/c =  1.0000   74

 105   rms: 0.1420E-01   max: -.2544E+00   D at    2  1
       a =  5.750      CL =  0.9935
      Cm = -0.0749     CD =  0.01066   =>   CDf =  0.00627    CDp =  0.00438

 Side 1  free  transition at x/c =  0.3430   53
 Side 2 forced transition at x/c =  1.0000   75

 106   rms: 0.4210E-02   max: 0.7362E-01   T at    2  2
       a =  5.750      CL =  0.9935
      Cm = -0.0749     CD =  0.01066   =>   CDf =  0.00617    CDp =  0.00449

 Side 1  free  transition at x/c =  0.3430   53
 Side 2 forced transition at x/c =  1.0000   75

 107   rms: 0.7923E-03   max: -.1025E-01   D at    3  2
       a =  5.750      CL =  0.9935
      Cm = -0.0749     CD =  0.01066   =>   CDf =  0.00605    CDp =  0.00460

 Side 1  free  transition at x/c =  0.3430   54
 Side 2 forced transition at x/c =  1.0000   74

 108   rms: 0.1420E-01   max: -.2544E+00   D at    2  1
       a =  5.750      CL =  0.9935
      Cm = -0.0749     CD =  0.01066   =>   CDf =  0.00627    CDp =  0.00438

 Side 1  free  transition at x/c =  0.3430   53
 Side 2 forced transition at x/c =  1.0000   75

 109   rms: 0.4210E-02   max: 0.7362E-01   D at    2  2
       a =  5.750      CL =  0.9935
      Cm = -0.0749     CD =  0.01066   =>   CDf =  0.00617    CDp =  0.00449

 Side 1  free  transition at x/c =  0.3430   53
 Side 2 forced transition at x/c =  1.0000   75

 110   rms: 0.7923E-03   max: -.1025E-01   D at    3  2
       a =  5.750      CL =  0.9935
      Cm = -0.0749     CD =  0.01066   =>   CDf =  0.00605    CDp =  0.00460

 Side 1  free  transition at x/c =  0.3430   54
 Side 2 forced transition at x/c =  1.0000   74

 111   rms: 0.1420E-01   max: -.2544E+00   D at    2  1
       a =  5.750      CL =  0.9935
      Cm = -0.0749     CD =  0.01066   =>   CDf =  0.00627    CDp =  0.00438

 Side 1  free  transition at x/c =  0.3430   53
 Side 2 forced transition at x/c =  1.0000   75

 112   rms: 0.4210E-02   max: 0.7362E-01   D at    2  2
       a =  5.750      CL =  0.9935
      Cm = -0.0749     CD =  0.01066   =>   CDf =  0.00617    CDp =  0.00449

 Side 1  free  transition at x/c =  0.3430   53
 Side 2 forced transition at x/c =  1.0000   75

 113   rms: 0.7923E-03   max: -.1025E-01   D at    3  2
       a =  5.750      CL =  0.9935
      Cm = -0.0749     CD =  0.01066   =>   CDf =  0.00605    CDp =  0.00460

 Side 1  free  transition at x/c =  0.3430   54
 Side 2 forced transition at x/c =  1.0000   74

 114   rms: 0.1420E-01   max: -.2544E+00   D at    2  1
       a =  5.750      CL =  0.9935
      Cm = -0.0749     CD =  0.01066   =>   CDf =  0.00627    CDp =  0.00438

 Side 1  free  transition at x/c =  0.3430   53
 Side 2 forced transition at x/c =  1.0000   75

 115   rms: 0.4210E-02   max: 0.7362E-01   T at    2  2
       a =  5.750      CL =  0.9935
      Cm = -0.0749     CD =  0.01066   =>   CDf =  0.00617    CDp =  0.00449

 Side 1  free  transition at x/c =  0.3430   53
 Side 2 forced transition at x/c =  1.0000   75

 116   rms: 0.7923E-03   max: -.1025E-01   D at    3  2
       a =  5.750      CL =  0.9935
      Cm = -0.0749     CD =  0.01066   =>   CDf =  0.00605    CDp =  0.00460

 Side 1  free  transition at x/c =  0.3430   54
 Side 2 forced transition at x/c =  1.0000   74

 117   rms: 0.1420E-01   max: -.2544E+00   D at    2  1
       a =  5.750      CL =  0.9935
      Cm = -0.0749     CD =  0.01066   =>   CDf =  0.00627    CDp =  0.00438

 Side 1  free  transition at x/c =  0.3430   53
 Side 2 forced transition at x/c =  1.0000   75

 118   rms: 0.4210E-02   max: 0.7362E-01   T at    2  2
       a =  5.750      CL =  0.9935
      Cm = -0.0749     CD =  0.01066   =>   CDf =  0.00617    CDp =  0.00449

 Side 1  free  transition at x/c =  0.3430   53
 Side 2 forced transition at x/c =  1.0000   75

 119   rms: 0.7923E-03   max: -.1025E-01   D at    3  2
       a =  5.750      CL =  0.9935
      Cm = -0.0749     CD =  0.01066   =>   CDf =  0.00605    CDp =  0.00460

 Side 1  free  transition at x/c =  0.3430   54
 Side 2 forced transition at x/c =  1.0000   74

 120   rms: 0.1420E-01   max: -.2544E+00   D at    2  1
       a =  5.750      CL =  0.9935
      Cm = -0.0749     CD =  0.01066   =>   CDf =  0.00627    CDp =  0.00438

 Side 1  free  transition at x/c =  0.3430   53
 Side 2 forced transition at x/c =  1.0000   75

 121   rms: 0.4210E-02   max: 0.7362E-01   D at    2  2
       a =  5.750      CL =  0.9935
      Cm = -0.0749     CD =  0.01066   =>   CDf =  0.00617    CDp =  0.00449

 Side 1  free  transition at x/c =  0.3430   53
 Side 2 forced transition at x/c =  1.0000   75

 122   rms: 0.7923E-03   max: -.1025E-01   D at    3  2
       a =  5.750      CL =  0.9935
      Cm = -0.0749     CD =  0.01066   =>   CDf =  0.00605    CDp =  0.00460

 Side 1  free  transition at x/c =  0.3430   54
 Side 2 forced transition at x/c =  1.0000   74

 123   rms: 0.1420E-01   max: -.2544E+00   D at    2  1
       a =  5.750      CL =  0.9935
      Cm = -0.0749     CD =  0.01066   =>   CDf =  0.00627    CDp =  0.00438

 Side 1  free  transition at x/c =  0.3430   53
 Side 2 forced transition at x/c =  1.0000   75

 124   rms: 0.4210E-02   max: 0.7362E-01   D at    2  2
       a =  5.750      CL =  0.9935
      Cm = -0.0749     CD =  0.01066   =>   CDf =  0.00617    CDp =  0.00449

 Side 1  free  transition at x/c =  0.3430   53
 Side 2 forced transition at x/c =  1.0000   75

 125   rms: 0.7923E-03   max: -.1025E-01   D at    3  2
       a =  5.750      CL =  0.9935
      Cm = -0.0749     CD =  0.01066   =>   CDf =  0.00605    CDp =  0.00460

 Side 1  free  transition at x/c =  0.3430   54
 Side 2 forced transition at x/c =  1.0000   74

 126   rms: 0.1420E-01   max: -.2544E+00   D at    2  1
       a =  5.750      CL =  0.9935
      Cm = -0.0749     CD =  0.01066   =>   CDf =  0.00627    CDp =  0.00438

 Side 1  free  transition at x/c =  0.3430   53
 Side 2 forced transition at x/c =  1.0000   75

 127   rms: 0.4210E-02   max: 0.7362E-01   D at    2  2
       a =  5.750      CL =  0.9935
      Cm = -0.0749     CD =  0.01066   =>   CDf =  0.00617    CDp =  0.00449

 Side 1  free  transition at x/c =  0.3430   53
 Side 2 forced transition at x/c =  1.0000   75

 128   rms: 0.7923E-03   max: -.1025E-01   D at    3  2
       a =  5.750      CL =  0.9935
      Cm = -0.0749     CD =  0.01066   =>   CDf =  0.00605    CDp =  0.00460

 Side 1  free  transition at x/c =  0.3430   54
 Side 2 forced transition at x/c =  1.0000   74

 129   rms: 0.1420E-01   max: -.2544E+00   D at    2  1
       a =  5.750      CL =  0.9935
      Cm = -0.0749     CD =  0.01066   =>   CDf =  0.00627    CDp =  0.00438

 Side 1  free  transition at x/c =  0.3430   53
 Side 2 forced transition at x/c =  1.0000   75

 130   rms: 0.4210E-02   max: 0.7362E-01   D at    2  2
       a =  5.750      CL =  0.9935
      Cm = -0.0749     CD =  0.01066   =>   CDf =  0.00617    CDp =  0.00449

 Side 1  free  transition at x/c =  0.3430   53
 Side 2 forced transition at x/c =  1.0000   75

 131   rms: 0.7923E-03   max: -.1025E-01   D at    3  2
       a =  5.750      CL =  0.9935
      Cm = -0.0749     CD =  0.01066   =>   CDf =  0.00605    CDp =  0.00460

 Side 1  free  transition at x/c =  0.3430   54
 Side 2 forced transition at x/c =  1.0000   74

 132   rms: 0.1420E-01   max: -.2544E+00   D at    2  1
       a =  5.750      CL =  0.9935
      Cm = -0.0749     CD =  0.01066   =>   CDf =  0.00627    CDp =  0.00438

 Side 1  free  transition at x/c =  0.3430   53
 Side 2 forced transition at x/c =  1.0000   75

 133   rms: 0.4210E-02   max: 0.7362E-01   D at    2  2
       a =  5.750      CL =  0.9935
      Cm = -0.0749     CD =  0.01066   =>   CDf =  0.00617    CDp =  0.00449

 Side 1  free  transition at x/c =  0.3430   53
 Side 2 forced transition at x/c =  1.0000   75

 134   rms: 0.7923E-03   max: -.1025E-01   D at    3  2
       a =  5.750      CL =  0.9935
      Cm = -0.0749     CD =  0.01066   =>   CDf =  0.00605    CDp =  0.00460

 Side 1  free  transition at x/c =  0.3430   54
 Side 2 forced transition at x/c =  1.0000   74

 135   rms: 0.1420E-01   max: -.2544E+00   D at    2  1
       a =  5.750      CL =  0.9935
      Cm = -0.0749     CD =  0.01066   =>   CDf =  0.00627    CDp =  0.00438

 Side 1  free  transition at x/c =  0.3430   53
 Side 2 forced transition at x/c =  1.0000   75

 136   rms: 0.4210E-02   max: 0.7362E-01   D at    2  2
       a =  5.750      CL =  0.9935
      Cm = -0.0749     CD =  0.01066   =>   CDf =  0.00617    CDp =  0.00449

 Side 1  free  transition at x/c =  0.3430   53
 Side 2 forced transition at x/c =  1.0000   75

 137   rms: 0.7923E-03   max: -.1025E-01   D at    3  2
       a =  5.750      CL =  0.9935
      Cm = -0.0749     CD =  0.01066   =>   CDf =  0.00605    CDp =  0.00460

 Side 1  free  transition at x/c =  0.3430   54
 Side 2 forced transition at x/c =  1.0000   74

 138   rms: 0.1420E-01   max: -.2544E+00   T at    2  1
       a =  5.750      CL =  0.9935
      Cm = -0.0749     CD =  0.01066   =>   CDf =  0.00627    CDp =  0.00438

 Side 1  free  transition at x/c =  0.3430   53
 Side 2 forced transition at x/c =  1.0000   75

 139   rms: 0.4210E-02   max: 0.7362E-01   D at    2  2
       a =  5.750      CL =  0.9935
      Cm = -0.0749     CD =  0.01066   =>   CDf =  0.00617    CDp =  0.00449

 Side 1  free  transition at x/c =  0.3430   53
 Side 2 forced transition at x/c =  1.0000   75

 140   rms: 0.7923E-03   max: -.1025E-01   D at    3  2
       a =  5.750      CL =  0.9935
      Cm = -0.0749     CD =  0.01066   =>   CDf =  0.00605    CDp =  0.00460

 Side 1  free  transition at x/c =  0.3430   54
 Side 2 forced transition at x/c =  1.0000   74

 141   rms: 0.1420E-01   max: -.2544E+00   D at    2  1
       a =  5.750      CL =  0.9935
      Cm = -0.0749     CD =  0.01066   =>   CDf =  0.00627    CDp =  0.00438

 Side 1  free  transition at x/c =  0.3430   53
 Side 2 forced transition at x/c =  1.0000   75

 142   rms: 0.4210E-02   max: 0.7362E-01   D at    2  2
       a =  5.750      CL =  0.9935
      Cm = -0.0749     CD =  0.01066   =>   CDf =  0.00617    CDp =  0.00449

 Side 1  free  transition at x/c =  0.3430   53
 Side 2 forced transition at x/c =  1.0000   75

 143   rms: 0.7923E-03   max: -.1025E-01   D at    3  2
       a =  5.750      CL =  0.9935
      Cm = -0.0749     CD =  0.01066   =>   CDf =  0.00605    CDp =  0.00460

 Side 1  free  transition at x/c =  0.3430   54
 Side 2 forced transition at x/c =  1.0000   74

 144   rms: 0.1420E-01   max: -.2544E+00   D at    2  1
       a =  5.750      CL =  0.9935
      Cm = -0.0749     CD =  0.01066   =>   CDf =  0.00627    CDp =  0.00438

 Side 1  free  transition at x/c =  0.3430   53
 Side 2 forced transition at x/c =  1.0000   75

 145   rms: 0.4210E-02   max: 0.7362E-01   D at    2  2
       a =  5.750      CL =  0.9935
      Cm = -0.0749     CD =  0.01066   =>   CDf =  0.00617    CDp =  0.00449

 Side 1  free  transition at x/c =  0.3430   53
 Side 2 forced transition at x/c =  1.0000   75

 146   rms: 0.7923E-03   max: -.1025E-01   D at    3  2
       a =  5.750      CL =  0.9935
      Cm = -0.0749     CD =  0.01066   =>   CDf =  0.00605    CDp =  0.00460

 Side 1  free  transition at x/c =  0.3430   54
 Side 2 forced transition at x/c =  1.0000   74

 147   rms: 0.1420E-01   max: -.2544E+00   D at    2  1
       a =  5.750      CL =  0.9935
      Cm = -0.0749     CD =  0.01066   =>   CDf =  0.00627    CDp =  0.00438

 Side 1  free  transition at x/c =  0.3430   53
 Side 2 forced transition at x/c =  1.0000   75

 148   rms: 0.4210E-02   max: 0.7362E-01   T at    2  2
       a =  5.750      CL =  0.9935
      Cm = -0.0749     CD =  0.01066   =>   CDf =  0.00617    CDp =  0.00449

 Side 1  free  transition at x/c =  0.3430   53
 Side 2 forced transition at x/c =  1.0000   75

 149   rms: 0.7923E-03   max: -.1025E-01   D at    3  2
       a =  5.750      CL =  0.9935
      Cm = -0.0749     CD =  0.01066   =>   CDf =  0.00605    CDp =  0.00460

 Side 1  free  transition at x/c =  0.3430   54
 Side 2 forced transition at x/c =  1.0000   74

 150   rms: 0.1420E-01   max: -.2544E+00   D at    2  1
       a =  5.750      CL =  0.9935
      Cm = -0.0749     CD =  0.01066   =>   CDf =  0.00627    CDp =  0.00438

 Side 1  free  transition at x/c =  0.3430   53
 Side 2 forced transition at x/c =  1.0000   75

 151   rms: 0.4210E-02   max: 0.7362E-01   D at    2  2
       a =  5.750      CL =  0.9935
      Cm = -0.0749     CD =  0.01066   =>   CDf =  0.00617    CDp =  0.00449

 Side 1  free  transition at x/c =  0.3430   53
 Side 2 forced transition at x/c =  1.0000   75

 152   rms: 0.7923E-03   max: -.1025E-01   D at    3  2
       a =  5.750      CL =  0.9935
      Cm = -0.0749     CD =  0.01066   =>   CDf =  0.00605    CDp =  0.00460

 Side 1  free  transition at x/c =  0.3430   54
 Side 2 forced transition at x/c =  1.0000   74

 153   rms: 0.1420E-01   max: -.2544E+00   D at    2  1
       a =  5.750      CL =  0.9935
      Cm = -0.0749     CD =  0.01066   =>   CDf =  0.00627    CDp =  0.00438

 Side 1  free  transition at x/c =  0.3430   53
 Side 2 forced transition at x/c =  1.0000   75

 154   rms: 0.4210E-02   max: 0.7362E-01   T at    2  2
       a =  5.750      CL =  0.9935
      Cm = -0.0749     CD =  0.01066   =>   CDf =  0.00617    CDp =  0.00449

 Side 1  free  transition at x/c =  0.3430   53
 Side 2 forced transition at x/c =  1.0000   75

 155   rms: 0.7923E-03   max: -.1025E-01   D at    3  2
       a =  5.750      CL =  0.9935
      Cm = -0.0749     CD =  0.01066   =>   CDf =  0.00605    CDp =  0.00460

 Side 1  free  transition at x/c =  0.3430   54
 Side 2 forced transition at x/c =  1.0000   74

 156   rms: 0.1420E-01   max: -.2544E+00   D at    2  1
       a =  5.750      CL =  0.9935
      Cm = -0.0749     CD =  0.01066   =>   CDf =  0.00627    CDp =  0.00438

 Side 1  free  transition at x/c =  0.3430   53
 Side 2 forced transition at x/c =  1.0000   75

 157   rms: 0.4210E-02   max: 0.7362E-01   D at    2  2
       a =  5.750      CL =  0.9935
      Cm = -0.0749     CD =  0.01066   =>   CDf =  0.00617    CDp =  0.00449

 Side 1  free  transition at x/c =  0.3430   53
 Side 2 forced transition at x/c =  1.0000   75

 158   rms: 0.7923E-03   max: -.1025E-01   D at    3  2
       a =  5.750      CL =  0.9935
      Cm = -0.0749     CD =  0.01066   =>   CDf =  0.00605    CDp =  0.00460

 Side 1  free  transition at x/c =  0.3430   54
 Side 2 forced transition at x/c =  1.0000   74

 159   rms: 0.1420E-01   max: -.2544E+00   D at    2  1
       a =  5.750      CL =  0.9935
      Cm = -0.0749     CD =  0.01066   =>   CDf =  0.00627    CDp =  0.00438

 Side 1  free  transition at x/c =  0.3430   53
 Side 2 forced transition at x/c =  1.0000   75

 160   rms: 0.4210E-02   max: 0.7362E-01   D at    2  2
       a =  5.750      CL =  0.9935
      Cm = -0.0749     CD =  0.01066   =>   CDf =  0.00617    CDp =  0.00449

 Side 1  free  transition at x/c =  0.3430   53
 Side 2 forced transition at x/c =  1.0000   75

 161   rms: 0.7923E-03   max: -.1025E-01   D at    3  2
       a =  5.750      CL =  0.9935
      Cm = -0.0749     CD =  0.01066   =>   CDf =  0.00605    CDp =  0.00460

 Side 1  free  transition at x/c =  0.3430   54
 Side 2 forced transition at x/c =  1.0000   74

 162   rms: 0.1420E-01   max: -.2544E+00   D at    2  1
       a =  5.750      CL =  0.9935
      Cm = -0.0749     CD =  0.01066   =>   CDf =  0.00627    CDp =  0.00438

 Side 1  free  transition at x/c =  0.3430   53
 Side 2 forced transition at x/c =  1.0000   75

 163   rms: 0.4210E-02   max: 0.7362E-01   D at    2  2
       a =  5.750      CL =  0.9935
      Cm = -0.0749     CD =  0.01066   =>   CDf =  0.00617    CDp =  0.00449

 Side 1  free  transition at x/c =  0.3430   53
 Side 2 forced transition at x/c =  1.0000   75

 164   rms: 0.7923E-03   max: -.1025E-01   D at    3  2
       a =  5.750      CL =  0.9935
      Cm = -0.0749     CD =  0.01066   =>   CDf =  0.00605    CDp =  0.00460

 Side 1  free  transition at x/c =  0.3430   54
 Side 2 forced transition at x/c =  1.0000   74

 165   rms: 0.1420E-01   max: -.2544E+00   D at    2  1
       a =  5.750      CL =  0.9935
      Cm = -0.0749     CD =  0.01066   =>   CDf =  0.00627    CDp =  0.00438

 Side 1  free  transition at x/c =  0.3430   53
 Side 2 forced transition at x/c =  1.0000   75

 166   rms: 0.4210E-02   max: 0.7362E-01   T at    2  2
       a =  5.750      CL =  0.9935
      Cm = -0.0749     CD =  0.01066   =>   CDf =  0.00617    CDp =  0.00449

 Side 1  free  transition at x/c =  0.3430   53
 Side 2 forced transition at x/c =  1.0000   75

 167   rms: 0.7923E-03   max: -.1025E-01   D at    3  2
       a =  5.750      CL =  0.9935
      Cm = -0.0749     CD =  0.01066   =>   CDf =  0.00605    CDp =  0.00460

 Side 1  free  transition at x/c =  0.3430   54
 Side 2 forced transition at x/c =  1.0000   74

 168   rms: 0.1420E-01   max: -.2544E+00   D at    2  1
       a =  5.750      CL =  0.9935
      Cm = -0.0749     CD =  0.01066   =>   CDf =  0.00627    CDp =  0.00438

 Side 1  free  transition at x/c =  0.3430   53
 Side 2 forced transition at x/c =  1.0000   75

 169   rms: 0.4210E-02   max: 0.7362E-01   D at    2  2
       a =  5.750      CL =  0.9935
      Cm = -0.0749     CD =  0.01066   =>   CDf =  0.00617    CDp =  0.00449

 Side 1  free  transition at x/c =  0.3430   53
 Side 2 forced transition at x/c =  1.0000   75

 170   rms: 0.7923E-03   max: -.1025E-01   D at    3  2
       a =  5.750      CL =  0.9935
      Cm = -0.0749     CD =  0.01066   =>   CDf =  0.00605    CDp =  0.00460

 Side 1  free  transition at x/c =  0.3430   54
 Side 2 forced transition at x/c =  1.0000   74

 171   rms: 0.1420E-01   max: -.2544E+00   D at    2  1
       a =  5.750      CL =  0.9935
      Cm = -0.0749     CD =  0.01066   =>   CDf =  0.00627    CDp =  0.00438

 Side 1  free  transition at x/c =  0.3430   53
 Side 2 forced transition at x/c =  1.0000   75

 172   rms: 0.4210E-02   max: 0.7362E-01   D at    2  2
       a =  5.750      CL =  0.9935
      Cm = -0.0749     CD =  0.01066   =>   CDf =  0.00617    CDp =  0.00449

 Side 1  free  transition at x/c =  0.3430   53
 Side 2 forced transition at x/c =  1.0000   75

 173   rms: 0.7923E-03   max: -.1025E-01   D at    3  2
       a =  5.750      CL =  0.9935
      Cm = -0.0749     CD =  0.01066   =>   CDf =  0.00605    CDp =  0.00460

 Side 1  free  transition at x/c =  0.3430   54
 Side 2 forced transition at x/c =  1.0000   74

 174   rms: 0.1420E-01   max: -.2544E+00   D at    2  1
       a =  5.750      CL =  0.9935
      Cm = -0.0749     CD =  0.01066   =>   CDf =  0.00627    CDp =  0.00438

 Side 1  free  transition at x/c =  0.3430   53
 Side 2 forced transition at x/c =  1.0000   75

 175   rms: 0.4210E-02   max: 0.7362E-01   D at    2  2
       a =  5.750      CL =  0.9935
      Cm = -0.0749     CD =  0.01066   =>   CDf =  0.00617    CDp =  0.00449

 Side 1  free  transition at x/c =  0.3430   53
 Side 2 forced transition at x/c =  1.0000   75

 176   rms: 0.7923E-03   max: -.1025E-01   D at    3  2
       a =  5.750      CL =  0.9935
      Cm = -0.0749     CD =  0.01066   =>   CDf =  0.00605    CDp =  0.00460

 Side 1  free  transition at x/c =  0.3430   54
 Side 2 forced transition at x/c =  1.0000   74

 177   rms: 0.1420E-01   max: -.2544E+00   D at    2  1
       a =  5.750      CL =  0.9935
      Cm = -0.0749     CD =  0.01066   =>   CDf =  0.00627    CDp =  0.00438

 Side 1  free  transition at x/c =  0.3430   53
 Side 2 forced transition at x/c =  1.0000   75

 178   rms: 0.4210E-02   max: 0.7362E-01   D at    2  2
       a =  5.750      CL =  0.9935
      Cm = -0.0749     CD =  0.01066   =>   CDf =  0.00617    CDp =  0.00449

 Side 1  free  transition at x/c =  0.3430   53
 Side 2 forced transition at x/c =  1.0000   75

 179   rms: 0.7923E-03   max: -.1025E-01   D at    3  2
       a =  5.750      CL =  0.9935
      Cm = -0.0749     CD =  0.01066   =>   CDf =  0.00605    CDp =  0.00460

 Side 1  free  transition at x/c =  0.3430   54
 Side 2 forced transition at x/c =  1.0000   74

 180   rms: 0.1420E-01   max: -.2544E+00   D at    2  1
       a =  5.750      CL =  0.9935
      Cm = -0.0749     CD =  0.01066   =>   CDf =  0.00627    CDp =  0.00438

 Side 1  free  transition at x/c =  0.3430   53
 Side 2 forced transition at x/c =  1.0000   75

 181   rms: 0.4210E-02   max: 0.7362E-01   D at    2  2
       a =  5.750      CL =  0.9935
      Cm = -0.0749     CD =  0.01066   =>   CDf =  0.00617    CDp =  0.00449

 Side 1  free  transition at x/c =  0.3430   53
 Side 2 forced transition at x/c =  1.0000   75

 182   rms: 0.7923E-03   max: -.1025E-01   D at    3  2
       a =  5.750      CL =  0.9935
      Cm = -0.0749     CD =  0.01066   =>   CDf =  0.00605    CDp =  0.00460

 Side 1  free  transition at x/c =  0.3430   54
 Side 2 forced transition at x/c =  1.0000   74

 183   rms: 0.1420E-01   max: -.2544E+00   D at    2  1
       a =  5.750      CL =  0.9935
      Cm = -0.0749     CD =  0.01066   =>   CDf =  0.00627    CDp =  0.00438

 Side 1  free  transition at x/c =  0.3430   53
 Side 2 forced transition at x/c =  1.0000   75

 184   rms: 0.4210E-02   max: 0.7362E-01   D at    2  2
       a =  5.750      CL =  0.9935
      Cm = -0.0749     CD =  0.01066   =>   CDf =  0.00617    CDp =  0.00449

 Side 1  free  transition at x/c =  0.3430   53
 Side 2 forced transition at x/c =  1.0000   75

 185   rms: 0.7923E-03   max: -.1025E-01   D at    3  2
       a =  5.750      CL =  0.9935
      Cm = -0.0749     CD =  0.01066   =>   CDf =  0.00605    CDp =  0.00460

 Side 1  free  transition at x/c =  0.3430   54
 Side 2 forced transition at x/c =  1.0000   74

 186   rms: 0.1420E-01   max: -.2544E+00   D at    2  1
       a =  5.750      CL =  0.9935
      Cm = -0.0749     CD =  0.01066   =>   CDf =  0.00627    CDp =  0.00438

 Side 1  free  transition at x/c =  0.3430   53
 Side 2 forced transition at x/c =  1.0000   75

 187   rms: 0.4210E-02   max: 0.7362E-01   D at    2  2
       a =  5.750      CL =  0.9935
      Cm = -0.0749     CD =  0.01066   =>   CDf =  0.00617    CDp =  0.00449

 Side 1  free  transition at x/c =  0.3430   53
 Side 2 forced transition at x/c =  1.0000   75

 188   rms: 0.7923E-03   max: -.1025E-01   D at    3  2
       a =  5.750      CL =  0.9935
      Cm = -0.0749     CD =  0.01066   =>   CDf =  0.00605    CDp =  0.00460

 Side 1  free  transition at x/c =  0.3430   54
 Side 2 forced transition at x/c =  1.0000   74

 189   rms: 0.1420E-01   max: -.2544E+00   D at    2  1
       a =  5.750      CL =  0.9935
      Cm = -0.0749     CD =  0.01066   =>   CDf =  0.00627    CDp =  0.00438

 Side 1  free  transition at x/c =  0.3430   53
 Side 2 forced transition at x/c =  1.0000   75

 190   rms: 0.4210E-02   max: 0.7362E-01   T at    2  2
       a =  5.750      CL =  0.9935
      Cm = -0.0749     CD =  0.01066   =>   CDf =  0.00617    CDp =  0.00449

 Side 1  free  transition at x/c =  0.3430   53
 Side 2 forced transition at x/c =  1.0000   75

 191   rms: 0.7923E-03   max: -.1025E-01   D at    3  2
       a =  5.750      CL =  0.9935
      Cm = -0.0749     CD =  0.01066   =>   CDf =  0.00605    CDp =  0.00460

 Side 1  free  transition at x/c =  0.3430   54
 Side 2 forced transition at x/c =  1.0000   74

 192   rms: 0.1420E-01   max: -.2544E+00   D at    2  1
       a =  5.750      CL =  0.9935
      Cm = -0.0749     CD =  0.01066   =>   CDf =  0.00627    CDp =  0.00438

 Side 1  free  transition at x/c =  0.3430   53
 Side 2 forced transition at x/c =  1.0000   75

 193   rms: 0.4210E-02   max: 0.7362E-01   T at    2  2
       a =  5.750      CL =  0.9935
      Cm = -0.0749     CD =  0.01066   =>   CDf =  0.00617    CDp =  0.00449

 Side 1  free  transition at x/c =  0.3430   53
 Side 2 forced transition at x/c =  1.0000   75

 194   rms: 0.7923E-03   max: -.1025E-01   D at    3  2
       a =  5.750      CL =  0.9935
      Cm = -0.0749     CD =  0.01066   =>   CDf =  0.00605    CDp =  0.00460

 Side 1  free  transition at x/c =  0.3430   54
 Side 2 forced transition at x/c =  1.0000   74

 195   rms: 0.1420E-01   max: -.2544E+00   D at    2  1
       a =  5.750      CL =  0.9935
      Cm = -0.0749     CD =  0.01066   =>   CDf =  0.00627    CDp =  0.00438

 Side 1  free  transition at x/c =  0.3430   53
 Side 2 forced transition at x/c =  1.0000   75

 196   rms: 0.4210E-02   max: 0.7362E-01   T at    2  2
       a =  5.750      CL =  0.9935
      Cm = -0.0749     CD =  0.01066   =>   CDf =  0.00617    CDp =  0.00449

 Side 1  free  transition at x/c =  0.3430   53
 Side 2 forced transition at x/c =  1.0000   75

 197   rms: 0.7923E-03   max: -.1025E-01   D at    3  2
       a =  5.750      CL =  0.9935
      Cm = -0.0749     CD =  0.01066   =>   CDf =  0.00605    CDp =  0.00460

 Side 1  free  transition at x/c =  0.3430   54
 Side 2 forced transition at x/c =  1.0000   74

 198   rms: 0.1420E-01   max: -.2544E+00   T at    2  1
       a =  5.750      CL =  0.9935
      Cm = -0.0749     CD =  0.01066   =>   CDf =  0.00627    CDp =  0.00438

 Side 1  free  transition at x/c =  0.3430   53
 Side 2 forced transition at x/c =  1.0000   75

 199   rms: 0.4210E-02   max: 0.7362E-01   T at    2  2
       a =  5.750      CL =  0.9935
      Cm = -0.0749     CD =  0.01066   =>   CDf =  0.00617    CDp =  0.00449

 Side 1  free  transition at x/c =  0.3430   53
 Side 2 forced transition at x/c =  1.0000   75

 200   rms: 0.7923E-03   max: -.1025E-01   D at    3  2
       a =  5.750      CL =  0.9935
      Cm = -0.0749     CD =  0.01066   =>   CDf =  0.00605    CDp =  0.00460

 Side 1  free  transition at x/c =  0.3430   54
 Side 2 forced transition at x/c =  1.0000   74

 201   rms: 0.1420E-01   max: -.2544E+00   D at    2  1
       a =  5.750      CL =  0.9935
      Cm = -0.0749     CD =  0.01066   =>   CDf =  0.00627    CDp =  0.00438

 Side 1  free  transition at x/c =  0.3430   53
 Side 2 forced transition at x/c =  1.0000   75

 202   rms: 0.4210E-02   max: 0.7362E-01   D at    2  2
       a =  5.750      CL =  0.9935
      Cm = -0.0749     CD =  0.01066   =>   CDf =  0.00617    CDp =  0.00449

 Side 1  free  transition at x/c =  0.3430   53
 Side 2 forced transition at x/c =  1.0000   75

 203   rms: 0.7923E-03   max: -.1025E-01   D at    3  2
       a =  5.750      CL =  0.9935
      Cm = -0.0749     CD =  0.01066   =>   CDf =  0.00605    CDp =  0.00460

 Side 1  free  transition at x/c =  0.3430   54
 Side 2 forced transition at x/c =  1.0000   74

 204   rms: 0.1420E-01   max: -.2544E+00   D at    2  1
       a =  5.750      CL =  0.9935
      Cm = -0.0749     CD =  0.01066   =>   CDf =  0.00627    CDp =  0.00438

 Side 1  free  transition at x/c =  0.3430   53
 Side 2 forced transition at x/c =  1.0000   75

 205   rms: 0.4210E-02   max: 0.7362E-01   D at    2  2
       a =  5.750      CL =  0.9935
      Cm = -0.0749     CD =  0.01066   =>   CDf =  0.00617    CDp =  0.00449
 VISCAL:  Convergence failed
      9.000    4.6142   0.010655   0.002158   0.002424   0.000265    0.3430     #
 Calculating wake trajectory ...
 Calculating source influence matrix ...

 Solving BL system ...

 Side 1  free  transition at x/c =  0.3430   53
 Side 2 forced transition at x/c =  1.0000   75

   1   rms: 0.9082E-01   max: -.1640E+01   D at    3  2   RLX: 0.305
       a =  6.000      CL =  1.0012
      Cm = -0.0748     CD =  0.01072   =>   CDf =  0.00605    CDp =  0.00467

 Side 1  free  transition at x/c =  0.3403   54
 Side 2 forced transition at x/c =  1.0000   74

   2   rms: 0.3160E-01   max: 0.2105E+00   D at    2  1
       a =  6.000      CL =  1.0183
      Cm = -0.0744     CD =  0.01089   =>   CDf =  0.00617    CDp =  0.00472

 Side 1  free  transition at x/c =  0.3338   54
 Side 2 forced transition at x/c =  1.0000   74

   3   rms: 0.1660E-02   max: -.1809E-01   C at   54  1
       a =  6.000      CL =  1.0178
      Cm = -0.0743     CD =  0.01091   =>   CDf =  0.00619    CDp =  0.00472

 Side 1  free  transition at x/c =  0.3343   54
 Side 2 forced transition at x/c =  1.0000   74

   4   rms: 0.1031E-04   max: -.1715E-03   D at   55  1
       a =  6.000      CL =  1.0178
      Cm = -0.0743     CD =  0.01091   =>   CDf =  0.00618    CDp =  0.00473
      9.000    4.6357   0.010912   0.002183   0.002458   0.000275    0.3343     #

 Point added to stored polar  1
 Point written to save file  clarky_re480000_clean.polar                     
 Dump file unspecified or not available
 Calculating wake trajectory ...
 Calculating source influence matrix ...

 Solving BL system ...

 Side 1  free  transition at x/c =  0.3343   54
 Side 2 forced transition at x/c =  1.0000   74

   1   rms: 0.4146E-01   max: -.1603E+00   D at   54  1
       a =  6.250      CL =  1.0415
      Cm = -0.0737     CD =  0.01123   =>   CDf =  0.00618    CDp =  0.00504

 Side 1  free  transition at x/c =  0.3265   53
 Side 2 forced transition at x/c =  1.0000   74

   2   rms: 0.3457E-02   max: -.4592E-01   C at   53  1
       a =  6.250      CL =  1.0419
      Cm = -0.0737     CD =  0.01119   =>   CDf =  0.00622    CDp =  0.00497

 Side 1  free  transition at x/c =  0.3265   53
 Side 2 forced transition at x/c =  1.0000   74

   3   rms: 0.7835E-04   max: 0.1406E-02   C at   53  1
       a =  6.250      CL =  1.0419
      Cm = -0.0737     CD =  0.01119   =>   CDf =  0.00621    CDp =  0.00499
      9.000    4.6963   0.011193   0.002208   0.002487   0.000279    0.3265     #

 Point added to stored polar  1
 Point written to save file  clarky_re480000_clean.polar                     
 Dump file unspecified or not available
 Calculating wake trajectory ...
 Calculating source influence matrix ...

 Solving BL system ...

 Side 1  free  transition at x/c =  0.3265   53
 Side 2 forced transition at x/c =  1.0000   74

   1   rms: 0.3996E-01   max: -.5920E-01   C at   74  2
       a =  6.500      CL =  1.0674
      Cm = -0.0733     CD =  0.01137   =>   CDf =  0.00621    CDp =  0.00516

 Side 1  free  transition at x/c =  0.3180   53
 Side 2 forced transition at x/c =  1.0000   74

   2   rms: 0.3046E-02   max: -.3784E-01   C at   53  1
       a =  6.500      CL =  1.0667
      Cm = -0.0732     CD =  0.01141   =>   CDf =  0.00620    CDp =  0.00521

 Side 1  free  transition at x/c =  0.3189   53
 Side 2 forced transition at x/c =  1.0000   74

   3   rms: 0.4420E-04   max: -.8130E-03   D at   54  1
       a =  6.500      CL =  1.0667
      Cm = -0.0732     CD =  0.01141   =>   CDf =  0.00619    CDp =  0.00522
      9.000    4.7164   0.011412   0.002235   0.002537   0.000302    0.3189     #

 Point added to stored polar  1
 Point written to save file  clarky_re480000_clean.polar                     
 Dump file unspecified or not available
 Calculating wake trajectory ...
 Calculating source influence matrix ...

 Solving BL system ...

 Side 1  free  transition at x/c =  0.3189   53
 Side 2 forced transition at x/c =  1.0000   74

   1   rms: 0.4076E-01   max: -.6676E-01   C at   74  2
       a =  6.750      CL =  1.0908
      Cm = -0.0726     CD =  0.01169   =>   CDf =  0.00606    CDp =  0.00563

 Side 1  free  transition at x/c =  0.3097   53
 Side 2 forced transition at x/c =  1.0000   73

   2   rms: 0.2931E-02   max: -.3038E-01   D at    3  1
       a =  6.750      CL =  1.0896
      Cm = -0.0724     CD =  0.01176   =>   CDf =  0.00624    CDp =  0.00552

 Side 1  free  transition at x/c =  0.3097   53
 Side 2 forced transition at x/c =  1.0000   73

   3   rms: 0.6128E-02   max: -.1020E+00   C at   53  1
       a =  6.750      CL =  1.0895
      Cm = -0.0724     CD =  0.01176   =>   CDf =  0.00626    CDp =  0.00550

 Side 1  free  transition at x/c =  0.3097   53
 Side 2 forced transition at x/c =  1.0000   73

   4   rms: 0.6032E-02   max: -.1012E+00   C at   53  1
       a =  6.750      CL =  1.0895
      Cm = -0.0724     CD =  0.01176   =>   CDf =  0.00626    CDp =  0.00550

 Side 1  free  transition at x/c =  0.3097   53
 Side 2 forced transition at x/c =  1.0000   73

   5   rms: 0.6036E-02   max: -.1012E+00   C at   53  1
       a =  6.750      CL =  1.0895
      Cm = -0.0724     CD =  0.01176   =>   CDf =  0.00626    CDp =  0.00550

 Side 1  free  transition at x/c =  0.3097   53
 Side 2 forced transition at x/c =  1.0000   73

   6   rms: 0.6036E-02   max: -.1012E+00   C at   53  1
       a =  6.750      CL =  1.0895
      Cm = -0.0724     CD =  0.01176   =>   CDf =  0.00626    CDp =  0.00550

 Side 1  free  transition at x/c =  0.3097   53
 Side 2 forced transition at x/c =  1.0000   73

   7   rms: 0.6036E-02   max: -.1012E+00   C at   53  1
       a =  6.750      CL =  1.0895
      Cm = -0.0724     CD =  0.01176   =>   CDf =  0.00626    CDp =  0.00550

 Side 1  free  transition at x/c =  0.3097   53
 Side 2 forced transition at x/c =  1.0000   73

   8   rms: 0.6036E-02   max: -.1012E+00   C at   53  1
       a =  6.750      CL =  1.0895
      Cm = -0.0724     CD =  0.01176   =>   CDf =  0.00626    CDp =  0.00550

 Side 1  free  transition at x/c =  0.3097   53
 Side 2 forced transition at x/c =  1.0000   73

   9   rms: 0.6036E-02   max: -.1012E+00   C at   53  1
       a =  6.750      CL =  1.0895
      Cm = -0.0724     CD =  0.01176   =>   CDf =  0.00626    CDp =  0.00550

 Side 1  free  transition at x/c =  0.3097   53
 Side 2 forced transition at x/c =  1.0000   73

  10   rms: 0.6036E-02   max: -.1012E+00   C at   53  1
       a =  6.750      CL =  1.0895
      Cm = -0.0724     CD =  0.01176   =>   CDf =  0.00626    CDp =  0.00550

 Side 1  free  transition at x/c =  0.3097   53
 Side 2 forced transition at x/c =  1.0000   73

  11   rms: 0.6036E-02   max: -.1012E+00   C at   53  1
       a =  6.750      CL =  1.0895
      Cm = -0.0724     CD =  0.01176   =>   CDf =  0.00626    CDp =  0.00550

 Side 1  free  transition at x/c =  0.3097   53
 Side 2 forced transition at x/c =  1.0000   73

  12   rms: 0.6036E-02   max: -.1012E+00   C at   53  1
       a =  6.750      CL =  1.0895
      Cm = -0.0724     CD =  0.01176   =>   CDf =  0.00626    CDp =  0.00550

 Side 1  free  transition at x/c =  0.3097   53
 Side 2 forced transition at x/c =  1.0000   73

  13   rms: 0.6036E-02   max: -.1012E+00   C at   53  1
       a =  6.750      CL =  1.0895
      Cm = -0.0724     CD =  0.01176   =>   CDf =  0.00626    CDp =  0.00550

 Side 1  free  transition at x/c =  0.3097   53
 Side 2 forced transition at x/c =  1.0000   73

  14   rms: 0.6036E-02   max: -.1012E+00   C at   53  1
       a =  6.750      CL =  1.0895
      Cm = -0.0724     CD =  0.01176   =>   CDf =  0.00626    CDp =  0.00550

 Side 1  free  transition at x/c =  0.3097   53
 Side 2 forced transition at x/c =  1.0000   73

  15   rms: 0.6036E-02   max: -.1012E+00   C at   53  1
       a =  6.750      CL =  1.0895
      Cm = -0.0724     CD =  0.01176   =>   CDf =  0.00626    CDp =  0.00550

 Side 1  free  transition at x/c =  0.3097   53
 Side 2 forced transition at x/c =  1.0000   73

  16   rms: 0.6036E-02   max: -.1012E+00   C at   53  1
       a =  6.750      CL =  1.0895
      Cm = -0.0724     CD =  0.01176   =>   CDf =  0.00626    CDp =  0.00550

 Side 1  free  transition at x/c =  0.3097   53
 Side 2 forced transition at x/c =  1.0000   73

  17   rms: 0.6036E-02   max: -.1012E+00   C at   53  1
       a =  6.750      CL =  1.0895
      Cm = -0.0724     CD =  0.01176   =>   CDf =  0.00626    CDp =  0.00550

 Side 1  free  transition at x/c =  0.3097   53
 Side 2 forced transition at x/c =  1.0000   73

  18   rms: 0.6036E-02   max: -.1012E+00   C at   53  1
       a =  6.750      CL =  1.0895
      Cm = -0.0724     CD =  0.01176   =>   CDf =  0.00626    CDp =  0.00550

 Side 1  free  transition at x/c =  0.3097   53
 Side 2 forced transition at x/c =  1.0000   73

  19   rms: 0.6036E-02   max: -.1012E+00   C at   53  1
       a =  6.750      CL =  1.0895
      Cm = -0.0724     CD =  0.01176   =>   CDf =  0.00626    CDp =  0.00550

 Side 1  free  transition at x/c =  0.3097   53
 Side 2 forced transition at x/c =  1.0000   73

  20   rms: 0.6036E-02   max: -.1012E+00   C at   53  1
       a =  6.750      CL =  1.0895
      Cm = -0.0724     CD =  0.01176   =>   CDf =  0.00626    CDp =  0.00550

 Side 1  free  transition at x/c =  0.3097   53
 Side 2 forced transition at x/c =  1.0000   73

  21   rms: 0.6036E-02   max: -.1012E+00   C at   53  1
       a =  6.750      CL =  1.0895
      Cm = -0.0724     CD =  0.01176   =>   CDf =  0.00626    CDp =  0.00550

 Side 1  free  transition at x/c =  0.3097   53
 Side 2 forced transition at x/c =  1.0000   73

  22   rms: 0.6036E-02   max: -.1012E+00   C at   53  1
       a =  6.750      CL =  1.0895
      Cm = -0.0724     CD =  0.01176   =>   CDf =  0.00626    CDp =  0.00550

 Side 1  free  transition at x/c =  0.3097   53
 Side 2 forced transition at x/c =  1.0000   73

  23   rms: 0.6036E-02   max: -.1012E+00   C at   53  1
       a =  6.750      CL =  1.0895
      Cm = -0.0724     CD =  0.01176   =>   CDf =  0.00626    CDp =  0.00550

 Side 1  free  transition at x/c =  0.3097   53
 Side 2 forced transition at x/c =  1.0000   73

  24   rms: 0.6036E-02   max: -.1012E+00   C at   53  1
       a =  6.750      CL =  1.0895
      Cm = -0.0724     CD =  0.01176   =>   CDf =  0.00626    CDp =  0.00550

 Side 1  free  transition at x/c =  0.3097   53
 Side 2 forced transition at x/c =  1.0000   73

  25   rms: 0.6036E-02   max: -.1012E+00   C at   53  1
       a =  6.750      CL =  1.0895
      Cm = -0.0724     CD =  0.01176   =>   CDf =  0.00626    CDp =  0.00550

 Side 1  free  transition at x/c =  0.3097   53
 Side 2 forced transition at x/c =  1.0000   73

  26   rms: 0.6036E-02   max: -.1012E+00   C at   53  1
       a =  6.750      CL =  1.0895
      Cm = -0.0724     CD =  0.01176   =>   CDf =  0.00626    CDp =  0.00550

 Side 1  free  transition at x/c =  0.3097   53
 Side 2 forced transition at x/c =  1.0000   73

  27   rms: 0.6036E-02   max: -.1012E+00   C at   53  1
       a =  6.750      CL =  1.0895
      Cm = -0.0724     CD =  0.01176   =>   CDf =  0.00626    CDp =  0.00550

 Side 1  free  transition at x/c =  0.3097   53
 Side 2 forced transition at x/c =  1.0000   73

  28   rms: 0.6036E-02   max: -.1012E+00   C at   53  1
       a =  6.750      CL =  1.0895
      Cm = -0.0724     CD =  0.01176   =>   CDf =  0.00626    CDp =  0.00550

 Side 1  free  transition at x/c =  0.3097   53
 Side 2 forced transition at x/c =  1.0000   73

  29   rms: 0.6036E-02   max: -.1012E+00   C at   53  1
       a =  6.750      CL =  1.0895
      Cm = -0.0724     CD =  0.01176   =>   CDf =  0.00626    CDp =  0.00550

 Side 1  free  transition at x/c =  0.3097   53
 Side 2 forced transition at x/c =  1.0000   73

  30   rms: 0.6036E-02   max: -.1012E+00   C at   53  1
       a =  6.750      CL =  1.0895
      Cm = -0.0724     CD =  0.01176   =>   CDf =  0.00626    CDp =  0.00550

 Side 1  free  transition at x/c =  0.3097   53
 Side 2 forced transition at x/c =  1.0000   73

  31   rms: 0.6036E-02   max: -.1012E+00   C at   53  1
       a =  6.750      CL =  1.0895
      Cm = -0.0724     CD =  0.01176   =>   CDf =  0.00626    CDp =  0.00550

 Side 1  free  transition at x/c =  0.3097   53
 Side 2 forced transition at x/c =  1.0000   73

  32   rms: 0.6036E-02   max: -.1012E+00   C at   53  1
       a =  6.750      CL =  1.0895
      Cm = -0.0724     CD =  0.01176   =>   CDf =  0.00626    CDp =  0.00550

 Side 1  free  transition at x/c =  0.3097   53
 Side 2 forced transition at x/c =  1.0000   73

  33   rms: 0.6036E-02   max: -.1012E+00   C at   53  1
       a =  6.750      CL =  1.0895
      Cm = -0.0724     CD =  0.01176   =>   CDf =  0.00626    CDp =  0.00550

 Side 1  free  transition at x/c =  0.3097   53
 Side 2 forced transition at x/c =  1.0000   73

  34   rms: 0.6036E-02   max: -.1012E+00   C at   53  1
       a =  6.750      CL =  1.0895
      Cm = -0.0724     CD =  0.01176   =>   CDf =  0.00626    CDp =  0.00550

 Side 1  free  transition at x/c =  0.3097   53
 Side 2 forced transition at x/c =  1.0000   73

  35   rms: 0.6036E-02   max: -.1012E+00   C at   53  1
       a =  6.750      CL =  1.0895
      Cm = -0.0724     CD =  0.01176   =>   CDf =  0.00626    CDp =  0.00550

 Side 1  free  transition at x/c =  0.3097   53
 Side 2 forced transition at x/c =  1.0000   73

  36   rms: 0.6036E-02   max: -.1012E+00   C at   53  1
       a =  6.750      CL =  1.0895
      Cm = -0.0724     CD =  0.01176   =>   CDf =  0.00626    CDp =  0.00550

 Side 1  free  transition at x/c =  0.3097   53
 Side 2 forced transition at x/c =  1.0000   73

  37   rms: 0.6036E-02   max: -.1012E+00   C at   53  1
       a =  6.750      CL =  1.0895
      Cm = -0.0724     CD =  0.01176   =>   CDf =  0.00626    CDp =  0.00550

 Side 1  free  transition at x/c =  0.3097   53
 Side 2 forced transition at x/c =  1.0000   73

  38   rms: 0.6036E-02   max: -.1012E+00   C at   53  1
       a =  6.750      CL =  1.0895
      Cm = -0.0724     CD =  0.01176   =>   CDf =  0.00626    CDp =  0.00550

 Side 1  free  transition at x/c =  0.3097   53
 Side 2 forced transition at x/c =  1.0000   73

  39   rms: 0.6036E-02   max: -.1012E+00   C at   53  1
       a =  6.750      CL =  1.0895
      Cm = -0.0724     CD =  0.01176   =>   CDf =  0.00626    CDp =  0.00550

 Side 1  free  transition at x/c =  0.3097   53
 Side 2 forced transition at x/c =  1.0000   73

  40   rms: 0.6036E-02   max: -.1012E+00   C at   53  1
       a =  6.750      CL =  1.0895
      Cm = -0.0724     CD =  0.01176   =>   CDf =  0.00626    CDp =  0.00550

 Side 1  free  transition at x/c =  0.3097   53
 Side 2 forced transition at x/c =  1.0000   73

  41   rms: 0.6036E-02   max: -.1012E+00   C at   53  1
       a =  6.750      CL =  1.0895
      Cm = -0.0724     CD =  0.01176   =>   CDf =  0.00626    CDp =  0.00550

 Side 1  free  transition at x/c =  0.3097   53
 Side 2 forced transition at x/c =  1.0000   73

  42   rms: 0.6036E-02   max: -.1012E+00   C at   53  1
       a =  6.750      CL =  1.0895
      Cm = -0.0724     CD =  0.01176   =>   CDf =  0.00626    CDp =  0.00550

 Side 1  free  transition at x/c =  0.3097   53
 Side 2 forced transition at x/c =  1.0000   73

  43   rms: 0.6036E-02   max: -.1012E+00   C at   53  1
       a =  6.750      CL =  1.0895
      Cm = -0.0724     CD =  0.01176   =>   CDf =  0.00626    CDp =  0.00550

 Side 1  free  transition at x/c =  0.3097   53
 Side 2 forced transition at x/c =  1.0000   73

  44   rms: 0.6036E-02   max: -.1012E+00   C at   53  1
       a =  6.750      CL =  1.0895
      Cm = -0.0724     CD =  0.01176   =>   CDf =  0.00626    CDp =  0.00550

 Side 1  free  transition at x/c =  0.3097   53
 Side 2 forced transition at x/c =  1.0000   73

  45   rms: 0.6036E-02   max: -.1012E+00   C at   53  1
       a =  6.750      CL =  1.0895
      Cm = -0.0724     CD =  0.01176   =>   CDf =  0.00626    CDp =  0.00550

 Side 1  free  transition at x/c =  0.3097   53
 Side 2 forced transition at x/c =  1.0000   73

  46   rms: 0.6036E-02   max: -.1012E+00   C at   53  1
       a =  6.750      CL =  1.0895
      Cm = -0.0724     CD =  0.01176   =>   CDf =  0.00626    CDp =  0.00550

 Side 1  free  transition at x/c =  0.3097   53
 Side 2 forced transition at x/c =  1.0000   73

  47   rms: 0.6036E-02   max: -.1012E+00   C at   53  1
       a =  6.750      CL =  1.0895
      Cm = -0.0724     CD =  0.01176   =>   CDf =  0.00626    CDp =  0.00550

 Side 1  free  transition at x/c =  0.3097   53
 Side 2 forced transition at x/c =  1.0000   73

  48   rms: 0.6036E-02   max: -.1012E+00   C at   53  1
       a =  6.750      CL =  1.0895
      Cm = -0.0724     CD =  0.01176   =>   CDf =  0.00626    CDp =  0.00550

 Side 1  free  transition at x/c =  0.3097   53
 Side 2 forced transition at x/c =  1.0000   73

  49   rms: 0.6036E-02   max: -.1012E+00   C at   53  1
       a =  6.750      CL =  1.0895
      Cm = -0.0724     CD =  0.01176   =>   CDf =  0.00626    CDp =  0.00550

 Side 1  free  transition at x/c =  0.3097   53
 Side 2 forced transition at x/c =  1.0000   73

  50   rms: 0.6036E-02   max: -.1012E+00   C at   53  1
       a =  6.750      CL =  1.0895
      Cm = -0.0724     CD =  0.01176   =>   CDf =  0.00626    CDp =  0.00550

 Side 1  free  transition at x/c =  0.3097   53
 Side 2 forced transition at x/c =  1.0000   73

  51   rms: 0.6036E-02   max: -.1012E+00   C at   53  1
       a =  6.750      CL =  1.0895
      Cm = -0.0724     CD =  0.01176   =>   CDf =  0.00626    CDp =  0.00550

 Side 1  free  transition at x/c =  0.3097   53
 Side 2 forced transition at x/c =  1.0000   73

  52   rms: 0.6036E-02   max: -.1012E+00   C at   53  1
       a =  6.750      CL =  1.0895
      Cm = -0.0724     CD =  0.01176   =>   CDf =  0.00626    CDp =  0.00550

 Side 1  free  transition at x/c =  0.3097   53
 Side 2 forced transition at x/c =  1.0000   73

  53   rms: 0.6036E-02   max: -.1012E+00   C at   53  1
       a =  6.750      CL =  1.0895
      Cm = -0.0724     CD =  0.01176   =>   CDf =  0.00626    CDp =  0.00550

 Side 1  free  transition at x/c =  0.3097   53
 Side 2 forced transition at x/c =  1.0000   73

  54   rms: 0.6036E-02   max: -.1012E+00   C at   53  1
       a =  6.750      CL =  1.0895
      Cm = -0.0724     CD =  0.01176   =>   CDf =  0.00626    CDp =  0.00550

 Side 1  free  transition at x/c =  0.3097   53
 Side 2 forced transition at x/c =  1.0000   73

  55   rms: 0.6036E-02   max: -.1012E+00   C at   53  1
       a =  6.750      CL =  1.0895
      Cm = -0.0724     CD =  0.01176   =>   CDf =  0.00626    CDp =  0.00550

 Side 1  free  transition at x/c =  0.3097   53
 Side 2 forced transition at x/c =  1.0000   73

  56   rms: 0.6036E-02   max: -.1012E+00   C at   53  1
       a =  6.750      CL =  1.0895
      Cm = -0.0724     CD =  0.01176   =>   CDf =  0.00626    CDp =  0.00550

 Side 1  free  transition at x/c =  0.3097   53
 Side 2 forced transition at x/c =  1.0000   73

  57   rms: 0.6036E-02   max: -.1012E+00   C at   53  1
       a =  6.750      CL =  1.0895
      Cm = -0.0724     CD =  0.01176   =>   CDf =  0.00626    CDp =  0.00550

 Side 1  free  transition at x/c =  0.3097   53
 Side 2 forced transition at x/c =  1.0000   73

  58   rms: 0.6036E-02   max: -.1012E+00   C at   53  1
       a =  6.750      CL =  1.0895
      Cm = -0.0724     CD =  0.01176   =>   CDf =  0.00626    CDp =  0.00550

 Side 1  free  transition at x/c =  0.3097   53
 Side 2 forced transition at x/c =  1.0000   73

  59   rms: 0.6036E-02   max: -.1012E+00   C at   53  1
       a =  6.750      CL =  1.0895
      Cm = -0.0724     CD =  0.01176   =>   CDf =  0.00626    CDp =  0.00550

 Side 1  free  transition at x/c =  0.3097   53
 Side 2 forced transition at x/c =  1.0000   73

  60   rms: 0.6036E-02   max: -.1012E+00   C at   53  1
       a =  6.750      CL =  1.0895
      Cm = -0.0724     CD =  0.01176   =>   CDf =  0.00626    CDp =  0.00550

 Side 1  free  transition at x/c =  0.3097   53
 Side 2 forced transition at x/c =  1.0000   73

  61   rms: 0.6036E-02   max: -.1012E+00   C at   53  1
       a =  6.750      CL =  1.0895
      Cm = -0.0724     CD =  0.01176   =>   CDf =  0.00626    CDp =  0.00550

 Side 1  free  transition at x/c =  0.3097   53
 Side 2 forced transition at x/c =  1.0000   73

  62   rms: 0.6036E-02   max: -.1012E+00   C at   53  1
       a =  6.750      CL =  1.0895
      Cm = -0.0724     CD =  0.01176   =>   CDf =  0.00626    CDp =  0.00550

 Side 1  free  transition at x/c =  0.3097   53
 Side 2 forced transition at x/c =  1.0000   73

  63   rms: 0.6036E-02   max: -.1012E+00   C at   53  1
       a =  6.750      CL =  1.0895
      Cm = -0.0724     CD =  0.01176   =>   CDf =  0.00626    CDp =  0.00550

 Side 1  free  transition at x/c =  0.3097   53
 Side 2 forced transition at x/c =  1.0000   73

  64   rms: 0.6036E-02   max: -.1012E+00   C at   53  1
       a =  6.750      CL =  1.0895
      Cm = -0.0724     CD =  0.01176   =>   CDf =  0.00626    CDp =  0.00550

 Side 1  free  transition at x/c =  0.3097   53
 Side 2 forced transition at x/c =  1.0000   73

  65   rms: 0.6036E-02   max: -.1012E+00   C at   53  1
       a =  6.750      CL =  1.0895
      Cm = -0.0724     CD =  0.01176   =>   CDf =  0.00626    CDp =  0.00550

 Side 1  free  transition at x/c =  0.3097   53
 Side 2 forced transition at x/c =  1.0000   73

  66   rms: 0.6036E-02   max: -.1012E+00   C at   53  1
       a =  6.750      CL =  1.0895
      Cm = -0.0724     CD =  0.01176   =>   CDf =  0.00626    CDp =  0.00550

 Side 1  free  transition at x/c =  0.3097   53
 Side 2 forced transition at x/c =  1.0000   73

  67   rms: 0.6036E-02   max: -.1012E+00   C at   53  1
       a =  6.750      CL =  1.0895
      Cm = -0.0724     CD =  0.01176   =>   CDf =  0.00626    CDp =  0.00550

 Side 1  free  transition at x/c =  0.3097   53
 Side 2 forced transition at x/c =  1.0000   73

  68   rms: 0.6036E-02   max: -.1012E+00   C at   53  1
       a =  6.750      CL =  1.0895
      Cm = -0.0724     CD =  0.01176   =>   CDf =  0.00626    CDp =  0.00550

 Side 1  free  transition at x/c =  0.3097   53
 Side 2 forced transition at x/c =  1.0000   73

  69   rms: 0.6036E-02   max: -.1012E+00   C at   53  1
       a =  6.750      CL =  1.0895
      Cm = -0.0724     CD =  0.01176   =>   CDf =  0.00626    CDp =  0.00550

 Side 1  free  transition at x/c =  0.3097   53
 Side 2 forced transition at x/c =  1.0000   73

  70   rms: 0.6036E-02   max: -.1012E+00   C at   53  1
       a =  6.750      CL =  1.0895
      Cm = -0.0724     CD =  0.01176   =>   CDf =  0.00626    CDp =  0.00550

 Side 1  free  transition at x/c =  0.3097   53
 Side 2 forced transition at x/c =  1.0000   73

  71   rms: 0.6036E-02   max: -.1012E+00   C at   53  1
       a =  6.750      CL =  1.0895
      Cm = -0.0724     CD =  0.01176   =>   CDf =  0.00626    CDp =  0.00550

 Side 1  free  transition at x/c =  0.3097   53
 Side 2 forced transition at x/c =  1.0000   73

  72   rms: 0.6036E-02   max: -.1012E+00   C at   53  1
       a =  6.750      CL =  1.0895
      Cm = -0.0724     CD =  0.01176   =>   CDf =  0.00626    CDp =  0.00550

 Side 1  free  transition at x/c =  0.3097   53
 Side 2 forced transition at x/c =  1.0000   73

  73   rms: 0.6036E-02   max: -.1012E+00   C at   53  1
       a =  6.750      CL =  1.0895
      Cm = -0.0724     CD =  0.01176   =>   CDf =  0.00626    CDp =  0.00550

 Side 1  free  transition at x/c =  0.3097   53
 Side 2 forced transition at x/c =  1.0000   73

  74   rms: 0.6036E-02   max: -.1012E+00   C at   53  1
       a =  6.750      CL =  1.0895
      Cm = -0.0724     CD =  0.01176   =>   CDf =  0.00626    CDp =  0.00550

 Side 1  free  transition at x/c =  0.3097   53
 Side 2 forced transition at x/c =  1.0000   73

  75   rms: 0.6036E-02   max: -.1012E+00   C at   53  1
       a =  6.750      CL =  1.0895
      Cm = -0.0724     CD =  0.01176   =>   CDf =  0.00626    CDp =  0.00550

 Side 1  free  transition at x/c =  0.3097   53
 Side 2 forced transition at x/c =  1.0000   73

  76   rms: 0.6036E-02   max: -.1012E+00   C at   53  1
       a =  6.750      CL =  1.0895
      Cm = -0.0724     CD =  0.01176   =>   CDf =  0.00626    CDp =  0.00550

 Side 1  free  transition at x/c =  0.3097   53
 Side 2 forced transition at x/c =  1.0000   73

  77   rms: 0.6036E-02   max: -.1012E+00   C at   53  1
       a =  6.750      CL =  1.0895
      Cm = -0.0724     CD =  0.01176   =>   CDf =  0.00626    CDp =  0.00550

 Side 1  free  transition at x/c =  0.3097   53
 Side 2 forced transition at x/c =  1.0000   73

  78   rms: 0.6036E-02   max: -.1012E+00   C at   53  1
       a =  6.750      CL =  1.0895
      Cm = -0.0724     CD =  0.01176   =>   CDf =  0.00626    CDp =  0.00550

 Side 1  free  transition at x/c =  0.3097   53
 Side 2 forced transition at x/c =  1.0000   73

  79   rms: 0.6036E-02   max: -.1012E+00   C at   53  1
       a =  6.750      CL =  1.0895
      Cm = -0.0724     CD =  0.01176   =>   CDf =  0.00626    CDp =  0.00550

 Side 1  free  transition at x/c =  0.3097   53
 Side 2 forced transition at x/c =  1.0000   73

  80   rms: 0.6036E-02   max: -.1012E+00   C at   53  1
       a =  6.750      CL =  1.0895
      Cm = -0.0724     CD =  0.01176   =>   CDf =  0.00626    CDp =  0.00550

 Side 1  free  transition at x/c =  0.3097   53
 Side 2 forced transition at x/c =  1.0000   73

  81   rms: 0.6036E-02   max: -.1012E+00   C at   53  1
       a =  6.750      CL =  1.0895
      Cm = -0.0724     CD =  0.01176   =>   CDf =  0.00626    CDp =  0.00550

 Side 1  free  transition at x/c =  0.3097   53
 Side 2 forced transition at x/c =  1.0000   73

  82   rms: 0.6036E-02   max: -.1012E+00   C at   53  1
       a =  6.750      CL =  1.0895
      Cm = -0.0724     CD =  0.01176   =>   CDf =  0.00626    CDp =  0.00550

 Side 1  free  transition at x/c =  0.3097   53
 Side 2 forced transition at x/c =  1.0000   73

  83   rms: 0.6036E-02   max: -.1012E+00   C at   53  1
       a =  6.750      CL =  1.0895
      Cm = -0.0724     CD =  0.01176   =>   CDf =  0.00626    CDp =  0.00550

 Side 1  free  transition at x/c =  0.3097   53
 Side 2 forced transition at x/c =  1.0000   73

  84   rms: 0.6036E-02   max: -.1012E+00   C at   53  1
       a =  6.750      CL =  1.0895
      Cm = -0.0724     CD =  0.01176   =>   CDf =  0.00626    CDp =  0.00550

 Side 1  free  transition at x/c =  0.3097   53
 Side 2 forced transition at x/c =  1.0000   73

  85   rms: 0.6036E-02   max: -.1012E+00   C at   53  1
       a =  6.750      CL =  1.0895
      Cm = -0.0724     CD =  0.01176   =>   CDf =  0.00626    CDp =  0.00550

 Side 1  free  transition at x/c =  0.3097   53
 Side 2 forced transition at x/c =  1.0000   73

  86   rms: 0.6036E-02   max: -.1012E+00   C at   53  1
       a =  6.750      CL =  1.0895
      Cm = -0.0724     CD =  0.01176   =>   CDf =  0.00626    CDp =  0.00550

 Side 1  free  transition at x/c =  0.3097   53
 Side 2 forced transition at x/c =  1.0000   73

  87   rms: 0.6036E-02   max: -.1012E+00   C at   53  1
       a =  6.750      CL =  1.0895
      Cm = -0.0724     CD =  0.01176   =>   CDf =  0.00626    CDp =  0.00550

 Side 1  free  transition at x/c =  0.3097   53
 Side 2 forced transition at x/c =  1.0000   73

  88   rms: 0.6036E-02   max: -.1012E+00   C at   53  1
       a =  6.750      CL =  1.0895
      Cm = -0.0724     CD =  0.01176   =>   CDf =  0.00626    CDp =  0.00550

 Side 1  free  transition at x/c =  0.3097   53
 Side 2 forced transition at x/c =  1.0000   73

  89   rms: 0.6036E-02   max: -.1012E+00   C at   53  1
       a =  6.750      CL =  1.0895
      Cm = -0.0724     CD =  0.01176   =>   CDf =  0.00626    CDp =  0.00550

 Side 1  free  transition at x/c =  0.3097   53
 Side 2 forced transition at x/c =  1.0000   73

  90   rms: 0.6036E-02   max: -.1012E+00   C at   53  1
       a =  6.750      CL =  1.0895
      Cm = -0.0724     CD =  0.01176   =>   CDf =  0.00626    CDp =  0.00550

 Side 1  free  transition at x/c =  0.3097   53
 Side 2 forced transition at x/c =  1.0000   73

  91   rms: 0.6036E-02   max: -.1012E+00   C at   53  1
       a =  6.750      CL =  1.0895
      Cm = -0.0724     CD =  0.01176   =>   CDf =  0.00626    CDp =  0.00550

 Side 1  free  transition at x/c =  0.3097   53
 Side 2 forced transition at x/c =  1.0000   73

  92   rms: 0.6036E-02   max: -.1012E+00   C at   53  1
       a =  6.750      CL =  1.0895
      Cm = -0.0724     CD =  0.01176   =>   CDf =  0.00626    CDp =  0.00550

 Side 1  free  transition at x/c =  0.3097   53
 Side 2 forced transition at x/c =  1.0000   73

  93   rms: 0.6036E-02   max: -.1012E+00   C at   53  1
       a =  6.750      CL =  1.0895
      Cm = -0.0724     CD =  0.01176   =>   CDf =  0.00626    CDp =  0.00550

 Side 1  free  transition at x/c =  0.3097   53
 Side 2 forced transition at x/c =  1.0000   73

  94   rms: 0.6036E-02   max: -.1012E+00   C at   53  1
       a =  6.750      CL =  1.0895
      Cm = -0.0724     CD =  0.01176   =>   CDf =  0.00626    CDp =  0.00550

 Side 1  free  transition at x/c =  0.3097   53
 Side 2 forced transition at x/c =  1.0000   73

  95   rms: 0.6036E-02   max: -.1012E+00   C at   53  1
       a =  6.750      CL =  1.0895
      Cm = -0.0724     CD =  0.01176   =>   CDf =  0.00626    CDp =  0.00550

 Side 1  free  transition at x/c =  0.3097   53
 Side 2 forced transition at x/c =  1.0000   73

  96   rms: 0.6036E-02   max: -.1012E+00   C at   53  1
       a =  6.750      CL =  1.0895
      Cm = -0.0724     CD =  0.01176   =>   CDf =  0.00626    CDp =  0.00550

 Side 1  free  transition at x/c =  0.3097   53
 Side 2 forced transition at x/c =  1.0000   73

  97   rms: 0.6036E-02   max: -.1012E+00   C at   53  1
       a =  6.750      CL =  1.0895
      Cm = -0.0724     CD =  0.01176   =>   CDf =  0.00626    CDp =  0.00550

 Side 1  free  transition at x/c =  0.3097   53
 Side 2 forced transition at x/c =  1.0000   73

  98   rms: 0.6036E-02   max: -.1012E+00   C at   53  1
       a =  6.750      CL =  1.0895
      Cm = -0.0724     CD =  0.01176   =>   CDf =  0.00626    CDp =  0.00550

 Side 1  free  transition at x/c =  0.3097   53
 Side 2 forced transition at x/c =  1.0000   73

  99   rms: 0.6036E-02   max: -.1012E+00   C at   53  1
       a =  6.750      CL =  1.0895
      Cm = -0.0724     CD =  0.01176   =>   CDf =  0.00626    CDp =  0.00550

 Side 1  free  transition at x/c =  0.3097   53
 Side 2 forced transition at x/c =  1.0000   73

 100   rms: 0.6036E-02   max: -.1012E+00   C at   53  1
       a =  6.750      CL =  1.0895
      Cm = -0.0724     CD =  0.01176   =>   CDf =  0.00626    CDp =  0.00550

 Side 1  free  transition at x/c =  0.3097   53
 Side 2 forced transition at x/c =  1.0000   73

 101   rms: 0.6036E-02   max: -.1012E+00   C at   53  1
       a =  6.750      CL =  1.0895
      Cm = -0.0724     CD =  0.01176   =>   CDf =  0.00626    CDp =  0.00550

 Side 1  free  transition at x/c =  0.3097   53
 Side 2 forced transition at x/c =  1.0000   73

 102   rms: 0.6036E-02   max: -.1012E+00   C at   53  1
       a =  6.750      CL =  1.0895
      Cm = -0.0724     CD =  0.01176   =>   CDf =  0.00626    CDp =  0.00550

 Side 1  free  transition at x/c =  0.3097   53
 Side 2 forced transition at x/c =  1.0000   73

 103   rms: 0.6036E-02   max: -.1012E+00   C at   53  1
       a =  6.750      CL =  1.0895
      Cm = -0.0724     CD =  0.01176   =>   CDf =  0.00626    CDp =  0.00550

 Side 1  free  transition at x/c =  0.3097   53
 Side 2 forced transition at x/c =  1.0000   73

 104   rms: 0.6036E-02   max: -.1012E+00   C at   53  1
       a =  6.750      CL =  1.0895
      Cm = -0.0724     CD =  0.01176   =>   CDf =  0.00626    CDp =  0.00550

 Side 1  free  transition at x/c =  0.3097   53
 Side 2 forced transition at x/c =  1.0000   73

 105   rms: 0.6036E-02   max: -.1012E+00   C at   53  1
       a =  6.750      CL =  1.0895
      Cm = -0.0724     CD =  0.01176   =>   CDf =  0.00626    CDp =  0.00550

 Side 1  free  transition at x/c =  0.3097   53
 Side 2 forced transition at x/c =  1.0000   73

 106   rms: 0.6036E-02   max: -.1012E+00   C at   53  1
       a =  6.750      CL =  1.0895
      Cm = -0.0724     CD =  0.01176   =>   CDf =  0.00626    CDp =  0.00550

 Side 1  free  transition at x/c =  0.3097   53
 Side 2 forced transition at x/c =  1.0000   73

 107   rms: 0.6036E-02   max: -.1012E+00   C at   53  1
       a =  6.750      CL =  1.0895
      Cm = -0.0724     CD =  0.01176   =>   CDf =  0.00626    CDp =  0.00550

 Side 1  free  transition at x/c =  0.3097   53
 Side 2 forced transition at x/c =  1.0000   73

 108   rms: 0.6036E-02   max: -.1012E+00   C at   53  1
       a =  6.750      CL =  1.0895
      Cm = -0.0724     CD =  0.01176   =>   CDf =  0.00626    CDp =  0.00550

 Side 1  free  transition at x/c =  0.3097   53
 Side 2 forced transition at x/c =  1.0000   73

 109   rms: 0.6036E-02   max: -.1012E+00   C at   53  1
       a =  6.750      CL =  1.0895
      Cm = -0.0724     CD =  0.01176   =>   CDf =  0.00626    CDp =  0.00550

 Side 1  free  transition at x/c =  0.3097   53
 Side 2 forced transition at x/c =  1.0000   73

 110   rms: 0.6036E-02   max: -.1012E+00   C at   53  1
       a =  6.750      CL =  1.0895
      Cm = -0.0724     CD =  0.01176   =>   CDf =  0.00626    CDp =  0.00550

 Side 1  free  transition at x/c =  0.3097   53
 Side 2 forced transition at x/c =  1.0000   73

 111   rms: 0.6036E-02   max: -.1012E+00   C at   53  1
       a =  6.750      CL =  1.0895
      Cm = -0.0724     CD =  0.01176   =>   CDf =  0.00626    CDp =  0.00550

 Side 1  free  transition at x/c =  0.3097   53
 Side 2 forced transition at x/c =  1.0000   73

 112   rms: 0.6036E-02   max: -.1012E+00   C at   53  1
       a =  6.750      CL =  1.0895
      Cm = -0.0724     CD =  0.01176   =>   CDf =  0.00626    CDp =  0.00550

 Side 1  free  transition at x/c =  0.3097   53
 Side 2 forced transition at x/c =  1.0000   73

 113   rms: 0.6036E-02   max: -.1012E+00   C at   53  1
       a =  6.750      CL =  1.0895
      Cm = -0.0724     CD =  0.01176   =>   CDf =  0.00626    CDp =  0.00550

 Side 1  free  transition at x/c =  0.3097   53
 Side 2 forced transition at x/c =  1.0000   73

 114   rms: 0.6036E-02   max: -.1012E+00   C at   53  1
       a =  6.750      CL =  1.0895
      Cm = -0.0724     CD =  0.01176   =>   CDf =  0.00626    CDp =  0.00550

 Side 1  free  transition at x/c =  0.3097   53
 Side 2 forced transition at x/c =  1.0000   73

 115   rms: 0.6036E-02   max: -.1012E+00   C at   53  1
       a =  6.750      CL =  1.0895
      Cm = -0.0724     CD =  0.01176   =>   CDf =  0.00626    CDp =  0.00550

 Side 1  free  transition at x/c =  0.3097   53
 Side 2 forced transition at x/c =  1.0000   73

 116   rms: 0.6036E-02   max: -.1012E+00   C at   53  1
       a =  6.750      CL =  1.0895
      Cm = -0.0724     CD =  0.01176   =>   CDf =  0.00626    CDp =  0.00550

 Side 1  free  transition at x/c =  0.3097   53
 Side 2 forced transition at x/c =  1.0000   73

 117   rms: 0.6036E-02   max: -.1012E+00   C at   53  1
       a =  6.750      CL =  1.0895
      Cm = -0.0724     CD =  0.01176   =>   CDf =  0.00626    CDp =  0.00550

 Side 1  free  transition at x/c =  0.3097   53
 Side 2 forced transition at x/c =  1.0000   73

 118   rms: 0.6036E-02   max: -.1012E+00   C at   53  1
       a =  6.750      CL =  1.0895
      Cm = -0.0724     CD =  0.01176   =>   CDf =  0.00626    CDp =  0.00550

 Side 1  free  transition at x/c =  0.3097   53
 Side 2 forced transition at x/c =  1.0000   73

 119   rms: 0.6036E-02   max: -.1012E+00   C at   53  1
       a =  6.750      CL =  1.0895
      Cm = -0.0724     CD =  0.01176   =>   CDf =  0.00626    CDp =  0.00550

 Side 1  free  transition at x/c =  0.3097   53
 Side 2 forced transition at x/c =  1.0000   73

 120   rms: 0.6036E-02   max: -.1012E+00   C at   53  1
       a =  6.750      CL =  1.0895
      Cm = -0.0724     CD =  0.01176   =>   CDf =  0.00626    CDp =  0.00550

 Side 1  free  transition at x/c =  0.3097   53
 Side 2 forced transition at x/c =  1.0000   73

 121   rms: 0.6036E-02   max: -.1012E+00   C at   53  1
       a =  6.750      CL =  1.0895
      Cm = -0.0724     CD =  0.01176   =>   CDf =  0.00626    CDp =  0.00550

 Side 1  free  transition at x/c =  0.3097   53
 Side 2 forced transition at x/c =  1.0000   73

 122   rms: 0.6036E-02   max: -.1012E+00   C at   53  1
       a =  6.750      CL =  1.0895
      Cm = -0.0724     CD =  0.01176   =>   CDf =  0.00626    CDp =  0.00550

 Side 1  free  transition at x/c =  0.3097   53
 Side 2 forced transition at x/c =  1.0000   73

 123   rms: 0.6036E-02   max: -.1012E+00   C at   53  1
       a =  6.750      CL =  1.0895
      Cm = -0.0724     CD =  0.01176   =>   CDf =  0.00626    CDp =  0.00550

 Side 1  free  transition at x/c =  0.3097   53
 Side 2 forced transition at x/c =  1.0000   73

 124   rms: 0.6036E-02   max: -.1012E+00   C at   53  1
       a =  6.750      CL =  1.0895
      Cm = -0.0724     CD =  0.01176   =>   CDf =  0.00626    CDp =  0.00550

 Side 1  free  transition at x/c =  0.3097   53
 Side 2 forced transition at x/c =  1.0000   73

 125   rms: 0.6036E-02   max: -.1012E+00   C at   53  1
       a =  6.750      CL =  1.0895
      Cm = -0.0724     CD =  0.01176   =>   CDf =  0.00626    CDp =  0.00550

 Side 1  free  transition at x/c =  0.3097   53
 Side 2 forced transition at x/c =  1.0000   73

 126   rms: 0.6036E-02   max: -.1012E+00   C at   53  1
       a =  6.750      CL =  1.0895
      Cm = -0.0724     CD =  0.01176   =>   CDf =  0.00626    CDp =  0.00550

 Side 1  free  transition at x/c =  0.3097   53
 Side 2 forced transition at x/c =  1.0000   73

 127   rms: 0.6036E-02   max: -.1012E+00   C at   53  1
       a =  6.750      CL =  1.0895
      Cm = -0.0724     CD =  0.01176   =>   CDf =  0.00626    CDp =  0.00550

 Side 1  free  transition at x/c =  0.3097   53
 Side 2 forced transition at x/c =  1.0000   73

 128   rms: 0.6036E-02   max: -.1012E+00   C at   53  1
       a =  6.750      CL =  1.0895
      Cm = -0.0724     CD =  0.01176   =>   CDf =  0.00626    CDp =  0.00550

 Side 1  free  transition at x/c =  0.3097   53
 Side 2 forced transition at x/c =  1.0000   73

 129   rms: 0.6036E-02   max: -.1012E+00   C at   53  1
       a =  6.750      CL =  1.0895
      Cm = -0.0724     CD =  0.01176   =>   CDf =  0.00626    CDp =  0.00550

 Side 1  free  transition at x/c =  0.3097   53
 Side 2 forced transition at x/c =  1.0000   73

 130   rms: 0.6036E-02   max: -.1012E+00   C at   53  1
       a =  6.750      CL =  1.0895
      Cm = -0.0724     CD =  0.01176   =>   CDf =  0.00626    CDp =  0.00550

 Side 1  free  transition at x/c =  0.3097   53
 Side 2 forced transition at x/c =  1.0000   73

 131   rms: 0.6036E-02   max: -.1012E+00   C at   53  1
       a =  6.750      CL =  1.0895
      Cm = -0.0724     CD =  0.01176   =>   CDf =  0.00626    CDp =  0.00550

 Side 1  free  transition at x/c =  0.3097   53
 Side 2 forced transition at x/c =  1.0000   73

 132   rms: 0.6036E-02   max: -.1012E+00   C at   53  1
       a =  6.750      CL =  1.0895
      Cm = -0.0724     CD =  0.01176   =>   CDf =  0.00626    CDp =  0.00550

 Side 1  free  transition at x/c =  0.3097   53
 Side 2 forced transition at x/c =  1.0000   73

 133   rms: 0.6036E-02   max: -.1012E+00   C at   53  1
       a =  6.750      CL =  1.0895
      Cm = -0.0724     CD =  0.01176   =>   CDf =  0.00626    CDp =  0.00550

 Side 1  free  transition at x/c =  0.3097   53
 Side 2 forced transition at x/c =  1.0000   73

 134   rms: 0.6036E-02   max: -.1012E+00   C at   53  1
       a =  6.750      CL =  1.0895
      Cm = -0.0724     CD =  0.01176   =>   CDf =  0.00626    CDp =  0.00550

 Side 1  free  transition at x/c =  0.3097   53
 Side 2 forced transition at x/c =  1.0000   73

 135   rms: 0.6036E-02   max: -.1012E+00   C at   53  1
       a =  6.750      CL =  1.0895
      Cm = -0.0724     CD =  0.01176   =>   CDf =  0.00626    CDp =  0.00550

 Side 1  free  transition at x/c =  0.3097   53
 Side 2 forced transition at x/c =  1.0000   73

 136   rms: 0.6036E-02   max: -.1012E+00   C at   53  1
       a =  6.750      CL =  1.0895
      Cm = -0.0724     CD =  0.01176   =>   CDf =  0.00626    CDp =  0.00550

 Side 1  free  transition at x/c =  0.3097   53
 Side 2 forced transition at x/c =  1.0000   73

 137   rms: 0.6036E-02   max: -.1012E+00   C at   53  1
       a =  6.750      CL =  1.0895
      Cm = -0.0724     CD =  0.01176   =>   CDf =  0.00626    CDp =  0.00550

 Side 1  free  transition at x/c =  0.3097   53
 Side 2 forced transition at x/c =  1.0000   73

 138   rms: 0.6036E-02   max: -.1012E+00   C at   53  1
       a =  6.750      CL =  1.0895
      Cm = -0.0724     CD =  0.01176   =>   CDf =  0.00626    CDp =  0.00550

 Side 1  free  transition at x/c =  0.3097   53
 Side 2 forced transition at x/c =  1.0000   73

 139   rms: 0.6036E-02   max: -.1012E+00   C at   53  1
       a =  6.750      CL =  1.0895
      Cm = -0.0724     CD =  0.01176   =>   CDf =  0.00626    CDp =  0.00550

 Side 1  free  transition at x/c =  0.3097   53
 Side 2 forced transition at x/c =  1.0000   73

 140   rms: 0.6036E-02   max: -.1012E+00   C at   53  1
       a =  6.750      CL =  1.0895
      Cm = -0.0724     CD =  0.01176   =>   CDf =  0.00626    CDp =  0.00550

 Side 1  free  transition at x/c =  0.3097   53
 Side 2 forced transition at x/c =  1.0000   73

 141   rms: 0.6036E-02   max: -.1012E+00   C at   53  1
       a =  6.750      CL =  1.0895
      Cm = -0.0724     CD =  0.01176   =>   CDf =  0.00626    CDp =  0.00550

 Side 1  free  transition at x/c =  0.3097   53
 Side 2 forced transition at x/c =  1.0000   73

 142   rms: 0.6036E-02   max: -.1012E+00   C at   53  1
       a =  6.750      CL =  1.0895
      Cm = -0.0724     CD =  0.01176   =>   CDf =  0.00626    CDp =  0.00550

 Side 1  free  transition at x/c =  0.3097   53
 Side 2 forced transition at x/c =  1.0000   73

 143   rms: 0.6036E-02   max: -.1012E+00   C at   53  1
       a =  6.750      CL =  1.0895
      Cm = -0.0724     CD =  0.01176   =>   CDf =  0.00626    CDp =  0.00550

 Side 1  free  transition at x/c =  0.3097   53
 Side 2 forced transition at x/c =  1.0000   73

 144   rms: 0.6036E-02   max: -.1012E+00   C at   53  1
       a =  6.750      CL =  1.0895
      Cm = -0.0724     CD =  0.01176   =>   CDf =  0.00626    CDp =  0.00550

 Side 1  free  transition at x/c =  0.3097   53
 Side 2 forced transition at x/c =  1.0000   73

 145   rms: 0.6036E-02   max: -.1012E+00   C at   53  1
       a =  6.750      CL =  1.0895
      Cm = -0.0724     CD =  0.01176   =>   CDf =  0.00626    CDp =  0.00550

 Side 1  free  transition at x/c =  0.3097   53
 Side 2 forced transition at x/c =  1.0000   73

 146   rms: 0.6036E-02   max: -.1012E+00   C at   53  1
       a =  6.750      CL =  1.0895
      Cm = -0.0724     CD =  0.01176   =>   CDf =  0.00626    CDp =  0.00550

 Side 1  free  transition at x/c =  0.3097   53
 Side 2 forced transition at x/c =  1.0000   73

 147   rms: 0.6036E-02   max: -.1012E+00   C at   53  1
       a =  6.750      CL =  1.0895
      Cm = -0.0724     CD =  0.01176   =>   CDf =  0.00626    CDp =  0.00550

 Side 1  free  transition at x/c =  0.3097   53
 Side 2 forced transition at x/c =  1.0000   73

 148   rms: 0.6036E-02   max: -.1012E+00   C at   53  1
       a =  6.750      CL =  1.0895
      Cm = -0.0724     CD =  0.01176   =>   CDf =  0.00626    CDp =  0.00550

 Side 1  free  transition at x/c =  0.3097   53
 Side 2 forced transition at x/c =  1.0000   73

 149   rms: 0.6036E-02   max: -.1012E+00   C at   53  1
       a =  6.750      CL =  1.0895
      Cm = -0.0724     CD =  0.01176   =>   CDf =  0.00626    CDp =  0.00550

 Side 1  free  transition at x/c =  0.3097   53
 Side 2 forced transition at x/c =  1.0000   73

 150   rms: 0.6036E-02   max: -.1012E+00   C at   53  1
       a =  6.750      CL =  1.0895
      Cm = -0.0724     CD =  0.01176   =>   CDf =  0.00626    CDp =  0.00550

 Side 1  free  transition at x/c =  0.3097   53
 Side 2 forced transition at x/c =  1.0000   73

 151   rms: 0.6036E-02   max: -.1012E+00   C at   53  1
       a =  6.750      CL =  1.0895
      Cm = -0.0724     CD =  0.01176   =>   CDf =  0.00626    CDp =  0.00550

 Side 1  free  transition at x/c =  0.3097   53
 Side 2 forced transition at x/c =  1.0000   73

 152   rms: 0.6036E-02   max: -.1012E+00   C at   53  1
       a =  6.750      CL =  1.0895
      Cm = -0.0724     CD =  0.01176   =>   CDf =  0.00626    CDp =  0.00550

 Side 1  free  transition at x/c =  0.3097   53
 Side 2 forced transition at x/c =  1.0000   73

 153   rms: 0.6036E-02   max: -.1012E+00   C at   53  1
       a =  6.750      CL =  1.0895
      Cm = -0.0724     CD =  0.01176   =>   CDf =  0.00626    CDp =  0.00550

 Side 1  free  transition at x/c =  0.3097   53
 Side 2 forced transition at x/c =  1.0000   73

 154   rms: 0.6036E-02   max: -.1012E+00   C at   53  1
       a =  6.750      CL =  1.0895
      Cm = -0.0724     CD =  0.01176   =>   CDf =  0.00626    CDp =  0.00550

 Side 1  free  transition at x/c =  0.3097   53
 Side 2 forced transition at x/c =  1.0000   73

 155   rms: 0.6036E-02   max: -.1012E+00   C at   53  1
       a =  6.750      CL =  1.0895
      Cm = -0.0724     CD =  0.01176   =>   CDf =  0.00626    CDp =  0.00550

 Side 1  free  transition at x/c =  0.3097   53
 Side 2 forced transition at x/c =  1.0000   73

 156   rms: 0.6036E-02   max: -.1012E+00   C at   53  1
       a =  6.750      CL =  1.0895
      Cm = -0.0724     CD =  0.01176   =>   CDf =  0.00626    CDp =  0.00550

 Side 1  free  transition at x/c =  0.3097   53
 Side 2 forced transition at x/c =  1.0000   73

 157   rms: 0.6036E-02   max: -.1012E+00   C at   53  1
       a =  6.750      CL =  1.0895
      Cm = -0.0724     CD =  0.01176   =>   CDf =  0.00626    CDp =  0.00550

 Side 1  free  transition at x/c =  0.3097   53
 Side 2 forced transition at x/c =  1.0000   73

 158   rms: 0.6036E-02   max: -.1012E+00   C at   53  1
       a =  6.750      CL =  1.0895
      Cm = -0.0724     CD =  0.01176   =>   CDf =  0.00626    CDp =  0.00550

 Side 1  free  transition at x/c =  0.3097   53
 Side 2 forced transition at x/c =  1.0000   73

 159   rms: 0.6036E-02   max: -.1012E+00   C at   53  1
       a =  6.750      CL =  1.0895
      Cm = -0.0724     CD =  0.01176   =>   CDf =  0.00626    CDp =  0.00550

 Side 1  free  transition at x/c =  0.3097   53
 Side 2 forced transition at x/c =  1.0000   73

 160   rms: 0.6036E-02   max: -.1012E+00   C at   53  1
       a =  6.750      CL =  1.0895
      Cm = -0.0724     CD =  0.01176   =>   CDf =  0.00626    CDp =  0.00550

 Side 1  free  transition at x/c =  0.3097   53
 Side 2 forced transition at x/c =  1.0000   73

 161   rms: 0.6036E-02   max: -.1012E+00   C at   53  1
       a =  6.750      CL =  1.0895
      Cm = -0.0724     CD =  0.01176   =>   CDf =  0.00626    CDp =  0.00550

 Side 1  free  transition at x/c =  0.3097   53
 Side 2 forced transition at x/c =  1.0000   73

 162   rms: 0.6036E-02   max: -.1012E+00   C at   53  1
       a =  6.750      CL =  1.0895
      Cm = -0.0724     CD =  0.01176   =>   CDf =  0.00626    CDp =  0.00550

 Side 1  free  transition at x/c =  0.3097   53
 Side 2 forced transition at x/c =  1.0000   73

 163   rms: 0.6036E-02   max: -.1012E+00   C at   53  1
       a =  6.750      CL =  1.0895
      Cm = -0.0724     CD =  0.01176   =>   CDf =  0.00626    CDp =  0.00550

 Side 1  free  transition at x/c =  0.3097   53
 Side 2 forced transition at x/c =  1.0000   73

 164   rms: 0.6036E-02   max: -.1012E+00   C at   53  1
       a =  6.750      CL =  1.0895
      Cm = -0.0724     CD =  0.01176   =>   CDf =  0.00626    CDp =  0.00550

 Side 1  free  transition at x/c =  0.3097   53
 Side 2 forced transition at x/c =  1.0000   73

 165   rms: 0.6036E-02   max: -.1012E+00   C at   53  1
       a =  6.750      CL =  1.0895
      Cm = -0.0724     CD =  0.01176   =>   CDf =  0.00626    CDp =  0.00550

 Side 1  free  transition at x/c =  0.3097   53
 Side 2 forced transition at x/c =  1.0000   73

 166   rms: 0.6036E-02   max: -.1012E+00   C at   53  1
       a =  6.750      CL =  1.0895
      Cm = -0.0724     CD =  0.01176   =>   CDf =  0.00626    CDp =  0.00550

 Side 1  free  transition at x/c =  0.3097   53
 Side 2 forced transition at x/c =  1.0000   73

 167   rms: 0.6036E-02   max: -.1012E+00   C at   53  1
       a =  6.750      CL =  1.0895
      Cm = -0.0724     CD =  0.01176   =>   CDf =  0.00626    CDp =  0.00550

 Side 1  free  transition at x/c =  0.3097   53
 Side 2 forced transition at x/c =  1.0000   73

 168   rms: 0.6036E-02   max: -.1012E+00   C at   53  1
       a =  6.750      CL =  1.0895
      Cm = -0.0724     CD =  0.01176   =>   CDf =  0.00626    CDp =  0.00550

 Side 1  free  transition at x/c =  0.3097   53
 Side 2 forced transition at x/c =  1.0000   73

 169   rms: 0.6036E-02   max: -.1012E+00   C at   53  1
       a =  6.750      CL =  1.0895
      Cm = -0.0724     CD =  0.01176   =>   CDf =  0.00626    CDp =  0.00550

 Side 1  free  transition at x/c =  0.3097   53
 Side 2 forced transition at x/c =  1.0000   73

 170   rms: 0.6036E-02   max: -.1012E+00   C at   53  1
       a =  6.750      CL =  1.0895
      Cm = -0.0724     CD =  0.01176   =>   CDf =  0.00626    CDp =  0.00550

 Side 1  free  transition at x/c =  0.3097   53
 Side 2 forced transition at x/c =  1.0000   73

 171   rms: 0.6036E-02   max: -.1012E+00   C at   53  1
       a =  6.750      CL =  1.0895
      Cm = -0.0724     CD =  0.01176   =>   CDf =  0.00626    CDp =  0.00550

 Side 1  free  transition at x/c =  0.3097   53
 Side 2 forced transition at x/c =  1.0000   73

 172   rms: 0.6036E-02   max: -.1012E+00   C at   53  1
       a =  6.750      CL =  1.0895
      Cm = -0.0724     CD =  0.01176   =>   CDf =  0.00626    CDp =  0.00550

 Side 1  free  transition at x/c =  0.3097   53
 Side 2 forced transition at x/c =  1.0000   73

 173   rms: 0.6036E-02   max: -.1012E+00   C at   53  1
       a =  6.750      CL =  1.0895
      Cm = -0.0724     CD =  0.01176   =>   CDf =  0.00626    CDp =  0.00550

 Side 1  free  transition at x/c =  0.3097   53
 Side 2 forced transition at x/c =  1.0000   73

 174   rms: 0.6036E-02   max: -.1012E+00   C at   53  1
       a =  6.750      CL =  1.0895
      Cm = -0.0724     CD =  0.01176   =>   CDf =  0.00626    CDp =  0.00550

 Side 1  free  transition at x/c =  0.3097   53
 Side 2 forced transition at x/c =  1.0000   73

 175   rms: 0.6036E-02   max: -.1012E+00   C at   53  1
       a =  6.750      CL =  1.0895
      Cm = -0.0724     CD =  0.01176   =>   CDf =  0.00626    CDp =  0.00550

 Side 1  free  transition at x/c =  0.3097   53
 Side 2 forced transition at x/c =  1.0000   73

 176   rms: 0.6036E-02   max: -.1012E+00   C at   53  1
       a =  6.750      CL =  1.0895
      Cm = -0.0724     CD =  0.01176   =>   CDf =  0.00626    CDp =  0.00550

 Side 1  free  transition at x/c =  0.3097   53
 Side 2 forced transition at x/c =  1.0000   73

 177   rms: 0.6036E-02   max: -.1012E+00   C at   53  1
       a =  6.750      CL =  1.0895
      Cm = -0.0724     CD =  0.01176   =>   CDf =  0.00626    CDp =  0.00550

 Side 1  free  transition at x/c =  0.3097   53
 Side 2 forced transition at x/c =  1.0000   73

 178   rms: 0.6036E-02   max: -.1012E+00   C at   53  1
       a =  6.750      CL =  1.0895
      Cm = -0.0724     CD =  0.01176   =>   CDf =  0.00626    CDp =  0.00550

 Side 1  free  transition at x/c =  0.3097   53
 Side 2 forced transition at x/c =  1.0000   73

 179   rms: 0.6036E-02   max: -.1012E+00   C at   53  1
       a =  6.750      CL =  1.0895
      Cm = -0.0724     CD =  0.01176   =>   CDf =  0.00626    CDp =  0.00550

 Side 1  free  transition at x/c =  0.3097   53
 Side 2 forced transition at x/c =  1.0000   73

 180   rms: 0.6036E-02   max: -.1012E+00   C at   53  1
       a =  6.750      CL =  1.0895
      Cm = -0.0724     CD =  0.01176   =>   CDf =  0.00626    CDp =  0.00550

 Side 1  free  transition at x/c =  0.3097   53
 Side 2 forced transition at x/c =  1.0000   73

 181   rms: 0.6036E-02   max: -.1012E+00   C at   53  1
       a =  6.750      CL =  1.0895
      Cm = -0.0724     CD =  0.01176   =>   CDf =  0.00626    CDp =  0.00550

 Side 1  free  transition at x/c =  0.3097   53
 Side 2 forced transition at x/c =  1.0000   73

 182   rms: 0.6036E-02   max: -.1012E+00   C at   53  1
       a =  6.750      CL =  1.0895
      Cm = -0.0724     CD =  0.01176   =>   CDf =  0.00626    CDp =  0.00550

 Side 1  free  transition at x/c =  0.3097   53
 Side 2 forced transition at x/c =  1.0000   73

 183   rms: 0.6036E-02   max: -.1012E+00   C at   53  1
       a =  6.750      CL =  1.0895
      Cm = -0.0724     CD =  0.01176   =>   CDf =  0.00626    CDp =  0.00550

 Side 1  free  transition at x/c =  0.3097   53
 Side 2 forced transition at x/c =  1.0000   73

 184   rms: 0.6036E-02   max: -.1012E+00   C at   53  1
       a =  6.750      CL =  1.0895
      Cm = -0.0724     CD =  0.01176   =>   CDf =  0.00626    CDp =  0.00550

 Side 1  free  transition at x/c =  0.3097   53
 Side 2 forced transition at x/c =  1.0000   73

 185   rms: 0.6036E-02   max: -.1012E+00   C at   53  1
       a =  6.750      CL =  1.0895
      Cm = -0.0724     CD =  0.01176   =>   CDf =  0.00626    CDp =  0.00550

 Side 1  free  transition at x/c =  0.3097   53
 Side 2 forced transition at x/c =  1.0000   73

 186   rms: 0.6036E-02   max: -.1012E+00   C at   53  1
       a =  6.750      CL =  1.0895
      Cm = -0.0724     CD =  0.01176   =>   CDf =  0.00626    CDp =  0.00550

 Side 1  free  transition at x/c =  0.3097   53
 Side 2 forced transition at x/c =  1.0000   73

 187   rms: 0.6036E-02   max: -.1012E+00   C at   53  1
       a =  6.750      CL =  1.0895
      Cm = -0.0724     CD =  0.01176   =>   CDf =  0.00626    CDp =  0.00550

 Side 1  free  transition at x/c =  0.3097   53
 Side 2 forced transition at x/c =  1.0000   73

 188   rms: 0.6036E-02   max: -.1012E+00   C at   53  1
       a =  6.750      CL =  1.0895
      Cm = -0.0724     CD =  0.01176   =>   CDf =  0.00626    CDp =  0.00550

 Side 1  free  transition at x/c =  0.3097   53
 Side 2 forced transition at x/c =  1.0000   73

 189   rms: 0.6036E-02   max: -.1012E+00   C at   53  1
       a =  6.750      CL =  1.0895
      Cm = -0.0724     CD =  0.01176   =>   CDf =  0.00626    CDp =  0.00550

 Side 1  free  transition at x/c =  0.3097   53
 Side 2 forced transition at x/c =  1.0000   73

 190   rms: 0.6036E-02   max: -.1012E+00   C at   53  1
       a =  6.750      CL =  1.0895
      Cm = -0.0724     CD =  0.01176   =>   CDf =  0.00626    CDp =  0.00550

 Side 1  free  transition at x/c =  0.3097   53
 Side 2 forced transition at x/c =  1.0000   73

 191   rms: 0.6036E-02   max: -.1012E+00   C at   53  1
       a =  6.750      CL =  1.0895
      Cm = -0.0724     CD =  0.01176   =>   CDf =  0.00626    CDp =  0.00550

 Side 1  free  transition at x/c =  0.3097   53
 Side 2 forced transition at x/c =  1.0000   73

 192   rms: 0.6036E-02   max: -.1012E+00   C at   53  1
       a =  6.750      CL =  1.0895
      Cm = -0.0724     CD =  0.01176   =>   CDf =  0.00626    CDp =  0.00550

 Side 1  free  transition at x/c =  0.3097   53
 Side 2 forced transition at x/c =  1.0000   73

 193   rms: 0.6036E-02   max: -.1012E+00   C at   53  1
       a =  6.750      CL =  1.0895
      Cm = -0.0724     CD =  0.01176   =>   CDf =  0.00626    CDp =  0.00550

 Side 1  free  transition at x/c =  0.3097   53
 Side 2 forced transition at x/c =  1.0000   73

 194   rms: 0.6036E-02   max: -.1012E+00   C at   53  1
       a =  6.750      CL =  1.0895
      Cm = -0.0724     CD =  0.01176   =>   CDf =  0.00626    CDp =  0.00550

 Side 1  free  transition at x/c =  0.3097   53
 Side 2 forced transition at x/c =  1.0000   73

 195   rms: 0.6036E-02   max: -.1012E+00   C at   53  1
       a =  6.750      CL =  1.0895
      Cm = -0.0724     CD =  0.01176   =>   CDf =  0.00626    CDp =  0.00550

 Side 1  free  transition at x/c =  0.3097   53
 Side 2 forced transition at x/c =  1.0000   73

 196   rms: 0.6036E-02   max: -.1012E+00   C at   53  1
       a =  6.750      CL =  1.0895
      Cm = -0.0724     CD =  0.01176   =>   CDf =  0.00626    CDp =  0.00550

 Side 1  free  transition at x/c =  0.3097   53
 Side 2 forced transition at x/c =  1.0000   73

 197   rms: 0.6036E-02   max: -.1012E+00   C at   53  1
       a =  6.750      CL =  1.0895
      Cm = -0.0724     CD =  0.01176   =>   CDf =  0.00626    CDp =  0.00550

 Side 1  free  transition at x/c =  0.3097   53
 Side 2 forced transition at x/c =  1.0000   73

 198   rms: 0.6036E-02   max: -.1012E+00   C at   53  1
       a =  6.750      CL =  1.0895
      Cm = -0.0724     CD =  0.01176   =>   CDf =  0.00626    CDp =  0.00550

 Side 1  free  transition at x/c =  0.3097   53
 Side 2 forced transition at x/c =  1.0000   73

 199   rms: 0.6036E-02   max: -.1012E+00   C at   53  1
       a =  6.750      CL =  1.0895
      Cm = -0.0724     CD =  0.01176   =>   CDf =  0.00626    CDp =  0.00550

 Side 1  free  transition at x/c =  0.3097   53
 Side 2 forced transition at x/c =  1.0000   73

 200   rms: 0.6036E-02   max: -.1012E+00   C at   53  1
       a =  6.750      CL =  1.0895
      Cm = -0.0724     CD =  0.01176   =>   CDf =  0.00626    CDp =  0.00550

 Side 1  free  transition at x/c =  0.3097   53
 Side 2 forced transition at x/c =  1.0000   73

 201   rms: 0.6036E-02   max: -.1012E+00   C at   53  1
       a =  6.750      CL =  1.0895
      Cm = -0.0724     CD =  0.01176   =>   CDf =  0.00626    CDp =  0.00550

 Side 1  free  transition at x/c =  0.3097   53
 Side 2 forced transition at x/c =  1.0000   73

 202   rms: 0.6036E-02   max: -.1012E+00   C at   53  1
       a =  6.750      CL =  1.0895
      Cm = -0.0724     CD =  0.01176   =>   CDf =  0.00626    CDp =  0.00550

 Side 1  free  transition at x/c =  0.3097   53
 Side 2 forced transition at x/c =  1.0000   73

 203   rms: 0.6036E-02   max: -.1012E+00   C at   53  1
       a =  6.750      CL =  1.0895
      Cm = -0.0724     CD =  0.01176   =>   CDf =  0.00626    CDp =  0.00550

 Side 1  free  transition at x/c =  0.3097   53
 Side 2 forced transition at x/c =  1.0000   73

 204   rms: 0.6036E-02   max: -.1012E+00   C at   53  1
       a =  6.750      CL =  1.0895
      Cm = -0.0724     CD =  0.01176   =>   CDf =  0.00626    CDp =  0.00550

 Side 1  free  transition at x/c =  0.3097   53
 Side 2 forced transition at x/c =  1.0000   73

 205   rms: 0.6036E-02   max: -.1012E+00   C at   53  1
       a =  6.750      CL =  1.0895
      Cm = -0.0724     CD =  0.01176   =>   CDf =  0.00626    CDp =  0.00550
 VISCAL:  Convergence failed
      9.000    4.6633   0.011760   0.002266   0.002545   0.000279    0.3097     #
 Calculating wake trajectory ...
 Calculating source influence matrix ...

 Solving BL system ...

 Side 1  free  transition at x/c =  0.3097   53
 Side 2 forced transition at x/c =  1.0000   73

   1   rms: 0.4335E-01   max: -.3404E+00   C at   53  1
       a =  7.000      CL =  1.1162
      Cm = -0.0722     CD =  0.01183   =>   CDf =  0.00626    CDp =  0.00556

 Side 1  free  transition at x/c =  0.3006   53
 Side 2 forced transition at x/c =  1.0000   73

   2   rms: 0.3103E-02   max: -.3666E-01   C at   53  1
       a =  7.000      CL =  1.1149
      Cm = -0.0720     CD =  0.01193   =>   CDf =  0.00620    CDp =  0.00573

 Side 1  free  transition at x/c =  0.3016   53
 Side 2 forced transition at x/c =  1.0000   73

   3   rms: 0.7073E-04   max: -.1309E-02   D at   54  1
       a =  7.000      CL =  1.1149
      Cm = -0.0720     CD =  0.01193   =>   CDf =  0.00619    CDp =  0.00575
      9.000    4.5014   0.011934   0.002303   0.002568   0.000265    0.3016     #

 Point added to stored polar  1
 Point written to save file  clarky_re480000_clean.polar                     
 Dump file unspecified or not available
 Calculating wake trajectory ...
 Calculating source influence matrix ...

 Solving BL system ...

 Side 1  free  transition at x/c =  0.3016   53
 Side 2 forced transition at x/c =  1.0000   73

   1   rms: 0.4175E-01   max: -.1786E+00   D at   53  1
       a =  7.250      CL =  1.1389
      Cm = -0.0714     CD =  0.01220   =>   CDf =  0.00619    CDp =  0.00601

 Side 1  free  transition at x/c =  0.2900   52
 Side 2 forced transition at x/c =  1.0000   73

   2   rms: 0.3872E-02   max: -.5953E-01   C at   52  1
       a =  7.250      CL =  1.1377
      Cm = -0.0713     CD =  0.01226   =>   CDf =  0.00625    CDp =  0.00602

 Side 1  free  transition at x/c =  0.2911   52
 Side 2 forced transition at x/c =  1.0000   73

   3   rms: 0.8380E-04   max: -.1222E-02   D at   53  1
       a =  7.250      CL =  1.1378
      Cm = -0.0713     CD =  0.01226   =>   CDf =  0.00623    CDp =  0.00603
      9.000    4.3625   0.012264   0.002346   0.002546   0.000200    0.2911     #

 Point added to stored polar  1
 Point written to save file  clarky_re480000_clean.polar                     
 Dump file unspecified or not available
 Calculating wake trajectory ...
 Calculating source influence matrix ...

 Solving BL system ...

 Side 1  free  transition at x/c =  0.2910   52
 Side 2 forced transition at x/c =  1.0000   73

   1   rms: 0.4269E-01   max: -.1999E+00   C at   52  1
       a =  7.500      CL =  1.1642
      Cm = -0.0711     CD =  0.01235   =>   CDf =  0.00609    CDp =  0.00626

 Side 1  free  transition at x/c =  0.2786   53
 Side 2 forced transition at x/c =  1.0000   72

   2   rms: 0.5253E-02   max: 0.5890E-01   D at   54  1
       a =  7.500      CL =  1.1623
      Cm = -0.0708     CD =  0.01247   =>   CDf =  0.00623    CDp =  0.00625

 Side 1  free  transition at x/c =  0.2803   53
 Side 2 forced transition at x/c =  1.0000   72

   3   rms: 0.4057E-03   max: -.3939E-02   D at    4  1
       a =  7.500      CL =  1.1623
      Cm = -0.0708     CD =  0.01248   =>   CDf =  0.00620    CDp =  0.00627

 Side 1  free  transition at x/c =  0.2803   53
 Side 2 forced transition at x/c =  1.0000   72

   4   rms: 0.8307E-06   max: -.4774E-05   D at   54  1
       a =  7.500      CL =  1.1623
      Cm = -0.0708     CD =  0.01248   =>   CDf =  0.00620    CDp =  0.00627
      9.000    4.1311   0.012476   0.002400   0.002514   0.000114    0.2803     #

 Point added to stored polar  1
 Point written to save file  clarky_re480000_clean.polar                     
 Dump file unspecified or not available
 Calculating wake trajectory ...
 Calculating source influence matrix ...

 Solving BL system ...

 Side 1  free  transition at x/c =  0.2803   53
 Side 2 forced transition at x/c =  1.0000   72

   1   rms: 0.4256E-01   max: -.2240E+00   D at   53  1
       a =  7.750      CL =  1.1852
      Cm = -0.0700     CD =  0.01281   =>   CDf =  0.00620    CDp =  0.00660

 Side 1  free  transition at x/c =  0.2695   52
 Side 2 forced transition at x/c =  1.0000   72

   2   rms: 0.4429E-02   max: -.5401E-01   C at   52  1
       a =  7.750      CL =  1.1857
      Cm = -0.0701     CD =  0.01275   =>   CDf =  0.00622    CDp =  0.00654

 Side 1  free  transition at x/c =  0.2696   52
 Side 2 forced transition at x/c =  1.0000   72

   3   rms: 0.8423E-04   max: 0.1466E-02   C at   52  1
       a =  7.750      CL =  1.1857
      Cm = -0.0701     CD =  0.01276   =>   CDf =  0.00621    CDp =  0.00655
      9.000    3.9401   0.012758   0.000000   0.000000   0.000000    0.2696     #

 Point added to stored polar  1
 Point written to save file  clarky_re480000_clean.polar                     
 Dump file unspecified or not available
 Calculating wake trajectory ...
 Calculating source influence matrix ...

 Solving BL system ...

 Side 1  free  transition at x/c =  0.2696   52
 Side 2 forced transition at x/c =  1.0000   72

   1   rms: 0.4113E-01   max: -.1509E+00   D at   52  1
       a =  8.000      CL =  1.2104
      Cm = -0.0696     CD =  0.01296   =>   CDf =  0.00621    CDp =  0.00675

 Side 1  free  transition at x/c =  0.2546   51
 Side 2 forced transition at x/c =  1.0000   72

   2   rms: 0.4416E-02   max: -.6647E-01   C at   51  1
       a =  8.000      CL =  1.2081
      Cm = -0.0693     CD =  0.01310   =>   CDf =  0.00626    CDp =  0.00683

 Side 1  free  transition at x/c =  0.2567   52
 Side 2 forced transition at x/c =  1.0000   72

   3   rms: 0.7503E-03   max: -.9981E-02   D at   52  1
       a =  8.000      CL =  1.2081
      Cm = -0.0693     CD =  0.01309   =>   CDf =  0.00624    CDp =  0.00685

 Side 1  free  transition at x/c =  0.2565   52
 Side 2 forced transition at x/c =  1.0000   72

   4   rms: 0.1636E-04   max: -.1817E-03   D at   52  1
       a =  8.000      CL =  1.2081
      Cm = -0.0693     CD =  0.01309   =>   CDf =  0.00625    CDp =  0.00684
      9.000    3.6815   0.013094   0.000000   0.000000   0.000000    0.2565     #

 Point added to stored polar  1
 Point written to save file  clarky_re480000_clean.polar                     
 Dump file unspecified or not available
 Calculating wake trajectory ...
 Calculating source influence matrix ...

 Solving BL system ...

 Side 1  free  transition at x/c =  0.2565   52
 Side 2 forced transition at x/c =  1.0000   72

   1   rms: 0.4491E-01   max: -.3082E+00   D at   52  1
       a =  8.250      CL =  1.2284
      Cm = -0.0681     CD =  0.01359   =>   CDf =  0.00609    CDp =  0.00750

 Side 1  free  transition at x/c =  0.2385   51
 Side 2 forced transition at x/c =  1.0000   71

   2   rms: 0.1100E-01   max: 0.1792E+00   D at   52  1
       a =  8.250      CL =  1.2303
      Cm = -0.0684     CD =  0.01345   =>   CDf =  0.00630    CDp =  0.00715

 Side 1  free  transition at x/c =  0.2408   52
 Side 2 forced transition at x/c =  1.0000   71

   3   rms: 0.3442E-02   max: 0.4620E-01   C at   52  1
       a =  8.250      CL =  1.2307
      Cm = -0.0685     CD =  0.01342   =>   CDf =  0.00626    CDp =  0.00716

 Side 1  free  transition at x/c =  0.2396   52
 Side 2 forced transition at x/c =  1.0000   71

   4   rms: 0.1790E-03   max: -.2668E-02   D at   53  1
       a =  8.250      CL =  1.2306
      Cm = -0.0685     CD =  0.01342   =>   CDf =  0.00628    CDp =  0.00714

 Side 1  free  transition at x/c =  0.2396   52
 Side 2 forced transition at x/c =  1.0000   71

   5   rms: 0.1129E-05   max: -.6414E-05   C at   71  2
       a =  8.250      CL =  1.2306
      Cm = -0.0685     CD =  0.01342   =>   CDf =  0.00628    CDp =  0.00714
      9.000    3.4213   0.013423   0.000000   0.000000   0.000000    0.2396     #

 Point added to stored polar  1
 Point written to save file  clarky_re480000_clean.polar                     
 Dump file unspecified or not available
 Calculating wake trajectory ...
 Calculating source influence matrix ...

 Solving BL system ...

 Side 1  free  transition at x/c =  0.2396   52
 Side 2 forced transition at x/c =  1.0000   71

   1   rms: 0.4884E-01   max: -.3892E+00   D at   52  1
       a =  8.500      CL =  1.2495
      Cm = -0.0672     CD =  0.01400   =>   CDf =  0.00628    CDp =  0.00772

 Side 1  free  transition at x/c =  0.2182   50
 Side 2 forced transition at x/c =  1.0000   71

   2   rms: 0.1063E-01   max: 0.1527E+00   D at   51  1
       a =  8.500      CL =  1.2518
      Cm = -0.0675     CD =  0.01383   =>   CDf =  0.00634    CDp =  0.00749

 Side 1  free  transition at x/c =  0.2184   50
 Side 2 forced transition at x/c =  1.0000   71

   3   rms: 0.8399E-03   max: 0.1625E-01   C at   50  1
       a =  8.500      CL =  1.2520
      Cm = -0.0675     CD =  0.01382   =>   CDf =  0.00634    CDp =  0.00749

 Side 1  free  transition at x/c =  0.2179   50
 Side 2 forced transition at x/c =  1.0000   71

   4   rms: 0.3777E-05   max: -.2968E-04   D at   52  1
       a =  8.500      CL =  1.2520
      Cm = -0.0675     CD =  0.01382   =>   CDf =  0.00634    CDp =  0.00748
      9.000    3.3707   0.013822   0.000000   0.000000   0.000000    0.2179     #

 Point added to stored polar  1
 Point written to save file  clarky_re480000_clean.polar                     
 Dump file unspecified or not available
 Calculating wake trajectory ...
 Calculating source influence matrix ...

 Solving BL system ...

 Side 1  free  transition at x/c =  0.2179   50
 Side 2 forced transition at x/c =  1.0000   71

   1   rms: 0.4798E-01   max: 0.5601E+00   C at   50  1
       a =  8.750      CL =  1.2734
      Cm = -0.0666     CD =  0.01424   =>   CDf =  0.00634    CDp =  0.00790

 Side 1  free  transition at x/c =  0.1849   48
 Side 2 forced transition at x/c =  1.0000   71

   2   rms: 0.1037E-01   max: -.2052E+00   C at   48  1
       a =  8.750      CL =  1.2701
      Cm = -0.0662     CD =  0.01443   =>   CDf =  0.00653    CDp =  0.00790

 Side 1  free  transition at x/c =  0.1893   48
 Side 2 forced transition at x/c =  1.0000   71

   3   rms: 0.4956E-03   max: 0.1002E-01   C at   48  1
       a =  8.750      CL =  1.2701
      Cm = -0.0662     CD =  0.01443   =>   CDf =  0.00649    CDp =  0.00794

 Side 1  free  transition at x/c =  0.1892   48
 Side 2 forced transition at x/c =  1.0000   71

   4   rms: 0.2434E-05   max: 0.4688E-04   C at   48  1
       a =  8.750      CL =  1.2701
      Cm = -0.0662     CD =  0.01443   =>   CDf =  0.00650    CDp =  0.00794
      9.000    3.4713   0.014431   0.000000   0.000000   0.000000    0.1892     #

 Point added to stored polar  1
 Point written to save file  clarky_re480000_clean.polar                     
 Dump file unspecified or not available
 Calculating wake trajectory ...
 Calculating source influence matrix ...

 Solving BL system ...

 Side 1  free  transition at x/c =  0.1892   48
 Side 2 forced transition at x/c =  1.0000   71

   1   rms: 0.5924E-01   max: 0.1023E+01   C at   48  1
       a =  9.000      CL =  1.2890
      Cm = -0.0649     CD =  0.01502   =>   CDf =  0.00631    CDp =  0.00871

 Side 1  free  transition at x/c =  0.1569   47
 Side 2 forced transition at x/c =  1.0000   70

   2   rms: 0.1059E-01   max: -.2011E+00   C at   47  1
       a =  9.000      CL =  1.2858
      Cm = -0.0644     CD =  0.01520   =>   CDf =  0.00670    CDp =  0.00850

 Side 1  free  transition at x/c =  0.1607   47
 Side 2 forced transition at x/c =  1.0000   70

   3   rms: 0.8469E-03   max: 0.9221E-02   C at   47  1
       a =  9.000      CL =  1.2858
      Cm = -0.0644     CD =  0.01520   =>   CDf =  0.00666    CDp =  0.00854

 Side 1  free  transition at x/c =  0.1605   47
 Side 2 forced transition at x/c =  1.0000   70

   4   rms: 0.1883E-05   max: 0.2945E-04   C at   47  1
       a =  9.000      CL =  1.2858
      Cm = -0.0644     CD =  0.01520   =>   CDf =  0.00666    CDp =  0.00854
      9.000    3.5902   0.015201   0.000000   0.000000   0.000000    0.1605     #

 Point added to stored polar  1
 Point written to save file  clarky_re480000_clean.polar                     
 Dump file unspecified or not available
 Calculating wake trajectory ...
 Calculating source influence matrix ...

 Solving BL system ...

 Side 1  free  transition at x/c =  0.1605   47
 Side 2 forced transition at x/c =  1.0000   70

   1   rms: 0.5726E-01   max: 0.9721E+00   C at   47  1
       a =  9.250      CL =  1.3038
      Cm = -0.0630     CD =  0.01584   =>   CDf =  0.00667    CDp =  0.00917

 Side 1  free  transition at x/c =  0.1340   45
 Side 2 forced transition at x/c =  1.0000   70

   2   rms: 0.1010E-01   max: -.1945E+00   C at   45  1
       a =  9.250      CL =  1.3003
      Cm = -0.0625     CD =  0.01603   =>   CDf =  0.00684    CDp =  0.00918

 Side 1  free  transition at x/c =  0.1369   46
 Side 2 forced transition at x/c =  1.0000   70

   3   rms: 0.3726E-02   max: -.5966E-01   C at   46  1
       a =  9.250      CL =  1.3009
      Cm = -0.0626     CD =  0.01598   =>   CDf =  0.00681    CDp =  0.00916

 Side 1  free  transition at x/c =  0.1375   46
 Side 2 forced transition at x/c =  1.0000   70

   4   rms: 0.2425E-03   max: 0.4400E-02   C at   46  1
       a =  9.250      CL =  1.3008
      Cm = -0.0626     CD =  0.01598   =>   CDf =  0.00679    CDp =  0.00919

 Side 1  free  transition at x/c =  0.1374   46
 Side 2 forced transition at x/c =  1.0000   70

   5   rms: 0.2416E-05   max: -.1563E-04   C at   46  1
       a =  9.250      CL =  1.3008
      Cm = -0.0626     CD =  0.01598   =>   CDf =  0.00680    CDp =  0.00918
      9.000    3.7170   0.015980   0.000000   0.000000   0.000000    0.1374     #

 Point added to stored polar  1
 Point written to save file  clarky_re480000_clean.polar                     
 Dump file unspecified or not available
 Calculating wake trajectory ...
 Calculating source influence matrix ...

 Solving BL system ...

 Side 1  free  transition at x/c =  0.1374   46
 Side 2 forced transition at x/c =  1.0000   70

   1   rms: 0.5852E-01   max: 0.7666E+00   C at   46  1
       a =  9.500      CL =  1.3132
      Cm = -0.0604     CD =  0.01692   =>   CDf =  0.00680    CDp =  0.01012

 Side 1  free  transition at x/c =  0.1213   44
 Side 2 forced transition at x/c =  1.0000   70

   2   rms: 0.9583E-02   max: 0.1323E+00   D at   45  1
       a =  9.500      CL =  1.3153
      Cm = -0.0606     CD =  0.01670   =>   CDf =  0.00688    CDp =  0.00982

 Side 1  free  transition at x/c =  0.1212   44
 Side 2 forced transition at x/c =  1.0000   70

   3   rms: 0.7651E-03   max: 0.1617E-01   C at   44  1
       a =  9.500      CL =  1.3154
      Cm = -0.0606     CD =  0.01669   =>   CDf =  0.00688    CDp =  0.00981

 Side 1  free  transition at x/c =  0.1210   44
 Side 2 forced transition at x/c =  1.0000   70

   4   rms: 0.4182E-05   max: -.3024E-04   C at   70  2
       a =  9.500      CL =  1.3154
      Cm = -0.0606     CD =  0.01669   =>   CDf =  0.00688    CDp =  0.00981
      9.000    3.8336   0.016691   0.000000   0.000000   0.000000    0.1210     #

 Point added to stored polar  1
 Point written to save file  clarky_re480000_clean.polar                     
 Dump file unspecified or not available
 Calculating wake trajectory ...
 Calculating source influence matrix ...

 Solving BL system ...

 Side 1  free  transition at x/c =  0.1210   44
 Side 2 forced transition at x/c =  1.0000   70

   1   rms: 0.4655E-01   max: 0.6016E+00   C at   44  1
       a =  9.750      CL =  1.3319
      Cm = -0.0590     CD =  0.01732   =>   CDf =  0.00664    CDp =  0.01068

 Side 1  free  transition at x/c =  0.1078   44
 Side 2 forced transition at x/c =  1.0000   69

   2   rms: 0.6351E-02   max: -.9483E-01   C at   44  1
       a =  9.750      CL =  1.3304
      Cm = -0.0588     CD =  0.01736   =>   CDf =  0.00693    CDp =  0.01043

 Side 1  free  transition at x/c =  0.1090   44
 Side 2 forced transition at x/c =  1.0000   69

   3   rms: 0.8922E-03   max: -.1113E-01   D at    4  1
       a =  9.750      CL =  1.3304
      Cm = -0.0588     CD =  0.01736   =>   CDf =  0.00692    CDp =  0.01044

 Side 1  free  transition at x/c =  0.1089   44
 Side 2 forced transition at x/c =  1.0000   69

   4   rms: 0.1562E-05   max: 0.1558E-04   D at    6  1
       a =  9.750      CL =  1.3304
      Cm = -0.0588     CD =  0.01736   =>   CDf =  0.00692    CDp =  0.01044
      9.000    3.9206   0.017361   0.000000   0.000000   0.000000    0.1089     #

 Point added to stored polar  1
 Point written to save file  clarky_re480000_clean.polar                     
 Dump file unspecified or not available
 Calculating wake trajectory ...
 Calculating source influence matrix ...

 Solving BL system ...

 Side 1  free  transition at x/c =  0.1089   44
 Side 2 forced transition at x/c =  1.0000   69

   1   rms: 0.4455E-01   max: 0.4928E+00   C at   44  1
       a = 10.000      CL =  1.3462
      Cm = -0.0571     CD =  0.01802   =>   CDf =  0.00692    CDp =  0.01110

 Side 1  free  transition at x/c =  0.0984   43
 Side 2 forced transition at x/c =  1.0000   69

   2   rms: 0.4806E-02   max: -.8265E-01   C at   43  1
       a = 10.000      CL =  1.3453
      Cm = -0.0570     CD =  0.01804   =>   CDf =  0.00696    CDp =  0.01108

 Side 1  free  transition at x/c =  0.0992   43
 Side 2 forced transition at x/c =  1.0000   69

   3   rms: 0.1662E-03   max: 0.3018E-02   C at   43  1
       a = 10.000      CL =  1.3453
      Cm = -0.0570     CD =  0.01804   =>   CDf =  0.00695    CDp =  0.01109

 Side 1  free  transition at x/c =  0.0991   43
 Side 2 forced transition at x/c =  1.0000   69

   4   rms: 0.9909E-06   max: -.6945E-05   C at   43  1
       a = 10.000      CL =  1.3453
      Cm = -0.0570     CD =  0.01804   =>   CDf =  0.00695    CDp =  0.01109
      9.000    4.1320   0.018038   0.000977   0.001079   0.000102    0.0991     #

 Point added to stored polar  1
 Point written to save file  clarky_re480000_clean.polar                     
 Dump file unspecified or not available
 Calculating wake trajectory ...
 Calculating source influence matrix ...

 Solving BL system ...

 Side 1  free  transition at x/c =  0.0991   43
 Side 2 forced transition at x/c =  1.0000   69

   1   rms: 0.4419E-01   max: 0.4344E+00   C at   43  1
       a = 10.250      CL =  1.3608
      Cm = -0.0553     CD =  0.01873   =>   CDf =  0.00695    CDp =  0.01178

 Side 1  free  transition at x/c =  0.0889   42
 Side 2 forced transition at x/c =  1.0000   69

   2   rms: 0.5926E-02   max: -.9259E-01   C at   42  1
       a = 10.250      CL =  1.3597
      Cm = -0.0551     CD =  0.01875   =>   CDf =  0.00699    CDp =  0.01176

 Side 1  free  transition at x/c =  0.0897   42
 Side 2 forced transition at x/c =  1.0000   69

   3   rms: 0.2993E-03   max: 0.5425E-02   C at   42  1
       a = 10.250      CL =  1.3597
      Cm = -0.0551     CD =  0.01875   =>   CDf =  0.00698    CDp =  0.01178

 Side 1  free  transition at x/c =  0.0896   42
 Side 2 forced transition at x/c =  1.0000   69

   4   rms: 0.2411E-05   max: -.1579E-04   C at   42  1
       a = 10.250      CL =  1.3597
      Cm = -0.0551     CD =  0.01875   =>   CDf =  0.00698    CDp =  0.01177
      9.000    4.4423   0.018753   0.000961   0.001146   0.000185    0.0896     #

 Point added to stored polar  1
 Point written to save file  clarky_re480000_clean.polar                     
 Dump file unspecified or not available
 Calculating wake trajectory ...
 Calculating source influence matrix ...

 Solving BL system ...

 Side 1  free  transition at x/c =  0.0896   42
 Side 2 forced transition at x/c =  1.0000   69

   1   rms: 0.4491E-01   max: 0.3994E+00   C at   42  1
       a = 10.500      CL =  1.3742
      Cm = -0.0534     CD =  0.01950   =>   CDf =  0.00698    CDp =  0.01252

 Side 1  free  transition at x/c =  0.0802   41
 Side 2 forced transition at x/c =  1.0000   69

   2   rms: 0.5791E-02   max: -.7742E-01   D at   41  1
       a = 10.500      CL =  1.3736
      Cm = -0.0533     CD =  0.01949   =>   CDf =  0.00700    CDp =  0.01249

 Side 1  free  transition at x/c =  0.0801   41
 Side 2 forced transition at x/c =  1.0000   69

   3   rms: 0.3568E-03   max: 0.5669E-02   C at   41  1
       a = 10.500      CL =  1.3735
      Cm = -0.0533     CD =  0.01950   =>   CDf =  0.00701    CDp =  0.01250

 Side 1  free  transition at x/c =  0.0800   41
 Side 2 forced transition at x/c =  1.0000   69

   4   rms: 0.3708E-05   max: -.2847E-04   C at   41  1
       a = 10.500      CL =  1.3735
      Cm = -0.0533     CD =  0.01950   =>   CDf =  0.00701    CDp =  0.01250
      9.000    4.8649   0.019504   0.017441   0.001209  -0.016232    0.0800     #

 Point added to stored polar  1
 Point written to save file  clarky_re480000_clean.polar                     
 Dump file unspecified or not available
 Calculating wake trajectory ...
 Calculating source influence matrix ...

 Solving BL system ...

 Side 1  free  transition at x/c =  0.0800   41
 Side 2 forced transition at x/c =  1.0000   69

   1   rms: 0.5300E-01   max: 0.5151E+00   C at   41  1
       a = 10.750      CL =  1.3852
      Cm = -0.0513     CD =  0.02046   =>   CDf =  0.00671    CDp =  0.01376

 Side 1  free  transition at x/c =  0.0696   40
 Side 2 forced transition at x/c =  1.0000   68

   2   rms: 0.1044E-01   max: -.1146E+00   D at   42  1
       a = 10.750      CL =  1.3864
      Cm = -0.0514     CD =  0.02033   =>   CDf =  0.00705    CDp =  0.01329

 Side 1  free  transition at x/c =  0.0676   40
 Side 2 forced transition at x/c =  1.0000   68

   3   rms: 0.8047E-03   max: -.8543E-02   D at    4  1
       a = 10.750      CL =  1.3862
      Cm = -0.0514     CD =  0.02034   =>   CDf =  0.00706    CDp =  0.01329

 Side 1  free  transition at x/c =  0.0676   40
 Side 2 forced transition at x/c =  1.0000   68

   4   rms: 0.1331E-05   max: 0.1070E-04   C at   40  1
       a = 10.750      CL =  1.3862
      Cm = -0.0514     CD =  0.02034   =>   CDf =  0.00706    CDp =  0.01329
      9.000    5.4611   0.020345   0.017708   0.001275  -0.016434    0.0676     #

 Point added to stored polar  1
 Point written to save file  clarky_re480000_clean.polar                     
 Dump file unspecified or not available
 Calculating wake trajectory ...
 Calculating source influence matrix ...

 Solving BL system ...

 Side 1  free  transition at x/c =  0.0676   40
 Side 2 forced transition at x/c =  1.0000   68

   1   rms: 0.6077E-01   max: 0.7590E+00   C at   40  1
       a = 11.000      CL =  1.3984
      Cm = -0.0495     CD =  0.02130   =>   CDf =  0.00706    CDp =  0.01424

 Side 1  free  transition at x/c =  0.0465   36
 Side 2 forced transition at x/c =  1.0000   68

   2   rms: 0.1564E-01   max: -.1365E+00   D at   40  1
       a = 11.000      CL =  1.3945
      Cm = -0.0491     CD =  0.02150   =>   CDf =  0.00721    CDp =  0.01428

 Side 1  free  transition at x/c =  0.0462   36
 Side 2 forced transition at x/c =  1.0000   68

   3   rms: 0.7219E-03   max: -.6665E-02   C at   36  1
       a = 11.000      CL =  1.3941
      Cm = -0.0490     CD =  0.02152   =>   CDf =  0.00721    CDp =  0.01432

 Side 1  free  transition at x/c =  0.0464   36
 Side 2 forced transition at x/c =  1.0000   68

   4   rms: 0.5019E-05   max: -.9357E-04   C at   36  1
       a = 11.000      CL =  1.3940
      Cm = -0.0490     CD =  0.02152   =>   CDf =  0.00720    CDp =  0.01432
      9.000    6.2738   0.021522   0.018098   0.001339  -0.016760    0.0464     #

 Point added to stored polar  1
 Point written to save file  clarky_re480000_clean.polar                     
 Dump file unspecified or not available
 Calculating wake trajectory ...
 Calculating source influence matrix ...

 Solving BL system ...

 Side 1  free  transition at x/c =  0.0464   36
 Side 2 forced transition at x/c =  1.0000   68

   1   rms: 0.1201E+00   max: 0.2452E+01   C at   36  1   RLX: 0.612
       a = 11.250      CL =  1.3967
      Cm = -0.0474     CD =  0.02246   =>   CDf =  0.00721    CDp =  0.01525

 Side 1  free  transition at x/c =  0.0243   30
 Side 2 forced transition at x/c =  1.0000   68

   2   rms: 0.1670E-01   max: 0.7363E-01   D at   90  1
       a = 11.250      CL =  1.3931
      Cm = -0.0458     CD =  0.02336   =>   CDf =  0.00743    CDp =  0.01593

 Side 1  free  transition at x/c =  0.0239   30
 Side 2 forced transition at x/c =  1.0000   68

   3   rms: 0.1218E-02   max: -.2082E-01   C at   30  1
       a = 11.250      CL =  1.3926
      Cm = -0.0457     CD =  0.02336   =>   CDf =  0.00740    CDp =  0.01596

 Side 1  free  transition at x/c =  0.0240   30
 Side 2 forced transition at x/c =  1.0000   68

   4   rms: 0.1698E-04   max: -.3255E-03   C at   30  1
       a = 11.250      CL =  1.3926
      Cm = -0.0457     CD =  0.02336   =>   CDf =  0.00740    CDp =  0.01597
      9.000    6.8451   0.023363   0.018665   0.001377  -0.017288    0.0240     #

 Point added to stored polar  1
 Point written to save file  clarky_re480000_clean.polar                     
 Dump file unspecified or not available
 Calculating wake trajectory ...
 Calculating source influence matrix ...

 Solving BL system ...

 Side 1  free  transition at x/c =  0.0240   30
 Side 2 forced transition at x/c =  1.0000   68

   1   rms: 0.8777E-01   max: 0.1697E+01   C at   30  1   RLX: 0.884
       a = 11.500      CL =  1.3966
      Cm = -0.0435     CD =  0.02477   =>   CDf =  0.00740    CDp =  0.01737

 Side 1  free  transition at x/c =  0.0208   29
 Side 2 forced transition at x/c =  1.0000   68

   2   rms: 0.7854E-02   max: -.8986E-01   D at   29  1
       a = 11.500      CL =  1.3990
      Cm = -0.0435     CD =  0.02475   =>   CDf =  0.00738    CDp =  0.01737

 Side 1  free  transition at x/c =  0.0206   29
 Side 2 forced transition at x/c =  1.0000   68

   3   rms: 0.1641E-03   max: 0.1321E-02   D at   29  1
       a = 11.500      CL =  1.3989
      Cm = -0.0435     CD =  0.02474   =>   CDf =  0.00737    CDp =  0.01737

 Side 1  free  transition at x/c =  0.0206   29
 Side 2 forced transition at x/c =  1.0000   68

   4   rms: 0.2009E-05   max: -.1567E-04   C at   68  2
       a = 11.500      CL =  1.3989
      Cm = -0.0435     CD =  0.02474   =>   CDf =  0.00737    CDp =  0.01737
      9.000    7.4676   0.024743   0.018959   0.001438  -0.017522    0.0206     #

 Point added to stored polar  1
 Point written to save file  clarky_re480000_clean.polar                     
 Dump file unspecified or not available
 Calculating wake trajectory ...
 Calculating source influence matrix ...

 Solving BL system ...

 Side 1  free  transition at x/c =  0.0206   29
 Side 2 forced transition at x/c =  1.0000   68

   1   rms: 0.4456E-01   max: 0.4275E+00   C at   29  1
       a = 11.750      CL =  1.4068
      Cm = -0.0415     CD =  0.02614   =>   CDf =  0.00698    CDp =  0.01916

 Side 1  free  transition at x/c =  0.0190   29
 Side 2 forced transition at x/c =  1.0000   67

   2   rms: 0.4710E-02   max: -.5024E-01   C at   29  1
       a = 11.750      CL =  1.4055
      Cm = -0.0414     CD =  0.02615   =>   CDf =  0.00731    CDp =  0.01884

 Side 1  free  transition at x/c =  0.0191   29
 Side 2 forced transition at x/c =  1.0000   67

   3   rms: 0.8813E-03   max: -.1086E-01   D at    4  1
       a = 11.750      CL =  1.4055
      Cm = -0.0414     CD =  0.02615   =>   CDf =  0.00730    CDp =  0.01884

 Side 1  free  transition at x/c =  0.0191   29
 Side 2 forced transition at x/c =  1.0000   67

   4   rms: 0.6964E-06   max: -.6160E-05   D at    7  1
       a = 11.750      CL =  1.4055
      Cm = -0.0414     CD =  0.02615   =>   CDf =  0.00731    CDp =  0.01884
      9.000    8.0383   0.026149   0.019199   0.001525  -0.017674    0.0191     #

 Point added to stored polar  1
 Point written to save file  clarky_re480000_clean.polar                     
 Dump file unspecified or not available
 Calculating wake trajectory ...
 Calculating source influence matrix ...

 Solving BL system ...

 Side 1  free  transition at x/c =  0.0191   29
 Side 2 forced transition at x/c =  1.0000   67

   1   rms: 0.3731E-01   max: 0.1435E+00   T at   29  1
       a = 12.000      CL =  1.4151
      Cm = -0.0397     CD =  0.02745   =>   CDf =  0.00731    CDp =  0.02014

 Side 1  free  transition at x/c =  0.0179   29
 Side 2 forced transition at x/c =  1.0000   67

   2   rms: 0.4641E-02   max: -.5994E-01   D at   29  1
       a = 12.000      CL =  1.4135
      Cm = -0.0396     CD =  0.02749   =>   CDf =  0.00721    CDp =  0.02028

 Side 1  free  transition at x/c =  0.0180   29
 Side 2 forced transition at x/c =  1.0000   67

   3   rms: 0.6605E-04   max: 0.7617E-03   D at   29  1
       a = 12.000      CL =  1.4134
      Cm = -0.0396     CD =  0.02750   =>   CDf =  0.00721    CDp =  0.02029
      9.000    8.5984   0.027498   0.019364   0.001632  -0.017732    0.0180     #

 Point added to stored polar  1
 Point written to save file  clarky_re480000_clean.polar                     
 Dump file unspecified or not available
 Calculating wake trajectory ...
 Calculating source influence matrix ...

 Solving BL system ...

 Side 1  free  transition at x/c =  0.0180   29
 Side 2 forced transition at x/c =  1.0000   67

   1   rms: 0.3842E-01   max: 0.1654E+00   T at   29  1
       a = 12.250      CL =  1.4209
      Cm = -0.0380     CD =  0.02904   =>   CDf =  0.00722    CDp =  0.02183

 Side 1  free  transition at x/c =  0.0171   29
 Side 2 forced transition at x/c =  1.0000   67

   2   rms: 0.4940E-02   max: -.3650E-01   D at   29  1
       a = 12.250      CL =  1.4183
      Cm = -0.0378     CD =  0.02914   =>   CDf =  0.00714    CDp =  0.02201

 Side 1  free  transition at x/c =  0.0172   29
 Side 2 forced transition at x/c =  1.0000   67

   3   rms: 0.7465E-04   max: 0.9402E-03   D at   86  1
       a = 12.250      CL =  1.4182
      Cm = -0.0378     CD =  0.02914   =>   CDf =  0.00713    CDp =  0.02201
      9.000    9.0358   0.029145   0.019543   0.001758  -0.017785    0.0172     #

 Point added to stored polar  1
 Point written to save file  clarky_re480000_clean.polar                     
 Dump file unspecified or not available
 Calculating wake trajectory ...
 Calculating source influence matrix ...

 Solving BL system ...

 Side 1  free  transition at x/c =  0.0172   29
 Side 2 forced transition at x/c =  1.0000   67

   1   rms: 0.4100E-01   max: 0.1600E+00   T at   29  1
       a = 12.500      CL =  1.4212
      Cm = -0.0360     CD =  0.03115   =>   CDf =  0.00714    CDp =  0.02401

 Side 1  free  transition at x/c =  0.0166   28
 Side 2 forced transition at x/c =  1.0000   67

   2   rms: 0.5404E-02   max: -.5907E-01   D at   28  1
       a = 12.500      CL =  1.4215
      Cm = -0.0360     CD =  0.03097   =>   CDf =  0.00704    CDp =  0.02393

 Side 1  free  transition at x/c =  0.0165   28
 Side 2 forced transition at x/c =  1.0000   67

   3   rms: 0.9830E-04   max: 0.1043E-02   D at   85  1
       a = 12.500      CL =  1.4215
      Cm = -0.0360     CD =  0.03099   =>   CDf =  0.00704    CDp =  0.02394
      9.000    9.5010   0.030987   0.019685   0.001873  -0.017813    0.0165     #

 Point added to stored polar  1
 Point written to save file  clarky_re480000_clean.polar                     
 Dump file unspecified or not available
 Calculating wake trajectory ...
 Calculating source influence matrix ...

 Solving BL system ...

 Side 1  free  transition at x/c =  0.0165   28
 Side 2 forced transition at x/c =  1.0000   67

   1   rms: 0.3605E-01   max: 0.1440E+00   T at   28  1   RLX: 0.999
       a = 12.750      CL =  1.4284
      Cm = -0.0347     CD =  0.03273   =>   CDf =  0.00663    CDp =  0.02610

 Side 1  free  transition at x/c =  0.0159   29
 Side 2 forced transition at x/c =  1.0000   66

   2   rms: 0.4838E-02   max: -.5993E-01   T at    2  1
       a = 12.750      CL =  1.4264
      Cm = -0.0346     CD =  0.03276   =>   CDf =  0.00694    CDp =  0.02582

 Side 1  free  transition at x/c =  0.0159   29
 Side 2 forced transition at x/c =  1.0000   66

   3   rms: 0.9112E-03   max: -.1168E-01   D at    4  1
       a = 12.750      CL =  1.4264
      Cm = -0.0346     CD =  0.03276   =>   CDf =  0.00694    CDp =  0.02582

 Side 1  free  transition at x/c =  0.0159   29
 Side 2 forced transition at x/c =  1.0000   66

   4   rms: 0.1844E-05   max: 0.1100E-04   D at    6  1
       a = 12.750      CL =  1.4264
      Cm = -0.0346     CD =  0.03276   =>   CDf =  0.00694    CDp =  0.02582
      9.000    9.9170   0.032758   0.019754   0.001961  -0.017792    0.0159     #

 Point added to stored polar  1
 Point written to save file  clarky_re480000_clean.polar                     
 Dump file unspecified or not available
 Calculating wake trajectory ...
 Calculating source influence matrix ...

 Solving BL system ...

 Side 1  free  transition at x/c =  0.0159   29
 Side 2 forced transition at x/c =  1.0000   66

   1   rms: 0.3691E-01   max: 0.1390E+00   T at   29  1   RLX: 0.949
       a = 13.000      CL =  1.4305
      Cm = -0.0334     CD =  0.03471   =>   CDf =  0.00694    CDp =  0.02777

 Side 1  free  transition at x/c =  0.0153   29
 Side 2 forced transition at x/c =  1.0000   66

   2   rms: 0.3891E-02   max: -.3863E-01   D at   29  1
       a = 13.000      CL =  1.4289
      Cm = -0.0332     CD =  0.03482   =>   CDf =  0.00686    CDp =  0.02796

 Side 1  free  transition at x/c =  0.0154   29
 Side 2 forced transition at x/c =  1.0000   66

   3   rms: 0.1419E-03   max: 0.2169E-02   D at   84  1
       a = 13.000      CL =  1.4288
      Cm = -0.0332     CD =  0.03481   =>   CDf =  0.00685    CDp =  0.02796

 Side 1  free  transition at x/c =  0.0154   29
 Side 2 forced transition at x/c =  1.0000   66

   4   rms: 0.2969E-05   max: -.2319E-04   C at   66  2
       a = 13.000      CL =  1.4288
      Cm = -0.0332     CD =  0.03481   =>   CDf =  0.00685    CDp =  0.02796
      9.000   10.2132   0.034814   0.019797   0.002042  -0.017756    0.0154     #

 Point added to stored polar  1
 Point written to save file  clarky_re480000_clean.polar                     
 Dump file unspecified or not available
 Calculating wake trajectory ...
 Calculating source influence matrix ...

 Solving BL system ...

 Side 1  free  transition at x/c =  0.0154   29
 Side 2 forced transition at x/c =  1.0000   66

   1   rms: 0.3810E-01   max: 0.1522E+00   T at   29  1   RLX: 0.899
       a = 13.250      CL =  1.4306
      Cm = -0.0321     CD =  0.03698   =>   CDf =  0.00685    CDp =  0.03012

 Side 1  free  transition at x/c =  0.0149   29
 Side 2 forced transition at x/c =  1.0000   66

   2   rms: 0.5574E-02   max: 0.4346E-01   D at   83  1
       a = 13.250      CL =  1.4280
      Cm = -0.0319     CD =  0.03731   =>   CDf =  0.00678    CDp =  0.03053

 Side 1  free  transition at x/c =  0.0149   29
 Side 2 forced transition at x/c =  1.0000   66

   3   rms: 0.2166E-03   max: 0.2036E-02   D at   75  2
       a = 13.250      CL =  1.4279
      Cm = -0.0319     CD =  0.03728   =>   CDf =  0.00676    CDp =  0.03051

 Side 1  free  transition at x/c =  0.0149   29
 Side 2 forced transition at x/c =  1.0000   66

   4   rms: 0.3019E-05   max: 0.2798E-04   D at   75  2
       a = 13.250      CL =  1.4279
      Cm = -0.0319     CD =  0.03728   =>   CDf =  0.00676    CDp =  0.03051
      9.000   10.4277   0.037275   0.019823   0.002137  -0.017686    0.0149     #

 Point added to stored polar  1
 Point written to save file  clarky_re480000_clean.polar                     
 Dump file unspecified or not available
 Calculating wake trajectory ...
 Calculating source influence matrix ...

 Solving BL system ...

 Side 1  free  transition at x/c =  0.0149   29
 Side 2 forced transition at x/c =  1.0000   66

   1   rms: 0.4085E-01   max: 0.1493E+00   D at   80  1   RLX: 0.847
       a = 13.500      CL =  1.4259
      Cm = -0.0310     CD =  0.03981   =>   CDf =  0.00677    CDp =  0.03304

 Side 1  free  transition at x/c =  0.0146   29
 Side 2 forced transition at x/c =  1.0000   66

   2   rms: 0.1037E-01   max: 0.6681E-01   D at   82  1
       a = 13.500      CL =  1.4214
      Cm = -0.0307     CD =  0.04048   =>   CDf =  0.00670    CDp =  0.03378

 Side 1  free  transition at x/c =  0.0145   29
 Side 2 forced transition at x/c =  1.0000   66

   3   rms: 0.5130E-03   max: 0.7558E-02   D at   81  1
       a = 13.500      CL =  1.4211
      Cm = -0.0307     CD =  0.04041   =>   CDf =  0.00667    CDp =  0.03374

 Side 1  free  transition at x/c =  0.0145   29
 Side 2 forced transition at x/c =  1.0000   66

   4   rms: 0.9481E-05   max: 0.1162E-03   D at   81  1
       a = 13.500      CL =  1.4211
      Cm = -0.0307     CD =  0.04041   =>   CDf =  0.00667    CDp =  0.03373
      9.000   10.7157   0.040407   0.019803   0.002279  -0.017524    0.0145     #

 Point added to stored polar  1
 Point written to save file  clarky_re480000_clean.polar                     
 Dump file unspecified or not available
 Calculating wake trajectory ...
 Calculating source influence matrix ...

 Solving BL system ...

 Side 1  free  transition at x/c =  0.0145   29
 Side 2 forced transition at x/c =  1.0000   66

   1   rms: 0.4614E-01   max: 0.1837E+00   D at   79  1   RLX: 0.791
       a = 13.750      CL =  1.4143
      Cm = -0.0300     CD =  0.04351   =>   CDf =  0.00668    CDp =  0.03683

 Side 1  free  transition at x/c =  0.0143   28
 Side 2 forced transition at x/c =  1.0000   66

   2   rms: 0.1135E-01   max: -.7360E-01   D at   28  1
       a = 13.750      CL =  1.4219
      Cm = -0.0300     CD =  0.04292   =>   CDf =  0.00658    CDp =  0.03634

 Side 1  free  transition at x/c =  0.0142   28
 Side 2 forced transition at x/c =  1.0000   66

   3   rms: 0.6397E-03   max: 0.5841E-02   D at   28  1
       a = 13.750      CL =  1.4219
      Cm = -0.0300     CD =  0.04293   =>   CDf =  0.00656    CDp =  0.03637

 Side 1  free  transition at x/c =  0.0142   28
 Side 2 forced transition at x/c =  1.0000   66

   4   rms: 0.2407E-04   max: 0.1001E-03   D at   76  2
       a = 13.750      CL =  1.4218
      Cm = -0.0300     CD =  0.04293   =>   CDf =  0.00656    CDp =  0.03637
      9.000   11.1060   0.042932   0.019725   0.002364  -0.017361    0.0142     #

 Point added to stored polar  1
 Point written to save file  clarky_re480000_clean.polar                     
 Dump file unspecified or not available
 Calculating wake trajectory ...
 Calculating source influence matrix ...

 Solving BL system ...

 Side 1  free  transition at x/c =  0.0142   28
 Side 2 forced transition at x/c =  1.0000   66

   1   rms: 0.3493E-01   max: 0.1239E+00   D at   78  1   RLX: 0.770
       a = 14.000      CL =  1.4233
      Cm = -0.0296     CD =  0.04512   =>   CDf =  0.00657    CDp =  0.03855

 Side 1  free  transition at x/c =  0.0140   28
 Side 2 forced transition at x/c =  1.0000   66

   2   rms: 0.9275E-02   max: 0.4979E-01   D at   79  1
       a = 14.000      CL =  1.4215
      Cm = -0.0294     CD =  0.04577   =>   CDf =  0.00648    CDp =  0.03929

 Side 1  free  transition at x/c =  0.0139   28
 Side 2 forced transition at x/c =  1.0000   66

   3   rms: 0.7225E-03   max: 0.4748E-02   D at   76  2
       a = 14.000      CL =  1.4210
      Cm = -0.0294     CD =  0.04570   =>   CDf =  0.00645    CDp =  0.03925

 Side 1  free  transition at x/c =  0.0139   28
 Side 2 forced transition at x/c =  1.0000   66

   4   rms: 0.1733E-04   max: 0.1208E-03   D at   76  2
       a = 14.000      CL =  1.4210
      Cm = -0.0294     CD =  0.04570   =>   CDf =  0.00645    CDp =  0.03925
      9.000   11.4808   0.045698   0.019620   0.002446  -0.017175    0.0139     #

 Point added to stored polar  1
 Point written to save file  clarky_re480000_clean.polar                     
 Dump file unspecified or not available
 Calculating wake trajectory ...
 Calculating source influence matrix ...

 Solving BL system ...

 Side 1  free  transition at x/c =  0.0139   28
 Side 2 forced transition at x/c =  1.0000   66

   1   rms: 0.3539E-01   max: 0.1331E+00   D at   77  1   RLX: 0.734
       a = 14.250      CL =  1.4208
      Cm = -0.0291     CD =  0.04805   =>   CDf =  0.00601    CDp =  0.04204

 Side 1  free  transition at x/c =  0.0137   29
 Side 2 forced transition at x/c =  1.0000   65

   2   rms: 0.1064E-01   max: 0.5929E-01   D at   79  1
       a = 14.250      CL =  1.4188
      Cm = -0.0290     CD =  0.04887   =>   CDf =  0.00637    CDp =  0.04250

 Side 1  free  transition at x/c =  0.0137   29
 Side 2 forced transition at x/c =  1.0000   65

   3   rms: 0.7719E-03   max: -.5095E-02   D at    4  1
       a = 14.250      CL =  1.4184
      Cm = -0.0289     CD =  0.04877   =>   CDf =  0.00634    CDp =  0.04243

 Side 1  free  transition at x/c =  0.0137   29
 Side 2 forced transition at x/c =  1.0000   65

   4   rms: 0.1481E-04   max: 0.1022E-03   D at   76  2
       a = 14.250      CL =  1.4183
      Cm = -0.0289     CD =  0.04876   =>   CDf =  0.00634    CDp =  0.04243
      9.000   11.8168   0.048765   0.019489   0.002525  -0.016965    0.0137     #

 Point added to stored polar  1
 Point written to save file  clarky_re480000_clean.polar                     
 Dump file unspecified or not available
 Calculating wake trajectory ...
 Calculating source influence matrix ...

 Solving BL system ...

 Side 1  free  transition at x/c =  0.0137   29
 Side 2 forced transition at x/c =  1.0000   65

   1   rms: 0.3551E-01   max: 0.1377E+00   D at   77  1   RLX: 0.701
       a = 14.500      CL =  1.4175
      Cm = -0.0289     CD =  0.05123   =>   CDf =  0.00634    CDp =  0.04489

 Side 1  free  transition at x/c =  0.0135   29
 Side 2 forced transition at x/c =  1.0000   65

   2   rms: 0.1188E-01   max: 0.6410E-01   D at   78  1
       a = 14.500      CL =  1.4151
      Cm = -0.0288     CD =  0.05224   =>   CDf =  0.00627    CDp =  0.04597

 Side 1  free  transition at x/c =  0.0134   29
 Side 2 forced transition at x/c =  1.0000   65

   3   rms: 0.1021E-02   max: 0.7994E-02   D at   77  1
       a = 14.500      CL =  1.4144
      Cm = -0.0288     CD =  0.05212   =>   CDf =  0.00623    CDp =  0.04589

 Side 1  free  transition at x/c =  0.0134   29
 Side 2 forced transition at x/c =  1.0000   65

   4   rms: 0.3931E-04   max: 0.4061E-03   D at   76  2
       a = 14.500      CL =  1.4144
      Cm = -0.0288     CD =  0.05211   =>   CDf =  0.00623    CDp =  0.04588
      9.000   12.1143   0.052114   0.019333   0.002598  -0.016735    0.0134     #

 Point added to stored polar  1
 Point written to save file  clarky_re480000_clean.polar                     
 Dump file unspecified or not available
 Calculating wake trajectory ...
 Calculating source influence matrix ...

 Solving BL system ...

 Side 1  free  transition at x/c =  0.0134   29
 Side 2 forced transition at x/c =  1.0000   65

   1   rms: 0.3595E-01   max: 0.1457E+00   D at   76  1   RLX: 0.669
       a = 14.750      CL =  1.4126
      Cm = -0.0289     CD =  0.05473   =>   CDf =  0.00624    CDp =  0.04849

 Side 1  free  transition at x/c =  0.0132   29
 Side 2 forced transition at x/c =  1.0000   65

   2   rms: 0.1240E-01   max: 0.5959E-01   D at   76  1
       a = 14.750      CL =  1.4103
      Cm = -0.0288     CD =  0.05583   =>   CDf =  0.00617    CDp =  0.04966

 Side 1  free  transition at x/c =  0.0132   29
 Side 2 forced transition at x/c =  1.0000   65

   3   rms: 0.1489E-02   max: 0.1211E-01   D at   76  1
       a = 14.750      CL =  1.4093
      Cm = -0.0288     CD =  0.05574   =>   CDf =  0.00613    CDp =  0.04961

 Side 1  free  transition at x/c =  0.0132   29
 Side 2 forced transition at x/c =  1.0000   65

   4   rms: 0.5609E-04   max: 0.3505E-03   D at   76  2
       a = 14.750      CL =  1.4093
      Cm = -0.0288     CD =  0.05572   =>   CDf =  0.00613    CDp =  0.04959
      9.000   12.3743   0.055722   0.019162   0.002665  -0.016496    0.0132     #

 Point added to stored polar  1
 Point written to save file  clarky_re480000_clean.polar                     
 Dump file unspecified or not available
 Calculating wake trajectory ...
 Calculating source influence matrix ...

 Solving BL system ...

 Side 1  free  transition at x/c =  0.0132   29
 Side 2 forced transition at x/c =  1.0000   65

   1   rms: 0.3572E-01   max: 0.1476E+00   D at   74  1   RLX: 0.639
       a = 15.000      CL =  1.4071
      Cm = -0.0290     CD =  0.05840   =>   CDf =  0.00614    CDp =  0.05227

 Side 1  free  transition at x/c =  0.0130   29
 Side 2 forced transition at x/c =  1.0000   65

   2   rms: 0.1380E-01   max: 0.7055E-01   D at   75  1
       a = 15.000      CL =  1.4041
      Cm = -0.0291     CD =  0.05977   =>   CDf =  0.00608    CDp =  0.05369

 Side 1  free  transition at x/c =  0.0130   29
 Side 2 forced transition at x/c =  1.0000   65

   3   rms: 0.1274E-02   max: 0.6564E-02   D at   77  2
       a = 15.000      CL =  1.4032
      Cm = -0.0291     CD =  0.05959   =>   CDf =  0.00604    CDp =  0.05356

 Side 1  free  transition at x/c =  0.0130   29
 Side 2 forced transition at x/c =  1.0000   65

   4   rms: 0.3332E-04   max: 0.2621E-03   D at   77  2
       a = 15.000      CL =  1.4032
      Cm = -0.0291     CD =  0.05958   =>   CDf =  0.00604    CDp =  0.05354
      9.000   12.6035   0.059578   0.018972   0.002728  -0.016243    0.0130     #

 Point added to stored polar  1
 Point written to save file  clarky_re480000_clean.polar                     
 Dump file unspecified or not available
 Calculating wake trajectory ...
 Calculating source influence matrix ...

 Solving BL system ...

 Side 1  free  transition at x/c =  0.0130   29
 Side 2 forced transition at x/c =  1.0000   65

   1   rms: 0.3526E-01   max: 0.1473E+00   D at   73  1   RLX: 0.612
       a = 15.250      CL =  1.4007
      Cm = -0.0294     CD =  0.06228   =>   CDf =  0.00604    CDp =  0.05624

 Side 1  free  transition at x/c =  0.0129   29
 Side 2 forced transition at x/c =  1.0000   65

   2   rms: 0.1533E-01   max: 0.8083E-01   D at   74  1
       a = 15.250      CL =  1.3970
      Cm = -0.0296     CD =  0.06395   =>   CDf =  0.00599    CDp =  0.05796

 Side 1  free  transition at x/c =  0.0128   29
 Side 2 forced transition at x/c =  1.0000   65

   3   rms: 0.1466E-02   max: 0.1061E-01   D at   77  2
       a = 15.250      CL =  1.3960
      Cm = -0.0295     CD =  0.06370   =>   CDf =  0.00595    CDp =  0.05775

 Side 1  free  transition at x/c =  0.0128   29
 Side 2 forced transition at x/c =  1.0000   65

   4   rms: 0.3482E-04   max: 0.3272E-03   D at   77  2
       a = 15.250      CL =  1.3960
      Cm = -0.0295     CD =  0.06368   =>   CDf =  0.00595    CDp =  0.05773
      9.000   12.8094   0.063680   0.018780   0.002790  -0.015990    0.0128     #

 Point added to stored polar  1
 Point written to save file  clarky_re480000_clean.polar                     
 Dump file unspecified or not available
 Calculating wake trajectory ...
 Calculating source influence matrix ...

 Solving BL system ...

 Side 1  free  transition at x/c =  0.0128   29
 Side 2 forced transition at x/c =  1.0000   65

   1   rms: 0.3571E-01   max: 0.1541E+00   D at   72  1   RLX: 0.585
       a = 15.500      CL =  1.3928
      Cm = -0.0300     CD =  0.06652   =>   CDf =  0.00595    CDp =  0.06057

 Side 1  free  transition at x/c =  0.0127   29
 Side 2 forced transition at x/c =  1.0000   65

   2   rms: 0.1549E-01   max: 0.7184E-01   D at   72  1
       a = 15.500      CL =  1.3889
      Cm = -0.0302     CD =  0.06826   =>   CDf =  0.00590    CDp =  0.06236

 Side 1  free  transition at x/c =  0.0127   29
 Side 2 forced transition at x/c =  1.0000   65

   3   rms: 0.1946E-02   max: 0.1419E-01   D at   72  1
       a = 15.500      CL =  1.3877
      Cm = -0.0302     CD =  0.06805   =>   CDf =  0.00587    CDp =  0.06218

 Side 1  free  transition at x/c =  0.0127   29
 Side 2 forced transition at x/c =  1.0000   65

   4   rms: 0.8299E-04   max: 0.4941E-03   D at   78  2
       a = 15.500      CL =  1.3877
      Cm = -0.0302     CD =  0.06802   =>   CDf =  0.00586    CDp =  0.06216
      9.000   13.0096   0.068021   0.018608   0.002857  -0.015751    0.0127     #

 Point added to stored polar  1
 Point written to save file  clarky_re480000_clean.polar                     
 Dump file unspecified or not available
 Calculating wake trajectory ...
 Calculating source influence matrix ...

 Solving BL system ...

 Side 1  free  transition at x/c =  0.0127   29
 Side 2 forced transition at x/c =  1.0000   65

   1   rms: 0.3555E-01   max: 0.1545E+00   D at   71  1   RLX: 0.560
       a = 15.750      CL =  1.3841
      Cm = -0.0307     CD =  0.07090   =>   CDf =  0.00587    CDp =  0.06504

 Side 1  free  transition at x/c =  0.0126   29
 Side 2 forced transition at x/c =  1.0000   65

   2   rms: 0.1589E-01   max: 0.7200E-01   D at   71  1
       a = 15.750      CL =  1.3800
      Cm = -0.0309     CD =  0.07279   =>   CDf =  0.00583    CDp =  0.06696

 Side 1  free  transition at x/c =  0.0125   29
 Side 2 forced transition at x/c =  1.0000   65

   3   rms: 0.2420E-02   max: 0.1578E-01   D at   71  1
       a = 15.750      CL =  1.3786
      Cm = -0.0309     CD =  0.07257   =>   CDf =  0.00580    CDp =  0.06678

 Side 1  free  transition at x/c =  0.0125   29
 Side 2 forced transition at x/c =  1.0000   65

   4   rms: 0.1186E-03   max: 0.1155E-02   D at   78  2
       a = 15.750      CL =  1.3785
      Cm = -0.0309     CD =  0.07252   =>   CDf =  0.00579    CDp =  0.06673

 Side 1  free  transition at x/c =  0.0125   29
 Side 2 forced transition at x/c =  1.0000   65

   5   rms: 0.6852E-05   max: 0.2282E-04   T at   29  1
       a = 15.750      CL =  1.3785
      Cm = -0.0309     CD =  0.07252   =>   CDf =  0.00579    CDp =  0.06673
      9.000   13.2350   0.072520   0.018500   0.002941  -0.015559    0.0125     #

 Point added to stored polar  1
 Point written to save file  clarky_re480000_clean.polar                     
 Dump file unspecified or not available
 Calculating wake trajectory ...
 Calculating source influence matrix ...

 Solving BL system ...

 Side 1  free  transition at x/c =  0.0125   29
 Side 2 forced transition at x/c =  1.0000   65

   1   rms: 0.3472E-01   max: 0.1469E+00   D at   69  1   RLX: 0.537
       a = 16.000      CL =  1.3748
      Cm = -0.0313     CD =  0.07533   =>   CDf =  0.00534    CDp =  0.06999

 Side 1  free  transition at x/c =  0.0124   30
 Side 2 forced transition at x/c =  1.0000   64

   2   rms: 0.1909E-01   max: 0.1614E+00   T at    2  1
       a = 16.000      CL =  1.3702
      Cm = -0.0315     CD =  0.07735   =>   CDf =  0.00576    CDp =  0.07159

 Side 1  free  transition at x/c =  0.0124   30
 Side 2 forced transition at x/c =  1.0000   64

   3   rms: 0.2338E-02   max: 0.1234E-01   D at   71  1
       a = 16.000      CL =  1.3689
      Cm = -0.0315     CD =  0.07708   =>   CDf =  0.00573    CDp =  0.07135

 Side 1  free  transition at x/c =  0.0124   30
 Side 2 forced transition at x/c =  1.0000   64

   4   rms: 0.9801E-04   max: -.5486E-03   D at   71  1
       a = 16.000      CL =  1.3689
      Cm = -0.0315     CD =  0.07702   =>   CDf =  0.00573    CDp =  0.07130
      9.000   13.5405   0.077022   0.018561   0.003064  -0.015498    0.0124     #

 Point added to stored polar  1
 Point written to save file  clarky_re480000_clean.polar                     
 Dump file unspecified or not available
 Calculating wake trajectory ...
 Calculating source influence matrix ...

 Solving BL system ...

 Side 1  free  transition at x/c =  0.0124   30
 Side 2 forced transition at x/c =  1.0000   64

   1   rms: 0.3429E-01   max: 0.1303E+00   D at   69  1   RLX: 0.516
       a = 16.250      CL =  1.3653
      Cm = -0.0317     CD =  0.07962   =>   CDf =  0.00573    CDp =  0.07388

 Side 1  free  transition at x/c =  0.0123   29
 Side 2 forced transition at x/c =  1.0000   64

   2   rms: 0.1607E-01   max: 0.6994E-01   D at   70  1
       a = 16.250      CL =  1.3668
      Cm = -0.0323     CD =  0.08125   =>   CDf =  0.00568    CDp =  0.07556

 Side 1  free  transition at x/c =  0.0122   29
 Side 2 forced transition at x/c =  1.0000   64

   3   rms: 0.3077E-02   max: 0.2016E-01   D at   70  1
       a = 16.250      CL =  1.3649
      Cm = -0.0323     CD =  0.08109   =>   CDf =  0.00563    CDp =  0.07546

 Side 1  free  transition at x/c =  0.0123   29
 Side 2 forced transition at x/c =  1.0000   64

   4   rms: 0.2902E-03   max: 0.1355E-02   D at   78  2
       a = 16.250      CL =  1.3647
      Cm = -0.0323     CD =  0.08103   =>   CDf =  0.00563    CDp =  0.07541

 Side 1  free  transition at x/c =  0.0123   29
 Side 2 forced transition at x/c =  1.0000   64

   5   rms: 0.1028E-04   max: 0.6756E-04   D at   78  2
       a = 16.250      CL =  1.3647
      Cm = -0.0323     CD =  0.08103   =>   CDf =  0.00563    CDp =  0.07540
      9.000   13.8923   0.081027   0.018465   0.003146  -0.015319    0.0123     #

 Point added to stored polar  1
 Point written to save file  clarky_re480000_clean.polar                     
 Dump file unspecified or not available
 Calculating wake trajectory ...
 Calculating source influence matrix ...

 Solving BL system ...

 Side 1  free  transition at x/c =  0.0123   29
 Side 2 forced transition at x/c =  1.0000   64

   1   rms: 0.2894E-01   max: 0.1169E+00   D at   69  1   RLX: 0.503
       a = 16.500      CL =  1.3644
      Cm = -0.0328     CD =  0.08332   =>   CDf =  0.00563    CDp =  0.07769

 Side 1  free  transition at x/c =  0.0122   29
 Side 2 forced transition at x/c =  1.0000   64

   2   rms: 0.1452E-01   max: 0.6143E-01   D at   69  1
       a = 16.500      CL =  1.3631
      Cm = -0.0333     CD =  0.08528   =>   CDf =  0.00557    CDp =  0.07971

 Side 1  free  transition at x/c =  0.0121   29
 Side 2 forced transition at x/c =  1.0000   64

   3   rms: 0.2782E-02   max: 0.1527E-01   D at   69  1
       a = 16.500      CL =  1.3613
      Cm = -0.0333     CD =  0.08509   =>   CDf =  0.00552    CDp =  0.07957

 Side 1  free  transition at x/c =  0.0121   29
 Side 2 forced transition at x/c =  1.0000   64

   4   rms: 0.1876E-03   max: 0.1490E-02   D at   78  2
       a = 16.500      CL =  1.3612
      Cm = -0.0332     CD =  0.08503   =>   CDf =  0.00552    CDp =  0.07951

 Side 1  free  transition at x/c =  0.0121   29
 Side 2 forced transition at x/c =  1.0000   64

   5   rms: 0.7059E-05   max: -.3010E-04   D at   68  1
       a = 16.500      CL =  1.3612
      Cm = -0.0332     CD =  0.08502   =>   CDf =  0.00552    CDp =  0.07951
      9.000   14.2408   0.085023   0.018337   0.003218  -0.015119    0.0121     #

 Point added to stored polar  1
 Point written to save file  clarky_re480000_clean.polar                     
 Dump file unspecified or not available
 Calculating wake trajectory ...
 Calculating source influence matrix ...

 Solving BL system ...

 Side 1  free  transition at x/c =  0.0121   29
 Side 2 forced transition at x/c =  1.0000   64

   1   rms: 0.2841E-01   max: 0.1161E+00   D at   68  1   RLX: 0.487
       a = 16.750      CL =  1.3607
      Cm = -0.0338     CD =  0.08730   =>   CDf =  0.00552    CDp =  0.08178

 Side 1  free  transition at x/c =  0.0120   29
 Side 2 forced transition at x/c =  1.0000   64

   2   rms: 0.1480E-01   max: 0.6315E-01   D at   68  1
       a = 16.750      CL =  1.3592
      Cm = -0.0343     CD =  0.08940   =>   CDf =  0.00547    CDp =  0.08394

 Side 1  free  transition at x/c =  0.0120   29
 Side 2 forced transition at x/c =  1.0000   64

   3   rms: 0.2398E-02   max: 0.1051E-01   D at   68  1
       a = 16.750      CL =  1.3576
      Cm = -0.0342     CD =  0.08911   =>   CDf =  0.00541    CDp =  0.08370

 Side 1  free  transition at x/c =  0.0120   29
 Side 2 forced transition at x/c =  1.0000   64

   4   rms: 0.1279E-03   max: 0.7007E-03   D at   77  2
       a = 16.750      CL =  1.3575
      Cm = -0.0342     CD =  0.08905   =>   CDf =  0.00541    CDp =  0.08364

 Side 1  free  transition at x/c =  0.0120   29
 Side 2 forced transition at x/c =  1.0000   64

   5   rms: 0.6492E-05   max: -.2507E-04   D at   67  1
       a = 16.750      CL =  1.3575
      Cm = -0.0342     CD =  0.08905   =>   CDf =  0.00541    CDp =  0.08364
      9.000   14.5919   0.089049   0.018251   0.003296  -0.014955    0.0120     #

 Point added to stored polar  1
 Point written to save file  clarky_re480000_clean.polar                     
 Dump file unspecified or not available
 Calculating wake trajectory ...
 Calculating source influence matrix ...

 Solving BL system ...

 Side 1  free  transition at x/c =  0.0120   29
 Side 2 forced transition at x/c =  1.0000   64

   1   rms: 0.2763E-01   max: 0.1111E+00   D at   67  1   RLX: 0.472
       a = 17.000      CL =  1.3571
      Cm = -0.0348     CD =  0.09125   =>   CDf =  0.00542    CDp =  0.08584

 Side 1  free  transition at x/c =  0.0119   29
 Side 2 forced transition at x/c =  1.0000   64

   2   rms: 0.1508E-01   max: 0.6472E-01   D at   67  1
       a = 17.000      CL =  1.3555
      Cm = -0.0353     CD =  0.09352   =>   CDf =  0.00537    CDp =  0.08815

 Side 1  free  transition at x/c =  0.0118   29
 Side 2 forced transition at x/c =  1.0000   64

   3   rms: 0.2275E-02   max: 0.9312E-02   D at   79  2
       a = 17.000      CL =  1.3540
      Cm = -0.0353     CD =  0.09316   =>   CDf =  0.00532    CDp =  0.08784

 Side 1  free  transition at x/c =  0.0118   29
 Side 2 forced transition at x/c =  1.0000   64

   4   rms: 0.1068E-03   max: 0.6924E-03   D at   79  2
       a = 17.000      CL =  1.3539
      Cm = -0.0353     CD =  0.09309   =>   CDf =  0.00531    CDp =  0.08778

 Side 1  free  transition at x/c =  0.0118   29
 Side 2 forced transition at x/c =  1.0000   64

   5   rms: 0.1059E-04   max: -.3617E-04   D at   80  2
       a = 17.000      CL =  1.3539
      Cm = -0.0353     CD =  0.09309   =>   CDf =  0.00531    CDp =  0.08777
      9.000   14.9442   0.093087   0.018200   0.003378  -0.014823    0.0118     #

 Point added to stored polar  1
 Point written to save file  clarky_re480000_clean.polar                     
 Dump file unspecified or not available
 Calculating wake trajectory ...
 Calculating source influence matrix ...

 Solving BL system ...

 Side 1  free  transition at x/c =  0.0118   29
 Side 2 forced transition at x/c =  1.0000   64

   1   rms: 0.2659E-01   max: 0.1005E+00   D at   66  1   RLX: 0.459
       a = 17.250      CL =  1.3540
      Cm = -0.0357     CD =  0.09514   =>   CDf =  0.00532    CDp =  0.08983

 Side 1  free  transition at x/c =  0.0118   29
 Side 2 forced transition at x/c =  1.0000   64

   2   rms: 0.1509E-01   max: 0.6680E-01   D at   67  1
       a = 17.250      CL =  1.3525
      Cm = -0.0364     CD =  0.09750   =>   CDf =  0.00528    CDp =  0.09222

 Side 1  free  transition at x/c =  0.0117   29
 Side 2 forced transition at x/c =  1.0000   64

   3   rms: 0.2826E-02   max: 0.1125E-01   D at   67  1
       a = 17.250      CL =  1.3507
      Cm = -0.0364     CD =  0.09719   =>   CDf =  0.00522    CDp =  0.09197

 Side 1  free  transition at x/c =  0.0117   29
 Side 2 forced transition at x/c =  1.0000   64

   4   rms: 0.1757E-03   max: 0.1351E-02   D at   79  2
       a = 17.250      CL =  1.3507
      Cm = -0.0364     CD =  0.09709   =>   CDf =  0.00522    CDp =  0.09187

 Side 1  free  transition at x/c =  0.0117   29
 Side 2 forced transition at x/c =  1.0000   64

   5   rms: 0.1817E-04   max: -.5529E-04   D at   81  2
       a = 17.250      CL =  1.3507
      Cm = -0.0364     CD =  0.09709   =>   CDf =  0.00522    CDp =  0.09187
      9.000   15.2953   0.097092   0.018184   0.003463  -0.014721    0.0117     #

 Point added to stored polar  1
 Point written to save file  clarky_re480000_clean.polar                     
 Dump file unspecified or not available
 Calculating wake trajectory ...
 Calculating source influence matrix ...

 Solving BL system ...

 Side 1  free  transition at x/c =  0.0117   29
 Side 2 forced transition at x/c =  1.0000   64

   1   rms: 0.2606E-01   max: 0.9677E-01   D at   65  1   RLX: 0.446
       a = 17.500      CL =  1.3508
      Cm = -0.0368     CD =  0.09909   =>   CDf =  0.00522    CDp =  0.09387

 Side 1  free  transition at x/c =  0.0116   29
 Side 2 forced transition at x/c =  1.0000   64

   2   rms: 0.1460E-01   max: 0.5796E-01   D at   66  1
       a = 17.500      CL =  1.3500
      Cm = -0.0374     CD =  0.10132   =>   CDf =  0.00519    CDp =  0.09613

 Side 1  free  transition at x/c =  0.0115   29
 Side 2 forced transition at x/c =  1.0000   64

   3   rms: 0.3081E-02   max: 0.1531E-01   D at   66  1
       a = 17.500      CL =  1.3482
      Cm = -0.0374     CD =  0.10107   =>   CDf =  0.00514    CDp =  0.09594

 Side 1  free  transition at x/c =  0.0116   29
 Side 2 forced transition at x/c =  1.0000   64

   4   rms: 0.2106E-03   max: 0.1118E-02   D at   79  2
       a = 17.500      CL =  1.3481
      Cm = -0.0374     CD =  0.10097   =>   CDf =  0.00513    CDp =  0.09584

 Side 1  free  transition at x/c =  0.0116   29
 Side 2 forced transition at x/c =  1.0000   64

   5   rms: 0.1671E-04   max: -.6286E-04   D at   65  1
       a = 17.500      CL =  1.3481
      Cm = -0.0374     CD =  0.10097   =>   CDf =  0.00513    CDp =  0.09583
      9.000   15.6452   0.100967   0.018243   0.003553  -0.014690    0.0116     #

 Point added to stored polar  1
 Point written to save file  clarky_re480000_clean.polar                     
 Dump file unspecified or not available
 Calculating wake trajectory ...
 Calculating source influence matrix ...

 Solving BL system ...

 Side 1  free  transition at x/c =  0.0116   29
 Side 2 forced transition at x/c =  1.0000   64

   1   rms: 0.2560E-01   max: 0.9373E-01   D at   65  1   RLX: 0.434
       a = 17.750      CL =  1.3483
      Cm = -0.0379     CD =  0.10290   =>   CDf =  0.00469    CDp =  0.09821

 Side 1  free  transition at x/c =  0.0115   30
 Side 2 forced transition at x/c =  1.0000   63

   2   rms: 0.1588E-01   max: 0.1006E+00   D at    2  1
       a = 17.750      CL =  1.3477
      Cm = -0.0385     CD =  0.10523   =>   CDf =  0.00510    CDp =  0.10013

 Side 1  free  transition at x/c =  0.0114   30
 Side 2 forced transition at x/c =  1.0000   63

   3   rms: 0.2644E-02   max: 0.9647E-02   D at   82  2
       a = 17.750      CL =  1.3460
      Cm = -0.0385     CD =  0.10488   =>   CDf =  0.00505    CDp =  0.09982

 Side 1  free  transition at x/c =  0.0114   30
 Side 2 forced transition at x/c =  1.0000   63

   4   rms: 0.1515E-03   max: 0.8086E-03   D at   79  2
       a = 17.750      CL =  1.3460
      Cm = -0.0385     CD =  0.10478   =>   CDf =  0.00505    CDp =  0.09972

 Side 1  free  transition at x/c =  0.0114   30
 Side 2 forced transition at x/c =  1.0000   63

   5   rms: 0.1890E-04   max: -.6120E-04   D at   80  2
       a = 17.750      CL =  1.3460
      Cm = -0.0385     CD =  0.10477   =>   CDf =  0.00505    CDp =  0.09972
      9.000   15.9873   0.104773   0.018330   0.003645  -0.014684    0.0114     #

 Point added to stored polar  1
 Point written to save file  clarky_re480000_clean.polar                     
 Dump file unspecified or not available
 Calculating wake trajectory ...
 Calculating source influence matrix ...

 Solving BL system ...

 Side 1  free  transition at x/c =  0.0114   30
 Side 2 forced transition at x/c =  1.0000   63

   1   rms: 0.2498E-01   max: 0.8405E-01   D at   65  1   RLX: 0.423
       a = 18.000      CL =  1.3466
      Cm = -0.0389     CD =  0.10656   =>   CDf =  0.00506    CDp =  0.10150

 Side 1  free  transition at x/c =  0.0113   30
 Side 2 forced transition at x/c =  1.0000   63

   2   rms: 0.1455E-01   max: 0.5522E-01   D at   66  1
       a = 18.000      CL =  1.3466
      Cm = -0.0396     CD =  0.10886   =>   CDf =  0.00502    CDp =  0.10384

 Side 1  free  transition at x/c =  0.0112   30
 Side 2 forced transition at x/c =  1.0000   63

   3   rms: 0.3316E-02   max: 0.1477E-01   D at   66  1
       a = 18.000      CL =  1.3446
      Cm = -0.0397     CD =  0.10862   =>   CDf =  0.00498    CDp =  0.10364

 Side 1  free  transition at x/c =  0.0113   30
 Side 2 forced transition at x/c =  1.0000   63

   4   rms: 0.2182E-03   max: 0.1172E-02   D at   82  2
       a = 18.000      CL =  1.3445
      Cm = -0.0396     CD =  0.10849   =>   CDf =  0.00498    CDp =  0.10351

 Side 1  free  transition at x/c =  0.0113   30
 Side 2 forced transition at x/c =  1.0000   63

   5   rms: 0.2674E-04   max: -.7972E-04   D at   65  1
       a = 18.000      CL =  1.3446
      Cm = -0.0396     CD =  0.10848   =>   CDf =  0.00498    CDp =  0.10351
      9.000   16.3108   0.108482   0.018453   0.003739  -0.014714    0.0113     #

 Point added to stored polar  1
 Point written to save file  clarky_re480000_clean.polar                     
 Dump file unspecified or not available

.OPERva   c>  
 Polar accumulation disabled

.OPERv   c>  
 XFOIL   c>  
--- STDERR ---
