
 ===================================================
  XFOIL Version 6.99
  Copyright (C) 2000   Mark Drela, Harold Youngren

  This software comes with ABSOLUTELY NO WARRANTY,
    subject to the GNU General Public License.

  Caveat computor
 ===================================================

 File  xfoil.def  not found

   QUIT    Exit program

  .OPER    Direct operating point(s)
  .MDES    Complex mapping design routine
  .QDES    Surface speed design routine
  .GDES    Geometry design routine

   SAVE f  Write airfoil to labeled coordinate file
   PSAV f  Write airfoil to plain coordinate file
   ISAV f  Write airfoil to ISES coordinate file
   MSAV f  Write airfoil to MSES coordinate file
   REVE    Reverse written-airfoil node ordering
   DELI i  Change written-airfoil file delimiters

   LOAD f  Read buffer airfoil from coordinate file
   NACA i  Set NACA 4,5-digit airfoil and buffer airfoil
   INTE    Set buffer airfoil by interpolating two airfoils
   NORM    Buffer airfoil normalization toggle
   HALF    Halve the number of points in buffer airfoil
   XYCM rr Change CM reference location, currently  0.25000 0.00000

   BEND    Display structural properties of current airfoil

   PCOP    Set current-airfoil panel nodes directly from buffer airfoil points
   PANE    Set current-airfoil panel nodes ( 160 ) based on curvature
  .PPAR    Show/change paneling

  .PLOP    Plotting options

   WDEF f  Write  current-settings file
   RDEF f  Reread current-settings file
   NAME s  Specify new airfoil name
   NINC    Increment name version number

   Z       Zoom    | (available in all menus)
   U       Unzoom  | 

 XFOIL   c>  
 Labeled airfoil file.  Name:  Clark Y generated XFOIL input; source clarky.dat

 Number of input coordinate points: 122
 Counterclockwise ordering
 Max thickness =     0.117071  at x =   0.280
 Max camber    =     0.034331  at x =   0.420

  LE  x,y  =   0.00000   0.00000  |   Chord =   1.00000
  TE  x,y  =   1.00000   0.00000  |

 Current airfoil nodes set from buffer airfoil nodes ( 121 )

 XFOIL   c>  
 Sharp leading edge

 Blunt trailing edge.  Gap =  0.00120

 Paneling parameters used...
   Number of panel nodes       160
   Panel bunching parameter    1.000
   TE/LE panel density ratio   0.150
   Refined-area/LE panel density ratio    0.200
   Top    side refined area x/c limits  1.000 1.000
   Bottom side refined area x/c limits  1.000 1.000

 XFOIL   c>  
.OPERi   c>  
 M  =    0.0000
 Re =  0.1500E+06

.OPERv   c>  
 Xtr/c     =  1.0000    top    side
 Xtr/c     =  1.0000    bottom side
 NcritT    =    9.00   ( 0.070 % turb. level )
 NcritB    =    9.00   ( 0.070 % turb. level )
 Vacc      =  0.0100
 WakeL/c   =   1.000

 Klag  =  5.6000     Uxwt  =    1.00       Kdl =  0.9000
 A     =  6.7000     B     =  0.7500       KCt = 0.01485
 CtiniK=  1.8000     CtiniX=  3.3000

..VPAR   c>  
..VPAR   c>  
.OPERv   c>  
.OPERv   c>  
 Polar  1 newly created for accumulation
 Airfoil archived with polar: Clark Y generated XFOIL input; source clarky.dat

Enter  polar save filename  OR  <return> for no file   s>  
 New polar save file available

Enter  polar dump filename  OR  <return> for no file   s>  
 Polar dump file will NOT be written

 Polar accumulation enabled

.OPERva   c>   Calculating unit vorticity distributions ...
 Calculating wake trajectory ...
 Calculating source influence matrix ...

 Solving BL system ...

 Initializing BL ...
    side            1  ...
 MRCHUE: Inverse mode at  58     Hk =   3.825
 MRCHUE: Inverse mode at  59     Hk =   4.218
 MRCHUE: Inverse mode at  60     Hk =   4.601
 MRCHUE: Inverse mode at  61     Hk =   4.977
 MRCHUE: Inverse mode at  62     Hk =   5.345
 MRCHUE: Inverse mode at  63     Hk =   5.708
 MRCHUE: Inverse mode at  64     Hk =   6.064
 MRCHUE: Inverse mode at  65     Hk =   6.415
 MRCHUE: Inverse mode at  66     Hk =   6.760
 MRCHUE: Inverse mode at  67     Hk =   5.740
 MRCHUE: Inverse mode at  68     Hk =   4.349
 MRCHUE: Inverse mode at  69     Hk =   3.291
 MRCHUE: Inverse mode at  70     Hk =   2.500
 MRCHUE: Inverse mode at  71     Hk =   2.500
 MRCHUE: Inverse mode at  72     Hk =   2.500
    side            2  ...
 MRCHUE: Inverse mode at  23     Hk =   3.800
 MRCHUE: Inverse mode at  24     Hk =   4.228
 MRCHUE: Inverse mode at  25     Hk =   4.640
 MRCHUE: Convergence failed at  26  side 2    Res =  0.4662E+02
 MRCHUE: Inverse mode at  27     Hk =   5.053
 MRCHUE: Inverse mode at  28     Hk =   5.460
 MRCHUE: Convergence failed at  28  side 2    Res =  0.2481E-01
 MRCHUE: Inverse mode at  29     Hk =   5.869
 MRCHUE: Convergence failed at  30  side 2    Res =  0.1784E+01
 MRCHUE: Inverse mode at  31     Hk =   6.290
 MRCHUE: Inverse mode at  32     Hk =   6.716
 MRCHUE: Inverse mode at  33     Hk =   5.477
 MRCHUE: Inverse mode at  34     Hk =   3.632
 MRCHUE: Inverse mode at  35     Hk =   2.500
 MRCHUE: Inverse mode at  91     Hk =   2.500

 MRCHDU: Convergence failed at  30  side 2    Res =  0.4790E+01
 MRCHDU: Convergence failed at  31  side 2    Res =  0.1234E+02
 MRCHDU: Convergence failed at  32  side 2    Res =  0.1213E+02
 MRCHDU: Convergence failed at  33  side 2    Res =  0.2613E+02
 MRCHDU: Convergence failed at  34  side 2    Res =  0.6389E+01
 MRCHDU: Convergence failed at  35  side 2    Res =  0.2381E+02
 MRCHDU: Convergence failed at  36  side 2    Res =  0.2771E+02
 MRCHDU: Convergence failed at  37  side 2    Res =  0.2500E+02
 MRCHDU: Convergence failed at  38  side 2    Res =  0.2156E+02
 MRCHDU: Convergence failed at  39  side 2    Res =  0.2145E+02
 MRCHDU: Convergence failed at  40  side 2    Res =  0.2415E+02
 MRCHDU: Convergence failed at  41  side 2    Res =  0.3380E+02
 MRCHDU: Convergence failed at  42  side 2    Res =  0.8173E+02
 MRCHDU: Convergence failed at  43  side 2    Res =  0.8092E+02
 MRCHDU: Convergence failed at  44  side 2    Res =  0.9164E+02
 MRCHDU: Convergence failed at  45  side 2    Res =  0.8762E+02
 MRCHDU: Convergence failed at  46  side 2    Res =  0.1039E+03
 MRCHDU: Convergence failed at  47  side 2    Res =  0.2360E+03
 MRCHDU: Convergence failed at  48  side 2    Res =  0.1727E+05
 MRCHDU: Convergence failed at  49  side 2    Res =  0.7608E+03
 MRCHDU: Convergence failed at  50  side 2    Res =  0.2135E+03
 MRCHDU: Convergence failed at  51  side 2    Res =  0.3140E+03
 MRCHDU: Convergence failed at  52  side 2    Res =  0.1552E+04
 MRCHDU: Convergence failed at  53  side 2    Res =  0.4857E+03
 MRCHDU: Convergence failed at  54  side 2    Res =  0.1598E+03
 MRCHDU: Convergence failed at  55  side 2    Res =  0.1239E+03
 MRCHDU: Convergence failed at  56  side 2    Res =  0.1681E+03
 MRCHDU: Convergence failed at  57  side 2    Res =  0.2470E+03
 MRCHDU: Convergence failed at  58  side 2    Res =  0.3448E+03
 MRCHDU: Convergence failed at  59  side 2    Res =  0.9192E+03
 MRCHDU: Convergence failed at  60  side 2    Res =  0.1450E+04
 MRCHDU: Convergence failed at  61  side 2    Res =  0.3883E+03
 MRCHDU: Convergence failed at  62  side 2    Res =  0.2300E+03
 MRCHDU: Convergence failed at  63  side 2    Res =  0.1658E+03
 MRCHDU: Convergence failed at  64  side 2    Res =  0.1311E+03
 MRCHDU: Convergence failed at  65  side 2    Res =  0.1094E+03
 MRCHDU: Convergence failed at  66  side 2    Res =  0.9455E+02
 MRCHDU: Convergence failed at  67  side 2    Res =  0.8362E+02
 MRCHDU: Convergence failed at  68  side 2    Res =  0.7521E+02
 MRCHDU: Convergence failed at  69  side 2    Res =  0.6852E+02
 MRCHDU: Convergence failed at  70  side 2    Res =  0.6304E+02
 MRCHDU: Convergence failed at  71  side 2    Res =  0.5844E+02
 MRCHDU: Convergence failed at  72  side 2    Res =  0.5454E+02
 MRCHDU: Convergence failed at  73  side 2    Res =  0.5116E+02
 MRCHDU: Convergence failed at  74  side 2    Res =  0.2652E+02
 MRCHDU: Convergence failed at  75  side 2    Res =  0.1270E+04
 MRCHDU: Convergence failed at  76  side 2    Res =  0.3794E+02
 MRCHDU: Convergence failed at  77  side 2    Res =  0.4011E+02
 MRCHDU: Convergence failed at  78  side 2    Res =  0.4257E+02
 MRCHDU: Convergence failed at  79  side 2    Res =  0.4538E+02
 MRCHDU: Convergence failed at  80  side 2    Res =  0.4866E+02
 MRCHDU: Convergence failed at  81  side 2    Res =  0.5257E+02
 MRCHDU: Convergence failed at  82  side 2    Res =  0.5739E+02
 MRCHDU: Convergence failed at  83  side 2    Res =  0.6353E+02
 MRCHDU: Convergence failed at  84  side 2    Res =  0.7173E+02
 MRCHDU: Convergence failed at  85  side 2    Res =  0.8349E+02
 MRCHDU: Convergence failed at  86  side 2    Res =  0.6812E+02
 MRCHDU: Convergence failed at  87  side 2    Res =  0.8700E+02
 MRCHDU: Convergence failed at  88  side 2    Res =  0.1296E+03
 MRCHDU: Convergence failed at  89  side 2    Res =  0.3442E+03
 MRCHDU: Convergence failed at  90  side 2    Res =  0.4945E+02
 MRCHDU: Convergence failed at  91  side 2    Res =  0.2938E+02
 Side 1  free  transition at x/c =  0.9011   67
 Side 2  free  transition at x/c =  0.0555   33

   1   rms: 0.1179E+01   max: 0.2694E+01   D at   93  2   RLX: 0.398
       a = -6.000      CL = -1.5488
      Cm =  0.3001     CD =  0.00572   =>   CDf =  0.00359    CDp =  0.00213

 Side 1  free  transition at x/c =  0.9252   68
 Side 2  free  transition at x/c =  0.0493   32

   2   rms: 0.6042E+00   max: 0.7491E+00   D at   97  2   RLX: 0.406
       a = -6.000      CL = -0.9689
      Cm =  0.1203     CD =  0.01011   =>   CDf =  0.01553    CDp = -0.00543

 Side 1  free  transition at x/c =  0.9279   68
 Side 2  free  transition at x/c =  0.0470   31

   3   rms: 0.3916E+00   max: 0.6269E+00   D at   99  2   RLX: 0.751
       a = -6.000      CL = -0.4536
      Cm = -0.0377     CD =  0.01510   =>   CDf =  0.01259    CDp =  0.00251

 Side 1  free  transition at x/c =  0.9296   68
 Side 2  free  transition at x/c =  0.0455   31

   4   rms: 0.1211E+00   max: 0.2429E+00   D at  103  2
       a = -6.000      CL = -0.2864
      Cm = -0.0847     CD =  0.02146   =>   CDf =  0.00927    CDp =  0.01219

 Side 1  free  transition at x/c =  0.9298   68
 Side 2  free  transition at x/c =  0.0452   31

   5   rms: 0.3226E-02   max: 0.9619E-02   D at   34  2
       a = -6.000      CL = -0.2838
      Cm = -0.0849     CD =  0.02225   =>   CDf =  0.00816    CDp =  0.01409

 Side 1  free  transition at x/c =  0.9300   68
 Side 2  free  transition at x/c =  0.0452   31

   6   rms: 0.2360E-04   max: -.1335E-03   T at   68  1
       a = -6.000      CL = -0.2838
      Cm = -0.0849     CD =  0.02225   =>   CDf =  0.00817    CDp =  0.01408
      5.000    5.6920   0.022253   0.003502   0.005095   0.001593    0.9300     #

 Point added to stored polar  1
 Point written to save file  clarky_re150000_realistic_model.polar           
 Dump file unspecified or not available
 Calculating wake trajectory ...
 Calculating source influence matrix ...

 Solving BL system ...

 Side 1  free  transition at x/c =  0.9300   68
 Side 2  free  transition at x/c =  0.0452   31

   1   rms: 0.3994E-01   max: -.7576E-01   T at   31  2
       a = -5.750      CL = -0.2665
      Cm = -0.0829     CD =  0.02144   =>   CDf =  0.00817    CDp =  0.01327

 Side 1  free  transition at x/c =  0.9179   68
 Side 2  free  transition at x/c =  0.0460   31

   2   rms: 0.1515E-01   max: -.1037E+00   D at   71  1
       a = -5.750      CL = -0.2586
      Cm = -0.0845     CD =  0.02129   =>   CDf =  0.00830    CDp =  0.01299

 Side 1  free  transition at x/c =  0.9220   68
 Side 2  free  transition at x/c =  0.0461   31

   3   rms: 0.1130E-02   max: -.1014E-01   D at   69  1
       a = -5.750      CL = -0.2582
      Cm = -0.0845     CD =  0.02131   =>   CDf =  0.00833    CDp =  0.01298

 Side 1  free  transition at x/c =  0.9223   68
 Side 2  free  transition at x/c =  0.0461   31

   4   rms: 0.2475E-04   max: 0.1894E-03   D at   34  2
       a = -5.750      CL = -0.2582
      Cm = -0.0845     CD =  0.02131   =>   CDf =  0.00833    CDp =  0.01298
      5.000    5.6935   0.021311   0.003518   0.005081   0.001563    0.9223     #

 Point added to stored polar  1
 Point written to save file  clarky_re150000_realistic_model.polar           
 Dump file unspecified or not available
 Calculating wake trajectory ...
 Calculating source influence matrix ...

 Solving BL system ...

 Side 1  free  transition at x/c =  0.9223   68
 Side 2  free  transition at x/c =  0.0461   31

   1   rms: 0.4905E-01   max: -.1027E+00   D at   38  2
       a = -5.500      CL = -0.2290
      Cm = -0.0849     CD =  0.02030   =>   CDf =  0.00846    CDp =  0.01184

 Side 1  free  transition at x/c =  0.9162   69
 Side 2  free  transition at x/c =  0.0475   31

   2   rms: 0.8086E-02   max: 0.4494E-01   D at    3  1
       a = -5.500      CL = -0.2271
      Cm = -0.0852     CD =  0.02036   =>   CDf =  0.00855    CDp =  0.01180

 Side 1  free  transition at x/c =  0.9173   69
 Side 2  free  transition at x/c =  0.0475   31

   3   rms: 0.5605E-03   max: 0.6241E-02   D at    4  1
       a = -5.500      CL = -0.2271
      Cm = -0.0852     CD =  0.02036   =>   CDf =  0.00854    CDp =  0.01182

 Side 1  free  transition at x/c =  0.9172   69
 Side 2  free  transition at x/c =  0.0475   31

   4   rms: 0.1743E-05   max: 0.7222E-05   D at   45  2
       a = -5.500      CL = -0.2271
      Cm = -0.0852     CD =  0.02036   =>   CDf =  0.00854    CDp =  0.01182
      5.000    5.5961   0.020364   0.003548   0.004962   0.001414    0.9172     #

 Point added to stored polar  1
 Point written to save file  clarky_re150000_realistic_model.polar           
 Dump file unspecified or not available
 Calculating wake trajectory ...
 Calculating source influence matrix ...

 Solving BL system ...

 Side 1  free  transition at x/c =  0.9172   69
 Side 2  free  transition at x/c =  0.0475   31

   1   rms: 0.4977E-01   max: -.2141E+00   T at   31  2
       a = -5.250      CL = -0.1953
      Cm = -0.0863     CD =  0.01951   =>   CDf =  0.00854    CDp =  0.01096

 Side 1  free  transition at x/c =  0.9129   68
 Side 2  free  transition at x/c =  0.0488   31

   2   rms: 0.1269E-01   max: -.7965E-01   D at   31  2
       a = -5.250      CL = -0.1932
      Cm = -0.0866     CD =  0.01959   =>   CDf =  0.00853    CDp =  0.01106

 Side 1  free  transition at x/c =  0.9142   69
 Side 2  free  transition at x/c =  0.0489   31

   3   rms: 0.3906E-02   max: 0.2921E-01   D at   70  1
       a = -5.250      CL = -0.1942
      Cm = -0.0864     CD =  0.01962   =>   CDf =  0.00853    CDp =  0.01108

 Side 1  free  transition at x/c =  0.9134   69
 Side 2  free  transition at x/c =  0.0489   31

   4   rms: 0.7345E-04   max: -.4655E-03   D at   73  1
       a = -5.250      CL = -0.1943
      Cm = -0.0864     CD =  0.01962   =>   CDf =  0.00853    CDp =  0.01108
      5.000    5.4461   0.019618   0.003583   0.004862   0.001279    0.9134     #

 Point added to stored polar  1
 Point written to save file  clarky_re150000_realistic_model.polar           
 Dump file unspecified or not available
 Calculating wake trajectory ...
 Calculating source influence matrix ...

 Solving BL system ...

 Side 1  free  transition at x/c =  0.9134   69
 Side 2  free  transition at x/c =  0.0489   31

   1   rms: 0.4894E-01   max: -.1562E+00   T at   31  2
       a = -5.000      CL = -0.1609
      Cm = -0.0876     CD =  0.01888   =>   CDf =  0.00865    CDp =  0.01022

 Side 1  free  transition at x/c =  0.9101   69
 Side 2  free  transition at x/c =  0.0503   30

   2   rms: 0.1676E-01   max: 0.1052E+00   D at   71  1
       a = -5.000      CL = -0.1737
      Cm = -0.0850     CD =  0.01909   =>   CDf =  0.00862    CDp =  0.01046

 Side 1  free  transition at x/c =  0.9026   69
 Side 2  free  transition at x/c =  0.0502   30

   3   rms: 0.5687E-02   max: -.3950E-01   D at   71  1
       a = -5.000      CL = -0.1704
      Cm = -0.0856     CD =  0.01902   =>   CDf =  0.00859    CDp =  0.01043

 Side 1  free  transition at x/c =  0.9046   69
 Side 2  free  transition at x/c =  0.0503   30

   4   rms: 0.2170E-03   max: -.1526E-02   D at   70  1
       a = -5.000      CL = -0.1703
      Cm = -0.0857     CD =  0.01902   =>   CDf =  0.00859    CDp =  0.01043

 Side 1  free  transition at x/c =  0.9046   69
 Side 2  free  transition at x/c =  0.0503   30

   5   rms: 0.2879E-05   max: 0.2727E-04   D at   32  2
       a = -5.000      CL = -0.1703
      Cm = -0.0857     CD =  0.01902   =>   CDf =  0.00859    CDp =  0.01043
      5.000    5.4132   0.019020   0.003594   0.004867   0.001274    0.9046     #

 Point added to stored polar  1
 Point written to save file  clarky_re150000_realistic_model.polar           
 Dump file unspecified or not available
 Calculating wake trajectory ...
 Calculating source influence matrix ...

 Solving BL system ...

 Side 1  free  transition at x/c =  0.9046   69
 Side 2  free  transition at x/c =  0.0503   30

   1   rms: 0.4578E-01   max: -.1095E+00   T at   30  2
       a = -4.750      CL = -0.1423
      Cm = -0.0857     CD =  0.01832   =>   CDf =  0.00859    CDp =  0.00972

 Side 1  free  transition at x/c =  0.8975   69
 Side 2  free  transition at x/c =  0.0515   30

   2   rms: 0.7972E-02   max: -.4683E-01   D at   32  2
       a = -4.750      CL = -0.1403
      Cm = -0.0860     CD =  0.01830   =>   CDf =  0.00870    CDp =  0.00960

 Side 1  free  transition at x/c =  0.8988   69
 Side 2  free  transition at x/c =  0.0517   30

   3   rms: 0.1656E-03   max: 0.1763E-02   D at   32  2
       a = -4.750      CL = -0.1404
      Cm = -0.0860     CD =  0.01831   =>   CDf =  0.00869    CDp =  0.00962

 Side 1  free  transition at x/c =  0.8988   69
 Side 2  free  transition at x/c =  0.0517   30

   4   rms: 0.2883E-05   max: 0.1202E-04   D at   44  2
       a = -4.750      CL = -0.1404
      Cm = -0.0860     CD =  0.01831   =>   CDf =  0.00869    CDp =  0.00962
      5.000    5.3260   0.018307   0.003622   0.004816   0.001194    0.8988     #

 Point added to stored polar  1
 Point written to save file  clarky_re150000_realistic_model.polar           
 Dump file unspecified or not available
 Calculating wake trajectory ...
 Calculating source influence matrix ...

 Solving BL system ...

 Side 1  free  transition at x/c =  0.8988   69
 Side 2  free  transition at x/c =  0.0517   30

   1   rms: 0.4929E-01   max: -.1108E+00   D at   35  2
       a = -4.500      CL = -0.1093
      Cm = -0.0866     CD =  0.01758   =>   CDf =  0.00869    CDp =  0.00889

 Side 1  free  transition at x/c =  0.8941   68
 Side 2  free  transition at x/c =  0.0534   31

   2   rms: 0.1457E-01   max: 0.1571E+00   D at   32  2
       a = -4.500      CL = -0.1093
      Cm = -0.0866     CD =  0.01764   =>   CDf =  0.00871    CDp =  0.00894

 Side 1  free  transition at x/c =  0.8942   68
 Side 2  free  transition at x/c =  0.0531   31

   3   rms: 0.1131E-02   max: 0.1444E-01   D at   32  2
       a = -4.500      CL = -0.1093
      Cm = -0.0866     CD =  0.01765   =>   CDf =  0.00871    CDp =  0.00893

 Side 1  free  transition at x/c =  0.8941   68
 Side 2  free  transition at x/c =  0.0531   31

   4   rms: 0.5178E-05   max: 0.6682E-04   D at   32  2
       a = -4.500      CL = -0.1093
      Cm = -0.0866     CD =  0.01765   =>   CDf =  0.00872    CDp =  0.00893
      5.000    5.1810   0.017647   0.003654   0.004737   0.001083    0.8941     #

 Point added to stored polar  1
 Point written to save file  clarky_re150000_realistic_model.polar           
 Dump file unspecified or not available
 Calculating wake trajectory ...
 Calculating source influence matrix ...

 Solving BL system ...

 Side 1  free  transition at x/c =  0.8941   68
 Side 2  free  transition at x/c =  0.0531   31

   1   rms: 0.3833E-01   max: -.1175E+00   T at   31  2
       a = -4.250      CL = -0.0919
      Cm = -0.0847     CD =  0.01729   =>   CDf =  0.00882    CDp =  0.00847

 Side 1  free  transition at x/c =  0.8809   69
 Side 2  free  transition at x/c =  0.0545   30

   2   rms: 0.1296E-01   max: -.9318E-01   D at   71  1
       a = -4.250      CL = -0.0845
      Cm = -0.0861     CD =  0.01719   =>   CDf =  0.00873    CDp =  0.00846

 Side 1  free  transition at x/c =  0.8851   69
 Side 2  free  transition at x/c =  0.0549   30

   3   rms: 0.8727E-03   max: -.7030E-02   D at   70  1
       a = -4.250      CL = -0.0850
      Cm = -0.0860     CD =  0.01720   =>   CDf =  0.00873    CDp =  0.00847

 Side 1  free  transition at x/c =  0.8852   69
 Side 2  free  transition at x/c =  0.0549   30

   4   rms: 0.3776E-05   max: 0.2889E-04   D at   70  1
       a = -4.250      CL = -0.0850
      Cm = -0.0860     CD =  0.01720   =>   CDf =  0.00873    CDp =  0.00847
      5.000    5.2033   0.017199   0.003665   0.004765   0.001100    0.8852     #

 Point added to stored polar  1
 Point written to save file  clarky_re150000_realistic_model.polar           
 Dump file unspecified or not available
 Calculating wake trajectory ...
 Calculating source influence matrix ...

 Solving BL system ...

 Side 1  free  transition at x/c =  0.8852   69
 Side 2  free  transition at x/c =  0.0549   30

   1   rms: 0.4469E-01   max: -.1456E+00   T at   30  2
       a = -4.000      CL = -0.0571
      Cm = -0.0859     CD =  0.01671   =>   CDf =  0.00873    CDp =  0.00798

 Side 1  free  transition at x/c =  0.8780   69
 Side 2  free  transition at x/c =  0.0574   31

   2   rms: 0.1035E-01   max: -.6775E-01   D at   31  2
       a = -4.000      CL = -0.0555
      Cm = -0.0862     CD =  0.01668   =>   CDf =  0.00882    CDp =  0.00786

 Side 1  free  transition at x/c =  0.8792   69
 Side 2  free  transition at x/c =  0.0576   31

   3   rms: 0.2447E-03   max: -.2770E-02   D at   34  2
       a = -4.000      CL = -0.0556
      Cm = -0.0862     CD =  0.01670   =>   CDf =  0.00879    CDp =  0.00791

 Side 1  free  transition at x/c =  0.8791   69
 Side 2  free  transition at x/c =  0.0576   31

   4   rms: 0.1684E-05   max: -.9620E-05   D at   34  2
       a = -4.000      CL = -0.0556
      Cm = -0.0862     CD =  0.01670   =>   CDf =  0.00879    CDp =  0.00791
      5.000    5.1156   0.016699   0.003693   0.004723   0.001030    0.8791     #

 Point added to stored polar  1
 Point written to save file  clarky_re150000_realistic_model.polar           
 Dump file unspecified or not available
 Calculating wake trajectory ...
 Calculating source influence matrix ...

 Solving BL system ...

 Side 1  free  transition at x/c =  0.8791   69
 Side 2  free  transition at x/c =  0.0576   31

   1   rms: 0.4904E-01   max: -.2370E+00   T at   31  2
       a = -3.750      CL = -0.0256
      Cm = -0.0866     CD =  0.01617   =>   CDf =  0.00887    CDp =  0.00730

 Side 1  free  transition at x/c =  0.8741   69
 Side 2  free  transition at x/c =  0.0601   30

   2   rms: 0.1650E-01   max: -.1461E+00   D at   30  2
       a = -3.750      CL = -0.0278
      Cm = -0.0861     CD =  0.01626   =>   CDf =  0.00882    CDp =  0.00743

 Side 1  free  transition at x/c =  0.8725   69
 Side 2  free  transition at x/c =  0.0606   30

   3   rms: 0.1596E-02   max: 0.1758E-01   D at   31  2
       a = -3.750      CL = -0.0275
      Cm = -0.0862     CD =  0.01627   =>   CDf =  0.00880    CDp =  0.00747

 Side 1  free  transition at x/c =  0.8726   69
 Side 2  free  transition at x/c =  0.0606   30

   4   rms: 0.9791E-05   max: 0.1437E-03   D at   31  2
       a = -3.750      CL = -0.0275
      Cm = -0.0862     CD =  0.01627   =>   CDf =  0.00880    CDp =  0.00747
      5.000    5.0623   0.016266   0.003716   0.004700   0.000984    0.8726     #

 Point added to stored polar  1
 Point written to save file  clarky_re150000_realistic_model.polar           
 Dump file unspecified or not available
 Calculating wake trajectory ...
 Calculating source influence matrix ...

 Solving BL system ...

 Side 1  free  transition at x/c =  0.8726   69
 Side 2  free  transition at x/c =  0.0606   30

   1   rms: 0.4182E-01   max: -.1380E+00   T at   30  2
       a = -3.500      CL = -0.0042
      Cm = -0.0853     CD =  0.01593   =>   CDf =  0.00880    CDp =  0.00713

 Side 1  free  transition at x/c =  0.8622   69
 Side 2  free  transition at x/c =  0.0635   31

   2   rms: 0.8179E-02   max: -.4994E-01   D at   70  1
       a = -3.500      CL = -0.0009
      Cm = -0.0859     CD =  0.01586   =>   CDf =  0.00885    CDp =  0.00701

 Side 1  free  transition at x/c =  0.8645   69
 Side 2  free  transition at x/c =  0.0639   31

   3   rms: 0.3684E-03   max: -.2895E-02   D at   31  2
       a = -3.500      CL = -0.0012
      Cm = -0.0858     CD =  0.01587   =>   CDf =  0.00882    CDp =  0.00705

 Side 1  free  transition at x/c =  0.8645   69
 Side 2  free  transition at x/c =  0.0639   31

   4   rms: 0.2448E-05   max: -.1099E-04   D at   43  2
       a = -3.500      CL = -0.0012
      Cm = -0.0858     CD =  0.01587   =>   CDf =  0.00882    CDp =  0.00705
      5.000    5.0441   0.015871   0.003734   0.004715   0.000981    0.8645     #

 Point added to stored polar  1
 Point written to save file  clarky_re150000_realistic_model.polar           
 Dump file unspecified or not available
 Calculating wake trajectory ...
 Calculating source influence matrix ...

 Solving BL system ...

 Side 1  free  transition at x/c =  0.8645   69
 Side 2  free  transition at x/c =  0.0639   31

   1   rms: 0.4758E-01   max: -.2093E+00   T at   31  2
       a = -3.250      CL =  0.0269
      Cm = -0.0858     CD =  0.01545   =>   CDf =  0.00882    CDp =  0.00662

 Side 1  free  transition at x/c =  0.8577   69
 Side 2  free  transition at x/c =  0.0678   31

   2   rms: 0.1661E-01   max: -.1661E+00   D at   32  2
       a = -3.250      CL =  0.0283
      Cm = -0.0860     CD =  0.01544   =>   CDf =  0.00889    CDp =  0.00655

 Side 1  free  transition at x/c =  0.8586   69
 Side 2  free  transition at x/c =  0.0693   32

   3   rms: 0.2847E-02   max: 0.4954E-01   D at   32  2
       a = -3.250      CL =  0.0282
      Cm = -0.0860     CD =  0.01545   =>   CDf =  0.00886    CDp =  0.00659

 Side 1  free  transition at x/c =  0.8586   69
 Side 2  free  transition at x/c =  0.0690   32

   4   rms: 0.2030E-03   max: 0.2413E-02   D at   32  2
       a = -3.250      CL =  0.0282
      Cm = -0.0860     CD =  0.01545   =>   CDf =  0.00886    CDp =  0.00659

 Side 1  free  transition at x/c =  0.8586   69
 Side 2  free  transition at x/c =  0.0690   32

   5   rms: 0.1138E-05   max: 0.7239E-05   D at   56  2
       a = -3.250      CL =  0.0282
      Cm = -0.0860     CD =  0.01545   =>   CDf =  0.00886    CDp =  0.00659
      5.000    4.9634   0.015450   0.003763   0.004668   0.000905    0.8586     #

 Point added to stored polar  1
 Point written to save file  clarky_re150000_realistic_model.polar           
 Dump file unspecified or not available
 Calculating wake trajectory ...
 Calculating source influence matrix ...

 Solving BL system ...

 Side 1  free  transition at x/c =  0.8586   69
 Side 2  free  transition at x/c =  0.0690   32

   1   rms: 0.5425E-01   max: -.2853E+00   T at   32  2
       a = -3.000      CL =  0.0582
      Cm = -0.0864     CD =  0.01496   =>   CDf =  0.00890    CDp =  0.00606

 Side 1  free  transition at x/c =  0.8536   69
 Side 2  free  transition at x/c =  0.0751   31

   2   rms: 0.2503E-01   max: -.2992E+00   D at   32  2
       a = -3.000      CL =  0.0537
      Cm = -0.0854     CD =  0.01516   =>   CDf =  0.00892    CDp =  0.00623

 Side 1  free  transition at x/c =  0.8499   69
 Side 2  free  transition at x/c =  0.0789   32

   3   rms: 0.1766E-01   max: 0.2398E+00   C at   32  2
       a = -3.000      CL =  0.0542
      Cm = -0.0856     CD =  0.01509   =>   CDf =  0.00882    CDp =  0.00627

 Side 1  free  transition at x/c =  0.8504   69
 Side 2  free  transition at x/c =  0.0772   32

   4   rms: 0.2324E-02   max: -.2536E-01   D at   35  2
       a = -3.000      CL =  0.0542
      Cm = -0.0856     CD =  0.01511   =>   CDf =  0.00883    CDp =  0.00627

 Side 1  free  transition at x/c =  0.8504   69
 Side 2  free  transition at x/c =  0.0768   32

   5   rms: 0.4405E-04   max: -.6817E-03   D at   35  2
       a = -3.000      CL =  0.0542
      Cm = -0.0856     CD =  0.01511   =>   CDf =  0.00884    CDp =  0.00627
      5.000    4.9660   0.015107   0.003780   0.004699   0.000919    0.8504     #

 Point added to stored polar  1
 Point written to save file  clarky_re150000_realistic_model.polar           
 Dump file unspecified or not available
 Calculating wake trajectory ...
 Calculating source influence matrix ...

 Solving BL system ...

 Side 1  free  transition at x/c =  0.8504   69
 Side 2  free  transition at x/c =  0.0768   32

   1   rms: 0.5222E-01   max: -.3348E+00   C at   32  2
       a = -2.750      CL =  0.0799
      Cm = -0.0852     CD =  0.01473   =>   CDf =  0.00884    CDp =  0.00589

 Side 1  free  transition at x/c =  0.8415   69
 Side 2  free  transition at x/c =  0.0865   33

   2   rms: 0.1759E-01   max: -.1619E+00   C at   33  2
       a = -2.750      CL =  0.0819
      Cm = -0.0855     CD =  0.01471   =>   CDf =  0.00886    CDp =  0.00584

 Side 1  free  transition at x/c =  0.8430   69
 Side 2  free  transition at x/c =  0.0907   34

   3   rms: 0.1948E-02   max: -.3841E-01   D at   33  2
       a = -2.750      CL =  0.0817
      Cm = -0.0854     CD =  0.01472   =>   CDf =  0.00883    CDp =  0.00590

 Side 1  free  transition at x/c =  0.8430   69
 Side 2  free  transition at x/c =  0.0902   34

   4   rms: 0.1949E-03   max: 0.2635E-02   C at   34  2
       a = -2.750      CL =  0.0817
      Cm = -0.0854     CD =  0.01472   =>   CDf =  0.00882    CDp =  0.00590

 Side 1  free  transition at x/c =  0.8430   69
 Side 2  free  transition at x/c =  0.0902   34

   5   rms: 0.1300E-05   max: 0.6535E-05   C at   34  2
       a = -2.750      CL =  0.0817
      Cm = -0.0854     CD =  0.01472   =>   CDf =  0.00882    CDp =  0.00590
      5.000    4.9183   0.014725   0.003804   0.004689   0.000885    0.8430     #

 Point added to stored polar  1
 Point written to save file  clarky_re150000_realistic_model.polar           
 Dump file unspecified or not available
 Calculating wake trajectory ...
 Calculating source influence matrix ...

 Solving BL system ...

 Side 1  free  transition at x/c =  0.8430   69
 Side 2  free  transition at x/c =  0.0902   34

   1   rms: 0.6489E-01   max: -.6197E+00   C at   34  2   RLX: 0.807
       a = -2.500      CL =  0.1042
      Cm = -0.0855     CD =  0.01430   =>   CDf =  0.00882    CDp =  0.00548

 Side 1  free  transition at x/c =  0.8377   68
 Side 2  free  transition at x/c =  0.1023   35

   2   rms: 0.2422E-01   max: -.2503E+00   C at   35  2
       a = -2.500      CL =  0.1100
      Cm = -0.0854     CD =  0.01432   =>   CDf =  0.00883    CDp =  0.00549

 Side 1  free  transition at x/c =  0.8363   68
 Side 2  free  transition at x/c =  0.1117   36

   3   rms: 0.2950E-02   max: -.3726E-01   D at   35  2
       a = -2.500      CL =  0.1099
      Cm = -0.0854     CD =  0.01432   =>   CDf =  0.00875    CDp =  0.00556

 Side 1  free  transition at x/c =  0.8364   68
 Side 2  free  transition at x/c =  0.1106   36

   4   rms: 0.3084E-03   max: 0.5253E-02   C at   36  2
       a = -2.500      CL =  0.1099
      Cm = -0.0854     CD =  0.01431   =>   CDf =  0.00876    CDp =  0.00556

 Side 1  free  transition at x/c =  0.8364   68
 Side 2  free  transition at x/c =  0.1105   36

   5   rms: 0.1335E-05   max: -.7134E-05   D at   38  2
       a = -2.500      CL =  0.1099
      Cm = -0.0854     CD =  0.01431   =>   CDf =  0.00876    CDp =  0.00556
      5.000    4.8745   0.014315   0.003832   0.004673   0.000842    0.8364     #

 Point added to stored polar  1
 Point written to save file  clarky_re150000_realistic_model.polar           
 Dump file unspecified or not available
 Calculating wake trajectory ...
 Calculating source influence matrix ...

 Solving BL system ...

 Side 1  free  transition at x/c =  0.8364   68
 Side 2  free  transition at x/c =  0.1105   36

   1   rms: 0.5871E-01   max: -.7344E+00   C at   36  2   RLX: 0.681
       a = -2.250      CL =  0.1255
      Cm = -0.0849     CD =  0.01412   =>   CDf =  0.00874    CDp =  0.00538

 Side 1  free  transition at x/c =  0.8280   69
 Side 2  free  transition at x/c =  0.1266   36

   2   rms: 0.4765E-01   max: -.7429E+00   T at    2  1   RLX: 0.673
       a = -2.250      CL =  0.1323
      Cm = -0.0848     CD =  0.01409   =>   CDf =  0.00874    CDp =  0.00536

 Side 1  free  transition at x/c =  0.8270   69
 Side 2  free  transition at x/c =  0.1358   37

   3   rms: 0.1057E-01   max: -.1683E+00   C at   37  2
       a = -2.250      CL =  0.1353
      Cm = -0.0849     CD =  0.01397   =>   CDf =  0.00867    CDp =  0.00531

 Side 1  free  transition at x/c =  0.8265   69
 Side 2  free  transition at x/c =  0.1397   38

   4   rms: 0.5551E-02   max: -.1015E+00   C at   38  2
       a = -2.250      CL =  0.1354
      Cm = -0.0849     CD =  0.01398   =>   CDf =  0.00867    CDp =  0.00531

 Side 1  free  transition at x/c =  0.8265   69
 Side 2  free  transition at x/c =  0.1409   38

   5   rms: 0.1533E-03   max: 0.2652E-02   C at   38  2
       a = -2.250      CL =  0.1354
      Cm = -0.0849     CD =  0.01398   =>   CDf =  0.00864    CDp =  0.00534

 Side 1  free  transition at x/c =  0.8265   69
 Side 2  free  transition at x/c =  0.1408   38

   6   rms: 0.5465E-06   max: 0.5177E-05   D at   61  2
       a = -2.250      CL =  0.1354
      Cm = -0.0849     CD =  0.01398   =>   CDf =  0.00864    CDp =  0.00534
      5.000    4.8405   0.013978   0.003851   0.004680   0.000829    0.8265     #

 Point added to stored polar  1
 Point written to save file  clarky_re150000_realistic_model.polar           
 Dump file unspecified or not available
 Calculating wake trajectory ...
 Calculating source influence matrix ...

 Solving BL system ...

 Side 1  free  transition at x/c =  0.8265   69
 Side 2  free  transition at x/c =  0.1408   38

   1   rms: 0.7420E-01   max: -.1121E+01   C at   38  2   RLX: 0.446
       a = -2.000      CL =  0.1473
      Cm = -0.0849     CD =  0.01378   =>   CDf =  0.00864    CDp =  0.00513

 Side 1  free  transition at x/c =  0.8224   69
 Side 2  free  transition at x/c =  0.1567   39

   2   rms: 0.4208E-01   max: -.6429E+00   C at   39  2   RLX: 0.778
       a = -2.000      CL =  0.1601
      Cm = -0.0848     CD =  0.01363   =>   CDf =  0.00861    CDp =  0.00503

 Side 1  free  transition at x/c =  0.8194   69
 Side 2  free  transition at x/c =  0.1777   40

   3   rms: 0.1162E-01   max: -.1921E+00   C at   40  2
       a = -2.000      CL =  0.1641
      Cm = -0.0850     CD =  0.01359   =>   CDf =  0.00855    CDp =  0.00504

 Side 1  free  transition at x/c =  0.8189   68
 Side 2  free  transition at x/c =  0.1889   41

   4   rms: 0.2386E-02   max: 0.4177E-01   C at   41  2
       a = -2.000      CL =  0.1635
      Cm = -0.0849     CD =  0.01358   =>   CDf =  0.00849    CDp =  0.00508

 Side 1  free  transition at x/c =  0.8185   68
 Side 2  free  transition at x/c =  0.1876   41

   5   rms: 0.1839E-04   max: -.2813E-03   D at   44  2
       a = -2.000      CL =  0.1635
      Cm = -0.0849     CD =  0.01357   =>   CDf =  0.00850    CDp =  0.00508
      5.000    4.7497   0.013575   0.003886   0.004631   0.000745    0.8185     #

 Point added to stored polar  1
 Point written to save file  clarky_re150000_realistic_model.polar           
 Dump file unspecified or not available
 Calculating wake trajectory ...
 Calculating source influence matrix ...

 Solving BL system ...

 Side 1  free  transition at x/c =  0.8185   68
 Side 2  free  transition at x/c =  0.1876   41

   1   rms: 0.6300E-01   max: -.9560E+00   C at   41  2   RLX: 0.523
       a = -1.750      CL =  0.1751
      Cm = -0.0844     CD =  0.01346   =>   CDf =  0.00850    CDp =  0.00496

 Side 1  free  transition at x/c =  0.8109   68
 Side 2  free  transition at x/c =  0.2131   43

   2   rms: 0.3589E-01   max: -.5573E+00   C at   43  2   RLX: 0.897
       a = -1.750      CL =  0.1866
      Cm = -0.0842     CD =  0.01328   =>   CDf =  0.00841    CDp =  0.00487

 Side 1  free  transition at x/c =  0.8069   68
 Side 2  free  transition at x/c =  0.2377   44

   3   rms: 0.6354E-02   max: -.1059E+00   C at   44  2
       a = -1.750      CL =  0.1884
      Cm = -0.0843     CD =  0.01327   =>   CDf =  0.00834    CDp =  0.00494

 Side 1  free  transition at x/c =  0.8069   68
 Side 2  free  transition at x/c =  0.2432   44

   4   rms: 0.1843E-02   max: -.3377E-01   C at   44  2
       a = -1.750      CL =  0.1884
      Cm = -0.0843     CD =  0.01327   =>   CDf =  0.00832    CDp =  0.00495

 Side 1  free  transition at x/c =  0.8069   68
 Side 2  free  transition at x/c =  0.2430   44

   5   rms: 0.2186E-02   max: -.4007E-01   C at   44  2
       a = -1.750      CL =  0.1884
      Cm = -0.0843     CD =  0.01327   =>   CDf =  0.00833    CDp =  0.00495

 Side 1  free  transition at x/c =  0.8069   68
 Side 2  free  transition at x/c =  0.2430   44

   6   rms: 0.2177E-02   max: -.3990E-01   C at   44  2
       a = -1.750      CL =  0.1884
      Cm = -0.0843     CD =  0.01327   =>   CDf =  0.00833    CDp =  0.00495

 Side 1  free  transition at x/c =  0.8069   68
 Side 2  free  transition at x/c =  0.2430   44

   7   rms: 0.2177E-02   max: -.3991E-01   C at   44  2
       a = -1.750      CL =  0.1884
      Cm = -0.0843     CD =  0.01327   =>   CDf =  0.00833    CDp =  0.00495

 Side 1  free  transition at x/c =  0.8069   68
 Side 2  free  transition at x/c =  0.2430   44

   8   rms: 0.2177E-02   max: -.3991E-01   C at   44  2
       a = -1.750      CL =  0.1884
      Cm = -0.0843     CD =  0.01327   =>   CDf =  0.00833    CDp =  0.00495

 Side 1  free  transition at x/c =  0.8069   68
 Side 2  free  transition at x/c =  0.2430   44

   9   rms: 0.2177E-02   max: -.3991E-01   C at   44  2
       a = -1.750      CL =  0.1884
      Cm = -0.0843     CD =  0.01327   =>   CDf =  0.00833    CDp =  0.00495

 Side 1  free  transition at x/c =  0.8069   68
 Side 2  free  transition at x/c =  0.2430   44

  10   rms: 0.2177E-02   max: -.3991E-01   C at   44  2
       a = -1.750      CL =  0.1884
      Cm = -0.0843     CD =  0.01327   =>   CDf =  0.00833    CDp =  0.00495

 Side 1  free  transition at x/c =  0.8069   68
 Side 2  free  transition at x/c =  0.2430   44

  11   rms: 0.2177E-02   max: -.3991E-01   C at   44  2
       a = -1.750      CL =  0.1884
      Cm = -0.0843     CD =  0.01327   =>   CDf =  0.00833    CDp =  0.00495

 Side 1  free  transition at x/c =  0.8069   68
 Side 2  free  transition at x/c =  0.2430   44

  12   rms: 0.2177E-02   max: -.3991E-01   C at   44  2
       a = -1.750      CL =  0.1884
      Cm = -0.0843     CD =  0.01327   =>   CDf =  0.00833    CDp =  0.00495

 Side 1  free  transition at x/c =  0.8069   68
 Side 2  free  transition at x/c =  0.2430   44

  13   rms: 0.2177E-02   max: -.3991E-01   C at   44  2
       a = -1.750      CL =  0.1884
      Cm = -0.0843     CD =  0.01327   =>   CDf =  0.00833    CDp =  0.00495

 Side 1  free  transition at x/c =  0.8069   68
 Side 2  free  transition at x/c =  0.2430   44

  14   rms: 0.2177E-02   max: -.3991E-01   C at   44  2
       a = -1.750      CL =  0.1884
      Cm = -0.0843     CD =  0.01327   =>   CDf =  0.00833    CDp =  0.00495

 Side 1  free  transition at x/c =  0.8069   68
 Side 2  free  transition at x/c =  0.2430   44

  15   rms: 0.2177E-02   max: -.3991E-01   C at   44  2
       a = -1.750      CL =  0.1884
      Cm = -0.0843     CD =  0.01327   =>   CDf =  0.00833    CDp =  0.00495

 Side 1  free  transition at x/c =  0.8069   68
 Side 2  free  transition at x/c =  0.2430   44

  16   rms: 0.2177E-02   max: -.3991E-01   C at   44  2
       a = -1.750      CL =  0.1884
      Cm = -0.0843     CD =  0.01327   =>   CDf =  0.00833    CDp =  0.00495

 Side 1  free  transition at x/c =  0.8069   68
 Side 2  free  transition at x/c =  0.2430   44

  17   rms: 0.2177E-02   max: -.3991E-01   C at   44  2
       a = -1.750      CL =  0.1884
      Cm = -0.0843     CD =  0.01327   =>   CDf =  0.00833    CDp =  0.00495

 Side 1  free  transition at x/c =  0.8069   68
 Side 2  free  transition at x/c =  0.2430   44

  18   rms: 0.2177E-02   max: -.3991E-01   C at   44  2
       a = -1.750      CL =  0.1884
      Cm = -0.0843     CD =  0.01327   =>   CDf =  0.00833    CDp =  0.00495

 Side 1  free  transition at x/c =  0.8069   68
 Side 2  free  transition at x/c =  0.2430   44

  19   rms: 0.2177E-02   max: -.3991E-01   C at   44  2
       a = -1.750      CL =  0.1884
      Cm = -0.0843     CD =  0.01327   =>   CDf =  0.00833    CDp =  0.00495

 Side 1  free  transition at x/c =  0.8069   68
 Side 2  free  transition at x/c =  0.2430   44

  20   rms: 0.2177E-02   max: -.3991E-01   C at   44  2
       a = -1.750      CL =  0.1884
      Cm = -0.0843     CD =  0.01327   =>   CDf =  0.00833    CDp =  0.00495

 Side 1  free  transition at x/c =  0.8069   68
 Side 2  free  transition at x/c =  0.2430   44

  21   rms: 0.2177E-02   max: -.3991E-01   C at   44  2
       a = -1.750      CL =  0.1884
      Cm = -0.0843     CD =  0.01327   =>   CDf =  0.00833    CDp =  0.00495

 Side 1  free  transition at x/c =  0.8069   68
 Side 2  free  transition at x/c =  0.2430   44

  22   rms: 0.2177E-02   max: -.3991E-01   C at   44  2
       a = -1.750      CL =  0.1884
      Cm = -0.0843     CD =  0.01327   =>   CDf =  0.00833    CDp =  0.00495

 Side 1  free  transition at x/c =  0.8069   68
 Side 2  free  transition at x/c =  0.2430   44

  23   rms: 0.2177E-02   max: -.3991E-01   C at   44  2
       a = -1.750      CL =  0.1884
      Cm = -0.0843     CD =  0.01327   =>   CDf =  0.00833    CDp =  0.00495

 Side 1  free  transition at x/c =  0.8069   68
 Side 2  free  transition at x/c =  0.2430   44

  24   rms: 0.2177E-02   max: -.3991E-01   C at   44  2
       a = -1.750      CL =  0.1884
      Cm = -0.0843     CD =  0.01327   =>   CDf =  0.00833    CDp =  0.00495

 Side 1  free  transition at x/c =  0.8069   68
 Side 2  free  transition at x/c =  0.2430   44

  25   rms: 0.2177E-02   max: -.3991E-01   C at   44  2
       a = -1.750      CL =  0.1884
      Cm = -0.0843     CD =  0.01327   =>   CDf =  0.00833    CDp =  0.00495

 Side 1  free  transition at x/c =  0.8069   68
 Side 2  free  transition at x/c =  0.2430   44

  26   rms: 0.2177E-02   max: -.3991E-01   C at   44  2
       a = -1.750      CL =  0.1884
      Cm = -0.0843     CD =  0.01327   =>   CDf =  0.00833    CDp =  0.00495

 Side 1  free  transition at x/c =  0.8069   68
 Side 2  free  transition at x/c =  0.2430   44

  27   rms: 0.2177E-02   max: -.3991E-01   C at   44  2
       a = -1.750      CL =  0.1884
      Cm = -0.0843     CD =  0.01327   =>   CDf =  0.00833    CDp =  0.00495

 Side 1  free  transition at x/c =  0.8069   68
 Side 2  free  transition at x/c =  0.2430   44

  28   rms: 0.2177E-02   max: -.3991E-01   C at   44  2
       a = -1.750      CL =  0.1884
      Cm = -0.0843     CD =  0.01327   =>   CDf =  0.00833    CDp =  0.00495

 Side 1  free  transition at x/c =  0.8069   68
 Side 2  free  transition at x/c =  0.2430   44

  29   rms: 0.2177E-02   max: -.3991E-01   C at   44  2
       a = -1.750      CL =  0.1884
      Cm = -0.0843     CD =  0.01327   =>   CDf =  0.00833    CDp =  0.00495

 Side 1  free  transition at x/c =  0.8069   68
 Side 2  free  transition at x/c =  0.2430   44

  30   rms: 0.2177E-02   max: -.3991E-01   C at   44  2
       a = -1.750      CL =  0.1884
      Cm = -0.0843     CD =  0.01327   =>   CDf =  0.00833    CDp =  0.00495

 Side 1  free  transition at x/c =  0.8069   68
 Side 2  free  transition at x/c =  0.2430   44

  31   rms: 0.2177E-02   max: -.3991E-01   C at   44  2
       a = -1.750      CL =  0.1884
      Cm = -0.0843     CD =  0.01327   =>   CDf =  0.00833    CDp =  0.00495

 Side 1  free  transition at x/c =  0.8069   68
 Side 2  free  transition at x/c =  0.2430   44

  32   rms: 0.2177E-02   max: -.3991E-01   C at   44  2
       a = -1.750      CL =  0.1884
      Cm = -0.0843     CD =  0.01327   =>   CDf =  0.00833    CDp =  0.00495

 Side 1  free  transition at x/c =  0.8069   68
 Side 2  free  transition at x/c =  0.2430   44

  33   rms: 0.2177E-02   max: -.3991E-01   C at   44  2
       a = -1.750      CL =  0.1884
      Cm = -0.0843     CD =  0.01327   =>   CDf =  0.00833    CDp =  0.00495

 Side 1  free  transition at x/c =  0.8069   68
 Side 2  free  transition at x/c =  0.2430   44

  34   rms: 0.2177E-02   max: -.3991E-01   C at   44  2
       a = -1.750      CL =  0.1884
      Cm = -0.0843     CD =  0.01327   =>   CDf =  0.00833    CDp =  0.00495

 Side 1  free  transition at x/c =  0.8069   68
 Side 2  free  transition at x/c =  0.2430   44

  35   rms: 0.2177E-02   max: -.3991E-01   C at   44  2
       a = -1.750      CL =  0.1884
      Cm = -0.0843     CD =  0.01327   =>   CDf =  0.00833    CDp =  0.00495

 Side 1  free  transition at x/c =  0.8069   68
 Side 2  free  transition at x/c =  0.2430   44

  36   rms: 0.2177E-02   max: -.3991E-01   C at   44  2
       a = -1.750      CL =  0.1884
      Cm = -0.0843     CD =  0.01327   =>   CDf =  0.00833    CDp =  0.00495

 Side 1  free  transition at x/c =  0.8069   68
 Side 2  free  transition at x/c =  0.2430   44

  37   rms: 0.2177E-02   max: -.3991E-01   C at   44  2
       a = -1.750      CL =  0.1884
      Cm = -0.0843     CD =  0.01327   =>   CDf =  0.00833    CDp =  0.00495

 Side 1  free  transition at x/c =  0.8069   68
 Side 2  free  transition at x/c =  0.2430   44

  38   rms: 0.2177E-02   max: -.3991E-01   C at   44  2
       a = -1.750      CL =  0.1884
      Cm = -0.0843     CD =  0.01327   =>   CDf =  0.00833    CDp =  0.00495

 Side 1  free  transition at x/c =  0.8069   68
 Side 2  free  transition at x/c =  0.2430   44

  39   rms: 0.2177E-02   max: -.3991E-01   C at   44  2
       a = -1.750      CL =  0.1884
      Cm = -0.0843     CD =  0.01327   =>   CDf =  0.00833    CDp =  0.00495

 Side 1  free  transition at x/c =  0.8069   68
 Side 2  free  transition at x/c =  0.2430   44

  40   rms: 0.2177E-02   max: -.3991E-01   C at   44  2
       a = -1.750      CL =  0.1884
      Cm = -0.0843     CD =  0.01327   =>   CDf =  0.00833    CDp =  0.00495

 Side 1  free  transition at x/c =  0.8069   68
 Side 2  free  transition at x/c =  0.2430   44

  41   rms: 0.2177E-02   max: -.3991E-01   C at   44  2
       a = -1.750      CL =  0.1884
      Cm = -0.0843     CD =  0.01327   =>   CDf =  0.00833    CDp =  0.00495

 Side 1  free  transition at x/c =  0.8069   68
 Side 2  free  transition at x/c =  0.2430   44

  42   rms: 0.2177E-02   max: -.3991E-01   C at   44  2
       a = -1.750      CL =  0.1884
      Cm = -0.0843     CD =  0.01327   =>   CDf =  0.00833    CDp =  0.00495

 Side 1  free  transition at x/c =  0.8069   68
 Side 2  free  transition at x/c =  0.2430   44

  43   rms: 0.2177E-02   max: -.3991E-01   C at   44  2
       a = -1.750      CL =  0.1884
      Cm = -0.0843     CD =  0.01327   =>   CDf =  0.00833    CDp =  0.00495

 Side 1  free  transition at x/c =  0.8069   68
 Side 2  free  transition at x/c =  0.2430   44

  44   rms: 0.2177E-02   max: -.3991E-01   C at   44  2
       a = -1.750      CL =  0.1884
      Cm = -0.0843     CD =  0.01327   =>   CDf =  0.00833    CDp =  0.00495

 Side 1  free  transition at x/c =  0.8069   68
 Side 2  free  transition at x/c =  0.2430   44

  45   rms: 0.2177E-02   max: -.3991E-01   C at   44  2
       a = -1.750      CL =  0.1884
      Cm = -0.0843     CD =  0.01327   =>   CDf =  0.00833    CDp =  0.00495

 Side 1  free  transition at x/c =  0.8069   68
 Side 2  free  transition at x/c =  0.2430   44

  46   rms: 0.2177E-02   max: -.3991E-01   C at   44  2
       a = -1.750      CL =  0.1884
      Cm = -0.0843     CD =  0.01327   =>   CDf =  0.00833    CDp =  0.00495

 Side 1  free  transition at x/c =  0.8069   68
 Side 2  free  transition at x/c =  0.2430   44

  47   rms: 0.2177E-02   max: -.3991E-01   C at   44  2
       a = -1.750      CL =  0.1884
      Cm = -0.0843     CD =  0.01327   =>   CDf =  0.00833    CDp =  0.00495

 Side 1  free  transition at x/c =  0.8069   68
 Side 2  free  transition at x/c =  0.2430   44

  48   rms: 0.2177E-02   max: -.3991E-01   C at   44  2
       a = -1.750      CL =  0.1884
      Cm = -0.0843     CD =  0.01327   =>   CDf =  0.00833    CDp =  0.00495

 Side 1  free  transition at x/c =  0.8069   68
 Side 2  free  transition at x/c =  0.2430   44

  49   rms: 0.2177E-02   max: -.3991E-01   C at   44  2
       a = -1.750      CL =  0.1884
      Cm = -0.0843     CD =  0.01327   =>   CDf =  0.00833    CDp =  0.00495

 Side 1  free  transition at x/c =  0.8069   68
 Side 2  free  transition at x/c =  0.2430   44

  50   rms: 0.2177E-02   max: -.3991E-01   C at   44  2
       a = -1.750      CL =  0.1884
      Cm = -0.0843     CD =  0.01327   =>   CDf =  0.00833    CDp =  0.00495

 Side 1  free  transition at x/c =  0.8069   68
 Side 2  free  transition at x/c =  0.2430   44

  51   rms: 0.2177E-02   max: -.3991E-01   C at   44  2
       a = -1.750      CL =  0.1884
      Cm = -0.0843     CD =  0.01327   =>   CDf =  0.00833    CDp =  0.00495

 Side 1  free  transition at x/c =  0.8069   68
 Side 2  free  transition at x/c =  0.2430   44

  52   rms: 0.2177E-02   max: -.3991E-01   C at   44  2
       a = -1.750      CL =  0.1884
      Cm = -0.0843     CD =  0.01327   =>   CDf =  0.00833    CDp =  0.00495

 Side 1  free  transition at x/c =  0.8069   68
 Side 2  free  transition at x/c =  0.2430   44

  53   rms: 0.2177E-02   max: -.3991E-01   C at   44  2
       a = -1.750      CL =  0.1884
      Cm = -0.0843     CD =  0.01327   =>   CDf =  0.00833    CDp =  0.00495

 Side 1  free  transition at x/c =  0.8069   68
 Side 2  free  transition at x/c =  0.2430   44

  54   rms: 0.2177E-02   max: -.3991E-01   C at   44  2
       a = -1.750      CL =  0.1884
      Cm = -0.0843     CD =  0.01327   =>   CDf =  0.00833    CDp =  0.00495

 Side 1  free  transition at x/c =  0.8069   68
 Side 2  free  transition at x/c =  0.2430   44

  55   rms: 0.2177E-02   max: -.3991E-01   C at   44  2
       a = -1.750      CL =  0.1884
      Cm = -0.0843     CD =  0.01327   =>   CDf =  0.00833    CDp =  0.00495

 Side 1  free  transition at x/c =  0.8069   68
 Side 2  free  transition at x/c =  0.2430   44

  56   rms: 0.2177E-02   max: -.3991E-01   C at   44  2
       a = -1.750      CL =  0.1884
      Cm = -0.0843     CD =  0.01327   =>   CDf =  0.00833    CDp =  0.00495

 Side 1  free  transition at x/c =  0.8069   68
 Side 2  free  transition at x/c =  0.2430   44

  57   rms: 0.2177E-02   max: -.3991E-01   C at   44  2
       a = -1.750      CL =  0.1884
      Cm = -0.0843     CD =  0.01327   =>   CDf =  0.00833    CDp =  0.00495

 Side 1  free  transition at x/c =  0.8069   68
 Side 2  free  transition at x/c =  0.2430   44

  58   rms: 0.2177E-02   max: -.3991E-01   C at   44  2
       a = -1.750      CL =  0.1884
      Cm = -0.0843     CD =  0.01327   =>   CDf =  0.00833    CDp =  0.00495

 Side 1  free  transition at x/c =  0.8069   68
 Side 2  free  transition at x/c =  0.2430   44

  59   rms: 0.2177E-02   max: -.3991E-01   C at   44  2
       a = -1.750      CL =  0.1884
      Cm = -0.0843     CD =  0.01327   =>   CDf =  0.00833    CDp =  0.00495

 Side 1  free  transition at x/c =  0.8069   68
 Side 2  free  transition at x/c =  0.2430   44

  60   rms: 0.2177E-02   max: -.3991E-01   C at   44  2
       a = -1.750      CL =  0.1884
      Cm = -0.0843     CD =  0.01327   =>   CDf =  0.00833    CDp =  0.00495

 Side 1  free  transition at x/c =  0.8069   68
 Side 2  free  transition at x/c =  0.2430   44

  61   rms: 0.2177E-02   max: -.3991E-01   C at   44  2
       a = -1.750      CL =  0.1884
      Cm = -0.0843     CD =  0.01327   =>   CDf =  0.00833    CDp =  0.00495

 Side 1  free  transition at x/c =  0.8069   68
 Side 2  free  transition at x/c =  0.2430   44

  62   rms: 0.2177E-02   max: -.3991E-01   C at   44  2
       a = -1.750      CL =  0.1884
      Cm = -0.0843     CD =  0.01327   =>   CDf =  0.00833    CDp =  0.00495

 Side 1  free  transition at x/c =  0.8069   68
 Side 2  free  transition at x/c =  0.2430   44

  63   rms: 0.2177E-02   max: -.3991E-01   C at   44  2
       a = -1.750      CL =  0.1884
      Cm = -0.0843     CD =  0.01327   =>   CDf =  0.00833    CDp =  0.00495

 Side 1  free  transition at x/c =  0.8069   68
 Side 2  free  transition at x/c =  0.2430   44

  64   rms: 0.2177E-02   max: -.3991E-01   C at   44  2
       a = -1.750      CL =  0.1884
      Cm = -0.0843     CD =  0.01327   =>   CDf =  0.00833    CDp =  0.00495

 Side 1  free  transition at x/c =  0.8069   68
 Side 2  free  transition at x/c =  0.2430   44

  65   rms: 0.2177E-02   max: -.3991E-01   C at   44  2
       a = -1.750      CL =  0.1884
      Cm = -0.0843     CD =  0.01327   =>   CDf =  0.00833    CDp =  0.00495

 Side 1  free  transition at x/c =  0.8069   68
 Side 2  free  transition at x/c =  0.2430   44

  66   rms: 0.2177E-02   max: -.3991E-01   C at   44  2
       a = -1.750      CL =  0.1884
      Cm = -0.0843     CD =  0.01327   =>   CDf =  0.00833    CDp =  0.00495

 Side 1  free  transition at x/c =  0.8069   68
 Side 2  free  transition at x/c =  0.2430   44

  67   rms: 0.2177E-02   max: -.3991E-01   C at   44  2
       a = -1.750      CL =  0.1884
      Cm = -0.0843     CD =  0.01327   =>   CDf =  0.00833    CDp =  0.00495

 Side 1  free  transition at x/c =  0.8069   68
 Side 2  free  transition at x/c =  0.2430   44

  68   rms: 0.2177E-02   max: -.3991E-01   C at   44  2
       a = -1.750      CL =  0.1884
      Cm = -0.0843     CD =  0.01327   =>   CDf =  0.00833    CDp =  0.00495

 Side 1  free  transition at x/c =  0.8069   68
 Side 2  free  transition at x/c =  0.2430   44

  69   rms: 0.2177E-02   max: -.3991E-01   C at   44  2
       a = -1.750      CL =  0.1884
      Cm = -0.0843     CD =  0.01327   =>   CDf =  0.00833    CDp =  0.00495

 Side 1  free  transition at x/c =  0.8069   68
 Side 2  free  transition at x/c =  0.2430   44

  70   rms: 0.2177E-02   max: -.3991E-01   C at   44  2
       a = -1.750      CL =  0.1884
      Cm = -0.0843     CD =  0.01327   =>   CDf =  0.00833    CDp =  0.00495

 Side 1  free  transition at x/c =  0.8069   68
 Side 2  free  transition at x/c =  0.2430   44

  71   rms: 0.2177E-02   max: -.3991E-01   C at   44  2
       a = -1.750      CL =  0.1884
      Cm = -0.0843     CD =  0.01327   =>   CDf =  0.00833    CDp =  0.00495

 Side 1  free  transition at x/c =  0.8069   68
 Side 2  free  transition at x/c =  0.2430   44

  72   rms: 0.2177E-02   max: -.3991E-01   C at   44  2
       a = -1.750      CL =  0.1884
      Cm = -0.0843     CD =  0.01327   =>   CDf =  0.00833    CDp =  0.00495

 Side 1  free  transition at x/c =  0.8069   68
 Side 2  free  transition at x/c =  0.2430   44

  73   rms: 0.2177E-02   max: -.3991E-01   C at   44  2
       a = -1.750      CL =  0.1884
      Cm = -0.0843     CD =  0.01327   =>   CDf =  0.00833    CDp =  0.00495

 Side 1  free  transition at x/c =  0.8069   68
 Side 2  free  transition at x/c =  0.2430   44

  74   rms: 0.2177E-02   max: -.3991E-01   C at   44  2
       a = -1.750      CL =  0.1884
      Cm = -0.0843     CD =  0.01327   =>   CDf =  0.00833    CDp =  0.00495

 Side 1  free  transition at x/c =  0.8069   68
 Side 2  free  transition at x/c =  0.2430   44

  75   rms: 0.2177E-02   max: -.3991E-01   C at   44  2
       a = -1.750      CL =  0.1884
      Cm = -0.0843     CD =  0.01327   =>   CDf =  0.00833    CDp =  0.00495

 Side 1  free  transition at x/c =  0.8069   68
 Side 2  free  transition at x/c =  0.2430   44

  76   rms: 0.2177E-02   max: -.3991E-01   C at   44  2
       a = -1.750      CL =  0.1884
      Cm = -0.0843     CD =  0.01327   =>   CDf =  0.00833    CDp =  0.00495

 Side 1  free  transition at x/c =  0.8069   68
 Side 2  free  transition at x/c =  0.2430   44

  77   rms: 0.2177E-02   max: -.3991E-01   C at   44  2
       a = -1.750      CL =  0.1884
      Cm = -0.0843     CD =  0.01327   =>   CDf =  0.00833    CDp =  0.00495

 Side 1  free  transition at x/c =  0.8069   68
 Side 2  free  transition at x/c =  0.2430   44

  78   rms: 0.2177E-02   max: -.3991E-01   C at   44  2
       a = -1.750      CL =  0.1884
      Cm = -0.0843     CD =  0.01327   =>   CDf =  0.00833    CDp =  0.00495

 Side 1  free  transition at x/c =  0.8069   68
 Side 2  free  transition at x/c =  0.2430   44

  79   rms: 0.2177E-02   max: -.3991E-01   C at   44  2
       a = -1.750      CL =  0.1884
      Cm = -0.0843     CD =  0.01327   =>   CDf =  0.00833    CDp =  0.00495

 Side 1  free  transition at x/c =  0.8069   68
 Side 2  free  transition at x/c =  0.2430   44

  80   rms: 0.2177E-02   max: -.3991E-01   C at   44  2
       a = -1.750      CL =  0.1884
      Cm = -0.0843     CD =  0.01327   =>   CDf =  0.00833    CDp =  0.00495

 Side 1  free  transition at x/c =  0.8069   68
 Side 2  free  transition at x/c =  0.2430   44

  81   rms: 0.2177E-02   max: -.3991E-01   C at   44  2
       a = -1.750      CL =  0.1884
      Cm = -0.0843     CD =  0.01327   =>   CDf =  0.00833    CDp =  0.00495

 Side 1  free  transition at x/c =  0.8069   68
 Side 2  free  transition at x/c =  0.2430   44

  82   rms: 0.2177E-02   max: -.3991E-01   C at   44  2
       a = -1.750      CL =  0.1884
      Cm = -0.0843     CD =  0.01327   =>   CDf =  0.00833    CDp =  0.00495

 Side 1  free  transition at x/c =  0.8069   68
 Side 2  free  transition at x/c =  0.2430   44

  83   rms: 0.2177E-02   max: -.3991E-01   C at   44  2
       a = -1.750      CL =  0.1884
      Cm = -0.0843     CD =  0.01327   =>   CDf =  0.00833    CDp =  0.00495

 Side 1  free  transition at x/c =  0.8069   68
 Side 2  free  transition at x/c =  0.2430   44

  84   rms: 0.2177E-02   max: -.3991E-01   C at   44  2
       a = -1.750      CL =  0.1884
      Cm = -0.0843     CD =  0.01327   =>   CDf =  0.00833    CDp =  0.00495

 Side 1  free  transition at x/c =  0.8069   68
 Side 2  free  transition at x/c =  0.2430   44

  85   rms: 0.2177E-02   max: -.3991E-01   C at   44  2
       a = -1.750      CL =  0.1884
      Cm = -0.0843     CD =  0.01327   =>   CDf =  0.00833    CDp =  0.00495

 Side 1  free  transition at x/c =  0.8069   68
 Side 2  free  transition at x/c =  0.2430   44

  86   rms: 0.2177E-02   max: -.3991E-01   C at   44  2
       a = -1.750      CL =  0.1884
      Cm = -0.0843     CD =  0.01327   =>   CDf =  0.00833    CDp =  0.00495

 Side 1  free  transition at x/c =  0.8069   68
 Side 2  free  transition at x/c =  0.2430   44

  87   rms: 0.2177E-02   max: -.3991E-01   C at   44  2
       a = -1.750      CL =  0.1884
      Cm = -0.0843     CD =  0.01327   =>   CDf =  0.00833    CDp =  0.00495

 Side 1  free  transition at x/c =  0.8069   68
 Side 2  free  transition at x/c =  0.2430   44

  88   rms: 0.2177E-02   max: -.3991E-01   C at   44  2
       a = -1.750      CL =  0.1884
      Cm = -0.0843     CD =  0.01327   =>   CDf =  0.00833    CDp =  0.00495

 Side 1  free  transition at x/c =  0.8069   68
 Side 2  free  transition at x/c =  0.2430   44

  89   rms: 0.2177E-02   max: -.3991E-01   C at   44  2
       a = -1.750      CL =  0.1884
      Cm = -0.0843     CD =  0.01327   =>   CDf =  0.00833    CDp =  0.00495

 Side 1  free  transition at x/c =  0.8069   68
 Side 2  free  transition at x/c =  0.2430   44

  90   rms: 0.2177E-02   max: -.3991E-01   C at   44  2
       a = -1.750      CL =  0.1884
      Cm = -0.0843     CD =  0.01327   =>   CDf =  0.00833    CDp =  0.00495

 Side 1  free  transition at x/c =  0.8069   68
 Side 2  free  transition at x/c =  0.2430   44

  91   rms: 0.2177E-02   max: -.3991E-01   C at   44  2
       a = -1.750      CL =  0.1884
      Cm = -0.0843     CD =  0.01327   =>   CDf =  0.00833    CDp =  0.00495

 Side 1  free  transition at x/c =  0.8069   68
 Side 2  free  transition at x/c =  0.2430   44

  92   rms: 0.2177E-02   max: -.3991E-01   C at   44  2
       a = -1.750      CL =  0.1884
      Cm = -0.0843     CD =  0.01327   =>   CDf =  0.00833    CDp =  0.00495

 Side 1  free  transition at x/c =  0.8069   68
 Side 2  free  transition at x/c =  0.2430   44

  93   rms: 0.2177E-02   max: -.3991E-01   C at   44  2
       a = -1.750      CL =  0.1884
      Cm = -0.0843     CD =  0.01327   =>   CDf =  0.00833    CDp =  0.00495

 Side 1  free  transition at x/c =  0.8069   68
 Side 2  free  transition at x/c =  0.2430   44

  94   rms: 0.2177E-02   max: -.3991E-01   C at   44  2
       a = -1.750      CL =  0.1884
      Cm = -0.0843     CD =  0.01327   =>   CDf =  0.00833    CDp =  0.00495

 Side 1  free  transition at x/c =  0.8069   68
 Side 2  free  transition at x/c =  0.2430   44

  95   rms: 0.2177E-02   max: -.3991E-01   C at   44  2
       a = -1.750      CL =  0.1884
      Cm = -0.0843     CD =  0.01327   =>   CDf =  0.00833    CDp =  0.00495

 Side 1  free  transition at x/c =  0.8069   68
 Side 2  free  transition at x/c =  0.2430   44

  96   rms: 0.2177E-02   max: -.3991E-01   C at   44  2
       a = -1.750      CL =  0.1884
      Cm = -0.0843     CD =  0.01327   =>   CDf =  0.00833    CDp =  0.00495

 Side 1  free  transition at x/c =  0.8069   68
 Side 2  free  transition at x/c =  0.2430   44

  97   rms: 0.2177E-02   max: -.3991E-01   C at   44  2
       a = -1.750      CL =  0.1884
      Cm = -0.0843     CD =  0.01327   =>   CDf =  0.00833    CDp =  0.00495

 Side 1  free  transition at x/c =  0.8069   68
 Side 2  free  transition at x/c =  0.2430   44

  98   rms: 0.2177E-02   max: -.3991E-01   C at   44  2
       a = -1.750      CL =  0.1884
      Cm = -0.0843     CD =  0.01327   =>   CDf =  0.00833    CDp =  0.00495

 Side 1  free  transition at x/c =  0.8069   68
 Side 2  free  transition at x/c =  0.2430   44

  99   rms: 0.2177E-02   max: -.3991E-01   C at   44  2
       a = -1.750      CL =  0.1884
      Cm = -0.0843     CD =  0.01327   =>   CDf =  0.00833    CDp =  0.00495

 Side 1  free  transition at x/c =  0.8069   68
 Side 2  free  transition at x/c =  0.2430   44

 100   rms: 0.2177E-02   max: -.3991E-01   C at   44  2
       a = -1.750      CL =  0.1884
      Cm = -0.0843     CD =  0.01327   =>   CDf =  0.00833    CDp =  0.00495

 Side 1  free  transition at x/c =  0.8069   68
 Side 2  free  transition at x/c =  0.2430   44

 101   rms: 0.2177E-02   max: -.3991E-01   C at   44  2
       a = -1.750      CL =  0.1884
      Cm = -0.0843     CD =  0.01327   =>   CDf =  0.00833    CDp =  0.00495

 Side 1  free  transition at x/c =  0.8069   68
 Side 2  free  transition at x/c =  0.2430   44

 102   rms: 0.2177E-02   max: -.3991E-01   C at   44  2
       a = -1.750      CL =  0.1884
      Cm = -0.0843     CD =  0.01327   =>   CDf =  0.00833    CDp =  0.00495

 Side 1  free  transition at x/c =  0.8069   68
 Side 2  free  transition at x/c =  0.2430   44

 103   rms: 0.2177E-02   max: -.3991E-01   C at   44  2
       a = -1.750      CL =  0.1884
      Cm = -0.0843     CD =  0.01327   =>   CDf =  0.00833    CDp =  0.00495

 Side 1  free  transition at x/c =  0.8069   68
 Side 2  free  transition at x/c =  0.2430   44

 104   rms: 0.2177E-02   max: -.3991E-01   C at   44  2
       a = -1.750      CL =  0.1884
      Cm = -0.0843     CD =  0.01327   =>   CDf =  0.00833    CDp =  0.00495

 Side 1  free  transition at x/c =  0.8069   68
 Side 2  free  transition at x/c =  0.2430   44

 105   rms: 0.2177E-02   max: -.3991E-01   C at   44  2
       a = -1.750      CL =  0.1884
      Cm = -0.0843     CD =  0.01327   =>   CDf =  0.00833    CDp =  0.00495

 Side 1  free  transition at x/c =  0.8069   68
 Side 2  free  transition at x/c =  0.2430   44

 106   rms: 0.2177E-02   max: -.3991E-01   C at   44  2
       a = -1.750      CL =  0.1884
      Cm = -0.0843     CD =  0.01327   =>   CDf =  0.00833    CDp =  0.00495

 Side 1  free  transition at x/c =  0.8069   68
 Side 2  free  transition at x/c =  0.2430   44

 107   rms: 0.2177E-02   max: -.3991E-01   C at   44  2
       a = -1.750      CL =  0.1884
      Cm = -0.0843     CD =  0.01327   =>   CDf =  0.00833    CDp =  0.00495

 Side 1  free  transition at x/c =  0.8069   68
 Side 2  free  transition at x/c =  0.2430   44

 108   rms: 0.2177E-02   max: -.3991E-01   C at   44  2
       a = -1.750      CL =  0.1884
      Cm = -0.0843     CD =  0.01327   =>   CDf =  0.00833    CDp =  0.00495

 Side 1  free  transition at x/c =  0.8069   68
 Side 2  free  transition at x/c =  0.2430   44

 109   rms: 0.2177E-02   max: -.3991E-01   C at   44  2
       a = -1.750      CL =  0.1884
      Cm = -0.0843     CD =  0.01327   =>   CDf =  0.00833    CDp =  0.00495

 Side 1  free  transition at x/c =  0.8069   68
 Side 2  free  transition at x/c =  0.2430   44

 110   rms: 0.2177E-02   max: -.3991E-01   C at   44  2
       a = -1.750      CL =  0.1884
      Cm = -0.0843     CD =  0.01327   =>   CDf =  0.00833    CDp =  0.00495

 Side 1  free  transition at x/c =  0.8069   68
 Side 2  free  transition at x/c =  0.2430   44

 111   rms: 0.2177E-02   max: -.3991E-01   C at   44  2
       a = -1.750      CL =  0.1884
      Cm = -0.0843     CD =  0.01327   =>   CDf =  0.00833    CDp =  0.00495

 Side 1  free  transition at x/c =  0.8069   68
 Side 2  free  transition at x/c =  0.2430   44

 112   rms: 0.2177E-02   max: -.3991E-01   C at   44  2
       a = -1.750      CL =  0.1884
      Cm = -0.0843     CD =  0.01327   =>   CDf =  0.00833    CDp =  0.00495

 Side 1  free  transition at x/c =  0.8069   68
 Side 2  free  transition at x/c =  0.2430   44

 113   rms: 0.2177E-02   max: -.3991E-01   C at   44  2
       a = -1.750      CL =  0.1884
      Cm = -0.0843     CD =  0.01327   =>   CDf =  0.00833    CDp =  0.00495

 Side 1  free  transition at x/c =  0.8069   68
 Side 2  free  transition at x/c =  0.2430   44

 114   rms: 0.2177E-02   max: -.3991E-01   C at   44  2
       a = -1.750      CL =  0.1884
      Cm = -0.0843     CD =  0.01327   =>   CDf =  0.00833    CDp =  0.00495

 Side 1  free  transition at x/c =  0.8069   68
 Side 2  free  transition at x/c =  0.2430   44

 115   rms: 0.2177E-02   max: -.3991E-01   C at   44  2
       a = -1.750      CL =  0.1884
      Cm = -0.0843     CD =  0.01327   =>   CDf =  0.00833    CDp =  0.00495

 Side 1  free  transition at x/c =  0.8069   68
 Side 2  free  transition at x/c =  0.2430   44

 116   rms: 0.2177E-02   max: -.3991E-01   C at   44  2
       a = -1.750      CL =  0.1884
      Cm = -0.0843     CD =  0.01327   =>   CDf =  0.00833    CDp =  0.00495

 Side 1  free  transition at x/c =  0.8069   68
 Side 2  free  transition at x/c =  0.2430   44

 117   rms: 0.2177E-02   max: -.3991E-01   C at   44  2
       a = -1.750      CL =  0.1884
      Cm = -0.0843     CD =  0.01327   =>   CDf =  0.00833    CDp =  0.00495

 Side 1  free  transition at x/c =  0.8069   68
 Side 2  free  transition at x/c =  0.2430   44

 118   rms: 0.2177E-02   max: -.3991E-01   C at   44  2
       a = -1.750      CL =  0.1884
      Cm = -0.0843     CD =  0.01327   =>   CDf =  0.00833    CDp =  0.00495

 Side 1  free  transition at x/c =  0.8069   68
 Side 2  free  transition at x/c =  0.2430   44

 119   rms: 0.2177E-02   max: -.3991E-01   C at   44  2
       a = -1.750      CL =  0.1884
      Cm = -0.0843     CD =  0.01327   =>   CDf =  0.00833    CDp =  0.00495

 Side 1  free  transition at x/c =  0.8069   68
 Side 2  free  transition at x/c =  0.2430   44

 120   rms: 0.2177E-02   max: -.3991E-01   C at   44  2
       a = -1.750      CL =  0.1884
      Cm = -0.0843     CD =  0.01327   =>   CDf =  0.00833    CDp =  0.00495

 Side 1  free  transition at x/c =  0.8069   68
 Side 2  free  transition at x/c =  0.2430   44

 121   rms: 0.2177E-02   max: -.3991E-01   C at   44  2
       a = -1.750      CL =  0.1884
      Cm = -0.0843     CD =  0.01327   =>   CDf =  0.00833    CDp =  0.00495

 Side 1  free  transition at x/c =  0.8069   68
 Side 2  free  transition at x/c =  0.2430   44

 122   rms: 0.2177E-02   max: -.3991E-01   C at   44  2
       a = -1.750      CL =  0.1884
      Cm = -0.0843     CD =  0.01327   =>   CDf =  0.00833    CDp =  0.00495

 Side 1  free  transition at x/c =  0.8069   68
 Side 2  free  transition at x/c =  0.2430   44

 123   rms: 0.2177E-02   max: -.3991E-01   C at   44  2
       a = -1.750      CL =  0.1884
      Cm = -0.0843     CD =  0.01327   =>   CDf =  0.00833    CDp =  0.00495

 Side 1  free  transition at x/c =  0.8069   68
 Side 2  free  transition at x/c =  0.2430   44

 124   rms: 0.2177E-02   max: -.3991E-01   C at   44  2
       a = -1.750      CL =  0.1884
      Cm = -0.0843     CD =  0.01327   =>   CDf =  0.00833    CDp =  0.00495

 Side 1  free  transition at x/c =  0.8069   68
 Side 2  free  transition at x/c =  0.2430   44

 125   rms: 0.2177E-02   max: -.3991E-01   C at   44  2
       a = -1.750      CL =  0.1884
      Cm = -0.0843     CD =  0.01327   =>   CDf =  0.00833    CDp =  0.00495

 Side 1  free  transition at x/c =  0.8069   68
 Side 2  free  transition at x/c =  0.2430   44

 126   rms: 0.2177E-02   max: -.3991E-01   C at   44  2
       a = -1.750      CL =  0.1884
      Cm = -0.0843     CD =  0.01327   =>   CDf =  0.00833    CDp =  0.00495

 Side 1  free  transition at x/c =  0.8069   68
 Side 2  free  transition at x/c =  0.2430   44

 127   rms: 0.2177E-02   max: -.3991E-01   C at   44  2
       a = -1.750      CL =  0.1884
      Cm = -0.0843     CD =  0.01327   =>   CDf =  0.00833    CDp =  0.00495

 Side 1  free  transition at x/c =  0.8069   68
 Side 2  free  transition at x/c =  0.2430   44

 128   rms: 0.2177E-02   max: -.3991E-01   C at   44  2
       a = -1.750      CL =  0.1884
      Cm = -0.0843     CD =  0.01327   =>   CDf =  0.00833    CDp =  0.00495

 Side 1  free  transition at x/c =  0.8069   68
 Side 2  free  transition at x/c =  0.2430   44

 129   rms: 0.2177E-02   max: -.3991E-01   C at   44  2
       a = -1.750      CL =  0.1884
      Cm = -0.0843     CD =  0.01327   =>   CDf =  0.00833    CDp =  0.00495

 Side 1  free  transition at x/c =  0.8069   68
 Side 2  free  transition at x/c =  0.2430   44

 130   rms: 0.2177E-02   max: -.3991E-01   C at   44  2
       a = -1.750      CL =  0.1884
      Cm = -0.0843     CD =  0.01327   =>   CDf =  0.00833    CDp =  0.00495

 Side 1  free  transition at x/c =  0.8069   68
 Side 2  free  transition at x/c =  0.2430   44

 131   rms: 0.2177E-02   max: -.3991E-01   C at   44  2
       a = -1.750      CL =  0.1884
      Cm = -0.0843     CD =  0.01327   =>   CDf =  0.00833    CDp =  0.00495

 Side 1  free  transition at x/c =  0.8069   68
 Side 2  free  transition at x/c =  0.2430   44

 132   rms: 0.2177E-02   max: -.3991E-01   C at   44  2
       a = -1.750      CL =  0.1884
      Cm = -0.0843     CD =  0.01327   =>   CDf =  0.00833    CDp =  0.00495

 Side 1  free  transition at x/c =  0.8069   68
 Side 2  free  transition at x/c =  0.2430   44

 133   rms: 0.2177E-02   max: -.3991E-01   C at   44  2
       a = -1.750      CL =  0.1884
      Cm = -0.0843     CD =  0.01327   =>   CDf =  0.00833    CDp =  0.00495

 Side 1  free  transition at x/c =  0.8069   68
 Side 2  free  transition at x/c =  0.2430   44

 134   rms: 0.2177E-02   max: -.3991E-01   C at   44  2
       a = -1.750      CL =  0.1884
      Cm = -0.0843     CD =  0.01327   =>   CDf =  0.00833    CDp =  0.00495

 Side 1  free  transition at x/c =  0.8069   68
 Side 2  free  transition at x/c =  0.2430   44

 135   rms: 0.2177E-02   max: -.3991E-01   C at   44  2
       a = -1.750      CL =  0.1884
      Cm = -0.0843     CD =  0.01327   =>   CDf =  0.00833    CDp =  0.00495

 Side 1  free  transition at x/c =  0.8069   68
 Side 2  free  transition at x/c =  0.2430   44

 136   rms: 0.2177E-02   max: -.3991E-01   C at   44  2
       a = -1.750      CL =  0.1884
      Cm = -0.0843     CD =  0.01327   =>   CDf =  0.00833    CDp =  0.00495

 Side 1  free  transition at x/c =  0.8069   68
 Side 2  free  transition at x/c =  0.2430   44

 137   rms: 0.2177E-02   max: -.3991E-01   C at   44  2
       a = -1.750      CL =  0.1884
      Cm = -0.0843     CD =  0.01327   =>   CDf =  0.00833    CDp =  0.00495

 Side 1  free  transition at x/c =  0.8069   68
 Side 2  free  transition at x/c =  0.2430   44

 138   rms: 0.2177E-02   max: -.3991E-01   C at   44  2
       a = -1.750      CL =  0.1884
      Cm = -0.0843     CD =  0.01327   =>   CDf =  0.00833    CDp =  0.00495

 Side 1  free  transition at x/c =  0.8069   68
 Side 2  free  transition at x/c =  0.2430   44

 139   rms: 0.2177E-02   max: -.3991E-01   C at   44  2
       a = -1.750      CL =  0.1884
      Cm = -0.0843     CD =  0.01327   =>   CDf =  0.00833    CDp =  0.00495

 Side 1  free  transition at x/c =  0.8069   68
 Side 2  free  transition at x/c =  0.2430   44

 140   rms: 0.2177E-02   max: -.3991E-01   C at   44  2
       a = -1.750      CL =  0.1884
      Cm = -0.0843     CD =  0.01327   =>   CDf =  0.00833    CDp =  0.00495

 Side 1  free  transition at x/c =  0.8069   68
 Side 2  free  transition at x/c =  0.2430   44

 141   rms: 0.2177E-02   max: -.3991E-01   C at   44  2
       a = -1.750      CL =  0.1884
      Cm = -0.0843     CD =  0.01327   =>   CDf =  0.00833    CDp =  0.00495

 Side 1  free  transition at x/c =  0.8069   68
 Side 2  free  transition at x/c =  0.2430   44

 142   rms: 0.2177E-02   max: -.3991E-01   C at   44  2
       a = -1.750      CL =  0.1884
      Cm = -0.0843     CD =  0.01327   =>   CDf =  0.00833    CDp =  0.00495

 Side 1  free  transition at x/c =  0.8069   68
 Side 2  free  transition at x/c =  0.2430   44

 143   rms: 0.2177E-02   max: -.3991E-01   C at   44  2
       a = -1.750      CL =  0.1884
      Cm = -0.0843     CD =  0.01327   =>   CDf =  0.00833    CDp =  0.00495

 Side 1  free  transition at x/c =  0.8069   68
 Side 2  free  transition at x/c =  0.2430   44

 144   rms: 0.2177E-02   max: -.3991E-01   C at   44  2
       a = -1.750      CL =  0.1884
      Cm = -0.0843     CD =  0.01327   =>   CDf =  0.00833    CDp =  0.00495

 Side 1  free  transition at x/c =  0.8069   68
 Side 2  free  transition at x/c =  0.2430   44

 145   rms: 0.2177E-02   max: -.3991E-01   C at   44  2
       a = -1.750      CL =  0.1884
      Cm = -0.0843     CD =  0.01327   =>   CDf =  0.00833    CDp =  0.00495

 Side 1  free  transition at x/c =  0.8069   68
 Side 2  free  transition at x/c =  0.2430   44

 146   rms: 0.2177E-02   max: -.3991E-01   C at   44  2
       a = -1.750      CL =  0.1884
      Cm = -0.0843     CD =  0.01327   =>   CDf =  0.00833    CDp =  0.00495

 Side 1  free  transition at x/c =  0.8069   68
 Side 2  free  transition at x/c =  0.2430   44

 147   rms: 0.2177E-02   max: -.3991E-01   C at   44  2
       a = -1.750      CL =  0.1884
      Cm = -0.0843     CD =  0.01327   =>   CDf =  0.00833    CDp =  0.00495

 Side 1  free  transition at x/c =  0.8069   68
 Side 2  free  transition at x/c =  0.2430   44

 148   rms: 0.2177E-02   max: -.3991E-01   C at   44  2
       a = -1.750      CL =  0.1884
      Cm = -0.0843     CD =  0.01327   =>   CDf =  0.00833    CDp =  0.00495

 Side 1  free  transition at x/c =  0.8069   68
 Side 2  free  transition at x/c =  0.2430   44

 149   rms: 0.2177E-02   max: -.3991E-01   C at   44  2
       a = -1.750      CL =  0.1884
      Cm = -0.0843     CD =  0.01327   =>   CDf =  0.00833    CDp =  0.00495

 Side 1  free  transition at x/c =  0.8069   68
 Side 2  free  transition at x/c =  0.2430   44

 150   rms: 0.2177E-02   max: -.3991E-01   C at   44  2
       a = -1.750      CL =  0.1884
      Cm = -0.0843     CD =  0.01327   =>   CDf =  0.00833    CDp =  0.00495

 Side 1  free  transition at x/c =  0.8069   68
 Side 2  free  transition at x/c =  0.2430   44

 151   rms: 0.2177E-02   max: -.3991E-01   C at   44  2
       a = -1.750      CL =  0.1884
      Cm = -0.0843     CD =  0.01327   =>   CDf =  0.00833    CDp =  0.00495

 Side 1  free  transition at x/c =  0.8069   68
 Side 2  free  transition at x/c =  0.2430   44

 152   rms: 0.2177E-02   max: -.3991E-01   C at   44  2
       a = -1.750      CL =  0.1884
      Cm = -0.0843     CD =  0.01327   =>   CDf =  0.00833    CDp =  0.00495

 Side 1  free  transition at x/c =  0.8069   68
 Side 2  free  transition at x/c =  0.2430   44

 153   rms: 0.2177E-02   max: -.3991E-01   C at   44  2
       a = -1.750      CL =  0.1884
      Cm = -0.0843     CD =  0.01327   =>   CDf =  0.00833    CDp =  0.00495

 Side 1  free  transition at x/c =  0.8069   68
 Side 2  free  transition at x/c =  0.2430   44

 154   rms: 0.2177E-02   max: -.3991E-01   C at   44  2
       a = -1.750      CL =  0.1884
      Cm = -0.0843     CD =  0.01327   =>   CDf =  0.00833    CDp =  0.00495

 Side 1  free  transition at x/c =  0.8069   68
 Side 2  free  transition at x/c =  0.2430   44

 155   rms: 0.2177E-02   max: -.3991E-01   C at   44  2
       a = -1.750      CL =  0.1884
      Cm = -0.0843     CD =  0.01327   =>   CDf =  0.00833    CDp =  0.00495

 Side 1  free  transition at x/c =  0.8069   68
 Side 2  free  transition at x/c =  0.2430   44

 156   rms: 0.2177E-02   max: -.3991E-01   C at   44  2
       a = -1.750      CL =  0.1884
      Cm = -0.0843     CD =  0.01327   =>   CDf =  0.00833    CDp =  0.00495

 Side 1  free  transition at x/c =  0.8069   68
 Side 2  free  transition at x/c =  0.2430   44

 157   rms: 0.2177E-02   max: -.3991E-01   C at   44  2
       a = -1.750      CL =  0.1884
      Cm = -0.0843     CD =  0.01327   =>   CDf =  0.00833    CDp =  0.00495

 Side 1  free  transition at x/c =  0.8069   68
 Side 2  free  transition at x/c =  0.2430   44

 158   rms: 0.2177E-02   max: -.3991E-01   C at   44  2
       a = -1.750      CL =  0.1884
      Cm = -0.0843     CD =  0.01327   =>   CDf =  0.00833    CDp =  0.00495

 Side 1  free  transition at x/c =  0.8069   68
 Side 2  free  transition at x/c =  0.2430   44

 159   rms: 0.2177E-02   max: -.3991E-01   C at   44  2
       a = -1.750      CL =  0.1884
      Cm = -0.0843     CD =  0.01327   =>   CDf =  0.00833    CDp =  0.00495

 Side 1  free  transition at x/c =  0.8069   68
 Side 2  free  transition at x/c =  0.2430   44

 160   rms: 0.2177E-02   max: -.3991E-01   C at   44  2
       a = -1.750      CL =  0.1884
      Cm = -0.0843     CD =  0.01327   =>   CDf =  0.00833    CDp =  0.00495

 Side 1  free  transition at x/c =  0.8069   68
 Side 2  free  transition at x/c =  0.2430   44

 161   rms: 0.2177E-02   max: -.3991E-01   C at   44  2
       a = -1.750      CL =  0.1884
      Cm = -0.0843     CD =  0.01327   =>   CDf =  0.00833    CDp =  0.00495

 Side 1  free  transition at x/c =  0.8069   68
 Side 2  free  transition at x/c =  0.2430   44

 162   rms: 0.2177E-02   max: -.3991E-01   C at   44  2
       a = -1.750      CL =  0.1884
      Cm = -0.0843     CD =  0.01327   =>   CDf =  0.00833    CDp =  0.00495

 Side 1  free  transition at x/c =  0.8069   68
 Side 2  free  transition at x/c =  0.2430   44

 163   rms: 0.2177E-02   max: -.3991E-01   C at   44  2
       a = -1.750      CL =  0.1884
      Cm = -0.0843     CD =  0.01327   =>   CDf =  0.00833    CDp =  0.00495

 Side 1  free  transition at x/c =  0.8069   68
 Side 2  free  transition at x/c =  0.2430   44

 164   rms: 0.2177E-02   max: -.3991E-01   C at   44  2
       a = -1.750      CL =  0.1884
      Cm = -0.0843     CD =  0.01327   =>   CDf =  0.00833    CDp =  0.00495

 Side 1  free  transition at x/c =  0.8069   68
 Side 2  free  transition at x/c =  0.2430   44

 165   rms: 0.2177E-02   max: -.3991E-01   C at   44  2
       a = -1.750      CL =  0.1884
      Cm = -0.0843     CD =  0.01327   =>   CDf =  0.00833    CDp =  0.00495

 Side 1  free  transition at x/c =  0.8069   68
 Side 2  free  transition at x/c =  0.2430   44

 166   rms: 0.2177E-02   max: -.3991E-01   C at   44  2
       a = -1.750      CL =  0.1884
      Cm = -0.0843     CD =  0.01327   =>   CDf =  0.00833    CDp =  0.00495

 Side 1  free  transition at x/c =  0.8069   68
 Side 2  free  transition at x/c =  0.2430   44

 167   rms: 0.2177E-02   max: -.3991E-01   C at   44  2
       a = -1.750      CL =  0.1884
      Cm = -0.0843     CD =  0.01327   =>   CDf =  0.00833    CDp =  0.00495

 Side 1  free  transition at x/c =  0.8069   68
 Side 2  free  transition at x/c =  0.2430   44

 168   rms: 0.2177E-02   max: -.3991E-01   C at   44  2
       a = -1.750      CL =  0.1884
      Cm = -0.0843     CD =  0.01327   =>   CDf =  0.00833    CDp =  0.00495

 Side 1  free  transition at x/c =  0.8069   68
 Side 2  free  transition at x/c =  0.2430   44

 169   rms: 0.2177E-02   max: -.3991E-01   C at   44  2
       a = -1.750      CL =  0.1884
      Cm = -0.0843     CD =  0.01327   =>   CDf =  0.00833    CDp =  0.00495

 Side 1  free  transition at x/c =  0.8069   68
 Side 2  free  transition at x/c =  0.2430   44

 170   rms: 0.2177E-02   max: -.3991E-01   C at   44  2
       a = -1.750      CL =  0.1884
      Cm = -0.0843     CD =  0.01327   =>   CDf =  0.00833    CDp =  0.00495

 Side 1  free  transition at x/c =  0.8069   68
 Side 2  free  transition at x/c =  0.2430   44

 171   rms: 0.2177E-02   max: -.3991E-01   C at   44  2
       a = -1.750      CL =  0.1884
      Cm = -0.0843     CD =  0.01327   =>   CDf =  0.00833    CDp =  0.00495

 Side 1  free  transition at x/c =  0.8069   68
 Side 2  free  transition at x/c =  0.2430   44

 172   rms: 0.2177E-02   max: -.3991E-01   C at   44  2
       a = -1.750      CL =  0.1884
      Cm = -0.0843     CD =  0.01327   =>   CDf =  0.00833    CDp =  0.00495

 Side 1  free  transition at x/c =  0.8069   68
 Side 2  free  transition at x/c =  0.2430   44

 173   rms: 0.2177E-02   max: -.3991E-01   C at   44  2
       a = -1.750      CL =  0.1884
      Cm = -0.0843     CD =  0.01327   =>   CDf =  0.00833    CDp =  0.00495

 Side 1  free  transition at x/c =  0.8069   68
 Side 2  free  transition at x/c =  0.2430   44

 174   rms: 0.2177E-02   max: -.3991E-01   C at   44  2
       a = -1.750      CL =  0.1884
      Cm = -0.0843     CD =  0.01327   =>   CDf =  0.00833    CDp =  0.00495

 Side 1  free  transition at x/c =  0.8069   68
 Side 2  free  transition at x/c =  0.2430   44

 175   rms: 0.2177E-02   max: -.3991E-01   C at   44  2
       a = -1.750      CL =  0.1884
      Cm = -0.0843     CD =  0.01327   =>   CDf =  0.00833    CDp =  0.00495

 Side 1  free  transition at x/c =  0.8069   68
 Side 2  free  transition at x/c =  0.2430   44

 176   rms: 0.2177E-02   max: -.3991E-01   C at   44  2
       a = -1.750      CL =  0.1884
      Cm = -0.0843     CD =  0.01327   =>   CDf =  0.00833    CDp =  0.00495

 Side 1  free  transition at x/c =  0.8069   68
 Side 2  free  transition at x/c =  0.2430   44

 177   rms: 0.2177E-02   max: -.3991E-01   C at   44  2
       a = -1.750      CL =  0.1884
      Cm = -0.0843     CD =  0.01327   =>   CDf =  0.00833    CDp =  0.00495

 Side 1  free  transition at x/c =  0.8069   68
 Side 2  free  transition at x/c =  0.2430   44

 178   rms: 0.2177E-02   max: -.3991E-01   C at   44  2
       a = -1.750      CL =  0.1884
      Cm = -0.0843     CD =  0.01327   =>   CDf =  0.00833    CDp =  0.00495

 Side 1  free  transition at x/c =  0.8069   68
 Side 2  free  transition at x/c =  0.2430   44

 179   rms: 0.2177E-02   max: -.3991E-01   C at   44  2
       a = -1.750      CL =  0.1884
      Cm = -0.0843     CD =  0.01327   =>   CDf =  0.00833    CDp =  0.00495

 Side 1  free  transition at x/c =  0.8069   68
 Side 2  free  transition at x/c =  0.2430   44

 180   rms: 0.2177E-02   max: -.3991E-01   C at   44  2
       a = -1.750      CL =  0.1884
      Cm = -0.0843     CD =  0.01327   =>   CDf =  0.00833    CDp =  0.00495

 Side 1  free  transition at x/c =  0.8069   68
 Side 2  free  transition at x/c =  0.2430   44

 181   rms: 0.2177E-02   max: -.3991E-01   C at   44  2
       a = -1.750      CL =  0.1884
      Cm = -0.0843     CD =  0.01327   =>   CDf =  0.00833    CDp =  0.00495

 Side 1  free  transition at x/c =  0.8069   68
 Side 2  free  transition at x/c =  0.2430   44

 182   rms: 0.2177E-02   max: -.3991E-01   C at   44  2
       a = -1.750      CL =  0.1884
      Cm = -0.0843     CD =  0.01327   =>   CDf =  0.00833    CDp =  0.00495

 Side 1  free  transition at x/c =  0.8069   68
 Side 2  free  transition at x/c =  0.2430   44

 183   rms: 0.2177E-02   max: -.3991E-01   C at   44  2
       a = -1.750      CL =  0.1884
      Cm = -0.0843     CD =  0.01327   =>   CDf =  0.00833    CDp =  0.00495

 Side 1  free  transition at x/c =  0.8069   68
 Side 2  free  transition at x/c =  0.2430   44

 184   rms: 0.2177E-02   max: -.3991E-01   C at   44  2
       a = -1.750      CL =  0.1884
      Cm = -0.0843     CD =  0.01327   =>   CDf =  0.00833    CDp =  0.00495

 Side 1  free  transition at x/c =  0.8069   68
 Side 2  free  transition at x/c =  0.2430   44

 185   rms: 0.2177E-02   max: -.3991E-01   C at   44  2
       a = -1.750      CL =  0.1884
      Cm = -0.0843     CD =  0.01327   =>   CDf =  0.00833    CDp =  0.00495

 Side 1  free  transition at x/c =  0.8069   68
 Side 2  free  transition at x/c =  0.2430   44

 186   rms: 0.2177E-02   max: -.3991E-01   C at   44  2
       a = -1.750      CL =  0.1884
      Cm = -0.0843     CD =  0.01327   =>   CDf =  0.00833    CDp =  0.00495

 Side 1  free  transition at x/c =  0.8069   68
 Side 2  free  transition at x/c =  0.2430   44

 187   rms: 0.2177E-02   max: -.3991E-01   C at   44  2
       a = -1.750      CL =  0.1884
      Cm = -0.0843     CD =  0.01327   =>   CDf =  0.00833    CDp =  0.00495

 Side 1  free  transition at x/c =  0.8069   68
 Side 2  free  transition at x/c =  0.2430   44

 188   rms: 0.2177E-02   max: -.3991E-01   C at   44  2
       a = -1.750      CL =  0.1884
      Cm = -0.0843     CD =  0.01327   =>   CDf =  0.00833    CDp =  0.00495

 Side 1  free  transition at x/c =  0.8069   68
 Side 2  free  transition at x/c =  0.2430   44

 189   rms: 0.2177E-02   max: -.3991E-01   C at   44  2
       a = -1.750      CL =  0.1884
      Cm = -0.0843     CD =  0.01327   =>   CDf =  0.00833    CDp =  0.00495

 Side 1  free  transition at x/c =  0.8069   68
 Side 2  free  transition at x/c =  0.2430   44

 190   rms: 0.2177E-02   max: -.3991E-01   C at   44  2
       a = -1.750      CL =  0.1884
      Cm = -0.0843     CD =  0.01327   =>   CDf =  0.00833    CDp =  0.00495

 Side 1  free  transition at x/c =  0.8069   68
 Side 2  free  transition at x/c =  0.2430   44

 191   rms: 0.2177E-02   max: -.3991E-01   C at   44  2
       a = -1.750      CL =  0.1884
      Cm = -0.0843     CD =  0.01327   =>   CDf =  0.00833    CDp =  0.00495

 Side 1  free  transition at x/c =  0.8069   68
 Side 2  free  transition at x/c =  0.2430   44

 192   rms: 0.2177E-02   max: -.3991E-01   C at   44  2
       a = -1.750      CL =  0.1884
      Cm = -0.0843     CD =  0.01327   =>   CDf =  0.00833    CDp =  0.00495

 Side 1  free  transition at x/c =  0.8069   68
 Side 2  free  transition at x/c =  0.2430   44

 193   rms: 0.2177E-02   max: -.3991E-01   C at   44  2
       a = -1.750      CL =  0.1884
      Cm = -0.0843     CD =  0.01327   =>   CDf =  0.00833    CDp =  0.00495

 Side 1  free  transition at x/c =  0.8069   68
 Side 2  free  transition at x/c =  0.2430   44

 194   rms: 0.2177E-02   max: -.3991E-01   C at   44  2
       a = -1.750      CL =  0.1884
      Cm = -0.0843     CD =  0.01327   =>   CDf =  0.00833    CDp =  0.00495

 Side 1  free  transition at x/c =  0.8069   68
 Side 2  free  transition at x/c =  0.2430   44

 195   rms: 0.2177E-02   max: -.3991E-01   C at   44  2
       a = -1.750      CL =  0.1884
      Cm = -0.0843     CD =  0.01327   =>   CDf =  0.00833    CDp =  0.00495

 Side 1  free  transition at x/c =  0.8069   68
 Side 2  free  transition at x/c =  0.2430   44

 196   rms: 0.2177E-02   max: -.3991E-01   C at   44  2
       a = -1.750      CL =  0.1884
      Cm = -0.0843     CD =  0.01327   =>   CDf =  0.00833    CDp =  0.00495

 Side 1  free  transition at x/c =  0.8069   68
 Side 2  free  transition at x/c =  0.2430   44

 197   rms: 0.2177E-02   max: -.3991E-01   C at   44  2
       a = -1.750      CL =  0.1884
      Cm = -0.0843     CD =  0.01327   =>   CDf =  0.00833    CDp =  0.00495

 Side 1  free  transition at x/c =  0.8069   68
 Side 2  free  transition at x/c =  0.2430   44

 198   rms: 0.2177E-02   max: -.3991E-01   C at   44  2
       a = -1.750      CL =  0.1884
      Cm = -0.0843     CD =  0.01327   =>   CDf =  0.00833    CDp =  0.00495

 Side 1  free  transition at x/c =  0.8069   68
 Side 2  free  transition at x/c =  0.2430   44

 199   rms: 0.2177E-02   max: -.3991E-01   C at   44  2
       a = -1.750      CL =  0.1884
      Cm = -0.0843     CD =  0.01327   =>   CDf =  0.00833    CDp =  0.00495

 Side 1  free  transition at x/c =  0.8069   68
 Side 2  free  transition at x/c =  0.2430   44

 200   rms: 0.2177E-02   max: -.3991E-01   C at   44  2
       a = -1.750      CL =  0.1884
      Cm = -0.0843     CD =  0.01327   =>   CDf =  0.00833    CDp =  0.00495

 Side 1  free  transition at x/c =  0.8069   68
 Side 2  free  transition at x/c =  0.2430   44

 201   rms: 0.2177E-02   max: -.3991E-01   C at   44  2
       a = -1.750      CL =  0.1884
      Cm = -0.0843     CD =  0.01327   =>   CDf =  0.00833    CDp =  0.00495

 Side 1  free  transition at x/c =  0.8069   68
 Side 2  free  transition at x/c =  0.2430   44

 202   rms: 0.2177E-02   max: -.3991E-01   C at   44  2
       a = -1.750      CL =  0.1884
      Cm = -0.0843     CD =  0.01327   =>   CDf =  0.00833    CDp =  0.00495

 Side 1  free  transition at x/c =  0.8069   68
 Side 2  free  transition at x/c =  0.2430   44

 203   rms: 0.2177E-02   max: -.3991E-01   C at   44  2
       a = -1.750      CL =  0.1884
      Cm = -0.0843     CD =  0.01327   =>   CDf =  0.00833    CDp =  0.00495

 Side 1  free  transition at x/c =  0.8069   68
 Side 2  free  transition at x/c =  0.2430   44

 204   rms: 0.2177E-02   max: -.3991E-01   C at   44  2
       a = -1.750      CL =  0.1884
      Cm = -0.0843     CD =  0.01327   =>   CDf =  0.00833    CDp =  0.00495

 Side 1  free  transition at x/c =  0.8069   68
 Side 2  free  transition at x/c =  0.2430   44

 205   rms: 0.2177E-02   max: -.3991E-01   C at   44  2
       a = -1.750      CL =  0.1884
      Cm = -0.0843     CD =  0.01327   =>   CDf =  0.00833    CDp =  0.00495
 VISCAL:  Convergence failed
      5.000    4.6989   0.013273   0.003910   0.004619   0.000709    0.8069     #
 Calculating wake trajectory ...
 Calculating source influence matrix ...

 Solving BL system ...

 Side 1  free  transition at x/c =  0.8069   68
 Side 2  free  transition at x/c =  0.2430   44

   1   rms: 0.5588E-01   max: -.6451E+00   C at   44  2   RLX: 0.775
       a = -1.500      CL =  0.2099
      Cm = -0.0841     CD =  0.01309   =>   CDf =  0.00826    CDp =  0.00483

 Side 1  free  transition at x/c =  0.7992   68
 Side 2  free  transition at x/c =  0.3120   47

   2   rms: 0.2408E-01   max: -.2971E+00   D at    2  1
       a = -1.500      CL =  0.2149
      Cm = -0.0839     CD =  0.01289   =>   CDf =  0.00819    CDp =  0.00470

 Side 1  free  transition at x/c =  0.7970   68
 Side 2  free  transition at x/c =  0.3159   48

   3   rms: 0.1831E-02   max: -.2663E-01   D at   47  2
       a = -1.500      CL =  0.2149
      Cm = -0.0839     CD =  0.01289   =>   CDf =  0.00812    CDp =  0.00478

 Side 1  free  transition at x/c =  0.7971   68
 Side 2  free  transition at x/c =  0.3138   47

   4   rms: 0.1732E-03   max: 0.2788E-02   C at   47  2
       a = -1.500      CL =  0.2149
      Cm = -0.0839     CD =  0.01289   =>   CDf =  0.00811    CDp =  0.00478

 Side 1  free  transition at x/c =  0.7971   68
 Side 2  free  transition at x/c =  0.3137   47

   5   rms: 0.4371E-06   max: -.3457E-05   C at   47  2
       a = -1.500      CL =  0.2149
      Cm = -0.0839     CD =  0.01289   =>   CDf =  0.00811    CDp =  0.00478
      5.000    4.6118   0.012890   0.003943   0.004584   0.000641    0.7971     #

 Point added to stored polar  1
 Point written to save file  clarky_re150000_realistic_model.polar           
 Dump file unspecified or not available
 Calculating wake trajectory ...
 Calculating source influence matrix ...

 Solving BL system ...

 Side 1  free  transition at x/c =  0.7971   68
 Side 2  free  transition at x/c =  0.3137   47

   1   rms: 0.6377E-01   max: -.9203E+00   C at   47  2   RLX: 0.543
       a = -1.250      CL =  0.2278
      Cm = -0.0835     CD =  0.01277   =>   CDf =  0.00811    CDp =  0.00466

 Side 1  free  transition at x/c =  0.7896   68
 Side 2  free  transition at x/c =  0.3519   49

   2   rms: 0.2756E-01   max: -.3534E+00   C at   49  2
       a = -1.250      CL =  0.2402
      Cm = -0.0833     CD =  0.01261   =>   CDf =  0.00800    CDp =  0.00461

 Side 1  free  transition at x/c =  0.7854   68
 Side 2  free  transition at x/c =  0.4006   52

   3   rms: 0.7846E-02   max: 0.1346E+00   C at   52  2
       a = -1.250      CL =  0.2395
      Cm = -0.0832     CD =  0.01248   =>   CDf =  0.00780    CDp =  0.00468

 Side 1  free  transition at x/c =  0.7859   68
 Side 2  free  transition at x/c =  0.3949   52

   4   rms: 0.2487E-03   max: 0.3937E-02   C at   52  2
       a = -1.250      CL =  0.2394
      Cm = -0.0832     CD =  0.01248   =>   CDf =  0.00782    CDp =  0.00466

 Side 1  free  transition at x/c =  0.7859   68
 Side 2  free  transition at x/c =  0.3947   52

   5   rms: 0.4907E-06   max: 0.3032E-05   D at   58  2
       a = -1.250      CL =  0.2394
      Cm = -0.0832     CD =  0.01248   =>   CDf =  0.00782    CDp =  0.00466
      5.000    4.5515   0.012478   0.003972   0.004558   0.000586    0.7859     #

 Point added to stored polar  1
 Point written to save file  clarky_re150000_realistic_model.polar           
 Dump file unspecified or not available
 Calculating wake trajectory ...
 Calculating source influence matrix ...

 Solving BL system ...

 Side 1  free  transition at x/c =  0.7859   68
 Side 2  free  transition at x/c =  0.3947   52

   1   rms: 0.1031E+00   max: -.1716E+01   C at   52  2   RLX: 0.291
       a = -1.000      CL =  0.2468
      Cm = -0.0830     CD =  0.01233   =>   CDf =  0.00782    CDp =  0.00451

 Side 1  free  transition at x/c =  0.7830   68
 Side 2  free  transition at x/c =  0.4195   53

   2   rms: 0.7312E-01   max: -.1200E+01   C at   53  2   RLX: 0.417
       a = -1.000      CL =  0.2550
      Cm = -0.0829     CD =  0.01222   =>   CDf =  0.00775    CDp =  0.00446

 Side 1  free  transition at x/c =  0.7805   67
 Side 2  free  transition at x/c =  0.4524   55

   3   rms: 0.4634E-01   max: -.7791E+00   C at   55  2   RLX: 0.642
       a = -1.000      CL =  0.2600
      Cm = -0.0825     CD =  0.01209   =>   CDf =  0.00764    CDp =  0.00445

 Side 1  free  transition at x/c =  0.7764   67
 Side 2  free  transition at x/c =  0.4824   56

   4   rms: 0.1845E-01   max: -.3036E+00   C at   56  2
       a = -1.000      CL =  0.2633
      Cm = -0.0823     CD =  0.01203   =>   CDf =  0.00753    CDp =  0.00450

 Side 1  free  transition at x/c =  0.7747   67
 Side 2  free  transition at x/c =  0.5085   58

   5   rms: 0.2412E-02   max: 0.3972E-01   C at   58  2
       a = -1.000      CL =  0.2630
      Cm = -0.0822     CD =  0.01200   =>   CDf =  0.00742    CDp =  0.00458

 Side 1  free  transition at x/c =  0.7748   67
 Side 2  free  transition at x/c =  0.5065   58

   6   rms: 0.1654E-04   max: -.2678E-03   C at   58  2
       a = -1.000      CL =  0.2630
      Cm = -0.0822     CD =  0.01200   =>   CDf =  0.00743    CDp =  0.00457
      5.000    4.4754   0.011997   0.004001   0.004536   0.000535    0.7748     #

 Point added to stored polar  1
 Point written to save file  clarky_re150000_realistic_model.polar           
 Dump file unspecified or not available
 Calculating wake trajectory ...
 Calculating source influence matrix ...

 Solving BL system ...

 Side 1  free  transition at x/c =  0.7748   67
 Side 2  free  transition at x/c =  0.5065   58

   1   rms: 0.1234E+00   max: -.2052E+01   C at   58  2   RLX: 0.244
       a = -0.750      CL =  0.2682
      Cm = -0.0819     CD =  0.01187   =>   CDf =  0.00743    CDp =  0.00444

 Side 1  free  transition at x/c =  0.7716   67
 Side 2  free  transition at x/c =  0.5353   59

   2   rms: 0.8697E-01   max: -.1393E+01   C at   59  2   RLX: 0.359
       a = -0.750      CL =  0.2748
      Cm = -0.0816     CD =  0.01177   =>   CDf =  0.00733    CDp =  0.00444

 Side 1  free  transition at x/c =  0.7684   67
 Side 2  free  transition at x/c =  0.5780   62

   3   rms: 0.6584E-01   max: -.1083E+01   C at   62  2   RLX: 0.461
       a = -0.750      CL =  0.2793
      Cm = -0.0810     CD =  0.01160   =>   CDf =  0.00719    CDp =  0.00440

 Side 1  free  transition at x/c =  0.7662   67
 Side 2  free  transition at x/c =  0.6057   63

   4   rms: 0.3444E-01   max: -.5491E+00   C at   63  2   RLX: 0.911
       a = -0.750      CL =  0.2852
      Cm = -0.0808     CD =  0.01150   =>   CDf =  0.00710    CDp =  0.00440

 Side 1  free  transition at x/c =  0.7641   67
 Side 2  free  transition at x/c =  0.6476   65

   5   rms: 0.2073E-02   max: 0.2824E-01   D at   64  2
       a = -0.750      CL =  0.2857
      Cm = -0.0807     CD =  0.01147   =>   CDf =  0.00697    CDp =  0.00450

 Side 1  free  transition at x/c =  0.7639   67
 Side 2  free  transition at x/c =  0.6496   65

   6   rms: 0.4185E-04   max: 0.6285E-03   C at   65  2
       a = -0.750      CL =  0.2857
      Cm = -0.0807     CD =  0.01147   =>   CDf =  0.00697    CDp =  0.00450
      5.000    4.4005   0.011475   0.004036   0.004496   0.000460    0.7639     #

 Point added to stored polar  1
 Point written to save file  clarky_re150000_realistic_model.polar           
 Dump file unspecified or not available
 Calculating wake trajectory ...
 Calculating source influence matrix ...

 Solving BL system ...

 Side 1  free  transition at x/c =  0.7639   67
 Side 2  free  transition at x/c =  0.6496   65

   1   rms: 0.1283E+00   max: -.1985E+01   C at   65  2   RLX: 0.252
       a = -0.500      CL =  0.2918
      Cm = -0.0803     CD =  0.01136   =>   CDf =  0.00689    CDp =  0.00446

 Side 1  free  transition at x/c =  0.7618   67
 Side 2  free  transition at x/c =  0.6895   66

   2   rms: 0.6901E-01   max: -.9562E+00   C at   66  2   RLX: 0.523
       a = -0.500      CL =  0.3003
      Cm = -0.0796     CD =  0.01127   =>   CDf =  0.00687    CDp =  0.00440

 Side 1  free  transition at x/c =  0.7561   67
 Side 2  free  transition at x/c =  0.7622   70

   3   rms: 0.2683E-01   max: -.3539E+00   C at   70  2
       a = -0.500      CL =  0.3094
      Cm = -0.0789     CD =  0.01113   =>   CDf =  0.00664    CDp =  0.00449

 Side 1  free  transition at x/c =  0.7524   67
 Side 2  free  transition at x/c =  0.7982   72

   4   rms: 0.2184E-02   max: 0.2503E-01   D at   71  2
       a = -0.500      CL =  0.3102
      Cm = -0.0790     CD =  0.01113   =>   CDf =  0.00657    CDp =  0.00456

 Side 1  free  transition at x/c =  0.7526   67
 Side 2  free  transition at x/c =  0.7961   72

   5   rms: 0.1809E-03   max: -.2571E-02   C at   72  2
       a = -0.500      CL =  0.3101
      Cm = -0.0790     CD =  0.01113   =>   CDf =  0.00657    CDp =  0.00456

 Side 1  free  transition at x/c =  0.7526   67
 Side 2  free  transition at x/c =  0.7962   72

   6   rms: 0.4378E-06   max: -.6524E-05   C at   72  2
       a = -0.500      CL =  0.3101
      Cm = -0.0790     CD =  0.01113   =>   CDf =  0.00657    CDp =  0.00456
      5.000    4.3483   0.011131   0.004067   0.004489   0.000421    0.7526     #

 Point added to stored polar  1
 Point written to save file  clarky_re150000_realistic_model.polar           
 Dump file unspecified or not available
 Calculating wake trajectory ...
 Calculating source influence matrix ...

 Solving BL system ...

 Side 1  free  transition at x/c =  0.7526   67
 Side 2  free  transition at x/c =  0.7962   72

   1   rms: 0.1055E+00   max: -.1529E+01   C at   72  2   RLX: 0.327
       a = -0.250      CL =  0.3200
      Cm = -0.0788     CD =  0.01105   =>   CDf =  0.00657    CDp =  0.00447

 Side 1  free  transition at x/c =  0.7492   67
 Side 2  free  transition at x/c =  0.8475   75

   2   rms: 0.5412E-01   max: -.6150E+00   C at   75  2   RLX: 0.813
       a = -0.250      CL =  0.3434
      Cm = -0.0798     CD =  0.01098   =>   CDf =  0.00643    CDp =  0.00454

 Side 1  free  transition at x/c =  0.7444   68
 Side 2  free  transition at x/c =  0.9389   79

   3   rms: 0.2599E-01   max: 0.1848E+00   C at   79  2
       a = -0.250      CL =  0.3608
      Cm = -0.0826     CD =  0.01095   =>   CDf =  0.00649    CDp =  0.00445

 Side 1  free  transition at x/c =  0.7437   68
 Side 2  free  transition at x/c =  0.9355   79

   4   rms: 0.3735E-02   max: -.3112E-01   D at   82  2
       a = -0.250      CL =  0.3575
      Cm = -0.0819     CD =  0.01100   =>   CDf =  0.00650    CDp =  0.00450

 Side 1  free  transition at x/c =  0.7437   68
 Side 2  free  transition at x/c =  0.9312   78

   5   rms: 0.4609E-03   max: 0.3288E-02   D at   81  2
       a = -0.250      CL =  0.3579
      Cm = -0.0820     CD =  0.01100   =>   CDf =  0.00649    CDp =  0.00450

 Side 1  free  transition at x/c =  0.7437   68
 Side 2  free  transition at x/c =  0.9314   78

   6   rms: 0.1171E-05   max: -.9821E-05   D at   79  2
       a = -0.250      CL =  0.3579
      Cm = -0.0820     CD =  0.01100   =>   CDf =  0.00649    CDp =  0.00450
      5.000    4.2664   0.010995   0.004138   0.004481   0.000343    0.7437     #

 Point added to stored polar  1
 Point written to save file  clarky_re150000_realistic_model.polar           
 Dump file unspecified or not available
 Calculating wake trajectory ...
 Calculating source influence matrix ...

 Solving BL system ...

 Side 1  free  transition at x/c =  0.7437   68
 Side 2  free  transition at x/c =  0.9314   78

   1   rms: 0.6110E-01   max: 0.2031E+00   D at   80  2
       a =  0.000      CL =  0.4020
      Cm = -0.0847     CD =  0.01097   =>   CDf =  0.00645    CDp =  0.00452

 Side 1  free  transition at x/c =  0.7359   68
 Side 2 forced transition at x/c =  1.0000   81

   2   rms: 0.2837E-01   max: 0.3080E+00   C at   81  2
       a =  0.000      CL =  0.4214
      Cm = -0.0893     CD =  0.01093   =>   CDf =  0.00657    CDp =  0.00436

 Side 1  free  transition at x/c =  0.7328   68
 Side 2  free  transition at x/c =  0.9885   81

   3   rms: 0.9082E-02   max: -.7932E-01   D at   81  2
       a =  0.000      CL =  0.4125
      Cm = -0.0874     CD =  0.01098   =>   CDf =  0.00659    CDp =  0.00439

 Side 1  free  transition at x/c =  0.7330   68
 Side 2  free  transition at x/c =  0.9903   81

   4   rms: 0.3956E-03   max: 0.4815E-02   C at   81  2
       a =  0.000      CL =  0.4126
      Cm = -0.0874     CD =  0.01098   =>   CDf =  0.00658    CDp =  0.00440

 Side 1  free  transition at x/c =  0.7330   68
 Side 2  free  transition at x/c =  0.9900   81

   5   rms: 0.8515E-06   max: 0.6410E-05   T at   81  2
       a =  0.000      CL =  0.4126
      Cm = -0.0874     CD =  0.01098   =>   CDf =  0.00658    CDp =  0.00440
      5.000    4.2185   0.010985   0.004207   0.004514   0.000307    0.7330     #

 Point added to stored polar  1
 Point written to save file  clarky_re150000_realistic_model.polar           
 Dump file unspecified or not available
 Calculating wake trajectory ...
 Calculating source influence matrix ...

 Solving BL system ...

 Side 1  free  transition at x/c =  0.7330   68
 Side 2  free  transition at x/c =  0.9900   81

   1   rms: 0.6433E-01   max: -.1394E+00   T at   81  2
       a =  0.250      CL =  0.4692
      Cm = -0.0934     CD =  0.01093   =>   CDf =  0.00658    CDp =  0.00434

 Side 1  free  transition at x/c =  0.7220   67
 Side 2 forced transition at x/c =  1.0000   81

   2   rms: 0.2589E-01   max: -.2336E+00   C at   81  2
       a =  0.250      CL =  0.4480
      Cm = -0.0889     CD =  0.01098   =>   CDf =  0.00676    CDp =  0.00423

 Side 1  free  transition at x/c =  0.7234   67
 Side 2 forced transition at x/c =  1.0000   81

   3   rms: 0.8944E-03   max: 0.9857E-02   C at   81  2
       a =  0.250      CL =  0.4481
      Cm = -0.0889     CD =  0.01100   =>   CDf =  0.00674    CDp =  0.00427

 Side 1  free  transition at x/c =  0.7234   67
 Side 2 forced transition at x/c =  1.0000   81

   4   rms: 0.5884E-05   max: 0.6652E-04   C at   81  2
       a =  0.250      CL =  0.4481
      Cm = -0.0889     CD =  0.01100   =>   CDf =  0.00673    CDp =  0.00427
      5.000    4.1681   0.011004   0.004260   0.004512   0.000252    0.7234     #

 Point added to stored polar  1
 Point written to save file  clarky_re150000_realistic_model.polar           
 Dump file unspecified or not available
 Calculating wake trajectory ...
 Calculating source influence matrix ...

 Solving BL system ...

 Side 1  free  transition at x/c =  0.7234   67
 Side 2 forced transition at x/c =  1.0000   81

   1   rms: 0.3868E-01   max: -.7468E-01   C at   81  2
       a =  0.500      CL =  0.4710
      Cm = -0.0880     CD =  0.01109   =>   CDf =  0.00674    CDp =  0.00435

 Side 1  free  transition at x/c =  0.7096   67
 Side 2 forced transition at x/c =  1.0000   81

   2   rms: 0.5031E-02   max: -.5049E-01   C at   67  1
       a =  0.500      CL =  0.4721
      Cm = -0.0881     CD =  0.01106   =>   CDf =  0.00687    CDp =  0.00420

 Side 1  free  transition at x/c =  0.7117   67
 Side 2 forced transition at x/c =  1.0000   81

   3   rms: 0.1263E-03   max: -.1615E-02   D at   71  1
       a =  0.500      CL =  0.4720
      Cm = -0.0881     CD =  0.01107   =>   CDf =  0.00683    CDp =  0.00424

 Side 1  free  transition at x/c =  0.7117   67
 Side 2 forced transition at x/c =  1.0000   81

   4   rms: 0.1263E-05   max: -.6033E-05   D at   81  1
       a =  0.500      CL =  0.4720
      Cm = -0.0881     CD =  0.01107   =>   CDf =  0.00683    CDp =  0.00424
      5.000    4.1397   0.011070   0.004289   0.004518   0.000229    0.7117     #

 Point added to stored polar  1
 Point written to save file  clarky_re150000_realistic_model.polar           
 Dump file unspecified or not available
 Calculating wake trajectory ...
 Calculating source influence matrix ...

 Solving BL system ...

 Side 1  free  transition at x/c =  0.7117   67
 Side 2 forced transition at x/c =  1.0000   81

   1   rms: 0.3994E-01   max: -.5894E-01   C at   81  2
       a =  0.750      CL =  0.4968
      Cm = -0.0874     CD =  0.01113   =>   CDf =  0.00683    CDp =  0.00430

 Side 1  free  transition at x/c =  0.7007   66
 Side 2 forced transition at x/c =  1.0000   81

   2   rms: 0.2161E-02   max: -.3052E-01   C at   66  1
       a =  0.750      CL =  0.4966
      Cm = -0.0874     CD =  0.01114   =>   CDf =  0.00697    CDp =  0.00417

 Side 1  free  transition at x/c =  0.7006   66
 Side 2 forced transition at x/c =  1.0000   81

   3   rms: 0.1333E-04   max: -.1327E-03   D at   70  1
       a =  0.750      CL =  0.4966
      Cm = -0.0874     CD =  0.01114   =>   CDf =  0.00695    CDp =  0.00419
      5.000    4.0935   0.011138   0.004328   0.004504   0.000175    0.7006     #

 Point added to stored polar  1
 Point written to save file  clarky_re150000_realistic_model.polar           
 Dump file unspecified or not available
 Calculating wake trajectory ...
 Calculating source influence matrix ...

 Solving BL system ...

 Side 1  free  transition at x/c =  0.7006   66
 Side 2 forced transition at x/c =  1.0000   81

   1   rms: 0.3859E-01   max: -.7163E-01   C at   81  2
       a =  1.000      CL =  0.5202
      Cm = -0.0865     CD =  0.01123   =>   CDf =  0.00689    CDp =  0.00433

 Side 1  free  transition at x/c =  0.6872   67
 Side 2 forced transition at x/c =  1.0000   80

   2   rms: 0.4459E-02   max: -.4660E-01   C at   67  1
       a =  1.000      CL =  0.5211
      Cm = -0.0866     CD =  0.01121   =>   CDf =  0.00709    CDp =  0.00412

 Side 1  free  transition at x/c =  0.6890   67
 Side 2 forced transition at x/c =  1.0000   80

   3   rms: 0.1475E-03   max: -.1786E-02   D at   70  1
       a =  1.000      CL =  0.5211
      Cm = -0.0866     CD =  0.01122   =>   CDf =  0.00705    CDp =  0.00416

 Side 1  free  transition at x/c =  0.6889   67
 Side 2 forced transition at x/c =  1.0000   80

   4   rms: 0.1203E-05   max: -.6411E-05   C at   80  2
       a =  1.000      CL =  0.5211
      Cm = -0.0866     CD =  0.01122   =>   CDf =  0.00706    CDp =  0.00416
      5.000    4.0454   0.011216   0.004377   0.004495   0.000118    0.6889     #

 Point added to stored polar  1
 Point written to save file  clarky_re150000_realistic_model.polar           
 Dump file unspecified or not available
 Calculating wake trajectory ...
 Calculating source influence matrix ...

 Solving BL system ...

 Side 1  free  transition at x/c =  0.6889   67
 Side 2 forced transition at x/c =  1.0000   80

   1   rms: 0.4039E-01   max: -.5487E-01   C at   80  2
       a =  1.250      CL =  0.5464
      Cm = -0.0859     CD =  0.01130   =>   CDf =  0.00706    CDp =  0.00424

 Side 1  free  transition at x/c =  0.6788   66
 Side 2 forced transition at x/c =  1.0000   80

   2   rms: 0.2254E-02   max: -.2696E-01   D at   66  1
       a =  1.250      CL =  0.5453
      Cm = -0.0858     CD =  0.01131   =>   CDf =  0.00714    CDp =  0.00417

 Side 1  free  transition at x/c =  0.6771   66
 Side 2 forced transition at x/c =  1.0000   80

   3   rms: 0.1981E-03   max: -.2051E-02   C at   66  1
       a =  1.250      CL =  0.5453
      Cm = -0.0858     CD =  0.01131   =>   CDf =  0.00714    CDp =  0.00417

 Side 1  free  transition at x/c =  0.6772   66
 Side 2 forced transition at x/c =  1.0000   80

   4   rms: 0.9237E-06   max: 0.8190E-05   C at   80  2
       a =  1.250      CL =  0.5453
      Cm = -0.0858     CD =  0.01131   =>   CDf =  0.00714    CDp =  0.00417
      5.000    4.0013   0.011308   0.004464   0.004482   0.000018    0.6772     #

 Point added to stored polar  1
 Point written to save file  clarky_re150000_realistic_model.polar           
 Dump file unspecified or not available
 Calculating wake trajectory ...
 Calculating source influence matrix ...

 Solving BL system ...

 Side 1  free  transition at x/c =  0.6772   66
 Side 2 forced transition at x/c =  1.0000   80

   1   rms: 0.3918E-01   max: -.6547E-01   C at   80  2
       a =  1.500      CL =  0.5697
      Cm = -0.0850     CD =  0.01141   =>   CDf =  0.00714    CDp =  0.00427

 Side 1  free  transition at x/c =  0.6650   65
 Side 2 forced transition at x/c =  1.0000   80

   2   rms: 0.2731E-02   max: -.3260E-01   C at   65  1
       a =  1.500      CL =  0.5702
      Cm = -0.0851     CD =  0.01140   =>   CDf =  0.00727    CDp =  0.00414

 Side 1  free  transition at x/c =  0.6661   65
 Side 2 forced transition at x/c =  1.0000   80

   3   rms: 0.4396E-04   max: -.4760E-03   D at   69  1
       a =  1.500      CL =  0.5702
      Cm = -0.0851     CD =  0.01141   =>   CDf =  0.00725    CDp =  0.00416
      5.000    3.9582   0.011405   0.000000   0.000000   0.000000    0.6661     #

 Point added to stored polar  1
 Point written to save file  clarky_re150000_realistic_model.polar           
 Dump file unspecified or not available
 Calculating wake trajectory ...
 Calculating source influence matrix ...

 Solving BL system ...

 Side 1  free  transition at x/c =  0.6660   65
 Side 2 forced transition at x/c =  1.0000   80

   1   rms: 0.3888E-01   max: -.7664E-01   C at   80  2
       a =  1.750      CL =  0.5936
      Cm = -0.0842     CD =  0.01152   =>   CDf =  0.00717    CDp =  0.00435

 Side 1  free  transition at x/c =  0.6510   66
 Side 2 forced transition at x/c =  1.0000   79

   2   rms: 0.4983E-02   max: -.5539E-01   C at   66  1
       a =  1.750      CL =  0.5944
      Cm = -0.0843     CD =  0.01151   =>   CDf =  0.00735    CDp =  0.00416

 Side 1  free  transition at x/c =  0.6532   66
 Side 2 forced transition at x/c =  1.0000   79

   3   rms: 0.4229E-03   max: -.4822E-02   D at    4  1
       a =  1.750      CL =  0.5944
      Cm = -0.0843     CD =  0.01151   =>   CDf =  0.00731    CDp =  0.00420

 Side 1  free  transition at x/c =  0.6531   66
 Side 2 forced transition at x/c =  1.0000   79

   4   rms: 0.1423E-05   max: -.5698E-05   D at   83  1
       a =  1.750      CL =  0.5944
      Cm = -0.0843     CD =  0.01151   =>   CDf =  0.00731    CDp =  0.00420
      5.000    3.9128   0.011512   0.000000   0.000000   0.000000    0.6531     #

 Point added to stored polar  1
 Point written to save file  clarky_re150000_realistic_model.polar           
 Dump file unspecified or not available
 Calculating wake trajectory ...
 Calculating source influence matrix ...

 Solving BL system ...

 Side 1  free  transition at x/c =  0.6531   66
 Side 2 forced transition at x/c =  1.0000   79

   1   rms: 0.4073E-01   max: -.5972E-01   C at   79  2
       a =  2.000      CL =  0.6192
      Cm = -0.0835     CD =  0.01163   =>   CDf =  0.00731    CDp =  0.00431

 Side 1  free  transition at x/c =  0.6404   65
 Side 2 forced transition at x/c =  1.0000   79

   2   rms: 0.2141E-02   max: -.3119E-01   D at   65  1
       a =  2.000      CL =  0.6187
      Cm = -0.0835     CD =  0.01163   =>   CDf =  0.00740    CDp =  0.00422

 Side 1  free  transition at x/c =  0.6399   65
 Side 2 forced transition at x/c =  1.0000   79

   3   rms: 0.3150E-04   max: -.3710E-03   D at   66  1
       a =  2.000      CL =  0.6188
      Cm = -0.0835     CD =  0.01163   =>   CDf =  0.00739    CDp =  0.00424
      5.000    3.8580   0.011628   0.000000   0.000000   0.000000    0.6399     #

 Point added to stored polar  1
 Point written to save file  clarky_re150000_realistic_model.polar           
 Dump file unspecified or not available
 Calculating wake trajectory ...
 Calculating source influence matrix ...

 Solving BL system ...

 Side 1  free  transition at x/c =  0.6399   65
 Side 2 forced transition at x/c =  1.0000   79

   1   rms: 0.3942E-01   max: -.6662E-01   C at   79  2
       a =  2.250      CL =  0.6429
      Cm = -0.0827     CD =  0.01175   =>   CDf =  0.00739    CDp =  0.00436

 Side 1  free  transition at x/c =  0.6249   64
 Side 2 forced transition at x/c =  1.0000   79

   2   rms: 0.3212E-02   max: -.4336E-01   C at   64  1
       a =  2.250      CL =  0.6432
      Cm = -0.0827     CD =  0.01175   =>   CDf =  0.00751    CDp =  0.00424

 Side 1  free  transition at x/c =  0.6261   64
 Side 2 forced transition at x/c =  1.0000   79

   3   rms: 0.8261E-04   max: 0.8834E-03   C at   64  1
       a =  2.250      CL =  0.6432
      Cm = -0.0827     CD =  0.01175   =>   CDf =  0.00748    CDp =  0.00427
      5.000    3.8029   0.011755   0.000000   0.000000   0.000000    0.6261     #

 Point added to stored polar  1
 Point written to save file  clarky_re150000_realistic_model.polar           
 Dump file unspecified or not available
 Calculating wake trajectory ...
 Calculating source influence matrix ...

 Solving BL system ...

 Side 1  free  transition at x/c =  0.6261   64
 Side 2 forced transition at x/c =  1.0000   79

   1   rms: 0.3856E-01   max: -.7223E-01   C at   79  2
       a =  2.500      CL =  0.6670
      Cm = -0.0818     CD =  0.01189   =>   CDf =  0.00749    CDp =  0.00440

 Side 1  free  transition at x/c =  0.6093   63
 Side 2 forced transition at x/c =  1.0000   79

   2   rms: 0.3944E-02   max: -.4268E-01   C at   63  1
       a =  2.500      CL =  0.6676
      Cm = -0.0819     CD =  0.01189   =>   CDf =  0.00761    CDp =  0.00428

 Side 1  free  transition at x/c =  0.6115   64
 Side 2 forced transition at x/c =  1.0000   79

   3   rms: 0.7761E-03   max: -.1040E-01   C at   64  1
       a =  2.500      CL =  0.6675
      Cm = -0.0819     CD =  0.01189   =>   CDf =  0.00758    CDp =  0.00431

 Side 1  free  transition at x/c =  0.6114   64
 Side 2 forced transition at x/c =  1.0000   79

   4   rms: 0.1496E-04   max: 0.1953E-03   C at   64  1
       a =  2.500      CL =  0.6675
      Cm = -0.0819     CD =  0.01189   =>   CDf =  0.00757    CDp =  0.00432
      5.000    3.7502   0.011893   0.000000   0.000000   0.000000    0.6114     #

 Point added to stored polar  1
 Point written to save file  clarky_re150000_realistic_model.polar           
 Dump file unspecified or not available
 Calculating wake trajectory ...
 Calculating source influence matrix ...

 Solving BL system ...

 Side 1  free  transition at x/c =  0.6114   64
 Side 2 forced transition at x/c =  1.0000   79

   1   rms: 0.4077E-01   max: -.5528E-01   C at   79  2
       a =  2.750      CL =  0.6924
      Cm = -0.0811     CD =  0.01205   =>   CDf =  0.00746    CDp =  0.00459

 Side 1  free  transition at x/c =  0.5981   64
 Side 2 forced transition at x/c =  1.0000   78

   2   rms: 0.3532E-02   max: -.3293E-01   D at    3  1
       a =  2.750      CL =  0.6917
      Cm = -0.0811     CD =  0.01204   =>   CDf =  0.00761    CDp =  0.00443

 Side 1  free  transition at x/c =  0.5962   64
 Side 2 forced transition at x/c =  1.0000   78

   3   rms: 0.8435E-03   max: -.9229E-02   D at    4  1
       a =  2.750      CL =  0.6917
      Cm = -0.0811     CD =  0.01204   =>   CDf =  0.00762    CDp =  0.00442

 Side 1  free  transition at x/c =  0.5963   64
 Side 2 forced transition at x/c =  1.0000   78

   4   rms: 0.1330E-05   max: 0.1483E-04   D at    8  1
       a =  2.750      CL =  0.6917
      Cm = -0.0811     CD =  0.01204   =>   CDf =  0.00762    CDp =  0.00442
      5.000    3.7151   0.012041   0.000000   0.000000   0.000000    0.5963     #

 Point added to stored polar  1
 Point written to save file  clarky_re150000_realistic_model.polar           
 Dump file unspecified or not available
 Calculating wake trajectory ...
 Calculating source influence matrix ...

 Solving BL system ...

 Side 1  free  transition at x/c =  0.5963   64
 Side 2 forced transition at x/c =  1.0000   78

   1   rms: 0.4000E-01   max: -.6071E-01   C at   78  2
       a =  3.000      CL =  0.7161
      Cm = -0.0802     CD =  0.01221   =>   CDf =  0.00763    CDp =  0.00458

 Side 1  free  transition at x/c =  0.5817   63
 Side 2 forced transition at x/c =  1.0000   78

   2   rms: 0.1777E-02   max: -.2880E-01   D at   63  1
       a =  3.000      CL =  0.7160
      Cm = -0.0803     CD =  0.01220   =>   CDf =  0.00770    CDp =  0.00450

 Side 1  free  transition at x/c =  0.5810   63
 Side 2 forced transition at x/c =  1.0000   78

   3   rms: 0.3798E-04   max: -.3986E-03   C at   63  1
       a =  3.000      CL =  0.7160
      Cm = -0.0803     CD =  0.01220   =>   CDf =  0.00769    CDp =  0.00451
      5.000    3.6828   0.012204   0.000000   0.000000   0.000000    0.5810     #

 Point added to stored polar  1
 Point written to save file  clarky_re150000_realistic_model.polar           
 Dump file unspecified or not available
 Calculating wake trajectory ...
 Calculating source influence matrix ...

 Solving BL system ...

 Side 1  free  transition at x/c =  0.5810   63
 Side 2 forced transition at x/c =  1.0000   78

   1   rms: 0.3957E-01   max: -.6370E-01   C at   78  2
       a =  3.250      CL =  0.7401
      Cm = -0.0794     CD =  0.01238   =>   CDf =  0.00769    CDp =  0.00468

 Side 1  free  transition at x/c =  0.5645   62
 Side 2 forced transition at x/c =  1.0000   78

   2   rms: 0.2703E-02   max: -.3936E-01   C at   62  1
       a =  3.250      CL =  0.7401
      Cm = -0.0794     CD =  0.01238   =>   CDf =  0.00779    CDp =  0.00459

 Side 1  free  transition at x/c =  0.5650   62
 Side 2 forced transition at x/c =  1.0000   78

   3   rms: 0.6994E-04   max: 0.9913E-03   C at   62  1
       a =  3.250      CL =  0.7401
      Cm = -0.0794     CD =  0.01238   =>   CDf =  0.00777    CDp =  0.00462
      5.000    3.6505   0.012384   0.000000   0.000000   0.000000    0.5650     #

 Point added to stored polar  1
 Point written to save file  clarky_re150000_realistic_model.polar           
 Dump file unspecified or not available
 Calculating wake trajectory ...
 Calculating source influence matrix ...

 Solving BL system ...

 Side 1  free  transition at x/c =  0.5649   62
 Side 2 forced transition at x/c =  1.0000   78

   1   rms: 0.3939E-01   max: -.6533E-01   C at   78  2
       a =  3.500      CL =  0.7640
      Cm = -0.0786     CD =  0.01257   =>   CDf =  0.00764    CDp =  0.00494

 Side 1  free  transition at x/c =  0.5465   62
 Side 2 forced transition at x/c =  1.0000   77

   2   rms: 0.3730E-02   max: -.4960E-01   C at   62  1
       a =  3.500      CL =  0.7639
      Cm = -0.0786     CD =  0.01258   =>   CDf =  0.00787    CDp =  0.00471

 Side 1  free  transition at x/c =  0.5476   62
 Side 2 forced transition at x/c =  1.0000   77

   3   rms: 0.8674E-03   max: -.1025E-01   D at    4  1
       a =  3.500      CL =  0.7639
      Cm = -0.0786     CD =  0.01259   =>   CDf =  0.00784    CDp =  0.00474

 Side 1  free  transition at x/c =  0.5475   62
 Side 2 forced transition at x/c =  1.0000   77

   4   rms: 0.5187E-06   max: 0.5299E-05   D at    6  1
       a =  3.500      CL =  0.7639
      Cm = -0.0786     CD =  0.01259   =>   CDf =  0.00784    CDp =  0.00474
      5.000    3.6180   0.012586   0.000000   0.000000   0.000000    0.5475     #

 Point added to stored polar  1
 Point written to save file  clarky_re150000_realistic_model.polar           
 Dump file unspecified or not available
 Calculating wake trajectory ...
 Calculating source influence matrix ...

 Solving BL system ...

 Side 1  free  transition at x/c =  0.5475   62
 Side 2 forced transition at x/c =  1.0000   77

   1   rms: 0.3936E-01   max: -.6613E-01   C at   77  2
       a =  3.750      CL =  0.7876
      Cm = -0.0777     CD =  0.01279   =>   CDf =  0.00785    CDp =  0.00494

 Side 1  free  transition at x/c =  0.5280   61
 Side 2 forced transition at x/c =  1.0000   77

   2   rms: 0.3566E-02   max: -.5235E-01   C at   61  1
       a =  3.750      CL =  0.7874
      Cm = -0.0777     CD =  0.01281   =>   CDf =  0.00796    CDp =  0.00485

 Side 1  free  transition at x/c =  0.5294   61
 Side 2 forced transition at x/c =  1.0000   77

   3   rms: 0.1099E-03   max: 0.1481E-02   C at   61  1
       a =  3.750      CL =  0.7874
      Cm = -0.0777     CD =  0.01281   =>   CDf =  0.00793    CDp =  0.00488

 Side 1  free  transition at x/c =  0.5293   61
 Side 2 forced transition at x/c =  1.0000   77

   4   rms: 0.2928E-06   max: -.1496E-05   D at   77  1
       a =  3.750      CL =  0.7874
      Cm = -0.0777     CD =  0.01281   =>   CDf =  0.00793    CDp =  0.00488
      5.000    3.5890   0.012808   0.000000   0.000000   0.000000    0.5293     #

 Point added to stored polar  1
 Point written to save file  clarky_re150000_realistic_model.polar           
 Dump file unspecified or not available
 Calculating wake trajectory ...
 Calculating source influence matrix ...

 Solving BL system ...

 Side 1  free  transition at x/c =  0.5293   61
 Side 2 forced transition at x/c =  1.0000   77

   1   rms: 0.3940E-01   max: -.6605E-01   C at   77  2
       a =  4.000      CL =  0.8111
      Cm = -0.0768     CD =  0.01303   =>   CDf =  0.00793    CDp =  0.00510

 Side 1  free  transition at x/c =  0.5099   60
 Side 2 forced transition at x/c =  1.0000   77

   2   rms: 0.3257E-02   max: -.4827E-01   C at   60  1
       a =  4.000      CL =  0.8109
      Cm = -0.0768     CD =  0.01305   =>   CDf =  0.00804    CDp =  0.00501

 Side 1  free  transition at x/c =  0.5111   60
 Side 2 forced transition at x/c =  1.0000   77

   3   rms: 0.8808E-04   max: 0.1209E-02   C at   60  1
       a =  4.000      CL =  0.8109
      Cm = -0.0768     CD =  0.01305   =>   CDf =  0.00801    CDp =  0.00504
      5.000    3.5685   0.013051   0.000000   0.000000   0.000000    0.5111     #

 Point added to stored polar  1
 Point written to save file  clarky_re150000_realistic_model.polar           
 Dump file unspecified or not available
 Calculating wake trajectory ...
 Calculating source influence matrix ...

 Solving BL system ...

 Side 1  free  transition at x/c =  0.5110   60
 Side 2 forced transition at x/c =  1.0000   77

   1   rms: 0.3936E-01   max: -.6512E-01   C at   77  2
       a =  4.250      CL =  0.8346
      Cm = -0.0760     CD =  0.01328   =>   CDf =  0.00785    CDp =  0.00543

 Side 1  free  transition at x/c =  0.4917   60
 Side 2 forced transition at x/c =  1.0000   76

   2   rms: 0.4228E-02   max: -.5220E-01   C at   60  1
       a =  4.250      CL =  0.8342
      Cm = -0.0759     CD =  0.01331   =>   CDf =  0.00810    CDp =  0.00521

 Side 1  free  transition at x/c =  0.4931   60
 Side 2 forced transition at x/c =  1.0000   76

   3   rms: 0.8916E-03   max: -.1144E-01   D at    4  1
       a =  4.250      CL =  0.8342
      Cm = -0.0759     CD =  0.01331   =>   CDf =  0.00808    CDp =  0.00524

 Side 1  free  transition at x/c =  0.4930   60
 Side 2 forced transition at x/c =  1.0000   76

   4   rms: 0.4064E-05   max: -.4393E-04   D at    7  1
       a =  4.250      CL =  0.8342
      Cm = -0.0759     CD =  0.01331   =>   CDf =  0.00808    CDp =  0.00524
      5.000    3.5908   0.013314   0.000000   0.000000   0.000000    0.4930     #

 Point added to stored polar  1
 Point written to save file  clarky_re150000_realistic_model.polar           
 Dump file unspecified or not available
 Calculating wake trajectory ...
 Calculating source influence matrix ...

 Solving BL system ...

 Side 1  free  transition at x/c =  0.4930   60
 Side 2 forced transition at x/c =  1.0000   76

   1   rms: 0.3957E-01   max: -.6459E-01   C at   76  2
       a =  4.500      CL =  0.8579
      Cm = -0.0751     CD =  0.01356   =>   CDf =  0.00808    CDp =  0.00548

 Side 1  free  transition at x/c =  0.4727   59
 Side 2 forced transition at x/c =  1.0000   76

   2   rms: 0.4461E-02   max: -.6138E-01   C at   59  1
       a =  4.500      CL =  0.8572
      Cm = -0.0750     CD =  0.01360   =>   CDf =  0.00818    CDp =  0.00541

 Side 1  free  transition at x/c =  0.4746   59
 Side 2 forced transition at x/c =  1.0000   76

   3   rms: 0.1185E-03   max: 0.1550E-02   C at   59  1
       a =  4.500      CL =  0.8572
      Cm = -0.0750     CD =  0.01360   =>   CDf =  0.00815    CDp =  0.00545

 Side 1  free  transition at x/c =  0.4745   59
 Side 2 forced transition at x/c =  1.0000   76

   4   rms: 0.2904E-06   max: -.1573E-05   D at   74  1
       a =  4.500      CL =  0.8572
      Cm = -0.0750     CD =  0.01360   =>   CDf =  0.00815    CDp =  0.00545
      5.000    3.6901   0.013599   0.000000   0.000000   0.000000    0.4745     #

 Point added to stored polar  1
 Point written to save file  clarky_re150000_realistic_model.polar           
 Dump file unspecified or not available
 Calculating wake trajectory ...
 Calculating source influence matrix ...

 Solving BL system ...

 Side 1  free  transition at x/c =  0.4745   59
 Side 2 forced transition at x/c =  1.0000   76

   1   rms: 0.3944E-01   max: -.6424E-01   C at   76  2
       a =  4.750      CL =  0.8808
      Cm = -0.0742     CD =  0.01386   =>   CDf =  0.00816    CDp =  0.00571

 Side 1  free  transition at x/c =  0.4544   58
 Side 2 forced transition at x/c =  1.0000   76

   2   rms: 0.4126E-02   max: -.6139E-01   C at   58  1
       a =  4.750      CL =  0.8800
      Cm = -0.0740     CD =  0.01390   =>   CDf =  0.00826    CDp =  0.00564

 Side 1  free  transition at x/c =  0.4563   58
 Side 2 forced transition at x/c =  1.0000   76

   3   rms: 0.1115E-03   max: 0.1406E-02   C at   58  1
       a =  4.750      CL =  0.8801
      Cm = -0.0740     CD =  0.01391   =>   CDf =  0.00823    CDp =  0.00567

 Side 1  free  transition at x/c =  0.4562   58
 Side 2 forced transition at x/c =  1.0000   76

   4   rms: 0.2192E-06   max: -.1604E-05   C at   58  1
       a =  4.750      CL =  0.8801
      Cm = -0.0740     CD =  0.01391   =>   CDf =  0.00823    CDp =  0.00567
      5.000    3.7965   0.013906   0.000000   0.000000   0.000000    0.4562     #

 Point added to stored polar  1
 Point written to save file  clarky_re150000_realistic_model.polar           
 Dump file unspecified or not available
 Calculating wake trajectory ...
 Calculating source influence matrix ...

 Solving BL system ...

 Side 1  free  transition at x/c =  0.4562   58
 Side 2 forced transition at x/c =  1.0000   76

   1   rms: 0.3942E-01   max: -.6327E-01   C at   76  2
       a =  5.000      CL =  0.9036
      Cm = -0.0732     CD =  0.01419   =>   CDf =  0.00824    CDp =  0.00595

 Side 1  free  transition at x/c =  0.4370   57
 Side 2 forced transition at x/c =  1.0000   76

   2   rms: 0.4130E-02   max: -.6077E-01   C at   57  1
       a =  5.000      CL =  0.9027
      Cm = -0.0731     CD =  0.01423   =>   CDf =  0.00834    CDp =  0.00590

 Side 1  free  transition at x/c =  0.4390   57
 Side 2 forced transition at x/c =  1.0000   76

   3   rms: 0.9242E-04   max: -.1248E-02   D at   60  1
       a =  5.000      CL =  0.9028
      Cm = -0.0731     CD =  0.01423   =>   CDf =  0.00831    CDp =  0.00593
      5.000    3.9076   0.014235   0.000000   0.000000   0.000000    0.4390     #

 Point added to stored polar  1
 Point written to save file  clarky_re150000_realistic_model.polar           
 Dump file unspecified or not available
 Calculating wake trajectory ...
 Calculating source influence matrix ...

 Solving BL system ...

 Side 1  free  transition at x/c =  0.4389   57
 Side 2 forced transition at x/c =  1.0000   76

   1   rms: 0.3923E-01   max: -.6106E-01   C at   76  2
       a =  5.250      CL =  0.9265
      Cm = -0.0724     CD =  0.01452   =>   CDf =  0.00812    CDp =  0.00640

 Side 1  free  transition at x/c =  0.4198   57
 Side 2 forced transition at x/c =  1.0000   75

   2   rms: 0.5442E-02   max: -.6939E-01   C at   57  1
       a =  5.250      CL =  0.9251
      Cm = -0.0721     CD =  0.01459   =>   CDf =  0.00841    CDp =  0.00617

 Side 1  free  transition at x/c =  0.4217   57
 Side 2 forced transition at x/c =  1.0000   75

   3   rms: 0.5150E-02   max: -.8540E-01   C at   57  1
       a =  5.250      CL =  0.9251
      Cm = -0.0721     CD =  0.01459   =>   CDf =  0.00843    CDp =  0.00616

 Side 1  free  transition at x/c =  0.4218   57
 Side 2 forced transition at x/c =  1.0000   75

   4   rms: 0.5075E-02   max: -.8520E-01   C at   57  1
       a =  5.250      CL =  0.9251
      Cm = -0.0721     CD =  0.01459   =>   CDf =  0.00843    CDp =  0.00616

 Side 1  free  transition at x/c =  0.4218   57
 Side 2 forced transition at x/c =  1.0000   75

   5   rms: 0.5079E-02   max: -.8526E-01   C at   57  1
       a =  5.250      CL =  0.9251
      Cm = -0.0721     CD =  0.01459   =>   CDf =  0.00843    CDp =  0.00616

 Side 1  free  transition at x/c =  0.4218   57
 Side 2 forced transition at x/c =  1.0000   75

   6   rms: 0.5078E-02   max: -.8525E-01   C at   57  1
       a =  5.250      CL =  0.9251
      Cm = -0.0721     CD =  0.01459   =>   CDf =  0.00843    CDp =  0.00616

 Side 1  free  transition at x/c =  0.4218   57
 Side 2 forced transition at x/c =  1.0000   75

   7   rms: 0.5078E-02   max: -.8525E-01   C at   57  1
       a =  5.250      CL =  0.9251
      Cm = -0.0721     CD =  0.01459   =>   CDf =  0.00843    CDp =  0.00616

 Side 1  free  transition at x/c =  0.4218   57
 Side 2 forced transition at x/c =  1.0000   75

   8   rms: 0.5078E-02   max: -.8525E-01   C at   57  1
       a =  5.250      CL =  0.9251
      Cm = -0.0721     CD =  0.01459   =>   CDf =  0.00843    CDp =  0.00616

 Side 1  free  transition at x/c =  0.4218   57
 Side 2 forced transition at x/c =  1.0000   75

   9   rms: 0.5078E-02   max: -.8525E-01   C at   57  1
       a =  5.250      CL =  0.9251
      Cm = -0.0721     CD =  0.01459   =>   CDf =  0.00843    CDp =  0.00616

 Side 1  free  transition at x/c =  0.4218   57
 Side 2 forced transition at x/c =  1.0000   75

  10   rms: 0.5078E-02   max: -.8525E-01   C at   57  1
       a =  5.250      CL =  0.9251
      Cm = -0.0721     CD =  0.01459   =>   CDf =  0.00843    CDp =  0.00616

 Side 1  free  transition at x/c =  0.4218   57
 Side 2 forced transition at x/c =  1.0000   75

  11   rms: 0.5078E-02   max: -.8525E-01   C at   57  1
       a =  5.250      CL =  0.9251
      Cm = -0.0721     CD =  0.01459   =>   CDf =  0.00843    CDp =  0.00616

 Side 1  free  transition at x/c =  0.4218   57
 Side 2 forced transition at x/c =  1.0000   75

  12   rms: 0.5078E-02   max: -.8525E-01   C at   57  1
       a =  5.250      CL =  0.9251
      Cm = -0.0721     CD =  0.01459   =>   CDf =  0.00843    CDp =  0.00616

 Side 1  free  transition at x/c =  0.4218   57
 Side 2 forced transition at x/c =  1.0000   75

  13   rms: 0.5078E-02   max: -.8525E-01   C at   57  1
       a =  5.250      CL =  0.9251
      Cm = -0.0721     CD =  0.01459   =>   CDf =  0.00843    CDp =  0.00616

 Side 1  free  transition at x/c =  0.4218   57
 Side 2 forced transition at x/c =  1.0000   75

  14   rms: 0.5078E-02   max: -.8525E-01   C at   57  1
       a =  5.250      CL =  0.9251
      Cm = -0.0721     CD =  0.01459   =>   CDf =  0.00843    CDp =  0.00616

 Side 1  free  transition at x/c =  0.4218   57
 Side 2 forced transition at x/c =  1.0000   75

  15   rms: 0.5078E-02   max: -.8525E-01   C at   57  1
       a =  5.250      CL =  0.9251
      Cm = -0.0721     CD =  0.01459   =>   CDf =  0.00843    CDp =  0.00616

 Side 1  free  transition at x/c =  0.4218   57
 Side 2 forced transition at x/c =  1.0000   75

  16   rms: 0.5078E-02   max: -.8525E-01   C at   57  1
       a =  5.250      CL =  0.9251
      Cm = -0.0721     CD =  0.01459   =>   CDf =  0.00843    CDp =  0.00616

 Side 1  free  transition at x/c =  0.4218   57
 Side 2 forced transition at x/c =  1.0000   75

  17   rms: 0.5078E-02   max: -.8525E-01   C at   57  1
       a =  5.250      CL =  0.9251
      Cm = -0.0721     CD =  0.01459   =>   CDf =  0.00843    CDp =  0.00616

 Side 1  free  transition at x/c =  0.4218   57
 Side 2 forced transition at x/c =  1.0000   75

  18   rms: 0.5078E-02   max: -.8525E-01   C at   57  1
       a =  5.250      CL =  0.9251
      Cm = -0.0721     CD =  0.01459   =>   CDf =  0.00843    CDp =  0.00616

 Side 1  free  transition at x/c =  0.4218   57
 Side 2 forced transition at x/c =  1.0000   75

  19   rms: 0.5078E-02   max: -.8525E-01   C at   57  1
       a =  5.250      CL =  0.9251
      Cm = -0.0721     CD =  0.01459   =>   CDf =  0.00843    CDp =  0.00616

 Side 1  free  transition at x/c =  0.4218   57
 Side 2 forced transition at x/c =  1.0000   75

  20   rms: 0.5078E-02   max: -.8525E-01   C at   57  1
       a =  5.250      CL =  0.9251
      Cm = -0.0721     CD =  0.01459   =>   CDf =  0.00843    CDp =  0.00616

 Side 1  free  transition at x/c =  0.4218   57
 Side 2 forced transition at x/c =  1.0000   75

  21   rms: 0.5078E-02   max: -.8525E-01   C at   57  1
       a =  5.250      CL =  0.9251
      Cm = -0.0721     CD =  0.01459   =>   CDf =  0.00843    CDp =  0.00616

 Side 1  free  transition at x/c =  0.4218   57
 Side 2 forced transition at x/c =  1.0000   75

  22   rms: 0.5078E-02   max: -.8525E-01   C at   57  1
       a =  5.250      CL =  0.9251
      Cm = -0.0721     CD =  0.01459   =>   CDf =  0.00843    CDp =  0.00616

 Side 1  free  transition at x/c =  0.4218   57
 Side 2 forced transition at x/c =  1.0000   75

  23   rms: 0.5078E-02   max: -.8525E-01   C at   57  1
       a =  5.250      CL =  0.9251
      Cm = -0.0721     CD =  0.01459   =>   CDf =  0.00843    CDp =  0.00616

 Side 1  free  transition at x/c =  0.4218   57
 Side 2 forced transition at x/c =  1.0000   75

  24   rms: 0.5078E-02   max: -.8525E-01   C at   57  1
       a =  5.250      CL =  0.9251
      Cm = -0.0721     CD =  0.01459   =>   CDf =  0.00843    CDp =  0.00616

 Side 1  free  transition at x/c =  0.4218   57
 Side 2 forced transition at x/c =  1.0000   75

  25   rms: 0.5078E-02   max: -.8525E-01   C at   57  1
       a =  5.250      CL =  0.9251
      Cm = -0.0721     CD =  0.01459   =>   CDf =  0.00843    CDp =  0.00616

 Side 1  free  transition at x/c =  0.4218   57
 Side 2 forced transition at x/c =  1.0000   75

  26   rms: 0.5078E-02   max: -.8525E-01   C at   57  1
       a =  5.250      CL =  0.9251
      Cm = -0.0721     CD =  0.01459   =>   CDf =  0.00843    CDp =  0.00616

 Side 1  free  transition at x/c =  0.4218   57
 Side 2 forced transition at x/c =  1.0000   75

  27   rms: 0.5078E-02   max: -.8525E-01   C at   57  1
       a =  5.250      CL =  0.9251
      Cm = -0.0721     CD =  0.01459   =>   CDf =  0.00843    CDp =  0.00616

 Side 1  free  transition at x/c =  0.4218   57
 Side 2 forced transition at x/c =  1.0000   75

  28   rms: 0.5078E-02   max: -.8525E-01   C at   57  1
       a =  5.250      CL =  0.9251
      Cm = -0.0721     CD =  0.01459   =>   CDf =  0.00843    CDp =  0.00616

 Side 1  free  transition at x/c =  0.4218   57
 Side 2 forced transition at x/c =  1.0000   75

  29   rms: 0.5078E-02   max: -.8525E-01   C at   57  1
       a =  5.250      CL =  0.9251
      Cm = -0.0721     CD =  0.01459   =>   CDf =  0.00843    CDp =  0.00616

 Side 1  free  transition at x/c =  0.4218   57
 Side 2 forced transition at x/c =  1.0000   75

  30   rms: 0.5078E-02   max: -.8525E-01   C at   57  1
       a =  5.250      CL =  0.9251
      Cm = -0.0721     CD =  0.01459   =>   CDf =  0.00843    CDp =  0.00616

 Side 1  free  transition at x/c =  0.4218   57
 Side 2 forced transition at x/c =  1.0000   75

  31   rms: 0.5078E-02   max: -.8525E-01   C at   57  1
       a =  5.250      CL =  0.9251
      Cm = -0.0721     CD =  0.01459   =>   CDf =  0.00843    CDp =  0.00616

 Side 1  free  transition at x/c =  0.4218   57
 Side 2 forced transition at x/c =  1.0000   75

  32   rms: 0.5078E-02   max: -.8525E-01   C at   57  1
       a =  5.250      CL =  0.9251
      Cm = -0.0721     CD =  0.01459   =>   CDf =  0.00843    CDp =  0.00616

 Side 1  free  transition at x/c =  0.4218   57
 Side 2 forced transition at x/c =  1.0000   75

  33   rms: 0.5078E-02   max: -.8525E-01   C at   57  1
       a =  5.250      CL =  0.9251
      Cm = -0.0721     CD =  0.01459   =>   CDf =  0.00843    CDp =  0.00616

 Side 1  free  transition at x/c =  0.4218   57
 Side 2 forced transition at x/c =  1.0000   75

  34   rms: 0.5078E-02   max: -.8525E-01   C at   57  1
       a =  5.250      CL =  0.9251
      Cm = -0.0721     CD =  0.01459   =>   CDf =  0.00843    CDp =  0.00616

 Side 1  free  transition at x/c =  0.4218   57
 Side 2 forced transition at x/c =  1.0000   75

  35   rms: 0.5078E-02   max: -.8525E-01   C at   57  1
       a =  5.250      CL =  0.9251
      Cm = -0.0721     CD =  0.01459   =>   CDf =  0.00843    CDp =  0.00616

 Side 1  free  transition at x/c =  0.4218   57
 Side 2 forced transition at x/c =  1.0000   75

  36   rms: 0.5078E-02   max: -.8525E-01   C at   57  1
       a =  5.250      CL =  0.9251
      Cm = -0.0721     CD =  0.01459   =>   CDf =  0.00843    CDp =  0.00616

 Side 1  free  transition at x/c =  0.4218   57
 Side 2 forced transition at x/c =  1.0000   75

  37   rms: 0.5078E-02   max: -.8525E-01   C at   57  1
       a =  5.250      CL =  0.9251
      Cm = -0.0721     CD =  0.01459   =>   CDf =  0.00843    CDp =  0.00616

 Side 1  free  transition at x/c =  0.4218   57
 Side 2 forced transition at x/c =  1.0000   75

  38   rms: 0.5078E-02   max: -.8525E-01   C at   57  1
       a =  5.250      CL =  0.9251
      Cm = -0.0721     CD =  0.01459   =>   CDf =  0.00843    CDp =  0.00616

 Side 1  free  transition at x/c =  0.4218   57
 Side 2 forced transition at x/c =  1.0000   75

  39   rms: 0.5078E-02   max: -.8525E-01   C at   57  1
       a =  5.250      CL =  0.9251
      Cm = -0.0721     CD =  0.01459   =>   CDf =  0.00843    CDp =  0.00616

 Side 1  free  transition at x/c =  0.4218   57
 Side 2 forced transition at x/c =  1.0000   75

  40   rms: 0.5078E-02   max: -.8525E-01   C at   57  1
       a =  5.250      CL =  0.9251
      Cm = -0.0721     CD =  0.01459   =>   CDf =  0.00843    CDp =  0.00616

 Side 1  free  transition at x/c =  0.4218   57
 Side 2 forced transition at x/c =  1.0000   75

  41   rms: 0.5078E-02   max: -.8525E-01   C at   57  1
       a =  5.250      CL =  0.9251
      Cm = -0.0721     CD =  0.01459   =>   CDf =  0.00843    CDp =  0.00616

 Side 1  free  transition at x/c =  0.4218   57
 Side 2 forced transition at x/c =  1.0000   75

  42   rms: 0.5078E-02   max: -.8525E-01   C at   57  1
       a =  5.250      CL =  0.9251
      Cm = -0.0721     CD =  0.01459   =>   CDf =  0.00843    CDp =  0.00616

 Side 1  free  transition at x/c =  0.4218   57
 Side 2 forced transition at x/c =  1.0000   75

  43   rms: 0.5078E-02   max: -.8525E-01   C at   57  1
       a =  5.250      CL =  0.9251
      Cm = -0.0721     CD =  0.01459   =>   CDf =  0.00843    CDp =  0.00616

 Side 1  free  transition at x/c =  0.4218   57
 Side 2 forced transition at x/c =  1.0000   75

  44   rms: 0.5078E-02   max: -.8525E-01   C at   57  1
       a =  5.250      CL =  0.9251
      Cm = -0.0721     CD =  0.01459   =>   CDf =  0.00843    CDp =  0.00616

 Side 1  free  transition at x/c =  0.4218   57
 Side 2 forced transition at x/c =  1.0000   75

  45   rms: 0.5078E-02   max: -.8525E-01   C at   57  1
       a =  5.250      CL =  0.9251
      Cm = -0.0721     CD =  0.01459   =>   CDf =  0.00843    CDp =  0.00616

 Side 1  free  transition at x/c =  0.4218   57
 Side 2 forced transition at x/c =  1.0000   75

  46   rms: 0.5078E-02   max: -.8525E-01   C at   57  1
       a =  5.250      CL =  0.9251
      Cm = -0.0721     CD =  0.01459   =>   CDf =  0.00843    CDp =  0.00616

 Side 1  free  transition at x/c =  0.4218   57
 Side 2 forced transition at x/c =  1.0000   75

  47   rms: 0.5078E-02   max: -.8525E-01   C at   57  1
       a =  5.250      CL =  0.9251
      Cm = -0.0721     CD =  0.01459   =>   CDf =  0.00843    CDp =  0.00616

 Side 1  free  transition at x/c =  0.4218   57
 Side 2 forced transition at x/c =  1.0000   75

  48   rms: 0.5078E-02   max: -.8525E-01   C at   57  1
       a =  5.250      CL =  0.9251
      Cm = -0.0721     CD =  0.01459   =>   CDf =  0.00843    CDp =  0.00616

 Side 1  free  transition at x/c =  0.4218   57
 Side 2 forced transition at x/c =  1.0000   75

  49   rms: 0.5078E-02   max: -.8525E-01   C at   57  1
       a =  5.250      CL =  0.9251
      Cm = -0.0721     CD =  0.01459   =>   CDf =  0.00843    CDp =  0.00616

 Side 1  free  transition at x/c =  0.4218   57
 Side 2 forced transition at x/c =  1.0000   75

  50   rms: 0.5078E-02   max: -.8525E-01   C at   57  1
       a =  5.250      CL =  0.9251
      Cm = -0.0721     CD =  0.01459   =>   CDf =  0.00843    CDp =  0.00616

 Side 1  free  transition at x/c =  0.4218   57
 Side 2 forced transition at x/c =  1.0000   75

  51   rms: 0.5078E-02   max: -.8525E-01   C at   57  1
       a =  5.250      CL =  0.9251
      Cm = -0.0721     CD =  0.01459   =>   CDf =  0.00843    CDp =  0.00616

 Side 1  free  transition at x/c =  0.4218   57
 Side 2 forced transition at x/c =  1.0000   75

  52   rms: 0.5078E-02   max: -.8525E-01   C at   57  1
       a =  5.250      CL =  0.9251
      Cm = -0.0721     CD =  0.01459   =>   CDf =  0.00843    CDp =  0.00616

 Side 1  free  transition at x/c =  0.4218   57
 Side 2 forced transition at x/c =  1.0000   75

  53   rms: 0.5078E-02   max: -.8525E-01   C at   57  1
       a =  5.250      CL =  0.9251
      Cm = -0.0721     CD =  0.01459   =>   CDf =  0.00843    CDp =  0.00616

 Side 1  free  transition at x/c =  0.4218   57
 Side 2 forced transition at x/c =  1.0000   75

  54   rms: 0.5078E-02   max: -.8525E-01   C at   57  1
       a =  5.250      CL =  0.9251
      Cm = -0.0721     CD =  0.01459   =>   CDf =  0.00843    CDp =  0.00616

 Side 1  free  transition at x/c =  0.4218   57
 Side 2 forced transition at x/c =  1.0000   75

  55   rms: 0.5078E-02   max: -.8525E-01   C at   57  1
       a =  5.250      CL =  0.9251
      Cm = -0.0721     CD =  0.01459   =>   CDf =  0.00843    CDp =  0.00616

 Side 1  free  transition at x/c =  0.4218   57
 Side 2 forced transition at x/c =  1.0000   75

  56   rms: 0.5078E-02   max: -.8525E-01   C at   57  1
       a =  5.250      CL =  0.9251
      Cm = -0.0721     CD =  0.01459   =>   CDf =  0.00843    CDp =  0.00616

 Side 1  free  transition at x/c =  0.4218   57
 Side 2 forced transition at x/c =  1.0000   75

  57   rms: 0.5078E-02   max: -.8525E-01   C at   57  1
       a =  5.250      CL =  0.9251
      Cm = -0.0721     CD =  0.01459   =>   CDf =  0.00843    CDp =  0.00616

 Side 1  free  transition at x/c =  0.4218   57
 Side 2 forced transition at x/c =  1.0000   75

  58   rms: 0.5078E-02   max: -.8525E-01   C at   57  1
       a =  5.250      CL =  0.9251
      Cm = -0.0721     CD =  0.01459   =>   CDf =  0.00843    CDp =  0.00616

 Side 1  free  transition at x/c =  0.4218   57
 Side 2 forced transition at x/c =  1.0000   75

  59   rms: 0.5078E-02   max: -.8525E-01   C at   57  1
       a =  5.250      CL =  0.9251
      Cm = -0.0721     CD =  0.01459   =>   CDf =  0.00843    CDp =  0.00616

 Side 1  free  transition at x/c =  0.4218   57
 Side 2 forced transition at x/c =  1.0000   75

  60   rms: 0.5078E-02   max: -.8525E-01   C at   57  1
       a =  5.250      CL =  0.9251
      Cm = -0.0721     CD =  0.01459   =>   CDf =  0.00843    CDp =  0.00616

 Side 1  free  transition at x/c =  0.4218   57
 Side 2 forced transition at x/c =  1.0000   75

  61   rms: 0.5078E-02   max: -.8525E-01   C at   57  1
       a =  5.250      CL =  0.9251
      Cm = -0.0721     CD =  0.01459   =>   CDf =  0.00843    CDp =  0.00616

 Side 1  free  transition at x/c =  0.4218   57
 Side 2 forced transition at x/c =  1.0000   75

  62   rms: 0.5078E-02   max: -.8525E-01   C at   57  1
       a =  5.250      CL =  0.9251
      Cm = -0.0721     CD =  0.01459   =>   CDf =  0.00843    CDp =  0.00616

 Side 1  free  transition at x/c =  0.4218   57
 Side 2 forced transition at x/c =  1.0000   75

  63   rms: 0.5078E-02   max: -.8525E-01   C at   57  1
       a =  5.250      CL =  0.9251
      Cm = -0.0721     CD =  0.01459   =>   CDf =  0.00843    CDp =  0.00616

 Side 1  free  transition at x/c =  0.4218   57
 Side 2 forced transition at x/c =  1.0000   75

  64   rms: 0.5078E-02   max: -.8525E-01   C at   57  1
       a =  5.250      CL =  0.9251
      Cm = -0.0721     CD =  0.01459   =>   CDf =  0.00843    CDp =  0.00616

 Side 1  free  transition at x/c =  0.4218   57
 Side 2 forced transition at x/c =  1.0000   75

  65   rms: 0.5078E-02   max: -.8525E-01   C at   57  1
       a =  5.250      CL =  0.9251
      Cm = -0.0721     CD =  0.01459   =>   CDf =  0.00843    CDp =  0.00616

 Side 1  free  transition at x/c =  0.4218   57
 Side 2 forced transition at x/c =  1.0000   75

  66   rms: 0.5078E-02   max: -.8525E-01   C at   57  1
       a =  5.250      CL =  0.9251
      Cm = -0.0721     CD =  0.01459   =>   CDf =  0.00843    CDp =  0.00616

 Side 1  free  transition at x/c =  0.4218   57
 Side 2 forced transition at x/c =  1.0000   75

  67   rms: 0.5078E-02   max: -.8525E-01   C at   57  1
       a =  5.250      CL =  0.9251
      Cm = -0.0721     CD =  0.01459   =>   CDf =  0.00843    CDp =  0.00616

 Side 1  free  transition at x/c =  0.4218   57
 Side 2 forced transition at x/c =  1.0000   75

  68   rms: 0.5078E-02   max: -.8525E-01   C at   57  1
       a =  5.250      CL =  0.9251
      Cm = -0.0721     CD =  0.01459   =>   CDf =  0.00843    CDp =  0.00616

 Side 1  free  transition at x/c =  0.4218   57
 Side 2 forced transition at x/c =  1.0000   75

  69   rms: 0.5078E-02   max: -.8525E-01   C at   57  1
       a =  5.250      CL =  0.9251
      Cm = -0.0721     CD =  0.01459   =>   CDf =  0.00843    CDp =  0.00616

 Side 1  free  transition at x/c =  0.4218   57
 Side 2 forced transition at x/c =  1.0000   75

  70   rms: 0.5078E-02   max: -.8525E-01   C at   57  1
       a =  5.250      CL =  0.9251
      Cm = -0.0721     CD =  0.01459   =>   CDf =  0.00843    CDp =  0.00616

 Side 1  free  transition at x/c =  0.4218   57
 Side 2 forced transition at x/c =  1.0000   75

  71   rms: 0.5078E-02   max: -.8525E-01   C at   57  1
       a =  5.250      CL =  0.9251
      Cm = -0.0721     CD =  0.01459   =>   CDf =  0.00843    CDp =  0.00616

 Side 1  free  transition at x/c =  0.4218   57
 Side 2 forced transition at x/c =  1.0000   75

  72   rms: 0.5078E-02   max: -.8525E-01   C at   57  1
       a =  5.250      CL =  0.9251
      Cm = -0.0721     CD =  0.01459   =>   CDf =  0.00843    CDp =  0.00616

 Side 1  free  transition at x/c =  0.4218   57
 Side 2 forced transition at x/c =  1.0000   75

  73   rms: 0.5078E-02   max: -.8525E-01   C at   57  1
       a =  5.250      CL =  0.9251
      Cm = -0.0721     CD =  0.01459   =>   CDf =  0.00843    CDp =  0.00616

 Side 1  free  transition at x/c =  0.4218   57
 Side 2 forced transition at x/c =  1.0000   75

  74   rms: 0.5078E-02   max: -.8525E-01   C at   57  1
       a =  5.250      CL =  0.9251
      Cm = -0.0721     CD =  0.01459   =>   CDf =  0.00843    CDp =  0.00616

 Side 1  free  transition at x/c =  0.4218   57
 Side 2 forced transition at x/c =  1.0000   75

  75   rms: 0.5078E-02   max: -.8525E-01   C at   57  1
       a =  5.250      CL =  0.9251
      Cm = -0.0721     CD =  0.01459   =>   CDf =  0.00843    CDp =  0.00616

 Side 1  free  transition at x/c =  0.4218   57
 Side 2 forced transition at x/c =  1.0000   75

  76   rms: 0.5078E-02   max: -.8525E-01   C at   57  1
       a =  5.250      CL =  0.9251
      Cm = -0.0721     CD =  0.01459   =>   CDf =  0.00843    CDp =  0.00616

 Side 1  free  transition at x/c =  0.4218   57
 Side 2 forced transition at x/c =  1.0000   75

  77   rms: 0.5078E-02   max: -.8525E-01   C at   57  1
       a =  5.250      CL =  0.9251
      Cm = -0.0721     CD =  0.01459   =>   CDf =  0.00843    CDp =  0.00616

 Side 1  free  transition at x/c =  0.4218   57
 Side 2 forced transition at x/c =  1.0000   75

  78   rms: 0.5078E-02   max: -.8525E-01   C at   57  1
       a =  5.250      CL =  0.9251
      Cm = -0.0721     CD =  0.01459   =>   CDf =  0.00843    CDp =  0.00616

 Side 1  free  transition at x/c =  0.4218   57
 Side 2 forced transition at x/c =  1.0000   75

  79   rms: 0.5078E-02   max: -.8525E-01   C at   57  1
       a =  5.250      CL =  0.9251
      Cm = -0.0721     CD =  0.01459   =>   CDf =  0.00843    CDp =  0.00616

 Side 1  free  transition at x/c =  0.4218   57
 Side 2 forced transition at x/c =  1.0000   75

  80   rms: 0.5078E-02   max: -.8525E-01   C at   57  1
       a =  5.250      CL =  0.9251
      Cm = -0.0721     CD =  0.01459   =>   CDf =  0.00843    CDp =  0.00616

 Side 1  free  transition at x/c =  0.4218   57
 Side 2 forced transition at x/c =  1.0000   75

  81   rms: 0.5078E-02   max: -.8525E-01   C at   57  1
       a =  5.250      CL =  0.9251
      Cm = -0.0721     CD =  0.01459   =>   CDf =  0.00843    CDp =  0.00616

 Side 1  free  transition at x/c =  0.4218   57
 Side 2 forced transition at x/c =  1.0000   75

  82   rms: 0.5078E-02   max: -.8525E-01   C at   57  1
       a =  5.250      CL =  0.9251
      Cm = -0.0721     CD =  0.01459   =>   CDf =  0.00843    CDp =  0.00616

 Side 1  free  transition at x/c =  0.4218   57
 Side 2 forced transition at x/c =  1.0000   75

  83   rms: 0.5078E-02   max: -.8525E-01   C at   57  1
       a =  5.250      CL =  0.9251
      Cm = -0.0721     CD =  0.01459   =>   CDf =  0.00843    CDp =  0.00616

 Side 1  free  transition at x/c =  0.4218   57
 Side 2 forced transition at x/c =  1.0000   75

  84   rms: 0.5078E-02   max: -.8525E-01   C at   57  1
       a =  5.250      CL =  0.9251
      Cm = -0.0721     CD =  0.01459   =>   CDf =  0.00843    CDp =  0.00616

 Side 1  free  transition at x/c =  0.4218   57
 Side 2 forced transition at x/c =  1.0000   75

  85   rms: 0.5078E-02   max: -.8525E-01   C at   57  1
       a =  5.250      CL =  0.9251
      Cm = -0.0721     CD =  0.01459   =>   CDf =  0.00843    CDp =  0.00616

 Side 1  free  transition at x/c =  0.4218   57
 Side 2 forced transition at x/c =  1.0000   75

  86   rms: 0.5078E-02   max: -.8525E-01   C at   57  1
       a =  5.250      CL =  0.9251
      Cm = -0.0721     CD =  0.01459   =>   CDf =  0.00843    CDp =  0.00616

 Side 1  free  transition at x/c =  0.4218   57
 Side 2 forced transition at x/c =  1.0000   75

  87   rms: 0.5078E-02   max: -.8525E-01   C at   57  1
       a =  5.250      CL =  0.9251
      Cm = -0.0721     CD =  0.01459   =>   CDf =  0.00843    CDp =  0.00616

 Side 1  free  transition at x/c =  0.4218   57
 Side 2 forced transition at x/c =  1.0000   75

  88   rms: 0.5078E-02   max: -.8525E-01   C at   57  1
       a =  5.250      CL =  0.9251
      Cm = -0.0721     CD =  0.01459   =>   CDf =  0.00843    CDp =  0.00616

 Side 1  free  transition at x/c =  0.4218   57
 Side 2 forced transition at x/c =  1.0000   75

  89   rms: 0.5078E-02   max: -.8525E-01   C at   57  1
       a =  5.250      CL =  0.9251
      Cm = -0.0721     CD =  0.01459   =>   CDf =  0.00843    CDp =  0.00616

 Side 1  free  transition at x/c =  0.4218   57
 Side 2 forced transition at x/c =  1.0000   75

  90   rms: 0.5078E-02   max: -.8525E-01   C at   57  1
       a =  5.250      CL =  0.9251
      Cm = -0.0721     CD =  0.01459   =>   CDf =  0.00843    CDp =  0.00616

 Side 1  free  transition at x/c =  0.4218   57
 Side 2 forced transition at x/c =  1.0000   75

  91   rms: 0.5078E-02   max: -.8525E-01   C at   57  1
       a =  5.250      CL =  0.9251
      Cm = -0.0721     CD =  0.01459   =>   CDf =  0.00843    CDp =  0.00616

 Side 1  free  transition at x/c =  0.4218   57
 Side 2 forced transition at x/c =  1.0000   75

  92   rms: 0.5078E-02   max: -.8525E-01   C at   57  1
       a =  5.250      CL =  0.9251
      Cm = -0.0721     CD =  0.01459   =>   CDf =  0.00843    CDp =  0.00616

 Side 1  free  transition at x/c =  0.4218   57
 Side 2 forced transition at x/c =  1.0000   75

  93   rms: 0.5078E-02   max: -.8525E-01   C at   57  1
       a =  5.250      CL =  0.9251
      Cm = -0.0721     CD =  0.01459   =>   CDf =  0.00843    CDp =  0.00616

 Side 1  free  transition at x/c =  0.4218   57
 Side 2 forced transition at x/c =  1.0000   75

  94   rms: 0.5078E-02   max: -.8525E-01   C at   57  1
       a =  5.250      CL =  0.9251
      Cm = -0.0721     CD =  0.01459   =>   CDf =  0.00843    CDp =  0.00616

 Side 1  free  transition at x/c =  0.4218   57
 Side 2 forced transition at x/c =  1.0000   75

  95   rms: 0.5078E-02   max: -.8525E-01   C at   57  1
       a =  5.250      CL =  0.9251
      Cm = -0.0721     CD =  0.01459   =>   CDf =  0.00843    CDp =  0.00616

 Side 1  free  transition at x/c =  0.4218   57
 Side 2 forced transition at x/c =  1.0000   75

  96   rms: 0.5078E-02   max: -.8525E-01   C at   57  1
       a =  5.250      CL =  0.9251
      Cm = -0.0721     CD =  0.01459   =>   CDf =  0.00843    CDp =  0.00616

 Side 1  free  transition at x/c =  0.4218   57
 Side 2 forced transition at x/c =  1.0000   75

  97   rms: 0.5078E-02   max: -.8525E-01   C at   57  1
       a =  5.250      CL =  0.9251
      Cm = -0.0721     CD =  0.01459   =>   CDf =  0.00843    CDp =  0.00616

 Side 1  free  transition at x/c =  0.4218   57
 Side 2 forced transition at x/c =  1.0000   75

  98   rms: 0.5078E-02   max: -.8525E-01   C at   57  1
       a =  5.250      CL =  0.9251
      Cm = -0.0721     CD =  0.01459   =>   CDf =  0.00843    CDp =  0.00616

 Side 1  free  transition at x/c =  0.4218   57
 Side 2 forced transition at x/c =  1.0000   75

  99   rms: 0.5078E-02   max: -.8525E-01   C at   57  1
       a =  5.250      CL =  0.9251
      Cm = -0.0721     CD =  0.01459   =>   CDf =  0.00843    CDp =  0.00616

 Side 1  free  transition at x/c =  0.4218   57
 Side 2 forced transition at x/c =  1.0000   75

 100   rms: 0.5078E-02   max: -.8525E-01   C at   57  1
       a =  5.250      CL =  0.9251
      Cm = -0.0721     CD =  0.01459   =>   CDf =  0.00843    CDp =  0.00616

 Side 1  free  transition at x/c =  0.4218   57
 Side 2 forced transition at x/c =  1.0000   75

 101   rms: 0.5078E-02   max: -.8525E-01   C at   57  1
       a =  5.250      CL =  0.9251
      Cm = -0.0721     CD =  0.01459   =>   CDf =  0.00843    CDp =  0.00616

 Side 1  free  transition at x/c =  0.4218   57
 Side 2 forced transition at x/c =  1.0000   75

 102   rms: 0.5078E-02   max: -.8525E-01   C at   57  1
       a =  5.250      CL =  0.9251
      Cm = -0.0721     CD =  0.01459   =>   CDf =  0.00843    CDp =  0.00616

 Side 1  free  transition at x/c =  0.4218   57
 Side 2 forced transition at x/c =  1.0000   75

 103   rms: 0.5078E-02   max: -.8525E-01   C at   57  1
       a =  5.250      CL =  0.9251
      Cm = -0.0721     CD =  0.01459   =>   CDf =  0.00843    CDp =  0.00616

 Side 1  free  transition at x/c =  0.4218   57
 Side 2 forced transition at x/c =  1.0000   75

 104   rms: 0.5078E-02   max: -.8525E-01   C at   57  1
       a =  5.250      CL =  0.9251
      Cm = -0.0721     CD =  0.01459   =>   CDf =  0.00843    CDp =  0.00616

 Side 1  free  transition at x/c =  0.4218   57
 Side 2 forced transition at x/c =  1.0000   75

 105   rms: 0.5078E-02   max: -.8525E-01   C at   57  1
       a =  5.250      CL =  0.9251
      Cm = -0.0721     CD =  0.01459   =>   CDf =  0.00843    CDp =  0.00616

 Side 1  free  transition at x/c =  0.4218   57
 Side 2 forced transition at x/c =  1.0000   75

 106   rms: 0.5078E-02   max: -.8525E-01   C at   57  1
       a =  5.250      CL =  0.9251
      Cm = -0.0721     CD =  0.01459   =>   CDf =  0.00843    CDp =  0.00616

 Side 1  free  transition at x/c =  0.4218   57
 Side 2 forced transition at x/c =  1.0000   75

 107   rms: 0.5078E-02   max: -.8525E-01   C at   57  1
       a =  5.250      CL =  0.9251
      Cm = -0.0721     CD =  0.01459   =>   CDf =  0.00843    CDp =  0.00616

 Side 1  free  transition at x/c =  0.4218   57
 Side 2 forced transition at x/c =  1.0000   75

 108   rms: 0.5078E-02   max: -.8525E-01   C at   57  1
       a =  5.250      CL =  0.9251
      Cm = -0.0721     CD =  0.01459   =>   CDf =  0.00843    CDp =  0.00616

 Side 1  free  transition at x/c =  0.4218   57
 Side 2 forced transition at x/c =  1.0000   75

 109   rms: 0.5078E-02   max: -.8525E-01   C at   57  1
       a =  5.250      CL =  0.9251
      Cm = -0.0721     CD =  0.01459   =>   CDf =  0.00843    CDp =  0.00616

 Side 1  free  transition at x/c =  0.4218   57
 Side 2 forced transition at x/c =  1.0000   75

 110   rms: 0.5078E-02   max: -.8525E-01   C at   57  1
       a =  5.250      CL =  0.9251
      Cm = -0.0721     CD =  0.01459   =>   CDf =  0.00843    CDp =  0.00616

 Side 1  free  transition at x/c =  0.4218   57
 Side 2 forced transition at x/c =  1.0000   75

 111   rms: 0.5078E-02   max: -.8525E-01   C at   57  1
       a =  5.250      CL =  0.9251
      Cm = -0.0721     CD =  0.01459   =>   CDf =  0.00843    CDp =  0.00616

 Side 1  free  transition at x/c =  0.4218   57
 Side 2 forced transition at x/c =  1.0000   75

 112   rms: 0.5078E-02   max: -.8525E-01   C at   57  1
       a =  5.250      CL =  0.9251
      Cm = -0.0721     CD =  0.01459   =>   CDf =  0.00843    CDp =  0.00616

 Side 1  free  transition at x/c =  0.4218   57
 Side 2 forced transition at x/c =  1.0000   75

 113   rms: 0.5078E-02   max: -.8525E-01   C at   57  1
       a =  5.250      CL =  0.9251
      Cm = -0.0721     CD =  0.01459   =>   CDf =  0.00843    CDp =  0.00616

 Side 1  free  transition at x/c =  0.4218   57
 Side 2 forced transition at x/c =  1.0000   75

 114   rms: 0.5078E-02   max: -.8525E-01   C at   57  1
       a =  5.250      CL =  0.9251
      Cm = -0.0721     CD =  0.01459   =>   CDf =  0.00843    CDp =  0.00616

 Side 1  free  transition at x/c =  0.4218   57
 Side 2 forced transition at x/c =  1.0000   75

 115   rms: 0.5078E-02   max: -.8525E-01   C at   57  1
       a =  5.250      CL =  0.9251
      Cm = -0.0721     CD =  0.01459   =>   CDf =  0.00843    CDp =  0.00616

 Side 1  free  transition at x/c =  0.4218   57
 Side 2 forced transition at x/c =  1.0000   75

 116   rms: 0.5078E-02   max: -.8525E-01   C at   57  1
       a =  5.250      CL =  0.9251
      Cm = -0.0721     CD =  0.01459   =>   CDf =  0.00843    CDp =  0.00616

 Side 1  free  transition at x/c =  0.4218   57
 Side 2 forced transition at x/c =  1.0000   75

 117   rms: 0.5078E-02   max: -.8525E-01   C at   57  1
       a =  5.250      CL =  0.9251
      Cm = -0.0721     CD =  0.01459   =>   CDf =  0.00843    CDp =  0.00616

 Side 1  free  transition at x/c =  0.4218   57
 Side 2 forced transition at x/c =  1.0000   75

 118   rms: 0.5078E-02   max: -.8525E-01   C at   57  1
       a =  5.250      CL =  0.9251
      Cm = -0.0721     CD =  0.01459   =>   CDf =  0.00843    CDp =  0.00616

 Side 1  free  transition at x/c =  0.4218   57
 Side 2 forced transition at x/c =  1.0000   75

 119   rms: 0.5078E-02   max: -.8525E-01   C at   57  1
       a =  5.250      CL =  0.9251
      Cm = -0.0721     CD =  0.01459   =>   CDf =  0.00843    CDp =  0.00616

 Side 1  free  transition at x/c =  0.4218   57
 Side 2 forced transition at x/c =  1.0000   75

 120   rms: 0.5078E-02   max: -.8525E-01   C at   57  1
       a =  5.250      CL =  0.9251
      Cm = -0.0721     CD =  0.01459   =>   CDf =  0.00843    CDp =  0.00616

 Side 1  free  transition at x/c =  0.4218   57
 Side 2 forced transition at x/c =  1.0000   75

 121   rms: 0.5078E-02   max: -.8525E-01   C at   57  1
       a =  5.250      CL =  0.9251
      Cm = -0.0721     CD =  0.01459   =>   CDf =  0.00843    CDp =  0.00616

 Side 1  free  transition at x/c =  0.4218   57
 Side 2 forced transition at x/c =  1.0000   75

 122   rms: 0.5078E-02   max: -.8525E-01   C at   57  1
       a =  5.250      CL =  0.9251
      Cm = -0.0721     CD =  0.01459   =>   CDf =  0.00843    CDp =  0.00616

 Side 1  free  transition at x/c =  0.4218   57
 Side 2 forced transition at x/c =  1.0000   75

 123   rms: 0.5078E-02   max: -.8525E-01   C at   57  1
       a =  5.250      CL =  0.9251
      Cm = -0.0721     CD =  0.01459   =>   CDf =  0.00843    CDp =  0.00616

 Side 1  free  transition at x/c =  0.4218   57
 Side 2 forced transition at x/c =  1.0000   75

 124   rms: 0.5078E-02   max: -.8525E-01   C at   57  1
       a =  5.250      CL =  0.9251
      Cm = -0.0721     CD =  0.01459   =>   CDf =  0.00843    CDp =  0.00616

 Side 1  free  transition at x/c =  0.4218   57
 Side 2 forced transition at x/c =  1.0000   75

 125   rms: 0.5078E-02   max: -.8525E-01   C at   57  1
       a =  5.250      CL =  0.9251
      Cm = -0.0721     CD =  0.01459   =>   CDf =  0.00843    CDp =  0.00616

 Side 1  free  transition at x/c =  0.4218   57
 Side 2 forced transition at x/c =  1.0000   75

 126   rms: 0.5078E-02   max: -.8525E-01   C at   57  1
       a =  5.250      CL =  0.9251
      Cm = -0.0721     CD =  0.01459   =>   CDf =  0.00843    CDp =  0.00616

 Side 1  free  transition at x/c =  0.4218   57
 Side 2 forced transition at x/c =  1.0000   75

 127   rms: 0.5078E-02   max: -.8525E-01   C at   57  1
       a =  5.250      CL =  0.9251
      Cm = -0.0721     CD =  0.01459   =>   CDf =  0.00843    CDp =  0.00616

 Side 1  free  transition at x/c =  0.4218   57
 Side 2 forced transition at x/c =  1.0000   75

 128   rms: 0.5078E-02   max: -.8525E-01   C at   57  1
       a =  5.250      CL =  0.9251
      Cm = -0.0721     CD =  0.01459   =>   CDf =  0.00843    CDp =  0.00616

 Side 1  free  transition at x/c =  0.4218   57
 Side 2 forced transition at x/c =  1.0000   75

 129   rms: 0.5078E-02   max: -.8525E-01   C at   57  1
       a =  5.250      CL =  0.9251
      Cm = -0.0721     CD =  0.01459   =>   CDf =  0.00843    CDp =  0.00616

 Side 1  free  transition at x/c =  0.4218   57
 Side 2 forced transition at x/c =  1.0000   75

 130   rms: 0.5078E-02   max: -.8525E-01   C at   57  1
       a =  5.250      CL =  0.9251
      Cm = -0.0721     CD =  0.01459   =>   CDf =  0.00843    CDp =  0.00616

 Side 1  free  transition at x/c =  0.4218   57
 Side 2 forced transition at x/c =  1.0000   75

 131   rms: 0.5078E-02   max: -.8525E-01   C at   57  1
       a =  5.250      CL =  0.9251
      Cm = -0.0721     CD =  0.01459   =>   CDf =  0.00843    CDp =  0.00616

 Side 1  free  transition at x/c =  0.4218   57
 Side 2 forced transition at x/c =  1.0000   75

 132   rms: 0.5078E-02   max: -.8525E-01   C at   57  1
       a =  5.250      CL =  0.9251
      Cm = -0.0721     CD =  0.01459   =>   CDf =  0.00843    CDp =  0.00616

 Side 1  free  transition at x/c =  0.4218   57
 Side 2 forced transition at x/c =  1.0000   75

 133   rms: 0.5078E-02   max: -.8525E-01   C at   57  1
       a =  5.250      CL =  0.9251
      Cm = -0.0721     CD =  0.01459   =>   CDf =  0.00843    CDp =  0.00616

 Side 1  free  transition at x/c =  0.4218   57
 Side 2 forced transition at x/c =  1.0000   75

 134   rms: 0.5078E-02   max: -.8525E-01   C at   57  1
       a =  5.250      CL =  0.9251
      Cm = -0.0721     CD =  0.01459   =>   CDf =  0.00843    CDp =  0.00616

 Side 1  free  transition at x/c =  0.4218   57
 Side 2 forced transition at x/c =  1.0000   75

 135   rms: 0.5078E-02   max: -.8525E-01   C at   57  1
       a =  5.250      CL =  0.9251
      Cm = -0.0721     CD =  0.01459   =>   CDf =  0.00843    CDp =  0.00616

 Side 1  free  transition at x/c =  0.4218   57
 Side 2 forced transition at x/c =  1.0000   75

 136   rms: 0.5078E-02   max: -.8525E-01   C at   57  1
       a =  5.250      CL =  0.9251
      Cm = -0.0721     CD =  0.01459   =>   CDf =  0.00843    CDp =  0.00616

 Side 1  free  transition at x/c =  0.4218   57
 Side 2 forced transition at x/c =  1.0000   75

 137   rms: 0.5078E-02   max: -.8525E-01   C at   57  1
       a =  5.250      CL =  0.9251
      Cm = -0.0721     CD =  0.01459   =>   CDf =  0.00843    CDp =  0.00616

 Side 1  free  transition at x/c =  0.4218   57
 Side 2 forced transition at x/c =  1.0000   75

 138   rms: 0.5078E-02   max: -.8525E-01   C at   57  1
       a =  5.250      CL =  0.9251
      Cm = -0.0721     CD =  0.01459   =>   CDf =  0.00843    CDp =  0.00616

 Side 1  free  transition at x/c =  0.4218   57
 Side 2 forced transition at x/c =  1.0000   75

 139   rms: 0.5078E-02   max: -.8525E-01   C at   57  1
       a =  5.250      CL =  0.9251
      Cm = -0.0721     CD =  0.01459   =>   CDf =  0.00843    CDp =  0.00616

 Side 1  free  transition at x/c =  0.4218   57
 Side 2 forced transition at x/c =  1.0000   75

 140   rms: 0.5078E-02   max: -.8525E-01   C at   57  1
       a =  5.250      CL =  0.9251
      Cm = -0.0721     CD =  0.01459   =>   CDf =  0.00843    CDp =  0.00616

 Side 1  free  transition at x/c =  0.4218   57
 Side 2 forced transition at x/c =  1.0000   75

 141   rms: 0.5078E-02   max: -.8525E-01   C at   57  1
       a =  5.250      CL =  0.9251
      Cm = -0.0721     CD =  0.01459   =>   CDf =  0.00843    CDp =  0.00616

 Side 1  free  transition at x/c =  0.4218   57
 Side 2 forced transition at x/c =  1.0000   75

 142   rms: 0.5078E-02   max: -.8525E-01   C at   57  1
       a =  5.250      CL =  0.9251
      Cm = -0.0721     CD =  0.01459   =>   CDf =  0.00843    CDp =  0.00616

 Side 1  free  transition at x/c =  0.4218   57
 Side 2 forced transition at x/c =  1.0000   75

 143   rms: 0.5078E-02   max: -.8525E-01   C at   57  1
       a =  5.250      CL =  0.9251
      Cm = -0.0721     CD =  0.01459   =>   CDf =  0.00843    CDp =  0.00616

 Side 1  free  transition at x/c =  0.4218   57
 Side 2 forced transition at x/c =  1.0000   75

 144   rms: 0.5078E-02   max: -.8525E-01   C at   57  1
       a =  5.250      CL =  0.9251
      Cm = -0.0721     CD =  0.01459   =>   CDf =  0.00843    CDp =  0.00616

 Side 1  free  transition at x/c =  0.4218   57
 Side 2 forced transition at x/c =  1.0000   75

 145   rms: 0.5078E-02   max: -.8525E-01   C at   57  1
       a =  5.250      CL =  0.9251
      Cm = -0.0721     CD =  0.01459   =>   CDf =  0.00843    CDp =  0.00616

 Side 1  free  transition at x/c =  0.4218   57
 Side 2 forced transition at x/c =  1.0000   75

 146   rms: 0.5078E-02   max: -.8525E-01   C at   57  1
       a =  5.250      CL =  0.9251
      Cm = -0.0721     CD =  0.01459   =>   CDf =  0.00843    CDp =  0.00616

 Side 1  free  transition at x/c =  0.4218   57
 Side 2 forced transition at x/c =  1.0000   75

 147   rms: 0.5078E-02   max: -.8525E-01   C at   57  1
       a =  5.250      CL =  0.9251
      Cm = -0.0721     CD =  0.01459   =>   CDf =  0.00843    CDp =  0.00616

 Side 1  free  transition at x/c =  0.4218   57
 Side 2 forced transition at x/c =  1.0000   75

 148   rms: 0.5078E-02   max: -.8525E-01   C at   57  1
       a =  5.250      CL =  0.9251
      Cm = -0.0721     CD =  0.01459   =>   CDf =  0.00843    CDp =  0.00616

 Side 1  free  transition at x/c =  0.4218   57
 Side 2 forced transition at x/c =  1.0000   75

 149   rms: 0.5078E-02   max: -.8525E-01   C at   57  1
       a =  5.250      CL =  0.9251
      Cm = -0.0721     CD =  0.01459   =>   CDf =  0.00843    CDp =  0.00616

 Side 1  free  transition at x/c =  0.4218   57
 Side 2 forced transition at x/c =  1.0000   75

 150   rms: 0.5078E-02   max: -.8525E-01   C at   57  1
       a =  5.250      CL =  0.9251
      Cm = -0.0721     CD =  0.01459   =>   CDf =  0.00843    CDp =  0.00616

 Side 1  free  transition at x/c =  0.4218   57
 Side 2 forced transition at x/c =  1.0000   75

 151   rms: 0.5078E-02   max: -.8525E-01   C at   57  1
       a =  5.250      CL =  0.9251
      Cm = -0.0721     CD =  0.01459   =>   CDf =  0.00843    CDp =  0.00616

 Side 1  free  transition at x/c =  0.4218   57
 Side 2 forced transition at x/c =  1.0000   75

 152   rms: 0.5078E-02   max: -.8525E-01   C at   57  1
       a =  5.250      CL =  0.9251
      Cm = -0.0721     CD =  0.01459   =>   CDf =  0.00843    CDp =  0.00616

 Side 1  free  transition at x/c =  0.4218   57
 Side 2 forced transition at x/c =  1.0000   75

 153   rms: 0.5078E-02   max: -.8525E-01   C at   57  1
       a =  5.250      CL =  0.9251
      Cm = -0.0721     CD =  0.01459   =>   CDf =  0.00843    CDp =  0.00616

 Side 1  free  transition at x/c =  0.4218   57
 Side 2 forced transition at x/c =  1.0000   75

 154   rms: 0.5078E-02   max: -.8525E-01   C at   57  1
       a =  5.250      CL =  0.9251
      Cm = -0.0721     CD =  0.01459   =>   CDf =  0.00843    CDp =  0.00616

 Side 1  free  transition at x/c =  0.4218   57
 Side 2 forced transition at x/c =  1.0000   75

 155   rms: 0.5078E-02   max: -.8525E-01   C at   57  1
       a =  5.250      CL =  0.9251
      Cm = -0.0721     CD =  0.01459   =>   CDf =  0.00843    CDp =  0.00616

 Side 1  free  transition at x/c =  0.4218   57
 Side 2 forced transition at x/c =  1.0000   75

 156   rms: 0.5078E-02   max: -.8525E-01   C at   57  1
       a =  5.250      CL =  0.9251
      Cm = -0.0721     CD =  0.01459   =>   CDf =  0.00843    CDp =  0.00616

 Side 1  free  transition at x/c =  0.4218   57
 Side 2 forced transition at x/c =  1.0000   75

 157   rms: 0.5078E-02   max: -.8525E-01   C at   57  1
       a =  5.250      CL =  0.9251
      Cm = -0.0721     CD =  0.01459   =>   CDf =  0.00843    CDp =  0.00616

 Side 1  free  transition at x/c =  0.4218   57
 Side 2 forced transition at x/c =  1.0000   75

 158   rms: 0.5078E-02   max: -.8525E-01   C at   57  1
       a =  5.250      CL =  0.9251
      Cm = -0.0721     CD =  0.01459   =>   CDf =  0.00843    CDp =  0.00616

 Side 1  free  transition at x/c =  0.4218   57
 Side 2 forced transition at x/c =  1.0000   75

 159   rms: 0.5078E-02   max: -.8525E-01   C at   57  1
       a =  5.250      CL =  0.9251
      Cm = -0.0721     CD =  0.01459   =>   CDf =  0.00843    CDp =  0.00616

 Side 1  free  transition at x/c =  0.4218   57
 Side 2 forced transition at x/c =  1.0000   75

 160   rms: 0.5078E-02   max: -.8525E-01   C at   57  1
       a =  5.250      CL =  0.9251
      Cm = -0.0721     CD =  0.01459   =>   CDf =  0.00843    CDp =  0.00616

 Side 1  free  transition at x/c =  0.4218   57
 Side 2 forced transition at x/c =  1.0000   75

 161   rms: 0.5078E-02   max: -.8525E-01   C at   57  1
       a =  5.250      CL =  0.9251
      Cm = -0.0721     CD =  0.01459   =>   CDf =  0.00843    CDp =  0.00616

 Side 1  free  transition at x/c =  0.4218   57
 Side 2 forced transition at x/c =  1.0000   75

 162   rms: 0.5078E-02   max: -.8525E-01   C at   57  1
       a =  5.250      CL =  0.9251
      Cm = -0.0721     CD =  0.01459   =>   CDf =  0.00843    CDp =  0.00616

 Side 1  free  transition at x/c =  0.4218   57
 Side 2 forced transition at x/c =  1.0000   75

 163   rms: 0.5078E-02   max: -.8525E-01   C at   57  1
       a =  5.250      CL =  0.9251
      Cm = -0.0721     CD =  0.01459   =>   CDf =  0.00843    CDp =  0.00616

 Side 1  free  transition at x/c =  0.4218   57
 Side 2 forced transition at x/c =  1.0000   75

 164   rms: 0.5078E-02   max: -.8525E-01   C at   57  1
       a =  5.250      CL =  0.9251
      Cm = -0.0721     CD =  0.01459   =>   CDf =  0.00843    CDp =  0.00616

 Side 1  free  transition at x/c =  0.4218   57
 Side 2 forced transition at x/c =  1.0000   75

 165   rms: 0.5078E-02   max: -.8525E-01   C at   57  1
       a =  5.250      CL =  0.9251
      Cm = -0.0721     CD =  0.01459   =>   CDf =  0.00843    CDp =  0.00616

 Side 1  free  transition at x/c =  0.4218   57
 Side 2 forced transition at x/c =  1.0000   75

 166   rms: 0.5078E-02   max: -.8525E-01   C at   57  1
       a =  5.250      CL =  0.9251
      Cm = -0.0721     CD =  0.01459   =>   CDf =  0.00843    CDp =  0.00616

 Side 1  free  transition at x/c =  0.4218   57
 Side 2 forced transition at x/c =  1.0000   75

 167   rms: 0.5078E-02   max: -.8525E-01   C at   57  1
       a =  5.250      CL =  0.9251
      Cm = -0.0721     CD =  0.01459   =>   CDf =  0.00843    CDp =  0.00616

 Side 1  free  transition at x/c =  0.4218   57
 Side 2 forced transition at x/c =  1.0000   75

 168   rms: 0.5078E-02   max: -.8525E-01   C at   57  1
       a =  5.250      CL =  0.9251
      Cm = -0.0721     CD =  0.01459   =>   CDf =  0.00843    CDp =  0.00616

 Side 1  free  transition at x/c =  0.4218   57
 Side 2 forced transition at x/c =  1.0000   75

 169   rms: 0.5078E-02   max: -.8525E-01   C at   57  1
       a =  5.250      CL =  0.9251
      Cm = -0.0721     CD =  0.01459   =>   CDf =  0.00843    CDp =  0.00616

 Side 1  free  transition at x/c =  0.4218   57
 Side 2 forced transition at x/c =  1.0000   75

 170   rms: 0.5078E-02   max: -.8525E-01   C at   57  1
       a =  5.250      CL =  0.9251
      Cm = -0.0721     CD =  0.01459   =>   CDf =  0.00843    CDp =  0.00616

 Side 1  free  transition at x/c =  0.4218   57
 Side 2 forced transition at x/c =  1.0000   75

 171   rms: 0.5078E-02   max: -.8525E-01   C at   57  1
       a =  5.250      CL =  0.9251
      Cm = -0.0721     CD =  0.01459   =>   CDf =  0.00843    CDp =  0.00616

 Side 1  free  transition at x/c =  0.4218   57
 Side 2 forced transition at x/c =  1.0000   75

 172   rms: 0.5078E-02   max: -.8525E-01   C at   57  1
       a =  5.250      CL =  0.9251
      Cm = -0.0721     CD =  0.01459   =>   CDf =  0.00843    CDp =  0.00616

 Side 1  free  transition at x/c =  0.4218   57
 Side 2 forced transition at x/c =  1.0000   75

 173   rms: 0.5078E-02   max: -.8525E-01   C at   57  1
       a =  5.250      CL =  0.9251
      Cm = -0.0721     CD =  0.01459   =>   CDf =  0.00843    CDp =  0.00616

 Side 1  free  transition at x/c =  0.4218   57
 Side 2 forced transition at x/c =  1.0000   75

 174   rms: 0.5078E-02   max: -.8525E-01   C at   57  1
       a =  5.250      CL =  0.9251
      Cm = -0.0721     CD =  0.01459   =>   CDf =  0.00843    CDp =  0.00616

 Side 1  free  transition at x/c =  0.4218   57
 Side 2 forced transition at x/c =  1.0000   75

 175   rms: 0.5078E-02   max: -.8525E-01   C at   57  1
       a =  5.250      CL =  0.9251
      Cm = -0.0721     CD =  0.01459   =>   CDf =  0.00843    CDp =  0.00616

 Side 1  free  transition at x/c =  0.4218   57
 Side 2 forced transition at x/c =  1.0000   75

 176   rms: 0.5078E-02   max: -.8525E-01   C at   57  1
       a =  5.250      CL =  0.9251
      Cm = -0.0721     CD =  0.01459   =>   CDf =  0.00843    CDp =  0.00616

 Side 1  free  transition at x/c =  0.4218   57
 Side 2 forced transition at x/c =  1.0000   75

 177   rms: 0.5078E-02   max: -.8525E-01   C at   57  1
       a =  5.250      CL =  0.9251
      Cm = -0.0721     CD =  0.01459   =>   CDf =  0.00843    CDp =  0.00616

 Side 1  free  transition at x/c =  0.4218   57
 Side 2 forced transition at x/c =  1.0000   75

 178   rms: 0.5078E-02   max: -.8525E-01   C at   57  1
       a =  5.250      CL =  0.9251
      Cm = -0.0721     CD =  0.01459   =>   CDf =  0.00843    CDp =  0.00616

 Side 1  free  transition at x/c =  0.4218   57
 Side 2 forced transition at x/c =  1.0000   75

 179   rms: 0.5078E-02   max: -.8525E-01   C at   57  1
       a =  5.250      CL =  0.9251
      Cm = -0.0721     CD =  0.01459   =>   CDf =  0.00843    CDp =  0.00616

 Side 1  free  transition at x/c =  0.4218   57
 Side 2 forced transition at x/c =  1.0000   75

 180   rms: 0.5078E-02   max: -.8525E-01   C at   57  1
       a =  5.250      CL =  0.9251
      Cm = -0.0721     CD =  0.01459   =>   CDf =  0.00843    CDp =  0.00616

 Side 1  free  transition at x/c =  0.4218   57
 Side 2 forced transition at x/c =  1.0000   75

 181   rms: 0.5078E-02   max: -.8525E-01   C at   57  1
       a =  5.250      CL =  0.9251
      Cm = -0.0721     CD =  0.01459   =>   CDf =  0.00843    CDp =  0.00616

 Side 1  free  transition at x/c =  0.4218   57
 Side 2 forced transition at x/c =  1.0000   75

 182   rms: 0.5078E-02   max: -.8525E-01   C at   57  1
       a =  5.250      CL =  0.9251
      Cm = -0.0721     CD =  0.01459   =>   CDf =  0.00843    CDp =  0.00616

 Side 1  free  transition at x/c =  0.4218   57
 Side 2 forced transition at x/c =  1.0000   75

 183   rms: 0.5078E-02   max: -.8525E-01   C at   57  1
       a =  5.250      CL =  0.9251
      Cm = -0.0721     CD =  0.01459   =>   CDf =  0.00843    CDp =  0.00616

 Side 1  free  transition at x/c =  0.4218   57
 Side 2 forced transition at x/c =  1.0000   75

 184   rms: 0.5078E-02   max: -.8525E-01   C at   57  1
       a =  5.250      CL =  0.9251
      Cm = -0.0721     CD =  0.01459   =>   CDf =  0.00843    CDp =  0.00616

 Side 1  free  transition at x/c =  0.4218   57
 Side 2 forced transition at x/c =  1.0000   75

 185   rms: 0.5078E-02   max: -.8525E-01   C at   57  1
       a =  5.250      CL =  0.9251
      Cm = -0.0721     CD =  0.01459   =>   CDf =  0.00843    CDp =  0.00616

 Side 1  free  transition at x/c =  0.4218   57
 Side 2 forced transition at x/c =  1.0000   75

 186   rms: 0.5078E-02   max: -.8525E-01   C at   57  1
       a =  5.250      CL =  0.9251
      Cm = -0.0721     CD =  0.01459   =>   CDf =  0.00843    CDp =  0.00616

 Side 1  free  transition at x/c =  0.4218   57
 Side 2 forced transition at x/c =  1.0000   75

 187   rms: 0.5078E-02   max: -.8525E-01   C at   57  1
       a =  5.250      CL =  0.9251
      Cm = -0.0721     CD =  0.01459   =>   CDf =  0.00843    CDp =  0.00616

 Side 1  free  transition at x/c =  0.4218   57
 Side 2 forced transition at x/c =  1.0000   75

 188   rms: 0.5078E-02   max: -.8525E-01   C at   57  1
       a =  5.250      CL =  0.9251
      Cm = -0.0721     CD =  0.01459   =>   CDf =  0.00843    CDp =  0.00616

 Side 1  free  transition at x/c =  0.4218   57
 Side 2 forced transition at x/c =  1.0000   75

 189   rms: 0.5078E-02   max: -.8525E-01   C at   57  1
       a =  5.250      CL =  0.9251
      Cm = -0.0721     CD =  0.01459   =>   CDf =  0.00843    CDp =  0.00616

 Side 1  free  transition at x/c =  0.4218   57
 Side 2 forced transition at x/c =  1.0000   75

 190   rms: 0.5078E-02   max: -.8525E-01   C at   57  1
       a =  5.250      CL =  0.9251
      Cm = -0.0721     CD =  0.01459   =>   CDf =  0.00843    CDp =  0.00616

 Side 1  free  transition at x/c =  0.4218   57
 Side 2 forced transition at x/c =  1.0000   75

 191   rms: 0.5078E-02   max: -.8525E-01   C at   57  1
       a =  5.250      CL =  0.9251
      Cm = -0.0721     CD =  0.01459   =>   CDf =  0.00843    CDp =  0.00616

 Side 1  free  transition at x/c =  0.4218   57
 Side 2 forced transition at x/c =  1.0000   75

 192   rms: 0.5078E-02   max: -.8525E-01   C at   57  1
       a =  5.250      CL =  0.9251
      Cm = -0.0721     CD =  0.01459   =>   CDf =  0.00843    CDp =  0.00616

 Side 1  free  transition at x/c =  0.4218   57
 Side 2 forced transition at x/c =  1.0000   75

 193   rms: 0.5078E-02   max: -.8525E-01   C at   57  1
       a =  5.250      CL =  0.9251
      Cm = -0.0721     CD =  0.01459   =>   CDf =  0.00843    CDp =  0.00616

 Side 1  free  transition at x/c =  0.4218   57
 Side 2 forced transition at x/c =  1.0000   75

 194   rms: 0.5078E-02   max: -.8525E-01   C at   57  1
       a =  5.250      CL =  0.9251
      Cm = -0.0721     CD =  0.01459   =>   CDf =  0.00843    CDp =  0.00616

 Side 1  free  transition at x/c =  0.4218   57
 Side 2 forced transition at x/c =  1.0000   75

 195   rms: 0.5078E-02   max: -.8525E-01   C at   57  1
       a =  5.250      CL =  0.9251
      Cm = -0.0721     CD =  0.01459   =>   CDf =  0.00843    CDp =  0.00616

 Side 1  free  transition at x/c =  0.4218   57
 Side 2 forced transition at x/c =  1.0000   75

 196   rms: 0.5078E-02   max: -.8525E-01   C at   57  1
       a =  5.250      CL =  0.9251
      Cm = -0.0721     CD =  0.01459   =>   CDf =  0.00843    CDp =  0.00616

 Side 1  free  transition at x/c =  0.4218   57
 Side 2 forced transition at x/c =  1.0000   75

 197   rms: 0.5078E-02   max: -.8525E-01   C at   57  1
       a =  5.250      CL =  0.9251
      Cm = -0.0721     CD =  0.01459   =>   CDf =  0.00843    CDp =  0.00616

 Side 1  free  transition at x/c =  0.4218   57
 Side 2 forced transition at x/c =  1.0000   75

 198   rms: 0.5078E-02   max: -.8525E-01   C at   57  1
       a =  5.250      CL =  0.9251
      Cm = -0.0721     CD =  0.01459   =>   CDf =  0.00843    CDp =  0.00616

 Side 1  free  transition at x/c =  0.4218   57
 Side 2 forced transition at x/c =  1.0000   75

 199   rms: 0.5078E-02   max: -.8525E-01   C at   57  1
       a =  5.250      CL =  0.9251
      Cm = -0.0721     CD =  0.01459   =>   CDf =  0.00843    CDp =  0.00616

 Side 1  free  transition at x/c =  0.4218   57
 Side 2 forced transition at x/c =  1.0000   75

 200   rms: 0.5078E-02   max: -.8525E-01   C at   57  1
       a =  5.250      CL =  0.9251
      Cm = -0.0721     CD =  0.01459   =>   CDf =  0.00843    CDp =  0.00616

 Side 1  free  transition at x/c =  0.4218   57
 Side 2 forced transition at x/c =  1.0000   75

 201   rms: 0.5078E-02   max: -.8525E-01   C at   57  1
       a =  5.250      CL =  0.9251
      Cm = -0.0721     CD =  0.01459   =>   CDf =  0.00843    CDp =  0.00616

 Side 1  free  transition at x/c =  0.4218   57
 Side 2 forced transition at x/c =  1.0000   75

 202   rms: 0.5078E-02   max: -.8525E-01   C at   57  1
       a =  5.250      CL =  0.9251
      Cm = -0.0721     CD =  0.01459   =>   CDf =  0.00843    CDp =  0.00616

 Side 1  free  transition at x/c =  0.4218   57
 Side 2 forced transition at x/c =  1.0000   75

 203   rms: 0.5078E-02   max: -.8525E-01   C at   57  1
       a =  5.250      CL =  0.9251
      Cm = -0.0721     CD =  0.01459   =>   CDf =  0.00843    CDp =  0.00616

 Side 1  free  transition at x/c =  0.4218   57
 Side 2 forced transition at x/c =  1.0000   75

 204   rms: 0.5078E-02   max: -.8525E-01   C at   57  1
       a =  5.250      CL =  0.9251
      Cm = -0.0721     CD =  0.01459   =>   CDf =  0.00843    CDp =  0.00616

 Side 1  free  transition at x/c =  0.4218   57
 Side 2 forced transition at x/c =  1.0000   75

 205   rms: 0.5078E-02   max: -.8525E-01   C at   57  1
       a =  5.250      CL =  0.9251
      Cm = -0.0721     CD =  0.01459   =>   CDf =  0.00843    CDp =  0.00616
 VISCAL:  Convergence failed
      5.000    4.0153   0.014587   0.004018   0.004122   0.000104    0.4218     #
 Calculating wake trajectory ...
 Calculating source influence matrix ...

 Solving BL system ...

 Side 1  free  transition at x/c =  0.4218   57
 Side 2 forced transition at x/c =  1.0000   75

   1   rms: 0.3902E-01   max: -.5815E-01   C at   75  2
       a =  5.500      CL =  0.9495
      Cm = -0.0715     CD =  0.01483   =>   CDf =  0.00843    CDp =  0.00640

 Side 1  free  transition at x/c =  0.4030   56
 Side 2 forced transition at x/c =  1.0000   75

   2   rms: 0.6236E-02   max: -.7331E-01   C at   56  1
       a =  5.500      CL =  0.9471
      Cm = -0.0711     CD =  0.01497   =>   CDf =  0.00850    CDp =  0.00647

 Side 1  free  transition at x/c =  0.4062   57
 Side 2 forced transition at x/c =  1.0000   75

   3   rms: 0.4020E-02   max: -.6008E-01   C at   57  1
       a =  5.500      CL =  0.9478
      Cm = -0.0712     CD =  0.01493   =>   CDf =  0.00847    CDp =  0.00646

 Side 1  free  transition at x/c =  0.4065   57
 Side 2 forced transition at x/c =  1.0000   75

   4   rms: 0.1992E-03   max: 0.3082E-02   C at   57  1
       a =  5.500      CL =  0.9478
      Cm = -0.0712     CD =  0.01494   =>   CDf =  0.00842    CDp =  0.00651

 Side 1  free  transition at x/c =  0.4064   57
 Side 2 forced transition at x/c =  1.0000   75

   5   rms: 0.5388E-06   max: 0.2948E-05   D at   62  1
       a =  5.500      CL =  0.9478
      Cm = -0.0712     CD =  0.01493   =>   CDf =  0.00843    CDp =  0.00651
      5.000    4.1220   0.014935   0.003957   0.004308   0.000351    0.4064     #

 Point added to stored polar  1
 Point written to save file  clarky_re150000_realistic_model.polar           
 Dump file unspecified or not available
 Calculating wake trajectory ...
 Calculating source influence matrix ...

 Solving BL system ...

 Side 1  free  transition at x/c =  0.4064   57
 Side 2 forced transition at x/c =  1.0000   75

   1   rms: 0.4088E-01   max: 0.2606E+00   C at   57  1
       a =  5.750      CL =  0.9693
      Cm = -0.0701     CD =  0.01536   =>   CDf =  0.00843    CDp =  0.00693

 Side 1  free  transition at x/c =  0.3906   56
 Side 2 forced transition at x/c =  1.0000   75

   2   rms: 0.3740E-02   max: -.5495E-01   D at   56  1
       a =  5.750      CL =  0.9699
      Cm = -0.0702     CD =  0.01531   =>   CDf =  0.00851    CDp =  0.00680

 Side 1  free  transition at x/c =  0.3909   56
 Side 2 forced transition at x/c =  1.0000   75

   3   rms: 0.1366E-03   max: 0.2093E-02   C at   56  1
       a =  5.750      CL =  0.9700
      Cm = -0.0702     CD =  0.01531   =>   CDf =  0.00849    CDp =  0.00683

 Side 1  free  transition at x/c =  0.3908   56
 Side 2 forced transition at x/c =  1.0000   75

   4   rms: 0.6926E-06   max: 0.2665E-05   D at   61  1
       a =  5.750      CL =  0.9700
      Cm = -0.0702     CD =  0.01531   =>   CDf =  0.00849    CDp =  0.00682
      5.000    4.2030   0.015312   0.003967   0.004382   0.000415    0.3908     #

 Point added to stored polar  1
 Point written to save file  clarky_re150000_realistic_model.polar           
 Dump file unspecified or not available
 Calculating wake trajectory ...
 Calculating source influence matrix ...

 Solving BL system ...

 Side 1  free  transition at x/c =  0.3908   56
 Side 2 forced transition at x/c =  1.0000   75

   1   rms: 0.4068E-01   max: 0.2502E+00   C at   56  1
       a =  6.000      CL =  0.9914
      Cm = -0.0692     CD =  0.01574   =>   CDf =  0.00827    CDp =  0.00747

 Side 1  free  transition at x/c =  0.3737   56
 Side 2 forced transition at x/c =  1.0000   74

   2   rms: 0.5064E-02   max: -.6610E-01   C at   56  1
       a =  6.000      CL =  0.9915
      Cm = -0.0692     CD =  0.01571   =>   CDf =  0.00859    CDp =  0.00713

 Side 1  free  transition at x/c =  0.3749   56
 Side 2 forced transition at x/c =  1.0000   74

   3   rms: 0.7863E-03   max: -.9151E-02   D at    4  1
       a =  6.000      CL =  0.9916
      Cm = -0.0692     CD =  0.01572   =>   CDf =  0.00855    CDp =  0.00717

 Side 1  free  transition at x/c =  0.3747   56
 Side 2 forced transition at x/c =  1.0000   74

   4   rms: 0.1412E-05   max: -.7657E-05   D at    9  1
       a =  6.000      CL =  0.9916
      Cm = -0.0692     CD =  0.01572   =>   CDf =  0.00855    CDp =  0.00717
      5.000    4.2422   0.015717   0.003998   0.004411   0.000412    0.3747     #

 Point added to stored polar  1
 Point written to save file  clarky_re150000_realistic_model.polar           
 Dump file unspecified or not available
 Calculating wake trajectory ...
 Calculating source influence matrix ...

 Solving BL system ...

 Side 1  free  transition at x/c =  0.3747   56
 Side 2 forced transition at x/c =  1.0000   74

   1   rms: 0.4038E-01   max: 0.2284E+00   C at   56  1
       a =  6.250      CL =  1.0129
      Cm = -0.0681     CD =  0.01615   =>   CDf =  0.00855    CDp =  0.00759

 Side 1  free  transition at x/c =  0.3584   55
 Side 2 forced transition at x/c =  1.0000   74

   2   rms: 0.4353E-02   max: -.6274E-01   C at   55  1
       a =  6.250      CL =  1.0128
      Cm = -0.0681     CD =  0.01614   =>   CDf =  0.00866    CDp =  0.00749

 Side 1  free  transition at x/c =  0.3594   55
 Side 2 forced transition at x/c =  1.0000   74

   3   rms: 0.1857E-03   max: 0.2674E-02   C at   55  1
       a =  6.250      CL =  1.0129
      Cm = -0.0681     CD =  0.01614   =>   CDf =  0.00862    CDp =  0.00752

 Side 1  free  transition at x/c =  0.3593   55
 Side 2 forced transition at x/c =  1.0000   74

   4   rms: 0.1079E-05   max: -.4357E-05   C at   74  2
       a =  6.250      CL =  1.0129
      Cm = -0.0681     CD =  0.01614   =>   CDf =  0.00862    CDp =  0.00752
      5.000    4.2679   0.016143   0.004038   0.004438   0.000400    0.3593     #

 Point added to stored polar  1
 Point written to save file  clarky_re150000_realistic_model.polar           
 Dump file unspecified or not available
 Calculating wake trajectory ...
 Calculating source influence matrix ...

 Solving BL system ...

 Side 1  free  transition at x/c =  0.3593   55
 Side 2 forced transition at x/c =  1.0000   74

   1   rms: 0.3942E-01   max: 0.1665E+00   C at   55  1
       a =  6.500      CL =  1.0349
      Cm = -0.0672     CD =  0.01654   =>   CDf =  0.00862    CDp =  0.00792

 Side 1  free  transition at x/c =  0.3453   54
 Side 2 forced transition at x/c =  1.0000   74

   2   rms: 0.2946E-02   max: -.4066E-01   C at   54  1
       a =  6.500      CL =  1.0339
      Cm = -0.0671     CD =  0.01659   =>   CDf =  0.00871    CDp =  0.00788

 Side 1  free  transition at x/c =  0.3463   54
 Side 2 forced transition at x/c =  1.0000   74

   3   rms: 0.5485E-04   max: -.5107E-03   D at   56  1
       a =  6.500      CL =  1.0340
      Cm = -0.0671     CD =  0.01659   =>   CDf =  0.00869    CDp =  0.00790
      5.000    4.2701   0.016592   0.004081   0.004453   0.000372    0.3463     #

 Point added to stored polar  1
 Point written to save file  clarky_re150000_realistic_model.polar           
 Dump file unspecified or not available
 Calculating wake trajectory ...
 Calculating source influence matrix ...

 Solving BL system ...

 Side 1  free  transition at x/c =  0.3463   54
 Side 2 forced transition at x/c =  1.0000   74

   1   rms: 0.3848E-01   max: -.5402E-01   C at   74  2
       a =  6.750      CL =  1.0576
      Cm = -0.0664     CD =  0.01691   =>   CDf =  0.00845    CDp =  0.00845

 Side 1  free  transition at x/c =  0.3348   55
 Side 2 forced transition at x/c =  1.0000   73

   2   rms: 0.2500E-02   max: -.2904E-01   C at   55  1
       a =  6.750      CL =  1.0566
      Cm = -0.0663     CD =  0.01696   =>   CDf =  0.00867    CDp =  0.00829

 Side 1  free  transition at x/c =  0.3357   55
 Side 2 forced transition at x/c =  1.0000   73

   3   rms: 0.7029E-03   max: -.9019E-02   D at    4  1
       a =  6.750      CL =  1.0566
      Cm = -0.0663     CD =  0.01696   =>   CDf =  0.00865    CDp =  0.00831

 Side 1  free  transition at x/c =  0.3357   55
 Side 2 forced transition at x/c =  1.0000   73

   4   rms: 0.5248E-06   max: 0.6031E-05   D at    6  1
       a =  6.750      CL =  1.0566
      Cm = -0.0663     CD =  0.01696   =>   CDf =  0.00865    CDp =  0.00831
      5.000    4.2874   0.016960   0.004123   0.004516   0.000393    0.3357     #

 Point added to stored polar  1
 Point written to save file  clarky_re150000_realistic_model.polar           
 Dump file unspecified or not available
 Calculating wake trajectory ...
 Calculating source influence matrix ...

 Solving BL system ...

 Side 1  free  transition at x/c =  0.3357   55
 Side 2 forced transition at x/c =  1.0000   73

   1   rms: 0.3879E-01   max: 0.1466E+00   C at   55  1
       a =  7.000      CL =  1.0786
      Cm = -0.0654     CD =  0.01739   =>   CDf =  0.00865    CDp =  0.00874

 Side 1  free  transition at x/c =  0.3260   54
 Side 2 forced transition at x/c =  1.0000   73

   2   rms: 0.2511E-02   max: -.3696E-01   C at   54  1
       a =  7.000      CL =  1.0783
      Cm = -0.0653     CD =  0.01739   =>   CDf =  0.00869    CDp =  0.00870

 Side 1  free  transition at x/c =  0.3264   54
 Side 2 forced transition at x/c =  1.0000   73

   3   rms: 0.5380E-04   max: -.3140E-03   D at   56  1
       a =  7.000      CL =  1.0784
      Cm = -0.0653     CD =  0.01739   =>   CDf =  0.00867    CDp =  0.00873
      5.000    4.2769   0.017393   0.004171   0.004549   0.000378    0.3264     #

 Point added to stored polar  1
 Point written to save file  clarky_re150000_realistic_model.polar           
 Dump file unspecified or not available
 Calculating wake trajectory ...
 Calculating source influence matrix ...

 Solving BL system ...

 Side 1  free  transition at x/c =  0.3264   54
 Side 2 forced transition at x/c =  1.0000   73

   1   rms: 0.3816E-01   max: -.5269E-01   C at   73  2
       a =  7.250      CL =  1.1018
      Cm = -0.0647     CD =  0.01773   =>   CDf =  0.00867    CDp =  0.00906

 Side 1  free  transition at x/c =  0.3155   54
 Side 2 forced transition at x/c =  1.0000   73

   2   rms: 0.3248E-02   max: -.4046E-01   C at   54  1
       a =  7.250      CL =  1.1006
      Cm = -0.0645     CD =  0.01778   =>   CDf =  0.00865    CDp =  0.00913

 Side 1  free  transition at x/c =  0.3167   54
 Side 2 forced transition at x/c =  1.0000   73

   3   rms: 0.8740E-04   max: -.1191E-02   D at   56  1
       a =  7.250      CL =  1.1007
      Cm = -0.0645     CD =  0.01778   =>   CDf =  0.00862    CDp =  0.00916
      5.000    4.2862   0.017778   0.004221   0.004605   0.000383    0.3167     #

 Point added to stored polar  1
 Point written to save file  clarky_re150000_realistic_model.polar           
 Dump file unspecified or not available
 Calculating wake trajectory ...
 Calculating source influence matrix ...

 Solving BL system ...

 Side 1  free  transition at x/c =  0.3166   54
 Side 2 forced transition at x/c =  1.0000   73

   1   rms: 0.3843E-01   max: -.5743E-01   C at   73  2
       a =  7.500      CL =  1.1222
      Cm = -0.0635     CD =  0.01823   =>   CDf =  0.00862    CDp =  0.00961

 Side 1  free  transition at x/c =  0.3073   53
 Side 2 forced transition at x/c =  1.0000   73

   2   rms: 0.2908E-02   max: -.4185E-01   C at   53  1
       a =  7.500      CL =  1.1219
      Cm = -0.0635     CD =  0.01822   =>   CDf =  0.00864    CDp =  0.00958

 Side 1  free  transition at x/c =  0.3077   53
 Side 2 forced transition at x/c =  1.0000   73

   3   rms: 0.9358E-04   max: 0.6635E-03   C at   53  1
       a =  7.500      CL =  1.1220
      Cm = -0.0635     CD =  0.01822   =>   CDf =  0.00861    CDp =  0.00961
      5.000    4.2517   0.018221   0.004278   0.004626   0.000348    0.3077     #

 Point added to stored polar  1
 Point written to save file  clarky_re150000_realistic_model.polar           
 Dump file unspecified or not available
 Calculating wake trajectory ...
 Calculating source influence matrix ...

 Solving BL system ...

 Side 1  free  transition at x/c =  0.3076   53
 Side 2 forced transition at x/c =  1.0000   73

   1   rms: 0.3996E-01   max: -.2688E+00   D at    3  2
       a =  7.750      CL =  1.1450
      Cm = -0.0628     CD =  0.01856   =>   CDf =  0.00835    CDp =  0.01021

 Side 1  free  transition at x/c =  0.2963   54
 Side 2 forced transition at x/c =  1.0000   72

   2   rms: 0.7408E-02   max: -.7592E-01   D at    4  2
       a =  7.750      CL =  1.1436
      Cm = -0.0626     CD =  0.01862   =>   CDf =  0.00857    CDp =  0.01004

 Side 1  free  transition at x/c =  0.2976   54
 Side 2 forced transition at x/c =  1.0000   72

   3   rms: 0.8741E-03   max: -.8977E-02   D at    4  1
       a =  7.750      CL =  1.1436
      Cm = -0.0626     CD =  0.01862   =>   CDf =  0.00854    CDp =  0.01008

 Side 1  free  transition at x/c =  0.2976   54
 Side 2 forced transition at x/c =  1.0000   72

   4   rms: 0.8416E-06   max: -.5813E-05   D at    7  1
       a =  7.750      CL =  1.1436
      Cm = -0.0626     CD =  0.01862   =>   CDf =  0.00854    CDp =  0.01008
      5.000    4.1779   0.018620   0.004338   0.004643   0.000305    0.2976     #

 Point added to stored polar  1
 Point written to save file  clarky_re150000_realistic_model.polar           
 Dump file unspecified or not available
 Calculating wake trajectory ...
 Calculating source influence matrix ...

 Solving BL system ...

 Side 1  free  transition at x/c =  0.2976   54
 Side 2 forced transition at x/c =  1.0000   72

   1   rms: 0.3814E-01   max: -.5933E-01   C at   72  2
       a =  8.000      CL =  1.1642
      Cm = -0.0615     CD =  0.01910   =>   CDf =  0.00854    CDp =  0.01056

 Side 1  free  transition at x/c =  0.2880   53
 Side 2 forced transition at x/c =  1.0000   72

   2   rms: 0.2861E-02   max: -.4211E-01   C at   53  1
       a =  8.000      CL =  1.1644
      Cm = -0.0615     CD =  0.01906   =>   CDf =  0.00853    CDp =  0.01053

 Side 1  free  transition at x/c =  0.2881   53
 Side 2 forced transition at x/c =  1.0000   72

   3   rms: 0.7838E-04   max: 0.4357E-03   C at   53  1
       a =  8.000      CL =  1.1644
      Cm = -0.0615     CD =  0.01906   =>   CDf =  0.00850    CDp =  0.01056
      5.000    4.1160   0.019061   0.004411   0.004612   0.000201    0.2881     #

 Point added to stored polar  1
 Point written to save file  clarky_re150000_realistic_model.polar           
 Dump file unspecified or not available
 Calculating wake trajectory ...
 Calculating source influence matrix ...

 Solving BL system ...

 Side 1  free  transition at x/c =  0.2881   53
 Side 2 forced transition at x/c =  1.0000   72

   1   rms: 0.3752E-01   max: -.5423E-01   C at   72  2
       a =  8.250      CL =  1.1866
      Cm = -0.0607     CD =  0.01943   =>   CDf =  0.00850    CDp =  0.01092

 Side 1  free  transition at x/c =  0.2756   53
 Side 2 forced transition at x/c =  1.0000   72

   2   rms: 0.4944E-02   max: -.5772E-01   C at   53  1
       a =  8.250      CL =  1.1846
      Cm = -0.0604     CD =  0.01949   =>   CDf =  0.00849    CDp =  0.01101

 Side 1  free  transition at x/c =  0.2773   53
 Side 2 forced transition at x/c =  1.0000   72

   3   rms: 0.2714E-03   max: -.3288E-02   D at   55  1
       a =  8.250      CL =  1.1848
      Cm = -0.0604     CD =  0.01950   =>   CDf =  0.00844    CDp =  0.01105

 Side 1  free  transition at x/c =  0.2772   53
 Side 2 forced transition at x/c =  1.0000   72

   4   rms: 0.7702E-06   max: -.7092E-05   D at   55  1
       a =  8.250      CL =  1.1848
      Cm = -0.0604     CD =  0.01950   =>   CDf =  0.00845    CDp =  0.01105
      5.000    4.0135   0.019498   0.004551   0.004586   0.000034    0.2772     #

 Point added to stored polar  1
 Point written to save file  clarky_re150000_realistic_model.polar           
 Dump file unspecified or not available
 Calculating wake trajectory ...
 Calculating source influence matrix ...

 Solving BL system ...

 Side 1  free  transition at x/c =  0.2772   53
 Side 2 forced transition at x/c =  1.0000   72

   1   rms: 0.3802E-01   max: 0.1461E+00   C at   53  1
       a =  8.500      CL =  1.2035
      Cm = -0.0591     CD =  0.02004   =>   CDf =  0.00816    CDp =  0.01188

 Side 1  free  transition at x/c =  0.2668   53
 Side 2 forced transition at x/c =  1.0000   71

   2   rms: 0.4033E-02   max: -.4444E-01   D at   53  1
       a =  8.500      CL =  1.2050
      Cm = -0.0593     CD =  0.01992   =>   CDf =  0.00838    CDp =  0.01155

 Side 1  free  transition at x/c =  0.2658   53
 Side 2 forced transition at x/c =  1.0000   71

   3   rms: 0.7983E-03   max: -.9408E-02   D at    4  1
       a =  8.500      CL =  1.2050
      Cm = -0.0593     CD =  0.01993   =>   CDf =  0.00836    CDp =  0.01157

 Side 1  free  transition at x/c =  0.2658   53
 Side 2 forced transition at x/c =  1.0000   71

   4   rms: 0.7815E-06   max: -.6908E-05   D at    7  1
       a =  8.500      CL =  1.2050
      Cm = -0.0593     CD =  0.01993   =>   CDf =  0.00836    CDp =  0.01157
      5.000    3.8925   0.019929   0.000000   0.000000   0.000000    0.2658     #

 Point added to stored polar  1
 Point written to save file  clarky_re150000_realistic_model.polar           
 Dump file unspecified or not available
 Calculating wake trajectory ...
 Calculating source influence matrix ...

 Solving BL system ...

 Side 1  free  transition at x/c =  0.2658   53
 Side 2 forced transition at x/c =  1.0000   71

   1   rms: 0.3723E-01   max: -.6070E-01   C at   71  2
       a =  8.750      CL =  1.2248
      Cm = -0.0581     CD =  0.02038   =>   CDf =  0.00836    CDp =  0.01202

 Side 1  free  transition at x/c =  0.2510   52
 Side 2 forced transition at x/c =  1.0000   71

   2   rms: 0.4772E-02   max: -.6822E-01   C at   52  1
       a =  8.750      CL =  1.2233
      Cm = -0.0579     CD =  0.02041   =>   CDf =  0.00835    CDp =  0.01206

 Side 1  free  transition at x/c =  0.2527   52
 Side 2 forced transition at x/c =  1.0000   71

   3   rms: 0.2540E-03   max: 0.1881E-02   C at   52  1
       a =  8.750      CL =  1.2234
      Cm = -0.0579     CD =  0.02042   =>   CDf =  0.00832    CDp =  0.01210

 Side 1  free  transition at x/c =  0.2525   52
 Side 2 forced transition at x/c =  1.0000   71

   4   rms: 0.5633E-06   max: -.5421E-05   C at   52  1
       a =  8.750      CL =  1.2234
      Cm = -0.0579     CD =  0.02042   =>   CDf =  0.00832    CDp =  0.01210
      5.000    3.7008   0.020417   0.000000   0.000000   0.000000    0.2525     #

 Point added to stored polar  1
 Point written to save file  clarky_re150000_realistic_model.polar           
 Dump file unspecified or not available
 Calculating wake trajectory ...
 Calculating source influence matrix ...

 Solving BL system ...

 Side 1  free  transition at x/c =  0.2525   52
 Side 2 forced transition at x/c =  1.0000   71

   1   rms: 0.3724E-01   max: -.5851E-01   C at   71  2
       a =  9.000      CL =  1.2436
      Cm = -0.0569     CD =  0.02084   =>   CDf =  0.00832    CDp =  0.01251

 Side 1  free  transition at x/c =  0.2318   51
 Side 2 forced transition at x/c =  1.0000   71

   2   rms: 0.7205E-02   max: -.9693E-01   C at   51  1
       a =  9.000      CL =  1.2404
      Cm = -0.0564     CD =  0.02093   =>   CDf =  0.00833    CDp =  0.01260

 Side 1  free  transition at x/c =  0.2353   51
 Side 2 forced transition at x/c =  1.0000   71

   3   rms: 0.3009E-03   max: -.3276E-02   D at   54  1
       a =  9.000      CL =  1.2405
      Cm = -0.0564     CD =  0.02094   =>   CDf =  0.00830    CDp =  0.01264

 Side 1  free  transition at x/c =  0.2352   51
 Side 2 forced transition at x/c =  1.0000   71

   4   rms: 0.1659E-05   max: -.1149E-04   C at   51  1
       a =  9.000      CL =  1.2405
      Cm = -0.0564     CD =  0.02094   =>   CDf =  0.00830    CDp =  0.01264
      5.000    3.4982   0.020939   0.000000   0.000000   0.000000    0.2352     #

 Point added to stored polar  1
 Point written to save file  clarky_re150000_realistic_model.polar           
 Dump file unspecified or not available
 Calculating wake trajectory ...
 Calculating source influence matrix ...

 Solving BL system ...

 Side 1  free  transition at x/c =  0.2352   51
 Side 2 forced transition at x/c =  1.0000   71

   1   rms: 0.3754E-01   max: 0.1269E+00   C at   51  1
       a =  9.250      CL =  1.2592
      Cm = -0.0551     CD =  0.02143   =>   CDf =  0.00799    CDp =  0.01344

 Side 1  free  transition at x/c =  0.2094   51
 Side 2 forced transition at x/c =  1.0000   70

   2   rms: 0.8801E-02   max: -.1265E+00   C at   51  1
       a =  9.250      CL =  1.2554
      Cm = -0.0546     CD =  0.02153   =>   CDf =  0.00836    CDp =  0.01317

 Side 1  free  transition at x/c =  0.2138   51
 Side 2 forced transition at x/c =  1.0000   70

   3   rms: 0.1253E-02   max: -.1548E-01   D at    4  1
       a =  9.250      CL =  1.2553
      Cm = -0.0546     CD =  0.02154   =>   CDf =  0.00830    CDp =  0.01324

 Side 1  free  transition at x/c =  0.2137   51
 Side 2 forced transition at x/c =  1.0000   70

   4   rms: 0.2841E-05   max: -.1795E-04   D at    7  1
       a =  9.250      CL =  1.2553
      Cm = -0.0546     CD =  0.02154   =>   CDf =  0.00830    CDp =  0.01324
      5.000    3.4313   0.021542   0.000000   0.000000   0.000000    0.2137     #

 Point added to stored polar  1
 Point written to save file  clarky_re150000_realistic_model.polar           
 Dump file unspecified or not available
 Calculating wake trajectory ...
 Calculating source influence matrix ...

 Solving BL system ...

 Side 1  free  transition at x/c =  0.2137   51
 Side 2 forced transition at x/c =  1.0000   70

   1   rms: 0.3966E-01   max: 0.3578E+00   C at   51  1
       a =  9.500      CL =  1.2680
      Cm = -0.0524     CD =  0.02223   =>   CDf =  0.00831    CDp =  0.01392

 Side 1  free  transition at x/c =  0.1881   49
 Side 2 forced transition at x/c =  1.0000   70

   2   rms: 0.5577E-02   max: -.9392E-01   C at   49  1
       a =  9.500      CL =  1.2659
      Cm = -0.0522     CD =  0.02232   =>   CDf =  0.00843    CDp =  0.01389

 Side 1  free  transition at x/c =  0.1906   49
 Side 2 forced transition at x/c =  1.0000   70

   3   rms: 0.1449E-03   max: -.1193E-02   D at   51  1
       a =  9.500      CL =  1.2660
      Cm = -0.0522     CD =  0.02232   =>   CDf =  0.00841    CDp =  0.01392

 Side 1  free  transition at x/c =  0.1905   49
 Side 2 forced transition at x/c =  1.0000   70

   4   rms: 0.8473E-06   max: -.8141E-05   C at   49  1
       a =  9.500      CL =  1.2660
      Cm = -0.0522     CD =  0.02232   =>   CDf =  0.00841    CDp =  0.01392
      5.000    3.5739   0.022325   0.000000   0.000000   0.000000    0.1905     #

 Point added to stored polar  1
 Point written to save file  clarky_re150000_realistic_model.polar           
 Dump file unspecified or not available
 Calculating wake trajectory ...
 Calculating source influence matrix ...

 Solving BL system ...

 Side 1  free  transition at x/c =  0.1905   49
 Side 2 forced transition at x/c =  1.0000   70

   1   rms: 0.3988E-01   max: 0.3887E+00   C at   49  1
       a =  9.750      CL =  1.2801
      Cm = -0.0504     CD =  0.02308   =>   CDf =  0.00841    CDp =  0.01467

 Side 1  free  transition at x/c =  0.1652   48
 Side 2 forced transition at x/c =  1.0000   70

   2   rms: 0.8074E-02   max: -.1352E+00   C at   48  1
       a =  9.750      CL =  1.2762
      Cm = -0.0499     CD =  0.02322   =>   CDf =  0.00855    CDp =  0.01468

 Side 1  free  transition at x/c =  0.1689   48
 Side 2 forced transition at x/c =  1.0000   70

   3   rms: 0.1575E-03   max: -.2647E-02   D at   50  1
       a =  9.750      CL =  1.2762
      Cm = -0.0499     CD =  0.02323   =>   CDf =  0.00850    CDp =  0.01474

 Side 1  free  transition at x/c =  0.1689   48
 Side 2 forced transition at x/c =  1.0000   70

   4   rms: 0.9946E-06   max: -.7948E-05   C at   48  1
       a =  9.750      CL =  1.2762
      Cm = -0.0499     CD =  0.02323   =>   CDf =  0.00850    CDp =  0.01474
      5.000    3.7961   0.023233   0.000000   0.000000   0.000000    0.1689     #

 Point added to stored polar  1
 Point written to save file  clarky_re150000_realistic_model.polar           
 Dump file unspecified or not available
 Calculating wake trajectory ...
 Calculating source influence matrix ...

 Solving BL system ...

 Side 1  free  transition at x/c =  0.1689   48
 Side 2 forced transition at x/c =  1.0000   70

   1   rms: 0.4277E-01   max: 0.5026E+00   C at   48  1
       a = 10.000      CL =  1.2866
      Cm = -0.0477     CD =  0.02425   =>   CDf =  0.00850    CDp =  0.01575

 Side 1  free  transition at x/c =  0.1507   47
 Side 2 forced transition at x/c =  1.0000   70

   2   rms: 0.3645E-02   max: -.5877E-01   C at   47  1
       a = 10.000      CL =  1.2857
      Cm = -0.0476     CD =  0.02425   =>   CDf =  0.00859    CDp =  0.01566

 Side 1  free  transition at x/c =  0.1518   47
 Side 2 forced transition at x/c =  1.0000   70

   3   rms: 0.9258E-04   max: 0.1532E-02   C at   47  1
       a = 10.000      CL =  1.2857
      Cm = -0.0476     CD =  0.02425   =>   CDf =  0.00857    CDp =  0.01568
      5.000    4.0270   0.024247   0.020802   0.000000  -0.020802    0.1518     #

 Point added to stored polar  1
 Point written to save file  clarky_re150000_realistic_model.polar           
 Dump file unspecified or not available
 Calculating wake trajectory ...
 Calculating source influence matrix ...

 Solving BL system ...

 Side 1  free  transition at x/c =  0.1517   47
 Side 2 forced transition at x/c =  1.0000   70

   1   rms: 0.4143E-01   max: 0.4362E+00   C at   47  1
       a = 10.250      CL =  1.2949
      Cm = -0.0454     CD =  0.02539   =>   CDf =  0.00821    CDp =  0.01718

 Side 1  free  transition at x/c =  0.1383   47
 Side 2 forced transition at x/c =  1.0000   69

   2   rms: 0.3055E-02   max: -.2573E-01   D at   47  1
       a = 10.250      CL =  1.2954
      Cm = -0.0455     CD =  0.02529   =>   CDf =  0.00859    CDp =  0.01670

 Side 1  free  transition at x/c =  0.1383   47
 Side 2 forced transition at x/c =  1.0000   69

   3   rms: 0.1168E-02   max: -.1475E-01   D at    4  1
       a = 10.250      CL =  1.2954
      Cm = -0.0455     CD =  0.02529   =>   CDf =  0.00859    CDp =  0.01671

 Side 1  free  transition at x/c =  0.1383   47
 Side 2 forced transition at x/c =  1.0000   69

   4   rms: 0.1856E-05   max: 0.1949E-04   D at    8  1
       a = 10.250      CL =  1.2954
      Cm = -0.0455     CD =  0.02529   =>   CDf =  0.00859    CDp =  0.01671
      5.000    4.2556   0.025293   0.021076   0.000000  -0.021076    0.1383     #

 Point added to stored polar  1
 Point written to save file  clarky_re150000_realistic_model.polar           
 Dump file unspecified or not available
 Calculating wake trajectory ...
 Calculating source influence matrix ...

 Solving BL system ...

 Side 1  free  transition at x/c =  0.1383   47
 Side 2 forced transition at x/c =  1.0000   69

   1   rms: 0.3991E-01   max: 0.3718E+00   C at   47  1
       a = 10.500      CL =  1.3044
      Cm = -0.0434     CD =  0.02649   =>   CDf =  0.00859    CDp =  0.01790

 Side 1  free  transition at x/c =  0.1268   46
 Side 2 forced transition at x/c =  1.0000   69

   2   rms: 0.2961E-02   max: -.3687E-01   D at   46  1
       a = 10.500      CL =  1.3051
      Cm = -0.0435     CD =  0.02637   =>   CDf =  0.00859    CDp =  0.01778

 Side 1  free  transition at x/c =  0.1268   46
 Side 2 forced transition at x/c =  1.0000   69

   3   rms: 0.5761E-04   max: 0.9901E-03   C at   46  1
       a = 10.500      CL =  1.3051
      Cm = -0.0435     CD =  0.02637   =>   CDf =  0.00859    CDp =  0.01779
      5.000    4.4879   0.026375   0.021335   0.000000  -0.021335    0.1268     #

 Point added to stored polar  1
 Point written to save file  clarky_re150000_realistic_model.polar           
 Dump file unspecified or not available
 Calculating wake trajectory ...
 Calculating source influence matrix ...

 Solving BL system ...

 Side 1  free  transition at x/c =  0.1268   46
 Side 2 forced transition at x/c =  1.0000   69

   1   rms: 0.3885E-01   max: 0.3284E+00   C at   46  1
       a = 10.750      CL =  1.3141
      Cm = -0.0415     CD =  0.02762   =>   CDf =  0.00859    CDp =  0.01903

 Side 1  free  transition at x/c =  0.1173   45
 Side 2 forced transition at x/c =  1.0000   69

   2   rms: 0.2636E-02   max: -.3497E-01   D at   45  1
       a = 10.750      CL =  1.3146
      Cm = -0.0416     CD =  0.02749   =>   CDf =  0.00857    CDp =  0.01892

 Side 1  free  transition at x/c =  0.1172   45
 Side 2 forced transition at x/c =  1.0000   69

   3   rms: 0.3555E-04   max: 0.5490E-03   C at   45  1
       a = 10.750      CL =  1.3146
      Cm = -0.0416     CD =  0.02749   =>   CDf =  0.00857    CDp =  0.01893
      5.000    4.7244   0.027492   0.021565   0.000000  -0.021565    0.1172     #

 Point added to stored polar  1
 Point written to save file  clarky_re150000_realistic_model.polar           
 Dump file unspecified or not available
 Calculating wake trajectory ...
 Calculating source influence matrix ...

 Solving BL system ...

 Side 1  free  transition at x/c =  0.1172   45
 Side 2 forced transition at x/c =  1.0000   69

   1   rms: 0.3711E-01   max: 0.2709E+00   C at   45  1
       a = 11.000      CL =  1.3242
      Cm = -0.0398     CD =  0.02872   =>   CDf =  0.00857    CDp =  0.02015

 Side 1  free  transition at x/c =  0.1087   44
 Side 2 forced transition at x/c =  1.0000   69

   2   rms: 0.3042E-02   max: -.4526E-01   C at   44  1
       a = 11.000      CL =  1.3238
      Cm = -0.0398     CD =  0.02866   =>   CDf =  0.00854    CDp =  0.02012

 Side 1  free  transition at x/c =  0.1090   44
 Side 2 forced transition at x/c =  1.0000   69

   3   rms: 0.8850E-04   max: 0.1330E-02   C at   44  1
       a = 11.000      CL =  1.3238
      Cm = -0.0398     CD =  0.02866   =>   CDf =  0.00853    CDp =  0.02013
      5.000    4.9679   0.028664   0.021767   0.000000  -0.021767    0.1090     #

 Point added to stored polar  1
 Point written to save file  clarky_re150000_realistic_model.polar           
 Dump file unspecified or not available
 Calculating wake trajectory ...
 Calculating source influence matrix ...

 Solving BL system ...

 Side 1  free  transition at x/c =  0.1090   44
 Side 2 forced transition at x/c =  1.0000   69

   1   rms: 0.3588E-01   max: 0.2159E+00   C at   44  1
       a = 11.250      CL =  1.3342
      Cm = -0.0382     CD =  0.02988   =>   CDf =  0.00811    CDp =  0.02177

 Side 1  free  transition at x/c =  0.1002   44
 Side 2 forced transition at x/c =  1.0000   68

   2   rms: 0.5347E-02   max: -.6965E-01   C at   44  1
       a = 11.250      CL =  1.3319
      Cm = -0.0380     CD =  0.02994   =>   CDf =  0.00851    CDp =  0.02143

 Side 1  free  transition at x/c =  0.1012   44
 Side 2 forced transition at x/c =  1.0000   68

   3   rms: 0.1341E-02   max: -.1683E-01   D at    4  1
       a = 11.250      CL =  1.3320
      Cm = -0.0380     CD =  0.02994   =>   CDf =  0.00849    CDp =  0.02145

 Side 1  free  transition at x/c =  0.1011   44
 Side 2 forced transition at x/c =  1.0000   68

   4   rms: 0.2733E-05   max: -.2722E-04   D at    7  1
       a = 11.250      CL =  1.3320
      Cm = -0.0380     CD =  0.02994   =>   CDf =  0.00849    CDp =  0.02145
      5.000    5.2267   0.029940   0.021946   0.000000  -0.021946    0.1011     #

 Point added to stored polar  1
 Point written to save file  clarky_re150000_realistic_model.polar           
 Dump file unspecified or not available
 Calculating wake trajectory ...
 Calculating source influence matrix ...

 Solving BL system ...

 Side 1  free  transition at x/c =  0.1011   44
 Side 2 forced transition at x/c =  1.0000   68

   1   rms: 0.3481E-01   max: 0.1466E+00   C at   44  1
       a = 11.500      CL =  1.3431
      Cm = -0.0365     CD =  0.03114   =>   CDf =  0.00850    CDp =  0.02265

 Side 1  free  transition at x/c =  0.0932   43
 Side 2 forced transition at x/c =  1.0000   68

   2   rms: 0.5268E-02   max: -.4418E-01   C at   43  1
       a = 11.500      CL =  1.3392
      Cm = -0.0363     CD =  0.03133   =>   CDf =  0.00847    CDp =  0.02286

 Side 1  free  transition at x/c =  0.0939   44
 Side 2 forced transition at x/c =  1.0000   68

   3   rms: 0.4100E-02   max: -.5977E-01   C at   44  1
       a = 11.500      CL =  1.3397
      Cm = -0.0363     CD =  0.03128   =>   CDf =  0.00849    CDp =  0.02279

 Side 1  free  transition at x/c =  0.0941   44
 Side 2 forced transition at x/c =  1.0000   68

   4   rms: 0.1536E-03   max: 0.2237E-02   C at   44  1
       a = 11.500      CL =  1.3397
      Cm = -0.0363     CD =  0.03129   =>   CDf =  0.00845    CDp =  0.02284

 Side 1  free  transition at x/c =  0.0941   44
 Side 2 forced transition at x/c =  1.0000   68

   5   rms: 0.3536E-05   max: -.1175E-04   C at   44  1
       a = 11.500      CL =  1.3397
      Cm = -0.0363     CD =  0.03129   =>   CDf =  0.00845    CDp =  0.02284
      5.000    5.4915   0.031290   0.022099   0.002132  -0.019967    0.0941     #

 Point added to stored polar  1
 Point written to save file  clarky_re150000_realistic_model.polar           
 Dump file unspecified or not available
 Calculating wake trajectory ...
 Calculating source influence matrix ...

 Solving BL system ...

 Side 1  free  transition at x/c =  0.0941   44
 Side 2 forced transition at x/c =  1.0000   68

   1   rms: 0.3707E-01   max: 0.2194E+00   C at   44  1
       a = 11.750      CL =  1.3456
      Cm = -0.0346     CD =  0.03294   =>   CDf =  0.00846    CDp =  0.02449

 Side 1  free  transition at x/c =  0.0877   43
 Side 2 forced transition at x/c =  1.0000   68

   2   rms: 0.4932E-02   max: -.7499E-01   D at   43  1
       a = 11.750      CL =  1.3480
      Cm = -0.0348     CD =  0.03263   =>   CDf =  0.00837    CDp =  0.02426

 Side 1  free  transition at x/c =  0.0870   43
 Side 2 forced transition at x/c =  1.0000   68

   3   rms: 0.2188E-03   max: -.1134E-02   C at   43  1
       a = 11.750      CL =  1.3479
      Cm = -0.0348     CD =  0.03265   =>   CDf =  0.00838    CDp =  0.02428

 Side 1  free  transition at x/c =  0.0871   43
 Side 2 forced transition at x/c =  1.0000   68

   4   rms: 0.2030E-05   max: -.1618E-04   C at   68  2
       a = 11.750      CL =  1.3479
      Cm = -0.0348     CD =  0.03265   =>   CDf =  0.00838    CDp =  0.02428
      5.000    5.7515   0.032654   0.022220   0.002237  -0.019984    0.0871     #

 Point added to stored polar  1
 Point written to save file  clarky_re150000_realistic_model.polar           
 Dump file unspecified or not available
 Calculating wake trajectory ...
 Calculating source influence matrix ...

 Solving BL system ...

 Side 1  free  transition at x/c =  0.0871   43
 Side 2 forced transition at x/c =  1.0000   68

   1   rms: 0.3730E-01   max: 0.2332E+00   C at   43  1
       a = 12.000      CL =  1.3539
      Cm = -0.0333     CD =  0.03436   =>   CDf =  0.00838    CDp =  0.02597

 Side 1  free  transition at x/c =  0.0796   42
 Side 2 forced transition at x/c =  1.0000   68

   2   rms: 0.4605E-02   max: -.7904E-01   D at   42  1
       a = 12.000      CL =  1.3548
      Cm = -0.0333     CD =  0.03415   =>   CDf =  0.00832    CDp =  0.02583

 Side 1  free  transition at x/c =  0.0793   42
 Side 2 forced transition at x/c =  1.0000   68

   3   rms: 0.1883E-03   max: 0.1793E-02   D at   42  1
       a = 12.000      CL =  1.3547
      Cm = -0.0333     CD =  0.03417   =>   CDf =  0.00832    CDp =  0.02585

 Side 1  free  transition at x/c =  0.0793   42
 Side 2 forced transition at x/c =  1.0000   68

   4   rms: 0.1742E-05   max: -.2192E-04   C at   68  2
       a = 12.000      CL =  1.3547
      Cm = -0.0333     CD =  0.03417   =>   CDf =  0.00832    CDp =  0.02585
      5.000    6.0260   0.034169   0.022330   0.002333  -0.019997    0.0793     #

 Point added to stored polar  1
 Point written to save file  clarky_re150000_realistic_model.polar           
 Dump file unspecified or not available
 Calculating wake trajectory ...
 Calculating source influence matrix ...

 Solving BL system ...

 Side 1  free  transition at x/c =  0.0793   42
 Side 2 forced transition at x/c =  1.0000   68

   1   rms: 0.3881E-01   max: 0.2672E+00   C at   42  1   RLX: 0.978
       a = 12.250      CL =  1.3596
      Cm = -0.0319     CD =  0.03600   =>   CDf =  0.00784    CDp =  0.02817

 Side 1  free  transition at x/c =  0.0703   41
 Side 2 forced transition at x/c =  1.0000   67

   2   rms: 0.6705E-02   max: -.1224E+00   D at   42  1
       a = 12.250      CL =  1.3604
      Cm = -0.0319     CD =  0.03583   =>   CDf =  0.00827    CDp =  0.02755

 Side 1  free  transition at x/c =  0.0699   41
 Side 2 forced transition at x/c =  1.0000   67

   3   rms: 0.1322E-02   max: -.1564E-01   D at    4  1
       a = 12.250      CL =  1.3601
      Cm = -0.0319     CD =  0.03586   =>   CDf =  0.00828    CDp =  0.02758

 Side 1  free  transition at x/c =  0.0699   41
 Side 2 forced transition at x/c =  1.0000   67

   4   rms: 0.9229E-05   max: 0.3723E-04   D at   75  2
       a = 12.250      CL =  1.3601
      Cm = -0.0319     CD =  0.03586   =>   CDf =  0.00828    CDp =  0.02757
      5.000    6.3144   0.035857   0.022428   0.002427  -0.020001    0.0699     #

 Point added to stored polar  1
 Point written to save file  clarky_re150000_realistic_model.polar           
 Dump file unspecified or not available
 Calculating wake trajectory ...
 Calculating source influence matrix ...

 Solving BL system ...

 Side 1  free  transition at x/c =  0.0699   41
 Side 2 forced transition at x/c =  1.0000   67

   1   rms: 0.3545E-01   max: 0.1160E+00   T at   41  1   RLX: 0.945
       a = 12.500      CL =  1.3701
      Cm = -0.0309     CD =  0.03723   =>   CDf =  0.00829    CDp =  0.02894

 Side 1  free  transition at x/c =  0.0577   39
 Side 2 forced transition at x/c =  1.0000   67

   2   rms: 0.8765E-02   max: -.8604E-01   D at   40  1
       a = 12.500      CL =  1.3647
      Cm = -0.0306     CD =  0.03771   =>   CDf =  0.00827    CDp =  0.02944

 Side 1  free  transition at x/c =  0.0597   40
 Side 2 forced transition at x/c =  1.0000   67

   3   rms: 0.5005E-02   max: 0.8360E-01   C at   40  1
       a = 12.500      CL =  1.3653
      Cm = -0.0306     CD =  0.03763   =>   CDf =  0.00822    CDp =  0.02941

 Side 1  free  transition at x/c =  0.0588   40
 Side 2 forced transition at x/c =  1.0000   67

   4   rms: 0.3050E-03   max: -.3229E-02   C at   40  1
       a = 12.500      CL =  1.3651
      Cm = -0.0306     CD =  0.03764   =>   CDf =  0.00824    CDp =  0.02940

 Side 1  free  transition at x/c =  0.0589   40
 Side 2 forced transition at x/c =  1.0000   67

   5   rms: 0.3198E-05   max: -.1104E-04   D at   81  1
       a = 12.500      CL =  1.3651
      Cm = -0.0306     CD =  0.03764   =>   CDf =  0.00824    CDp =  0.02940
      5.000    6.6048   0.037644   0.022506   0.002522  -0.019984    0.0589     #

 Point added to stored polar  1
 Point written to save file  clarky_re150000_realistic_model.polar           
 Dump file unspecified or not available
 Calculating wake trajectory ...
 Calculating source influence matrix ...

 Solving BL system ...

 Side 1  free  transition at x/c =  0.0589   40
 Side 2 forced transition at x/c =  1.0000   67

   1   rms: 0.4287E-01   max: 0.4220E+00   C at   40  1   RLX: 0.891
       a = 12.750      CL =  1.3676
      Cm = -0.0296     CD =  0.03967   =>   CDf =  0.00825    CDp =  0.03142

 Side 1  free  transition at x/c =  0.0482   38
 Side 2 forced transition at x/c =  1.0000   67

   2   rms: 0.5883E-02   max: 0.5279E-01   C at   38  1
       a = 12.750      CL =  1.3674
      Cm = -0.0294     CD =  0.03977   =>   CDf =  0.00823    CDp =  0.03155

 Side 1  free  transition at x/c =  0.0463   37
 Side 2 forced transition at x/c =  1.0000   67

   3   rms: 0.3037E-03   max: 0.2825E-02   C at   37  1
       a = 12.750      CL =  1.3674
      Cm = -0.0294     CD =  0.03974   =>   CDf =  0.00823    CDp =  0.03151

 Side 1  free  transition at x/c =  0.0463   37
 Side 2 forced transition at x/c =  1.0000   67

   4   rms: 0.3131E-05   max: -.3316E-04   C at   67  2
       a = 12.750      CL =  1.3674
      Cm = -0.0294     CD =  0.03974   =>   CDf =  0.00823    CDp =  0.03151
      5.000    6.9235   0.039740   0.022578   0.002616  -0.019962    0.0463     #

 Point added to stored polar  1
 Point written to save file  clarky_re150000_realistic_model.polar           
 Dump file unspecified or not available
 Calculating wake trajectory ...
 Calculating source influence matrix ...

 Solving BL system ...

 Side 1  free  transition at x/c =  0.0463   37
 Side 2 forced transition at x/c =  1.0000   67

   1   rms: 0.4521E-01   max: 0.5356E+00   C at   37  1   RLX: 0.850
       a = 13.000      CL =  1.3693
      Cm = -0.0285     CD =  0.04181   =>   CDf =  0.00824    CDp =  0.03357

 Side 1  free  transition at x/c =  0.0342   34
 Side 2 forced transition at x/c =  1.0000   67

   2   rms: 0.8020E-02   max: -.5689E-01   C at   34  1
       a = 13.000      CL =  1.3655
      Cm = -0.0282     CD =  0.04237   =>   CDf =  0.00830    CDp =  0.03407

 Side 1  free  transition at x/c =  0.0345   34
 Side 2 forced transition at x/c =  1.0000   67

   3   rms: 0.3202E-03   max: -.3390E-02   C at   34  1
       a = 13.000      CL =  1.3653
      Cm = -0.0282     CD =  0.04231   =>   CDf =  0.00827    CDp =  0.03405

 Side 1  free  transition at x/c =  0.0346   34
 Side 2 forced transition at x/c =  1.0000   67

   4   rms: 0.3214E-05   max: -.2630E-04   C at   34  1
       a = 13.000      CL =  1.3653
      Cm = -0.0282     CD =  0.04231   =>   CDf =  0.00826    CDp =  0.03405
      5.000    7.2859   0.042313   0.022639   0.002698  -0.019941    0.0346     #

 Point added to stored polar  1
 Point written to save file  clarky_re150000_realistic_model.polar           
 Dump file unspecified or not available
 Calculating wake trajectory ...
 Calculating source influence matrix ...

 Solving BL system ...

 Side 1  free  transition at x/c =  0.0346   34
 Side 2 forced transition at x/c =  1.0000   67

   1   rms: 0.5582E-01   max: 0.7626E+00   C at   34  1   RLX: 0.803
       a = 13.250      CL =  1.3641
      Cm = -0.0274     CD =  0.04469   =>   CDf =  0.00827    CDp =  0.03642

 Side 1  free  transition at x/c =  0.0287   33
 Side 2 forced transition at x/c =  1.0000   67

   2   rms: 0.8125E-02   max: 0.4574E-01   D at   81  1
       a = 13.250      CL =  1.3616
      Cm = -0.0272     CD =  0.04526   =>   CDf =  0.00830    CDp =  0.03697

 Side 1  free  transition at x/c =  0.0285   33
 Side 2 forced transition at x/c =  1.0000   67

   3   rms: 0.5423E-03   max: -.6289E-02   C at   33  1
       a = 13.250      CL =  1.3613
      Cm = -0.0271     CD =  0.04520   =>   CDf =  0.00827    CDp =  0.03693

 Side 1  free  transition at x/c =  0.0285   33
 Side 2 forced transition at x/c =  1.0000   67

   4   rms: 0.6140E-05   max: 0.5152E-04   D at   77  2
       a = 13.250      CL =  1.3613
      Cm = -0.0271     CD =  0.04519   =>   CDf =  0.00826    CDp =  0.03693
      5.000    7.6637   0.045193   0.022656   0.002765  -0.019891    0.0285     #

 Point added to stored polar  1
 Point written to save file  clarky_re150000_realistic_model.polar           
 Dump file unspecified or not available
 Calculating wake trajectory ...
 Calculating source influence matrix ...

 Solving BL system ...

 Side 1  free  transition at x/c =  0.0285   33
 Side 2 forced transition at x/c =  1.0000   67

   1   rms: 0.4608E-01   max: 0.5249E+00   C at   33  1   RLX: 0.761
       a = 13.500      CL =  1.3590
      Cm = -0.0265     CD =  0.04770   =>   CDf =  0.00769    CDp =  0.04001

 Side 1  free  transition at x/c =  0.0261   33
 Side 2 forced transition at x/c =  1.0000   66

   2   rms: 0.1440E+00   max: 0.2579E+01   T at    2  1   RLX: 0.481
       a = 13.500      CL =  1.3586
      Cm = -0.0265     CD =  0.04781   =>   CDf =  0.00823    CDp =  0.03958

 Side 1  free  transition at x/c =  0.0259   33
 Side 2 forced transition at x/c =  1.0000   66

   3   rms: 0.9615E-02   max: 0.1075E+00   D at    4  1
       a = 13.500      CL =  1.3575
      Cm = -0.0264     CD =  0.04824   =>   CDf =  0.00821    CDp =  0.04003

 Side 1  free  transition at x/c =  0.0256   33
 Side 2 forced transition at x/c =  1.0000   66

   4   rms: 0.3678E-03   max: -.3655E-02   C at   33  1
       a = 13.500      CL =  1.3573
      Cm = -0.0263     CD =  0.04820   =>   CDf =  0.00820    CDp =  0.04000

 Side 1  free  transition at x/c =  0.0257   33
 Side 2 forced transition at x/c =  1.0000   66

   5   rms: 0.4709E-05   max: -.2035E-04   T at   76  2
       a = 13.500      CL =  1.3573
      Cm = -0.0263     CD =  0.04820   =>   CDf =  0.00820    CDp =  0.04000
      5.000    8.0347   0.048198   0.022628   0.002821  -0.019807    0.0257     #

 Point added to stored polar  1
 Point written to save file  clarky_re150000_realistic_model.polar           
 Dump file unspecified or not available
 Calculating wake trajectory ...
 Calculating source influence matrix ...

 Solving BL system ...

 Side 1  free  transition at x/c =  0.0257   33
 Side 2 forced transition at x/c =  1.0000   66

   1   rms: 0.4003E-01   max: 0.3427E+00   C at   33  1   RLX: 0.725
       a = 13.750      CL =  1.3553
      Cm = -0.0260     CD =  0.05069   =>   CDf =  0.00821    CDp =  0.04248

 Side 1  free  transition at x/c =  0.0243   32
 Side 2 forced transition at x/c =  1.0000   66

   2   rms: 0.1016E-01   max: 0.4788E-01   D at   79  1
       a = 13.750      CL =  1.3535
      Cm = -0.0258     CD =  0.05146   =>   CDf =  0.00815    CDp =  0.04331

 Side 1  free  transition at x/c =  0.0239   32
 Side 2 forced transition at x/c =  1.0000   66

   3   rms: 0.8163E-03   max: -.6878E-02   C at   32  1
       a = 13.750      CL =  1.3530
      Cm = -0.0258     CD =  0.05137   =>   CDf =  0.00811    CDp =  0.04326

 Side 1  free  transition at x/c =  0.0240   32
 Side 2 forced transition at x/c =  1.0000   66

   4   rms: 0.1215E-04   max: -.1162E-03   C at   32  1
       a = 13.750      CL =  1.3530
      Cm = -0.0258     CD =  0.05136   =>   CDf =  0.00811    CDp =  0.04325
      5.000    8.3994   0.051358   0.022547   0.002880  -0.019667    0.0240     #

 Point added to stored polar  1
 Point written to save file  clarky_re150000_realistic_model.polar           
 Dump file unspecified or not available
 Calculating wake trajectory ...
 Calculating source influence matrix ...

 Solving BL system ...

 Side 1  free  transition at x/c =  0.0240   32
 Side 2 forced transition at x/c =  1.0000   66

   1   rms: 0.3628E-01   max: 0.2195E+00   C at   32  1   RLX: 0.692
       a = 14.000      CL =  1.3515
      Cm = -0.0256     CD =  0.05380   =>   CDf =  0.00811    CDp =  0.04569

 Side 1  free  transition at x/c =  0.0229   32
 Side 2 forced transition at x/c =  1.0000   66

   2   rms: 0.1170E-01   max: 0.5600E-01   D at   78  1
       a = 14.000      CL =  1.3487
      Cm = -0.0255     CD =  0.05484   =>   CDf =  0.00804    CDp =  0.04681

 Side 1  free  transition at x/c =  0.0227   32
 Side 2 forced transition at x/c =  1.0000   66

   3   rms: 0.9987E-03   max: -.6119E-02   C at   32  1
       a = 14.000      CL =  1.3481
      Cm = -0.0255     CD =  0.05471   =>   CDf =  0.00799    CDp =  0.04672

 Side 1  free  transition at x/c =  0.0227   32
 Side 2 forced transition at x/c =  1.0000   66

   4   rms: 0.1537E-04   max: 0.1263E-03   D at   77  2
       a = 14.000      CL =  1.3481
      Cm = -0.0255     CD =  0.05470   =>   CDf =  0.00799    CDp =  0.04671
      5.000    8.7585   0.054698   0.022421   0.002955  -0.019466    0.0227     #

 Point added to stored polar  1
 Point written to save file  clarky_re150000_realistic_model.polar           
 Dump file unspecified or not available
 Calculating wake trajectory ...
 Calculating source influence matrix ...

 Solving BL system ...

 Side 1  free  transition at x/c =  0.0227   32
 Side 2 forced transition at x/c =  1.0000   66

   1   rms: 0.3629E-01   max: 0.1689E+00   C at   32  1   RLX: 0.660
       a = 14.250      CL =  1.3455
      Cm = -0.0255     CD =  0.05731   =>   CDf =  0.00800    CDp =  0.04932

 Side 1  free  transition at x/c =  0.0220   32
 Side 2 forced transition at x/c =  1.0000   66

   2   rms: 0.1308E-01   max: 0.5775E-01   D at   76  1
       a = 14.250      CL =  1.3421
      Cm = -0.0255     CD =  0.05859   =>   CDf =  0.00792    CDp =  0.05066

 Side 1  free  transition at x/c =  0.0218   31
 Side 2 forced transition at x/c =  1.0000   66

   3   rms: 0.1353E-02   max: 0.9595E-02   D at   76  1
       a = 14.250      CL =  1.3412
      Cm = -0.0255     CD =  0.05844   =>   CDf =  0.00789    CDp =  0.05055

 Side 1  free  transition at x/c =  0.0219   31
 Side 2 forced transition at x/c =  1.0000   66

   4   rms: 0.3838E-04   max: 0.2789E-03   D at   78  2
       a = 14.250      CL =  1.3412
      Cm = -0.0255     CD =  0.05842   =>   CDf =  0.00788    CDp =  0.05054
      5.000    9.1232   0.058423   0.022253   0.003017  -0.019236    0.0219     #

 Point added to stored polar  1
 Point written to save file  clarky_re150000_realistic_model.polar           
 Dump file unspecified or not available
 Calculating wake trajectory ...
 Calculating source influence matrix ...

 Solving BL system ...

 Side 1  free  transition at x/c =  0.0217   31
 Side 2 forced transition at x/c =  1.0000   66

   1   rms: 0.3158E-01   max: -.1899E+00   C at   31  1   RLX: 0.632
       a = 14.500      CL =  1.3409
      Cm = -0.0263     CD =  0.06093   =>   CDf =  0.00793    CDp =  0.05299

 Side 1  free  transition at x/c =  0.0212   31
 Side 2 forced transition at x/c =  1.0000   66

   2   rms: 0.1275E-01   max: 0.5809E-01   D at   75  1
       a = 14.500      CL =  1.3364
      Cm = -0.0258     CD =  0.06235   =>   CDf =  0.00780    CDp =  0.05455

 Side 1  free  transition at x/c =  0.0210   31
 Side 2 forced transition at x/c =  1.0000   66

   3   rms: 0.1165E-02   max: 0.7556E-02   D at   78  2
       a = 14.500      CL =  1.3356
      Cm = -0.0257     CD =  0.06217   =>   CDf =  0.00773    CDp =  0.05444

 Side 1  free  transition at x/c =  0.0210   31
 Side 2 forced transition at x/c =  1.0000   66

   4   rms: 0.2046E-04   max: 0.2006E-03   D at   78  2
       a = 14.500      CL =  1.3356
      Cm = -0.0257     CD =  0.06216   =>   CDf =  0.00773    CDp =  0.05443
      5.000    9.4618   0.062156   0.022028   0.003099  -0.018929    0.0210     #

 Point added to stored polar  1
 Point written to save file  clarky_re150000_realistic_model.polar           
 Dump file unspecified or not available
 Calculating wake trajectory ...
 Calculating source influence matrix ...

 Solving BL system ...

 Side 1  free  transition at x/c =  0.0211   31
 Side 2 forced transition at x/c =  1.0000   66

   1   rms: 0.3405E-01   max: 0.1341E+00   D at   72  1   RLX: 0.604
       a = 14.750      CL =  1.3332
      Cm = -0.0260     CD =  0.06482   =>   CDf =  0.00774    CDp =  0.05708

 Side 1  free  transition at x/c =  0.0205   31
 Side 2 forced transition at x/c =  1.0000   66

   2   rms: 0.1476E-01   max: 0.6941E-01   D at   74  1
       a = 14.750      CL =  1.3295
      Cm = -0.0263     CD =  0.06650   =>   CDf =  0.00765    CDp =  0.05886

 Side 1  free  transition at x/c =  0.0203   31
 Side 2 forced transition at x/c =  1.0000   66

   3   rms: 0.1595E-02   max: 0.7905E-02   D at   73  1
       a = 14.750      CL =  1.3285
      Cm = -0.0262     CD =  0.06627   =>   CDf =  0.00758    CDp =  0.05869

 Side 1  free  transition at x/c =  0.0204   31
 Side 2 forced transition at x/c =  1.0000   66

   4   rms: 0.3793E-04   max: 0.2853E-03   D at   79  2
       a = 14.750      CL =  1.3284
      Cm = -0.0262     CD =  0.06625   =>   CDf =  0.00758    CDp =  0.05867
      5.000    9.7971   0.066251   0.021759   0.003168  -0.018591    0.0204     #

 Point added to stored polar  1
 Point written to save file  clarky_re150000_realistic_model.polar           
 Dump file unspecified or not available
 Calculating wake trajectory ...
 Calculating source influence matrix ...

 Solving BL system ...

 Side 1  free  transition at x/c =  0.0204   31
 Side 2 forced transition at x/c =  1.0000   66

   1   rms: 0.3492E-01   max: 0.1433E+00   D at   71  1   RLX: 0.578
       a = 15.000      CL =  1.3252
      Cm = -0.0267     CD =  0.06911   =>   CDf =  0.00759    CDp =  0.06152

 Side 1  free  transition at x/c =  0.0200   31
 Side 2 forced transition at x/c =  1.0000   66

   2   rms: 0.1573E-01   max: 0.7018E-01   D at   72  1
       a = 15.000      CL =  1.3210
      Cm = -0.0271     CD =  0.07102   =>   CDf =  0.00751    CDp =  0.06352

 Side 1  free  transition at x/c =  0.0198   31
 Side 2 forced transition at x/c =  1.0000   66

   3   rms: 0.2061E-02   max: 0.1187E-01   D at   72  1
       a = 15.000      CL =  1.3197
      Cm = -0.0271     CD =  0.07077   =>   CDf =  0.00744    CDp =  0.06333

 Side 1  free  transition at x/c =  0.0198   31
 Side 2 forced transition at x/c =  1.0000   66

   4   rms: 0.7179E-04   max: 0.7410E-03   D at   79  2
       a = 15.000      CL =  1.3197
      Cm = -0.0271     CD =  0.07073   =>   CDf =  0.00744    CDp =  0.06330
      5.000   10.1258   0.070735   0.021425   0.003227  -0.018198    0.0198     #

 Point added to stored polar  1
 Point written to save file  clarky_re150000_realistic_model.polar           
 Dump file unspecified or not available
 Calculating wake trajectory ...
 Calculating source influence matrix ...

 Solving BL system ...

 Side 1  free  transition at x/c =  0.0198   31
 Side 2 forced transition at x/c =  1.0000   66

   1   rms: 0.3546E-01   max: 0.1494E+00   D at   70  1   RLX: 0.553
       a = 15.250      CL =  1.3158
      Cm = -0.0278     CD =  0.07372   =>   CDf =  0.00744    CDp =  0.06628

 Side 1  free  transition at x/c =  0.0195   31
 Side 2 forced transition at x/c =  1.0000   66

   2   rms: 0.1740E-01   max: 0.8130E-01   D at   71  1
       a = 15.250      CL =  1.3106
      Cm = -0.0284     CD =  0.07601   =>   CDf =  0.00737    CDp =  0.06864

 Side 1  free  transition at x/c =  0.0193   31
 Side 2 forced transition at x/c =  1.0000   66

   3   rms: 0.2118E-02   max: 0.9263E-02   D at   79  2
       a = 15.250      CL =  1.3092
      Cm = -0.0283     CD =  0.07565   =>   CDf =  0.00730    CDp =  0.06835

 Side 1  free  transition at x/c =  0.0194   31
 Side 2 forced transition at x/c =  1.0000   66

   4   rms: 0.5429E-04   max: 0.3643E-03   D at   80  2
       a = 15.250      CL =  1.3092
      Cm = -0.0283     CD =  0.07561   =>   CDf =  0.00730    CDp =  0.06831
      5.000   10.4474   0.075613   0.021039   0.003292  -0.017747    0.0194     #

 Point added to stored polar  1
 Point written to save file  clarky_re150000_realistic_model.polar           
 Dump file unspecified or not available
 Calculating wake trajectory ...
 Calculating source influence matrix ...

 Solving BL system ...

 Side 1  free  transition at x/c =  0.0194   31
 Side 2 forced transition at x/c =  1.0000   66

   1   rms: 0.3683E-01   max: 0.1618E+00   D at   68  1   RLX: 0.529
       a = 15.500      CL =  1.3045
      Cm = -0.0291     CD =  0.07884   =>   CDf =  0.00731    CDp =  0.07153

 Side 1  free  transition at x/c =  0.0192   30
 Side 2 forced transition at x/c =  1.0000   66

   2   rms: 0.1639E-01   max: 0.7310E-01   D at   69  1
       a = 15.500      CL =  1.3008
      Cm = -0.0297     CD =  0.08100   =>   CDf =  0.00663    CDp =  0.07437

 Side 1  free  transition at x/c =  0.0189   31
 Side 2 forced transition at x/c =  1.0000   65

   3   rms: 0.3285E-02   max: -.3805E-01   D at    2  1
       a = 15.500      CL =  1.2992
      Cm = -0.0297     CD =  0.08069   =>   CDf =  0.00715    CDp =  0.07354

 Side 1  free  transition at x/c =  0.0190   31
 Side 2 forced transition at x/c =  1.0000   65

   4   rms: 0.1123E-02   max: -.1510E-01   D at    4  1
       a = 15.500      CL =  1.2991
      Cm = -0.0297     CD =  0.08064   =>   CDf =  0.00715    CDp =  0.07349

 Side 1  free  transition at x/c =  0.0190   31
 Side 2 forced transition at x/c =  1.0000   65

   5   rms: 0.4189E-05   max: -.2552E-04   C at   65  2
       a = 15.500      CL =  1.2991
      Cm = -0.0297     CD =  0.08064   =>   CDf =  0.00715    CDp =  0.07349
      5.000   10.7454   0.080636   0.020597   0.003355  -0.017242    0.0190     #

 Point added to stored polar  1
 Point written to save file  clarky_re150000_realistic_model.polar           
 Dump file unspecified or not available
 Calculating wake trajectory ...
 Calculating source influence matrix ...

 Solving BL system ...

 Side 1  free  transition at x/c =  0.0190   31
 Side 2 forced transition at x/c =  1.0000   65

   1   rms: 0.3316E-01   max: 0.1463E+00   D at   68  1   RLX: 0.510
       a = 15.750      CL =  1.2959
      Cm = -0.0305     CD =  0.08361   =>   CDf =  0.00715    CDp =  0.07646

 Side 1  free  transition at x/c =  0.0187   31
 Side 2 forced transition at x/c =  1.0000   65

   2   rms: 0.1765E-01   max: 0.8218E-01   D at   69  1
       a = 15.750      CL =  1.2911
      Cm = -0.0314     CD =  0.08624   =>   CDf =  0.00707    CDp =  0.07917

 Side 1  free  transition at x/c =  0.0185   31
 Side 2 forced transition at x/c =  1.0000   65

   3   rms: 0.2544E-02   max: 0.1368E-01   D at   79  2
       a = 15.750      CL =  1.2895
      Cm = -0.0313     CD =  0.08580   =>   CDf =  0.00699    CDp =  0.07881

 Side 1  free  transition at x/c =  0.0186   31
 Side 2 forced transition at x/c =  1.0000   65

   4   rms: 0.9545E-04   max: 0.8150E-03   D at   79  2
       a = 15.750      CL =  1.2894
      Cm = -0.0313     CD =  0.08574   =>   CDf =  0.00699    CDp =  0.07875
      5.000   11.0233   0.085740   0.020150   0.003415  -0.016735    0.0186     #

 Point added to stored polar  1
 Point written to save file  clarky_re150000_realistic_model.polar           
 Dump file unspecified or not available
 Calculating wake trajectory ...
 Calculating source influence matrix ...

 Solving BL system ...

 Side 1  free  transition at x/c =  0.0186   31
 Side 2 forced transition at x/c =  1.0000   65

   1   rms: 0.3314E-01   max: 0.1494E+00   D at   67  1   RLX: 0.490
       a = 16.000      CL =  1.2859
      Cm = -0.0322     CD =  0.08878   =>   CDf =  0.00699    CDp =  0.08179

 Side 1  free  transition at x/c =  0.0183   31
 Side 2 forced transition at x/c =  1.0000   65

   2   rms: 0.1853E-01   max: 0.8795E-01   D at   68  1
       a = 16.000      CL =  1.2806
      Cm = -0.0332     CD =  0.09171   =>   CDf =  0.00691    CDp =  0.08480

 Side 1  free  transition at x/c =  0.0182   31
 Side 2 forced transition at x/c =  1.0000   65

   3   rms: 0.2735E-02   max: 0.1281E-01   D at   67  1
       a = 16.000      CL =  1.2789
      Cm = -0.0332     CD =  0.09119   =>   CDf =  0.00683    CDp =  0.08436

 Side 1  free  transition at x/c =  0.0182   31
 Side 2 forced transition at x/c =  1.0000   65

   4   rms: 0.1094E-03   max: 0.7063E-03   D at   80  2
       a = 16.000      CL =  1.2788
      Cm = -0.0331     CD =  0.09112   =>   CDf =  0.00683    CDp =  0.08429

 Side 1  free  transition at x/c =  0.0182   31
 Side 2 forced transition at x/c =  1.0000   65

   5   rms: 0.5153E-05   max: -.1705E-04   C at   65  2
       a = 16.000      CL =  1.2788
      Cm = -0.0331     CD =  0.09112   =>   CDf =  0.00683    CDp =  0.08429
      5.000   11.2888   0.091117   0.019656   0.003467  -0.016189    0.0182     #

 Point added to stored polar  1
 Point written to save file  clarky_re150000_realistic_model.polar           
 Dump file unspecified or not available
 Calculating wake trajectory ...
 Calculating source influence matrix ...

 Solving BL system ...

 Side 1  free  transition at x/c =  0.0182   31
 Side 2 forced transition at x/c =  1.0000   65

   1   rms: 0.3345E-01   max: 0.1543E+00   D at   65  1   RLX: 0.472
       a = 16.250      CL =  1.2752
      Cm = -0.0342     CD =  0.09425   =>   CDf =  0.00684    CDp =  0.08741

 Side 1  free  transition at x/c =  0.0180   31
 Side 2 forced transition at x/c =  1.0000   65

   2   rms: 0.1848E-01   max: 0.8620E-01   D at   66  1
       a = 16.250      CL =  1.2700
      Cm = -0.0353     CD =  0.09731   =>   CDf =  0.00677    CDp =  0.09055

 Side 1  free  transition at x/c =  0.0179   31
 Side 2 forced transition at x/c =  1.0000   65

   3   rms: 0.3296E-02   max: 0.1732E-01   D at   66  1
       a = 16.250      CL =  1.2680
      Cm = -0.0352     CD =  0.09679   =>   CDf =  0.00669    CDp =  0.09010

 Side 1  free  transition at x/c =  0.0179   31
 Side 2 forced transition at x/c =  1.0000   65

   4   rms: 0.1684E-03   max: 0.1108E-02   D at   80  2
       a = 16.250      CL =  1.2679
      Cm = -0.0352     CD =  0.09669   =>   CDf =  0.00668    CDp =  0.09000

 Side 1  free  transition at x/c =  0.0179   31
 Side 2 forced transition at x/c =  1.0000   65

   5   rms: 0.8766E-05   max: -.2324E-04   D at   65  1
       a = 16.250      CL =  1.2679
      Cm = -0.0352     CD =  0.09668   =>   CDf =  0.00668    CDp =  0.09000
      5.000   11.5414   0.096684   0.019140   0.003514  -0.015626    0.0179     #

 Point added to stored polar  1
 Point written to save file  clarky_re150000_realistic_model.polar           
 Dump file unspecified or not available
 Calculating wake trajectory ...
 Calculating source influence matrix ...

 Solving BL system ...

 Side 1  free  transition at x/c =  0.0179   31
 Side 2 forced transition at x/c =  1.0000   65

   1   rms: 0.3291E-01   max: 0.1536E+00   D at   64  1   RLX: 0.455
       a = 16.500      CL =  1.2644
      Cm = -0.0363     CD =  0.09980   =>   CDf =  0.00669    CDp =  0.09311

 Side 1  free  transition at x/c =  0.0178   31
 Side 2 forced transition at x/c =  1.0000   65

   2   rms: 0.1934E-01   max: 0.9315E-01   D at   65  1
       a = 16.500      CL =  1.2589
      Cm = -0.0376     CD =  0.10318   =>   CDf =  0.00662    CDp =  0.09656

 Side 1  free  transition at x/c =  0.0176   31
 Side 2 forced transition at x/c =  1.0000   65

   3   rms: 0.3056E-02   max: 0.1360E-01   D at   80  2
       a = 16.500      CL =  1.2570
      Cm = -0.0375     CD =  0.10247   =>   CDf =  0.00655    CDp =  0.09592

 Side 1  free  transition at x/c =  0.0177   31
 Side 2 forced transition at x/c =  1.0000   65

   4   rms: 0.1153E-03   max: 0.6812E-03   D at   80  2
       a = 16.500      CL =  1.2570
      Cm = -0.0375     CD =  0.10237   =>   CDf =  0.00654    CDp =  0.09583

 Side 1  free  transition at x/c =  0.0177   31
 Side 2 forced transition at x/c =  1.0000   65

   5   rms: 0.6436E-05   max: -.1713E-04   D at   81  2
       a = 16.500      CL =  1.2570
      Cm = -0.0375     CD =  0.10237   =>   CDf =  0.00654    CDp =  0.09583
      5.000   11.7831   0.102370   0.018603   0.003556  -0.015047    0.0177     #

 Point added to stored polar  1
 Point written to save file  clarky_re150000_realistic_model.polar           
 Dump file unspecified or not available
 Calculating wake trajectory ...
 Calculating source influence matrix ...

 Solving BL system ...

 Side 1  free  transition at x/c =  0.0177   31
 Side 2 forced transition at x/c =  1.0000   65

   1   rms: 0.3248E-01   max: 0.1533E+00   D at   63  1   RLX: 0.439
       a = 16.750      CL =  1.2536
      Cm = -0.0386     CD =  0.10548   =>   CDf =  0.00655    CDp =  0.09893

 Side 1  free  transition at x/c =  0.0175   31
 Side 2 forced transition at x/c =  1.0000   65

   2   rms: 0.1940E-01   max: 0.9236E-01   D at   63  1
       a = 16.750      CL =  1.2481
      Cm = -0.0401     CD =  0.10904   =>   CDf =  0.00649    CDp =  0.10255

 Side 1  free  transition at x/c =  0.0174   31
 Side 2 forced transition at x/c =  1.0000   65

   3   rms: 0.3153E-02   max: 0.1367E-01   D at   63  1
       a = 16.750      CL =  1.2462
      Cm = -0.0400     CD =  0.10825   =>   CDf =  0.00642    CDp =  0.10184

 Side 1  free  transition at x/c =  0.0175   31
 Side 2 forced transition at x/c =  1.0000   65

   4   rms: 0.1432E-03   max: 0.8709E-03   D at   81  2
       a = 16.750      CL =  1.2462
      Cm = -0.0399     CD =  0.10813   =>   CDf =  0.00641    CDp =  0.10172

 Side 1  free  transition at x/c =  0.0175   31
 Side 2 forced transition at x/c =  1.0000   65

   5   rms: 0.8770E-05   max: -.2616E-04   C at   65  2
       a = 16.750      CL =  1.2462
      Cm = -0.0399     CD =  0.10813   =>   CDf =  0.00641    CDp =  0.10172
      5.000   12.0159   0.108131   0.018051   0.003597  -0.014454    0.0175     #

 Point added to stored polar  1
 Point written to save file  clarky_re150000_realistic_model.polar           
 Dump file unspecified or not available
 Calculating wake trajectory ...
 Calculating source influence matrix ...

 Solving BL system ...

 Side 1  free  transition at x/c =  0.0175   31
 Side 2 forced transition at x/c =  1.0000   65

   1   rms: 0.3185E-01   max: 0.1513E+00   D at   62  1   RLX: 0.425
       a = 17.000      CL =  1.2430
      Cm = -0.0411     CD =  0.11122   =>   CDf =  0.00642    CDp =  0.10480

 Side 1  free  transition at x/c =  0.0174   31
 Side 2 forced transition at x/c =  1.0000   65

   2   rms: 0.1872E-01   max: 0.8829E-01   D at   62  1
       a = 17.000      CL =  1.2382
      Cm = -0.0426     CD =  0.11478   =>   CDf =  0.00636    CDp =  0.10842

 Side 1  free  transition at x/c =  0.0172   31
 Side 2 forced transition at x/c =  1.0000   65

   3   rms: 0.3475E-02   max: 0.1649E-01   D at   62  1
       a = 17.000      CL =  1.2362
      Cm = -0.0425     CD =  0.11400   =>   CDf =  0.00630    CDp =  0.10771

 Side 1  free  transition at x/c =  0.0173   31
 Side 2 forced transition at x/c =  1.0000   65

   4   rms: 0.2211E-03   max: 0.1874E-02   D at   81  2
       a = 17.000      CL =  1.2361
      Cm = -0.0425     CD =  0.11386   =>   CDf =  0.00629    CDp =  0.10757

 Side 1  free  transition at x/c =  0.0173   31
 Side 2 forced transition at x/c =  1.0000   65

   5   rms: 0.1297E-04   max: -.3639E-04   D at   61  1
       a = 17.000      CL =  1.2361
      Cm = -0.0425     CD =  0.11385   =>   CDf =  0.00629    CDp =  0.10756
      5.000   12.2470   0.113853   0.017545   0.003640  -0.013905    0.0173     #

 Point added to stored polar  1
 Point written to save file  clarky_re150000_realistic_model.polar           
 Dump file unspecified or not available
 Calculating wake trajectory ...
 Calculating source influence matrix ...

 Solving BL system ...

 Side 1  free  transition at x/c =  0.0173   31
 Side 2 forced transition at x/c =  1.0000   65

   1   rms: 0.3032E-01   max: 0.1433E+00   D at   60  1   RLX: 0.412
       a = 17.250      CL =  1.2334
      Cm = -0.0436     CD =  0.11681   =>   CDf =  0.00630    CDp =  0.11051

 Side 1  free  transition at x/c =  0.0172   31
 Side 2 forced transition at x/c =  1.0000   65

   2   rms: 0.1825E-01   max: 0.8532E-01   D at   61  1
       a = 17.250      CL =  1.2291
      Cm = -0.0452     CD =  0.12043   =>   CDf =  0.00625    CDp =  0.11418

 Side 1  free  transition at x/c =  0.0171   31
 Side 2 forced transition at x/c =  1.0000   65

   3   rms: 0.3859E-02   max: 0.1729E-01   D at   61  1
       a = 17.250      CL =  1.2269
      Cm = -0.0451     CD =  0.11965   =>   CDf =  0.00619    CDp =  0.11346

 Side 1  free  transition at x/c =  0.0171   31
 Side 2 forced transition at x/c =  1.0000   65

   4   rms: 0.2286E-03   max: 0.1421E-02   D at   86  2
       a = 17.250      CL =  1.2268
      Cm = -0.0451     CD =  0.11947   =>   CDf =  0.00618    CDp =  0.11329

 Side 1  free  transition at x/c =  0.0171   31
 Side 2 forced transition at x/c =  1.0000   65

   5   rms: 0.1747E-04   max: -.4258E-04   D at   60  1
       a = 17.250      CL =  1.2268
      Cm = -0.0451     CD =  0.11947   =>   CDf =  0.00618    CDp =  0.11328
      5.000   12.4756   0.119466   0.017103   0.003686  -0.013417    0.0171     #

 Point added to stored polar  1
 Point written to save file  clarky_re150000_realistic_model.polar           
 Dump file unspecified or not available
 Calculating wake trajectory ...
 Calculating source influence matrix ...

 Solving BL system ...

 Side 1  free  transition at x/c =  0.0171   31
 Side 2 forced transition at x/c =  1.0000   65

   1   rms: 0.2924E-01   max: 0.1390E+00   D at   59  1   RLX: 0.400
       a = 17.500      CL =  1.2245
      Cm = -0.0462     CD =  0.12232   =>   CDf =  0.00619    CDp =  0.11613

 Side 1  free  transition at x/c =  0.0170   31
 Side 2 forced transition at x/c =  1.0000   65

   2   rms: 0.1778E-01   max: 0.8301E-01   D at   59  1
       a = 17.500      CL =  1.2207
      Cm = -0.0478     CD =  0.12598   =>   CDf =  0.00615    CDp =  0.11983

 Side 1  free  transition at x/c =  0.0169   31
 Side 2 forced transition at x/c =  1.0000   65

   3   rms: 0.3663E-02   max: 0.1626E-01   D at   60  1
       a = 17.500      CL =  1.2186
      Cm = -0.0478     CD =  0.12513   =>   CDf =  0.00609    CDp =  0.11904

 Side 1  free  transition at x/c =  0.0169   31
 Side 2 forced transition at x/c =  1.0000   65

   4   rms: 0.2170E-03   max: 0.1335E-02   D at   85  2
       a = 17.500      CL =  1.2186
      Cm = -0.0478     CD =  0.12495   =>   CDf =  0.00609    CDp =  0.11886

 Side 1  free  transition at x/c =  0.0169   31
 Side 2 forced transition at x/c =  1.0000   65

   5   rms: 0.1817E-04   max: -.4625E-04   D at   59  1
       a = 17.500      CL =  1.2186
      Cm = -0.0478     CD =  0.12494   =>   CDf =  0.00609    CDp =  0.11885
      5.000   12.7024   0.124939   0.016750   0.003738  -0.013011    0.0169     #

 Point added to stored polar  1
 Point written to save file  clarky_re150000_realistic_model.polar           
 Dump file unspecified or not available
 Calculating wake trajectory ...
 Calculating source influence matrix ...

 Solving BL system ...

 Side 1  free  transition at x/c =  0.0169   31
 Side 2 forced transition at x/c =  1.0000   65

   1   rms: 0.2765E-01   max: 0.1300E+00   D at   58  1   RLX: 0.389
       a = 17.750      CL =  1.2167
      Cm = -0.0488     CD =  0.12764   =>   CDf =  0.00609    CDp =  0.12154

 Side 1  free  transition at x/c =  0.0168   31
 Side 2 forced transition at x/c =  1.0000   65

   2   rms: 0.1689E-01   max: 0.7703E-01   D at   59  1
       a = 17.750      CL =  1.2138
      Cm = -0.0504     CD =  0.13119   =>   CDf =  0.00606    CDp =  0.12513

 Side 1  free  transition at x/c =  0.0167   30
 Side 2 forced transition at x/c =  1.0000   65

   3   rms: 0.2961E-02   max: 0.1740E-01   D at   31  1
       a = 17.750      CL =  1.2124
      Cm = -0.0503     CD =  0.13020   =>   CDf =  0.00601    CDp =  0.12419

 Side 1  free  transition at x/c =  0.0167   30
 Side 2 forced transition at x/c =  1.0000   65

   4   rms: 0.2222E-03   max: 0.1419E-02   D at   86  2
       a = 17.750      CL =  1.2123
      Cm = -0.0503     CD =  0.13006   =>   CDf =  0.00601    CDp =  0.12405

 Side 1  free  transition at x/c =  0.0167   30
 Side 2 forced transition at x/c =  1.0000   65

   5   rms: 0.9207E-05   max: 0.7429E-04   D at   86  2
       a = 17.750      CL =  1.2123
      Cm = -0.0503     CD =  0.13005   =>   CDf =  0.00601    CDp =  0.12404
      5.000   12.9284   0.130046   0.016529   0.003807  -0.012723    0.0167     #

 Point added to stored polar  1
 Point written to save file  clarky_re150000_realistic_model.polar           
 Dump file unspecified or not available
 Calculating wake trajectory ...
 Calculating source influence matrix ...

 Solving BL system ...

 Side 1  free  transition at x/c =  0.0167   30
 Side 2 forced transition at x/c =  1.0000   65

   1   rms: 0.2467E-01   max: 0.1098E+00   D at   58  1   RLX: 0.380
       a = 18.000      CL =  1.2117
      Cm = -0.0512     CD =  0.13237   =>   CDf =  0.00602    CDp =  0.12636

 Side 1  free  transition at x/c =  0.0166   30
 Side 2 forced transition at x/c =  1.0000   65

   2   rms: 0.1599E-01   max: 0.7362E-01   D at   58  1
       a = 18.000      CL =  1.2102
      Cm = -0.0528     CD =  0.13585   =>   CDf =  0.00597    CDp =  0.12988

 Side 1  free  transition at x/c =  0.0165   30
 Side 2 forced transition at x/c =  1.0000   65

   3   rms: 0.3300E-02   max: 0.1499E-01   D at   85  2
       a = 18.000      CL =  1.2083
      Cm = -0.0528     CD =  0.13499   =>   CDf =  0.00589    CDp =  0.12910

 Side 1  free  transition at x/c =  0.0165   30
 Side 2 forced transition at x/c =  1.0000   65

   4   rms: 0.2084E-03   max: 0.1493E-02   D at   86  2
       a = 18.000      CL =  1.2083
      Cm = -0.0527     CD =  0.13480   =>   CDf =  0.00589    CDp =  0.12890

 Side 1  free  transition at x/c =  0.0165   30
 Side 2 forced transition at x/c =  1.0000   65

   5   rms: 0.1970E-04   max: -.5310E-04   D at   57  1
       a = 18.000      CL =  1.2083
      Cm = -0.0527     CD =  0.13479   =>   CDf =  0.00589    CDp =  0.12890
      5.000   13.1398   0.134792   0.016363   0.003894  -0.012469    0.0165     #

 Point added to stored polar  1
 Point written to save file  clarky_re150000_realistic_model.polar           
 Dump file unspecified or not available

.OPERva   c>  
 Polar accumulation disabled

.OPERv   c>  
 XFOIL   c>  
--- STDERR ---
