
 ===================================================
  XFOIL Version 6.99
  Copyright (C) 2000   Mark Drela, Harold Youngren

  This software comes with ABSOLUTELY NO WARRANTY,
    subject to the GNU General Public License.

  Caveat computor
 ===================================================

 File  xfoil.def  not found

   QUIT    Exit program

  .OPER    Direct operating point(s)
  .MDES    Complex mapping design routine
  .QDES    Surface speed design routine
  .GDES    Geometry design routine

   SAVE f  Write airfoil to labeled coordinate file
   PSAV f  Write airfoil to plain coordinate file
   ISAV f  Write airfoil to ISES coordinate file
   MSAV f  Write airfoil to MSES coordinate file
   REVE    Reverse written-airfoil node ordering
   DELI i  Change written-airfoil file delimiters

   LOAD f  Read buffer airfoil from coordinate file
   NACA i  Set NACA 4,5-digit airfoil and buffer airfoil
   INTE    Set buffer airfoil by interpolating two airfoils
   NORM    Buffer airfoil normalization toggle
   HALF    Halve the number of points in buffer airfoil
   XYCM rr Change CM reference location, currently  0.25000 0.00000

   BEND    Display structural properties of current airfoil

   PCOP    Set current-airfoil panel nodes directly from buffer airfoil points
   PANE    Set current-airfoil panel nodes ( 160 ) based on curvature
  .PPAR    Show/change paneling

  .PLOP    Plotting options

   WDEF f  Write  current-settings file
   RDEF f  Reread current-settings file
   NAME s  Specify new airfoil name
   NINC    Increment name version number

   Z       Zoom    | (available in all menus)
   U       Unzoom  | 

 XFOIL   c>  
 Labeled airfoil file.  Name:  Clark Y generated XFOIL input; source clarky.dat

 Number of input coordinate points: 122
 Counterclockwise ordering
 Max thickness =     0.117071  at x =   0.280
 Max camber    =     0.034331  at x =   0.420

  LE  x,y  =   0.00000   0.00000  |   Chord =   1.00000
  TE  x,y  =   1.00000   0.00000  |

 Current airfoil nodes set from buffer airfoil nodes ( 121 )

 XFOIL   c>  
 Sharp leading edge

 Blunt trailing edge.  Gap =  0.00120

 Paneling parameters used...
   Number of panel nodes       160
   Panel bunching parameter    1.000
   TE/LE panel density ratio   0.150
   Refined-area/LE panel density ratio    0.200
   Top    side refined area x/c limits  1.000 1.000
   Bottom side refined area x/c limits  1.000 1.000

 XFOIL   c>  
.OPERi   c>  
 M  =    0.0000
 Re =  0.4300E+06

.OPERv   c>  
 Xtr/c     =  1.0000    top    side
 Xtr/c     =  1.0000    bottom side
 NcritT    =    9.00   ( 0.070 % turb. level )
 NcritB    =    9.00   ( 0.070 % turb. level )
 Vacc      =  0.0100
 WakeL/c   =   1.000

 Klag  =  5.6000     Uxwt  =    1.00       Kdl =  0.9000
 A     =  6.7000     B     =  0.7500       KCt = 0.01485
 CtiniK=  1.8000     CtiniX=  3.3000

..VPAR   c>  
..VPAR   c>  
.OPERv   c>  
.OPERv   c>  
 Polar  1 newly created for accumulation
 Airfoil archived with polar: Clark Y generated XFOIL input; source clarky.dat

Enter  polar save filename  OR  <return> for no file   s>  
 New polar save file available

Enter  polar dump filename  OR  <return> for no file   s>  
 Polar dump file will NOT be written

 Polar accumulation enabled

.OPERva   c>   Calculating unit vorticity distributions ...
 Calculating wake trajectory ...
 Calculating source influence matrix ...

 Solving BL system ...

 Initializing BL ...
    side            1  ...
 MRCHUE: Inverse mode at  58     Hk =   4.106
 MRCHUE: Inverse mode at  59     Hk =   4.770
 MRCHUE: Inverse mode at  60     Hk =   5.421
 MRCHUE: Inverse mode at  61     Hk =   6.060
 MRCHUE: Inverse mode at  62     Hk =   3.488
 MRCHUE: Inverse mode at  72     Hk =   2.500
    side            2  ...
 MRCHUE: Inverse mode at  23     Hk =   4.072
 MRCHUE: Inverse mode at  24     Hk =   4.798
 MRCHUE: Inverse mode at  25     Hk =   5.499
 MRCHUE: Convergence failed at  26  side 2    Res =  0.4406E+01
 MRCHUE: Inverse mode at  27     Hk =   6.206
 MRCHUE: Inverse mode at  28     Hk =   6.438
 MRCHUE: Inverse mode at  29     Hk =   3.058
 MRCHUE: Inverse mode at  91     Hk =   2.500

 MRCHDU: Convergence failed at  29  side 2    Res =  0.2626E+01
 MRCHDU: Convergence failed at  30  side 2    Res =  0.5600E+01
 MRCHDU: Convergence failed at  31  side 2    Res =  0.4272E+03
 MRCHDU: Convergence failed at  32  side 2    Res =  0.3475E+02
 MRCHDU: Convergence failed at  33  side 2    Res =  0.3791E+02
 MRCHDU: Convergence failed at  34  side 2    Res =  0.3079E+03
 MRCHDU: Convergence failed at  35  side 2    Res =  0.4124E+02
 MRCHDU: Convergence failed at  36  side 2    Res =  0.2068E+02
 MRCHDU: Convergence failed at  37  side 2    Res =  0.1609E+02
 MRCHDU: Convergence failed at  38  side 2    Res =  0.1308E+02
 MRCHDU: Convergence failed at  39  side 2    Res =  0.1476E+02
 MRCHDU: Convergence failed at  40  side 2    Res =  0.1739E+02
 MRCHDU: Convergence failed at  41  side 2    Res =  0.2138E+02
 MRCHDU: Convergence failed at  42  side 2    Res =  0.2445E+02
 MRCHDU: Convergence failed at  43  side 2    Res =  0.2562E+02
 MRCHDU: Convergence failed at  44  side 2    Res =  0.2759E+02
 MRCHDU: Convergence failed at  45  side 2    Res =  0.3221E+02
 MRCHDU: Convergence failed at  46  side 2    Res =  0.3540E+02
 MRCHDU: Convergence failed at  47  side 2    Res =  0.4145E+02
 MRCHDU: Convergence failed at  48  side 2    Res =  0.3746E+02
 MRCHDU: Convergence failed at  49  side 2    Res =  0.3666E+02
 MRCHDU: Convergence failed at  50  side 2    Res =  0.4431E+02
 MRCHDU: Convergence failed at  51  side 2    Res =  0.4083E+02
 MRCHDU: Convergence failed at  52  side 2    Res =  0.3708E+02
 MRCHDU: Convergence failed at  53  side 2    Res =  0.4321E+02
 MRCHDU: Convergence failed at  54  side 2    Res =  0.3764E+02
 MRCHDU: Convergence failed at  55  side 2    Res =  0.4033E+02
 MRCHDU: Convergence failed at  56  side 2    Res =  0.4260E+02
 MRCHDU: Convergence failed at  57  side 2    Res =  0.4461E+02
 MRCHDU: Convergence failed at  58  side 2    Res =  0.4685E+02
 MRCHDU: Convergence failed at  59  side 2    Res =  0.4974E+02
 MRCHDU: Convergence failed at  60  side 2    Res =  0.5326E+02
 MRCHDU: Convergence failed at  61  side 2    Res =  0.5735E+02
 MRCHDU: Convergence failed at  62  side 2    Res =  0.6194E+02
 MRCHDU: Convergence failed at  63  side 2    Res =  0.6725E+02
 MRCHDU: Convergence failed at  64  side 2    Res =  0.7345E+02
 MRCHDU: Convergence failed at  65  side 2    Res =  0.8049E+02
 MRCHDU: Convergence failed at  66  side 2    Res =  0.8880E+02
 MRCHDU: Convergence failed at  67  side 2    Res =  0.6098E+02
 MRCHDU: Convergence failed at  68  side 2    Res =  0.6598E+02
 MRCHDU: Convergence failed at  69  side 2    Res =  0.1769E+03
 MRCHDU: Convergence failed at  70  side 2    Res =  0.1411E+03
 MRCHDU: Convergence failed at  71  side 2    Res =  0.1178E+03
 MRCHDU: Convergence failed at  72  side 2    Res =  0.1014E+03
 MRCHDU: Convergence failed at  73  side 2    Res =  0.8916E+02
 MRCHDU: Convergence failed at  74  side 2    Res =  0.7965E+02
 MRCHDU: Convergence failed at  75  side 2    Res =  0.7202E+02
 MRCHDU: Convergence failed at  76  side 2    Res =  0.6573E+02
 MRCHDU: Convergence failed at  77  side 2    Res =  0.6044E+02
 MRCHDU: Convergence failed at  78  side 2    Res =  0.5589E+02
 MRCHDU: Convergence failed at  79  side 2    Res =  0.5191E+02
 MRCHDU: Convergence failed at  80  side 2    Res =  0.4837E+02
 MRCHDU: Convergence failed at  81  side 2    Res =  0.2690E+02
 MRCHDU: Convergence failed at  82  side 2    Res =  0.8487E+03
 MRCHDU: Convergence failed at  83  side 2    Res =  0.4284E+02
 MRCHDU: Convergence failed at  84  side 2    Res =  0.4687E+02
 MRCHDU: Convergence failed at  85  side 2    Res =  0.5220E+02
 MRCHDU: Convergence failed at  86  side 2    Res =  0.5975E+02
 MRCHDU: Convergence failed at  87  side 2    Res =  0.7160E+02
 MRCHDU: Convergence failed at  88  side 2    Res =  0.9383E+02
 MRCHDU: Convergence failed at  89  side 2    Res =  0.9088E+02
 MRCHDU: Convergence failed at  90  side 2    Res =  0.2680E+03
 MRCHDU: Convergence failed at  91  side 2    Res =  0.1310E+03
 Side 1  free  transition at x/c =  0.8034   62
 Side 2  free  transition at x/c =  0.0351   29

   1   rms: 0.1279E+01   max: 0.1303E+01   D at   93  2   RLX: 0.366
       a = -6.000      CL = -1.6669
      Cm =  0.3370     CD =  0.00370   =>   CDf =  0.00265    CDp =  0.00105

 Side 1  free  transition at x/c =  0.8185   62
 Side 2  free  transition at x/c =  0.0337   28

   2   rms: 0.5947E+00   max: -.6199E+00   U at   91  2   RLX: 0.375
       a = -6.000      CL = -1.0493
      Cm =  0.1420     CD =  0.00837   =>   CDf =  0.01254    CDp = -0.00417

 Side 1  free  transition at x/c =  0.8365   63
 Side 2  free  transition at x/c =  0.0327   28

   3   rms: 0.4356E+00   max: -.4738E+00   D at   92  2   RLX: 0.292
       a = -6.000      CL = -0.8217
      Cm =  0.0718     CD =  0.00884   =>   CDf =  0.01004    CDp = -0.00120

 MRCHDU: Convergence failed at  56  side 2    Res =  0.9100E+02
 MRCHDU: Convergence failed at  57  side 2    Res =  0.1058E+01
 MRCHDU: Convergence failed at  58  side 2    Res =  0.9937E+00
 Side 1  free  transition at x/c =  0.8473   64
 Side 2  free  transition at x/c =  0.0323   28

   4   rms: 0.3725E+00   max: -.5869E+00   D at   92  2   RLX: 0.363
       a = -6.000      CL = -0.7202
      Cm =  0.0306     CD =  0.01012   =>   CDf =  0.00901    CDp =  0.00112

 MRCHDU: Convergence failed at  71  side 2    Res =  0.9668E+00
 MRCHDU: Convergence failed at  72  side 2    Res =  0.3427E+00
 MRCHDU: Convergence failed at  73  side 2    Res =  0.9852E+00
 MRCHDU: Convergence failed at  75  side 2    Res =  0.1273E+01
 Side 1  free  transition at x/c =  0.8484   63
 Side 2  free  transition at x/c =  0.0314   29

   5   rms: 0.2551E+00   max: -.4428E+00   D at   93  2   RLX: 0.824
       a = -6.000      CL = -0.4203
      Cm = -0.0488     CD =  0.01256   =>   CDf =  0.00886    CDp =  0.00370

 Side 1  free  transition at x/c =  0.8569   63
 Side 2  free  transition at x/c =  0.0312   28

   6   rms: 0.9854E-01   max: -.4773E+00   D at   91  2
       a = -6.000      CL = -0.2756
      Cm = -0.0834     CD =  0.01404   =>   CDf =  0.00746    CDp =  0.00658

 Side 1  free  transition at x/c =  0.8738   65
 Side 2  free  transition at x/c =  0.0321   28

   7   rms: 0.3718E-01   max: 0.3445E+00   D at   28  2
       a = -6.000      CL = -0.2583
      Cm = -0.0870     CD =  0.01361   =>   CDf =  0.00677    CDp =  0.00684

 Side 1  free  transition at x/c =  0.8723   65
 Side 2  free  transition at x/c =  0.0321   28

   8   rms: 0.3082E-02   max: 0.2267E-01   D at   28  2
       a = -6.000      CL = -0.2570
      Cm = -0.0873     CD =  0.01361   =>   CDf =  0.00677    CDp =  0.00683

 Side 1  free  transition at x/c =  0.8726   65
 Side 2  free  transition at x/c =  0.0321   28

   9   rms: 0.1741E-04   max: -.1703E-03   D at   72  1
       a = -6.000      CL = -0.2570
      Cm = -0.0873     CD =  0.01361   =>   CDf =  0.00677    CDp =  0.00683
      5.000    3.7780   0.013605   0.000000   0.000000   0.000000    0.8726     #

 Point added to stored polar  1
 Point written to save file  clarky_re430000_realistic_model.polar           
 Dump file unspecified or not available
 Calculating wake trajectory ...
 Calculating source influence matrix ...

 Solving BL system ...

 Side 1  free  transition at x/c =  0.8726   65
 Side 2  free  transition at x/c =  0.0321   28

   1   rms: 0.4254E-01   max: -.1214E+00   T at   28  2
       a = -5.750      CL = -0.2313
      Cm = -0.0870     CD =  0.01317   =>   CDf =  0.00695    CDp =  0.00622

 Side 1  free  transition at x/c =  0.8630   66
 Side 2  free  transition at x/c =  0.0325   27

   2   rms: 0.6127E-02   max: -.4506E-01   D at   27  2
       a = -5.750      CL = -0.2310
      Cm = -0.0870     CD =  0.01319   =>   CDf =  0.00682    CDp =  0.00637

 Side 1  free  transition at x/c =  0.8641   66
 Side 2  free  transition at x/c =  0.0326   27

   3   rms: 0.4221E-03   max: 0.5243E-02   D at    4  1
       a = -5.750      CL = -0.2310
      Cm = -0.0870     CD =  0.01319   =>   CDf =  0.00681    CDp =  0.00638

 Side 1  free  transition at x/c =  0.8641   66
 Side 2  free  transition at x/c =  0.0326   27

   4   rms: 0.6296E-06   max: 0.3374E-05   D at    9  1
       a = -5.750      CL = -0.2310
      Cm = -0.0870     CD =  0.01319   =>   CDf =  0.00681    CDp =  0.00638
      5.000    3.7630   0.013192   0.000000   0.000000   0.000000    0.8641     #

 Point added to stored polar  1
 Point written to save file  clarky_re430000_realistic_model.polar           
 Dump file unspecified or not available
 Calculating wake trajectory ...
 Calculating source influence matrix ...

 Solving BL system ...

 Side 1  free  transition at x/c =  0.8641   66
 Side 2  free  transition at x/c =  0.0326   27

   1   rms: 0.4309E-01   max: -.9551E-01   T at   27  2
       a = -5.500      CL = -0.2048
      Cm = -0.0867     CD =  0.01279   =>   CDf =  0.00681    CDp =  0.00598

 Side 1  free  transition at x/c =  0.8561   65
 Side 2  free  transition at x/c =  0.0331   27

   2   rms: 0.2432E-02   max: -.1966E-01   C at   65  1
       a = -5.500      CL = -0.2045
      Cm = -0.0867     CD =  0.01281   =>   CDf =  0.00688    CDp =  0.00593

 Side 1  free  transition at x/c =  0.8566   65
 Side 2  free  transition at x/c =  0.0331   27

   3   rms: 0.1498E-04   max: 0.1760E-04   T at   40  2
       a = -5.500      CL = -0.2045
      Cm = -0.0867     CD =  0.01281   =>   CDf =  0.00688    CDp =  0.00594
      5.000    3.7406   0.012813   0.000000   0.000000   0.000000    0.8566     #

 Point added to stored polar  1
 Point written to save file  clarky_re430000_realistic_model.polar           
 Dump file unspecified or not available
 Calculating wake trajectory ...
 Calculating source influence matrix ...

 Solving BL system ...

 Side 1  free  transition at x/c =  0.8566   65
 Side 2  free  transition at x/c =  0.0331   27

   1   rms: 0.4242E-01   max: -.8774E-01   T at   27  2
       a = -5.250      CL = -0.1784
      Cm = -0.0864     CD =  0.01244   =>   CDf =  0.00688    CDp =  0.00556

 Side 1  free  transition at x/c =  0.8470   65
 Side 2  free  transition at x/c =  0.0337   27

   2   rms: 0.2668E-02   max: -.3434E-01   C at   65  1
       a = -5.250      CL = -0.1782
      Cm = -0.0864     CD =  0.01246   =>   CDf =  0.00693    CDp =  0.00552

 Side 1  free  transition at x/c =  0.8481   65
 Side 2  free  transition at x/c =  0.0337   27

   3   rms: 0.3157E-04   max: -.5959E-03   D at   67  1
       a = -5.250      CL = -0.1782
      Cm = -0.0864     CD =  0.01246   =>   CDf =  0.00692    CDp =  0.00553
      5.000    3.7357   0.012459   0.000000   0.000000   0.000000    0.8481     #

 Point added to stored polar  1
 Point written to save file  clarky_re430000_realistic_model.polar           
 Dump file unspecified or not available
 Calculating wake trajectory ...
 Calculating source influence matrix ...

 Solving BL system ...

 Side 1  free  transition at x/c =  0.8481   65
 Side 2  free  transition at x/c =  0.0337   27

   1   rms: 0.4293E-01   max: -.8530E-01   T at   27  2
       a = -5.000      CL = -0.1518
      Cm = -0.0861     CD =  0.01212   =>   CDf =  0.00708    CDp =  0.00504

 Side 1  free  transition at x/c =  0.8393   66
 Side 2  free  transition at x/c =  0.0344   26

   2   rms: 0.3736E-02   max: 0.4201E-01   D at    3  1
       a = -5.000      CL = -0.1515
      Cm = -0.0861     CD =  0.01214   =>   CDf =  0.00702    CDp =  0.00513

 Side 1  free  transition at x/c =  0.8401   66
 Side 2  free  transition at x/c =  0.0344   26

   3   rms: 0.4757E-03   max: 0.5714E-02   D at    4  1
       a = -5.000      CL = -0.1515
      Cm = -0.0861     CD =  0.01214   =>   CDf =  0.00701    CDp =  0.00514

 Side 1  free  transition at x/c =  0.8400   66
 Side 2  free  transition at x/c =  0.0344   26

   4   rms: 0.2129E-06   max: -.1636E-05   D at    9  1
       a = -5.000      CL = -0.1515
      Cm = -0.0861     CD =  0.01214   =>   CDf =  0.00701    CDp =  0.00514
      5.000    3.7224   0.012143   0.000000   0.000000   0.000000    0.8400     #

 Point added to stored polar  1
 Point written to save file  clarky_re430000_realistic_model.polar           
 Dump file unspecified or not available
 Calculating wake trajectory ...
 Calculating source influence matrix ...

 Solving BL system ...

 Side 1  free  transition at x/c =  0.8400   66
 Side 2  free  transition at x/c =  0.0344   26

   1   rms: 0.4337E-01   max: -.4437E-01   D at   86  2
       a = -4.750      CL = -0.1247
      Cm = -0.0858     CD =  0.01184   =>   CDf =  0.00701    CDp =  0.00484

 Side 1  free  transition at x/c =  0.8332   65
 Side 2  free  transition at x/c =  0.0350   26

   2   rms: 0.4856E-02   max: -.4006E-01   D at   26  2
       a = -4.750      CL = -0.1248
      Cm = -0.0858     CD =  0.01186   =>   CDf =  0.00708    CDp =  0.00478

 Side 1  free  transition at x/c =  0.8321   65
 Side 2  free  transition at x/c =  0.0350   26

   3   rms: 0.3972E-02   max: -.4044E-01   D at   26  2
       a = -4.750      CL = -0.1247
      Cm = -0.0858     CD =  0.01186   =>   CDf =  0.00708    CDp =  0.00478

 Side 1  free  transition at x/c =  0.8322   65
 Side 2  free  transition at x/c =  0.0350   26

   4   rms: 0.3955E-02   max: -.4040E-01   D at   26  2
       a = -4.750      CL = -0.1247
      Cm = -0.0858     CD =  0.01186   =>   CDf =  0.00708    CDp =  0.00478

 Side 1  free  transition at x/c =  0.8322   65
 Side 2  free  transition at x/c =  0.0350   26

   5   rms: 0.3955E-02   max: -.4039E-01   D at   26  2
       a = -4.750      CL = -0.1247
      Cm = -0.0858     CD =  0.01186   =>   CDf =  0.00708    CDp =  0.00478

 Side 1  free  transition at x/c =  0.8322   65
 Side 2  free  transition at x/c =  0.0350   26

   6   rms: 0.3955E-02   max: -.4039E-01   D at   26  2
       a = -4.750      CL = -0.1247
      Cm = -0.0858     CD =  0.01186   =>   CDf =  0.00708    CDp =  0.00478

 Side 1  free  transition at x/c =  0.8322   65
 Side 2  free  transition at x/c =  0.0350   26

   7   rms: 0.3955E-02   max: -.4039E-01   D at   26  2
       a = -4.750      CL = -0.1247
      Cm = -0.0858     CD =  0.01186   =>   CDf =  0.00708    CDp =  0.00478

 Side 1  free  transition at x/c =  0.8322   65
 Side 2  free  transition at x/c =  0.0350   26

   8   rms: 0.3955E-02   max: -.4039E-01   D at   26  2
       a = -4.750      CL = -0.1247
      Cm = -0.0858     CD =  0.01186   =>   CDf =  0.00708    CDp =  0.00478

 Side 1  free  transition at x/c =  0.8322   65
 Side 2  free  transition at x/c =  0.0350   26

   9   rms: 0.3955E-02   max: -.4039E-01   D at   26  2
       a = -4.750      CL = -0.1247
      Cm = -0.0858     CD =  0.01186   =>   CDf =  0.00708    CDp =  0.00478

 Side 1  free  transition at x/c =  0.8322   65
 Side 2  free  transition at x/c =  0.0350   26

  10   rms: 0.3955E-02   max: -.4039E-01   D at   26  2
       a = -4.750      CL = -0.1247
      Cm = -0.0858     CD =  0.01186   =>   CDf =  0.00708    CDp =  0.00478

 Side 1  free  transition at x/c =  0.8322   65
 Side 2  free  transition at x/c =  0.0350   26

  11   rms: 0.3955E-02   max: -.4039E-01   D at   26  2
       a = -4.750      CL = -0.1247
      Cm = -0.0858     CD =  0.01186   =>   CDf =  0.00708    CDp =  0.00478

 Side 1  free  transition at x/c =  0.8322   65
 Side 2  free  transition at x/c =  0.0350   26

  12   rms: 0.3955E-02   max: -.4039E-01   D at   26  2
       a = -4.750      CL = -0.1247
      Cm = -0.0858     CD =  0.01186   =>   CDf =  0.00708    CDp =  0.00478

 Side 1  free  transition at x/c =  0.8322   65
 Side 2  free  transition at x/c =  0.0350   26

  13   rms: 0.3955E-02   max: -.4039E-01   D at   26  2
       a = -4.750      CL = -0.1247
      Cm = -0.0858     CD =  0.01186   =>   CDf =  0.00708    CDp =  0.00478

 Side 1  free  transition at x/c =  0.8322   65
 Side 2  free  transition at x/c =  0.0350   26

  14   rms: 0.3955E-02   max: -.4039E-01   D at   26  2
       a = -4.750      CL = -0.1247
      Cm = -0.0858     CD =  0.01186   =>   CDf =  0.00708    CDp =  0.00478

 Side 1  free  transition at x/c =  0.8322   65
 Side 2  free  transition at x/c =  0.0350   26

  15   rms: 0.3955E-02   max: -.4039E-01   D at   26  2
       a = -4.750      CL = -0.1247
      Cm = -0.0858     CD =  0.01186   =>   CDf =  0.00708    CDp =  0.00478

 Side 1  free  transition at x/c =  0.8322   65
 Side 2  free  transition at x/c =  0.0350   26

  16   rms: 0.3955E-02   max: -.4039E-01   D at   26  2
       a = -4.750      CL = -0.1247
      Cm = -0.0858     CD =  0.01186   =>   CDf =  0.00708    CDp =  0.00478

 Side 1  free  transition at x/c =  0.8322   65
 Side 2  free  transition at x/c =  0.0350   26

  17   rms: 0.3955E-02   max: -.4039E-01   D at   26  2
       a = -4.750      CL = -0.1247
      Cm = -0.0858     CD =  0.01186   =>   CDf =  0.00708    CDp =  0.00478

 Side 1  free  transition at x/c =  0.8322   65
 Side 2  free  transition at x/c =  0.0350   26

  18   rms: 0.3955E-02   max: -.4039E-01   D at   26  2
       a = -4.750      CL = -0.1247
      Cm = -0.0858     CD =  0.01186   =>   CDf =  0.00708    CDp =  0.00478

 Side 1  free  transition at x/c =  0.8322   65
 Side 2  free  transition at x/c =  0.0350   26

  19   rms: 0.3955E-02   max: -.4039E-01   D at   26  2
       a = -4.750      CL = -0.1247
      Cm = -0.0858     CD =  0.01186   =>   CDf =  0.00708    CDp =  0.00478

 Side 1  free  transition at x/c =  0.8322   65
 Side 2  free  transition at x/c =  0.0350   26

  20   rms: 0.3955E-02   max: -.4039E-01   D at   26  2
       a = -4.750      CL = -0.1247
      Cm = -0.0858     CD =  0.01186   =>   CDf =  0.00708    CDp =  0.00478

 Side 1  free  transition at x/c =  0.8322   65
 Side 2  free  transition at x/c =  0.0350   26

  21   rms: 0.3955E-02   max: -.4039E-01   D at   26  2
       a = -4.750      CL = -0.1247
      Cm = -0.0858     CD =  0.01186   =>   CDf =  0.00708    CDp =  0.00478

 Side 1  free  transition at x/c =  0.8322   65
 Side 2  free  transition at x/c =  0.0350   26

  22   rms: 0.3955E-02   max: -.4039E-01   D at   26  2
       a = -4.750      CL = -0.1247
      Cm = -0.0858     CD =  0.01186   =>   CDf =  0.00708    CDp =  0.00478

 Side 1  free  transition at x/c =  0.8322   65
 Side 2  free  transition at x/c =  0.0350   26

  23   rms: 0.3955E-02   max: -.4039E-01   D at   26  2
       a = -4.750      CL = -0.1247
      Cm = -0.0858     CD =  0.01186   =>   CDf =  0.00708    CDp =  0.00478

 Side 1  free  transition at x/c =  0.8322   65
 Side 2  free  transition at x/c =  0.0350   26

  24   rms: 0.3955E-02   max: -.4039E-01   D at   26  2
       a = -4.750      CL = -0.1247
      Cm = -0.0858     CD =  0.01186   =>   CDf =  0.00708    CDp =  0.00478

 Side 1  free  transition at x/c =  0.8322   65
 Side 2  free  transition at x/c =  0.0350   26

  25   rms: 0.3955E-02   max: -.4039E-01   D at   26  2
       a = -4.750      CL = -0.1247
      Cm = -0.0858     CD =  0.01186   =>   CDf =  0.00708    CDp =  0.00478

 Side 1  free  transition at x/c =  0.8322   65
 Side 2  free  transition at x/c =  0.0350   26

  26   rms: 0.3955E-02   max: -.4039E-01   D at   26  2
       a = -4.750      CL = -0.1247
      Cm = -0.0858     CD =  0.01186   =>   CDf =  0.00708    CDp =  0.00478

 Side 1  free  transition at x/c =  0.8322   65
 Side 2  free  transition at x/c =  0.0350   26

  27   rms: 0.3955E-02   max: -.4039E-01   D at   26  2
       a = -4.750      CL = -0.1247
      Cm = -0.0858     CD =  0.01186   =>   CDf =  0.00708    CDp =  0.00478

 Side 1  free  transition at x/c =  0.8322   65
 Side 2  free  transition at x/c =  0.0350   26

  28   rms: 0.3955E-02   max: -.4039E-01   D at   26  2
       a = -4.750      CL = -0.1247
      Cm = -0.0858     CD =  0.01186   =>   CDf =  0.00708    CDp =  0.00478

 Side 1  free  transition at x/c =  0.8322   65
 Side 2  free  transition at x/c =  0.0350   26

  29   rms: 0.3955E-02   max: -.4039E-01   D at   26  2
       a = -4.750      CL = -0.1247
      Cm = -0.0858     CD =  0.01186   =>   CDf =  0.00708    CDp =  0.00478

 Side 1  free  transition at x/c =  0.8322   65
 Side 2  free  transition at x/c =  0.0350   26

  30   rms: 0.3955E-02   max: -.4039E-01   D at   26  2
       a = -4.750      CL = -0.1247
      Cm = -0.0858     CD =  0.01186   =>   CDf =  0.00708    CDp =  0.00478

 Side 1  free  transition at x/c =  0.8322   65
 Side 2  free  transition at x/c =  0.0350   26

  31   rms: 0.3955E-02   max: -.4039E-01   D at   26  2
       a = -4.750      CL = -0.1247
      Cm = -0.0858     CD =  0.01186   =>   CDf =  0.00708    CDp =  0.00478

 Side 1  free  transition at x/c =  0.8322   65
 Side 2  free  transition at x/c =  0.0350   26

  32   rms: 0.3955E-02   max: -.4039E-01   D at   26  2
       a = -4.750      CL = -0.1247
      Cm = -0.0858     CD =  0.01186   =>   CDf =  0.00708    CDp =  0.00478

 Side 1  free  transition at x/c =  0.8322   65
 Side 2  free  transition at x/c =  0.0350   26

  33   rms: 0.3955E-02   max: -.4039E-01   D at   26  2
       a = -4.750      CL = -0.1247
      Cm = -0.0858     CD =  0.01186   =>   CDf =  0.00708    CDp =  0.00478

 Side 1  free  transition at x/c =  0.8322   65
 Side 2  free  transition at x/c =  0.0350   26

  34   rms: 0.3955E-02   max: -.4039E-01   D at   26  2
       a = -4.750      CL = -0.1247
      Cm = -0.0858     CD =  0.01186   =>   CDf =  0.00708    CDp =  0.00478

 Side 1  free  transition at x/c =  0.8322   65
 Side 2  free  transition at x/c =  0.0350   26

  35   rms: 0.3955E-02   max: -.4039E-01   D at   26  2
       a = -4.750      CL = -0.1247
      Cm = -0.0858     CD =  0.01186   =>   CDf =  0.00708    CDp =  0.00478

 Side 1  free  transition at x/c =  0.8322   65
 Side 2  free  transition at x/c =  0.0350   26

  36   rms: 0.3955E-02   max: -.4039E-01   D at   26  2
       a = -4.750      CL = -0.1247
      Cm = -0.0858     CD =  0.01186   =>   CDf =  0.00708    CDp =  0.00478

 Side 1  free  transition at x/c =  0.8322   65
 Side 2  free  transition at x/c =  0.0350   26

  37   rms: 0.3955E-02   max: -.4039E-01   D at   26  2
       a = -4.750      CL = -0.1247
      Cm = -0.0858     CD =  0.01186   =>   CDf =  0.00708    CDp =  0.00478

 Side 1  free  transition at x/c =  0.8322   65
 Side 2  free  transition at x/c =  0.0350   26

  38   rms: 0.3955E-02   max: -.4039E-01   D at   26  2
       a = -4.750      CL = -0.1247
      Cm = -0.0858     CD =  0.01186   =>   CDf =  0.00708    CDp =  0.00478

 Side 1  free  transition at x/c =  0.8322   65
 Side 2  free  transition at x/c =  0.0350   26

  39   rms: 0.3955E-02   max: -.4039E-01   D at   26  2
       a = -4.750      CL = -0.1247
      Cm = -0.0858     CD =  0.01186   =>   CDf =  0.00708    CDp =  0.00478

 Side 1  free  transition at x/c =  0.8322   65
 Side 2  free  transition at x/c =  0.0350   26

  40   rms: 0.3955E-02   max: -.4039E-01   D at   26  2
       a = -4.750      CL = -0.1247
      Cm = -0.0858     CD =  0.01186   =>   CDf =  0.00708    CDp =  0.00478

 Side 1  free  transition at x/c =  0.8322   65
 Side 2  free  transition at x/c =  0.0350   26

  41   rms: 0.3955E-02   max: -.4039E-01   D at   26  2
       a = -4.750      CL = -0.1247
      Cm = -0.0858     CD =  0.01186   =>   CDf =  0.00708    CDp =  0.00478

 Side 1  free  transition at x/c =  0.8322   65
 Side 2  free  transition at x/c =  0.0350   26

  42   rms: 0.3955E-02   max: -.4039E-01   D at   26  2
       a = -4.750      CL = -0.1247
      Cm = -0.0858     CD =  0.01186   =>   CDf =  0.00708    CDp =  0.00478

 Side 1  free  transition at x/c =  0.8322   65
 Side 2  free  transition at x/c =  0.0350   26

  43   rms: 0.3955E-02   max: -.4039E-01   D at   26  2
       a = -4.750      CL = -0.1247
      Cm = -0.0858     CD =  0.01186   =>   CDf =  0.00708    CDp =  0.00478

 Side 1  free  transition at x/c =  0.8322   65
 Side 2  free  transition at x/c =  0.0350   26

  44   rms: 0.3955E-02   max: -.4039E-01   D at   26  2
       a = -4.750      CL = -0.1247
      Cm = -0.0858     CD =  0.01186   =>   CDf =  0.00708    CDp =  0.00478

 Side 1  free  transition at x/c =  0.8322   65
 Side 2  free  transition at x/c =  0.0350   26

  45   rms: 0.3955E-02   max: -.4039E-01   D at   26  2
       a = -4.750      CL = -0.1247
      Cm = -0.0858     CD =  0.01186   =>   CDf =  0.00708    CDp =  0.00478

 Side 1  free  transition at x/c =  0.8322   65
 Side 2  free  transition at x/c =  0.0350   26

  46   rms: 0.3955E-02   max: -.4039E-01   D at   26  2
       a = -4.750      CL = -0.1247
      Cm = -0.0858     CD =  0.01186   =>   CDf =  0.00708    CDp =  0.00478

 Side 1  free  transition at x/c =  0.8322   65
 Side 2  free  transition at x/c =  0.0350   26

  47   rms: 0.3955E-02   max: -.4039E-01   D at   26  2
       a = -4.750      CL = -0.1247
      Cm = -0.0858     CD =  0.01186   =>   CDf =  0.00708    CDp =  0.00478

 Side 1  free  transition at x/c =  0.8322   65
 Side 2  free  transition at x/c =  0.0350   26

  48   rms: 0.3955E-02   max: -.4039E-01   D at   26  2
       a = -4.750      CL = -0.1247
      Cm = -0.0858     CD =  0.01186   =>   CDf =  0.00708    CDp =  0.00478

 Side 1  free  transition at x/c =  0.8322   65
 Side 2  free  transition at x/c =  0.0350   26

  49   rms: 0.3955E-02   max: -.4039E-01   D at   26  2
       a = -4.750      CL = -0.1247
      Cm = -0.0858     CD =  0.01186   =>   CDf =  0.00708    CDp =  0.00478

 Side 1  free  transition at x/c =  0.8322   65
 Side 2  free  transition at x/c =  0.0350   26

  50   rms: 0.3955E-02   max: -.4039E-01   D at   26  2
       a = -4.750      CL = -0.1247
      Cm = -0.0858     CD =  0.01186   =>   CDf =  0.00708    CDp =  0.00478

 Side 1  free  transition at x/c =  0.8322   65
 Side 2  free  transition at x/c =  0.0350   26

  51   rms: 0.3955E-02   max: -.4039E-01   D at   26  2
       a = -4.750      CL = -0.1247
      Cm = -0.0858     CD =  0.01186   =>   CDf =  0.00708    CDp =  0.00478

 Side 1  free  transition at x/c =  0.8322   65
 Side 2  free  transition at x/c =  0.0350   26

  52   rms: 0.3955E-02   max: -.4039E-01   D at   26  2
       a = -4.750      CL = -0.1247
      Cm = -0.0858     CD =  0.01186   =>   CDf =  0.00708    CDp =  0.00478

 Side 1  free  transition at x/c =  0.8322   65
 Side 2  free  transition at x/c =  0.0350   26

  53   rms: 0.3955E-02   max: -.4039E-01   D at   26  2
       a = -4.750      CL = -0.1247
      Cm = -0.0858     CD =  0.01186   =>   CDf =  0.00708    CDp =  0.00478

 Side 1  free  transition at x/c =  0.8322   65
 Side 2  free  transition at x/c =  0.0350   26

  54   rms: 0.3955E-02   max: -.4039E-01   D at   26  2
       a = -4.750      CL = -0.1247
      Cm = -0.0858     CD =  0.01186   =>   CDf =  0.00708    CDp =  0.00478

 Side 1  free  transition at x/c =  0.8322   65
 Side 2  free  transition at x/c =  0.0350   26

  55   rms: 0.3955E-02   max: -.4039E-01   D at   26  2
       a = -4.750      CL = -0.1247
      Cm = -0.0858     CD =  0.01186   =>   CDf =  0.00708    CDp =  0.00478

 Side 1  free  transition at x/c =  0.8322   65
 Side 2  free  transition at x/c =  0.0350   26

  56   rms: 0.3955E-02   max: -.4039E-01   D at   26  2
       a = -4.750      CL = -0.1247
      Cm = -0.0858     CD =  0.01186   =>   CDf =  0.00708    CDp =  0.00478

 Side 1  free  transition at x/c =  0.8322   65
 Side 2  free  transition at x/c =  0.0350   26

  57   rms: 0.3955E-02   max: -.4039E-01   D at   26  2
       a = -4.750      CL = -0.1247
      Cm = -0.0858     CD =  0.01186   =>   CDf =  0.00708    CDp =  0.00478

 Side 1  free  transition at x/c =  0.8322   65
 Side 2  free  transition at x/c =  0.0350   26

  58   rms: 0.3955E-02   max: -.4039E-01   D at   26  2
       a = -4.750      CL = -0.1247
      Cm = -0.0858     CD =  0.01186   =>   CDf =  0.00708    CDp =  0.00478

 Side 1  free  transition at x/c =  0.8322   65
 Side 2  free  transition at x/c =  0.0350   26

  59   rms: 0.3955E-02   max: -.4039E-01   D at   26  2
       a = -4.750      CL = -0.1247
      Cm = -0.0858     CD =  0.01186   =>   CDf =  0.00708    CDp =  0.00478

 Side 1  free  transition at x/c =  0.8322   65
 Side 2  free  transition at x/c =  0.0350   26

  60   rms: 0.3955E-02   max: -.4039E-01   D at   26  2
       a = -4.750      CL = -0.1247
      Cm = -0.0858     CD =  0.01186   =>   CDf =  0.00708    CDp =  0.00478

 Side 1  free  transition at x/c =  0.8322   65
 Side 2  free  transition at x/c =  0.0350   26

  61   rms: 0.3955E-02   max: -.4039E-01   D at   26  2
       a = -4.750      CL = -0.1247
      Cm = -0.0858     CD =  0.01186   =>   CDf =  0.00708    CDp =  0.00478

 Side 1  free  transition at x/c =  0.8322   65
 Side 2  free  transition at x/c =  0.0350   26

  62   rms: 0.3955E-02   max: -.4039E-01   D at   26  2
       a = -4.750      CL = -0.1247
      Cm = -0.0858     CD =  0.01186   =>   CDf =  0.00708    CDp =  0.00478

 Side 1  free  transition at x/c =  0.8322   65
 Side 2  free  transition at x/c =  0.0350   26

  63   rms: 0.3955E-02   max: -.4039E-01   D at   26  2
       a = -4.750      CL = -0.1247
      Cm = -0.0858     CD =  0.01186   =>   CDf =  0.00708    CDp =  0.00478

 Side 1  free  transition at x/c =  0.8322   65
 Side 2  free  transition at x/c =  0.0350   26

  64   rms: 0.3955E-02   max: -.4039E-01   D at   26  2
       a = -4.750      CL = -0.1247
      Cm = -0.0858     CD =  0.01186   =>   CDf =  0.00708    CDp =  0.00478

 Side 1  free  transition at x/c =  0.8322   65
 Side 2  free  transition at x/c =  0.0350   26

  65   rms: 0.3955E-02   max: -.4039E-01   D at   26  2
       a = -4.750      CL = -0.1247
      Cm = -0.0858     CD =  0.01186   =>   CDf =  0.00708    CDp =  0.00478

 Side 1  free  transition at x/c =  0.8322   65
 Side 2  free  transition at x/c =  0.0350   26

  66   rms: 0.3955E-02   max: -.4039E-01   D at   26  2
       a = -4.750      CL = -0.1247
      Cm = -0.0858     CD =  0.01186   =>   CDf =  0.00708    CDp =  0.00478

 Side 1  free  transition at x/c =  0.8322   65
 Side 2  free  transition at x/c =  0.0350   26

  67   rms: 0.3955E-02   max: -.4039E-01   D at   26  2
       a = -4.750      CL = -0.1247
      Cm = -0.0858     CD =  0.01186   =>   CDf =  0.00708    CDp =  0.00478

 Side 1  free  transition at x/c =  0.8322   65
 Side 2  free  transition at x/c =  0.0350   26

  68   rms: 0.3955E-02   max: -.4039E-01   D at   26  2
       a = -4.750      CL = -0.1247
      Cm = -0.0858     CD =  0.01186   =>   CDf =  0.00708    CDp =  0.00478

 Side 1  free  transition at x/c =  0.8322   65
 Side 2  free  transition at x/c =  0.0350   26

  69   rms: 0.3955E-02   max: -.4039E-01   D at   26  2
       a = -4.750      CL = -0.1247
      Cm = -0.0858     CD =  0.01186   =>   CDf =  0.00708    CDp =  0.00478

 Side 1  free  transition at x/c =  0.8322   65
 Side 2  free  transition at x/c =  0.0350   26

  70   rms: 0.3955E-02   max: -.4039E-01   D at   26  2
       a = -4.750      CL = -0.1247
      Cm = -0.0858     CD =  0.01186   =>   CDf =  0.00708    CDp =  0.00478

 Side 1  free  transition at x/c =  0.8322   65
 Side 2  free  transition at x/c =  0.0350   26

  71   rms: 0.3955E-02   max: -.4039E-01   D at   26  2
       a = -4.750      CL = -0.1247
      Cm = -0.0858     CD =  0.01186   =>   CDf =  0.00708    CDp =  0.00478

 Side 1  free  transition at x/c =  0.8322   65
 Side 2  free  transition at x/c =  0.0350   26

  72   rms: 0.3955E-02   max: -.4039E-01   D at   26  2
       a = -4.750      CL = -0.1247
      Cm = -0.0858     CD =  0.01186   =>   CDf =  0.00708    CDp =  0.00478

 Side 1  free  transition at x/c =  0.8322   65
 Side 2  free  transition at x/c =  0.0350   26

  73   rms: 0.3955E-02   max: -.4039E-01   D at   26  2
       a = -4.750      CL = -0.1247
      Cm = -0.0858     CD =  0.01186   =>   CDf =  0.00708    CDp =  0.00478

 Side 1  free  transition at x/c =  0.8322   65
 Side 2  free  transition at x/c =  0.0350   26

  74   rms: 0.3955E-02   max: -.4039E-01   D at   26  2
       a = -4.750      CL = -0.1247
      Cm = -0.0858     CD =  0.01186   =>   CDf =  0.00708    CDp =  0.00478

 Side 1  free  transition at x/c =  0.8322   65
 Side 2  free  transition at x/c =  0.0350   26

  75   rms: 0.3955E-02   max: -.4039E-01   D at   26  2
       a = -4.750      CL = -0.1247
      Cm = -0.0858     CD =  0.01186   =>   CDf =  0.00708    CDp =  0.00478

 Side 1  free  transition at x/c =  0.8322   65
 Side 2  free  transition at x/c =  0.0350   26

  76   rms: 0.3955E-02   max: -.4039E-01   D at   26  2
       a = -4.750      CL = -0.1247
      Cm = -0.0858     CD =  0.01186   =>   CDf =  0.00708    CDp =  0.00478

 Side 1  free  transition at x/c =  0.8322   65
 Side 2  free  transition at x/c =  0.0350   26

  77   rms: 0.3955E-02   max: -.4039E-01   D at   26  2
       a = -4.750      CL = -0.1247
      Cm = -0.0858     CD =  0.01186   =>   CDf =  0.00708    CDp =  0.00478

 Side 1  free  transition at x/c =  0.8322   65
 Side 2  free  transition at x/c =  0.0350   26

  78   rms: 0.3955E-02   max: -.4039E-01   D at   26  2
       a = -4.750      CL = -0.1247
      Cm = -0.0858     CD =  0.01186   =>   CDf =  0.00708    CDp =  0.00478

 Side 1  free  transition at x/c =  0.8322   65
 Side 2  free  transition at x/c =  0.0350   26

  79   rms: 0.3955E-02   max: -.4039E-01   D at   26  2
       a = -4.750      CL = -0.1247
      Cm = -0.0858     CD =  0.01186   =>   CDf =  0.00708    CDp =  0.00478

 Side 1  free  transition at x/c =  0.8322   65
 Side 2  free  transition at x/c =  0.0350   26

  80   rms: 0.3955E-02   max: -.4039E-01   D at   26  2
       a = -4.750      CL = -0.1247
      Cm = -0.0858     CD =  0.01186   =>   CDf =  0.00708    CDp =  0.00478

 Side 1  free  transition at x/c =  0.8322   65
 Side 2  free  transition at x/c =  0.0350   26

  81   rms: 0.3955E-02   max: -.4039E-01   D at   26  2
       a = -4.750      CL = -0.1247
      Cm = -0.0858     CD =  0.01186   =>   CDf =  0.00708    CDp =  0.00478

 Side 1  free  transition at x/c =  0.8322   65
 Side 2  free  transition at x/c =  0.0350   26

  82   rms: 0.3955E-02   max: -.4039E-01   D at   26  2
       a = -4.750      CL = -0.1247
      Cm = -0.0858     CD =  0.01186   =>   CDf =  0.00708    CDp =  0.00478

 Side 1  free  transition at x/c =  0.8322   65
 Side 2  free  transition at x/c =  0.0350   26

  83   rms: 0.3955E-02   max: -.4039E-01   D at   26  2
       a = -4.750      CL = -0.1247
      Cm = -0.0858     CD =  0.01186   =>   CDf =  0.00708    CDp =  0.00478

 Side 1  free  transition at x/c =  0.8322   65
 Side 2  free  transition at x/c =  0.0350   26

  84   rms: 0.3955E-02   max: -.4039E-01   D at   26  2
       a = -4.750      CL = -0.1247
      Cm = -0.0858     CD =  0.01186   =>   CDf =  0.00708    CDp =  0.00478

 Side 1  free  transition at x/c =  0.8322   65
 Side 2  free  transition at x/c =  0.0350   26

  85   rms: 0.3955E-02   max: -.4039E-01   D at   26  2
       a = -4.750      CL = -0.1247
      Cm = -0.0858     CD =  0.01186   =>   CDf =  0.00708    CDp =  0.00478

 Side 1  free  transition at x/c =  0.8322   65
 Side 2  free  transition at x/c =  0.0350   26

  86   rms: 0.3955E-02   max: -.4039E-01   D at   26  2
       a = -4.750      CL = -0.1247
      Cm = -0.0858     CD =  0.01186   =>   CDf =  0.00708    CDp =  0.00478

 Side 1  free  transition at x/c =  0.8322   65
 Side 2  free  transition at x/c =  0.0350   26

  87   rms: 0.3955E-02   max: -.4039E-01   D at   26  2
       a = -4.750      CL = -0.1247
      Cm = -0.0858     CD =  0.01186   =>   CDf =  0.00708    CDp =  0.00478

 Side 1  free  transition at x/c =  0.8322   65
 Side 2  free  transition at x/c =  0.0350   26

  88   rms: 0.3955E-02   max: -.4039E-01   D at   26  2
       a = -4.750      CL = -0.1247
      Cm = -0.0858     CD =  0.01186   =>   CDf =  0.00708    CDp =  0.00478

 Side 1  free  transition at x/c =  0.8322   65
 Side 2  free  transition at x/c =  0.0350   26

  89   rms: 0.3955E-02   max: -.4039E-01   D at   26  2
       a = -4.750      CL = -0.1247
      Cm = -0.0858     CD =  0.01186   =>   CDf =  0.00708    CDp =  0.00478

 Side 1  free  transition at x/c =  0.8322   65
 Side 2  free  transition at x/c =  0.0350   26

  90   rms: 0.3955E-02   max: -.4039E-01   D at   26  2
       a = -4.750      CL = -0.1247
      Cm = -0.0858     CD =  0.01186   =>   CDf =  0.00708    CDp =  0.00478

 Side 1  free  transition at x/c =  0.8322   65
 Side 2  free  transition at x/c =  0.0350   26

  91   rms: 0.3955E-02   max: -.4039E-01   D at   26  2
       a = -4.750      CL = -0.1247
      Cm = -0.0858     CD =  0.01186   =>   CDf =  0.00708    CDp =  0.00478

 Side 1  free  transition at x/c =  0.8322   65
 Side 2  free  transition at x/c =  0.0350   26

  92   rms: 0.3955E-02   max: -.4039E-01   D at   26  2
       a = -4.750      CL = -0.1247
      Cm = -0.0858     CD =  0.01186   =>   CDf =  0.00708    CDp =  0.00478

 Side 1  free  transition at x/c =  0.8322   65
 Side 2  free  transition at x/c =  0.0350   26

  93   rms: 0.3955E-02   max: -.4039E-01   D at   26  2
       a = -4.750      CL = -0.1247
      Cm = -0.0858     CD =  0.01186   =>   CDf =  0.00708    CDp =  0.00478

 Side 1  free  transition at x/c =  0.8322   65
 Side 2  free  transition at x/c =  0.0350   26

  94   rms: 0.3955E-02   max: -.4039E-01   D at   26  2
       a = -4.750      CL = -0.1247
      Cm = -0.0858     CD =  0.01186   =>   CDf =  0.00708    CDp =  0.00478

 Side 1  free  transition at x/c =  0.8322   65
 Side 2  free  transition at x/c =  0.0350   26

  95   rms: 0.3955E-02   max: -.4039E-01   D at   26  2
       a = -4.750      CL = -0.1247
      Cm = -0.0858     CD =  0.01186   =>   CDf =  0.00708    CDp =  0.00478

 Side 1  free  transition at x/c =  0.8322   65
 Side 2  free  transition at x/c =  0.0350   26

  96   rms: 0.3955E-02   max: -.4039E-01   D at   26  2
       a = -4.750      CL = -0.1247
      Cm = -0.0858     CD =  0.01186   =>   CDf =  0.00708    CDp =  0.00478

 Side 1  free  transition at x/c =  0.8322   65
 Side 2  free  transition at x/c =  0.0350   26

  97   rms: 0.3955E-02   max: -.4039E-01   D at   26  2
       a = -4.750      CL = -0.1247
      Cm = -0.0858     CD =  0.01186   =>   CDf =  0.00708    CDp =  0.00478

 Side 1  free  transition at x/c =  0.8322   65
 Side 2  free  transition at x/c =  0.0350   26

  98   rms: 0.3955E-02   max: -.4039E-01   D at   26  2
       a = -4.750      CL = -0.1247
      Cm = -0.0858     CD =  0.01186   =>   CDf =  0.00708    CDp =  0.00478

 Side 1  free  transition at x/c =  0.8322   65
 Side 2  free  transition at x/c =  0.0350   26

  99   rms: 0.3955E-02   max: -.4039E-01   D at   26  2
       a = -4.750      CL = -0.1247
      Cm = -0.0858     CD =  0.01186   =>   CDf =  0.00708    CDp =  0.00478

 Side 1  free  transition at x/c =  0.8322   65
 Side 2  free  transition at x/c =  0.0350   26

 100   rms: 0.3955E-02   max: -.4039E-01   D at   26  2
       a = -4.750      CL = -0.1247
      Cm = -0.0858     CD =  0.01186   =>   CDf =  0.00708    CDp =  0.00478

 Side 1  free  transition at x/c =  0.8322   65
 Side 2  free  transition at x/c =  0.0350   26

 101   rms: 0.3955E-02   max: -.4039E-01   D at   26  2
       a = -4.750      CL = -0.1247
      Cm = -0.0858     CD =  0.01186   =>   CDf =  0.00708    CDp =  0.00478

 Side 1  free  transition at x/c =  0.8322   65
 Side 2  free  transition at x/c =  0.0350   26

 102   rms: 0.3955E-02   max: -.4039E-01   D at   26  2
       a = -4.750      CL = -0.1247
      Cm = -0.0858     CD =  0.01186   =>   CDf =  0.00708    CDp =  0.00478

 Side 1  free  transition at x/c =  0.8322   65
 Side 2  free  transition at x/c =  0.0350   26

 103   rms: 0.3955E-02   max: -.4039E-01   D at   26  2
       a = -4.750      CL = -0.1247
      Cm = -0.0858     CD =  0.01186   =>   CDf =  0.00708    CDp =  0.00478

 Side 1  free  transition at x/c =  0.8322   65
 Side 2  free  transition at x/c =  0.0350   26

 104   rms: 0.3955E-02   max: -.4039E-01   D at   26  2
       a = -4.750      CL = -0.1247
      Cm = -0.0858     CD =  0.01186   =>   CDf =  0.00708    CDp =  0.00478

 Side 1  free  transition at x/c =  0.8322   65
 Side 2  free  transition at x/c =  0.0350   26

 105   rms: 0.3955E-02   max: -.4039E-01   D at   26  2
       a = -4.750      CL = -0.1247
      Cm = -0.0858     CD =  0.01186   =>   CDf =  0.00708    CDp =  0.00478

 Side 1  free  transition at x/c =  0.8322   65
 Side 2  free  transition at x/c =  0.0350   26

 106   rms: 0.3955E-02   max: -.4039E-01   D at   26  2
       a = -4.750      CL = -0.1247
      Cm = -0.0858     CD =  0.01186   =>   CDf =  0.00708    CDp =  0.00478

 Side 1  free  transition at x/c =  0.8322   65
 Side 2  free  transition at x/c =  0.0350   26

 107   rms: 0.3955E-02   max: -.4039E-01   D at   26  2
       a = -4.750      CL = -0.1247
      Cm = -0.0858     CD =  0.01186   =>   CDf =  0.00708    CDp =  0.00478

 Side 1  free  transition at x/c =  0.8322   65
 Side 2  free  transition at x/c =  0.0350   26

 108   rms: 0.3955E-02   max: -.4039E-01   D at   26  2
       a = -4.750      CL = -0.1247
      Cm = -0.0858     CD =  0.01186   =>   CDf =  0.00708    CDp =  0.00478

 Side 1  free  transition at x/c =  0.8322   65
 Side 2  free  transition at x/c =  0.0350   26

 109   rms: 0.3955E-02   max: -.4039E-01   D at   26  2
       a = -4.750      CL = -0.1247
      Cm = -0.0858     CD =  0.01186   =>   CDf =  0.00708    CDp =  0.00478

 Side 1  free  transition at x/c =  0.8322   65
 Side 2  free  transition at x/c =  0.0350   26

 110   rms: 0.3955E-02   max: -.4039E-01   D at   26  2
       a = -4.750      CL = -0.1247
      Cm = -0.0858     CD =  0.01186   =>   CDf =  0.00708    CDp =  0.00478

 Side 1  free  transition at x/c =  0.8322   65
 Side 2  free  transition at x/c =  0.0350   26

 111   rms: 0.3955E-02   max: -.4039E-01   D at   26  2
       a = -4.750      CL = -0.1247
      Cm = -0.0858     CD =  0.01186   =>   CDf =  0.00708    CDp =  0.00478

 Side 1  free  transition at x/c =  0.8322   65
 Side 2  free  transition at x/c =  0.0350   26

 112   rms: 0.3955E-02   max: -.4039E-01   D at   26  2
       a = -4.750      CL = -0.1247
      Cm = -0.0858     CD =  0.01186   =>   CDf =  0.00708    CDp =  0.00478

 Side 1  free  transition at x/c =  0.8322   65
 Side 2  free  transition at x/c =  0.0350   26

 113   rms: 0.3955E-02   max: -.4039E-01   D at   26  2
       a = -4.750      CL = -0.1247
      Cm = -0.0858     CD =  0.01186   =>   CDf =  0.00708    CDp =  0.00478

 Side 1  free  transition at x/c =  0.8322   65
 Side 2  free  transition at x/c =  0.0350   26

 114   rms: 0.3955E-02   max: -.4039E-01   D at   26  2
       a = -4.750      CL = -0.1247
      Cm = -0.0858     CD =  0.01186   =>   CDf =  0.00708    CDp =  0.00478

 Side 1  free  transition at x/c =  0.8322   65
 Side 2  free  transition at x/c =  0.0350   26

 115   rms: 0.3955E-02   max: -.4039E-01   D at   26  2
       a = -4.750      CL = -0.1247
      Cm = -0.0858     CD =  0.01186   =>   CDf =  0.00708    CDp =  0.00478

 Side 1  free  transition at x/c =  0.8322   65
 Side 2  free  transition at x/c =  0.0350   26

 116   rms: 0.3955E-02   max: -.4039E-01   D at   26  2
       a = -4.750      CL = -0.1247
      Cm = -0.0858     CD =  0.01186   =>   CDf =  0.00708    CDp =  0.00478

 Side 1  free  transition at x/c =  0.8322   65
 Side 2  free  transition at x/c =  0.0350   26

 117   rms: 0.3955E-02   max: -.4039E-01   D at   26  2
       a = -4.750      CL = -0.1247
      Cm = -0.0858     CD =  0.01186   =>   CDf =  0.00708    CDp =  0.00478

 Side 1  free  transition at x/c =  0.8322   65
 Side 2  free  transition at x/c =  0.0350   26

 118   rms: 0.3955E-02   max: -.4039E-01   D at   26  2
       a = -4.750      CL = -0.1247
      Cm = -0.0858     CD =  0.01186   =>   CDf =  0.00708    CDp =  0.00478

 Side 1  free  transition at x/c =  0.8322   65
 Side 2  free  transition at x/c =  0.0350   26

 119   rms: 0.3955E-02   max: -.4039E-01   D at   26  2
       a = -4.750      CL = -0.1247
      Cm = -0.0858     CD =  0.01186   =>   CDf =  0.00708    CDp =  0.00478

 Side 1  free  transition at x/c =  0.8322   65
 Side 2  free  transition at x/c =  0.0350   26

 120   rms: 0.3955E-02   max: -.4039E-01   D at   26  2
       a = -4.750      CL = -0.1247
      Cm = -0.0858     CD =  0.01186   =>   CDf =  0.00708    CDp =  0.00478

 Side 1  free  transition at x/c =  0.8322   65
 Side 2  free  transition at x/c =  0.0350   26

 121   rms: 0.3955E-02   max: -.4039E-01   D at   26  2
       a = -4.750      CL = -0.1247
      Cm = -0.0858     CD =  0.01186   =>   CDf =  0.00708    CDp =  0.00478

 Side 1  free  transition at x/c =  0.8322   65
 Side 2  free  transition at x/c =  0.0350   26

 122   rms: 0.3955E-02   max: -.4039E-01   D at   26  2
       a = -4.750      CL = -0.1247
      Cm = -0.0858     CD =  0.01186   =>   CDf =  0.00708    CDp =  0.00478

 Side 1  free  transition at x/c =  0.8322   65
 Side 2  free  transition at x/c =  0.0350   26

 123   rms: 0.3955E-02   max: -.4039E-01   D at   26  2
       a = -4.750      CL = -0.1247
      Cm = -0.0858     CD =  0.01186   =>   CDf =  0.00708    CDp =  0.00478

 Side 1  free  transition at x/c =  0.8322   65
 Side 2  free  transition at x/c =  0.0350   26

 124   rms: 0.3955E-02   max: -.4039E-01   D at   26  2
       a = -4.750      CL = -0.1247
      Cm = -0.0858     CD =  0.01186   =>   CDf =  0.00708    CDp =  0.00478

 Side 1  free  transition at x/c =  0.8322   65
 Side 2  free  transition at x/c =  0.0350   26

 125   rms: 0.3955E-02   max: -.4039E-01   D at   26  2
       a = -4.750      CL = -0.1247
      Cm = -0.0858     CD =  0.01186   =>   CDf =  0.00708    CDp =  0.00478

 Side 1  free  transition at x/c =  0.8322   65
 Side 2  free  transition at x/c =  0.0350   26

 126   rms: 0.3955E-02   max: -.4039E-01   D at   26  2
       a = -4.750      CL = -0.1247
      Cm = -0.0858     CD =  0.01186   =>   CDf =  0.00708    CDp =  0.00478

 Side 1  free  transition at x/c =  0.8322   65
 Side 2  free  transition at x/c =  0.0350   26

 127   rms: 0.3955E-02   max: -.4039E-01   D at   26  2
       a = -4.750      CL = -0.1247
      Cm = -0.0858     CD =  0.01186   =>   CDf =  0.00708    CDp =  0.00478

 Side 1  free  transition at x/c =  0.8322   65
 Side 2  free  transition at x/c =  0.0350   26

 128   rms: 0.3955E-02   max: -.4039E-01   D at   26  2
       a = -4.750      CL = -0.1247
      Cm = -0.0858     CD =  0.01186   =>   CDf =  0.00708    CDp =  0.00478

 Side 1  free  transition at x/c =  0.8322   65
 Side 2  free  transition at x/c =  0.0350   26

 129   rms: 0.3955E-02   max: -.4039E-01   D at   26  2
       a = -4.750      CL = -0.1247
      Cm = -0.0858     CD =  0.01186   =>   CDf =  0.00708    CDp =  0.00478

 Side 1  free  transition at x/c =  0.8322   65
 Side 2  free  transition at x/c =  0.0350   26

 130   rms: 0.3955E-02   max: -.4039E-01   D at   26  2
       a = -4.750      CL = -0.1247
      Cm = -0.0858     CD =  0.01186   =>   CDf =  0.00708    CDp =  0.00478

 Side 1  free  transition at x/c =  0.8322   65
 Side 2  free  transition at x/c =  0.0350   26

 131   rms: 0.3955E-02   max: -.4039E-01   D at   26  2
       a = -4.750      CL = -0.1247
      Cm = -0.0858     CD =  0.01186   =>   CDf =  0.00708    CDp =  0.00478

 Side 1  free  transition at x/c =  0.8322   65
 Side 2  free  transition at x/c =  0.0350   26

 132   rms: 0.3955E-02   max: -.4039E-01   D at   26  2
       a = -4.750      CL = -0.1247
      Cm = -0.0858     CD =  0.01186   =>   CDf =  0.00708    CDp =  0.00478

 Side 1  free  transition at x/c =  0.8322   65
 Side 2  free  transition at x/c =  0.0350   26

 133   rms: 0.3955E-02   max: -.4039E-01   D at   26  2
       a = -4.750      CL = -0.1247
      Cm = -0.0858     CD =  0.01186   =>   CDf =  0.00708    CDp =  0.00478

 Side 1  free  transition at x/c =  0.8322   65
 Side 2  free  transition at x/c =  0.0350   26

 134   rms: 0.3955E-02   max: -.4039E-01   D at   26  2
       a = -4.750      CL = -0.1247
      Cm = -0.0858     CD =  0.01186   =>   CDf =  0.00708    CDp =  0.00478

 Side 1  free  transition at x/c =  0.8322   65
 Side 2  free  transition at x/c =  0.0350   26

 135   rms: 0.3955E-02   max: -.4039E-01   D at   26  2
       a = -4.750      CL = -0.1247
      Cm = -0.0858     CD =  0.01186   =>   CDf =  0.00708    CDp =  0.00478

 Side 1  free  transition at x/c =  0.8322   65
 Side 2  free  transition at x/c =  0.0350   26

 136   rms: 0.3955E-02   max: -.4039E-01   D at   26  2
       a = -4.750      CL = -0.1247
      Cm = -0.0858     CD =  0.01186   =>   CDf =  0.00708    CDp =  0.00478

 Side 1  free  transition at x/c =  0.8322   65
 Side 2  free  transition at x/c =  0.0350   26

 137   rms: 0.3955E-02   max: -.4039E-01   D at   26  2
       a = -4.750      CL = -0.1247
      Cm = -0.0858     CD =  0.01186   =>   CDf =  0.00708    CDp =  0.00478

 Side 1  free  transition at x/c =  0.8322   65
 Side 2  free  transition at x/c =  0.0350   26

 138   rms: 0.3955E-02   max: -.4039E-01   D at   26  2
       a = -4.750      CL = -0.1247
      Cm = -0.0858     CD =  0.01186   =>   CDf =  0.00708    CDp =  0.00478

 Side 1  free  transition at x/c =  0.8322   65
 Side 2  free  transition at x/c =  0.0350   26

 139   rms: 0.3955E-02   max: -.4039E-01   D at   26  2
       a = -4.750      CL = -0.1247
      Cm = -0.0858     CD =  0.01186   =>   CDf =  0.00708    CDp =  0.00478

 Side 1  free  transition at x/c =  0.8322   65
 Side 2  free  transition at x/c =  0.0350   26

 140   rms: 0.3955E-02   max: -.4039E-01   D at   26  2
       a = -4.750      CL = -0.1247
      Cm = -0.0858     CD =  0.01186   =>   CDf =  0.00708    CDp =  0.00478

 Side 1  free  transition at x/c =  0.8322   65
 Side 2  free  transition at x/c =  0.0350   26

 141   rms: 0.3955E-02   max: -.4039E-01   D at   26  2
       a = -4.750      CL = -0.1247
      Cm = -0.0858     CD =  0.01186   =>   CDf =  0.00708    CDp =  0.00478

 Side 1  free  transition at x/c =  0.8322   65
 Side 2  free  transition at x/c =  0.0350   26

 142   rms: 0.3955E-02   max: -.4039E-01   D at   26  2
       a = -4.750      CL = -0.1247
      Cm = -0.0858     CD =  0.01186   =>   CDf =  0.00708    CDp =  0.00478

 Side 1  free  transition at x/c =  0.8322   65
 Side 2  free  transition at x/c =  0.0350   26

 143   rms: 0.3955E-02   max: -.4039E-01   D at   26  2
       a = -4.750      CL = -0.1247
      Cm = -0.0858     CD =  0.01186   =>   CDf =  0.00708    CDp =  0.00478

 Side 1  free  transition at x/c =  0.8322   65
 Side 2  free  transition at x/c =  0.0350   26

 144   rms: 0.3955E-02   max: -.4039E-01   D at   26  2
       a = -4.750      CL = -0.1247
      Cm = -0.0858     CD =  0.01186   =>   CDf =  0.00708    CDp =  0.00478

 Side 1  free  transition at x/c =  0.8322   65
 Side 2  free  transition at x/c =  0.0350   26

 145   rms: 0.3955E-02   max: -.4039E-01   D at   26  2
       a = -4.750      CL = -0.1247
      Cm = -0.0858     CD =  0.01186   =>   CDf =  0.00708    CDp =  0.00478

 Side 1  free  transition at x/c =  0.8322   65
 Side 2  free  transition at x/c =  0.0350   26

 146   rms: 0.3955E-02   max: -.4039E-01   D at   26  2
       a = -4.750      CL = -0.1247
      Cm = -0.0858     CD =  0.01186   =>   CDf =  0.00708    CDp =  0.00478

 Side 1  free  transition at x/c =  0.8322   65
 Side 2  free  transition at x/c =  0.0350   26

 147   rms: 0.3955E-02   max: -.4039E-01   D at   26  2
       a = -4.750      CL = -0.1247
      Cm = -0.0858     CD =  0.01186   =>   CDf =  0.00708    CDp =  0.00478

 Side 1  free  transition at x/c =  0.8322   65
 Side 2  free  transition at x/c =  0.0350   26

 148   rms: 0.3955E-02   max: -.4039E-01   D at   26  2
       a = -4.750      CL = -0.1247
      Cm = -0.0858     CD =  0.01186   =>   CDf =  0.00708    CDp =  0.00478

 Side 1  free  transition at x/c =  0.8322   65
 Side 2  free  transition at x/c =  0.0350   26

 149   rms: 0.3955E-02   max: -.4039E-01   D at   26  2
       a = -4.750      CL = -0.1247
      Cm = -0.0858     CD =  0.01186   =>   CDf =  0.00708    CDp =  0.00478

 Side 1  free  transition at x/c =  0.8322   65
 Side 2  free  transition at x/c =  0.0350   26

 150   rms: 0.3955E-02   max: -.4039E-01   D at   26  2
       a = -4.750      CL = -0.1247
      Cm = -0.0858     CD =  0.01186   =>   CDf =  0.00708    CDp =  0.00478

 Side 1  free  transition at x/c =  0.8322   65
 Side 2  free  transition at x/c =  0.0350   26

 151   rms: 0.3955E-02   max: -.4039E-01   D at   26  2
       a = -4.750      CL = -0.1247
      Cm = -0.0858     CD =  0.01186   =>   CDf =  0.00708    CDp =  0.00478

 Side 1  free  transition at x/c =  0.8322   65
 Side 2  free  transition at x/c =  0.0350   26

 152   rms: 0.3955E-02   max: -.4039E-01   D at   26  2
       a = -4.750      CL = -0.1247
      Cm = -0.0858     CD =  0.01186   =>   CDf =  0.00708    CDp =  0.00478

 Side 1  free  transition at x/c =  0.8322   65
 Side 2  free  transition at x/c =  0.0350   26

 153   rms: 0.3955E-02   max: -.4039E-01   D at   26  2
       a = -4.750      CL = -0.1247
      Cm = -0.0858     CD =  0.01186   =>   CDf =  0.00708    CDp =  0.00478

 Side 1  free  transition at x/c =  0.8322   65
 Side 2  free  transition at x/c =  0.0350   26

 154   rms: 0.3955E-02   max: -.4039E-01   D at   26  2
       a = -4.750      CL = -0.1247
      Cm = -0.0858     CD =  0.01186   =>   CDf =  0.00708    CDp =  0.00478

 Side 1  free  transition at x/c =  0.8322   65
 Side 2  free  transition at x/c =  0.0350   26

 155   rms: 0.3955E-02   max: -.4039E-01   D at   26  2
       a = -4.750      CL = -0.1247
      Cm = -0.0858     CD =  0.01186   =>   CDf =  0.00708    CDp =  0.00478

 Side 1  free  transition at x/c =  0.8322   65
 Side 2  free  transition at x/c =  0.0350   26

 156   rms: 0.3955E-02   max: -.4039E-01   D at   26  2
       a = -4.750      CL = -0.1247
      Cm = -0.0858     CD =  0.01186   =>   CDf =  0.00708    CDp =  0.00478

 Side 1  free  transition at x/c =  0.8322   65
 Side 2  free  transition at x/c =  0.0350   26

 157   rms: 0.3955E-02   max: -.4039E-01   D at   26  2
       a = -4.750      CL = -0.1247
      Cm = -0.0858     CD =  0.01186   =>   CDf =  0.00708    CDp =  0.00478

 Side 1  free  transition at x/c =  0.8322   65
 Side 2  free  transition at x/c =  0.0350   26

 158   rms: 0.3955E-02   max: -.4039E-01   D at   26  2
       a = -4.750      CL = -0.1247
      Cm = -0.0858     CD =  0.01186   =>   CDf =  0.00708    CDp =  0.00478

 Side 1  free  transition at x/c =  0.8322   65
 Side 2  free  transition at x/c =  0.0350   26

 159   rms: 0.3955E-02   max: -.4039E-01   D at   26  2
       a = -4.750      CL = -0.1247
      Cm = -0.0858     CD =  0.01186   =>   CDf =  0.00708    CDp =  0.00478

 Side 1  free  transition at x/c =  0.8322   65
 Side 2  free  transition at x/c =  0.0350   26

 160   rms: 0.3955E-02   max: -.4039E-01   D at   26  2
       a = -4.750      CL = -0.1247
      Cm = -0.0858     CD =  0.01186   =>   CDf =  0.00708    CDp =  0.00478

 Side 1  free  transition at x/c =  0.8322   65
 Side 2  free  transition at x/c =  0.0350   26

 161   rms: 0.3955E-02   max: -.4039E-01   D at   26  2
       a = -4.750      CL = -0.1247
      Cm = -0.0858     CD =  0.01186   =>   CDf =  0.00708    CDp =  0.00478

 Side 1  free  transition at x/c =  0.8322   65
 Side 2  free  transition at x/c =  0.0350   26

 162   rms: 0.3955E-02   max: -.4039E-01   D at   26  2
       a = -4.750      CL = -0.1247
      Cm = -0.0858     CD =  0.01186   =>   CDf =  0.00708    CDp =  0.00478

 Side 1  free  transition at x/c =  0.8322   65
 Side 2  free  transition at x/c =  0.0350   26

 163   rms: 0.3955E-02   max: -.4039E-01   D at   26  2
       a = -4.750      CL = -0.1247
      Cm = -0.0858     CD =  0.01186   =>   CDf =  0.00708    CDp =  0.00478

 Side 1  free  transition at x/c =  0.8322   65
 Side 2  free  transition at x/c =  0.0350   26

 164   rms: 0.3955E-02   max: -.4039E-01   D at   26  2
       a = -4.750      CL = -0.1247
      Cm = -0.0858     CD =  0.01186   =>   CDf =  0.00708    CDp =  0.00478

 Side 1  free  transition at x/c =  0.8322   65
 Side 2  free  transition at x/c =  0.0350   26

 165   rms: 0.3955E-02   max: -.4039E-01   D at   26  2
       a = -4.750      CL = -0.1247
      Cm = -0.0858     CD =  0.01186   =>   CDf =  0.00708    CDp =  0.00478

 Side 1  free  transition at x/c =  0.8322   65
 Side 2  free  transition at x/c =  0.0350   26

 166   rms: 0.3955E-02   max: -.4039E-01   D at   26  2
       a = -4.750      CL = -0.1247
      Cm = -0.0858     CD =  0.01186   =>   CDf =  0.00708    CDp =  0.00478

 Side 1  free  transition at x/c =  0.8322   65
 Side 2  free  transition at x/c =  0.0350   26

 167   rms: 0.3955E-02   max: -.4039E-01   D at   26  2
       a = -4.750      CL = -0.1247
      Cm = -0.0858     CD =  0.01186   =>   CDf =  0.00708    CDp =  0.00478

 Side 1  free  transition at x/c =  0.8322   65
 Side 2  free  transition at x/c =  0.0350   26

 168   rms: 0.3955E-02   max: -.4039E-01   D at   26  2
       a = -4.750      CL = -0.1247
      Cm = -0.0858     CD =  0.01186   =>   CDf =  0.00708    CDp =  0.00478

 Side 1  free  transition at x/c =  0.8322   65
 Side 2  free  transition at x/c =  0.0350   26

 169   rms: 0.3955E-02   max: -.4039E-01   D at   26  2
       a = -4.750      CL = -0.1247
      Cm = -0.0858     CD =  0.01186   =>   CDf =  0.00708    CDp =  0.00478

 Side 1  free  transition at x/c =  0.8322   65
 Side 2  free  transition at x/c =  0.0350   26

 170   rms: 0.3955E-02   max: -.4039E-01   D at   26  2
       a = -4.750      CL = -0.1247
      Cm = -0.0858     CD =  0.01186   =>   CDf =  0.00708    CDp =  0.00478

 Side 1  free  transition at x/c =  0.8322   65
 Side 2  free  transition at x/c =  0.0350   26

 171   rms: 0.3955E-02   max: -.4039E-01   D at   26  2
       a = -4.750      CL = -0.1247
      Cm = -0.0858     CD =  0.01186   =>   CDf =  0.00708    CDp =  0.00478

 Side 1  free  transition at x/c =  0.8322   65
 Side 2  free  transition at x/c =  0.0350   26

 172   rms: 0.3955E-02   max: -.4039E-01   D at   26  2
       a = -4.750      CL = -0.1247
      Cm = -0.0858     CD =  0.01186   =>   CDf =  0.00708    CDp =  0.00478

 Side 1  free  transition at x/c =  0.8322   65
 Side 2  free  transition at x/c =  0.0350   26

 173   rms: 0.3955E-02   max: -.4039E-01   D at   26  2
       a = -4.750      CL = -0.1247
      Cm = -0.0858     CD =  0.01186   =>   CDf =  0.00708    CDp =  0.00478

 Side 1  free  transition at x/c =  0.8322   65
 Side 2  free  transition at x/c =  0.0350   26

 174   rms: 0.3955E-02   max: -.4039E-01   D at   26  2
       a = -4.750      CL = -0.1247
      Cm = -0.0858     CD =  0.01186   =>   CDf =  0.00708    CDp =  0.00478

 Side 1  free  transition at x/c =  0.8322   65
 Side 2  free  transition at x/c =  0.0350   26

 175   rms: 0.3955E-02   max: -.4039E-01   D at   26  2
       a = -4.750      CL = -0.1247
      Cm = -0.0858     CD =  0.01186   =>   CDf =  0.00708    CDp =  0.00478

 Side 1  free  transition at x/c =  0.8322   65
 Side 2  free  transition at x/c =  0.0350   26

 176   rms: 0.3955E-02   max: -.4039E-01   D at   26  2
       a = -4.750      CL = -0.1247
      Cm = -0.0858     CD =  0.01186   =>   CDf =  0.00708    CDp =  0.00478

 Side 1  free  transition at x/c =  0.8322   65
 Side 2  free  transition at x/c =  0.0350   26

 177   rms: 0.3955E-02   max: -.4039E-01   D at   26  2
       a = -4.750      CL = -0.1247
      Cm = -0.0858     CD =  0.01186   =>   CDf =  0.00708    CDp =  0.00478

 Side 1  free  transition at x/c =  0.8322   65
 Side 2  free  transition at x/c =  0.0350   26

 178   rms: 0.3955E-02   max: -.4039E-01   D at   26  2
       a = -4.750      CL = -0.1247
      Cm = -0.0858     CD =  0.01186   =>   CDf =  0.00708    CDp =  0.00478

 Side 1  free  transition at x/c =  0.8322   65
 Side 2  free  transition at x/c =  0.0350   26

 179   rms: 0.3955E-02   max: -.4039E-01   D at   26  2
       a = -4.750      CL = -0.1247
      Cm = -0.0858     CD =  0.01186   =>   CDf =  0.00708    CDp =  0.00478

 Side 1  free  transition at x/c =  0.8322   65
 Side 2  free  transition at x/c =  0.0350   26

 180   rms: 0.3955E-02   max: -.4039E-01   D at   26  2
       a = -4.750      CL = -0.1247
      Cm = -0.0858     CD =  0.01186   =>   CDf =  0.00708    CDp =  0.00478

 Side 1  free  transition at x/c =  0.8322   65
 Side 2  free  transition at x/c =  0.0350   26

 181   rms: 0.3955E-02   max: -.4039E-01   D at   26  2
       a = -4.750      CL = -0.1247
      Cm = -0.0858     CD =  0.01186   =>   CDf =  0.00708    CDp =  0.00478

 Side 1  free  transition at x/c =  0.8322   65
 Side 2  free  transition at x/c =  0.0350   26

 182   rms: 0.3955E-02   max: -.4039E-01   D at   26  2
       a = -4.750      CL = -0.1247
      Cm = -0.0858     CD =  0.01186   =>   CDf =  0.00708    CDp =  0.00478

 Side 1  free  transition at x/c =  0.8322   65
 Side 2  free  transition at x/c =  0.0350   26

 183   rms: 0.3955E-02   max: -.4039E-01   D at   26  2
       a = -4.750      CL = -0.1247
      Cm = -0.0858     CD =  0.01186   =>   CDf =  0.00708    CDp =  0.00478

 Side 1  free  transition at x/c =  0.8322   65
 Side 2  free  transition at x/c =  0.0350   26

 184   rms: 0.3955E-02   max: -.4039E-01   D at   26  2
       a = -4.750      CL = -0.1247
      Cm = -0.0858     CD =  0.01186   =>   CDf =  0.00708    CDp =  0.00478

 Side 1  free  transition at x/c =  0.8322   65
 Side 2  free  transition at x/c =  0.0350   26

 185   rms: 0.3955E-02   max: -.4039E-01   D at   26  2
       a = -4.750      CL = -0.1247
      Cm = -0.0858     CD =  0.01186   =>   CDf =  0.00708    CDp =  0.00478

 Side 1  free  transition at x/c =  0.8322   65
 Side 2  free  transition at x/c =  0.0350   26

 186   rms: 0.3955E-02   max: -.4039E-01   D at   26  2
       a = -4.750      CL = -0.1247
      Cm = -0.0858     CD =  0.01186   =>   CDf =  0.00708    CDp =  0.00478

 Side 1  free  transition at x/c =  0.8322   65
 Side 2  free  transition at x/c =  0.0350   26

 187   rms: 0.3955E-02   max: -.4039E-01   D at   26  2
       a = -4.750      CL = -0.1247
      Cm = -0.0858     CD =  0.01186   =>   CDf =  0.00708    CDp =  0.00478

 Side 1  free  transition at x/c =  0.8322   65
 Side 2  free  transition at x/c =  0.0350   26

 188   rms: 0.3955E-02   max: -.4039E-01   D at   26  2
       a = -4.750      CL = -0.1247
      Cm = -0.0858     CD =  0.01186   =>   CDf =  0.00708    CDp =  0.00478

 Side 1  free  transition at x/c =  0.8322   65
 Side 2  free  transition at x/c =  0.0350   26

 189   rms: 0.3955E-02   max: -.4039E-01   D at   26  2
       a = -4.750      CL = -0.1247
      Cm = -0.0858     CD =  0.01186   =>   CDf =  0.00708    CDp =  0.00478

 Side 1  free  transition at x/c =  0.8322   65
 Side 2  free  transition at x/c =  0.0350   26

 190   rms: 0.3955E-02   max: -.4039E-01   D at   26  2
       a = -4.750      CL = -0.1247
      Cm = -0.0858     CD =  0.01186   =>   CDf =  0.00708    CDp =  0.00478

 Side 1  free  transition at x/c =  0.8322   65
 Side 2  free  transition at x/c =  0.0350   26

 191   rms: 0.3955E-02   max: -.4039E-01   D at   26  2
       a = -4.750      CL = -0.1247
      Cm = -0.0858     CD =  0.01186   =>   CDf =  0.00708    CDp =  0.00478

 Side 1  free  transition at x/c =  0.8322   65
 Side 2  free  transition at x/c =  0.0350   26

 192   rms: 0.3955E-02   max: -.4039E-01   D at   26  2
       a = -4.750      CL = -0.1247
      Cm = -0.0858     CD =  0.01186   =>   CDf =  0.00708    CDp =  0.00478

 Side 1  free  transition at x/c =  0.8322   65
 Side 2  free  transition at x/c =  0.0350   26

 193   rms: 0.3955E-02   max: -.4039E-01   D at   26  2
       a = -4.750      CL = -0.1247
      Cm = -0.0858     CD =  0.01186   =>   CDf =  0.00708    CDp =  0.00478

 Side 1  free  transition at x/c =  0.8322   65
 Side 2  free  transition at x/c =  0.0350   26

 194   rms: 0.3955E-02   max: -.4039E-01   D at   26  2
       a = -4.750      CL = -0.1247
      Cm = -0.0858     CD =  0.01186   =>   CDf =  0.00708    CDp =  0.00478

 Side 1  free  transition at x/c =  0.8322   65
 Side 2  free  transition at x/c =  0.0350   26

 195   rms: 0.3955E-02   max: -.4039E-01   D at   26  2
       a = -4.750      CL = -0.1247
      Cm = -0.0858     CD =  0.01186   =>   CDf =  0.00708    CDp =  0.00478

 Side 1  free  transition at x/c =  0.8322   65
 Side 2  free  transition at x/c =  0.0350   26

 196   rms: 0.3955E-02   max: -.4039E-01   D at   26  2
       a = -4.750      CL = -0.1247
      Cm = -0.0858     CD =  0.01186   =>   CDf =  0.00708    CDp =  0.00478

 Side 1  free  transition at x/c =  0.8322   65
 Side 2  free  transition at x/c =  0.0350   26

 197   rms: 0.3955E-02   max: -.4039E-01   D at   26  2
       a = -4.750      CL = -0.1247
      Cm = -0.0858     CD =  0.01186   =>   CDf =  0.00708    CDp =  0.00478

 Side 1  free  transition at x/c =  0.8322   65
 Side 2  free  transition at x/c =  0.0350   26

 198   rms: 0.3955E-02   max: -.4039E-01   D at   26  2
       a = -4.750      CL = -0.1247
      Cm = -0.0858     CD =  0.01186   =>   CDf =  0.00708    CDp =  0.00478

 Side 1  free  transition at x/c =  0.8322   65
 Side 2  free  transition at x/c =  0.0350   26

 199   rms: 0.3955E-02   max: -.4039E-01   D at   26  2
       a = -4.750      CL = -0.1247
      Cm = -0.0858     CD =  0.01186   =>   CDf =  0.00708    CDp =  0.00478

 Side 1  free  transition at x/c =  0.8322   65
 Side 2  free  transition at x/c =  0.0350   26

 200   rms: 0.3955E-02   max: -.4039E-01   D at   26  2
       a = -4.750      CL = -0.1247
      Cm = -0.0858     CD =  0.01186   =>   CDf =  0.00708    CDp =  0.00478

 Side 1  free  transition at x/c =  0.8322   65
 Side 2  free  transition at x/c =  0.0350   26

 201   rms: 0.3955E-02   max: -.4039E-01   D at   26  2
       a = -4.750      CL = -0.1247
      Cm = -0.0858     CD =  0.01186   =>   CDf =  0.00708    CDp =  0.00478

 Side 1  free  transition at x/c =  0.8322   65
 Side 2  free  transition at x/c =  0.0350   26

 202   rms: 0.3955E-02   max: -.4039E-01   D at   26  2
       a = -4.750      CL = -0.1247
      Cm = -0.0858     CD =  0.01186   =>   CDf =  0.00708    CDp =  0.00478

 Side 1  free  transition at x/c =  0.8322   65
 Side 2  free  transition at x/c =  0.0350   26

 203   rms: 0.3955E-02   max: -.4039E-01   D at   26  2
       a = -4.750      CL = -0.1247
      Cm = -0.0858     CD =  0.01186   =>   CDf =  0.00708    CDp =  0.00478

 Side 1  free  transition at x/c =  0.8322   65
 Side 2  free  transition at x/c =  0.0350   26

 204   rms: 0.3955E-02   max: -.4039E-01   D at   26  2
       a = -4.750      CL = -0.1247
      Cm = -0.0858     CD =  0.01186   =>   CDf =  0.00708    CDp =  0.00478

 Side 1  free  transition at x/c =  0.8322   65
 Side 2  free  transition at x/c =  0.0350   26

 205   rms: 0.3955E-02   max: -.4039E-01   D at   26  2
       a = -4.750      CL = -0.1247
      Cm = -0.0858     CD =  0.01186   =>   CDf =  0.00708    CDp =  0.00478
 VISCAL:  Convergence failed
      5.000    3.7199   0.011860   0.000000   0.000000   0.000000    0.8322     #
 Calculating wake trajectory ...
 Calculating source influence matrix ...

 Solving BL system ...

 Side 1  free  transition at x/c =  0.8322   65
 Side 2  free  transition at x/c =  0.0350   26

   1   rms: 0.4374E-01   max: -.1024E+00   T at   26  2
       a = -4.500      CL = -0.0979
      Cm = -0.0856     CD =  0.01160   =>   CDf =  0.00708    CDp =  0.00452

 Side 1  free  transition at x/c =  0.8227   65
 Side 2  free  transition at x/c =  0.0359   27

   2   rms: 0.1316E-01   max: 0.2275E+00   D at   27  2
       a = -4.500      CL = -0.0984
      Cm = -0.0856     CD =  0.01151   =>   CDf =  0.00711    CDp =  0.00440

 Side 1  free  transition at x/c =  0.8237   65
 Side 2  free  transition at x/c =  0.0358   27

   3   rms: 0.1673E-02   max: 0.2145E-01   D at   27  2
       a = -4.500      CL = -0.0984
      Cm = -0.0856     CD =  0.01151   =>   CDf =  0.00709    CDp =  0.00442

 Side 1  free  transition at x/c =  0.8237   65
 Side 2  free  transition at x/c =  0.0358   27

   4   rms: 0.9851E-05   max: 0.1060E-03   D at   27  2
       a = -4.500      CL = -0.0984
      Cm = -0.0856     CD =  0.01151   =>   CDf =  0.00709    CDp =  0.00442
      5.000    3.7176   0.011510   0.000000   0.000000   0.000000    0.8237     #

 Point added to stored polar  1
 Point written to save file  clarky_re430000_realistic_model.polar           
 Dump file unspecified or not available
 Calculating wake trajectory ...
 Calculating source influence matrix ...

 Solving BL system ...

 Side 1  free  transition at x/c =  0.8237   65
 Side 2  free  transition at x/c =  0.0358   27

   1   rms: 0.4455E-01   max: -.1556E+00   T at   27  2
       a = -4.250      CL = -0.0717
      Cm = -0.0853     CD =  0.01122   =>   CDf =  0.00722    CDp =  0.00401

 Side 1  free  transition at x/c =  0.8154   65
 Side 2  free  transition at x/c =  0.0367   26

   2   rms: 0.5275E-02   max: 0.5955E-01   D at    3  1
       a = -4.250      CL = -0.0716
      Cm = -0.0853     CD =  0.01125   =>   CDf =  0.00714    CDp =  0.00412

 Side 1  free  transition at x/c =  0.8155   65
 Side 2  free  transition at x/c =  0.0368   26

   3   rms: 0.4769E-03   max: 0.5361E-02   D at    4  1
       a = -4.250      CL = -0.0715
      Cm = -0.0853     CD =  0.01125   =>   CDf =  0.00713    CDp =  0.00412

 Side 1  free  transition at x/c =  0.8155   65
 Side 2  free  transition at x/c =  0.0368   26

   4   rms: 0.2353E-06   max: 0.2318E-05   T at    6  2
       a = -4.250      CL = -0.0715
      Cm = -0.0853     CD =  0.01125   =>   CDf =  0.00713    CDp =  0.00412
      5.000    3.7055   0.011254   0.000000   0.000000   0.000000    0.8155     #

 Point added to stored polar  1
 Point written to save file  clarky_re430000_realistic_model.polar           
 Dump file unspecified or not available
 Calculating wake trajectory ...
 Calculating source influence matrix ...

 Solving BL system ...

 Side 1  free  transition at x/c =  0.8155   65
 Side 2  free  transition at x/c =  0.0368   26

   1   rms: 0.4294E-01   max: -.1300E+00   T at   26  2
       a = -4.000      CL = -0.0448
      Cm = -0.0851     CD =  0.01100   =>   CDf =  0.00713    CDp =  0.00387

 Side 1  free  transition at x/c =  0.8046   65
 Side 2  free  transition at x/c =  0.0378   26

   2   rms: 0.4992E-02   max: -.4435E-01   D at   26  2
       a = -4.000      CL = -0.0447
      Cm = -0.0851     CD =  0.01103   =>   CDf =  0.00720    CDp =  0.00383

 Side 1  free  transition at x/c =  0.8059   65
 Side 2  free  transition at x/c =  0.0379   26

   3   rms: 0.7964E-04   max: -.1028E-02   D at   67  1
       a = -4.000      CL = -0.0447
      Cm = -0.0851     CD =  0.01103   =>   CDf =  0.00718    CDp =  0.00385
      5.000    3.6983   0.011028   0.000000   0.000000   0.000000    0.8059     #

 Point added to stored polar  1
 Point written to save file  clarky_re430000_realistic_model.polar           
 Dump file unspecified or not available
 Calculating wake trajectory ...
 Calculating source influence matrix ...

 Solving BL system ...

 Side 1  free  transition at x/c =  0.8059   65
 Side 2  free  transition at x/c =  0.0379   26

   1   rms: 0.4337E-01   max: -.1065E+00   T at   26  2
       a = -3.750      CL = -0.0178
      Cm = -0.0848     CD =  0.01082   =>   CDf =  0.00729    CDp =  0.00352

 Side 1  free  transition at x/c =  0.7955   65
 Side 2  free  transition at x/c =  0.0388   25

   2   rms: 0.4640E-02   max: -.3905E-01   C at   65  1
       a = -3.750      CL = -0.0177
      Cm = -0.0848     CD =  0.01083   =>   CDf =  0.00727    CDp =  0.00357

 Side 1  free  transition at x/c =  0.7961   65
 Side 2  free  transition at x/c =  0.0388   25

   3   rms: 0.8304E-02   max: -.1025E+00   D at   25  2
       a = -3.750      CL = -0.0177
      Cm = -0.0848     CD =  0.01083   =>   CDf =  0.00727    CDp =  0.00357

 Side 1  free  transition at x/c =  0.7961   65
 Side 2  free  transition at x/c =  0.0388   25

   4   rms: 0.8038E-02   max: -.1001E+00   D at   25  2
       a = -3.750      CL = -0.0177
      Cm = -0.0848     CD =  0.01083   =>   CDf =  0.00727    CDp =  0.00357

 Side 1  free  transition at x/c =  0.7961   65
 Side 2  free  transition at x/c =  0.0388   25

   5   rms: 0.8044E-02   max: -.1001E+00   D at   25  2
       a = -3.750      CL = -0.0177
      Cm = -0.0848     CD =  0.01083   =>   CDf =  0.00727    CDp =  0.00357

 Side 1  free  transition at x/c =  0.7961   65
 Side 2  free  transition at x/c =  0.0388   25

   6   rms: 0.8044E-02   max: -.1001E+00   D at   25  2
       a = -3.750      CL = -0.0177
      Cm = -0.0848     CD =  0.01083   =>   CDf =  0.00727    CDp =  0.00357

 Side 1  free  transition at x/c =  0.7961   65
 Side 2  free  transition at x/c =  0.0388   25

   7   rms: 0.8044E-02   max: -.1001E+00   D at   25  2
       a = -3.750      CL = -0.0177
      Cm = -0.0848     CD =  0.01083   =>   CDf =  0.00727    CDp =  0.00357

 Side 1  free  transition at x/c =  0.7961   65
 Side 2  free  transition at x/c =  0.0388   25

   8   rms: 0.8044E-02   max: -.1001E+00   D at   25  2
       a = -3.750      CL = -0.0177
      Cm = -0.0848     CD =  0.01083   =>   CDf =  0.00727    CDp =  0.00357

 Side 1  free  transition at x/c =  0.7961   65
 Side 2  free  transition at x/c =  0.0388   25

   9   rms: 0.8044E-02   max: -.1001E+00   D at   25  2
       a = -3.750      CL = -0.0177
      Cm = -0.0848     CD =  0.01083   =>   CDf =  0.00727    CDp =  0.00357

 Side 1  free  transition at x/c =  0.7961   65
 Side 2  free  transition at x/c =  0.0388   25

  10   rms: 0.8044E-02   max: -.1001E+00   D at   25  2
       a = -3.750      CL = -0.0177
      Cm = -0.0848     CD =  0.01083   =>   CDf =  0.00727    CDp =  0.00357

 Side 1  free  transition at x/c =  0.7961   65
 Side 2  free  transition at x/c =  0.0388   25

  11   rms: 0.8044E-02   max: -.1001E+00   D at   25  2
       a = -3.750      CL = -0.0177
      Cm = -0.0848     CD =  0.01083   =>   CDf =  0.00727    CDp =  0.00357

 Side 1  free  transition at x/c =  0.7961   65
 Side 2  free  transition at x/c =  0.0388   25

  12   rms: 0.8044E-02   max: -.1001E+00   D at   25  2
       a = -3.750      CL = -0.0177
      Cm = -0.0848     CD =  0.01083   =>   CDf =  0.00727    CDp =  0.00357

 Side 1  free  transition at x/c =  0.7961   65
 Side 2  free  transition at x/c =  0.0388   25

  13   rms: 0.8044E-02   max: -.1001E+00   D at   25  2
       a = -3.750      CL = -0.0177
      Cm = -0.0848     CD =  0.01083   =>   CDf =  0.00727    CDp =  0.00357

 Side 1  free  transition at x/c =  0.7961   65
 Side 2  free  transition at x/c =  0.0388   25

  14   rms: 0.8044E-02   max: -.1001E+00   D at   25  2
       a = -3.750      CL = -0.0177
      Cm = -0.0848     CD =  0.01083   =>   CDf =  0.00727    CDp =  0.00357

 Side 1  free  transition at x/c =  0.7961   65
 Side 2  free  transition at x/c =  0.0388   25

  15   rms: 0.8044E-02   max: -.1001E+00   D at   25  2
       a = -3.750      CL = -0.0177
      Cm = -0.0848     CD =  0.01083   =>   CDf =  0.00727    CDp =  0.00357

 Side 1  free  transition at x/c =  0.7961   65
 Side 2  free  transition at x/c =  0.0388   25

  16   rms: 0.8044E-02   max: -.1001E+00   D at   25  2
       a = -3.750      CL = -0.0177
      Cm = -0.0848     CD =  0.01083   =>   CDf =  0.00727    CDp =  0.00357

 Side 1  free  transition at x/c =  0.7961   65
 Side 2  free  transition at x/c =  0.0388   25

  17   rms: 0.8044E-02   max: -.1001E+00   D at   25  2
       a = -3.750      CL = -0.0177
      Cm = -0.0848     CD =  0.01083   =>   CDf =  0.00727    CDp =  0.00357

 Side 1  free  transition at x/c =  0.7961   65
 Side 2  free  transition at x/c =  0.0388   25

  18   rms: 0.8044E-02   max: -.1001E+00   D at   25  2
       a = -3.750      CL = -0.0177
      Cm = -0.0848     CD =  0.01083   =>   CDf =  0.00727    CDp =  0.00357

 Side 1  free  transition at x/c =  0.7961   65
 Side 2  free  transition at x/c =  0.0388   25

  19   rms: 0.8044E-02   max: -.1001E+00   D at   25  2
       a = -3.750      CL = -0.0177
      Cm = -0.0848     CD =  0.01083   =>   CDf =  0.00727    CDp =  0.00357

 Side 1  free  transition at x/c =  0.7961   65
 Side 2  free  transition at x/c =  0.0388   25

  20   rms: 0.8044E-02   max: -.1001E+00   D at   25  2
       a = -3.750      CL = -0.0177
      Cm = -0.0848     CD =  0.01083   =>   CDf =  0.00727    CDp =  0.00357

 Side 1  free  transition at x/c =  0.7961   65
 Side 2  free  transition at x/c =  0.0388   25

  21   rms: 0.8044E-02   max: -.1001E+00   D at   25  2
       a = -3.750      CL = -0.0177
      Cm = -0.0848     CD =  0.01083   =>   CDf =  0.00727    CDp =  0.00357

 Side 1  free  transition at x/c =  0.7961   65
 Side 2  free  transition at x/c =  0.0388   25

  22   rms: 0.8044E-02   max: -.1001E+00   D at   25  2
       a = -3.750      CL = -0.0177
      Cm = -0.0848     CD =  0.01083   =>   CDf =  0.00727    CDp =  0.00357

 Side 1  free  transition at x/c =  0.7961   65
 Side 2  free  transition at x/c =  0.0388   25

  23   rms: 0.8044E-02   max: -.1001E+00   D at   25  2
       a = -3.750      CL = -0.0177
      Cm = -0.0848     CD =  0.01083   =>   CDf =  0.00727    CDp =  0.00357

 Side 1  free  transition at x/c =  0.7961   65
 Side 2  free  transition at x/c =  0.0388   25

  24   rms: 0.8044E-02   max: -.1001E+00   D at   25  2
       a = -3.750      CL = -0.0177
      Cm = -0.0848     CD =  0.01083   =>   CDf =  0.00727    CDp =  0.00357

 Side 1  free  transition at x/c =  0.7961   65
 Side 2  free  transition at x/c =  0.0388   25

  25   rms: 0.8044E-02   max: -.1001E+00   D at   25  2
       a = -3.750      CL = -0.0177
      Cm = -0.0848     CD =  0.01083   =>   CDf =  0.00727    CDp =  0.00357

 Side 1  free  transition at x/c =  0.7961   65
 Side 2  free  transition at x/c =  0.0388   25

  26   rms: 0.8044E-02   max: -.1001E+00   D at   25  2
       a = -3.750      CL = -0.0177
      Cm = -0.0848     CD =  0.01083   =>   CDf =  0.00727    CDp =  0.00357

 Side 1  free  transition at x/c =  0.7961   65
 Side 2  free  transition at x/c =  0.0388   25

  27   rms: 0.8044E-02   max: -.1001E+00   D at   25  2
       a = -3.750      CL = -0.0177
      Cm = -0.0848     CD =  0.01083   =>   CDf =  0.00727    CDp =  0.00357

 Side 1  free  transition at x/c =  0.7961   65
 Side 2  free  transition at x/c =  0.0388   25

  28   rms: 0.8044E-02   max: -.1001E+00   D at   25  2
       a = -3.750      CL = -0.0177
      Cm = -0.0848     CD =  0.01083   =>   CDf =  0.00727    CDp =  0.00357

 Side 1  free  transition at x/c =  0.7961   65
 Side 2  free  transition at x/c =  0.0388   25

  29   rms: 0.8044E-02   max: -.1001E+00   D at   25  2
       a = -3.750      CL = -0.0177
      Cm = -0.0848     CD =  0.01083   =>   CDf =  0.00727    CDp =  0.00357

 Side 1  free  transition at x/c =  0.7961   65
 Side 2  free  transition at x/c =  0.0388   25

  30   rms: 0.8044E-02   max: -.1001E+00   D at   25  2
       a = -3.750      CL = -0.0177
      Cm = -0.0848     CD =  0.01083   =>   CDf =  0.00727    CDp =  0.00357

 Side 1  free  transition at x/c =  0.7961   65
 Side 2  free  transition at x/c =  0.0388   25

  31   rms: 0.8044E-02   max: -.1001E+00   D at   25  2
       a = -3.750      CL = -0.0177
      Cm = -0.0848     CD =  0.01083   =>   CDf =  0.00727    CDp =  0.00357

 Side 1  free  transition at x/c =  0.7961   65
 Side 2  free  transition at x/c =  0.0388   25

  32   rms: 0.8044E-02   max: -.1001E+00   D at   25  2
       a = -3.750      CL = -0.0177
      Cm = -0.0848     CD =  0.01083   =>   CDf =  0.00727    CDp =  0.00357

 Side 1  free  transition at x/c =  0.7961   65
 Side 2  free  transition at x/c =  0.0388   25

  33   rms: 0.8044E-02   max: -.1001E+00   D at   25  2
       a = -3.750      CL = -0.0177
      Cm = -0.0848     CD =  0.01083   =>   CDf =  0.00727    CDp =  0.00357

 Side 1  free  transition at x/c =  0.7961   65
 Side 2  free  transition at x/c =  0.0388   25

  34   rms: 0.8044E-02   max: -.1001E+00   D at   25  2
       a = -3.750      CL = -0.0177
      Cm = -0.0848     CD =  0.01083   =>   CDf =  0.00727    CDp =  0.00357

 Side 1  free  transition at x/c =  0.7961   65
 Side 2  free  transition at x/c =  0.0388   25

  35   rms: 0.8044E-02   max: -.1001E+00   D at   25  2
       a = -3.750      CL = -0.0177
      Cm = -0.0848     CD =  0.01083   =>   CDf =  0.00727    CDp =  0.00357

 Side 1  free  transition at x/c =  0.7961   65
 Side 2  free  transition at x/c =  0.0388   25

  36   rms: 0.8044E-02   max: -.1001E+00   D at   25  2
       a = -3.750      CL = -0.0177
      Cm = -0.0848     CD =  0.01083   =>   CDf =  0.00727    CDp =  0.00357

 Side 1  free  transition at x/c =  0.7961   65
 Side 2  free  transition at x/c =  0.0388   25

  37   rms: 0.8044E-02   max: -.1001E+00   D at   25  2
       a = -3.750      CL = -0.0177
      Cm = -0.0848     CD =  0.01083   =>   CDf =  0.00727    CDp =  0.00357

 Side 1  free  transition at x/c =  0.7961   65
 Side 2  free  transition at x/c =  0.0388   25

  38   rms: 0.8044E-02   max: -.1001E+00   D at   25  2
       a = -3.750      CL = -0.0177
      Cm = -0.0848     CD =  0.01083   =>   CDf =  0.00727    CDp =  0.00357

 Side 1  free  transition at x/c =  0.7961   65
 Side 2  free  transition at x/c =  0.0388   25

  39   rms: 0.8044E-02   max: -.1001E+00   D at   25  2
       a = -3.750      CL = -0.0177
      Cm = -0.0848     CD =  0.01083   =>   CDf =  0.00727    CDp =  0.00357

 Side 1  free  transition at x/c =  0.7961   65
 Side 2  free  transition at x/c =  0.0388   25

  40   rms: 0.8044E-02   max: -.1001E+00   D at   25  2
       a = -3.750      CL = -0.0177
      Cm = -0.0848     CD =  0.01083   =>   CDf =  0.00727    CDp =  0.00357

 Side 1  free  transition at x/c =  0.7961   65
 Side 2  free  transition at x/c =  0.0388   25

  41   rms: 0.8044E-02   max: -.1001E+00   D at   25  2
       a = -3.750      CL = -0.0177
      Cm = -0.0848     CD =  0.01083   =>   CDf =  0.00727    CDp =  0.00357

 Side 1  free  transition at x/c =  0.7961   65
 Side 2  free  transition at x/c =  0.0388   25

  42   rms: 0.8044E-02   max: -.1001E+00   D at   25  2
       a = -3.750      CL = -0.0177
      Cm = -0.0848     CD =  0.01083   =>   CDf =  0.00727    CDp =  0.00357

 Side 1  free  transition at x/c =  0.7961   65
 Side 2  free  transition at x/c =  0.0388   25

  43   rms: 0.8044E-02   max: -.1001E+00   D at   25  2
       a = -3.750      CL = -0.0177
      Cm = -0.0848     CD =  0.01083   =>   CDf =  0.00727    CDp =  0.00357

 Side 1  free  transition at x/c =  0.7961   65
 Side 2  free  transition at x/c =  0.0388   25

  44   rms: 0.8044E-02   max: -.1001E+00   D at   25  2
       a = -3.750      CL = -0.0177
      Cm = -0.0848     CD =  0.01083   =>   CDf =  0.00727    CDp =  0.00357

 Side 1  free  transition at x/c =  0.7961   65
 Side 2  free  transition at x/c =  0.0388   25

  45   rms: 0.8044E-02   max: -.1001E+00   D at   25  2
       a = -3.750      CL = -0.0177
      Cm = -0.0848     CD =  0.01083   =>   CDf =  0.00727    CDp =  0.00357

 Side 1  free  transition at x/c =  0.7961   65
 Side 2  free  transition at x/c =  0.0388   25

  46   rms: 0.8044E-02   max: -.1001E+00   D at   25  2
       a = -3.750      CL = -0.0177
      Cm = -0.0848     CD =  0.01083   =>   CDf =  0.00727    CDp =  0.00357

 Side 1  free  transition at x/c =  0.7961   65
 Side 2  free  transition at x/c =  0.0388   25

  47   rms: 0.8044E-02   max: -.1001E+00   D at   25  2
       a = -3.750      CL = -0.0177
      Cm = -0.0848     CD =  0.01083   =>   CDf =  0.00727    CDp =  0.00357

 Side 1  free  transition at x/c =  0.7961   65
 Side 2  free  transition at x/c =  0.0388   25

  48   rms: 0.8044E-02   max: -.1001E+00   D at   25  2
       a = -3.750      CL = -0.0177
      Cm = -0.0848     CD =  0.01083   =>   CDf =  0.00727    CDp =  0.00357

 Side 1  free  transition at x/c =  0.7961   65
 Side 2  free  transition at x/c =  0.0388   25

  49   rms: 0.8044E-02   max: -.1001E+00   D at   25  2
       a = -3.750      CL = -0.0177
      Cm = -0.0848     CD =  0.01083   =>   CDf =  0.00727    CDp =  0.00357

 Side 1  free  transition at x/c =  0.7961   65
 Side 2  free  transition at x/c =  0.0388   25

  50   rms: 0.8044E-02   max: -.1001E+00   D at   25  2
       a = -3.750      CL = -0.0177
      Cm = -0.0848     CD =  0.01083   =>   CDf =  0.00727    CDp =  0.00357

 Side 1  free  transition at x/c =  0.7961   65
 Side 2  free  transition at x/c =  0.0388   25

  51   rms: 0.8044E-02   max: -.1001E+00   D at   25  2
       a = -3.750      CL = -0.0177
      Cm = -0.0848     CD =  0.01083   =>   CDf =  0.00727    CDp =  0.00357

 Side 1  free  transition at x/c =  0.7961   65
 Side 2  free  transition at x/c =  0.0388   25

  52   rms: 0.8044E-02   max: -.1001E+00   D at   25  2
       a = -3.750      CL = -0.0177
      Cm = -0.0848     CD =  0.01083   =>   CDf =  0.00727    CDp =  0.00357

 Side 1  free  transition at x/c =  0.7961   65
 Side 2  free  transition at x/c =  0.0388   25

  53   rms: 0.8044E-02   max: -.1001E+00   D at   25  2
       a = -3.750      CL = -0.0177
      Cm = -0.0848     CD =  0.01083   =>   CDf =  0.00727    CDp =  0.00357

 Side 1  free  transition at x/c =  0.7961   65
 Side 2  free  transition at x/c =  0.0388   25

  54   rms: 0.8044E-02   max: -.1001E+00   D at   25  2
       a = -3.750      CL = -0.0177
      Cm = -0.0848     CD =  0.01083   =>   CDf =  0.00727    CDp =  0.00357

 Side 1  free  transition at x/c =  0.7961   65
 Side 2  free  transition at x/c =  0.0388   25

  55   rms: 0.8044E-02   max: -.1001E+00   D at   25  2
       a = -3.750      CL = -0.0177
      Cm = -0.0848     CD =  0.01083   =>   CDf =  0.00727    CDp =  0.00357

 Side 1  free  transition at x/c =  0.7961   65
 Side 2  free  transition at x/c =  0.0388   25

  56   rms: 0.8044E-02   max: -.1001E+00   D at   25  2
       a = -3.750      CL = -0.0177
      Cm = -0.0848     CD =  0.01083   =>   CDf =  0.00727    CDp =  0.00357

 Side 1  free  transition at x/c =  0.7961   65
 Side 2  free  transition at x/c =  0.0388   25

  57   rms: 0.8044E-02   max: -.1001E+00   D at   25  2
       a = -3.750      CL = -0.0177
      Cm = -0.0848     CD =  0.01083   =>   CDf =  0.00727    CDp =  0.00357

 Side 1  free  transition at x/c =  0.7961   65
 Side 2  free  transition at x/c =  0.0388   25

  58   rms: 0.8044E-02   max: -.1001E+00   D at   25  2
       a = -3.750      CL = -0.0177
      Cm = -0.0848     CD =  0.01083   =>   CDf =  0.00727    CDp =  0.00357

 Side 1  free  transition at x/c =  0.7961   65
 Side 2  free  transition at x/c =  0.0388   25

  59   rms: 0.8044E-02   max: -.1001E+00   D at   25  2
       a = -3.750      CL = -0.0177
      Cm = -0.0848     CD =  0.01083   =>   CDf =  0.00727    CDp =  0.00357

 Side 1  free  transition at x/c =  0.7961   65
 Side 2  free  transition at x/c =  0.0388   25

  60   rms: 0.8044E-02   max: -.1001E+00   D at   25  2
       a = -3.750      CL = -0.0177
      Cm = -0.0848     CD =  0.01083   =>   CDf =  0.00727    CDp =  0.00357

 Side 1  free  transition at x/c =  0.7961   65
 Side 2  free  transition at x/c =  0.0388   25

  61   rms: 0.8044E-02   max: -.1001E+00   D at   25  2
       a = -3.750      CL = -0.0177
      Cm = -0.0848     CD =  0.01083   =>   CDf =  0.00727    CDp =  0.00357

 Side 1  free  transition at x/c =  0.7961   65
 Side 2  free  transition at x/c =  0.0388   25

  62   rms: 0.8044E-02   max: -.1001E+00   D at   25  2
       a = -3.750      CL = -0.0177
      Cm = -0.0848     CD =  0.01083   =>   CDf =  0.00727    CDp =  0.00357

 Side 1  free  transition at x/c =  0.7961   65
 Side 2  free  transition at x/c =  0.0388   25

  63   rms: 0.8044E-02   max: -.1001E+00   D at   25  2
       a = -3.750      CL = -0.0177
      Cm = -0.0848     CD =  0.01083   =>   CDf =  0.00727    CDp =  0.00357

 Side 1  free  transition at x/c =  0.7961   65
 Side 2  free  transition at x/c =  0.0388   25

  64   rms: 0.8044E-02   max: -.1001E+00   D at   25  2
       a = -3.750      CL = -0.0177
      Cm = -0.0848     CD =  0.01083   =>   CDf =  0.00727    CDp =  0.00357

 Side 1  free  transition at x/c =  0.7961   65
 Side 2  free  transition at x/c =  0.0388   25

  65   rms: 0.8044E-02   max: -.1001E+00   D at   25  2
       a = -3.750      CL = -0.0177
      Cm = -0.0848     CD =  0.01083   =>   CDf =  0.00727    CDp =  0.00357

 Side 1  free  transition at x/c =  0.7961   65
 Side 2  free  transition at x/c =  0.0388   25

  66   rms: 0.8044E-02   max: -.1001E+00   D at   25  2
       a = -3.750      CL = -0.0177
      Cm = -0.0848     CD =  0.01083   =>   CDf =  0.00727    CDp =  0.00357

 Side 1  free  transition at x/c =  0.7961   65
 Side 2  free  transition at x/c =  0.0388   25

  67   rms: 0.8044E-02   max: -.1001E+00   D at   25  2
       a = -3.750      CL = -0.0177
      Cm = -0.0848     CD =  0.01083   =>   CDf =  0.00727    CDp =  0.00357

 Side 1  free  transition at x/c =  0.7961   65
 Side 2  free  transition at x/c =  0.0388   25

  68   rms: 0.8044E-02   max: -.1001E+00   D at   25  2
       a = -3.750      CL = -0.0177
      Cm = -0.0848     CD =  0.01083   =>   CDf =  0.00727    CDp =  0.00357

 Side 1  free  transition at x/c =  0.7961   65
 Side 2  free  transition at x/c =  0.0388   25

  69   rms: 0.8044E-02   max: -.1001E+00   D at   25  2
       a = -3.750      CL = -0.0177
      Cm = -0.0848     CD =  0.01083   =>   CDf =  0.00727    CDp =  0.00357

 Side 1  free  transition at x/c =  0.7961   65
 Side 2  free  transition at x/c =  0.0388   25

  70   rms: 0.8044E-02   max: -.1001E+00   D at   25  2
       a = -3.750      CL = -0.0177
      Cm = -0.0848     CD =  0.01083   =>   CDf =  0.00727    CDp =  0.00357

 Side 1  free  transition at x/c =  0.7961   65
 Side 2  free  transition at x/c =  0.0388   25

  71   rms: 0.8044E-02   max: -.1001E+00   D at   25  2
       a = -3.750      CL = -0.0177
      Cm = -0.0848     CD =  0.01083   =>   CDf =  0.00727    CDp =  0.00357

 Side 1  free  transition at x/c =  0.7961   65
 Side 2  free  transition at x/c =  0.0388   25

  72   rms: 0.8044E-02   max: -.1001E+00   D at   25  2
       a = -3.750      CL = -0.0177
      Cm = -0.0848     CD =  0.01083   =>   CDf =  0.00727    CDp =  0.00357

 Side 1  free  transition at x/c =  0.7961   65
 Side 2  free  transition at x/c =  0.0388   25

  73   rms: 0.8044E-02   max: -.1001E+00   D at   25  2
       a = -3.750      CL = -0.0177
      Cm = -0.0848     CD =  0.01083   =>   CDf =  0.00727    CDp =  0.00357

 Side 1  free  transition at x/c =  0.7961   65
 Side 2  free  transition at x/c =  0.0388   25

  74   rms: 0.8044E-02   max: -.1001E+00   D at   25  2
       a = -3.750      CL = -0.0177
      Cm = -0.0848     CD =  0.01083   =>   CDf =  0.00727    CDp =  0.00357

 Side 1  free  transition at x/c =  0.7961   65
 Side 2  free  transition at x/c =  0.0388   25

  75   rms: 0.8044E-02   max: -.1001E+00   D at   25  2
       a = -3.750      CL = -0.0177
      Cm = -0.0848     CD =  0.01083   =>   CDf =  0.00727    CDp =  0.00357

 Side 1  free  transition at x/c =  0.7961   65
 Side 2  free  transition at x/c =  0.0388   25

  76   rms: 0.8044E-02   max: -.1001E+00   D at   25  2
       a = -3.750      CL = -0.0177
      Cm = -0.0848     CD =  0.01083   =>   CDf =  0.00727    CDp =  0.00357

 Side 1  free  transition at x/c =  0.7961   65
 Side 2  free  transition at x/c =  0.0388   25

  77   rms: 0.8044E-02   max: -.1001E+00   D at   25  2
       a = -3.750      CL = -0.0177
      Cm = -0.0848     CD =  0.01083   =>   CDf =  0.00727    CDp =  0.00357

 Side 1  free  transition at x/c =  0.7961   65
 Side 2  free  transition at x/c =  0.0388   25

  78   rms: 0.8044E-02   max: -.1001E+00   D at   25  2
       a = -3.750      CL = -0.0177
      Cm = -0.0848     CD =  0.01083   =>   CDf =  0.00727    CDp =  0.00357

 Side 1  free  transition at x/c =  0.7961   65
 Side 2  free  transition at x/c =  0.0388   25

  79   rms: 0.8044E-02   max: -.1001E+00   D at   25  2
       a = -3.750      CL = -0.0177
      Cm = -0.0848     CD =  0.01083   =>   CDf =  0.00727    CDp =  0.00357

 Side 1  free  transition at x/c =  0.7961   65
 Side 2  free  transition at x/c =  0.0388   25

  80   rms: 0.8044E-02   max: -.1001E+00   D at   25  2
       a = -3.750      CL = -0.0177
      Cm = -0.0848     CD =  0.01083   =>   CDf =  0.00727    CDp =  0.00357

 Side 1  free  transition at x/c =  0.7961   65
 Side 2  free  transition at x/c =  0.0388   25

  81   rms: 0.8044E-02   max: -.1001E+00   D at   25  2
       a = -3.750      CL = -0.0177
      Cm = -0.0848     CD =  0.01083   =>   CDf =  0.00727    CDp =  0.00357

 Side 1  free  transition at x/c =  0.7961   65
 Side 2  free  transition at x/c =  0.0388   25

  82   rms: 0.8044E-02   max: -.1001E+00   D at   25  2
       a = -3.750      CL = -0.0177
      Cm = -0.0848     CD =  0.01083   =>   CDf =  0.00727    CDp =  0.00357

 Side 1  free  transition at x/c =  0.7961   65
 Side 2  free  transition at x/c =  0.0388   25

  83   rms: 0.8044E-02   max: -.1001E+00   D at   25  2
       a = -3.750      CL = -0.0177
      Cm = -0.0848     CD =  0.01083   =>   CDf =  0.00727    CDp =  0.00357

 Side 1  free  transition at x/c =  0.7961   65
 Side 2  free  transition at x/c =  0.0388   25

  84   rms: 0.8044E-02   max: -.1001E+00   D at   25  2
       a = -3.750      CL = -0.0177
      Cm = -0.0848     CD =  0.01083   =>   CDf =  0.00727    CDp =  0.00357

 Side 1  free  transition at x/c =  0.7961   65
 Side 2  free  transition at x/c =  0.0388   25

  85   rms: 0.8044E-02   max: -.1001E+00   D at   25  2
       a = -3.750      CL = -0.0177
      Cm = -0.0848     CD =  0.01083   =>   CDf =  0.00727    CDp =  0.00357

 Side 1  free  transition at x/c =  0.7961   65
 Side 2  free  transition at x/c =  0.0388   25

  86   rms: 0.8044E-02   max: -.1001E+00   D at   25  2
       a = -3.750      CL = -0.0177
      Cm = -0.0848     CD =  0.01083   =>   CDf =  0.00727    CDp =  0.00357

 Side 1  free  transition at x/c =  0.7961   65
 Side 2  free  transition at x/c =  0.0388   25

  87   rms: 0.8044E-02   max: -.1001E+00   D at   25  2
       a = -3.750      CL = -0.0177
      Cm = -0.0848     CD =  0.01083   =>   CDf =  0.00727    CDp =  0.00357

 Side 1  free  transition at x/c =  0.7961   65
 Side 2  free  transition at x/c =  0.0388   25

  88   rms: 0.8044E-02   max: -.1001E+00   D at   25  2
       a = -3.750      CL = -0.0177
      Cm = -0.0848     CD =  0.01083   =>   CDf =  0.00727    CDp =  0.00357

 Side 1  free  transition at x/c =  0.7961   65
 Side 2  free  transition at x/c =  0.0388   25

  89   rms: 0.8044E-02   max: -.1001E+00   D at   25  2
       a = -3.750      CL = -0.0177
      Cm = -0.0848     CD =  0.01083   =>   CDf =  0.00727    CDp =  0.00357

 Side 1  free  transition at x/c =  0.7961   65
 Side 2  free  transition at x/c =  0.0388   25

  90   rms: 0.8044E-02   max: -.1001E+00   D at   25  2
       a = -3.750      CL = -0.0177
      Cm = -0.0848     CD =  0.01083   =>   CDf =  0.00727    CDp =  0.00357

 Side 1  free  transition at x/c =  0.7961   65
 Side 2  free  transition at x/c =  0.0388   25

  91   rms: 0.8044E-02   max: -.1001E+00   D at   25  2
       a = -3.750      CL = -0.0177
      Cm = -0.0848     CD =  0.01083   =>   CDf =  0.00727    CDp =  0.00357

 Side 1  free  transition at x/c =  0.7961   65
 Side 2  free  transition at x/c =  0.0388   25

  92   rms: 0.8044E-02   max: -.1001E+00   D at   25  2
       a = -3.750      CL = -0.0177
      Cm = -0.0848     CD =  0.01083   =>   CDf =  0.00727    CDp =  0.00357

 Side 1  free  transition at x/c =  0.7961   65
 Side 2  free  transition at x/c =  0.0388   25

  93   rms: 0.8044E-02   max: -.1001E+00   D at   25  2
       a = -3.750      CL = -0.0177
      Cm = -0.0848     CD =  0.01083   =>   CDf =  0.00727    CDp =  0.00357

 Side 1  free  transition at x/c =  0.7961   65
 Side 2  free  transition at x/c =  0.0388   25

  94   rms: 0.8044E-02   max: -.1001E+00   D at   25  2
       a = -3.750      CL = -0.0177
      Cm = -0.0848     CD =  0.01083   =>   CDf =  0.00727    CDp =  0.00357

 Side 1  free  transition at x/c =  0.7961   65
 Side 2  free  transition at x/c =  0.0388   25

  95   rms: 0.8044E-02   max: -.1001E+00   D at   25  2
       a = -3.750      CL = -0.0177
      Cm = -0.0848     CD =  0.01083   =>   CDf =  0.00727    CDp =  0.00357

 Side 1  free  transition at x/c =  0.7961   65
 Side 2  free  transition at x/c =  0.0388   25

  96   rms: 0.8044E-02   max: -.1001E+00   D at   25  2
       a = -3.750      CL = -0.0177
      Cm = -0.0848     CD =  0.01083   =>   CDf =  0.00727    CDp =  0.00357

 Side 1  free  transition at x/c =  0.7961   65
 Side 2  free  transition at x/c =  0.0388   25

  97   rms: 0.8044E-02   max: -.1001E+00   D at   25  2
       a = -3.750      CL = -0.0177
      Cm = -0.0848     CD =  0.01083   =>   CDf =  0.00727    CDp =  0.00357

 Side 1  free  transition at x/c =  0.7961   65
 Side 2  free  transition at x/c =  0.0388   25

  98   rms: 0.8044E-02   max: -.1001E+00   D at   25  2
       a = -3.750      CL = -0.0177
      Cm = -0.0848     CD =  0.01083   =>   CDf =  0.00727    CDp =  0.00357

 Side 1  free  transition at x/c =  0.7961   65
 Side 2  free  transition at x/c =  0.0388   25

  99   rms: 0.8044E-02   max: -.1001E+00   D at   25  2
       a = -3.750      CL = -0.0177
      Cm = -0.0848     CD =  0.01083   =>   CDf =  0.00727    CDp =  0.00357

 Side 1  free  transition at x/c =  0.7961   65
 Side 2  free  transition at x/c =  0.0388   25

 100   rms: 0.8044E-02   max: -.1001E+00   D at   25  2
       a = -3.750      CL = -0.0177
      Cm = -0.0848     CD =  0.01083   =>   CDf =  0.00727    CDp =  0.00357

 Side 1  free  transition at x/c =  0.7961   65
 Side 2  free  transition at x/c =  0.0388   25

 101   rms: 0.8044E-02   max: -.1001E+00   D at   25  2
       a = -3.750      CL = -0.0177
      Cm = -0.0848     CD =  0.01083   =>   CDf =  0.00727    CDp =  0.00357

 Side 1  free  transition at x/c =  0.7961   65
 Side 2  free  transition at x/c =  0.0388   25

 102   rms: 0.8044E-02   max: -.1001E+00   D at   25  2
       a = -3.750      CL = -0.0177
      Cm = -0.0848     CD =  0.01083   =>   CDf =  0.00727    CDp =  0.00357

 Side 1  free  transition at x/c =  0.7961   65
 Side 2  free  transition at x/c =  0.0388   25

 103   rms: 0.8044E-02   max: -.1001E+00   D at   25  2
       a = -3.750      CL = -0.0177
      Cm = -0.0848     CD =  0.01083   =>   CDf =  0.00727    CDp =  0.00357

 Side 1  free  transition at x/c =  0.7961   65
 Side 2  free  transition at x/c =  0.0388   25

 104   rms: 0.8044E-02   max: -.1001E+00   D at   25  2
       a = -3.750      CL = -0.0177
      Cm = -0.0848     CD =  0.01083   =>   CDf =  0.00727    CDp =  0.00357

 Side 1  free  transition at x/c =  0.7961   65
 Side 2  free  transition at x/c =  0.0388   25

 105   rms: 0.8044E-02   max: -.1001E+00   D at   25  2
       a = -3.750      CL = -0.0177
      Cm = -0.0848     CD =  0.01083   =>   CDf =  0.00727    CDp =  0.00357

 Side 1  free  transition at x/c =  0.7961   65
 Side 2  free  transition at x/c =  0.0388   25

 106   rms: 0.8044E-02   max: -.1001E+00   D at   25  2
       a = -3.750      CL = -0.0177
      Cm = -0.0848     CD =  0.01083   =>   CDf =  0.00727    CDp =  0.00357

 Side 1  free  transition at x/c =  0.7961   65
 Side 2  free  transition at x/c =  0.0388   25

 107   rms: 0.8044E-02   max: -.1001E+00   D at   25  2
       a = -3.750      CL = -0.0177
      Cm = -0.0848     CD =  0.01083   =>   CDf =  0.00727    CDp =  0.00357

 Side 1  free  transition at x/c =  0.7961   65
 Side 2  free  transition at x/c =  0.0388   25

 108   rms: 0.8044E-02   max: -.1001E+00   D at   25  2
       a = -3.750      CL = -0.0177
      Cm = -0.0848     CD =  0.01083   =>   CDf =  0.00727    CDp =  0.00357

 Side 1  free  transition at x/c =  0.7961   65
 Side 2  free  transition at x/c =  0.0388   25

 109   rms: 0.8044E-02   max: -.1001E+00   D at   25  2
       a = -3.750      CL = -0.0177
      Cm = -0.0848     CD =  0.01083   =>   CDf =  0.00727    CDp =  0.00357

 Side 1  free  transition at x/c =  0.7961   65
 Side 2  free  transition at x/c =  0.0388   25

 110   rms: 0.8044E-02   max: -.1001E+00   D at   25  2
       a = -3.750      CL = -0.0177
      Cm = -0.0848     CD =  0.01083   =>   CDf =  0.00727    CDp =  0.00357

 Side 1  free  transition at x/c =  0.7961   65
 Side 2  free  transition at x/c =  0.0388   25

 111   rms: 0.8044E-02   max: -.1001E+00   D at   25  2
       a = -3.750      CL = -0.0177
      Cm = -0.0848     CD =  0.01083   =>   CDf =  0.00727    CDp =  0.00357

 Side 1  free  transition at x/c =  0.7961   65
 Side 2  free  transition at x/c =  0.0388   25

 112   rms: 0.8044E-02   max: -.1001E+00   D at   25  2
       a = -3.750      CL = -0.0177
      Cm = -0.0848     CD =  0.01083   =>   CDf =  0.00727    CDp =  0.00357

 Side 1  free  transition at x/c =  0.7961   65
 Side 2  free  transition at x/c =  0.0388   25

 113   rms: 0.8044E-02   max: -.1001E+00   D at   25  2
       a = -3.750      CL = -0.0177
      Cm = -0.0848     CD =  0.01083   =>   CDf =  0.00727    CDp =  0.00357

 Side 1  free  transition at x/c =  0.7961   65
 Side 2  free  transition at x/c =  0.0388   25

 114   rms: 0.8044E-02   max: -.1001E+00   D at   25  2
       a = -3.750      CL = -0.0177
      Cm = -0.0848     CD =  0.01083   =>   CDf =  0.00727    CDp =  0.00357

 Side 1  free  transition at x/c =  0.7961   65
 Side 2  free  transition at x/c =  0.0388   25

 115   rms: 0.8044E-02   max: -.1001E+00   D at   25  2
       a = -3.750      CL = -0.0177
      Cm = -0.0848     CD =  0.01083   =>   CDf =  0.00727    CDp =  0.00357

 Side 1  free  transition at x/c =  0.7961   65
 Side 2  free  transition at x/c =  0.0388   25

 116   rms: 0.8044E-02   max: -.1001E+00   D at   25  2
       a = -3.750      CL = -0.0177
      Cm = -0.0848     CD =  0.01083   =>   CDf =  0.00727    CDp =  0.00357

 Side 1  free  transition at x/c =  0.7961   65
 Side 2  free  transition at x/c =  0.0388   25

 117   rms: 0.8044E-02   max: -.1001E+00   D at   25  2
       a = -3.750      CL = -0.0177
      Cm = -0.0848     CD =  0.01083   =>   CDf =  0.00727    CDp =  0.00357

 Side 1  free  transition at x/c =  0.7961   65
 Side 2  free  transition at x/c =  0.0388   25

 118   rms: 0.8044E-02   max: -.1001E+00   D at   25  2
       a = -3.750      CL = -0.0177
      Cm = -0.0848     CD =  0.01083   =>   CDf =  0.00727    CDp =  0.00357

 Side 1  free  transition at x/c =  0.7961   65
 Side 2  free  transition at x/c =  0.0388   25

 119   rms: 0.8044E-02   max: -.1001E+00   D at   25  2
       a = -3.750      CL = -0.0177
      Cm = -0.0848     CD =  0.01083   =>   CDf =  0.00727    CDp =  0.00357

 Side 1  free  transition at x/c =  0.7961   65
 Side 2  free  transition at x/c =  0.0388   25

 120   rms: 0.8044E-02   max: -.1001E+00   D at   25  2
       a = -3.750      CL = -0.0177
      Cm = -0.0848     CD =  0.01083   =>   CDf =  0.00727    CDp =  0.00357

 Side 1  free  transition at x/c =  0.7961   65
 Side 2  free  transition at x/c =  0.0388   25

 121   rms: 0.8044E-02   max: -.1001E+00   D at   25  2
       a = -3.750      CL = -0.0177
      Cm = -0.0848     CD =  0.01083   =>   CDf =  0.00727    CDp =  0.00357

 Side 1  free  transition at x/c =  0.7961   65
 Side 2  free  transition at x/c =  0.0388   25

 122   rms: 0.8044E-02   max: -.1001E+00   D at   25  2
       a = -3.750      CL = -0.0177
      Cm = -0.0848     CD =  0.01083   =>   CDf =  0.00727    CDp =  0.00357

 Side 1  free  transition at x/c =  0.7961   65
 Side 2  free  transition at x/c =  0.0388   25

 123   rms: 0.8044E-02   max: -.1001E+00   D at   25  2
       a = -3.750      CL = -0.0177
      Cm = -0.0848     CD =  0.01083   =>   CDf =  0.00727    CDp =  0.00357

 Side 1  free  transition at x/c =  0.7961   65
 Side 2  free  transition at x/c =  0.0388   25

 124   rms: 0.8044E-02   max: -.1001E+00   D at   25  2
       a = -3.750      CL = -0.0177
      Cm = -0.0848     CD =  0.01083   =>   CDf =  0.00727    CDp =  0.00357

 Side 1  free  transition at x/c =  0.7961   65
 Side 2  free  transition at x/c =  0.0388   25

 125   rms: 0.8044E-02   max: -.1001E+00   D at   25  2
       a = -3.750      CL = -0.0177
      Cm = -0.0848     CD =  0.01083   =>   CDf =  0.00727    CDp =  0.00357

 Side 1  free  transition at x/c =  0.7961   65
 Side 2  free  transition at x/c =  0.0388   25

 126   rms: 0.8044E-02   max: -.1001E+00   D at   25  2
       a = -3.750      CL = -0.0177
      Cm = -0.0848     CD =  0.01083   =>   CDf =  0.00727    CDp =  0.00357

 Side 1  free  transition at x/c =  0.7961   65
 Side 2  free  transition at x/c =  0.0388   25

 127   rms: 0.8044E-02   max: -.1001E+00   D at   25  2
       a = -3.750      CL = -0.0177
      Cm = -0.0848     CD =  0.01083   =>   CDf =  0.00727    CDp =  0.00357

 Side 1  free  transition at x/c =  0.7961   65
 Side 2  free  transition at x/c =  0.0388   25

 128   rms: 0.8044E-02   max: -.1001E+00   D at   25  2
       a = -3.750      CL = -0.0177
      Cm = -0.0848     CD =  0.01083   =>   CDf =  0.00727    CDp =  0.00357

 Side 1  free  transition at x/c =  0.7961   65
 Side 2  free  transition at x/c =  0.0388   25

 129   rms: 0.8044E-02   max: -.1001E+00   D at   25  2
       a = -3.750      CL = -0.0177
      Cm = -0.0848     CD =  0.01083   =>   CDf =  0.00727    CDp =  0.00357

 Side 1  free  transition at x/c =  0.7961   65
 Side 2  free  transition at x/c =  0.0388   25

 130   rms: 0.8044E-02   max: -.1001E+00   D at   25  2
       a = -3.750      CL = -0.0177
      Cm = -0.0848     CD =  0.01083   =>   CDf =  0.00727    CDp =  0.00357

 Side 1  free  transition at x/c =  0.7961   65
 Side 2  free  transition at x/c =  0.0388   25

 131   rms: 0.8044E-02   max: -.1001E+00   D at   25  2
       a = -3.750      CL = -0.0177
      Cm = -0.0848     CD =  0.01083   =>   CDf =  0.00727    CDp =  0.00357

 Side 1  free  transition at x/c =  0.7961   65
 Side 2  free  transition at x/c =  0.0388   25

 132   rms: 0.8044E-02   max: -.1001E+00   D at   25  2
       a = -3.750      CL = -0.0177
      Cm = -0.0848     CD =  0.01083   =>   CDf =  0.00727    CDp =  0.00357

 Side 1  free  transition at x/c =  0.7961   65
 Side 2  free  transition at x/c =  0.0388   25

 133   rms: 0.8044E-02   max: -.1001E+00   D at   25  2
       a = -3.750      CL = -0.0177
      Cm = -0.0848     CD =  0.01083   =>   CDf =  0.00727    CDp =  0.00357

 Side 1  free  transition at x/c =  0.7961   65
 Side 2  free  transition at x/c =  0.0388   25

 134   rms: 0.8044E-02   max: -.1001E+00   D at   25  2
       a = -3.750      CL = -0.0177
      Cm = -0.0848     CD =  0.01083   =>   CDf =  0.00727    CDp =  0.00357

 Side 1  free  transition at x/c =  0.7961   65
 Side 2  free  transition at x/c =  0.0388   25

 135   rms: 0.8044E-02   max: -.1001E+00   D at   25  2
       a = -3.750      CL = -0.0177
      Cm = -0.0848     CD =  0.01083   =>   CDf =  0.00727    CDp =  0.00357

 Side 1  free  transition at x/c =  0.7961   65
 Side 2  free  transition at x/c =  0.0388   25

 136   rms: 0.8044E-02   max: -.1001E+00   D at   25  2
       a = -3.750      CL = -0.0177
      Cm = -0.0848     CD =  0.01083   =>   CDf =  0.00727    CDp =  0.00357

 Side 1  free  transition at x/c =  0.7961   65
 Side 2  free  transition at x/c =  0.0388   25

 137   rms: 0.8044E-02   max: -.1001E+00   D at   25  2
       a = -3.750      CL = -0.0177
      Cm = -0.0848     CD =  0.01083   =>   CDf =  0.00727    CDp =  0.00357

 Side 1  free  transition at x/c =  0.7961   65
 Side 2  free  transition at x/c =  0.0388   25

 138   rms: 0.8044E-02   max: -.1001E+00   D at   25  2
       a = -3.750      CL = -0.0177
      Cm = -0.0848     CD =  0.01083   =>   CDf =  0.00727    CDp =  0.00357

 Side 1  free  transition at x/c =  0.7961   65
 Side 2  free  transition at x/c =  0.0388   25

 139   rms: 0.8044E-02   max: -.1001E+00   D at   25  2
       a = -3.750      CL = -0.0177
      Cm = -0.0848     CD =  0.01083   =>   CDf =  0.00727    CDp =  0.00357

 Side 1  free  transition at x/c =  0.7961   65
 Side 2  free  transition at x/c =  0.0388   25

 140   rms: 0.8044E-02   max: -.1001E+00   D at   25  2
       a = -3.750      CL = -0.0177
      Cm = -0.0848     CD =  0.01083   =>   CDf =  0.00727    CDp =  0.00357

 Side 1  free  transition at x/c =  0.7961   65
 Side 2  free  transition at x/c =  0.0388   25

 141   rms: 0.8044E-02   max: -.1001E+00   D at   25  2
       a = -3.750      CL = -0.0177
      Cm = -0.0848     CD =  0.01083   =>   CDf =  0.00727    CDp =  0.00357

 Side 1  free  transition at x/c =  0.7961   65
 Side 2  free  transition at x/c =  0.0388   25

 142   rms: 0.8044E-02   max: -.1001E+00   D at   25  2
       a = -3.750      CL = -0.0177
      Cm = -0.0848     CD =  0.01083   =>   CDf =  0.00727    CDp =  0.00357

 Side 1  free  transition at x/c =  0.7961   65
 Side 2  free  transition at x/c =  0.0388   25

 143   rms: 0.8044E-02   max: -.1001E+00   D at   25  2
       a = -3.750      CL = -0.0177
      Cm = -0.0848     CD =  0.01083   =>   CDf =  0.00727    CDp =  0.00357

 Side 1  free  transition at x/c =  0.7961   65
 Side 2  free  transition at x/c =  0.0388   25

 144   rms: 0.8044E-02   max: -.1001E+00   D at   25  2
       a = -3.750      CL = -0.0177
      Cm = -0.0848     CD =  0.01083   =>   CDf =  0.00727    CDp =  0.00357

 Side 1  free  transition at x/c =  0.7961   65
 Side 2  free  transition at x/c =  0.0388   25

 145   rms: 0.8044E-02   max: -.1001E+00   D at   25  2
       a = -3.750      CL = -0.0177
      Cm = -0.0848     CD =  0.01083   =>   CDf =  0.00727    CDp =  0.00357

 Side 1  free  transition at x/c =  0.7961   65
 Side 2  free  transition at x/c =  0.0388   25

 146   rms: 0.8044E-02   max: -.1001E+00   D at   25  2
       a = -3.750      CL = -0.0177
      Cm = -0.0848     CD =  0.01083   =>   CDf =  0.00727    CDp =  0.00357

 Side 1  free  transition at x/c =  0.7961   65
 Side 2  free  transition at x/c =  0.0388   25

 147   rms: 0.8044E-02   max: -.1001E+00   D at   25  2
       a = -3.750      CL = -0.0177
      Cm = -0.0848     CD =  0.01083   =>   CDf =  0.00727    CDp =  0.00357

 Side 1  free  transition at x/c =  0.7961   65
 Side 2  free  transition at x/c =  0.0388   25

 148   rms: 0.8044E-02   max: -.1001E+00   D at   25  2
       a = -3.750      CL = -0.0177
      Cm = -0.0848     CD =  0.01083   =>   CDf =  0.00727    CDp =  0.00357

 Side 1  free  transition at x/c =  0.7961   65
 Side 2  free  transition at x/c =  0.0388   25

 149   rms: 0.8044E-02   max: -.1001E+00   D at   25  2
       a = -3.750      CL = -0.0177
      Cm = -0.0848     CD =  0.01083   =>   CDf =  0.00727    CDp =  0.00357

 Side 1  free  transition at x/c =  0.7961   65
 Side 2  free  transition at x/c =  0.0388   25

 150   rms: 0.8044E-02   max: -.1001E+00   D at   25  2
       a = -3.750      CL = -0.0177
      Cm = -0.0848     CD =  0.01083   =>   CDf =  0.00727    CDp =  0.00357

 Side 1  free  transition at x/c =  0.7961   65
 Side 2  free  transition at x/c =  0.0388   25

 151   rms: 0.8044E-02   max: -.1001E+00   D at   25  2
       a = -3.750      CL = -0.0177
      Cm = -0.0848     CD =  0.01083   =>   CDf =  0.00727    CDp =  0.00357

 Side 1  free  transition at x/c =  0.7961   65
 Side 2  free  transition at x/c =  0.0388   25

 152   rms: 0.8044E-02   max: -.1001E+00   D at   25  2
       a = -3.750      CL = -0.0177
      Cm = -0.0848     CD =  0.01083   =>   CDf =  0.00727    CDp =  0.00357

 Side 1  free  transition at x/c =  0.7961   65
 Side 2  free  transition at x/c =  0.0388   25

 153   rms: 0.8044E-02   max: -.1001E+00   D at   25  2
       a = -3.750      CL = -0.0177
      Cm = -0.0848     CD =  0.01083   =>   CDf =  0.00727    CDp =  0.00357

 Side 1  free  transition at x/c =  0.7961   65
 Side 2  free  transition at x/c =  0.0388   25

 154   rms: 0.8044E-02   max: -.1001E+00   D at   25  2
       a = -3.750      CL = -0.0177
      Cm = -0.0848     CD =  0.01083   =>   CDf =  0.00727    CDp =  0.00357

 Side 1  free  transition at x/c =  0.7961   65
 Side 2  free  transition at x/c =  0.0388   25

 155   rms: 0.8044E-02   max: -.1001E+00   D at   25  2
       a = -3.750      CL = -0.0177
      Cm = -0.0848     CD =  0.01083   =>   CDf =  0.00727    CDp =  0.00357

 Side 1  free  transition at x/c =  0.7961   65
 Side 2  free  transition at x/c =  0.0388   25

 156   rms: 0.8044E-02   max: -.1001E+00   D at   25  2
       a = -3.750      CL = -0.0177
      Cm = -0.0848     CD =  0.01083   =>   CDf =  0.00727    CDp =  0.00357

 Side 1  free  transition at x/c =  0.7961   65
 Side 2  free  transition at x/c =  0.0388   25

 157   rms: 0.8044E-02   max: -.1001E+00   D at   25  2
       a = -3.750      CL = -0.0177
      Cm = -0.0848     CD =  0.01083   =>   CDf =  0.00727    CDp =  0.00357

 Side 1  free  transition at x/c =  0.7961   65
 Side 2  free  transition at x/c =  0.0388   25

 158   rms: 0.8044E-02   max: -.1001E+00   D at   25  2
       a = -3.750      CL = -0.0177
      Cm = -0.0848     CD =  0.01083   =>   CDf =  0.00727    CDp =  0.00357

 Side 1  free  transition at x/c =  0.7961   65
 Side 2  free  transition at x/c =  0.0388   25

 159   rms: 0.8044E-02   max: -.1001E+00   D at   25  2
       a = -3.750      CL = -0.0177
      Cm = -0.0848     CD =  0.01083   =>   CDf =  0.00727    CDp =  0.00357

 Side 1  free  transition at x/c =  0.7961   65
 Side 2  free  transition at x/c =  0.0388   25

 160   rms: 0.8044E-02   max: -.1001E+00   D at   25  2
       a = -3.750      CL = -0.0177
      Cm = -0.0848     CD =  0.01083   =>   CDf =  0.00727    CDp =  0.00357

 Side 1  free  transition at x/c =  0.7961   65
 Side 2  free  transition at x/c =  0.0388   25

 161   rms: 0.8044E-02   max: -.1001E+00   D at   25  2
       a = -3.750      CL = -0.0177
      Cm = -0.0848     CD =  0.01083   =>   CDf =  0.00727    CDp =  0.00357

 Side 1  free  transition at x/c =  0.7961   65
 Side 2  free  transition at x/c =  0.0388   25

 162   rms: 0.8044E-02   max: -.1001E+00   D at   25  2
       a = -3.750      CL = -0.0177
      Cm = -0.0848     CD =  0.01083   =>   CDf =  0.00727    CDp =  0.00357

 Side 1  free  transition at x/c =  0.7961   65
 Side 2  free  transition at x/c =  0.0388   25

 163   rms: 0.8044E-02   max: -.1001E+00   D at   25  2
       a = -3.750      CL = -0.0177
      Cm = -0.0848     CD =  0.01083   =>   CDf =  0.00727    CDp =  0.00357

 Side 1  free  transition at x/c =  0.7961   65
 Side 2  free  transition at x/c =  0.0388   25

 164   rms: 0.8044E-02   max: -.1001E+00   D at   25  2
       a = -3.750      CL = -0.0177
      Cm = -0.0848     CD =  0.01083   =>   CDf =  0.00727    CDp =  0.00357

 Side 1  free  transition at x/c =  0.7961   65
 Side 2  free  transition at x/c =  0.0388   25

 165   rms: 0.8044E-02   max: -.1001E+00   D at   25  2
       a = -3.750      CL = -0.0177
      Cm = -0.0848     CD =  0.01083   =>   CDf =  0.00727    CDp =  0.00357

 Side 1  free  transition at x/c =  0.7961   65
 Side 2  free  transition at x/c =  0.0388   25

 166   rms: 0.8044E-02   max: -.1001E+00   D at   25  2
       a = -3.750      CL = -0.0177
      Cm = -0.0848     CD =  0.01083   =>   CDf =  0.00727    CDp =  0.00357

 Side 1  free  transition at x/c =  0.7961   65
 Side 2  free  transition at x/c =  0.0388   25

 167   rms: 0.8044E-02   max: -.1001E+00   D at   25  2
       a = -3.750      CL = -0.0177
      Cm = -0.0848     CD =  0.01083   =>   CDf =  0.00727    CDp =  0.00357

 Side 1  free  transition at x/c =  0.7961   65
 Side 2  free  transition at x/c =  0.0388   25

 168   rms: 0.8044E-02   max: -.1001E+00   D at   25  2
       a = -3.750      CL = -0.0177
      Cm = -0.0848     CD =  0.01083   =>   CDf =  0.00727    CDp =  0.00357

 Side 1  free  transition at x/c =  0.7961   65
 Side 2  free  transition at x/c =  0.0388   25

 169   rms: 0.8044E-02   max: -.1001E+00   D at   25  2
       a = -3.750      CL = -0.0177
      Cm = -0.0848     CD =  0.01083   =>   CDf =  0.00727    CDp =  0.00357

 Side 1  free  transition at x/c =  0.7961   65
 Side 2  free  transition at x/c =  0.0388   25

 170   rms: 0.8044E-02   max: -.1001E+00   D at   25  2
       a = -3.750      CL = -0.0177
      Cm = -0.0848     CD =  0.01083   =>   CDf =  0.00727    CDp =  0.00357

 Side 1  free  transition at x/c =  0.7961   65
 Side 2  free  transition at x/c =  0.0388   25

 171   rms: 0.8044E-02   max: -.1001E+00   D at   25  2
       a = -3.750      CL = -0.0177
      Cm = -0.0848     CD =  0.01083   =>   CDf =  0.00727    CDp =  0.00357

 Side 1  free  transition at x/c =  0.7961   65
 Side 2  free  transition at x/c =  0.0388   25

 172   rms: 0.8044E-02   max: -.1001E+00   D at   25  2
       a = -3.750      CL = -0.0177
      Cm = -0.0848     CD =  0.01083   =>   CDf =  0.00727    CDp =  0.00357

 Side 1  free  transition at x/c =  0.7961   65
 Side 2  free  transition at x/c =  0.0388   25

 173   rms: 0.8044E-02   max: -.1001E+00   D at   25  2
       a = -3.750      CL = -0.0177
      Cm = -0.0848     CD =  0.01083   =>   CDf =  0.00727    CDp =  0.00357

 Side 1  free  transition at x/c =  0.7961   65
 Side 2  free  transition at x/c =  0.0388   25

 174   rms: 0.8044E-02   max: -.1001E+00   D at   25  2
       a = -3.750      CL = -0.0177
      Cm = -0.0848     CD =  0.01083   =>   CDf =  0.00727    CDp =  0.00357

 Side 1  free  transition at x/c =  0.7961   65
 Side 2  free  transition at x/c =  0.0388   25

 175   rms: 0.8044E-02   max: -.1001E+00   D at   25  2
       a = -3.750      CL = -0.0177
      Cm = -0.0848     CD =  0.01083   =>   CDf =  0.00727    CDp =  0.00357

 Side 1  free  transition at x/c =  0.7961   65
 Side 2  free  transition at x/c =  0.0388   25

 176   rms: 0.8044E-02   max: -.1001E+00   D at   25  2
       a = -3.750      CL = -0.0177
      Cm = -0.0848     CD =  0.01083   =>   CDf =  0.00727    CDp =  0.00357

 Side 1  free  transition at x/c =  0.7961   65
 Side 2  free  transition at x/c =  0.0388   25

 177   rms: 0.8044E-02   max: -.1001E+00   D at   25  2
       a = -3.750      CL = -0.0177
      Cm = -0.0848     CD =  0.01083   =>   CDf =  0.00727    CDp =  0.00357

 Side 1  free  transition at x/c =  0.7961   65
 Side 2  free  transition at x/c =  0.0388   25

 178   rms: 0.8044E-02   max: -.1001E+00   D at   25  2
       a = -3.750      CL = -0.0177
      Cm = -0.0848     CD =  0.01083   =>   CDf =  0.00727    CDp =  0.00357

 Side 1  free  transition at x/c =  0.7961   65
 Side 2  free  transition at x/c =  0.0388   25

 179   rms: 0.8044E-02   max: -.1001E+00   D at   25  2
       a = -3.750      CL = -0.0177
      Cm = -0.0848     CD =  0.01083   =>   CDf =  0.00727    CDp =  0.00357

 Side 1  free  transition at x/c =  0.7961   65
 Side 2  free  transition at x/c =  0.0388   25

 180   rms: 0.8044E-02   max: -.1001E+00   D at   25  2
       a = -3.750      CL = -0.0177
      Cm = -0.0848     CD =  0.01083   =>   CDf =  0.00727    CDp =  0.00357

 Side 1  free  transition at x/c =  0.7961   65
 Side 2  free  transition at x/c =  0.0388   25

 181   rms: 0.8044E-02   max: -.1001E+00   D at   25  2
       a = -3.750      CL = -0.0177
      Cm = -0.0848     CD =  0.01083   =>   CDf =  0.00727    CDp =  0.00357

 Side 1  free  transition at x/c =  0.7961   65
 Side 2  free  transition at x/c =  0.0388   25

 182   rms: 0.8044E-02   max: -.1001E+00   D at   25  2
       a = -3.750      CL = -0.0177
      Cm = -0.0848     CD =  0.01083   =>   CDf =  0.00727    CDp =  0.00357

 Side 1  free  transition at x/c =  0.7961   65
 Side 2  free  transition at x/c =  0.0388   25

 183   rms: 0.8044E-02   max: -.1001E+00   D at   25  2
       a = -3.750      CL = -0.0177
      Cm = -0.0848     CD =  0.01083   =>   CDf =  0.00727    CDp =  0.00357

 Side 1  free  transition at x/c =  0.7961   65
 Side 2  free  transition at x/c =  0.0388   25

 184   rms: 0.8044E-02   max: -.1001E+00   D at   25  2
       a = -3.750      CL = -0.0177
      Cm = -0.0848     CD =  0.01083   =>   CDf =  0.00727    CDp =  0.00357

 Side 1  free  transition at x/c =  0.7961   65
 Side 2  free  transition at x/c =  0.0388   25

 185   rms: 0.8044E-02   max: -.1001E+00   D at   25  2
       a = -3.750      CL = -0.0177
      Cm = -0.0848     CD =  0.01083   =>   CDf =  0.00727    CDp =  0.00357

 Side 1  free  transition at x/c =  0.7961   65
 Side 2  free  transition at x/c =  0.0388   25

 186   rms: 0.8044E-02   max: -.1001E+00   D at   25  2
       a = -3.750      CL = -0.0177
      Cm = -0.0848     CD =  0.01083   =>   CDf =  0.00727    CDp =  0.00357

 Side 1  free  transition at x/c =  0.7961   65
 Side 2  free  transition at x/c =  0.0388   25

 187   rms: 0.8044E-02   max: -.1001E+00   D at   25  2
       a = -3.750      CL = -0.0177
      Cm = -0.0848     CD =  0.01083   =>   CDf =  0.00727    CDp =  0.00357

 Side 1  free  transition at x/c =  0.7961   65
 Side 2  free  transition at x/c =  0.0388   25

 188   rms: 0.8044E-02   max: -.1001E+00   D at   25  2
       a = -3.750      CL = -0.0177
      Cm = -0.0848     CD =  0.01083   =>   CDf =  0.00727    CDp =  0.00357

 Side 1  free  transition at x/c =  0.7961   65
 Side 2  free  transition at x/c =  0.0388   25

 189   rms: 0.8044E-02   max: -.1001E+00   D at   25  2
       a = -3.750      CL = -0.0177
      Cm = -0.0848     CD =  0.01083   =>   CDf =  0.00727    CDp =  0.00357

 Side 1  free  transition at x/c =  0.7961   65
 Side 2  free  transition at x/c =  0.0388   25

 190   rms: 0.8044E-02   max: -.1001E+00   D at   25  2
       a = -3.750      CL = -0.0177
      Cm = -0.0848     CD =  0.01083   =>   CDf =  0.00727    CDp =  0.00357

 Side 1  free  transition at x/c =  0.7961   65
 Side 2  free  transition at x/c =  0.0388   25

 191   rms: 0.8044E-02   max: -.1001E+00   D at   25  2
       a = -3.750      CL = -0.0177
      Cm = -0.0848     CD =  0.01083   =>   CDf =  0.00727    CDp =  0.00357

 Side 1  free  transition at x/c =  0.7961   65
 Side 2  free  transition at x/c =  0.0388   25

 192   rms: 0.8044E-02   max: -.1001E+00   D at   25  2
       a = -3.750      CL = -0.0177
      Cm = -0.0848     CD =  0.01083   =>   CDf =  0.00727    CDp =  0.00357

 Side 1  free  transition at x/c =  0.7961   65
 Side 2  free  transition at x/c =  0.0388   25

 193   rms: 0.8044E-02   max: -.1001E+00   D at   25  2
       a = -3.750      CL = -0.0177
      Cm = -0.0848     CD =  0.01083   =>   CDf =  0.00727    CDp =  0.00357

 Side 1  free  transition at x/c =  0.7961   65
 Side 2  free  transition at x/c =  0.0388   25

 194   rms: 0.8044E-02   max: -.1001E+00   D at   25  2
       a = -3.750      CL = -0.0177
      Cm = -0.0848     CD =  0.01083   =>   CDf =  0.00727    CDp =  0.00357

 Side 1  free  transition at x/c =  0.7961   65
 Side 2  free  transition at x/c =  0.0388   25

 195   rms: 0.8044E-02   max: -.1001E+00   D at   25  2
       a = -3.750      CL = -0.0177
      Cm = -0.0848     CD =  0.01083   =>   CDf =  0.00727    CDp =  0.00357

 Side 1  free  transition at x/c =  0.7961   65
 Side 2  free  transition at x/c =  0.0388   25

 196   rms: 0.8044E-02   max: -.1001E+00   D at   25  2
       a = -3.750      CL = -0.0177
      Cm = -0.0848     CD =  0.01083   =>   CDf =  0.00727    CDp =  0.00357

 Side 1  free  transition at x/c =  0.7961   65
 Side 2  free  transition at x/c =  0.0388   25

 197   rms: 0.8044E-02   max: -.1001E+00   D at   25  2
       a = -3.750      CL = -0.0177
      Cm = -0.0848     CD =  0.01083   =>   CDf =  0.00727    CDp =  0.00357

 Side 1  free  transition at x/c =  0.7961   65
 Side 2  free  transition at x/c =  0.0388   25

 198   rms: 0.8044E-02   max: -.1001E+00   D at   25  2
       a = -3.750      CL = -0.0177
      Cm = -0.0848     CD =  0.01083   =>   CDf =  0.00727    CDp =  0.00357

 Side 1  free  transition at x/c =  0.7961   65
 Side 2  free  transition at x/c =  0.0388   25

 199   rms: 0.8044E-02   max: -.1001E+00   D at   25  2
       a = -3.750      CL = -0.0177
      Cm = -0.0848     CD =  0.01083   =>   CDf =  0.00727    CDp =  0.00357

 Side 1  free  transition at x/c =  0.7961   65
 Side 2  free  transition at x/c =  0.0388   25

 200   rms: 0.8044E-02   max: -.1001E+00   D at   25  2
       a = -3.750      CL = -0.0177
      Cm = -0.0848     CD =  0.01083   =>   CDf =  0.00727    CDp =  0.00357

 Side 1  free  transition at x/c =  0.7961   65
 Side 2  free  transition at x/c =  0.0388   25

 201   rms: 0.8044E-02   max: -.1001E+00   D at   25  2
       a = -3.750      CL = -0.0177
      Cm = -0.0848     CD =  0.01083   =>   CDf =  0.00727    CDp =  0.00357

 Side 1  free  transition at x/c =  0.7961   65
 Side 2  free  transition at x/c =  0.0388   25

 202   rms: 0.8044E-02   max: -.1001E+00   D at   25  2
       a = -3.750      CL = -0.0177
      Cm = -0.0848     CD =  0.01083   =>   CDf =  0.00727    CDp =  0.00357

 Side 1  free  transition at x/c =  0.7961   65
 Side 2  free  transition at x/c =  0.0388   25

 203   rms: 0.8044E-02   max: -.1001E+00   D at   25  2
       a = -3.750      CL = -0.0177
      Cm = -0.0848     CD =  0.01083   =>   CDf =  0.00727    CDp =  0.00357

 Side 1  free  transition at x/c =  0.7961   65
 Side 2  free  transition at x/c =  0.0388   25

 204   rms: 0.8044E-02   max: -.1001E+00   D at   25  2
       a = -3.750      CL = -0.0177
      Cm = -0.0848     CD =  0.01083   =>   CDf =  0.00727    CDp =  0.00357

 Side 1  free  transition at x/c =  0.7961   65
 Side 2  free  transition at x/c =  0.0388   25

 205   rms: 0.8044E-02   max: -.1001E+00   D at   25  2
       a = -3.750      CL = -0.0177
      Cm = -0.0848     CD =  0.01083   =>   CDf =  0.00727    CDp =  0.00357
 VISCAL:  Convergence failed
      5.000    3.6740   0.010832   0.000000   0.000000   0.000000    0.7961     #
 Calculating wake trajectory ...
 Calculating source influence matrix ...

 Solving BL system ...

 Side 1  free  transition at x/c =  0.7961   65
 Side 2  free  transition at x/c =  0.0388   25

   1   rms: 0.4517E-01   max: -.1299E+00   D at   25  2
       a = -3.500      CL =  0.0092
      Cm = -0.0845     CD =  0.01064   =>   CDf =  0.00727    CDp =  0.00338

 Side 1  free  transition at x/c =  0.7828   65
 Side 2  free  transition at x/c =  0.0402   26

   2   rms: 0.7745E-02   max: 0.1535E+00   D at   26  2
       a = -3.500      CL =  0.0089
      Cm = -0.0845     CD =  0.01061   =>   CDf =  0.00733    CDp =  0.00328

 Side 1  free  transition at x/c =  0.7847   65
 Side 2  free  transition at x/c =  0.0401   26

   3   rms: 0.9234E-03   max: 0.1416E-01   D at   26  2
       a = -3.500      CL =  0.0089
      Cm = -0.0845     CD =  0.01061   =>   CDf =  0.00730    CDp =  0.00331

 Side 1  free  transition at x/c =  0.7846   65
 Side 2  free  transition at x/c =  0.0401   26

   4   rms: 0.5826E-05   max: 0.7409E-04   D at   26  2
       a = -3.500      CL =  0.0089
      Cm = -0.0845     CD =  0.01061   =>   CDf =  0.00730    CDp =  0.00331
      5.000    3.6416   0.010609   0.000000   0.000000   0.000000    0.7846     #

 Point added to stored polar  1
 Point written to save file  clarky_re430000_realistic_model.polar           
 Dump file unspecified or not available
 Calculating wake trajectory ...
 Calculating source influence matrix ...

 Solving BL system ...

 Side 1  free  transition at x/c =  0.7846   65
 Side 2  free  transition at x/c =  0.0401   26

   1   rms: 0.4497E-01   max: -.1381E+00   T at   26  2
       a = -3.250      CL =  0.0356
      Cm = -0.0841     CD =  0.01043   =>   CDf =  0.00730    CDp =  0.00314

 Side 1  free  transition at x/c =  0.7751   64
 Side 2  free  transition at x/c =  0.0415   26

   2   rms: 0.3740E-02   max: -.4646E-01   D at   26  2
       a = -3.250      CL =  0.0359
      Cm = -0.0842     CD =  0.01043   =>   CDf =  0.00734    CDp =  0.00309

 Side 1  free  transition at x/c =  0.7742   64
 Side 2  free  transition at x/c =  0.0417   26

   3   rms: 0.6979E-04   max: 0.8673E-03   C at   26  2
       a = -3.250      CL =  0.0359
      Cm = -0.0842     CD =  0.01044   =>   CDf =  0.00734    CDp =  0.00309
      5.000    3.6250   0.010435   0.000000   0.000000   0.000000    0.7742     #

 Point added to stored polar  1
 Point written to save file  clarky_re430000_realistic_model.polar           
 Dump file unspecified or not available
 Calculating wake trajectory ...
 Calculating source influence matrix ...

 Solving BL system ...

 Side 1  free  transition at x/c =  0.7742   64
 Side 2  free  transition at x/c =  0.0416   26

   1   rms: 0.4362E-01   max: -.1127E+00   T at   26  2
       a = -3.000      CL =  0.0629
      Cm = -0.0840     CD =  0.01027   =>   CDf =  0.00743    CDp =  0.00284

 Side 1  free  transition at x/c =  0.7640   65
 Side 2  free  transition at x/c =  0.0432   26

   2   rms: 0.1100E-01   max: -.1248E+00   D at   25  2
       a = -3.000      CL =  0.0629
      Cm = -0.0839     CD =  0.01027   =>   CDf =  0.00742    CDp =  0.00285

 Side 1  free  transition at x/c =  0.7646   65
 Side 2  free  transition at x/c =  0.0437   26

   3   rms: 0.1595E-02   max: 0.1971E-01   C at   26  2
       a = -3.000      CL =  0.0630
      Cm = -0.0839     CD =  0.01028   =>   CDf =  0.00740    CDp =  0.00289

 Side 1  free  transition at x/c =  0.7646   65
 Side 2  free  transition at x/c =  0.0436   26

   4   rms: 0.2331E-04   max: -.4914E-03   D at   27  2
       a = -3.000      CL =  0.0630
      Cm = -0.0839     CD =  0.01028   =>   CDf =  0.00740    CDp =  0.00288
      5.000    3.6057   0.010283   0.000000   0.000000   0.000000    0.7646     #

 Point added to stored polar  1
 Point written to save file  clarky_re430000_realistic_model.polar           
 Dump file unspecified or not available
 Calculating wake trajectory ...
 Calculating source influence matrix ...

 Solving BL system ...

 Side 1  free  transition at x/c =  0.7646   65
 Side 2  free  transition at x/c =  0.0436   26

   1   rms: 0.4729E-01   max: -.2425E+00   C at   26  2
       a = -2.750      CL =  0.0898
      Cm = -0.0837     CD =  0.01011   =>   CDf =  0.00740    CDp =  0.00271

 Side 1  free  transition at x/c =  0.7549   64
 Side 2  free  transition at x/c =  0.0465   26

   2   rms: 0.7050E-02   max: -.1157E+00   C at   26  2
       a = -2.750      CL =  0.0901
      Cm = -0.0837     CD =  0.01012   =>   CDf =  0.00742    CDp =  0.00270

 Side 1  free  transition at x/c =  0.7548   64
 Side 2  free  transition at x/c =  0.0469   26

   3   rms: 0.3291E-03   max: 0.5486E-02   C at   26  2
       a = -2.750      CL =  0.0901
      Cm = -0.0837     CD =  0.01012   =>   CDf =  0.00741    CDp =  0.00271

 Side 1  free  transition at x/c =  0.7548   64
 Side 2  free  transition at x/c =  0.0469   26

   4   rms: 0.1286E-05   max: -.1101E-04   D at   28  2
       a = -2.750      CL =  0.0901
      Cm = -0.0837     CD =  0.01012   =>   CDf =  0.00741    CDp =  0.00271
      5.000    3.5995   0.010123   0.000000   0.000000   0.000000    0.7548     #

 Point added to stored polar  1
 Point written to save file  clarky_re430000_realistic_model.polar           
 Dump file unspecified or not available
 Calculating wake trajectory ...
 Calculating source influence matrix ...

 Solving BL system ...

 Side 1  free  transition at x/c =  0.7548   64
 Side 2  free  transition at x/c =  0.0469   26

   1   rms: 0.4645E-01   max: -.3410E+00   C at   26  2
       a = -2.500      CL =  0.1171
      Cm = -0.0835     CD =  0.00998   =>   CDf =  0.00741    CDp =  0.00257

 Side 1  free  transition at x/c =  0.7424   63
 Side 2  free  transition at x/c =  0.0519   27

   2   rms: 0.8161E-02   max: -.1430E+00   C at   27  2
       a = -2.500      CL =  0.1168
      Cm = -0.0834     CD =  0.00998   =>   CDf =  0.00746    CDp =  0.00252

 Side 1  free  transition at x/c =  0.7433   63
 Side 2  free  transition at x/c =  0.0527   28

   3   rms: 0.9078E-02   max: -.1543E+00   C at   28  2
       a = -2.500      CL =  0.1168
      Cm = -0.0834     CD =  0.00998   =>   CDf =  0.00747    CDp =  0.00251

 Side 1  free  transition at x/c =  0.7433   63
 Side 2  free  transition at x/c =  0.0534   28

   4   rms: 0.3438E-02   max: -.6463E-01   C at   63  1
       a = -2.500      CL =  0.1168
      Cm = -0.0834     CD =  0.00998   =>   CDf =  0.00745    CDp =  0.00253

 Side 1  free  transition at x/c =  0.7436   64
 Side 2  free  transition at x/c =  0.0533   28

   5   rms: 0.2381E-02   max: -.3846E-01   C at   64  1
       a = -2.500      CL =  0.1168
      Cm = -0.0834     CD =  0.00998   =>   CDf =  0.00745    CDp =  0.00253

 Side 1  free  transition at x/c =  0.7439   64
 Side 2  free  transition at x/c =  0.0533   28

   6   rms: 0.9315E-04   max: 0.1459E-02   C at   64  1
       a = -2.500      CL =  0.1168
      Cm = -0.0834     CD =  0.00998   =>   CDf =  0.00743    CDp =  0.00255
      5.000    3.5611   0.009981   0.000000   0.000000   0.000000    0.7439     #

 Point added to stored polar  1
 Point written to save file  clarky_re430000_realistic_model.polar           
 Dump file unspecified or not available
 Calculating wake trajectory ...
 Calculating source influence matrix ...

 Solving BL system ...

 Side 1  free  transition at x/c =  0.7438   64
 Side 2  free  transition at x/c =  0.0533   28

   1   rms: 0.6254E-01   max: -.8864E+00   C at   28  2   RLX: 0.564
       a = -2.250      CL =  0.1318
      Cm = -0.0832     CD =  0.00990   =>   CDf =  0.00749    CDp =  0.00241

 Side 1  free  transition at x/c =  0.7385   64
 Side 2  free  transition at x/c =  0.0589   28

   2   rms: 0.4350E-01   max: -.5602E+00   C at   28  2   RLX: 0.893
       a = -2.250      CL =  0.1426
      Cm = -0.0832     CD =  0.00981   =>   CDf =  0.00742    CDp =  0.00239

 Side 1  free  transition at x/c =  0.7333   64
 Side 2  free  transition at x/c =  0.0663   29

   3   rms: 0.4484E-02   max: -.6596E-01   C at   29  2
       a = -2.250      CL =  0.1438
      Cm = -0.0832     CD =  0.00982   =>   CDf =  0.00740    CDp =  0.00242

 Side 1  free  transition at x/c =  0.7330   64
 Side 2  free  transition at x/c =  0.0677   29

   4   rms: 0.5771E-04   max: -.7602E-03   D at   29  2
       a = -2.250      CL =  0.1438
      Cm = -0.0832     CD =  0.00982   =>   CDf =  0.00740    CDp =  0.00242
      5.000    3.5495   0.009819   0.000000   0.000000   0.000000    0.7330     #

 Point added to stored polar  1
 Point written to save file  clarky_re430000_realistic_model.polar           
 Dump file unspecified or not available
 Calculating wake trajectory ...
 Calculating source influence matrix ...

 Solving BL system ...

 Side 1  free  transition at x/c =  0.7330   64
 Side 2  free  transition at x/c =  0.0677   29

   1   rms: 0.5610E-01   max: -.7380E+00   C at   29  2   RLX: 0.678
       a = -2.000      CL =  0.1621
      Cm = -0.0830     CD =  0.00974   =>   CDf =  0.00740    CDp =  0.00234

 Side 1  free  transition at x/c =  0.7253   64
 Side 2  free  transition at x/c =  0.0839   32

   2   rms: 0.1518E-01   max: 0.1103E+00   D at   30  2
       a = -2.000      CL =  0.1706
      Cm = -0.0829     CD =  0.00970   =>   CDf =  0.00739    CDp =  0.00231

 Side 1  free  transition at x/c =  0.7229   63
 Side 2  free  transition at x/c =  0.0843   32

   3   rms: 0.1694E-02   max: 0.3202E-01   C at   32  2
       a = -2.000      CL =  0.1707
      Cm = -0.0829     CD =  0.00970   =>   CDf =  0.00740    CDp =  0.00230

 Side 1  free  transition at x/c =  0.7227   63
 Side 2  free  transition at x/c =  0.0837   32

   4   rms: 0.2562E-04   max: -.5067E-03   C at   32  2
       a = -2.000      CL =  0.1707
      Cm = -0.0829     CD =  0.00970   =>   CDf =  0.00740    CDp =  0.00230
      5.000    3.5139   0.009700   0.000000   0.000000   0.000000    0.7227     #

 Point added to stored polar  1
 Point written to save file  clarky_re430000_realistic_model.polar           
 Dump file unspecified or not available
 Calculating wake trajectory ...
 Calculating source influence matrix ...

 Solving BL system ...

 Side 1  free  transition at x/c =  0.7227   63
 Side 2  free  transition at x/c =  0.0837   32

   1   rms: 0.6117E-01   max: -.8671E+00   C at   32  2   RLX: 0.577
       a = -1.750      CL =  0.1863
      Cm = -0.0828     CD =  0.00960   =>   CDf =  0.00740    CDp =  0.00219

 Side 1  free  transition at x/c =  0.7155   63
 Side 2  free  transition at x/c =  0.0912   33

   2   rms: 0.2939E-01   max: -.4656E+00   C at   33  2
       a = -1.750      CL =  0.1976
      Cm = -0.0827     CD =  0.00956   =>   CDf =  0.00740    CDp =  0.00216

 Side 1  free  transition at x/c =  0.7109   63
 Side 2  free  transition at x/c =  0.0978   34

   3   rms: 0.1152E-01   max: -.2118E+00   C at   34  2
       a = -1.750      CL =  0.1976
      Cm = -0.0827     CD =  0.00957   =>   CDf =  0.00741    CDp =  0.00216

 Side 1  free  transition at x/c =  0.7112   63
 Side 2  free  transition at x/c =  0.1008   34

   4   rms: 0.1632E-02   max: 0.3439E-01   C at   34  2
       a = -1.750      CL =  0.1976
      Cm = -0.0827     CD =  0.00957   =>   CDf =  0.00737    CDp =  0.00219

 Side 1  free  transition at x/c =  0.7112   63
 Side 2  free  transition at x/c =  0.1003   34

   5   rms: 0.7055E-05   max: -.1315E-03   D at   35  2
       a = -1.750      CL =  0.1976
      Cm = -0.0827     CD =  0.00957   =>   CDf =  0.00738    CDp =  0.00219
      5.000    3.4915   0.009568   0.000000   0.000000   0.000000    0.7112     #

 Point added to stored polar  1
 Point written to save file  clarky_re430000_realistic_model.polar           
 Dump file unspecified or not available
 Calculating wake trajectory ...
 Calculating source influence matrix ...

 Solving BL system ...

 Side 1  free  transition at x/c =  0.7112   63
 Side 2  free  transition at x/c =  0.1003   34

   1   rms: 0.6724E-01   max: -.1090E+01   C at   34  2   RLX: 0.459
       a = -1.500      CL =  0.2098
      Cm = -0.0826     CD =  0.00950   =>   CDf =  0.00738    CDp =  0.00212

 Side 1  free  transition at x/c =  0.7058   63
 Side 2  free  transition at x/c =  0.1075   35

   2   rms: 0.4259E-01   max: -.7033E+00   C at   35  2   RLX: 0.711
       a = -1.500      CL =  0.2200
      Cm = -0.0824     CD =  0.00947   =>   CDf =  0.00740    CDp =  0.00207

 Side 1  free  transition at x/c =  0.7023   63
 Side 2  free  transition at x/c =  0.1165   34

   3   rms: 0.1887E-01   max: -.3619E+00   C at   34  2
       a = -1.500      CL =  0.2245
      Cm = -0.0825     CD =  0.00945   =>   CDf =  0.00737    CDp =  0.00208

 Side 1  free  transition at x/c =  0.7000   63
 Side 2  free  transition at x/c =  0.1257   35

   4   rms: 0.1931E-02   max: 0.4046E-01   C at   35  2
       a = -1.500      CL =  0.2243
      Cm = -0.0825     CD =  0.00943   =>   CDf =  0.00733    CDp =  0.00210

 Side 1  free  transition at x/c =  0.7001   63
 Side 2  free  transition at x/c =  0.1253   35

   5   rms: 0.2448E-04   max: 0.5080E-03   C at   35  2
       a = -1.500      CL =  0.2243
      Cm = -0.0825     CD =  0.00943   =>   CDf =  0.00733    CDp =  0.00209
      5.000    3.4472   0.009428   0.000000   0.000000   0.000000    0.7001     #

 Point added to stored polar  1
 Point written to save file  clarky_re430000_realistic_model.polar           
 Dump file unspecified or not available
 Calculating wake trajectory ...
 Calculating source influence matrix ...

 Solving BL system ...

 Side 1  free  transition at x/c =  0.7001   63
 Side 2  free  transition at x/c =  0.1253   35

   1   rms: 0.7778E-01   max: -.1454E+01   C at   35  2   RLX: 0.344
       a = -1.250      CL =  0.2336
      Cm = -0.0824     CD =  0.00938   =>   CDf =  0.00734    CDp =  0.00204

 Side 1  free  transition at x/c =  0.6959   63
 Side 2  free  transition at x/c =  0.1366   36

   2   rms: 0.5431E-01   max: -.1045E+01   C at   36  2   RLX: 0.478
       a = -1.250      CL =  0.2419
      Cm = -0.0823     CD =  0.00933   =>   CDf =  0.00731    CDp =  0.00202

 Side 1  free  transition at x/c =  0.6923   63
 Side 2  free  transition at x/c =  0.1493   37

   3   rms: 0.2918E-01   max: -.5688E+00   C at   37  2   RLX: 0.879
       a = -1.250      CL =  0.2498
      Cm = -0.0822     CD =  0.00928   =>   CDf =  0.00728    CDp =  0.00200

 Side 1  free  transition at x/c =  0.6892   63
 Side 2  free  transition at x/c =  0.1636   38

   4   rms: 0.2506E-02   max: -.3491E-01   C at   38  2
       a = -1.250      CL =  0.2508
      Cm = -0.0822     CD =  0.00926   =>   CDf =  0.00724    CDp =  0.00202

 Side 1  free  transition at x/c =  0.6889   63
 Side 2  free  transition at x/c =  0.1645   39

   5   rms: 0.2378E-04   max: -.4928E-03   C at   39  2
       a = -1.250      CL =  0.2508
      Cm = -0.0822     CD =  0.00926   =>   CDf =  0.00724    CDp =  0.00202
      5.000    3.4245   0.009262   0.000000   0.000000   0.000000    0.6889     #

 Point added to stored polar  1
 Point written to save file  clarky_re430000_realistic_model.polar           
 Dump file unspecified or not available
 Calculating wake trajectory ...
 Calculating source influence matrix ...

 Solving BL system ...

 Side 1  free  transition at x/c =  0.6889   63
 Side 2  free  transition at x/c =  0.1645   39

   1   rms: 0.8994E-01   max: -.1646E+01   C at   39  2   RLX: 0.304
       a = -1.000      CL =  0.2587
      Cm = -0.0821     CD =  0.00919   =>   CDf =  0.00724    CDp =  0.00195

 Side 1  free  transition at x/c =  0.6860   62
 Side 2  free  transition at x/c =  0.1770   39

   2   rms: 0.6420E-01   max: -.1292E+01   C at   39  2   RLX: 0.387
       a = -1.000      CL =  0.2663
      Cm = -0.0821     CD =  0.00917   =>   CDf =  0.00722    CDp =  0.00195

 Side 1  free  transition at x/c =  0.6832   62
 Side 2  free  transition at x/c =  0.1922   40

   3   rms: 0.3383E-01   max: -.6460E+00   C at   40  2   RLX: 0.774
       a = -1.000      CL =  0.2750
      Cm = -0.0820     CD =  0.00911   =>   CDf =  0.00717    CDp =  0.00194

 Side 1  free  transition at x/c =  0.6796   62
 Side 2  free  transition at x/c =  0.2099   42

   4   rms: 0.5766E-02   max: -.7787E-01   C at   42  2
       a = -1.000      CL =  0.2774
      Cm = -0.0820     CD =  0.00908   =>   CDf =  0.00712    CDp =  0.00197

 Side 1  free  transition at x/c =  0.6787   62
 Side 2  free  transition at x/c =  0.2118   42

   5   rms: 0.3020E-03   max: -.6261E-02   C at   42  2
       a = -1.000      CL =  0.2775
      Cm = -0.0820     CD =  0.00909   =>   CDf =  0.00711    CDp =  0.00198

 Side 1  free  transition at x/c =  0.6787   62
 Side 2  free  transition at x/c =  0.2120   42

   6   rms: 0.1153E-05   max: -.3670E-05   C at   65  2
       a = -1.000      CL =  0.2775
      Cm = -0.0820     CD =  0.00909   =>   CDf =  0.00711    CDp =  0.00198
      5.000    3.3913   0.009086   0.000000   0.000000   0.000000    0.6787     #

 Point added to stored polar  1
 Point written to save file  clarky_re430000_realistic_model.polar           
 Dump file unspecified or not available
 Calculating wake trajectory ...
 Calculating source influence matrix ...

 Solving BL system ...

 Side 1  free  transition at x/c =  0.6787   62
 Side 2  free  transition at x/c =  0.2120   42

   1   rms: 0.7789E-01   max: -.1376E+01   C at   42  2   RLX: 0.363
       a = -0.750      CL =  0.2871
      Cm = -0.0819     CD =  0.00902   =>   CDf =  0.00711    CDp =  0.00191

 Side 1  free  transition at x/c =  0.6745   62
 Side 2  free  transition at x/c =  0.2245   42

   2   rms: 0.4448E-01   max: -.7990E+00   C at   42  2   RLX: 0.626
       a = -0.750      CL =  0.2980
      Cm = -0.0818     CD =  0.00902   =>   CDf =  0.00705    CDp =  0.00197

 Side 1  free  transition at x/c =  0.6702   63
 Side 2  free  transition at x/c =  0.2461   43

   3   rms: 0.5075E-01   max: -.8407E+00   T at    2  1   RLX: 0.595
       a = -0.750      CL =  0.3014
      Cm = -0.0818     CD =  0.00897   =>   CDf =  0.00704    CDp =  0.00193

 Side 1  free  transition at x/c =  0.6690   63
 Side 2  free  transition at x/c =  0.2517   43

   4   rms: 0.7391E-02   max: -.1263E+00   C at   43  2
       a = -0.750      CL =  0.3040
      Cm = -0.0817     CD =  0.00896   =>   CDf =  0.00703    CDp =  0.00193

 Side 1  free  transition at x/c =  0.6682   63
 Side 2  free  transition at x/c =  0.2557   43

   5   rms: 0.2983E-03   max: -.6707E-02   C at   43  2
       a = -0.750      CL =  0.3040
      Cm = -0.0817     CD =  0.00897   =>   CDf =  0.00703    CDp =  0.00194

 Side 1  free  transition at x/c =  0.6682   63
 Side 2  free  transition at x/c =  0.2559   43

   6   rms: 0.9786E-06   max: -.1332E-04   C at   43  2
       a = -0.750      CL =  0.3040
      Cm = -0.0817     CD =  0.00897   =>   CDf =  0.00703    CDp =  0.00194
      5.000    3.3709   0.008965   0.000000   0.000000   0.000000    0.6682     #

 Point added to stored polar  1
 Point written to save file  clarky_re430000_realistic_model.polar           
 Dump file unspecified or not available
 Calculating wake trajectory ...
 Calculating source influence matrix ...

 Solving BL system ...

 Side 1  free  transition at x/c =  0.6682   63
 Side 2  free  transition at x/c =  0.2559   43

   1   rms: 0.7140E-01   max: -.1275E+01   C at   43  2   RLX: 0.392
       a = -0.500      CL =  0.3143
      Cm = -0.0816     CD =  0.00893   =>   CDf =  0.00703    CDp =  0.00191

 Side 1  free  transition at x/c =  0.6649   62
 Side 2  free  transition at x/c =  0.2746   44

   2   rms: 0.3889E-01   max: -.6428E+00   C at   44  2   RLX: 0.778
       a = -0.500      CL =  0.3274
      Cm = -0.0816     CD =  0.00886   =>   CDf =  0.00697    CDp =  0.00188

 Side 1  free  transition at x/c =  0.6595   62
 Side 2  free  transition at x/c =  0.2957   45

   3   rms: 0.7013E-02   max: -.8658E-01   C at   45  2
       a = -0.500      CL =  0.3309
      Cm = -0.0816     CD =  0.00884   =>   CDf =  0.00693    CDp =  0.00191

 Side 1  free  transition at x/c =  0.6583   62
 Side 2  free  transition at x/c =  0.2984   46

   4   rms: 0.1606E-02   max: -.3236E-01   C at   46  2
       a = -0.500      CL =  0.3309
      Cm = -0.0816     CD =  0.00883   =>   CDf =  0.00692    CDp =  0.00191

 Side 1  free  transition at x/c =  0.6583   62
 Side 2  free  transition at x/c =  0.2989   46

   5   rms: 0.4377E-05   max: 0.7642E-04   C at   46  2
       a = -0.500      CL =  0.3309
      Cm = -0.0816     CD =  0.00883   =>   CDf =  0.00692    CDp =  0.00192
      5.000    3.3472   0.008835   0.000000   0.000000   0.000000    0.6583     #

 Point added to stored polar  1
 Point written to save file  clarky_re430000_realistic_model.polar           
 Dump file unspecified or not available
 Calculating wake trajectory ...
 Calculating source influence matrix ...

 Solving BL system ...

 Side 1  free  transition at x/c =  0.6583   62
 Side 2  free  transition at x/c =  0.2989   46

   1   rms: 0.6838E-01   max: -.1111E+01   C at   46  2   RLX: 0.450
       a = -0.250      CL =  0.3428
      Cm = -0.0815     CD =  0.00877   =>   CDf =  0.00686    CDp =  0.00191

 Side 1  free  transition at x/c =  0.6532   63
 Side 2  free  transition at x/c =  0.3141   45

   2   rms: 0.5651E-01   max: -.7240E+00   T at    2  1   RLX: 0.691
       a = -0.250      CL =  0.3531
      Cm = -0.0814     CD =  0.00878   =>   CDf =  0.00690    CDp =  0.00188

 Side 1  free  transition at x/c =  0.6495   63
 Side 2  free  transition at x/c =  0.3350   47

   3   rms: 0.1621E-01   max: -.2974E+00   C at   47  2
       a = -0.250      CL =  0.3572
      Cm = -0.0813     CD =  0.00872   =>   CDf =  0.00686    CDp =  0.00186

 Side 1  free  transition at x/c =  0.6481   62
 Side 2  free  transition at x/c =  0.3448   47

   4   rms: 0.1260E-02   max: -.2728E-01   C at   47  2
       a = -0.250      CL =  0.3572
      Cm = -0.0813     CD =  0.00872   =>   CDf =  0.00683    CDp =  0.00189

 Side 1  free  transition at x/c =  0.6481   62
 Side 2  free  transition at x/c =  0.3457   47

   5   rms: 0.1387E-04   max: -.3006E-03   C at   47  2
       a = -0.250      CL =  0.3572
      Cm = -0.0813     CD =  0.00872   =>   CDf =  0.00682    CDp =  0.00189
      5.000    3.3282   0.008719   0.000000   0.000000   0.000000    0.6481     #

 Point added to stored polar  1
 Point written to save file  clarky_re430000_realistic_model.polar           
 Dump file unspecified or not available
 Calculating wake trajectory ...
 Calculating source influence matrix ...

 Solving BL system ...

 Side 1  free  transition at x/c =  0.6481   62
 Side 2  free  transition at x/c =  0.3457   47

   1   rms: 0.8733E-01   max: -.1664E+01   C at   47  2   RLX: 0.300
       a =  0.000      CL =  0.3653
      Cm = -0.0812     CD =  0.00867   =>   CDf =  0.00683    CDp =  0.00184

 Side 1  free  transition at x/c =  0.6450   62
 Side 2  free  transition at x/c =  0.3633   48

   2   rms: 0.6987E-01   max: -.1368E+01   C at   48  2   RLX: 0.365
       a =  0.000      CL =  0.3721
      Cm = -0.0812     CD =  0.00861   =>   CDf =  0.00677    CDp =  0.00184

 Side 1  free  transition at x/c =  0.6422   62
 Side 2  free  transition at x/c =  0.3804   49

   3   rms: 0.4895E-01   max: -.9713E+00   C at   49  2   RLX: 0.515
       a =  0.000      CL =  0.3780
      Cm = -0.0811     CD =  0.00856   =>   CDf =  0.00672    CDp =  0.00184

 Side 1  free  transition at x/c =  0.6397   62
 Side 2  free  transition at x/c =  0.3982   50

   4   rms: 0.2736E-01   max: -.5510E+00   C at   50  2   RLX: 0.907
       a =  0.000      CL =  0.3829
      Cm = -0.0810     CD =  0.00851   =>   CDf =  0.00667    CDp =  0.00184

 Side 1  free  transition at x/c =  0.6375   62
 Side 2  free  transition at x/c =  0.4162   51

   5   rms: 0.3736E-02   max: -.7648E-01   C at   51  2
       a =  0.000      CL =  0.3833
      Cm = -0.0810     CD =  0.00850   =>   CDf =  0.00662    CDp =  0.00188

 Side 1  free  transition at x/c =  0.6374   62
 Side 2  free  transition at x/c =  0.4192   51

   6   rms: 0.1392E-03   max: -.2945E-02   C at   51  2
       a =  0.000      CL =  0.3833
      Cm = -0.0810     CD =  0.00850   =>   CDf =  0.00661    CDp =  0.00189

 Side 1  free  transition at x/c =  0.6374   62
 Side 2  free  transition at x/c =  0.4193   51

   7   rms: 0.2848E-06   max: -.1305E-05   C at   53  2
       a =  0.000      CL =  0.3833
      Cm = -0.0810     CD =  0.00850   =>   CDf =  0.00661    CDp =  0.00189
      5.000    3.3070   0.008503   0.000000   0.000000   0.000000    0.6374     #

 Point added to stored polar  1
 Point written to save file  clarky_re430000_realistic_model.polar           
 Dump file unspecified or not available
 Calculating wake trajectory ...
 Calculating source influence matrix ...

 Solving BL system ...

 Side 1  free  transition at x/c =  0.6374   62
 Side 2  free  transition at x/c =  0.4193   51

   1   rms: 0.1316E+00   max: -.2628E+01   C at   51  2   RLX: 0.190
       a =  0.250      CL =  0.3882
      Cm = -0.0809     CD =  0.00846   =>   CDf =  0.00654    CDp =  0.00191

 Side 1  free  transition at x/c =  0.6351   63
 Side 2  free  transition at x/c =  0.4373   51

   2   rms: 0.1266E+00   max: -.2273E+01   C at   51  2   RLX: 0.220
       a =  0.250      CL =  0.3927
      Cm = -0.0809     CD =  0.00841   =>   CDf =  0.00656    CDp =  0.00185

 Side 1  free  transition at x/c =  0.6331   63
 Side 2  free  transition at x/c =  0.4559   52

   3   rms: 0.9077E-01   max: -.1808E+01   C at   52  2   RLX: 0.277
       a =  0.250      CL =  0.3970
      Cm = -0.0808     CD =  0.00837   =>   CDf =  0.00652    CDp =  0.00185

 Side 1  free  transition at x/c =  0.6311   63
 Side 2  free  transition at x/c =  0.4752   53

   4   rms: 0.6585E-01   max: -.1303E+01   C at   53  2   RLX: 0.384
       a =  0.250      CL =  0.4012
      Cm = -0.0806     CD =  0.00832   =>   CDf =  0.00647    CDp =  0.00185

 Side 1  free  transition at x/c =  0.6293   62
 Side 2  free  transition at x/c =  0.4957   54

   5   rms: 0.4162E-01   max: -.8182E+00   C at   54  2   RLX: 0.611
       a =  0.250      CL =  0.4055
      Cm = -0.0806     CD =  0.00826   =>   CDf =  0.00642    CDp =  0.00185

 Side 1  free  transition at x/c =  0.6274   62
 Side 2  free  transition at x/c =  0.5170   55

   6   rms: 0.1631E-01   max: -.3163E+00   C at   55  2
       a =  0.250      CL =  0.4081
      Cm = -0.0805     CD =  0.00822   =>   CDf =  0.00635    CDp =  0.00187

 Side 1  free  transition at x/c =  0.6262   62
 Side 2  free  transition at x/c =  0.5302   56

   7   rms: 0.6311E-03   max: 0.1116E-01   C at   56  2
       a =  0.250      CL =  0.4080
      Cm = -0.0805     CD =  0.00821   =>   CDf =  0.00631    CDp =  0.00191

 Side 1  free  transition at x/c =  0.6262   62
 Side 2  free  transition at x/c =  0.5299   56

   8   rms: 0.3574E-05   max: -.7286E-04   C at   56  2
       a =  0.250      CL =  0.4080
      Cm = -0.0805     CD =  0.00821   =>   CDf =  0.00631    CDp =  0.00191
      5.000    3.2807   0.008215   0.000000   0.000000   0.000000    0.6262     #

 Point added to stored polar  1
 Point written to save file  clarky_re430000_realistic_model.polar           
 Dump file unspecified or not available
 Calculating wake trajectory ...
 Calculating source influence matrix ...

 Solving BL system ...

 Side 1  free  transition at x/c =  0.6262   62
 Side 2  free  transition at x/c =  0.5299   56

   1   rms: 0.1651E+00   max: -.3275E+01   C at   56  2   RLX: 0.153
       a =  0.500      CL =  0.4117
      Cm = -0.0804     CD =  0.00816   =>   CDf =  0.00631    CDp =  0.00185

 Side 1  free  transition at x/c =  0.6243   62
 Side 2  free  transition at x/c =  0.5493   57

   2   rms: 0.1454E+00   max: -.2869E+01   C at   57  2   RLX: 0.174
       a =  0.500      CL =  0.4153
      Cm = -0.0803     CD =  0.00811   =>   CDf =  0.00625    CDp =  0.00186

 Side 1  free  transition at x/c =  0.6224   62
 Side 2  free  transition at x/c =  0.5701   58

   3   rms: 0.1230E+00   max: -.2406E+01   C at   58  2   RLX: 0.208
       a =  0.500      CL =  0.4187
      Cm = -0.0802     CD =  0.00805   =>   CDf =  0.00619    CDp =  0.00187

 Side 1  free  transition at x/c =  0.6205   62
 Side 2  free  transition at x/c =  0.5925   59

   4   rms: 0.9655E-01   max: -.1856E+01   C at   59  2   RLX: 0.269
       a =  0.500      CL =  0.4221
      Cm = -0.0800     CD =  0.00800   =>   CDf =  0.00612    CDp =  0.00188

 Side 1  free  transition at x/c =  0.6186   62
 Side 2  free  transition at x/c =  0.6177   61

   5   rms: 0.7236E-01   max: -.1429E+01   C at   61  2   RLX: 0.350
       a =  0.500      CL =  0.4250
      Cm = -0.0797     CD =  0.00791   =>   CDf =  0.00604    CDp =  0.00187

 Side 1  free  transition at x/c =  0.6167   62
 Side 2  free  transition at x/c =  0.6361   62

   6   rms: 0.4962E-01   max: -.9836E+00   C at   62  2   RLX: 0.508
       a =  0.500      CL =  0.4279
      Cm = -0.0796     CD =  0.00787   =>   CDf =  0.00599    CDp =  0.00187

 Side 1  free  transition at x/c =  0.6151   62
 Side 2  free  transition at x/c =  0.6548   63

   7   rms: 0.2960E-01   max: -.5900E+00   C at   63  2   RLX: 0.848
       a =  0.500      CL =  0.4300
      Cm = -0.0794     CD =  0.00782   =>   CDf =  0.00594    CDp =  0.00188

 Side 1  free  transition at x/c =  0.6138   62
 Side 2  free  transition at x/c =  0.6735   64

   8   rms: 0.8268E-02   max: -.1663E+00   C at   64  2
       a =  0.500      CL =  0.4303
      Cm = -0.0793     CD =  0.00781   =>   CDf =  0.00588    CDp =  0.00193

 Side 1  free  transition at x/c =  0.6135   62
 Side 2  free  transition at x/c =  0.6802   64

   9   rms: 0.5007E-03   max: -.9943E-02   C at   64  2
       a =  0.500      CL =  0.4303
      Cm = -0.0793     CD =  0.00781   =>   CDf =  0.00586    CDp =  0.00195

 Side 1  free  transition at x/c =  0.6135   62
 Side 2  free  transition at x/c =  0.6806   64

  10   rms: 0.1818E-05   max: -.3560E-04   C at   64  2
       a =  0.500      CL =  0.4303
      Cm = -0.0793     CD =  0.00781   =>   CDf =  0.00586    CDp =  0.00196
      5.000    3.2587   0.007810   0.000000   0.000000   0.000000    0.6135     #

 Point added to stored polar  1
 Point written to save file  clarky_re430000_realistic_model.polar           
 Dump file unspecified or not available
 Calculating wake trajectory ...
 Calculating source influence matrix ...

 Solving BL system ...

 Side 1  free  transition at x/c =  0.6135   62
 Side 2  free  transition at x/c =  0.6806   64

   1   rms: 0.1972E+00   max: -.3832E+01   C at   64  2   RLX: 0.130
       a =  0.750      CL =  0.4330
      Cm = -0.0791     CD =  0.00776   =>   CDf =  0.00586    CDp =  0.00190

 Side 1  free  transition at x/c =  0.6120   62
 Side 2  free  transition at x/c =  0.7022   65

   2   rms: 0.1696E+00   max: -.3255E+01   C at   65  2   RLX: 0.154
       a =  0.750      CL =  0.4357
      Cm = -0.0789     CD =  0.00771   =>   CDf =  0.00579    CDp =  0.00192

 Side 1  free  transition at x/c =  0.6104   61
 Side 2  free  transition at x/c =  0.7258   66

   3   rms: 0.1303E+00   max: -.2456E+01   C at   66  2   RLX: 0.204
       a =  0.750      CL =  0.4389
      Cm = -0.0786     CD =  0.00765   =>   CDf =  0.00572    CDp =  0.00192

 Side 1  free  transition at x/c =  0.6086   61
 Side 2  free  transition at x/c =  0.7551   68

   4   rms: 0.9632E-01   max: -.1846E+01   C at   68  2   RLX: 0.271
       a =  0.750      CL =  0.4417
      Cm = -0.0781     CD =  0.00756   =>   CDf =  0.00562    CDp =  0.00194

 Side 1  free  transition at x/c =  0.6066   61
 Side 2  free  transition at x/c =  0.7795   69

   5   rms: 0.5601E-01   max: -.1042E+01   C at   69  2   RLX: 0.480
       a =  0.750      CL =  0.4461
      Cm = -0.0778     CD =  0.00751   =>   CDf =  0.00555    CDp =  0.00196

 Side 1  free  transition at x/c =  0.6039   61
 Side 2  free  transition at x/c =  0.8130   71

   6   rms: 0.2377E-01   max: -.4338E+00   C at   71  2
       a =  0.750      CL =  0.4503
      Cm = -0.0772     CD =  0.00744   =>   CDf =  0.00544    CDp =  0.00200

 Side 1  free  transition at x/c =  0.6010   61
 Side 2  free  transition at x/c =  0.8349   72

   7   rms: 0.9330E-03   max: 0.1877E-01   D at   71  2
       a =  0.750      CL =  0.4503
      Cm = -0.0772     CD =  0.00745   =>   CDf =  0.00538    CDp =  0.00206

 Side 1  free  transition at x/c =  0.6011   61
 Side 2  free  transition at x/c =  0.8354   72

   8   rms: 0.7349E-04   max: -.1368E-02   C at   72  2
       a =  0.750      CL =  0.4503
      Cm = -0.0772     CD =  0.00745   =>   CDf =  0.00538    CDp =  0.00206
      5.000    3.2385   0.007449   0.000000   0.000000   0.000000    0.6011     #

 Point added to stored polar  1
 Point written to save file  clarky_re430000_realistic_model.polar           
 Dump file unspecified or not available
 Calculating wake trajectory ...
 Calculating source influence matrix ...

 Solving BL system ...

 Side 1  free  transition at x/c =  0.6011   61
 Side 2  free  transition at x/c =  0.8355   72

   1   rms: 0.1289E+00   max: -.2362E+01   C at   72  2   RLX: 0.212
       a =  1.000      CL =  0.4550
      Cm = -0.0768     CD =  0.00741   =>   CDf =  0.00539    CDp =  0.00203

 Side 1  free  transition at x/c =  0.5981   61
 Side 2  free  transition at x/c =  0.8602   74

   2   rms: 0.9461E-01   max: -.1732E+01   C at   74  2   RLX: 0.289
       a =  1.000      CL =  0.4606
      Cm = -0.0765     CD =  0.00739   =>   CDf =  0.00533    CDp =  0.00205

 Side 1  free  transition at x/c =  0.5950   61
 Side 2  free  transition at x/c =  0.8781   75

   3   rms: 0.6248E-01   max: -.1102E+01   C at   75  2   RLX: 0.454
       a =  1.000      CL =  0.4681
      Cm = -0.0765     CD =  0.00740   =>   CDf =  0.00531    CDp =  0.00209

 Side 1  free  transition at x/c =  0.5918   61
 Side 2  free  transition at x/c =  0.8965   75

   4   rms: 0.2831E-01   max: -.4669E+00   C at   75  2
       a =  1.000      CL =  0.4770
      Cm = -0.0764     CD =  0.00744   =>   CDf =  0.00524    CDp =  0.00220

 Side 1  free  transition at x/c =  0.5885   61
 Side 2  free  transition at x/c =  0.9394   77

   5   rms: 0.1433E-01   max: 0.2451E+00   C at   77  2
       a =  1.000      CL =  0.4807
      Cm = -0.0772     CD =  0.00743   =>   CDf =  0.00526    CDp =  0.00217

 Side 1  free  transition at x/c =  0.5878   61
 Side 2  free  transition at x/c =  0.9278   76

   6   rms: 0.6746E-03   max: -.5801E-02   C at   76  2
       a =  1.000      CL =  0.4814
      Cm = -0.0774     CD =  0.00744   =>   CDf =  0.00527    CDp =  0.00217

 Side 1  free  transition at x/c =  0.5877   61
 Side 2  free  transition at x/c =  0.9282   76

   7   rms: 0.3832E-05   max: -.2973E-04   C at   76  2
       a =  1.000      CL =  0.4814
      Cm = -0.0774     CD =  0.00744   =>   CDf =  0.00527    CDp =  0.00217
      5.000    3.2143   0.007436   0.000000   0.000000   0.000000    0.5877     #

 Point added to stored polar  1
 Point written to save file  clarky_re430000_realistic_model.polar           
 Dump file unspecified or not available
 Calculating wake trajectory ...
 Calculating source influence matrix ...

 Solving BL system ...

 Side 1  free  transition at x/c =  0.5877   61
 Side 2  free  transition at x/c =  0.9282   76

   1   rms: 0.6380E-01   max: -.6733E+00   C at   76  2   RLX: 0.743
       a =  1.250      CL =  0.5100
      Cm = -0.0789     CD =  0.00748   =>   CDf =  0.00527    CDp =  0.00221

 Side 1  free  transition at x/c =  0.5755   61
 Side 2  free  transition at x/c =  0.9663   78

   2   rms: 0.1622E-01   max: 0.1246E+00   D at   77  2
       a =  1.250      CL =  0.5213
      Cm = -0.0798     CD =  0.00755   =>   CDf =  0.00533    CDp =  0.00222

 Side 1  free  transition at x/c =  0.5730   61
 Side 2  free  transition at x/c =  0.9711   79

   3   rms: 0.6836E-02   max: 0.1185E+00   C at   79  2
       a =  1.250      CL =  0.5218
      Cm = -0.0799     CD =  0.00755   =>   CDf =  0.00535    CDp =  0.00221

 Side 1  free  transition at x/c =  0.5731   61
 Side 2  free  transition at x/c =  0.9682   78

   4   rms: 0.4100E-03   max: -.3889E-02   D at   80  2
       a =  1.250      CL =  0.5216
      Cm = -0.0799     CD =  0.00755   =>   CDf =  0.00535    CDp =  0.00221

 Side 1  free  transition at x/c =  0.5731   61
 Side 2  free  transition at x/c =  0.9683   78

   5   rms: 0.8334E-06   max: 0.6287E-05   C at   78  2
       a =  1.250      CL =  0.5216
      Cm = -0.0799     CD =  0.00755   =>   CDf =  0.00534    CDp =  0.00221
      5.000    3.1916   0.007555   0.000000   0.000000   0.000000    0.5731     #

 Point added to stored polar  1
 Point written to save file  clarky_re430000_realistic_model.polar           
 Dump file unspecified or not available
 Calculating wake trajectory ...
 Calculating source influence matrix ...

 Solving BL system ...

 Side 1  free  transition at x/c =  0.5731   61
 Side 2  free  transition at x/c =  0.9683   78

   1   rms: 0.4907E-01   max: 0.2965E+00   C at   61  1
       a =  1.500      CL =  0.5529
      Cm = -0.0805     CD =  0.00772   =>   CDf =  0.00535    CDp =  0.00238

 Side 1  free  transition at x/c =  0.5584   60
 Side 2  free  transition at x/c =  0.9955   80

   2   rms: 0.1500E-01   max: 0.1877E+00   C at   80  2
       a =  1.500      CL =  0.5609
      Cm = -0.0823     CD =  0.00765   =>   CDf =  0.00542    CDp =  0.00222

 Side 1  free  transition at x/c =  0.5578   60
 Side 2  free  transition at x/c =  0.9850   79

   3   rms: 0.1903E-02   max: -.2728E-01   D at   80  2
       a =  1.500      CL =  0.5592
      Cm = -0.0820     CD =  0.00767   =>   CDf =  0.00543    CDp =  0.00225

 Side 1  free  transition at x/c =  0.5580   60
 Side 2  free  transition at x/c =  0.9872   80

   4   rms: 0.6489E-02   max: 0.1246E+00   C at   80  2
       a =  1.500      CL =  0.5595
      Cm = -0.0820     CD =  0.00767   =>   CDf =  0.00543    CDp =  0.00224

 Side 1  free  transition at x/c =  0.5579   60
 Side 2  free  transition at x/c =  0.9856   79

   5   rms: 0.3674E-03   max: -.5072E-02   D at   80  2
       a =  1.500      CL =  0.5592
      Cm = -0.0820     CD =  0.00767   =>   CDf =  0.00543    CDp =  0.00225

 Side 1  free  transition at x/c =  0.5580   60
 Side 2  free  transition at x/c =  0.9872   80

   6   rms: 0.6462E-02   max: 0.1242E+00   C at   80  2
       a =  1.500      CL =  0.5595
      Cm = -0.0820     CD =  0.00767   =>   CDf =  0.00543    CDp =  0.00224

 Side 1  free  transition at x/c =  0.5579   60
 Side 2  free  transition at x/c =  0.9856   79

   7   rms: 0.3645E-03   max: -.5029E-02   D at   80  2
       a =  1.500      CL =  0.5592
      Cm = -0.0820     CD =  0.00767   =>   CDf =  0.00543    CDp =  0.00225

 Side 1  free  transition at x/c =  0.5580   60
 Side 2  free  transition at x/c =  0.9872   80

   8   rms: 0.6462E-02   max: 0.1242E+00   C at   80  2
       a =  1.500      CL =  0.5595
      Cm = -0.0820     CD =  0.00767   =>   CDf =  0.00543    CDp =  0.00224

 Side 1  free  transition at x/c =  0.5579   60
 Side 2  free  transition at x/c =  0.9856   79

   9   rms: 0.3645E-03   max: -.5029E-02   D at   80  2
       a =  1.500      CL =  0.5592
      Cm = -0.0820     CD =  0.00767   =>   CDf =  0.00543    CDp =  0.00225

 Side 1  free  transition at x/c =  0.5580   60
 Side 2  free  transition at x/c =  0.9872   80

  10   rms: 0.6462E-02   max: 0.1242E+00   C at   80  2
       a =  1.500      CL =  0.5595
      Cm = -0.0820     CD =  0.00767   =>   CDf =  0.00543    CDp =  0.00224

 Side 1  free  transition at x/c =  0.5579   60
 Side 2  free  transition at x/c =  0.9856   79

  11   rms: 0.3645E-03   max: -.5029E-02   D at   80  2
       a =  1.500      CL =  0.5592
      Cm = -0.0820     CD =  0.00767   =>   CDf =  0.00543    CDp =  0.00225

 Side 1  free  transition at x/c =  0.5580   60
 Side 2  free  transition at x/c =  0.9872   80

  12   rms: 0.6462E-02   max: 0.1242E+00   C at   80  2
       a =  1.500      CL =  0.5595
      Cm = -0.0820     CD =  0.00767   =>   CDf =  0.00543    CDp =  0.00224

 Side 1  free  transition at x/c =  0.5579   60
 Side 2  free  transition at x/c =  0.9856   79

  13   rms: 0.3645E-03   max: -.5029E-02   D at   80  2
       a =  1.500      CL =  0.5592
      Cm = -0.0820     CD =  0.00767   =>   CDf =  0.00543    CDp =  0.00225

 Side 1  free  transition at x/c =  0.5580   60
 Side 2  free  transition at x/c =  0.9872   80

  14   rms: 0.6462E-02   max: 0.1242E+00   C at   80  2
       a =  1.500      CL =  0.5595
      Cm = -0.0820     CD =  0.00767   =>   CDf =  0.00543    CDp =  0.00224

 Side 1  free  transition at x/c =  0.5579   60
 Side 2  free  transition at x/c =  0.9856   79

  15   rms: 0.3645E-03   max: -.5029E-02   D at   80  2
       a =  1.500      CL =  0.5592
      Cm = -0.0820     CD =  0.00767   =>   CDf =  0.00543    CDp =  0.00225

 Side 1  free  transition at x/c =  0.5580   60
 Side 2  free  transition at x/c =  0.9872   80

  16   rms: 0.6462E-02   max: 0.1242E+00   C at   80  2
       a =  1.500      CL =  0.5595
      Cm = -0.0820     CD =  0.00767   =>   CDf =  0.00543    CDp =  0.00224

 Side 1  free  transition at x/c =  0.5579   60
 Side 2  free  transition at x/c =  0.9856   79

  17   rms: 0.3645E-03   max: -.5029E-02   D at   80  2
       a =  1.500      CL =  0.5592
      Cm = -0.0820     CD =  0.00767   =>   CDf =  0.00543    CDp =  0.00225

 Side 1  free  transition at x/c =  0.5580   60
 Side 2  free  transition at x/c =  0.9872   80

  18   rms: 0.6462E-02   max: 0.1242E+00   C at   80  2
       a =  1.500      CL =  0.5595
      Cm = -0.0820     CD =  0.00767   =>   CDf =  0.00543    CDp =  0.00224

 Side 1  free  transition at x/c =  0.5579   60
 Side 2  free  transition at x/c =  0.9856   79

  19   rms: 0.3645E-03   max: -.5029E-02   D at   80  2
       a =  1.500      CL =  0.5592
      Cm = -0.0820     CD =  0.00767   =>   CDf =  0.00543    CDp =  0.00225

 Side 1  free  transition at x/c =  0.5580   60
 Side 2  free  transition at x/c =  0.9872   80

  20   rms: 0.6462E-02   max: 0.1242E+00   C at   80  2
       a =  1.500      CL =  0.5595
      Cm = -0.0820     CD =  0.00767   =>   CDf =  0.00543    CDp =  0.00224

 Side 1  free  transition at x/c =  0.5579   60
 Side 2  free  transition at x/c =  0.9856   79

  21   rms: 0.3645E-03   max: -.5029E-02   D at   80  2
       a =  1.500      CL =  0.5592
      Cm = -0.0820     CD =  0.00767   =>   CDf =  0.00543    CDp =  0.00225

 Side 1  free  transition at x/c =  0.5580   60
 Side 2  free  transition at x/c =  0.9872   80

  22   rms: 0.6462E-02   max: 0.1242E+00   C at   80  2
       a =  1.500      CL =  0.5595
      Cm = -0.0820     CD =  0.00767   =>   CDf =  0.00543    CDp =  0.00224

 Side 1  free  transition at x/c =  0.5579   60
 Side 2  free  transition at x/c =  0.9856   79

  23   rms: 0.3645E-03   max: -.5029E-02   D at   80  2
       a =  1.500      CL =  0.5592
      Cm = -0.0820     CD =  0.00767   =>   CDf =  0.00543    CDp =  0.00225

 Side 1  free  transition at x/c =  0.5580   60
 Side 2  free  transition at x/c =  0.9872   80

  24   rms: 0.6462E-02   max: 0.1242E+00   C at   80  2
       a =  1.500      CL =  0.5595
      Cm = -0.0820     CD =  0.00767   =>   CDf =  0.00543    CDp =  0.00224

 Side 1  free  transition at x/c =  0.5579   60
 Side 2  free  transition at x/c =  0.9856   79

  25   rms: 0.3645E-03   max: -.5029E-02   D at   80  2
       a =  1.500      CL =  0.5592
      Cm = -0.0820     CD =  0.00767   =>   CDf =  0.00543    CDp =  0.00225

 Side 1  free  transition at x/c =  0.5580   60
 Side 2  free  transition at x/c =  0.9872   80

  26   rms: 0.6462E-02   max: 0.1242E+00   C at   80  2
       a =  1.500      CL =  0.5595
      Cm = -0.0820     CD =  0.00767   =>   CDf =  0.00543    CDp =  0.00224

 Side 1  free  transition at x/c =  0.5579   60
 Side 2  free  transition at x/c =  0.9856   79

  27   rms: 0.3645E-03   max: -.5029E-02   D at   80  2
       a =  1.500      CL =  0.5592
      Cm = -0.0820     CD =  0.00767   =>   CDf =  0.00543    CDp =  0.00225

 Side 1  free  transition at x/c =  0.5580   60
 Side 2  free  transition at x/c =  0.9872   80

  28   rms: 0.6462E-02   max: 0.1242E+00   C at   80  2
       a =  1.500      CL =  0.5595
      Cm = -0.0820     CD =  0.00767   =>   CDf =  0.00543    CDp =  0.00224

 Side 1  free  transition at x/c =  0.5579   60
 Side 2  free  transition at x/c =  0.9856   79

  29   rms: 0.3645E-03   max: -.5029E-02   D at   80  2
       a =  1.500      CL =  0.5592
      Cm = -0.0820     CD =  0.00767   =>   CDf =  0.00543    CDp =  0.00225

 Side 1  free  transition at x/c =  0.5580   60
 Side 2  free  transition at x/c =  0.9872   80

  30   rms: 0.6462E-02   max: 0.1242E+00   C at   80  2
       a =  1.500      CL =  0.5595
      Cm = -0.0820     CD =  0.00767   =>   CDf =  0.00543    CDp =  0.00224

 Side 1  free  transition at x/c =  0.5579   60
 Side 2  free  transition at x/c =  0.9856   79

  31   rms: 0.3645E-03   max: -.5029E-02   D at   80  2
       a =  1.500      CL =  0.5592
      Cm = -0.0820     CD =  0.00767   =>   CDf =  0.00543    CDp =  0.00225

 Side 1  free  transition at x/c =  0.5580   60
 Side 2  free  transition at x/c =  0.9872   80

  32   rms: 0.6462E-02   max: 0.1242E+00   C at   80  2
       a =  1.500      CL =  0.5595
      Cm = -0.0820     CD =  0.00767   =>   CDf =  0.00543    CDp =  0.00224

 Side 1  free  transition at x/c =  0.5579   60
 Side 2  free  transition at x/c =  0.9856   79

  33   rms: 0.3645E-03   max: -.5029E-02   D at   80  2
       a =  1.500      CL =  0.5592
      Cm = -0.0820     CD =  0.00767   =>   CDf =  0.00543    CDp =  0.00225

 Side 1  free  transition at x/c =  0.5580   60
 Side 2  free  transition at x/c =  0.9872   80

  34   rms: 0.6462E-02   max: 0.1242E+00   C at   80  2
       a =  1.500      CL =  0.5595
      Cm = -0.0820     CD =  0.00767   =>   CDf =  0.00543    CDp =  0.00224

 Side 1  free  transition at x/c =  0.5579   60
 Side 2  free  transition at x/c =  0.9856   79

  35   rms: 0.3645E-03   max: -.5029E-02   D at   80  2
       a =  1.500      CL =  0.5592
      Cm = -0.0820     CD =  0.00767   =>   CDf =  0.00543    CDp =  0.00225

 Side 1  free  transition at x/c =  0.5580   60
 Side 2  free  transition at x/c =  0.9872   80

  36   rms: 0.6462E-02   max: 0.1242E+00   C at   80  2
       a =  1.500      CL =  0.5595
      Cm = -0.0820     CD =  0.00767   =>   CDf =  0.00543    CDp =  0.00224

 Side 1  free  transition at x/c =  0.5579   60
 Side 2  free  transition at x/c =  0.9856   79

  37   rms: 0.3645E-03   max: -.5029E-02   D at   80  2
       a =  1.500      CL =  0.5592
      Cm = -0.0820     CD =  0.00767   =>   CDf =  0.00543    CDp =  0.00225

 Side 1  free  transition at x/c =  0.5580   60
 Side 2  free  transition at x/c =  0.9872   80

  38   rms: 0.6462E-02   max: 0.1242E+00   C at   80  2
       a =  1.500      CL =  0.5595
      Cm = -0.0820     CD =  0.00767   =>   CDf =  0.00543    CDp =  0.00224

 Side 1  free  transition at x/c =  0.5579   60
 Side 2  free  transition at x/c =  0.9856   79

  39   rms: 0.3645E-03   max: -.5029E-02   D at   80  2
       a =  1.500      CL =  0.5592
      Cm = -0.0820     CD =  0.00767   =>   CDf =  0.00543    CDp =  0.00225

 Side 1  free  transition at x/c =  0.5580   60
 Side 2  free  transition at x/c =  0.9872   80

  40   rms: 0.6462E-02   max: 0.1242E+00   C at   80  2
       a =  1.500      CL =  0.5595
      Cm = -0.0820     CD =  0.00767   =>   CDf =  0.00543    CDp =  0.00224

 Side 1  free  transition at x/c =  0.5579   60
 Side 2  free  transition at x/c =  0.9856   79

  41   rms: 0.3645E-03   max: -.5029E-02   D at   80  2
       a =  1.500      CL =  0.5592
      Cm = -0.0820     CD =  0.00767   =>   CDf =  0.00543    CDp =  0.00225

 Side 1  free  transition at x/c =  0.5580   60
 Side 2  free  transition at x/c =  0.9872   80

  42   rms: 0.6462E-02   max: 0.1242E+00   C at   80  2
       a =  1.500      CL =  0.5595
      Cm = -0.0820     CD =  0.00767   =>   CDf =  0.00543    CDp =  0.00224

 Side 1  free  transition at x/c =  0.5579   60
 Side 2  free  transition at x/c =  0.9856   79

  43   rms: 0.3645E-03   max: -.5029E-02   D at   80  2
       a =  1.500      CL =  0.5592
      Cm = -0.0820     CD =  0.00767   =>   CDf =  0.00543    CDp =  0.00225

 Side 1  free  transition at x/c =  0.5580   60
 Side 2  free  transition at x/c =  0.9872   80

  44   rms: 0.6462E-02   max: 0.1242E+00   C at   80  2
       a =  1.500      CL =  0.5595
      Cm = -0.0820     CD =  0.00767   =>   CDf =  0.00543    CDp =  0.00224

 Side 1  free  transition at x/c =  0.5579   60
 Side 2  free  transition at x/c =  0.9856   79

  45   rms: 0.3645E-03   max: -.5029E-02   D at   80  2
       a =  1.500      CL =  0.5592
      Cm = -0.0820     CD =  0.00767   =>   CDf =  0.00543    CDp =  0.00225

 Side 1  free  transition at x/c =  0.5580   60
 Side 2  free  transition at x/c =  0.9872   80

  46   rms: 0.6462E-02   max: 0.1242E+00   C at   80  2
       a =  1.500      CL =  0.5595
      Cm = -0.0820     CD =  0.00767   =>   CDf =  0.00543    CDp =  0.00224

 Side 1  free  transition at x/c =  0.5579   60
 Side 2  free  transition at x/c =  0.9856   79

  47   rms: 0.3645E-03   max: -.5029E-02   D at   80  2
       a =  1.500      CL =  0.5592
      Cm = -0.0820     CD =  0.00767   =>   CDf =  0.00543    CDp =  0.00225

 Side 1  free  transition at x/c =  0.5580   60
 Side 2  free  transition at x/c =  0.9872   80

  48   rms: 0.6462E-02   max: 0.1242E+00   C at   80  2
       a =  1.500      CL =  0.5595
      Cm = -0.0820     CD =  0.00767   =>   CDf =  0.00543    CDp =  0.00224

 Side 1  free  transition at x/c =  0.5579   60
 Side 2  free  transition at x/c =  0.9856   79

  49   rms: 0.3645E-03   max: -.5029E-02   D at   80  2
       a =  1.500      CL =  0.5592
      Cm = -0.0820     CD =  0.00767   =>   CDf =  0.00543    CDp =  0.00225

 Side 1  free  transition at x/c =  0.5580   60
 Side 2  free  transition at x/c =  0.9872   80

  50   rms: 0.6462E-02   max: 0.1242E+00   C at   80  2
       a =  1.500      CL =  0.5595
      Cm = -0.0820     CD =  0.00767   =>   CDf =  0.00543    CDp =  0.00224

 Side 1  free  transition at x/c =  0.5579   60
 Side 2  free  transition at x/c =  0.9856   79

  51   rms: 0.3645E-03   max: -.5029E-02   D at   80  2
       a =  1.500      CL =  0.5592
      Cm = -0.0820     CD =  0.00767   =>   CDf =  0.00543    CDp =  0.00225

 Side 1  free  transition at x/c =  0.5580   60
 Side 2  free  transition at x/c =  0.9872   80

  52   rms: 0.6462E-02   max: 0.1242E+00   C at   80  2
       a =  1.500      CL =  0.5595
      Cm = -0.0820     CD =  0.00767   =>   CDf =  0.00543    CDp =  0.00224

 Side 1  free  transition at x/c =  0.5579   60
 Side 2  free  transition at x/c =  0.9856   79

  53   rms: 0.3645E-03   max: -.5029E-02   D at   80  2
       a =  1.500      CL =  0.5592
      Cm = -0.0820     CD =  0.00767   =>   CDf =  0.00543    CDp =  0.00225

 Side 1  free  transition at x/c =  0.5580   60
 Side 2  free  transition at x/c =  0.9872   80

  54   rms: 0.6462E-02   max: 0.1242E+00   C at   80  2
       a =  1.500      CL =  0.5595
      Cm = -0.0820     CD =  0.00767   =>   CDf =  0.00543    CDp =  0.00224

 Side 1  free  transition at x/c =  0.5579   60
 Side 2  free  transition at x/c =  0.9856   79

  55   rms: 0.3645E-03   max: -.5029E-02   D at   80  2
       a =  1.500      CL =  0.5592
      Cm = -0.0820     CD =  0.00767   =>   CDf =  0.00543    CDp =  0.00225

 Side 1  free  transition at x/c =  0.5580   60
 Side 2  free  transition at x/c =  0.9872   80

  56   rms: 0.6462E-02   max: 0.1242E+00   C at   80  2
       a =  1.500      CL =  0.5595
      Cm = -0.0820     CD =  0.00767   =>   CDf =  0.00543    CDp =  0.00224

 Side 1  free  transition at x/c =  0.5579   60
 Side 2  free  transition at x/c =  0.9856   79

  57   rms: 0.3645E-03   max: -.5029E-02   D at   80  2
       a =  1.500      CL =  0.5592
      Cm = -0.0820     CD =  0.00767   =>   CDf =  0.00543    CDp =  0.00225

 Side 1  free  transition at x/c =  0.5580   60
 Side 2  free  transition at x/c =  0.9872   80

  58   rms: 0.6462E-02   max: 0.1242E+00   C at   80  2
       a =  1.500      CL =  0.5595
      Cm = -0.0820     CD =  0.00767   =>   CDf =  0.00543    CDp =  0.00224

 Side 1  free  transition at x/c =  0.5579   60
 Side 2  free  transition at x/c =  0.9856   79

  59   rms: 0.3645E-03   max: -.5029E-02   D at   80  2
       a =  1.500      CL =  0.5592
      Cm = -0.0820     CD =  0.00767   =>   CDf =  0.00543    CDp =  0.00225

 Side 1  free  transition at x/c =  0.5580   60
 Side 2  free  transition at x/c =  0.9872   80

  60   rms: 0.6462E-02   max: 0.1242E+00   C at   80  2
       a =  1.500      CL =  0.5595
      Cm = -0.0820     CD =  0.00767   =>   CDf =  0.00543    CDp =  0.00224

 Side 1  free  transition at x/c =  0.5579   60
 Side 2  free  transition at x/c =  0.9856   79

  61   rms: 0.3645E-03   max: -.5029E-02   D at   80  2
       a =  1.500      CL =  0.5592
      Cm = -0.0820     CD =  0.00767   =>   CDf =  0.00543    CDp =  0.00225

 Side 1  free  transition at x/c =  0.5580   60
 Side 2  free  transition at x/c =  0.9872   80

  62   rms: 0.6462E-02   max: 0.1242E+00   C at   80  2
       a =  1.500      CL =  0.5595
      Cm = -0.0820     CD =  0.00767   =>   CDf =  0.00543    CDp =  0.00224

 Side 1  free  transition at x/c =  0.5579   60
 Side 2  free  transition at x/c =  0.9856   79

  63   rms: 0.3645E-03   max: -.5029E-02   D at   80  2
       a =  1.500      CL =  0.5592
      Cm = -0.0820     CD =  0.00767   =>   CDf =  0.00543    CDp =  0.00225

 Side 1  free  transition at x/c =  0.5580   60
 Side 2  free  transition at x/c =  0.9872   80

  64   rms: 0.6462E-02   max: 0.1242E+00   C at   80  2
       a =  1.500      CL =  0.5595
      Cm = -0.0820     CD =  0.00767   =>   CDf =  0.00543    CDp =  0.00224

 Side 1  free  transition at x/c =  0.5579   60
 Side 2  free  transition at x/c =  0.9856   79

  65   rms: 0.3645E-03   max: -.5029E-02   D at   80  2
       a =  1.500      CL =  0.5592
      Cm = -0.0820     CD =  0.00767   =>   CDf =  0.00543    CDp =  0.00225

 Side 1  free  transition at x/c =  0.5580   60
 Side 2  free  transition at x/c =  0.9872   80

  66   rms: 0.6462E-02   max: 0.1242E+00   C at   80  2
       a =  1.500      CL =  0.5595
      Cm = -0.0820     CD =  0.00767   =>   CDf =  0.00543    CDp =  0.00224

 Side 1  free  transition at x/c =  0.5579   60
 Side 2  free  transition at x/c =  0.9856   79

  67   rms: 0.3645E-03   max: -.5029E-02   D at   80  2
       a =  1.500      CL =  0.5592
      Cm = -0.0820     CD =  0.00767   =>   CDf =  0.00543    CDp =  0.00225

 Side 1  free  transition at x/c =  0.5580   60
 Side 2  free  transition at x/c =  0.9872   80

  68   rms: 0.6462E-02   max: 0.1242E+00   C at   80  2
       a =  1.500      CL =  0.5595
      Cm = -0.0820     CD =  0.00767   =>   CDf =  0.00543    CDp =  0.00224

 Side 1  free  transition at x/c =  0.5579   60
 Side 2  free  transition at x/c =  0.9856   79

  69   rms: 0.3645E-03   max: -.5029E-02   D at   80  2
       a =  1.500      CL =  0.5592
      Cm = -0.0820     CD =  0.00767   =>   CDf =  0.00543    CDp =  0.00225

 Side 1  free  transition at x/c =  0.5580   60
 Side 2  free  transition at x/c =  0.9872   80

  70   rms: 0.6462E-02   max: 0.1242E+00   C at   80  2
       a =  1.500      CL =  0.5595
      Cm = -0.0820     CD =  0.00767   =>   CDf =  0.00543    CDp =  0.00224

 Side 1  free  transition at x/c =  0.5579   60
 Side 2  free  transition at x/c =  0.9856   79

  71   rms: 0.3645E-03   max: -.5029E-02   D at   80  2
       a =  1.500      CL =  0.5592
      Cm = -0.0820     CD =  0.00767   =>   CDf =  0.00543    CDp =  0.00225

 Side 1  free  transition at x/c =  0.5580   60
 Side 2  free  transition at x/c =  0.9872   80

  72   rms: 0.6462E-02   max: 0.1242E+00   C at   80  2
       a =  1.500      CL =  0.5595
      Cm = -0.0820     CD =  0.00767   =>   CDf =  0.00543    CDp =  0.00224

 Side 1  free  transition at x/c =  0.5579   60
 Side 2  free  transition at x/c =  0.9856   79

  73   rms: 0.3645E-03   max: -.5029E-02   D at   80  2
       a =  1.500      CL =  0.5592
      Cm = -0.0820     CD =  0.00767   =>   CDf =  0.00543    CDp =  0.00225

 Side 1  free  transition at x/c =  0.5580   60
 Side 2  free  transition at x/c =  0.9872   80

  74   rms: 0.6462E-02   max: 0.1242E+00   C at   80  2
       a =  1.500      CL =  0.5595
      Cm = -0.0820     CD =  0.00767   =>   CDf =  0.00543    CDp =  0.00224

 Side 1  free  transition at x/c =  0.5579   60
 Side 2  free  transition at x/c =  0.9856   79

  75   rms: 0.3645E-03   max: -.5029E-02   D at   80  2
       a =  1.500      CL =  0.5592
      Cm = -0.0820     CD =  0.00767   =>   CDf =  0.00543    CDp =  0.00225

 Side 1  free  transition at x/c =  0.5580   60
 Side 2  free  transition at x/c =  0.9872   80

  76   rms: 0.6462E-02   max: 0.1242E+00   C at   80  2
       a =  1.500      CL =  0.5595
      Cm = -0.0820     CD =  0.00767   =>   CDf =  0.00543    CDp =  0.00224

 Side 1  free  transition at x/c =  0.5579   60
 Side 2  free  transition at x/c =  0.9856   79

  77   rms: 0.3645E-03   max: -.5029E-02   D at   80  2
       a =  1.500      CL =  0.5592
      Cm = -0.0820     CD =  0.00767   =>   CDf =  0.00543    CDp =  0.00225

 Side 1  free  transition at x/c =  0.5580   60
 Side 2  free  transition at x/c =  0.9872   80

  78   rms: 0.6462E-02   max: 0.1242E+00   C at   80  2
       a =  1.500      CL =  0.5595
      Cm = -0.0820     CD =  0.00767   =>   CDf =  0.00543    CDp =  0.00224

 Side 1  free  transition at x/c =  0.5579   60
 Side 2  free  transition at x/c =  0.9856   79

  79   rms: 0.3645E-03   max: -.5029E-02   D at   80  2
       a =  1.500      CL =  0.5592
      Cm = -0.0820     CD =  0.00767   =>   CDf =  0.00543    CDp =  0.00225

 Side 1  free  transition at x/c =  0.5580   60
 Side 2  free  transition at x/c =  0.9872   80

  80   rms: 0.6462E-02   max: 0.1242E+00   C at   80  2
       a =  1.500      CL =  0.5595
      Cm = -0.0820     CD =  0.00767   =>   CDf =  0.00543    CDp =  0.00224

 Side 1  free  transition at x/c =  0.5579   60
 Side 2  free  transition at x/c =  0.9856   79

  81   rms: 0.3645E-03   max: -.5029E-02   D at   80  2
       a =  1.500      CL =  0.5592
      Cm = -0.0820     CD =  0.00767   =>   CDf =  0.00543    CDp =  0.00225

 Side 1  free  transition at x/c =  0.5580   60
 Side 2  free  transition at x/c =  0.9872   80

  82   rms: 0.6462E-02   max: 0.1242E+00   C at   80  2
       a =  1.500      CL =  0.5595
      Cm = -0.0820     CD =  0.00767   =>   CDf =  0.00543    CDp =  0.00224

 Side 1  free  transition at x/c =  0.5579   60
 Side 2  free  transition at x/c =  0.9856   79

  83   rms: 0.3645E-03   max: -.5029E-02   D at   80  2
       a =  1.500      CL =  0.5592
      Cm = -0.0820     CD =  0.00767   =>   CDf =  0.00543    CDp =  0.00225

 Side 1  free  transition at x/c =  0.5580   60
 Side 2  free  transition at x/c =  0.9872   80

  84   rms: 0.6462E-02   max: 0.1242E+00   C at   80  2
       a =  1.500      CL =  0.5595
      Cm = -0.0820     CD =  0.00767   =>   CDf =  0.00543    CDp =  0.00224

 Side 1  free  transition at x/c =  0.5579   60
 Side 2  free  transition at x/c =  0.9856   79

  85   rms: 0.3645E-03   max: -.5029E-02   D at   80  2
       a =  1.500      CL =  0.5592
      Cm = -0.0820     CD =  0.00767   =>   CDf =  0.00543    CDp =  0.00225

 Side 1  free  transition at x/c =  0.5580   60
 Side 2  free  transition at x/c =  0.9872   80

  86   rms: 0.6462E-02   max: 0.1242E+00   C at   80  2
       a =  1.500      CL =  0.5595
      Cm = -0.0820     CD =  0.00767   =>   CDf =  0.00543    CDp =  0.00224

 Side 1  free  transition at x/c =  0.5579   60
 Side 2  free  transition at x/c =  0.9856   79

  87   rms: 0.3645E-03   max: -.5029E-02   D at   80  2
       a =  1.500      CL =  0.5592
      Cm = -0.0820     CD =  0.00767   =>   CDf =  0.00543    CDp =  0.00225

 Side 1  free  transition at x/c =  0.5580   60
 Side 2  free  transition at x/c =  0.9872   80

  88   rms: 0.6462E-02   max: 0.1242E+00   C at   80  2
       a =  1.500      CL =  0.5595
      Cm = -0.0820     CD =  0.00767   =>   CDf =  0.00543    CDp =  0.00224

 Side 1  free  transition at x/c =  0.5579   60
 Side 2  free  transition at x/c =  0.9856   79

  89   rms: 0.3645E-03   max: -.5029E-02   D at   80  2
       a =  1.500      CL =  0.5592
      Cm = -0.0820     CD =  0.00767   =>   CDf =  0.00543    CDp =  0.00225

 Side 1  free  transition at x/c =  0.5580   60
 Side 2  free  transition at x/c =  0.9872   80

  90   rms: 0.6462E-02   max: 0.1242E+00   C at   80  2
       a =  1.500      CL =  0.5595
      Cm = -0.0820     CD =  0.00767   =>   CDf =  0.00543    CDp =  0.00224

 Side 1  free  transition at x/c =  0.5579   60
 Side 2  free  transition at x/c =  0.9856   79

  91   rms: 0.3645E-03   max: -.5029E-02   D at   80  2
       a =  1.500      CL =  0.5592
      Cm = -0.0820     CD =  0.00767   =>   CDf =  0.00543    CDp =  0.00225

 Side 1  free  transition at x/c =  0.5580   60
 Side 2  free  transition at x/c =  0.9872   80

  92   rms: 0.6462E-02   max: 0.1242E+00   C at   80  2
       a =  1.500      CL =  0.5595
      Cm = -0.0820     CD =  0.00767   =>   CDf =  0.00543    CDp =  0.00224

 Side 1  free  transition at x/c =  0.5579   60
 Side 2  free  transition at x/c =  0.9856   79

  93   rms: 0.3645E-03   max: -.5029E-02   D at   80  2
       a =  1.500      CL =  0.5592
      Cm = -0.0820     CD =  0.00767   =>   CDf =  0.00543    CDp =  0.00225

 Side 1  free  transition at x/c =  0.5580   60
 Side 2  free  transition at x/c =  0.9872   80

  94   rms: 0.6462E-02   max: 0.1242E+00   C at   80  2
       a =  1.500      CL =  0.5595
      Cm = -0.0820     CD =  0.00767   =>   CDf =  0.00543    CDp =  0.00224

 Side 1  free  transition at x/c =  0.5579   60
 Side 2  free  transition at x/c =  0.9856   79

  95   rms: 0.3645E-03   max: -.5029E-02   D at   80  2
       a =  1.500      CL =  0.5592
      Cm = -0.0820     CD =  0.00767   =>   CDf =  0.00543    CDp =  0.00225

 Side 1  free  transition at x/c =  0.5580   60
 Side 2  free  transition at x/c =  0.9872   80

  96   rms: 0.6462E-02   max: 0.1242E+00   C at   80  2
       a =  1.500      CL =  0.5595
      Cm = -0.0820     CD =  0.00767   =>   CDf =  0.00543    CDp =  0.00224

 Side 1  free  transition at x/c =  0.5579   60
 Side 2  free  transition at x/c =  0.9856   79

  97   rms: 0.3645E-03   max: -.5029E-02   D at   80  2
       a =  1.500      CL =  0.5592
      Cm = -0.0820     CD =  0.00767   =>   CDf =  0.00543    CDp =  0.00225

 Side 1  free  transition at x/c =  0.5580   60
 Side 2  free  transition at x/c =  0.9872   80

  98   rms: 0.6462E-02   max: 0.1242E+00   C at   80  2
       a =  1.500      CL =  0.5595
      Cm = -0.0820     CD =  0.00767   =>   CDf =  0.00543    CDp =  0.00224

 Side 1  free  transition at x/c =  0.5579   60
 Side 2  free  transition at x/c =  0.9856   79

  99   rms: 0.3645E-03   max: -.5029E-02   D at   80  2
       a =  1.500      CL =  0.5592
      Cm = -0.0820     CD =  0.00767   =>   CDf =  0.00543    CDp =  0.00225

 Side 1  free  transition at x/c =  0.5580   60
 Side 2  free  transition at x/c =  0.9872   80

 100   rms: 0.6462E-02   max: 0.1242E+00   C at   80  2
       a =  1.500      CL =  0.5595
      Cm = -0.0820     CD =  0.00767   =>   CDf =  0.00543    CDp =  0.00224

 Side 1  free  transition at x/c =  0.5579   60
 Side 2  free  transition at x/c =  0.9856   79

 101   rms: 0.3645E-03   max: -.5029E-02   D at   80  2
       a =  1.500      CL =  0.5592
      Cm = -0.0820     CD =  0.00767   =>   CDf =  0.00543    CDp =  0.00225

 Side 1  free  transition at x/c =  0.5580   60
 Side 2  free  transition at x/c =  0.9872   80

 102   rms: 0.6462E-02   max: 0.1242E+00   C at   80  2
       a =  1.500      CL =  0.5595
      Cm = -0.0820     CD =  0.00767   =>   CDf =  0.00543    CDp =  0.00224

 Side 1  free  transition at x/c =  0.5579   60
 Side 2  free  transition at x/c =  0.9856   79

 103   rms: 0.3645E-03   max: -.5029E-02   D at   80  2
       a =  1.500      CL =  0.5592
      Cm = -0.0820     CD =  0.00767   =>   CDf =  0.00543    CDp =  0.00225

 Side 1  free  transition at x/c =  0.5580   60
 Side 2  free  transition at x/c =  0.9872   80

 104   rms: 0.6462E-02   max: 0.1242E+00   C at   80  2
       a =  1.500      CL =  0.5595
      Cm = -0.0820     CD =  0.00767   =>   CDf =  0.00543    CDp =  0.00224

 Side 1  free  transition at x/c =  0.5579   60
 Side 2  free  transition at x/c =  0.9856   79

 105   rms: 0.3645E-03   max: -.5029E-02   D at   80  2
       a =  1.500      CL =  0.5592
      Cm = -0.0820     CD =  0.00767   =>   CDf =  0.00543    CDp =  0.00225

 Side 1  free  transition at x/c =  0.5580   60
 Side 2  free  transition at x/c =  0.9872   80

 106   rms: 0.6462E-02   max: 0.1242E+00   C at   80  2
       a =  1.500      CL =  0.5595
      Cm = -0.0820     CD =  0.00767   =>   CDf =  0.00543    CDp =  0.00224

 Side 1  free  transition at x/c =  0.5579   60
 Side 2  free  transition at x/c =  0.9856   79

 107   rms: 0.3645E-03   max: -.5029E-02   D at   80  2
       a =  1.500      CL =  0.5592
      Cm = -0.0820     CD =  0.00767   =>   CDf =  0.00543    CDp =  0.00225

 Side 1  free  transition at x/c =  0.5580   60
 Side 2  free  transition at x/c =  0.9872   80

 108   rms: 0.6462E-02   max: 0.1242E+00   C at   80  2
       a =  1.500      CL =  0.5595
      Cm = -0.0820     CD =  0.00767   =>   CDf =  0.00543    CDp =  0.00224

 Side 1  free  transition at x/c =  0.5579   60
 Side 2  free  transition at x/c =  0.9856   79

 109   rms: 0.3645E-03   max: -.5029E-02   D at   80  2
       a =  1.500      CL =  0.5592
      Cm = -0.0820     CD =  0.00767   =>   CDf =  0.00543    CDp =  0.00225

 Side 1  free  transition at x/c =  0.5580   60
 Side 2  free  transition at x/c =  0.9872   80

 110   rms: 0.6462E-02   max: 0.1242E+00   C at   80  2
       a =  1.500      CL =  0.5595
      Cm = -0.0820     CD =  0.00767   =>   CDf =  0.00543    CDp =  0.00224

 Side 1  free  transition at x/c =  0.5579   60
 Side 2  free  transition at x/c =  0.9856   79

 111   rms: 0.3645E-03   max: -.5029E-02   D at   80  2
       a =  1.500      CL =  0.5592
      Cm = -0.0820     CD =  0.00767   =>   CDf =  0.00543    CDp =  0.00225

 Side 1  free  transition at x/c =  0.5580   60
 Side 2  free  transition at x/c =  0.9872   80

 112   rms: 0.6462E-02   max: 0.1242E+00   C at   80  2
       a =  1.500      CL =  0.5595
      Cm = -0.0820     CD =  0.00767   =>   CDf =  0.00543    CDp =  0.00224

 Side 1  free  transition at x/c =  0.5579   60
 Side 2  free  transition at x/c =  0.9856   79

 113   rms: 0.3645E-03   max: -.5029E-02   D at   80  2
       a =  1.500      CL =  0.5592
      Cm = -0.0820     CD =  0.00767   =>   CDf =  0.00543    CDp =  0.00225

 Side 1  free  transition at x/c =  0.5580   60
 Side 2  free  transition at x/c =  0.9872   80

 114   rms: 0.6462E-02   max: 0.1242E+00   C at   80  2
       a =  1.500      CL =  0.5595
      Cm = -0.0820     CD =  0.00767   =>   CDf =  0.00543    CDp =  0.00224

 Side 1  free  transition at x/c =  0.5579   60
 Side 2  free  transition at x/c =  0.9856   79

 115   rms: 0.3645E-03   max: -.5029E-02   D at   80  2
       a =  1.500      CL =  0.5592
      Cm = -0.0820     CD =  0.00767   =>   CDf =  0.00543    CDp =  0.00225

 Side 1  free  transition at x/c =  0.5580   60
 Side 2  free  transition at x/c =  0.9872   80

 116   rms: 0.6462E-02   max: 0.1242E+00   C at   80  2
       a =  1.500      CL =  0.5595
      Cm = -0.0820     CD =  0.00767   =>   CDf =  0.00543    CDp =  0.00224

 Side 1  free  transition at x/c =  0.5579   60
 Side 2  free  transition at x/c =  0.9856   79

 117   rms: 0.3645E-03   max: -.5029E-02   D at   80  2
       a =  1.500      CL =  0.5592
      Cm = -0.0820     CD =  0.00767   =>   CDf =  0.00543    CDp =  0.00225

 Side 1  free  transition at x/c =  0.5580   60
 Side 2  free  transition at x/c =  0.9872   80

 118   rms: 0.6462E-02   max: 0.1242E+00   C at   80  2
       a =  1.500      CL =  0.5595
      Cm = -0.0820     CD =  0.00767   =>   CDf =  0.00543    CDp =  0.00224

 Side 1  free  transition at x/c =  0.5579   60
 Side 2  free  transition at x/c =  0.9856   79

 119   rms: 0.3645E-03   max: -.5029E-02   D at   80  2
       a =  1.500      CL =  0.5592
      Cm = -0.0820     CD =  0.00767   =>   CDf =  0.00543    CDp =  0.00225

 Side 1  free  transition at x/c =  0.5580   60
 Side 2  free  transition at x/c =  0.9872   80

 120   rms: 0.6462E-02   max: 0.1242E+00   C at   80  2
       a =  1.500      CL =  0.5595
      Cm = -0.0820     CD =  0.00767   =>   CDf =  0.00543    CDp =  0.00224

 Side 1  free  transition at x/c =  0.5579   60
 Side 2  free  transition at x/c =  0.9856   79

 121   rms: 0.3645E-03   max: -.5029E-02   D at   80  2
       a =  1.500      CL =  0.5592
      Cm = -0.0820     CD =  0.00767   =>   CDf =  0.00543    CDp =  0.00225

 Side 1  free  transition at x/c =  0.5580   60
 Side 2  free  transition at x/c =  0.9872   80

 122   rms: 0.6462E-02   max: 0.1242E+00   C at   80  2
       a =  1.500      CL =  0.5595
      Cm = -0.0820     CD =  0.00767   =>   CDf =  0.00543    CDp =  0.00224

 Side 1  free  transition at x/c =  0.5579   60
 Side 2  free  transition at x/c =  0.9856   79

 123   rms: 0.3645E-03   max: -.5029E-02   D at   80  2
       a =  1.500      CL =  0.5592
      Cm = -0.0820     CD =  0.00767   =>   CDf =  0.00543    CDp =  0.00225

 Side 1  free  transition at x/c =  0.5580   60
 Side 2  free  transition at x/c =  0.9872   80

 124   rms: 0.6462E-02   max: 0.1242E+00   C at   80  2
       a =  1.500      CL =  0.5595
      Cm = -0.0820     CD =  0.00767   =>   CDf =  0.00543    CDp =  0.00224

 Side 1  free  transition at x/c =  0.5579   60
 Side 2  free  transition at x/c =  0.9856   79

 125   rms: 0.3645E-03   max: -.5029E-02   D at   80  2
       a =  1.500      CL =  0.5592
      Cm = -0.0820     CD =  0.00767   =>   CDf =  0.00543    CDp =  0.00225

 Side 1  free  transition at x/c =  0.5580   60
 Side 2  free  transition at x/c =  0.9872   80

 126   rms: 0.6462E-02   max: 0.1242E+00   C at   80  2
       a =  1.500      CL =  0.5595
      Cm = -0.0820     CD =  0.00767   =>   CDf =  0.00543    CDp =  0.00224

 Side 1  free  transition at x/c =  0.5579   60
 Side 2  free  transition at x/c =  0.9856   79

 127   rms: 0.3645E-03   max: -.5029E-02   D at   80  2
       a =  1.500      CL =  0.5592
      Cm = -0.0820     CD =  0.00767   =>   CDf =  0.00543    CDp =  0.00225

 Side 1  free  transition at x/c =  0.5580   60
 Side 2  free  transition at x/c =  0.9872   80

 128   rms: 0.6462E-02   max: 0.1242E+00   C at   80  2
       a =  1.500      CL =  0.5595
      Cm = -0.0820     CD =  0.00767   =>   CDf =  0.00543    CDp =  0.00224

 Side 1  free  transition at x/c =  0.5579   60
 Side 2  free  transition at x/c =  0.9856   79

 129   rms: 0.3645E-03   max: -.5029E-02   D at   80  2
       a =  1.500      CL =  0.5592
      Cm = -0.0820     CD =  0.00767   =>   CDf =  0.00543    CDp =  0.00225

 Side 1  free  transition at x/c =  0.5580   60
 Side 2  free  transition at x/c =  0.9872   80

 130   rms: 0.6462E-02   max: 0.1242E+00   C at   80  2
       a =  1.500      CL =  0.5595
      Cm = -0.0820     CD =  0.00767   =>   CDf =  0.00543    CDp =  0.00224

 Side 1  free  transition at x/c =  0.5579   60
 Side 2  free  transition at x/c =  0.9856   79

 131   rms: 0.3645E-03   max: -.5029E-02   D at   80  2
       a =  1.500      CL =  0.5592
      Cm = -0.0820     CD =  0.00767   =>   CDf =  0.00543    CDp =  0.00225

 Side 1  free  transition at x/c =  0.5580   60
 Side 2  free  transition at x/c =  0.9872   80

 132   rms: 0.6462E-02   max: 0.1242E+00   C at   80  2
       a =  1.500      CL =  0.5595
      Cm = -0.0820     CD =  0.00767   =>   CDf =  0.00543    CDp =  0.00224

 Side 1  free  transition at x/c =  0.5579   60
 Side 2  free  transition at x/c =  0.9856   79

 133   rms: 0.3645E-03   max: -.5029E-02   D at   80  2
       a =  1.500      CL =  0.5592
      Cm = -0.0820     CD =  0.00767   =>   CDf =  0.00543    CDp =  0.00225

 Side 1  free  transition at x/c =  0.5580   60
 Side 2  free  transition at x/c =  0.9872   80

 134   rms: 0.6462E-02   max: 0.1242E+00   C at   80  2
       a =  1.500      CL =  0.5595
      Cm = -0.0820     CD =  0.00767   =>   CDf =  0.00543    CDp =  0.00224

 Side 1  free  transition at x/c =  0.5579   60
 Side 2  free  transition at x/c =  0.9856   79

 135   rms: 0.3645E-03   max: -.5029E-02   D at   80  2
       a =  1.500      CL =  0.5592
      Cm = -0.0820     CD =  0.00767   =>   CDf =  0.00543    CDp =  0.00225

 Side 1  free  transition at x/c =  0.5580   60
 Side 2  free  transition at x/c =  0.9872   80

 136   rms: 0.6462E-02   max: 0.1242E+00   C at   80  2
       a =  1.500      CL =  0.5595
      Cm = -0.0820     CD =  0.00767   =>   CDf =  0.00543    CDp =  0.00224

 Side 1  free  transition at x/c =  0.5579   60
 Side 2  free  transition at x/c =  0.9856   79

 137   rms: 0.3645E-03   max: -.5029E-02   D at   80  2
       a =  1.500      CL =  0.5592
      Cm = -0.0820     CD =  0.00767   =>   CDf =  0.00543    CDp =  0.00225

 Side 1  free  transition at x/c =  0.5580   60
 Side 2  free  transition at x/c =  0.9872   80

 138   rms: 0.6462E-02   max: 0.1242E+00   C at   80  2
       a =  1.500      CL =  0.5595
      Cm = -0.0820     CD =  0.00767   =>   CDf =  0.00543    CDp =  0.00224

 Side 1  free  transition at x/c =  0.5579   60
 Side 2  free  transition at x/c =  0.9856   79

 139   rms: 0.3645E-03   max: -.5029E-02   D at   80  2
       a =  1.500      CL =  0.5592
      Cm = -0.0820     CD =  0.00767   =>   CDf =  0.00543    CDp =  0.00225

 Side 1  free  transition at x/c =  0.5580   60
 Side 2  free  transition at x/c =  0.9872   80

 140   rms: 0.6462E-02   max: 0.1242E+00   C at   80  2
       a =  1.500      CL =  0.5595
      Cm = -0.0820     CD =  0.00767   =>   CDf =  0.00543    CDp =  0.00224

 Side 1  free  transition at x/c =  0.5579   60
 Side 2  free  transition at x/c =  0.9856   79

 141   rms: 0.3645E-03   max: -.5029E-02   D at   80  2
       a =  1.500      CL =  0.5592
      Cm = -0.0820     CD =  0.00767   =>   CDf =  0.00543    CDp =  0.00225

 Side 1  free  transition at x/c =  0.5580   60
 Side 2  free  transition at x/c =  0.9872   80

 142   rms: 0.6462E-02   max: 0.1242E+00   C at   80  2
       a =  1.500      CL =  0.5595
      Cm = -0.0820     CD =  0.00767   =>   CDf =  0.00543    CDp =  0.00224

 Side 1  free  transition at x/c =  0.5579   60
 Side 2  free  transition at x/c =  0.9856   79

 143   rms: 0.3645E-03   max: -.5029E-02   D at   80  2
       a =  1.500      CL =  0.5592
      Cm = -0.0820     CD =  0.00767   =>   CDf =  0.00543    CDp =  0.00225

 Side 1  free  transition at x/c =  0.5580   60
 Side 2  free  transition at x/c =  0.9872   80

 144   rms: 0.6462E-02   max: 0.1242E+00   C at   80  2
       a =  1.500      CL =  0.5595
      Cm = -0.0820     CD =  0.00767   =>   CDf =  0.00543    CDp =  0.00224

 Side 1  free  transition at x/c =  0.5579   60
 Side 2  free  transition at x/c =  0.9856   79

 145   rms: 0.3645E-03   max: -.5029E-02   D at   80  2
       a =  1.500      CL =  0.5592
      Cm = -0.0820     CD =  0.00767   =>   CDf =  0.00543    CDp =  0.00225

 Side 1  free  transition at x/c =  0.5580   60
 Side 2  free  transition at x/c =  0.9872   80

 146   rms: 0.6462E-02   max: 0.1242E+00   C at   80  2
       a =  1.500      CL =  0.5595
      Cm = -0.0820     CD =  0.00767   =>   CDf =  0.00543    CDp =  0.00224

 Side 1  free  transition at x/c =  0.5579   60
 Side 2  free  transition at x/c =  0.9856   79

 147   rms: 0.3645E-03   max: -.5029E-02   D at   80  2
       a =  1.500      CL =  0.5592
      Cm = -0.0820     CD =  0.00767   =>   CDf =  0.00543    CDp =  0.00225

 Side 1  free  transition at x/c =  0.5580   60
 Side 2  free  transition at x/c =  0.9872   80

 148   rms: 0.6462E-02   max: 0.1242E+00   C at   80  2
       a =  1.500      CL =  0.5595
      Cm = -0.0820     CD =  0.00767   =>   CDf =  0.00543    CDp =  0.00224

 Side 1  free  transition at x/c =  0.5579   60
 Side 2  free  transition at x/c =  0.9856   79

 149   rms: 0.3645E-03   max: -.5029E-02   D at   80  2
       a =  1.500      CL =  0.5592
      Cm = -0.0820     CD =  0.00767   =>   CDf =  0.00543    CDp =  0.00225

 Side 1  free  transition at x/c =  0.5580   60
 Side 2  free  transition at x/c =  0.9872   80

 150   rms: 0.6462E-02   max: 0.1242E+00   C at   80  2
       a =  1.500      CL =  0.5595
      Cm = -0.0820     CD =  0.00767   =>   CDf =  0.00543    CDp =  0.00224

 Side 1  free  transition at x/c =  0.5579   60
 Side 2  free  transition at x/c =  0.9856   79

 151   rms: 0.3645E-03   max: -.5029E-02   D at   80  2
       a =  1.500      CL =  0.5592
      Cm = -0.0820     CD =  0.00767   =>   CDf =  0.00543    CDp =  0.00225

 Side 1  free  transition at x/c =  0.5580   60
 Side 2  free  transition at x/c =  0.9872   80

 152   rms: 0.6462E-02   max: 0.1242E+00   C at   80  2
       a =  1.500      CL =  0.5595
      Cm = -0.0820     CD =  0.00767   =>   CDf =  0.00543    CDp =  0.00224

 Side 1  free  transition at x/c =  0.5579   60
 Side 2  free  transition at x/c =  0.9856   79

 153   rms: 0.3645E-03   max: -.5029E-02   D at   80  2
       a =  1.500      CL =  0.5592
      Cm = -0.0820     CD =  0.00767   =>   CDf =  0.00543    CDp =  0.00225

 Side 1  free  transition at x/c =  0.5580   60
 Side 2  free  transition at x/c =  0.9872   80

 154   rms: 0.6462E-02   max: 0.1242E+00   C at   80  2
       a =  1.500      CL =  0.5595
      Cm = -0.0820     CD =  0.00767   =>   CDf =  0.00543    CDp =  0.00224

 Side 1  free  transition at x/c =  0.5579   60
 Side 2  free  transition at x/c =  0.9856   79

 155   rms: 0.3645E-03   max: -.5029E-02   D at   80  2
       a =  1.500      CL =  0.5592
      Cm = -0.0820     CD =  0.00767   =>   CDf =  0.00543    CDp =  0.00225

 Side 1  free  transition at x/c =  0.5580   60
 Side 2  free  transition at x/c =  0.9872   80

 156   rms: 0.6462E-02   max: 0.1242E+00   C at   80  2
       a =  1.500      CL =  0.5595
      Cm = -0.0820     CD =  0.00767   =>   CDf =  0.00543    CDp =  0.00224

 Side 1  free  transition at x/c =  0.5579   60
 Side 2  free  transition at x/c =  0.9856   79

 157   rms: 0.3645E-03   max: -.5029E-02   D at   80  2
       a =  1.500      CL =  0.5592
      Cm = -0.0820     CD =  0.00767   =>   CDf =  0.00543    CDp =  0.00225

 Side 1  free  transition at x/c =  0.5580   60
 Side 2  free  transition at x/c =  0.9872   80

 158   rms: 0.6462E-02   max: 0.1242E+00   C at   80  2
       a =  1.500      CL =  0.5595
      Cm = -0.0820     CD =  0.00767   =>   CDf =  0.00543    CDp =  0.00224

 Side 1  free  transition at x/c =  0.5579   60
 Side 2  free  transition at x/c =  0.9856   79

 159   rms: 0.3645E-03   max: -.5029E-02   D at   80  2
       a =  1.500      CL =  0.5592
      Cm = -0.0820     CD =  0.00767   =>   CDf =  0.00543    CDp =  0.00225

 Side 1  free  transition at x/c =  0.5580   60
 Side 2  free  transition at x/c =  0.9872   80

 160   rms: 0.6462E-02   max: 0.1242E+00   C at   80  2
       a =  1.500      CL =  0.5595
      Cm = -0.0820     CD =  0.00767   =>   CDf =  0.00543    CDp =  0.00224

 Side 1  free  transition at x/c =  0.5579   60
 Side 2  free  transition at x/c =  0.9856   79

 161   rms: 0.3645E-03   max: -.5029E-02   D at   80  2
       a =  1.500      CL =  0.5592
      Cm = -0.0820     CD =  0.00767   =>   CDf =  0.00543    CDp =  0.00225

 Side 1  free  transition at x/c =  0.5580   60
 Side 2  free  transition at x/c =  0.9872   80

 162   rms: 0.6462E-02   max: 0.1242E+00   C at   80  2
       a =  1.500      CL =  0.5595
      Cm = -0.0820     CD =  0.00767   =>   CDf =  0.00543    CDp =  0.00224

 Side 1  free  transition at x/c =  0.5579   60
 Side 2  free  transition at x/c =  0.9856   79

 163   rms: 0.3645E-03   max: -.5029E-02   D at   80  2
       a =  1.500      CL =  0.5592
      Cm = -0.0820     CD =  0.00767   =>   CDf =  0.00543    CDp =  0.00225

 Side 1  free  transition at x/c =  0.5580   60
 Side 2  free  transition at x/c =  0.9872   80

 164   rms: 0.6462E-02   max: 0.1242E+00   C at   80  2
       a =  1.500      CL =  0.5595
      Cm = -0.0820     CD =  0.00767   =>   CDf =  0.00543    CDp =  0.00224

 Side 1  free  transition at x/c =  0.5579   60
 Side 2  free  transition at x/c =  0.9856   79

 165   rms: 0.3645E-03   max: -.5029E-02   D at   80  2
       a =  1.500      CL =  0.5592
      Cm = -0.0820     CD =  0.00767   =>   CDf =  0.00543    CDp =  0.00225

 Side 1  free  transition at x/c =  0.5580   60
 Side 2  free  transition at x/c =  0.9872   80

 166   rms: 0.6462E-02   max: 0.1242E+00   C at   80  2
       a =  1.500      CL =  0.5595
      Cm = -0.0820     CD =  0.00767   =>   CDf =  0.00543    CDp =  0.00224

 Side 1  free  transition at x/c =  0.5579   60
 Side 2  free  transition at x/c =  0.9856   79

 167   rms: 0.3645E-03   max: -.5029E-02   D at   80  2
       a =  1.500      CL =  0.5592
      Cm = -0.0820     CD =  0.00767   =>   CDf =  0.00543    CDp =  0.00225

 Side 1  free  transition at x/c =  0.5580   60
 Side 2  free  transition at x/c =  0.9872   80

 168   rms: 0.6462E-02   max: 0.1242E+00   C at   80  2
       a =  1.500      CL =  0.5595
      Cm = -0.0820     CD =  0.00767   =>   CDf =  0.00543    CDp =  0.00224

 Side 1  free  transition at x/c =  0.5579   60
 Side 2  free  transition at x/c =  0.9856   79

 169   rms: 0.3645E-03   max: -.5029E-02   D at   80  2
       a =  1.500      CL =  0.5592
      Cm = -0.0820     CD =  0.00767   =>   CDf =  0.00543    CDp =  0.00225

 Side 1  free  transition at x/c =  0.5580   60
 Side 2  free  transition at x/c =  0.9872   80

 170   rms: 0.6462E-02   max: 0.1242E+00   C at   80  2
       a =  1.500      CL =  0.5595
      Cm = -0.0820     CD =  0.00767   =>   CDf =  0.00543    CDp =  0.00224

 Side 1  free  transition at x/c =  0.5579   60
 Side 2  free  transition at x/c =  0.9856   79

 171   rms: 0.3645E-03   max: -.5029E-02   D at   80  2
       a =  1.500      CL =  0.5592
      Cm = -0.0820     CD =  0.00767   =>   CDf =  0.00543    CDp =  0.00225

 Side 1  free  transition at x/c =  0.5580   60
 Side 2  free  transition at x/c =  0.9872   80

 172   rms: 0.6462E-02   max: 0.1242E+00   C at   80  2
       a =  1.500      CL =  0.5595
      Cm = -0.0820     CD =  0.00767   =>   CDf =  0.00543    CDp =  0.00224

 Side 1  free  transition at x/c =  0.5579   60
 Side 2  free  transition at x/c =  0.9856   79

 173   rms: 0.3645E-03   max: -.5029E-02   D at   80  2
       a =  1.500      CL =  0.5592
      Cm = -0.0820     CD =  0.00767   =>   CDf =  0.00543    CDp =  0.00225

 Side 1  free  transition at x/c =  0.5580   60
 Side 2  free  transition at x/c =  0.9872   80

 174   rms: 0.6462E-02   max: 0.1242E+00   C at   80  2
       a =  1.500      CL =  0.5595
      Cm = -0.0820     CD =  0.00767   =>   CDf =  0.00543    CDp =  0.00224

 Side 1  free  transition at x/c =  0.5579   60
 Side 2  free  transition at x/c =  0.9856   79

 175   rms: 0.3645E-03   max: -.5029E-02   D at   80  2
       a =  1.500      CL =  0.5592
      Cm = -0.0820     CD =  0.00767   =>   CDf =  0.00543    CDp =  0.00225

 Side 1  free  transition at x/c =  0.5580   60
 Side 2  free  transition at x/c =  0.9872   80

 176   rms: 0.6462E-02   max: 0.1242E+00   C at   80  2
       a =  1.500      CL =  0.5595
      Cm = -0.0820     CD =  0.00767   =>   CDf =  0.00543    CDp =  0.00224

 Side 1  free  transition at x/c =  0.5579   60
 Side 2  free  transition at x/c =  0.9856   79

 177   rms: 0.3645E-03   max: -.5029E-02   D at   80  2
       a =  1.500      CL =  0.5592
      Cm = -0.0820     CD =  0.00767   =>   CDf =  0.00543    CDp =  0.00225

 Side 1  free  transition at x/c =  0.5580   60
 Side 2  free  transition at x/c =  0.9872   80

 178   rms: 0.6462E-02   max: 0.1242E+00   C at   80  2
       a =  1.500      CL =  0.5595
      Cm = -0.0820     CD =  0.00767   =>   CDf =  0.00543    CDp =  0.00224

 Side 1  free  transition at x/c =  0.5579   60
 Side 2  free  transition at x/c =  0.9856   79

 179   rms: 0.3645E-03   max: -.5029E-02   D at   80  2
       a =  1.500      CL =  0.5592
      Cm = -0.0820     CD =  0.00767   =>   CDf =  0.00543    CDp =  0.00225

 Side 1  free  transition at x/c =  0.5580   60
 Side 2  free  transition at x/c =  0.9872   80

 180   rms: 0.6462E-02   max: 0.1242E+00   C at   80  2
       a =  1.500      CL =  0.5595
      Cm = -0.0820     CD =  0.00767   =>   CDf =  0.00543    CDp =  0.00224

 Side 1  free  transition at x/c =  0.5579   60
 Side 2  free  transition at x/c =  0.9856   79

 181   rms: 0.3645E-03   max: -.5029E-02   D at   80  2
       a =  1.500      CL =  0.5592
      Cm = -0.0820     CD =  0.00767   =>   CDf =  0.00543    CDp =  0.00225

 Side 1  free  transition at x/c =  0.5580   60
 Side 2  free  transition at x/c =  0.9872   80

 182   rms: 0.6462E-02   max: 0.1242E+00   C at   80  2
       a =  1.500      CL =  0.5595
      Cm = -0.0820     CD =  0.00767   =>   CDf =  0.00543    CDp =  0.00224

 Side 1  free  transition at x/c =  0.5579   60
 Side 2  free  transition at x/c =  0.9856   79

 183   rms: 0.3645E-03   max: -.5029E-02   D at   80  2
       a =  1.500      CL =  0.5592
      Cm = -0.0820     CD =  0.00767   =>   CDf =  0.00543    CDp =  0.00225

 Side 1  free  transition at x/c =  0.5580   60
 Side 2  free  transition at x/c =  0.9872   80

 184   rms: 0.6462E-02   max: 0.1242E+00   C at   80  2
       a =  1.500      CL =  0.5595
      Cm = -0.0820     CD =  0.00767   =>   CDf =  0.00543    CDp =  0.00224

 Side 1  free  transition at x/c =  0.5579   60
 Side 2  free  transition at x/c =  0.9856   79

 185   rms: 0.3645E-03   max: -.5029E-02   D at   80  2
       a =  1.500      CL =  0.5592
      Cm = -0.0820     CD =  0.00767   =>   CDf =  0.00543    CDp =  0.00225

 Side 1  free  transition at x/c =  0.5580   60
 Side 2  free  transition at x/c =  0.9872   80

 186   rms: 0.6462E-02   max: 0.1242E+00   C at   80  2
       a =  1.500      CL =  0.5595
      Cm = -0.0820     CD =  0.00767   =>   CDf =  0.00543    CDp =  0.00224

 Side 1  free  transition at x/c =  0.5579   60
 Side 2  free  transition at x/c =  0.9856   79

 187   rms: 0.3645E-03   max: -.5029E-02   D at   80  2
       a =  1.500      CL =  0.5592
      Cm = -0.0820     CD =  0.00767   =>   CDf =  0.00543    CDp =  0.00225

 Side 1  free  transition at x/c =  0.5580   60
 Side 2  free  transition at x/c =  0.9872   80

 188   rms: 0.6462E-02   max: 0.1242E+00   C at   80  2
       a =  1.500      CL =  0.5595
      Cm = -0.0820     CD =  0.00767   =>   CDf =  0.00543    CDp =  0.00224

 Side 1  free  transition at x/c =  0.5579   60
 Side 2  free  transition at x/c =  0.9856   79

 189   rms: 0.3645E-03   max: -.5029E-02   D at   80  2
       a =  1.500      CL =  0.5592
      Cm = -0.0820     CD =  0.00767   =>   CDf =  0.00543    CDp =  0.00225

 Side 1  free  transition at x/c =  0.5580   60
 Side 2  free  transition at x/c =  0.9872   80

 190   rms: 0.6462E-02   max: 0.1242E+00   C at   80  2
       a =  1.500      CL =  0.5595
      Cm = -0.0820     CD =  0.00767   =>   CDf =  0.00543    CDp =  0.00224

 Side 1  free  transition at x/c =  0.5579   60
 Side 2  free  transition at x/c =  0.9856   79

 191   rms: 0.3645E-03   max: -.5029E-02   D at   80  2
       a =  1.500      CL =  0.5592
      Cm = -0.0820     CD =  0.00767   =>   CDf =  0.00543    CDp =  0.00225

 Side 1  free  transition at x/c =  0.5580   60
 Side 2  free  transition at x/c =  0.9872   80

 192   rms: 0.6462E-02   max: 0.1242E+00   C at   80  2
       a =  1.500      CL =  0.5595
      Cm = -0.0820     CD =  0.00767   =>   CDf =  0.00543    CDp =  0.00224

 Side 1  free  transition at x/c =  0.5579   60
 Side 2  free  transition at x/c =  0.9856   79

 193   rms: 0.3645E-03   max: -.5029E-02   D at   80  2
       a =  1.500      CL =  0.5592
      Cm = -0.0820     CD =  0.00767   =>   CDf =  0.00543    CDp =  0.00225

 Side 1  free  transition at x/c =  0.5580   60
 Side 2  free  transition at x/c =  0.9872   80

 194   rms: 0.6462E-02   max: 0.1242E+00   C at   80  2
       a =  1.500      CL =  0.5595
      Cm = -0.0820     CD =  0.00767   =>   CDf =  0.00543    CDp =  0.00224

 Side 1  free  transition at x/c =  0.5579   60
 Side 2  free  transition at x/c =  0.9856   79

 195   rms: 0.3645E-03   max: -.5029E-02   D at   80  2
       a =  1.500      CL =  0.5592
      Cm = -0.0820     CD =  0.00767   =>   CDf =  0.00543    CDp =  0.00225

 Side 1  free  transition at x/c =  0.5580   60
 Side 2  free  transition at x/c =  0.9872   80

 196   rms: 0.6462E-02   max: 0.1242E+00   C at   80  2
       a =  1.500      CL =  0.5595
      Cm = -0.0820     CD =  0.00767   =>   CDf =  0.00543    CDp =  0.00224

 Side 1  free  transition at x/c =  0.5579   60
 Side 2  free  transition at x/c =  0.9856   79

 197   rms: 0.3645E-03   max: -.5029E-02   D at   80  2
       a =  1.500      CL =  0.5592
      Cm = -0.0820     CD =  0.00767   =>   CDf =  0.00543    CDp =  0.00225

 Side 1  free  transition at x/c =  0.5580   60
 Side 2  free  transition at x/c =  0.9872   80

 198   rms: 0.6462E-02   max: 0.1242E+00   C at   80  2
       a =  1.500      CL =  0.5595
      Cm = -0.0820     CD =  0.00767   =>   CDf =  0.00543    CDp =  0.00224

 Side 1  free  transition at x/c =  0.5579   60
 Side 2  free  transition at x/c =  0.9856   79

 199   rms: 0.3645E-03   max: -.5029E-02   D at   80  2
       a =  1.500      CL =  0.5592
      Cm = -0.0820     CD =  0.00767   =>   CDf =  0.00543    CDp =  0.00225

 Side 1  free  transition at x/c =  0.5580   60
 Side 2  free  transition at x/c =  0.9872   80

 200   rms: 0.6462E-02   max: 0.1242E+00   C at   80  2
       a =  1.500      CL =  0.5595
      Cm = -0.0820     CD =  0.00767   =>   CDf =  0.00543    CDp =  0.00224

 Side 1  free  transition at x/c =  0.5579   60
 Side 2  free  transition at x/c =  0.9856   79

 201   rms: 0.3645E-03   max: -.5029E-02   D at   80  2
       a =  1.500      CL =  0.5592
      Cm = -0.0820     CD =  0.00767   =>   CDf =  0.00543    CDp =  0.00225

 Side 1  free  transition at x/c =  0.5580   60
 Side 2  free  transition at x/c =  0.9872   80

 202   rms: 0.6462E-02   max: 0.1242E+00   C at   80  2
       a =  1.500      CL =  0.5595
      Cm = -0.0820     CD =  0.00767   =>   CDf =  0.00543    CDp =  0.00224

 Side 1  free  transition at x/c =  0.5579   60
 Side 2  free  transition at x/c =  0.9856   79

 203   rms: 0.3645E-03   max: -.5029E-02   D at   80  2
       a =  1.500      CL =  0.5592
      Cm = -0.0820     CD =  0.00767   =>   CDf =  0.00543    CDp =  0.00225

 Side 1  free  transition at x/c =  0.5580   60
 Side 2  free  transition at x/c =  0.9872   80

 204   rms: 0.6462E-02   max: 0.1242E+00   C at   80  2
       a =  1.500      CL =  0.5595
      Cm = -0.0820     CD =  0.00767   =>   CDf =  0.00543    CDp =  0.00224

 Side 1  free  transition at x/c =  0.5579   60
 Side 2  free  transition at x/c =  0.9856   79

 205   rms: 0.3645E-03   max: -.5029E-02   D at   80  2
       a =  1.500      CL =  0.5592
      Cm = -0.0820     CD =  0.00767   =>   CDf =  0.00543    CDp =  0.00225
 VISCAL:  Convergence failed
      5.000    3.1779   0.007674   0.000000   0.000000   0.000000    0.5579     #
 Calculating wake trajectory ...
 Calculating source influence matrix ...

 Solving BL system ...

 Side 1  free  transition at x/c =  0.5580   60
 Side 2  free  transition at x/c =  0.9872   80

   1   rms: 0.5314E-01   max: 0.3502E+00   C at   60  1
       a =  1.750      CL =  0.5976
      Cm = -0.0843     CD =  0.00782   =>   CDf =  0.00539    CDp =  0.00243

 Side 1  free  transition at x/c =  0.5417   60
 Side 2  free  transition at x/c =  0.9948   79

   2   rms: 0.2081E-02   max: -.1630E-01   C at   60  1
       a =  1.750      CL =  0.5969
      Cm = -0.0842     CD =  0.00780   =>   CDf =  0.00552    CDp =  0.00228

 Side 1  free  transition at x/c =  0.5423   60
 Side 2  free  transition at x/c =  0.9954   79

   3   rms: 0.2788E-03   max: 0.3265E-02   D at    5  1
       a =  1.750      CL =  0.5969
      Cm = -0.0842     CD =  0.00780   =>   CDf =  0.00552    CDp =  0.00229

 Side 1  free  transition at x/c =  0.5423   60
 Side 2  free  transition at x/c =  0.9953   79

   4   rms: 0.1722E-06   max: -.2747E-05   D at    7  1
       a =  1.750      CL =  0.5969
      Cm = -0.0842     CD =  0.00780   =>   CDf =  0.00552    CDp =  0.00229
      5.000    3.1592   0.007801   0.000000   0.000000   0.000000    0.5423     #

 Point added to stored polar  1
 Point written to save file  clarky_re430000_realistic_model.polar           
 Dump file unspecified or not available
 Calculating wake trajectory ...
 Calculating source influence matrix ...

 Solving BL system ...

 Side 1  free  transition at x/c =  0.5423   60
 Side 2  free  transition at x/c =  0.9953   79

   1   rms: 0.5043E-01   max: 0.3643E+00   C at   60  1
       a =  2.000      CL =  0.6326
      Cm = -0.0859     CD =  0.00796   =>   CDf =  0.00552    CDp =  0.00244

 Side 1  free  transition at x/c =  0.5236   59
 Side 2 forced transition at x/c =  1.0000   79

   2   rms: 0.7854E-02   max: -.9619E-01   C at   79  2
       a =  2.000      CL =  0.6278
      Cm = -0.0849     CD =  0.00795   =>   CDf =  0.00563    CDp =  0.00233

 Side 1  free  transition at x/c =  0.5257   59
 Side 2 forced transition at x/c =  1.0000   79

   3   rms: 0.1656E-03   max: 0.2079E-02   C at   79  2
       a =  2.000      CL =  0.6278
      Cm = -0.0849     CD =  0.00795   =>   CDf =  0.00561    CDp =  0.00234

 Side 1  free  transition at x/c =  0.5258   59
 Side 2 forced transition at x/c =  1.0000   79

   4   rms: 0.3673E-06   max: 0.4723E-05   C at   79  2
       a =  2.000      CL =  0.6278
      Cm = -0.0849     CD =  0.00795   =>   CDf =  0.00561    CDp =  0.00234
      5.000    3.1324   0.007953   0.000000   0.000000   0.000000    0.5258     #

 Point added to stored polar  1
 Point written to save file  clarky_re430000_realistic_model.polar           
 Dump file unspecified or not available
 Calculating wake trajectory ...
 Calculating source influence matrix ...

 Solving BL system ...

 Side 1  free  transition at x/c =  0.5258   59
 Side 2 forced transition at x/c =  1.0000   79

   1   rms: 0.4296E-01   max: 0.3672E+00   C at   59  1
       a =  2.250      CL =  0.6516
      Cm = -0.0841     CD =  0.00811   =>   CDf =  0.00561    CDp =  0.00250

 Side 1  free  transition at x/c =  0.5071   58
 Side 2 forced transition at x/c =  1.0000   79

   2   rms: 0.2269E-02   max: -.4631E-01   C at   58  1
       a =  2.250      CL =  0.6514
      Cm = -0.0840     CD =  0.00812   =>   CDf =  0.00572    CDp =  0.00240

 Side 1  free  transition at x/c =  0.5085   58
 Side 2 forced transition at x/c =  1.0000   79

   3   rms: 0.1409E-04   max: -.2471E-03   C at   58  1
       a =  2.250      CL =  0.6514
      Cm = -0.0840     CD =  0.00812   =>   CDf =  0.00571    CDp =  0.00241
      5.000    3.1573   0.008117   0.000000   0.000000   0.000000    0.5085     #

 Point added to stored polar  1
 Point written to save file  clarky_re430000_realistic_model.polar           
 Dump file unspecified or not available
 Calculating wake trajectory ...
 Calculating source influence matrix ...

 Solving BL system ...

 Side 1  free  transition at x/c =  0.5085   58
 Side 2 forced transition at x/c =  1.0000   79

   1   rms: 0.4335E-01   max: 0.3872E+00   C at   58  1
       a =  2.500      CL =  0.6751
      Cm = -0.0832     CD =  0.00828   =>   CDf =  0.00566    CDp =  0.00262

 Side 1  free  transition at x/c =  0.4889   58
 Side 2 forced transition at x/c =  1.0000   78

   2   rms: 0.2842E-02   max: -.4681E-01   C at   58  1
       a =  2.500      CL =  0.6748
      Cm = -0.0831     CD =  0.00830   =>   CDf =  0.00581    CDp =  0.00248

 Side 1  free  transition at x/c =  0.4903   58
 Side 2 forced transition at x/c =  1.0000   78

   3   rms: 0.6214E-03   max: -.7257E-02   D at    4  1
       a =  2.500      CL =  0.6748
      Cm = -0.0831     CD =  0.00830   =>   CDf =  0.00581    CDp =  0.00249

 Side 1  free  transition at x/c =  0.4903   58
 Side 2 forced transition at x/c =  1.0000   78

   4   rms: 0.8500E-06   max: 0.1035E-04   D at    8  1
       a =  2.500      CL =  0.6748
      Cm = -0.0831     CD =  0.00830   =>   CDf =  0.00581    CDp =  0.00249
      5.000    3.2019   0.008296   0.000000   0.000000   0.000000    0.4903     #

 Point added to stored polar  1
 Point written to save file  clarky_re430000_realistic_model.polar           
 Dump file unspecified or not available
 Calculating wake trajectory ...
 Calculating source influence matrix ...

 Solving BL system ...

 Side 1  free  transition at x/c =  0.4903   58
 Side 2 forced transition at x/c =  1.0000   78

   1   rms: 0.4417E-01   max: 0.3966E+00   C at   58  1
       a =  2.750      CL =  0.6985
      Cm = -0.0823     CD =  0.00847   =>   CDf =  0.00581    CDp =  0.00266

 Side 1  free  transition at x/c =  0.4711   57
 Side 2 forced transition at x/c =  1.0000   78

   2   rms: 0.2188E-02   max: -.4067E-01   C at   57  1
       a =  2.750      CL =  0.6982
      Cm = -0.0822     CD =  0.00848   =>   CDf =  0.00591    CDp =  0.00257

 Side 1  free  transition at x/c =  0.4723   57
 Side 2 forced transition at x/c =  1.0000   78

   3   rms: 0.6455E-05   max: -.7754E-04   D at   58  1
       a =  2.750      CL =  0.6982
      Cm = -0.0822     CD =  0.00848   =>   CDf =  0.00590    CDp =  0.00258
      5.000    3.2547   0.008482   0.000000   0.000000   0.000000    0.4723     #

 Point added to stored polar  1
 Point written to save file  clarky_re430000_realistic_model.polar           
 Dump file unspecified or not available
 Calculating wake trajectory ...
 Calculating source influence matrix ...

 Solving BL system ...

 Side 1  free  transition at x/c =  0.4723   57
 Side 2 forced transition at x/c =  1.0000   78

   1   rms: 0.4418E-01   max: 0.4048E+00   C at   57  1
       a =  3.000      CL =  0.7221
      Cm = -0.0814     CD =  0.00866   =>   CDf =  0.00590    CDp =  0.00276

 Side 1  free  transition at x/c =  0.4518   56
 Side 2 forced transition at x/c =  1.0000   78

   2   rms: 0.2761E-02   max: -.5705E-01   C at   56  1
       a =  3.000      CL =  0.7216
      Cm = -0.0813     CD =  0.00868   =>   CDf =  0.00601    CDp =  0.00268

 Side 1  free  transition at x/c =  0.4534   56
 Side 2 forced transition at x/c =  1.0000   78

   3   rms: 0.1342E-04   max: -.1959E-03   D at   58  1
       a =  3.000      CL =  0.7216
      Cm = -0.0813     CD =  0.00868   =>   CDf =  0.00600    CDp =  0.00269
      5.000    3.3131   0.008684   0.000000   0.000000   0.000000    0.4534     #

 Point added to stored polar  1
 Point written to save file  clarky_re430000_realistic_model.polar           
 Dump file unspecified or not available
 Calculating wake trajectory ...
 Calculating source influence matrix ...

 Solving BL system ...

 Side 1  free  transition at x/c =  0.4534   56
 Side 2 forced transition at x/c =  1.0000   78

   1   rms: 0.4468E-01   max: 0.4538E+00   C at   56  1
       a =  3.250      CL =  0.7454
      Cm = -0.0805     CD =  0.00888   =>   CDf =  0.00600    CDp =  0.00288

 Side 1  free  transition at x/c =  0.4314   55
 Side 2 forced transition at x/c =  1.0000   78

   2   rms: 0.3290E-02   max: -.6791E-01   C at   55  1
       a =  3.250      CL =  0.7449
      Cm = -0.0804     CD =  0.00890   =>   CDf =  0.00611    CDp =  0.00279

 Side 1  free  transition at x/c =  0.4334   55
 Side 2 forced transition at x/c =  1.0000   78

   3   rms: 0.1904E-04   max: -.3425E-03   D at   56  1
       a =  3.250      CL =  0.7449
      Cm = -0.0804     CD =  0.00890   =>   CDf =  0.00610    CDp =  0.00281
      5.000    3.3766   0.008905   0.000000   0.000000   0.000000    0.4334     #

 Point added to stored polar  1
 Point written to save file  clarky_re430000_realistic_model.polar           
 Dump file unspecified or not available
 Calculating wake trajectory ...
 Calculating source influence matrix ...

 Solving BL system ...

 Side 1  free  transition at x/c =  0.4334   55
 Side 2 forced transition at x/c =  1.0000   78

   1   rms: 0.4627E-01   max: 0.5295E+00   C at   55  1
       a =  3.500      CL =  0.7684
      Cm = -0.0796     CD =  0.00913   =>   CDf =  0.00602    CDp =  0.00311

 Side 1  free  transition at x/c =  0.4104   55
 Side 2 forced transition at x/c =  1.0000   77

   2   rms: 0.3957E-02   max: -.7128E-01   C at   55  1
       a =  3.500      CL =  0.7681
      Cm = -0.0795     CD =  0.00915   =>   CDf =  0.00621    CDp =  0.00294

 Side 1  free  transition at x/c =  0.4124   55
 Side 2 forced transition at x/c =  1.0000   77

   3   rms: 0.5621E-03   max: -.6070E-02   D at    4  1
       a =  3.500      CL =  0.7681
      Cm = -0.0795     CD =  0.00915   =>   CDf =  0.00620    CDp =  0.00295

 Side 1  free  transition at x/c =  0.4124   55
 Side 2 forced transition at x/c =  1.0000   77

   4   rms: 0.1901E-06   max: 0.2415E-05   D at    9  1
       a =  3.500      CL =  0.7681
      Cm = -0.0795     CD =  0.00915   =>   CDf =  0.00620    CDp =  0.00295
      5.000    3.4434   0.009151   0.000000   0.000000   0.000000    0.4124     #

 Point added to stored polar  1
 Point written to save file  clarky_re430000_realistic_model.polar           
 Dump file unspecified or not available
 Calculating wake trajectory ...
 Calculating source influence matrix ...

 Solving BL system ...

 Side 1  free  transition at x/c =  0.4124   55
 Side 2 forced transition at x/c =  1.0000   77

   1   rms: 0.4710E-01   max: 0.5677E+00   C at   55  1
       a =  3.750      CL =  0.7914
      Cm = -0.0787     CD =  0.00941   =>   CDf =  0.00620    CDp =  0.00321

 Side 1  free  transition at x/c =  0.3923   54
 Side 2 forced transition at x/c =  1.0000   77

   2   rms: 0.2009E-02   max: -.3645E-01   C at   54  1
       a =  3.750      CL =  0.7915
      Cm = -0.0787     CD =  0.00940   =>   CDf =  0.00631    CDp =  0.00310

 Side 1  free  transition at x/c =  0.3933   54
 Side 2 forced transition at x/c =  1.0000   77

   3   rms: 0.1149E-04   max: 0.1437E-03   D at   56  1
       a =  3.750      CL =  0.7914
      Cm = -0.0787     CD =  0.00941   =>   CDf =  0.00630    CDp =  0.00311
      5.000    3.5126   0.009405   0.000000   0.000000   0.000000    0.3933     #

 Point added to stored polar  1
 Point written to save file  clarky_re430000_realistic_model.polar           
 Dump file unspecified or not available
 Calculating wake trajectory ...
 Calculating source influence matrix ...

 Solving BL system ...

 Side 1  free  transition at x/c =  0.3933   54
 Side 2 forced transition at x/c =  1.0000   77

   1   rms: 0.4558E-01   max: 0.5099E+00   C at   54  1
       a =  4.000      CL =  0.8150
      Cm = -0.0779     CD =  0.00966   =>   CDf =  0.00630    CDp =  0.00336

 Side 1  free  transition at x/c =  0.3771   53
 Side 2 forced transition at x/c =  1.0000   77

   2   rms: 0.1301E-02   max: -.2072E-01   C at   53  1
       a =  4.000      CL =  0.8151
      Cm = -0.0779     CD =  0.00966   =>   CDf =  0.00639    CDp =  0.00327

 Side 1  free  transition at x/c =  0.3776   53
 Side 2 forced transition at x/c =  1.0000   77

   3   rms: 0.6528E-05   max: 0.1218E-03   C at   53  1
       a =  4.000      CL =  0.8151
      Cm = -0.0779     CD =  0.00966   =>   CDf =  0.00639    CDp =  0.00327
      5.000    3.5832   0.009656   0.000000   0.000000   0.000000    0.3776     #

 Point added to stored polar  1
 Point written to save file  clarky_re430000_realistic_model.polar           
 Dump file unspecified or not available
 Calculating wake trajectory ...
 Calculating source influence matrix ...

 Solving BL system ...

 Side 1  free  transition at x/c =  0.3776   53
 Side 2 forced transition at x/c =  1.0000   77

   1   rms: 0.4395E-01   max: 0.4415E+00   C at   53  1
       a =  4.250      CL =  0.8392
      Cm = -0.0772     CD =  0.00990   =>   CDf =  0.00629    CDp =  0.00360

 Side 1  free  transition at x/c =  0.3601   53
 Side 2 forced transition at x/c =  1.0000   76

   2   rms: 0.4171E-02   max: -.8410E-01   C at   53  1
       a =  4.250      CL =  0.8386
      Cm = -0.0771     CD =  0.00993   =>   CDf =  0.00648    CDp =  0.00345

 Side 1  free  transition at x/c =  0.3621   53
 Side 2 forced transition at x/c =  1.0000   76

   3   rms: 0.5896E-03   max: -.6862E-02   D at    4  1
       a =  4.250      CL =  0.8386
      Cm = -0.0771     CD =  0.00993   =>   CDf =  0.00647    CDp =  0.00346

 Side 1  free  transition at x/c =  0.3621   53
 Side 2 forced transition at x/c =  1.0000   76

   4   rms: 0.5504E-06   max: 0.8910E-05   D at    8  1
       a =  4.250      CL =  0.8386
      Cm = -0.0771     CD =  0.00993   =>   CDf =  0.00647    CDp =  0.00346
      5.000    3.6418   0.009928   0.000000   0.000000   0.000000    0.3621     #

 Point added to stored polar  1
 Point written to save file  clarky_re430000_realistic_model.polar           
 Dump file unspecified or not available
 Calculating wake trajectory ...
 Calculating source influence matrix ...

 Solving BL system ...

 Side 1  free  transition at x/c =  0.3621   53
 Side 2 forced transition at x/c =  1.0000   76

   1   rms: 0.4347E-01   max: 0.4120E+00   C at   53  1
       a =  4.500      CL =  0.8628
      Cm = -0.0765     CD =  0.01017   =>   CDf =  0.00647    CDp =  0.00370

 Side 1  free  transition at x/c =  0.3441   52
 Side 2 forced transition at x/c =  1.0000   76

   2   rms: 0.4919E-02   max: -.1009E+00   C at   52  1
       a =  4.500      CL =  0.8619
      Cm = -0.0763     CD =  0.01023   =>   CDf =  0.00658    CDp =  0.00364

 Side 1  free  transition at x/c =  0.3464   52
 Side 2 forced transition at x/c =  1.0000   76

   3   rms: 0.9314E-04   max: -.1479E-02   D at   53  1
       a =  4.500      CL =  0.8619
      Cm = -0.0763     CD =  0.01023   =>   CDf =  0.00657    CDp =  0.00366
      5.000    3.6699   0.010227   0.000000   0.000000   0.000000    0.3464     #

 Point added to stored polar  1
 Point written to save file  clarky_re430000_realistic_model.polar           
 Dump file unspecified or not available
 Calculating wake trajectory ...
 Calculating source influence matrix ...

 Solving BL system ...

 Side 1  free  transition at x/c =  0.3463   52
 Side 2 forced transition at x/c =  1.0000   76

   1   rms: 0.4161E-01   max: 0.2866E+00   C at   52  1
       a =  4.750      CL =  0.8867
      Cm = -0.0758     CD =  0.01044   =>   CDf =  0.00657    CDp =  0.00387

 Side 1  free  transition at x/c =  0.3305   52
 Side 2 forced transition at x/c =  1.0000   76

   2   rms: 0.4355E-02   max: -.6004E-01   C at   52  1
       a =  4.750      CL =  0.8858
      Cm = -0.0756     CD =  0.01049   =>   CDf =  0.00666    CDp =  0.00383

 Side 1  free  transition at x/c =  0.3326   52
 Side 2 forced transition at x/c =  1.0000   76

   3   rms: 0.1715E-03   max: -.2721E-02   D at   53  1
       a =  4.750      CL =  0.8858
      Cm = -0.0756     CD =  0.01049   =>   CDf =  0.00663    CDp =  0.00386

 Side 1  free  transition at x/c =  0.3326   52
 Side 2 forced transition at x/c =  1.0000   76

   4   rms: 0.8384E-06   max: -.4271E-05   C at   76  2
       a =  4.750      CL =  0.8858
      Cm = -0.0756     CD =  0.01049   =>   CDf =  0.00663    CDp =  0.00386
      5.000    3.6996   0.010492   0.000000   0.000000   0.000000    0.3326     #

 Point added to stored polar  1
 Point written to save file  clarky_re430000_realistic_model.polar           
 Dump file unspecified or not available
 Calculating wake trajectory ...
 Calculating source influence matrix ...

 Solving BL system ...

 Side 1  free  transition at x/c =  0.3326   52
 Side 2 forced transition at x/c =  1.0000   76

   1   rms: 0.4357E-01   max: 0.3157E+00   C at   52  1
       a =  5.000      CL =  0.9090
      Cm = -0.0749     CD =  0.01082   =>   CDf =  0.00663    CDp =  0.00419

 Side 1  free  transition at x/c =  0.3215   51
 Side 2 forced transition at x/c =  1.0000   76

   2   rms: 0.2306E-02   max: -.3335E-01   D at   52  1
       a =  5.000      CL =  0.9100
      Cm = -0.0750     CD =  0.01074   =>   CDf =  0.00668    CDp =  0.00406

 Side 1  free  transition at x/c =  0.3213   51
 Side 2 forced transition at x/c =  1.0000   76

   3   rms: 0.2897E-04   max: 0.4859E-03   C at   51  1
       a =  5.000      CL =  0.9100
      Cm = -0.0750     CD =  0.01074   =>   CDf =  0.00668    CDp =  0.00406
      5.000    3.7106   0.010742   0.000000   0.000000   0.000000    0.3213     #

 Point added to stored polar  1
 Point written to save file  clarky_re430000_realistic_model.polar           
 Dump file unspecified or not available
 Calculating wake trajectory ...
 Calculating source influence matrix ...

 Solving BL system ...

 Side 1  free  transition at x/c =  0.3213   51
 Side 2 forced transition at x/c =  1.0000   76

   1   rms: 0.4149E-01   max: 0.2512E+00   C at   51  1
       a =  5.250      CL =  0.9345
      Cm = -0.0744     CD =  0.01099   =>   CDf =  0.00657    CDp =  0.00442

 Side 1  free  transition at x/c =  0.3096   51
 Side 2 forced transition at x/c =  1.0000   75

   2   rms: 0.3418E-02   max: -.4139E-01   C at   51  1
       a =  5.250      CL =  0.9336
      Cm = -0.0743     CD =  0.01104   =>   CDf =  0.00675    CDp =  0.00429

 Side 1  free  transition at x/c =  0.3096   51
 Side 2 forced transition at x/c =  1.0000   75

   3   rms: 0.5092E-02   max: -.1058E+00   C at   51  1
       a =  5.250      CL =  0.9335
      Cm = -0.0743     CD =  0.01104   =>   CDf =  0.00676    CDp =  0.00428

 Side 1  free  transition at x/c =  0.3097   51
 Side 2 forced transition at x/c =  1.0000   75

   4   rms: 0.4986E-02   max: -.1042E+00   C at   51  1
       a =  5.250      CL =  0.9335
      Cm = -0.0743     CD =  0.01104   =>   CDf =  0.00676    CDp =  0.00428

 Side 1  free  transition at x/c =  0.3097   51
 Side 2 forced transition at x/c =  1.0000   75

   5   rms: 0.4993E-02   max: -.1044E+00   C at   51  1
       a =  5.250      CL =  0.9335
      Cm = -0.0743     CD =  0.01104   =>   CDf =  0.00676    CDp =  0.00428

 Side 1  free  transition at x/c =  0.3097   51
 Side 2 forced transition at x/c =  1.0000   75

   6   rms: 0.4993E-02   max: -.1044E+00   C at   51  1
       a =  5.250      CL =  0.9335
      Cm = -0.0743     CD =  0.01104   =>   CDf =  0.00676    CDp =  0.00428

 Side 1  free  transition at x/c =  0.3097   51
 Side 2 forced transition at x/c =  1.0000   75

   7   rms: 0.4993E-02   max: -.1044E+00   C at   51  1
       a =  5.250      CL =  0.9335
      Cm = -0.0743     CD =  0.01104   =>   CDf =  0.00676    CDp =  0.00428

 Side 1  free  transition at x/c =  0.3097   51
 Side 2 forced transition at x/c =  1.0000   75

   8   rms: 0.4993E-02   max: -.1044E+00   C at   51  1
       a =  5.250      CL =  0.9335
      Cm = -0.0743     CD =  0.01104   =>   CDf =  0.00676    CDp =  0.00428

 Side 1  free  transition at x/c =  0.3097   51
 Side 2 forced transition at x/c =  1.0000   75

   9   rms: 0.4993E-02   max: -.1044E+00   C at   51  1
       a =  5.250      CL =  0.9335
      Cm = -0.0743     CD =  0.01104   =>   CDf =  0.00676    CDp =  0.00428

 Side 1  free  transition at x/c =  0.3097   51
 Side 2 forced transition at x/c =  1.0000   75

  10   rms: 0.4993E-02   max: -.1044E+00   C at   51  1
       a =  5.250      CL =  0.9335
      Cm = -0.0743     CD =  0.01104   =>   CDf =  0.00676    CDp =  0.00428

 Side 1  free  transition at x/c =  0.3097   51
 Side 2 forced transition at x/c =  1.0000   75

  11   rms: 0.4993E-02   max: -.1044E+00   C at   51  1
       a =  5.250      CL =  0.9335
      Cm = -0.0743     CD =  0.01104   =>   CDf =  0.00676    CDp =  0.00428

 Side 1  free  transition at x/c =  0.3097   51
 Side 2 forced transition at x/c =  1.0000   75

  12   rms: 0.4993E-02   max: -.1044E+00   C at   51  1
       a =  5.250      CL =  0.9335
      Cm = -0.0743     CD =  0.01104   =>   CDf =  0.00676    CDp =  0.00428

 Side 1  free  transition at x/c =  0.3097   51
 Side 2 forced transition at x/c =  1.0000   75

  13   rms: 0.4993E-02   max: -.1044E+00   C at   51  1
       a =  5.250      CL =  0.9335
      Cm = -0.0743     CD =  0.01104   =>   CDf =  0.00676    CDp =  0.00428

 Side 1  free  transition at x/c =  0.3097   51
 Side 2 forced transition at x/c =  1.0000   75

  14   rms: 0.4993E-02   max: -.1044E+00   C at   51  1
       a =  5.250      CL =  0.9335
      Cm = -0.0743     CD =  0.01104   =>   CDf =  0.00676    CDp =  0.00428

 Side 1  free  transition at x/c =  0.3097   51
 Side 2 forced transition at x/c =  1.0000   75

  15   rms: 0.4993E-02   max: -.1044E+00   C at   51  1
       a =  5.250      CL =  0.9335
      Cm = -0.0743     CD =  0.01104   =>   CDf =  0.00676    CDp =  0.00428

 Side 1  free  transition at x/c =  0.3097   51
 Side 2 forced transition at x/c =  1.0000   75

  16   rms: 0.4993E-02   max: -.1044E+00   C at   51  1
       a =  5.250      CL =  0.9335
      Cm = -0.0743     CD =  0.01104   =>   CDf =  0.00676    CDp =  0.00428

 Side 1  free  transition at x/c =  0.3097   51
 Side 2 forced transition at x/c =  1.0000   75

  17   rms: 0.4993E-02   max: -.1044E+00   C at   51  1
       a =  5.250      CL =  0.9335
      Cm = -0.0743     CD =  0.01104   =>   CDf =  0.00676    CDp =  0.00428

 Side 1  free  transition at x/c =  0.3097   51
 Side 2 forced transition at x/c =  1.0000   75

  18   rms: 0.4993E-02   max: -.1044E+00   C at   51  1
       a =  5.250      CL =  0.9335
      Cm = -0.0743     CD =  0.01104   =>   CDf =  0.00676    CDp =  0.00428

 Side 1  free  transition at x/c =  0.3097   51
 Side 2 forced transition at x/c =  1.0000   75

  19   rms: 0.4993E-02   max: -.1044E+00   C at   51  1
       a =  5.250      CL =  0.9335
      Cm = -0.0743     CD =  0.01104   =>   CDf =  0.00676    CDp =  0.00428

 Side 1  free  transition at x/c =  0.3097   51
 Side 2 forced transition at x/c =  1.0000   75

  20   rms: 0.4993E-02   max: -.1044E+00   C at   51  1
       a =  5.250      CL =  0.9335
      Cm = -0.0743     CD =  0.01104   =>   CDf =  0.00676    CDp =  0.00428

 Side 1  free  transition at x/c =  0.3097   51
 Side 2 forced transition at x/c =  1.0000   75

  21   rms: 0.4993E-02   max: -.1044E+00   C at   51  1
       a =  5.250      CL =  0.9335
      Cm = -0.0743     CD =  0.01104   =>   CDf =  0.00676    CDp =  0.00428

 Side 1  free  transition at x/c =  0.3097   51
 Side 2 forced transition at x/c =  1.0000   75

  22   rms: 0.4993E-02   max: -.1044E+00   C at   51  1
       a =  5.250      CL =  0.9335
      Cm = -0.0743     CD =  0.01104   =>   CDf =  0.00676    CDp =  0.00428

 Side 1  free  transition at x/c =  0.3097   51
 Side 2 forced transition at x/c =  1.0000   75

  23   rms: 0.4993E-02   max: -.1044E+00   C at   51  1
       a =  5.250      CL =  0.9335
      Cm = -0.0743     CD =  0.01104   =>   CDf =  0.00676    CDp =  0.00428

 Side 1  free  transition at x/c =  0.3097   51
 Side 2 forced transition at x/c =  1.0000   75

  24   rms: 0.4993E-02   max: -.1044E+00   C at   51  1
       a =  5.250      CL =  0.9335
      Cm = -0.0743     CD =  0.01104   =>   CDf =  0.00676    CDp =  0.00428

 Side 1  free  transition at x/c =  0.3097   51
 Side 2 forced transition at x/c =  1.0000   75

  25   rms: 0.4993E-02   max: -.1044E+00   C at   51  1
       a =  5.250      CL =  0.9335
      Cm = -0.0743     CD =  0.01104   =>   CDf =  0.00676    CDp =  0.00428

 Side 1  free  transition at x/c =  0.3097   51
 Side 2 forced transition at x/c =  1.0000   75

  26   rms: 0.4993E-02   max: -.1044E+00   C at   51  1
       a =  5.250      CL =  0.9335
      Cm = -0.0743     CD =  0.01104   =>   CDf =  0.00676    CDp =  0.00428

 Side 1  free  transition at x/c =  0.3097   51
 Side 2 forced transition at x/c =  1.0000   75

  27   rms: 0.4993E-02   max: -.1044E+00   C at   51  1
       a =  5.250      CL =  0.9335
      Cm = -0.0743     CD =  0.01104   =>   CDf =  0.00676    CDp =  0.00428

 Side 1  free  transition at x/c =  0.3097   51
 Side 2 forced transition at x/c =  1.0000   75

  28   rms: 0.4993E-02   max: -.1044E+00   C at   51  1
       a =  5.250      CL =  0.9335
      Cm = -0.0743     CD =  0.01104   =>   CDf =  0.00676    CDp =  0.00428

 Side 1  free  transition at x/c =  0.3097   51
 Side 2 forced transition at x/c =  1.0000   75

  29   rms: 0.4993E-02   max: -.1044E+00   C at   51  1
       a =  5.250      CL =  0.9335
      Cm = -0.0743     CD =  0.01104   =>   CDf =  0.00676    CDp =  0.00428

 Side 1  free  transition at x/c =  0.3097   51
 Side 2 forced transition at x/c =  1.0000   75

  30   rms: 0.4993E-02   max: -.1044E+00   C at   51  1
       a =  5.250      CL =  0.9335
      Cm = -0.0743     CD =  0.01104   =>   CDf =  0.00676    CDp =  0.00428

 Side 1  free  transition at x/c =  0.3097   51
 Side 2 forced transition at x/c =  1.0000   75

  31   rms: 0.4993E-02   max: -.1044E+00   C at   51  1
       a =  5.250      CL =  0.9335
      Cm = -0.0743     CD =  0.01104   =>   CDf =  0.00676    CDp =  0.00428

 Side 1  free  transition at x/c =  0.3097   51
 Side 2 forced transition at x/c =  1.0000   75

  32   rms: 0.4993E-02   max: -.1044E+00   C at   51  1
       a =  5.250      CL =  0.9335
      Cm = -0.0743     CD =  0.01104   =>   CDf =  0.00676    CDp =  0.00428

 Side 1  free  transition at x/c =  0.3097   51
 Side 2 forced transition at x/c =  1.0000   75

  33   rms: 0.4993E-02   max: -.1044E+00   C at   51  1
       a =  5.250      CL =  0.9335
      Cm = -0.0743     CD =  0.01104   =>   CDf =  0.00676    CDp =  0.00428

 Side 1  free  transition at x/c =  0.3097   51
 Side 2 forced transition at x/c =  1.0000   75

  34   rms: 0.4993E-02   max: -.1044E+00   C at   51  1
       a =  5.250      CL =  0.9335
      Cm = -0.0743     CD =  0.01104   =>   CDf =  0.00676    CDp =  0.00428

 Side 1  free  transition at x/c =  0.3097   51
 Side 2 forced transition at x/c =  1.0000   75

  35   rms: 0.4993E-02   max: -.1044E+00   C at   51  1
       a =  5.250      CL =  0.9335
      Cm = -0.0743     CD =  0.01104   =>   CDf =  0.00676    CDp =  0.00428

 Side 1  free  transition at x/c =  0.3097   51
 Side 2 forced transition at x/c =  1.0000   75

  36   rms: 0.4993E-02   max: -.1044E+00   C at   51  1
       a =  5.250      CL =  0.9335
      Cm = -0.0743     CD =  0.01104   =>   CDf =  0.00676    CDp =  0.00428

 Side 1  free  transition at x/c =  0.3097   51
 Side 2 forced transition at x/c =  1.0000   75

  37   rms: 0.4993E-02   max: -.1044E+00   C at   51  1
       a =  5.250      CL =  0.9335
      Cm = -0.0743     CD =  0.01104   =>   CDf =  0.00676    CDp =  0.00428

 Side 1  free  transition at x/c =  0.3097   51
 Side 2 forced transition at x/c =  1.0000   75

  38   rms: 0.4993E-02   max: -.1044E+00   C at   51  1
       a =  5.250      CL =  0.9335
      Cm = -0.0743     CD =  0.01104   =>   CDf =  0.00676    CDp =  0.00428

 Side 1  free  transition at x/c =  0.3097   51
 Side 2 forced transition at x/c =  1.0000   75

  39   rms: 0.4993E-02   max: -.1044E+00   C at   51  1
       a =  5.250      CL =  0.9335
      Cm = -0.0743     CD =  0.01104   =>   CDf =  0.00676    CDp =  0.00428

 Side 1  free  transition at x/c =  0.3097   51
 Side 2 forced transition at x/c =  1.0000   75

  40   rms: 0.4993E-02   max: -.1044E+00   C at   51  1
       a =  5.250      CL =  0.9335
      Cm = -0.0743     CD =  0.01104   =>   CDf =  0.00676    CDp =  0.00428

 Side 1  free  transition at x/c =  0.3097   51
 Side 2 forced transition at x/c =  1.0000   75

  41   rms: 0.4993E-02   max: -.1044E+00   C at   51  1
       a =  5.250      CL =  0.9335
      Cm = -0.0743     CD =  0.01104   =>   CDf =  0.00676    CDp =  0.00428

 Side 1  free  transition at x/c =  0.3097   51
 Side 2 forced transition at x/c =  1.0000   75

  42   rms: 0.4993E-02   max: -.1044E+00   C at   51  1
       a =  5.250      CL =  0.9335
      Cm = -0.0743     CD =  0.01104   =>   CDf =  0.00676    CDp =  0.00428

 Side 1  free  transition at x/c =  0.3097   51
 Side 2 forced transition at x/c =  1.0000   75

  43   rms: 0.4993E-02   max: -.1044E+00   C at   51  1
       a =  5.250      CL =  0.9335
      Cm = -0.0743     CD =  0.01104   =>   CDf =  0.00676    CDp =  0.00428

 Side 1  free  transition at x/c =  0.3097   51
 Side 2 forced transition at x/c =  1.0000   75

  44   rms: 0.4993E-02   max: -.1044E+00   C at   51  1
       a =  5.250      CL =  0.9335
      Cm = -0.0743     CD =  0.01104   =>   CDf =  0.00676    CDp =  0.00428

 Side 1  free  transition at x/c =  0.3097   51
 Side 2 forced transition at x/c =  1.0000   75

  45   rms: 0.4993E-02   max: -.1044E+00   C at   51  1
       a =  5.250      CL =  0.9335
      Cm = -0.0743     CD =  0.01104   =>   CDf =  0.00676    CDp =  0.00428

 Side 1  free  transition at x/c =  0.3097   51
 Side 2 forced transition at x/c =  1.0000   75

  46   rms: 0.4993E-02   max: -.1044E+00   C at   51  1
       a =  5.250      CL =  0.9335
      Cm = -0.0743     CD =  0.01104   =>   CDf =  0.00676    CDp =  0.00428

 Side 1  free  transition at x/c =  0.3097   51
 Side 2 forced transition at x/c =  1.0000   75

  47   rms: 0.4993E-02   max: -.1044E+00   C at   51  1
       a =  5.250      CL =  0.9335
      Cm = -0.0743     CD =  0.01104   =>   CDf =  0.00676    CDp =  0.00428

 Side 1  free  transition at x/c =  0.3097   51
 Side 2 forced transition at x/c =  1.0000   75

  48   rms: 0.4993E-02   max: -.1044E+00   C at   51  1
       a =  5.250      CL =  0.9335
      Cm = -0.0743     CD =  0.01104   =>   CDf =  0.00676    CDp =  0.00428

 Side 1  free  transition at x/c =  0.3097   51
 Side 2 forced transition at x/c =  1.0000   75

  49   rms: 0.4993E-02   max: -.1044E+00   C at   51  1
       a =  5.250      CL =  0.9335
      Cm = -0.0743     CD =  0.01104   =>   CDf =  0.00676    CDp =  0.00428

 Side 1  free  transition at x/c =  0.3097   51
 Side 2 forced transition at x/c =  1.0000   75

  50   rms: 0.4993E-02   max: -.1044E+00   C at   51  1
       a =  5.250      CL =  0.9335
      Cm = -0.0743     CD =  0.01104   =>   CDf =  0.00676    CDp =  0.00428

 Side 1  free  transition at x/c =  0.3097   51
 Side 2 forced transition at x/c =  1.0000   75

  51   rms: 0.4993E-02   max: -.1044E+00   C at   51  1
       a =  5.250      CL =  0.9335
      Cm = -0.0743     CD =  0.01104   =>   CDf =  0.00676    CDp =  0.00428

 Side 1  free  transition at x/c =  0.3097   51
 Side 2 forced transition at x/c =  1.0000   75

  52   rms: 0.4993E-02   max: -.1044E+00   C at   51  1
       a =  5.250      CL =  0.9335
      Cm = -0.0743     CD =  0.01104   =>   CDf =  0.00676    CDp =  0.00428

 Side 1  free  transition at x/c =  0.3097   51
 Side 2 forced transition at x/c =  1.0000   75

  53   rms: 0.4993E-02   max: -.1044E+00   C at   51  1
       a =  5.250      CL =  0.9335
      Cm = -0.0743     CD =  0.01104   =>   CDf =  0.00676    CDp =  0.00428

 Side 1  free  transition at x/c =  0.3097   51
 Side 2 forced transition at x/c =  1.0000   75

  54   rms: 0.4993E-02   max: -.1044E+00   C at   51  1
       a =  5.250      CL =  0.9335
      Cm = -0.0743     CD =  0.01104   =>   CDf =  0.00676    CDp =  0.00428

 Side 1  free  transition at x/c =  0.3097   51
 Side 2 forced transition at x/c =  1.0000   75

  55   rms: 0.4993E-02   max: -.1044E+00   C at   51  1
       a =  5.250      CL =  0.9335
      Cm = -0.0743     CD =  0.01104   =>   CDf =  0.00676    CDp =  0.00428

 Side 1  free  transition at x/c =  0.3097   51
 Side 2 forced transition at x/c =  1.0000   75

  56   rms: 0.4993E-02   max: -.1044E+00   C at   51  1
       a =  5.250      CL =  0.9335
      Cm = -0.0743     CD =  0.01104   =>   CDf =  0.00676    CDp =  0.00428

 Side 1  free  transition at x/c =  0.3097   51
 Side 2 forced transition at x/c =  1.0000   75

  57   rms: 0.4993E-02   max: -.1044E+00   C at   51  1
       a =  5.250      CL =  0.9335
      Cm = -0.0743     CD =  0.01104   =>   CDf =  0.00676    CDp =  0.00428

 Side 1  free  transition at x/c =  0.3097   51
 Side 2 forced transition at x/c =  1.0000   75

  58   rms: 0.4993E-02   max: -.1044E+00   C at   51  1
       a =  5.250      CL =  0.9335
      Cm = -0.0743     CD =  0.01104   =>   CDf =  0.00676    CDp =  0.00428

 Side 1  free  transition at x/c =  0.3097   51
 Side 2 forced transition at x/c =  1.0000   75

  59   rms: 0.4993E-02   max: -.1044E+00   C at   51  1
       a =  5.250      CL =  0.9335
      Cm = -0.0743     CD =  0.01104   =>   CDf =  0.00676    CDp =  0.00428

 Side 1  free  transition at x/c =  0.3097   51
 Side 2 forced transition at x/c =  1.0000   75

  60   rms: 0.4993E-02   max: -.1044E+00   C at   51  1
       a =  5.250      CL =  0.9335
      Cm = -0.0743     CD =  0.01104   =>   CDf =  0.00676    CDp =  0.00428

 Side 1  free  transition at x/c =  0.3097   51
 Side 2 forced transition at x/c =  1.0000   75

  61   rms: 0.4993E-02   max: -.1044E+00   C at   51  1
       a =  5.250      CL =  0.9335
      Cm = -0.0743     CD =  0.01104   =>   CDf =  0.00676    CDp =  0.00428

 Side 1  free  transition at x/c =  0.3097   51
 Side 2 forced transition at x/c =  1.0000   75

  62   rms: 0.4993E-02   max: -.1044E+00   C at   51  1
       a =  5.250      CL =  0.9335
      Cm = -0.0743     CD =  0.01104   =>   CDf =  0.00676    CDp =  0.00428

 Side 1  free  transition at x/c =  0.3097   51
 Side 2 forced transition at x/c =  1.0000   75

  63   rms: 0.4993E-02   max: -.1044E+00   C at   51  1
       a =  5.250      CL =  0.9335
      Cm = -0.0743     CD =  0.01104   =>   CDf =  0.00676    CDp =  0.00428

 Side 1  free  transition at x/c =  0.3097   51
 Side 2 forced transition at x/c =  1.0000   75

  64   rms: 0.4993E-02   max: -.1044E+00   C at   51  1
       a =  5.250      CL =  0.9335
      Cm = -0.0743     CD =  0.01104   =>   CDf =  0.00676    CDp =  0.00428

 Side 1  free  transition at x/c =  0.3097   51
 Side 2 forced transition at x/c =  1.0000   75

  65   rms: 0.4993E-02   max: -.1044E+00   C at   51  1
       a =  5.250      CL =  0.9335
      Cm = -0.0743     CD =  0.01104   =>   CDf =  0.00676    CDp =  0.00428

 Side 1  free  transition at x/c =  0.3097   51
 Side 2 forced transition at x/c =  1.0000   75

  66   rms: 0.4993E-02   max: -.1044E+00   C at   51  1
       a =  5.250      CL =  0.9335
      Cm = -0.0743     CD =  0.01104   =>   CDf =  0.00676    CDp =  0.00428

 Side 1  free  transition at x/c =  0.3097   51
 Side 2 forced transition at x/c =  1.0000   75

  67   rms: 0.4993E-02   max: -.1044E+00   C at   51  1
       a =  5.250      CL =  0.9335
      Cm = -0.0743     CD =  0.01104   =>   CDf =  0.00676    CDp =  0.00428

 Side 1  free  transition at x/c =  0.3097   51
 Side 2 forced transition at x/c =  1.0000   75

  68   rms: 0.4993E-02   max: -.1044E+00   C at   51  1
       a =  5.250      CL =  0.9335
      Cm = -0.0743     CD =  0.01104   =>   CDf =  0.00676    CDp =  0.00428

 Side 1  free  transition at x/c =  0.3097   51
 Side 2 forced transition at x/c =  1.0000   75

  69   rms: 0.4993E-02   max: -.1044E+00   C at   51  1
       a =  5.250      CL =  0.9335
      Cm = -0.0743     CD =  0.01104   =>   CDf =  0.00676    CDp =  0.00428

 Side 1  free  transition at x/c =  0.3097   51
 Side 2 forced transition at x/c =  1.0000   75

  70   rms: 0.4993E-02   max: -.1044E+00   C at   51  1
       a =  5.250      CL =  0.9335
      Cm = -0.0743     CD =  0.01104   =>   CDf =  0.00676    CDp =  0.00428

 Side 1  free  transition at x/c =  0.3097   51
 Side 2 forced transition at x/c =  1.0000   75

  71   rms: 0.4993E-02   max: -.1044E+00   C at   51  1
       a =  5.250      CL =  0.9335
      Cm = -0.0743     CD =  0.01104   =>   CDf =  0.00676    CDp =  0.00428

 Side 1  free  transition at x/c =  0.3097   51
 Side 2 forced transition at x/c =  1.0000   75

  72   rms: 0.4993E-02   max: -.1044E+00   C at   51  1
       a =  5.250      CL =  0.9335
      Cm = -0.0743     CD =  0.01104   =>   CDf =  0.00676    CDp =  0.00428

 Side 1  free  transition at x/c =  0.3097   51
 Side 2 forced transition at x/c =  1.0000   75

  73   rms: 0.4993E-02   max: -.1044E+00   C at   51  1
       a =  5.250      CL =  0.9335
      Cm = -0.0743     CD =  0.01104   =>   CDf =  0.00676    CDp =  0.00428

 Side 1  free  transition at x/c =  0.3097   51
 Side 2 forced transition at x/c =  1.0000   75

  74   rms: 0.4993E-02   max: -.1044E+00   C at   51  1
       a =  5.250      CL =  0.9335
      Cm = -0.0743     CD =  0.01104   =>   CDf =  0.00676    CDp =  0.00428

 Side 1  free  transition at x/c =  0.3097   51
 Side 2 forced transition at x/c =  1.0000   75

  75   rms: 0.4993E-02   max: -.1044E+00   C at   51  1
       a =  5.250      CL =  0.9335
      Cm = -0.0743     CD =  0.01104   =>   CDf =  0.00676    CDp =  0.00428

 Side 1  free  transition at x/c =  0.3097   51
 Side 2 forced transition at x/c =  1.0000   75

  76   rms: 0.4993E-02   max: -.1044E+00   C at   51  1
       a =  5.250      CL =  0.9335
      Cm = -0.0743     CD =  0.01104   =>   CDf =  0.00676    CDp =  0.00428

 Side 1  free  transition at x/c =  0.3097   51
 Side 2 forced transition at x/c =  1.0000   75

  77   rms: 0.4993E-02   max: -.1044E+00   C at   51  1
       a =  5.250      CL =  0.9335
      Cm = -0.0743     CD =  0.01104   =>   CDf =  0.00676    CDp =  0.00428

 Side 1  free  transition at x/c =  0.3097   51
 Side 2 forced transition at x/c =  1.0000   75

  78   rms: 0.4993E-02   max: -.1044E+00   C at   51  1
       a =  5.250      CL =  0.9335
      Cm = -0.0743     CD =  0.01104   =>   CDf =  0.00676    CDp =  0.00428

 Side 1  free  transition at x/c =  0.3097   51
 Side 2 forced transition at x/c =  1.0000   75

  79   rms: 0.4993E-02   max: -.1044E+00   C at   51  1
       a =  5.250      CL =  0.9335
      Cm = -0.0743     CD =  0.01104   =>   CDf =  0.00676    CDp =  0.00428

 Side 1  free  transition at x/c =  0.3097   51
 Side 2 forced transition at x/c =  1.0000   75

  80   rms: 0.4993E-02   max: -.1044E+00   C at   51  1
       a =  5.250      CL =  0.9335
      Cm = -0.0743     CD =  0.01104   =>   CDf =  0.00676    CDp =  0.00428

 Side 1  free  transition at x/c =  0.3097   51
 Side 2 forced transition at x/c =  1.0000   75

  81   rms: 0.4993E-02   max: -.1044E+00   C at   51  1
       a =  5.250      CL =  0.9335
      Cm = -0.0743     CD =  0.01104   =>   CDf =  0.00676    CDp =  0.00428

 Side 1  free  transition at x/c =  0.3097   51
 Side 2 forced transition at x/c =  1.0000   75

  82   rms: 0.4993E-02   max: -.1044E+00   C at   51  1
       a =  5.250      CL =  0.9335
      Cm = -0.0743     CD =  0.01104   =>   CDf =  0.00676    CDp =  0.00428

 Side 1  free  transition at x/c =  0.3097   51
 Side 2 forced transition at x/c =  1.0000   75

  83   rms: 0.4993E-02   max: -.1044E+00   C at   51  1
       a =  5.250      CL =  0.9335
      Cm = -0.0743     CD =  0.01104   =>   CDf =  0.00676    CDp =  0.00428

 Side 1  free  transition at x/c =  0.3097   51
 Side 2 forced transition at x/c =  1.0000   75

  84   rms: 0.4993E-02   max: -.1044E+00   C at   51  1
       a =  5.250      CL =  0.9335
      Cm = -0.0743     CD =  0.01104   =>   CDf =  0.00676    CDp =  0.00428

 Side 1  free  transition at x/c =  0.3097   51
 Side 2 forced transition at x/c =  1.0000   75

  85   rms: 0.4993E-02   max: -.1044E+00   C at   51  1
       a =  5.250      CL =  0.9335
      Cm = -0.0743     CD =  0.01104   =>   CDf =  0.00676    CDp =  0.00428

 Side 1  free  transition at x/c =  0.3097   51
 Side 2 forced transition at x/c =  1.0000   75

  86   rms: 0.4993E-02   max: -.1044E+00   C at   51  1
       a =  5.250      CL =  0.9335
      Cm = -0.0743     CD =  0.01104   =>   CDf =  0.00676    CDp =  0.00428

 Side 1  free  transition at x/c =  0.3097   51
 Side 2 forced transition at x/c =  1.0000   75

  87   rms: 0.4993E-02   max: -.1044E+00   C at   51  1
       a =  5.250      CL =  0.9335
      Cm = -0.0743     CD =  0.01104   =>   CDf =  0.00676    CDp =  0.00428

 Side 1  free  transition at x/c =  0.3097   51
 Side 2 forced transition at x/c =  1.0000   75

  88   rms: 0.4993E-02   max: -.1044E+00   C at   51  1
       a =  5.250      CL =  0.9335
      Cm = -0.0743     CD =  0.01104   =>   CDf =  0.00676    CDp =  0.00428

 Side 1  free  transition at x/c =  0.3097   51
 Side 2 forced transition at x/c =  1.0000   75

  89   rms: 0.4993E-02   max: -.1044E+00   C at   51  1
       a =  5.250      CL =  0.9335
      Cm = -0.0743     CD =  0.01104   =>   CDf =  0.00676    CDp =  0.00428

 Side 1  free  transition at x/c =  0.3097   51
 Side 2 forced transition at x/c =  1.0000   75

  90   rms: 0.4993E-02   max: -.1044E+00   C at   51  1
       a =  5.250      CL =  0.9335
      Cm = -0.0743     CD =  0.01104   =>   CDf =  0.00676    CDp =  0.00428

 Side 1  free  transition at x/c =  0.3097   51
 Side 2 forced transition at x/c =  1.0000   75

  91   rms: 0.4993E-02   max: -.1044E+00   C at   51  1
       a =  5.250      CL =  0.9335
      Cm = -0.0743     CD =  0.01104   =>   CDf =  0.00676    CDp =  0.00428

 Side 1  free  transition at x/c =  0.3097   51
 Side 2 forced transition at x/c =  1.0000   75

  92   rms: 0.4993E-02   max: -.1044E+00   C at   51  1
       a =  5.250      CL =  0.9335
      Cm = -0.0743     CD =  0.01104   =>   CDf =  0.00676    CDp =  0.00428

 Side 1  free  transition at x/c =  0.3097   51
 Side 2 forced transition at x/c =  1.0000   75

  93   rms: 0.4993E-02   max: -.1044E+00   C at   51  1
       a =  5.250      CL =  0.9335
      Cm = -0.0743     CD =  0.01104   =>   CDf =  0.00676    CDp =  0.00428

 Side 1  free  transition at x/c =  0.3097   51
 Side 2 forced transition at x/c =  1.0000   75

  94   rms: 0.4993E-02   max: -.1044E+00   C at   51  1
       a =  5.250      CL =  0.9335
      Cm = -0.0743     CD =  0.01104   =>   CDf =  0.00676    CDp =  0.00428

 Side 1  free  transition at x/c =  0.3097   51
 Side 2 forced transition at x/c =  1.0000   75

  95   rms: 0.4993E-02   max: -.1044E+00   C at   51  1
       a =  5.250      CL =  0.9335
      Cm = -0.0743     CD =  0.01104   =>   CDf =  0.00676    CDp =  0.00428

 Side 1  free  transition at x/c =  0.3097   51
 Side 2 forced transition at x/c =  1.0000   75

  96   rms: 0.4993E-02   max: -.1044E+00   C at   51  1
       a =  5.250      CL =  0.9335
      Cm = -0.0743     CD =  0.01104   =>   CDf =  0.00676    CDp =  0.00428

 Side 1  free  transition at x/c =  0.3097   51
 Side 2 forced transition at x/c =  1.0000   75

  97   rms: 0.4993E-02   max: -.1044E+00   C at   51  1
       a =  5.250      CL =  0.9335
      Cm = -0.0743     CD =  0.01104   =>   CDf =  0.00676    CDp =  0.00428

 Side 1  free  transition at x/c =  0.3097   51
 Side 2 forced transition at x/c =  1.0000   75

  98   rms: 0.4993E-02   max: -.1044E+00   C at   51  1
       a =  5.250      CL =  0.9335
      Cm = -0.0743     CD =  0.01104   =>   CDf =  0.00676    CDp =  0.00428

 Side 1  free  transition at x/c =  0.3097   51
 Side 2 forced transition at x/c =  1.0000   75

  99   rms: 0.4993E-02   max: -.1044E+00   C at   51  1
       a =  5.250      CL =  0.9335
      Cm = -0.0743     CD =  0.01104   =>   CDf =  0.00676    CDp =  0.00428

 Side 1  free  transition at x/c =  0.3097   51
 Side 2 forced transition at x/c =  1.0000   75

 100   rms: 0.4993E-02   max: -.1044E+00   C at   51  1
       a =  5.250      CL =  0.9335
      Cm = -0.0743     CD =  0.01104   =>   CDf =  0.00676    CDp =  0.00428

 Side 1  free  transition at x/c =  0.3097   51
 Side 2 forced transition at x/c =  1.0000   75

 101   rms: 0.4993E-02   max: -.1044E+00   C at   51  1
       a =  5.250      CL =  0.9335
      Cm = -0.0743     CD =  0.01104   =>   CDf =  0.00676    CDp =  0.00428

 Side 1  free  transition at x/c =  0.3097   51
 Side 2 forced transition at x/c =  1.0000   75

 102   rms: 0.4993E-02   max: -.1044E+00   C at   51  1
       a =  5.250      CL =  0.9335
      Cm = -0.0743     CD =  0.01104   =>   CDf =  0.00676    CDp =  0.00428

 Side 1  free  transition at x/c =  0.3097   51
 Side 2 forced transition at x/c =  1.0000   75

 103   rms: 0.4993E-02   max: -.1044E+00   C at   51  1
       a =  5.250      CL =  0.9335
      Cm = -0.0743     CD =  0.01104   =>   CDf =  0.00676    CDp =  0.00428

 Side 1  free  transition at x/c =  0.3097   51
 Side 2 forced transition at x/c =  1.0000   75

 104   rms: 0.4993E-02   max: -.1044E+00   C at   51  1
       a =  5.250      CL =  0.9335
      Cm = -0.0743     CD =  0.01104   =>   CDf =  0.00676    CDp =  0.00428

 Side 1  free  transition at x/c =  0.3097   51
 Side 2 forced transition at x/c =  1.0000   75

 105   rms: 0.4993E-02   max: -.1044E+00   C at   51  1
       a =  5.250      CL =  0.9335
      Cm = -0.0743     CD =  0.01104   =>   CDf =  0.00676    CDp =  0.00428

 Side 1  free  transition at x/c =  0.3097   51
 Side 2 forced transition at x/c =  1.0000   75

 106   rms: 0.4993E-02   max: -.1044E+00   C at   51  1
       a =  5.250      CL =  0.9335
      Cm = -0.0743     CD =  0.01104   =>   CDf =  0.00676    CDp =  0.00428

 Side 1  free  transition at x/c =  0.3097   51
 Side 2 forced transition at x/c =  1.0000   75

 107   rms: 0.4993E-02   max: -.1044E+00   C at   51  1
       a =  5.250      CL =  0.9335
      Cm = -0.0743     CD =  0.01104   =>   CDf =  0.00676    CDp =  0.00428

 Side 1  free  transition at x/c =  0.3097   51
 Side 2 forced transition at x/c =  1.0000   75

 108   rms: 0.4993E-02   max: -.1044E+00   C at   51  1
       a =  5.250      CL =  0.9335
      Cm = -0.0743     CD =  0.01104   =>   CDf =  0.00676    CDp =  0.00428

 Side 1  free  transition at x/c =  0.3097   51
 Side 2 forced transition at x/c =  1.0000   75

 109   rms: 0.4993E-02   max: -.1044E+00   C at   51  1
       a =  5.250      CL =  0.9335
      Cm = -0.0743     CD =  0.01104   =>   CDf =  0.00676    CDp =  0.00428

 Side 1  free  transition at x/c =  0.3097   51
 Side 2 forced transition at x/c =  1.0000   75

 110   rms: 0.4993E-02   max: -.1044E+00   C at   51  1
       a =  5.250      CL =  0.9335
      Cm = -0.0743     CD =  0.01104   =>   CDf =  0.00676    CDp =  0.00428

 Side 1  free  transition at x/c =  0.3097   51
 Side 2 forced transition at x/c =  1.0000   75

 111   rms: 0.4993E-02   max: -.1044E+00   C at   51  1
       a =  5.250      CL =  0.9335
      Cm = -0.0743     CD =  0.01104   =>   CDf =  0.00676    CDp =  0.00428

 Side 1  free  transition at x/c =  0.3097   51
 Side 2 forced transition at x/c =  1.0000   75

 112   rms: 0.4993E-02   max: -.1044E+00   C at   51  1
       a =  5.250      CL =  0.9335
      Cm = -0.0743     CD =  0.01104   =>   CDf =  0.00676    CDp =  0.00428

 Side 1  free  transition at x/c =  0.3097   51
 Side 2 forced transition at x/c =  1.0000   75

 113   rms: 0.4993E-02   max: -.1044E+00   C at   51  1
       a =  5.250      CL =  0.9335
      Cm = -0.0743     CD =  0.01104   =>   CDf =  0.00676    CDp =  0.00428

 Side 1  free  transition at x/c =  0.3097   51
 Side 2 forced transition at x/c =  1.0000   75

 114   rms: 0.4993E-02   max: -.1044E+00   C at   51  1
       a =  5.250      CL =  0.9335
      Cm = -0.0743     CD =  0.01104   =>   CDf =  0.00676    CDp =  0.00428

 Side 1  free  transition at x/c =  0.3097   51
 Side 2 forced transition at x/c =  1.0000   75

 115   rms: 0.4993E-02   max: -.1044E+00   C at   51  1
       a =  5.250      CL =  0.9335
      Cm = -0.0743     CD =  0.01104   =>   CDf =  0.00676    CDp =  0.00428

 Side 1  free  transition at x/c =  0.3097   51
 Side 2 forced transition at x/c =  1.0000   75

 116   rms: 0.4993E-02   max: -.1044E+00   C at   51  1
       a =  5.250      CL =  0.9335
      Cm = -0.0743     CD =  0.01104   =>   CDf =  0.00676    CDp =  0.00428

 Side 1  free  transition at x/c =  0.3097   51
 Side 2 forced transition at x/c =  1.0000   75

 117   rms: 0.4993E-02   max: -.1044E+00   C at   51  1
       a =  5.250      CL =  0.9335
      Cm = -0.0743     CD =  0.01104   =>   CDf =  0.00676    CDp =  0.00428

 Side 1  free  transition at x/c =  0.3097   51
 Side 2 forced transition at x/c =  1.0000   75

 118   rms: 0.4993E-02   max: -.1044E+00   C at   51  1
       a =  5.250      CL =  0.9335
      Cm = -0.0743     CD =  0.01104   =>   CDf =  0.00676    CDp =  0.00428

 Side 1  free  transition at x/c =  0.3097   51
 Side 2 forced transition at x/c =  1.0000   75

 119   rms: 0.4993E-02   max: -.1044E+00   C at   51  1
       a =  5.250      CL =  0.9335
      Cm = -0.0743     CD =  0.01104   =>   CDf =  0.00676    CDp =  0.00428

 Side 1  free  transition at x/c =  0.3097   51
 Side 2 forced transition at x/c =  1.0000   75

 120   rms: 0.4993E-02   max: -.1044E+00   C at   51  1
       a =  5.250      CL =  0.9335
      Cm = -0.0743     CD =  0.01104   =>   CDf =  0.00676    CDp =  0.00428

 Side 1  free  transition at x/c =  0.3097   51
 Side 2 forced transition at x/c =  1.0000   75

 121   rms: 0.4993E-02   max: -.1044E+00   C at   51  1
       a =  5.250      CL =  0.9335
      Cm = -0.0743     CD =  0.01104   =>   CDf =  0.00676    CDp =  0.00428

 Side 1  free  transition at x/c =  0.3097   51
 Side 2 forced transition at x/c =  1.0000   75

 122   rms: 0.4993E-02   max: -.1044E+00   C at   51  1
       a =  5.250      CL =  0.9335
      Cm = -0.0743     CD =  0.01104   =>   CDf =  0.00676    CDp =  0.00428

 Side 1  free  transition at x/c =  0.3097   51
 Side 2 forced transition at x/c =  1.0000   75

 123   rms: 0.4993E-02   max: -.1044E+00   C at   51  1
       a =  5.250      CL =  0.9335
      Cm = -0.0743     CD =  0.01104   =>   CDf =  0.00676    CDp =  0.00428

 Side 1  free  transition at x/c =  0.3097   51
 Side 2 forced transition at x/c =  1.0000   75

 124   rms: 0.4993E-02   max: -.1044E+00   C at   51  1
       a =  5.250      CL =  0.9335
      Cm = -0.0743     CD =  0.01104   =>   CDf =  0.00676    CDp =  0.00428

 Side 1  free  transition at x/c =  0.3097   51
 Side 2 forced transition at x/c =  1.0000   75

 125   rms: 0.4993E-02   max: -.1044E+00   C at   51  1
       a =  5.250      CL =  0.9335
      Cm = -0.0743     CD =  0.01104   =>   CDf =  0.00676    CDp =  0.00428

 Side 1  free  transition at x/c =  0.3097   51
 Side 2 forced transition at x/c =  1.0000   75

 126   rms: 0.4993E-02   max: -.1044E+00   C at   51  1
       a =  5.250      CL =  0.9335
      Cm = -0.0743     CD =  0.01104   =>   CDf =  0.00676    CDp =  0.00428

 Side 1  free  transition at x/c =  0.3097   51
 Side 2 forced transition at x/c =  1.0000   75

 127   rms: 0.4993E-02   max: -.1044E+00   C at   51  1
       a =  5.250      CL =  0.9335
      Cm = -0.0743     CD =  0.01104   =>   CDf =  0.00676    CDp =  0.00428

 Side 1  free  transition at x/c =  0.3097   51
 Side 2 forced transition at x/c =  1.0000   75

 128   rms: 0.4993E-02   max: -.1044E+00   C at   51  1
       a =  5.250      CL =  0.9335
      Cm = -0.0743     CD =  0.01104   =>   CDf =  0.00676    CDp =  0.00428

 Side 1  free  transition at x/c =  0.3097   51
 Side 2 forced transition at x/c =  1.0000   75

 129   rms: 0.4993E-02   max: -.1044E+00   C at   51  1
       a =  5.250      CL =  0.9335
      Cm = -0.0743     CD =  0.01104   =>   CDf =  0.00676    CDp =  0.00428

 Side 1  free  transition at x/c =  0.3097   51
 Side 2 forced transition at x/c =  1.0000   75

 130   rms: 0.4993E-02   max: -.1044E+00   C at   51  1
       a =  5.250      CL =  0.9335
      Cm = -0.0743     CD =  0.01104   =>   CDf =  0.00676    CDp =  0.00428

 Side 1  free  transition at x/c =  0.3097   51
 Side 2 forced transition at x/c =  1.0000   75

 131   rms: 0.4993E-02   max: -.1044E+00   C at   51  1
       a =  5.250      CL =  0.9335
      Cm = -0.0743     CD =  0.01104   =>   CDf =  0.00676    CDp =  0.00428

 Side 1  free  transition at x/c =  0.3097   51
 Side 2 forced transition at x/c =  1.0000   75

 132   rms: 0.4993E-02   max: -.1044E+00   C at   51  1
       a =  5.250      CL =  0.9335
      Cm = -0.0743     CD =  0.01104   =>   CDf =  0.00676    CDp =  0.00428

 Side 1  free  transition at x/c =  0.3097   51
 Side 2 forced transition at x/c =  1.0000   75

 133   rms: 0.4993E-02   max: -.1044E+00   C at   51  1
       a =  5.250      CL =  0.9335
      Cm = -0.0743     CD =  0.01104   =>   CDf =  0.00676    CDp =  0.00428

 Side 1  free  transition at x/c =  0.3097   51
 Side 2 forced transition at x/c =  1.0000   75

 134   rms: 0.4993E-02   max: -.1044E+00   C at   51  1
       a =  5.250      CL =  0.9335
      Cm = -0.0743     CD =  0.01104   =>   CDf =  0.00676    CDp =  0.00428

 Side 1  free  transition at x/c =  0.3097   51
 Side 2 forced transition at x/c =  1.0000   75

 135   rms: 0.4993E-02   max: -.1044E+00   C at   51  1
       a =  5.250      CL =  0.9335
      Cm = -0.0743     CD =  0.01104   =>   CDf =  0.00676    CDp =  0.00428

 Side 1  free  transition at x/c =  0.3097   51
 Side 2 forced transition at x/c =  1.0000   75

 136   rms: 0.4993E-02   max: -.1044E+00   C at   51  1
       a =  5.250      CL =  0.9335
      Cm = -0.0743     CD =  0.01104   =>   CDf =  0.00676    CDp =  0.00428

 Side 1  free  transition at x/c =  0.3097   51
 Side 2 forced transition at x/c =  1.0000   75

 137   rms: 0.4993E-02   max: -.1044E+00   C at   51  1
       a =  5.250      CL =  0.9335
      Cm = -0.0743     CD =  0.01104   =>   CDf =  0.00676    CDp =  0.00428

 Side 1  free  transition at x/c =  0.3097   51
 Side 2 forced transition at x/c =  1.0000   75

 138   rms: 0.4993E-02   max: -.1044E+00   C at   51  1
       a =  5.250      CL =  0.9335
      Cm = -0.0743     CD =  0.01104   =>   CDf =  0.00676    CDp =  0.00428

 Side 1  free  transition at x/c =  0.3097   51
 Side 2 forced transition at x/c =  1.0000   75

 139   rms: 0.4993E-02   max: -.1044E+00   C at   51  1
       a =  5.250      CL =  0.9335
      Cm = -0.0743     CD =  0.01104   =>   CDf =  0.00676    CDp =  0.00428

 Side 1  free  transition at x/c =  0.3097   51
 Side 2 forced transition at x/c =  1.0000   75

 140   rms: 0.4993E-02   max: -.1044E+00   C at   51  1
       a =  5.250      CL =  0.9335
      Cm = -0.0743     CD =  0.01104   =>   CDf =  0.00676    CDp =  0.00428

 Side 1  free  transition at x/c =  0.3097   51
 Side 2 forced transition at x/c =  1.0000   75

 141   rms: 0.4993E-02   max: -.1044E+00   C at   51  1
       a =  5.250      CL =  0.9335
      Cm = -0.0743     CD =  0.01104   =>   CDf =  0.00676    CDp =  0.00428

 Side 1  free  transition at x/c =  0.3097   51
 Side 2 forced transition at x/c =  1.0000   75

 142   rms: 0.4993E-02   max: -.1044E+00   C at   51  1
       a =  5.250      CL =  0.9335
      Cm = -0.0743     CD =  0.01104   =>   CDf =  0.00676    CDp =  0.00428

 Side 1  free  transition at x/c =  0.3097   51
 Side 2 forced transition at x/c =  1.0000   75

 143   rms: 0.4993E-02   max: -.1044E+00   C at   51  1
       a =  5.250      CL =  0.9335
      Cm = -0.0743     CD =  0.01104   =>   CDf =  0.00676    CDp =  0.00428

 Side 1  free  transition at x/c =  0.3097   51
 Side 2 forced transition at x/c =  1.0000   75

 144   rms: 0.4993E-02   max: -.1044E+00   C at   51  1
       a =  5.250      CL =  0.9335
      Cm = -0.0743     CD =  0.01104   =>   CDf =  0.00676    CDp =  0.00428

 Side 1  free  transition at x/c =  0.3097   51
 Side 2 forced transition at x/c =  1.0000   75

 145   rms: 0.4993E-02   max: -.1044E+00   C at   51  1
       a =  5.250      CL =  0.9335
      Cm = -0.0743     CD =  0.01104   =>   CDf =  0.00676    CDp =  0.00428

 Side 1  free  transition at x/c =  0.3097   51
 Side 2 forced transition at x/c =  1.0000   75

 146   rms: 0.4993E-02   max: -.1044E+00   C at   51  1
       a =  5.250      CL =  0.9335
      Cm = -0.0743     CD =  0.01104   =>   CDf =  0.00676    CDp =  0.00428

 Side 1  free  transition at x/c =  0.3097   51
 Side 2 forced transition at x/c =  1.0000   75

 147   rms: 0.4993E-02   max: -.1044E+00   C at   51  1
       a =  5.250      CL =  0.9335
      Cm = -0.0743     CD =  0.01104   =>   CDf =  0.00676    CDp =  0.00428

 Side 1  free  transition at x/c =  0.3097   51
 Side 2 forced transition at x/c =  1.0000   75

 148   rms: 0.4993E-02   max: -.1044E+00   C at   51  1
       a =  5.250      CL =  0.9335
      Cm = -0.0743     CD =  0.01104   =>   CDf =  0.00676    CDp =  0.00428

 Side 1  free  transition at x/c =  0.3097   51
 Side 2 forced transition at x/c =  1.0000   75

 149   rms: 0.4993E-02   max: -.1044E+00   C at   51  1
       a =  5.250      CL =  0.9335
      Cm = -0.0743     CD =  0.01104   =>   CDf =  0.00676    CDp =  0.00428

 Side 1  free  transition at x/c =  0.3097   51
 Side 2 forced transition at x/c =  1.0000   75

 150   rms: 0.4993E-02   max: -.1044E+00   C at   51  1
       a =  5.250      CL =  0.9335
      Cm = -0.0743     CD =  0.01104   =>   CDf =  0.00676    CDp =  0.00428

 Side 1  free  transition at x/c =  0.3097   51
 Side 2 forced transition at x/c =  1.0000   75

 151   rms: 0.4993E-02   max: -.1044E+00   C at   51  1
       a =  5.250      CL =  0.9335
      Cm = -0.0743     CD =  0.01104   =>   CDf =  0.00676    CDp =  0.00428

 Side 1  free  transition at x/c =  0.3097   51
 Side 2 forced transition at x/c =  1.0000   75

 152   rms: 0.4993E-02   max: -.1044E+00   C at   51  1
       a =  5.250      CL =  0.9335
      Cm = -0.0743     CD =  0.01104   =>   CDf =  0.00676    CDp =  0.00428

 Side 1  free  transition at x/c =  0.3097   51
 Side 2 forced transition at x/c =  1.0000   75

 153   rms: 0.4993E-02   max: -.1044E+00   C at   51  1
       a =  5.250      CL =  0.9335
      Cm = -0.0743     CD =  0.01104   =>   CDf =  0.00676    CDp =  0.00428

 Side 1  free  transition at x/c =  0.3097   51
 Side 2 forced transition at x/c =  1.0000   75

 154   rms: 0.4993E-02   max: -.1044E+00   C at   51  1
       a =  5.250      CL =  0.9335
      Cm = -0.0743     CD =  0.01104   =>   CDf =  0.00676    CDp =  0.00428

 Side 1  free  transition at x/c =  0.3097   51
 Side 2 forced transition at x/c =  1.0000   75

 155   rms: 0.4993E-02   max: -.1044E+00   C at   51  1
       a =  5.250      CL =  0.9335
      Cm = -0.0743     CD =  0.01104   =>   CDf =  0.00676    CDp =  0.00428

 Side 1  free  transition at x/c =  0.3097   51
 Side 2 forced transition at x/c =  1.0000   75

 156   rms: 0.4993E-02   max: -.1044E+00   C at   51  1
       a =  5.250      CL =  0.9335
      Cm = -0.0743     CD =  0.01104   =>   CDf =  0.00676    CDp =  0.00428

 Side 1  free  transition at x/c =  0.3097   51
 Side 2 forced transition at x/c =  1.0000   75

 157   rms: 0.4993E-02   max: -.1044E+00   C at   51  1
       a =  5.250      CL =  0.9335
      Cm = -0.0743     CD =  0.01104   =>   CDf =  0.00676    CDp =  0.00428

 Side 1  free  transition at x/c =  0.3097   51
 Side 2 forced transition at x/c =  1.0000   75

 158   rms: 0.4993E-02   max: -.1044E+00   C at   51  1
       a =  5.250      CL =  0.9335
      Cm = -0.0743     CD =  0.01104   =>   CDf =  0.00676    CDp =  0.00428

 Side 1  free  transition at x/c =  0.3097   51
 Side 2 forced transition at x/c =  1.0000   75

 159   rms: 0.4993E-02   max: -.1044E+00   C at   51  1
       a =  5.250      CL =  0.9335
      Cm = -0.0743     CD =  0.01104   =>   CDf =  0.00676    CDp =  0.00428

 Side 1  free  transition at x/c =  0.3097   51
 Side 2 forced transition at x/c =  1.0000   75

 160   rms: 0.4993E-02   max: -.1044E+00   C at   51  1
       a =  5.250      CL =  0.9335
      Cm = -0.0743     CD =  0.01104   =>   CDf =  0.00676    CDp =  0.00428

 Side 1  free  transition at x/c =  0.3097   51
 Side 2 forced transition at x/c =  1.0000   75

 161   rms: 0.4993E-02   max: -.1044E+00   C at   51  1
       a =  5.250      CL =  0.9335
      Cm = -0.0743     CD =  0.01104   =>   CDf =  0.00676    CDp =  0.00428

 Side 1  free  transition at x/c =  0.3097   51
 Side 2 forced transition at x/c =  1.0000   75

 162   rms: 0.4993E-02   max: -.1044E+00   C at   51  1
       a =  5.250      CL =  0.9335
      Cm = -0.0743     CD =  0.01104   =>   CDf =  0.00676    CDp =  0.00428

 Side 1  free  transition at x/c =  0.3097   51
 Side 2 forced transition at x/c =  1.0000   75

 163   rms: 0.4993E-02   max: -.1044E+00   C at   51  1
       a =  5.250      CL =  0.9335
      Cm = -0.0743     CD =  0.01104   =>   CDf =  0.00676    CDp =  0.00428

 Side 1  free  transition at x/c =  0.3097   51
 Side 2 forced transition at x/c =  1.0000   75

 164   rms: 0.4993E-02   max: -.1044E+00   C at   51  1
       a =  5.250      CL =  0.9335
      Cm = -0.0743     CD =  0.01104   =>   CDf =  0.00676    CDp =  0.00428

 Side 1  free  transition at x/c =  0.3097   51
 Side 2 forced transition at x/c =  1.0000   75

 165   rms: 0.4993E-02   max: -.1044E+00   C at   51  1
       a =  5.250      CL =  0.9335
      Cm = -0.0743     CD =  0.01104   =>   CDf =  0.00676    CDp =  0.00428

 Side 1  free  transition at x/c =  0.3097   51
 Side 2 forced transition at x/c =  1.0000   75

 166   rms: 0.4993E-02   max: -.1044E+00   C at   51  1
       a =  5.250      CL =  0.9335
      Cm = -0.0743     CD =  0.01104   =>   CDf =  0.00676    CDp =  0.00428

 Side 1  free  transition at x/c =  0.3097   51
 Side 2 forced transition at x/c =  1.0000   75

 167   rms: 0.4993E-02   max: -.1044E+00   C at   51  1
       a =  5.250      CL =  0.9335
      Cm = -0.0743     CD =  0.01104   =>   CDf =  0.00676    CDp =  0.00428

 Side 1  free  transition at x/c =  0.3097   51
 Side 2 forced transition at x/c =  1.0000   75

 168   rms: 0.4993E-02   max: -.1044E+00   C at   51  1
       a =  5.250      CL =  0.9335
      Cm = -0.0743     CD =  0.01104   =>   CDf =  0.00676    CDp =  0.00428

 Side 1  free  transition at x/c =  0.3097   51
 Side 2 forced transition at x/c =  1.0000   75

 169   rms: 0.4993E-02   max: -.1044E+00   C at   51  1
       a =  5.250      CL =  0.9335
      Cm = -0.0743     CD =  0.01104   =>   CDf =  0.00676    CDp =  0.00428

 Side 1  free  transition at x/c =  0.3097   51
 Side 2 forced transition at x/c =  1.0000   75

 170   rms: 0.4993E-02   max: -.1044E+00   C at   51  1
       a =  5.250      CL =  0.9335
      Cm = -0.0743     CD =  0.01104   =>   CDf =  0.00676    CDp =  0.00428

 Side 1  free  transition at x/c =  0.3097   51
 Side 2 forced transition at x/c =  1.0000   75

 171   rms: 0.4993E-02   max: -.1044E+00   C at   51  1
       a =  5.250      CL =  0.9335
      Cm = -0.0743     CD =  0.01104   =>   CDf =  0.00676    CDp =  0.00428

 Side 1  free  transition at x/c =  0.3097   51
 Side 2 forced transition at x/c =  1.0000   75

 172   rms: 0.4993E-02   max: -.1044E+00   C at   51  1
       a =  5.250      CL =  0.9335
      Cm = -0.0743     CD =  0.01104   =>   CDf =  0.00676    CDp =  0.00428

 Side 1  free  transition at x/c =  0.3097   51
 Side 2 forced transition at x/c =  1.0000   75

 173   rms: 0.4993E-02   max: -.1044E+00   C at   51  1
       a =  5.250      CL =  0.9335
      Cm = -0.0743     CD =  0.01104   =>   CDf =  0.00676    CDp =  0.00428

 Side 1  free  transition at x/c =  0.3097   51
 Side 2 forced transition at x/c =  1.0000   75

 174   rms: 0.4993E-02   max: -.1044E+00   C at   51  1
       a =  5.250      CL =  0.9335
      Cm = -0.0743     CD =  0.01104   =>   CDf =  0.00676    CDp =  0.00428

 Side 1  free  transition at x/c =  0.3097   51
 Side 2 forced transition at x/c =  1.0000   75

 175   rms: 0.4993E-02   max: -.1044E+00   C at   51  1
       a =  5.250      CL =  0.9335
      Cm = -0.0743     CD =  0.01104   =>   CDf =  0.00676    CDp =  0.00428

 Side 1  free  transition at x/c =  0.3097   51
 Side 2 forced transition at x/c =  1.0000   75

 176   rms: 0.4993E-02   max: -.1044E+00   C at   51  1
       a =  5.250      CL =  0.9335
      Cm = -0.0743     CD =  0.01104   =>   CDf =  0.00676    CDp =  0.00428

 Side 1  free  transition at x/c =  0.3097   51
 Side 2 forced transition at x/c =  1.0000   75

 177   rms: 0.4993E-02   max: -.1044E+00   C at   51  1
       a =  5.250      CL =  0.9335
      Cm = -0.0743     CD =  0.01104   =>   CDf =  0.00676    CDp =  0.00428

 Side 1  free  transition at x/c =  0.3097   51
 Side 2 forced transition at x/c =  1.0000   75

 178   rms: 0.4993E-02   max: -.1044E+00   C at   51  1
       a =  5.250      CL =  0.9335
      Cm = -0.0743     CD =  0.01104   =>   CDf =  0.00676    CDp =  0.00428

 Side 1  free  transition at x/c =  0.3097   51
 Side 2 forced transition at x/c =  1.0000   75

 179   rms: 0.4993E-02   max: -.1044E+00   C at   51  1
       a =  5.250      CL =  0.9335
      Cm = -0.0743     CD =  0.01104   =>   CDf =  0.00676    CDp =  0.00428

 Side 1  free  transition at x/c =  0.3097   51
 Side 2 forced transition at x/c =  1.0000   75

 180   rms: 0.4993E-02   max: -.1044E+00   C at   51  1
       a =  5.250      CL =  0.9335
      Cm = -0.0743     CD =  0.01104   =>   CDf =  0.00676    CDp =  0.00428

 Side 1  free  transition at x/c =  0.3097   51
 Side 2 forced transition at x/c =  1.0000   75

 181   rms: 0.4993E-02   max: -.1044E+00   C at   51  1
       a =  5.250      CL =  0.9335
      Cm = -0.0743     CD =  0.01104   =>   CDf =  0.00676    CDp =  0.00428

 Side 1  free  transition at x/c =  0.3097   51
 Side 2 forced transition at x/c =  1.0000   75

 182   rms: 0.4993E-02   max: -.1044E+00   C at   51  1
       a =  5.250      CL =  0.9335
      Cm = -0.0743     CD =  0.01104   =>   CDf =  0.00676    CDp =  0.00428

 Side 1  free  transition at x/c =  0.3097   51
 Side 2 forced transition at x/c =  1.0000   75

 183   rms: 0.4993E-02   max: -.1044E+00   C at   51  1
       a =  5.250      CL =  0.9335
      Cm = -0.0743     CD =  0.01104   =>   CDf =  0.00676    CDp =  0.00428

 Side 1  free  transition at x/c =  0.3097   51
 Side 2 forced transition at x/c =  1.0000   75

 184   rms: 0.4993E-02   max: -.1044E+00   C at   51  1
       a =  5.250      CL =  0.9335
      Cm = -0.0743     CD =  0.01104   =>   CDf =  0.00676    CDp =  0.00428

 Side 1  free  transition at x/c =  0.3097   51
 Side 2 forced transition at x/c =  1.0000   75

 185   rms: 0.4993E-02   max: -.1044E+00   C at   51  1
       a =  5.250      CL =  0.9335
      Cm = -0.0743     CD =  0.01104   =>   CDf =  0.00676    CDp =  0.00428

 Side 1  free  transition at x/c =  0.3097   51
 Side 2 forced transition at x/c =  1.0000   75

 186   rms: 0.4993E-02   max: -.1044E+00   C at   51  1
       a =  5.250      CL =  0.9335
      Cm = -0.0743     CD =  0.01104   =>   CDf =  0.00676    CDp =  0.00428

 Side 1  free  transition at x/c =  0.3097   51
 Side 2 forced transition at x/c =  1.0000   75

 187   rms: 0.4993E-02   max: -.1044E+00   C at   51  1
       a =  5.250      CL =  0.9335
      Cm = -0.0743     CD =  0.01104   =>   CDf =  0.00676    CDp =  0.00428

 Side 1  free  transition at x/c =  0.3097   51
 Side 2 forced transition at x/c =  1.0000   75

 188   rms: 0.4993E-02   max: -.1044E+00   C at   51  1
       a =  5.250      CL =  0.9335
      Cm = -0.0743     CD =  0.01104   =>   CDf =  0.00676    CDp =  0.00428

 Side 1  free  transition at x/c =  0.3097   51
 Side 2 forced transition at x/c =  1.0000   75

 189   rms: 0.4993E-02   max: -.1044E+00   C at   51  1
       a =  5.250      CL =  0.9335
      Cm = -0.0743     CD =  0.01104   =>   CDf =  0.00676    CDp =  0.00428

 Side 1  free  transition at x/c =  0.3097   51
 Side 2 forced transition at x/c =  1.0000   75

 190   rms: 0.4993E-02   max: -.1044E+00   C at   51  1
       a =  5.250      CL =  0.9335
      Cm = -0.0743     CD =  0.01104   =>   CDf =  0.00676    CDp =  0.00428

 Side 1  free  transition at x/c =  0.3097   51
 Side 2 forced transition at x/c =  1.0000   75

 191   rms: 0.4993E-02   max: -.1044E+00   C at   51  1
       a =  5.250      CL =  0.9335
      Cm = -0.0743     CD =  0.01104   =>   CDf =  0.00676    CDp =  0.00428

 Side 1  free  transition at x/c =  0.3097   51
 Side 2 forced transition at x/c =  1.0000   75

 192   rms: 0.4993E-02   max: -.1044E+00   C at   51  1
       a =  5.250      CL =  0.9335
      Cm = -0.0743     CD =  0.01104   =>   CDf =  0.00676    CDp =  0.00428

 Side 1  free  transition at x/c =  0.3097   51
 Side 2 forced transition at x/c =  1.0000   75

 193   rms: 0.4993E-02   max: -.1044E+00   C at   51  1
       a =  5.250      CL =  0.9335
      Cm = -0.0743     CD =  0.01104   =>   CDf =  0.00676    CDp =  0.00428

 Side 1  free  transition at x/c =  0.3097   51
 Side 2 forced transition at x/c =  1.0000   75

 194   rms: 0.4993E-02   max: -.1044E+00   C at   51  1
       a =  5.250      CL =  0.9335
      Cm = -0.0743     CD =  0.01104   =>   CDf =  0.00676    CDp =  0.00428

 Side 1  free  transition at x/c =  0.3097   51
 Side 2 forced transition at x/c =  1.0000   75

 195   rms: 0.4993E-02   max: -.1044E+00   C at   51  1
       a =  5.250      CL =  0.9335
      Cm = -0.0743     CD =  0.01104   =>   CDf =  0.00676    CDp =  0.00428

 Side 1  free  transition at x/c =  0.3097   51
 Side 2 forced transition at x/c =  1.0000   75

 196   rms: 0.4993E-02   max: -.1044E+00   C at   51  1
       a =  5.250      CL =  0.9335
      Cm = -0.0743     CD =  0.01104   =>   CDf =  0.00676    CDp =  0.00428

 Side 1  free  transition at x/c =  0.3097   51
 Side 2 forced transition at x/c =  1.0000   75

 197   rms: 0.4993E-02   max: -.1044E+00   C at   51  1
       a =  5.250      CL =  0.9335
      Cm = -0.0743     CD =  0.01104   =>   CDf =  0.00676    CDp =  0.00428

 Side 1  free  transition at x/c =  0.3097   51
 Side 2 forced transition at x/c =  1.0000   75

 198   rms: 0.4993E-02   max: -.1044E+00   C at   51  1
       a =  5.250      CL =  0.9335
      Cm = -0.0743     CD =  0.01104   =>   CDf =  0.00676    CDp =  0.00428

 Side 1  free  transition at x/c =  0.3097   51
 Side 2 forced transition at x/c =  1.0000   75

 199   rms: 0.4993E-02   max: -.1044E+00   C at   51  1
       a =  5.250      CL =  0.9335
      Cm = -0.0743     CD =  0.01104   =>   CDf =  0.00676    CDp =  0.00428

 Side 1  free  transition at x/c =  0.3097   51
 Side 2 forced transition at x/c =  1.0000   75

 200   rms: 0.4993E-02   max: -.1044E+00   C at   51  1
       a =  5.250      CL =  0.9335
      Cm = -0.0743     CD =  0.01104   =>   CDf =  0.00676    CDp =  0.00428

 Side 1  free  transition at x/c =  0.3097   51
 Side 2 forced transition at x/c =  1.0000   75

 201   rms: 0.4993E-02   max: -.1044E+00   C at   51  1
       a =  5.250      CL =  0.9335
      Cm = -0.0743     CD =  0.01104   =>   CDf =  0.00676    CDp =  0.00428

 Side 1  free  transition at x/c =  0.3097   51
 Side 2 forced transition at x/c =  1.0000   75

 202   rms: 0.4993E-02   max: -.1044E+00   C at   51  1
       a =  5.250      CL =  0.9335
      Cm = -0.0743     CD =  0.01104   =>   CDf =  0.00676    CDp =  0.00428

 Side 1  free  transition at x/c =  0.3097   51
 Side 2 forced transition at x/c =  1.0000   75

 203   rms: 0.4993E-02   max: -.1044E+00   C at   51  1
       a =  5.250      CL =  0.9335
      Cm = -0.0743     CD =  0.01104   =>   CDf =  0.00676    CDp =  0.00428

 Side 1  free  transition at x/c =  0.3097   51
 Side 2 forced transition at x/c =  1.0000   75

 204   rms: 0.4993E-02   max: -.1044E+00   C at   51  1
       a =  5.250      CL =  0.9335
      Cm = -0.0743     CD =  0.01104   =>   CDf =  0.00676    CDp =  0.00428

 Side 1  free  transition at x/c =  0.3097   51
 Side 2 forced transition at x/c =  1.0000   75

 205   rms: 0.4993E-02   max: -.1044E+00   C at   51  1
       a =  5.250      CL =  0.9335
      Cm = -0.0743     CD =  0.01104   =>   CDf =  0.00676    CDp =  0.00428
 VISCAL:  Convergence failed
      5.000    3.6843   0.011040   0.000000   0.000000   0.000000    0.3097     #
 Calculating wake trajectory ...
 Calculating source influence matrix ...

 Solving BL system ...

 Side 1  free  transition at x/c =  0.3097   51
 Side 2 forced transition at x/c =  1.0000   75

   1   rms: 0.4009E-01   max: -.6004E-01   C at   75  2
       a =  5.500      CL =  0.9595
      Cm = -0.0740     CD =  0.01118   =>   CDf =  0.00676    CDp =  0.00441

 Side 1  free  transition at x/c =  0.3025   51
 Side 2 forced transition at x/c =  1.0000   75

   2   rms: 0.1033E-02   max: 0.1503E-01   D at   52  1
       a =  5.500      CL =  0.9588
      Cm = -0.0738     CD =  0.01123   =>   CDf =  0.00674    CDp =  0.00449

 Side 1  free  transition at x/c =  0.3026   51
 Side 2 forced transition at x/c =  1.0000   75

   3   rms: 0.6278E-05   max: -.1159E-03   D at   52  1
       a =  5.500      CL =  0.9588
      Cm = -0.0738     CD =  0.01123   =>   CDf =  0.00674    CDp =  0.00449
      5.000    3.6558   0.011227   0.000000   0.000000   0.000000    0.3026     #

 Point added to stored polar  1
 Point written to save file  clarky_re430000_realistic_model.polar           
 Dump file unspecified or not available
 Calculating wake trajectory ...
 Calculating source influence matrix ...

 Solving BL system ...

 Side 1  free  transition at x/c =  0.3026   51
 Side 2 forced transition at x/c =  1.0000   75

   1   rms: 0.3999E-01   max: -.6610E-01   C at   75  2
       a =  5.750      CL =  0.9837
      Cm = -0.0734     CD =  0.01145   =>   CDf =  0.00674    CDp =  0.00471

 Side 1  free  transition at x/c =  0.2948   51
 Side 2 forced transition at x/c =  1.0000   75

   2   rms: 0.1343E-02   max: -.1817E-01   C at   51  1
       a =  5.750      CL =  0.9832
      Cm = -0.0733     CD =  0.01147   =>   CDf =  0.00677    CDp =  0.00470

 Side 1  free  transition at x/c =  0.2953   51
 Side 2 forced transition at x/c =  1.0000   75

   3   rms: 0.1103E-04   max: -.2050E-03   D at   52  1
       a =  5.750      CL =  0.9832
      Cm = -0.0733     CD =  0.01147   =>   CDf =  0.00676    CDp =  0.00471
      5.000    3.6374   0.011469   0.000000   0.000000   0.000000    0.2953     #

 Point added to stored polar  1
 Point written to save file  clarky_re430000_realistic_model.polar           
 Dump file unspecified or not available
 Calculating wake trajectory ...
 Calculating source influence matrix ...

 Solving BL system ...

 Side 1  free  transition at x/c =  0.2953   51
 Side 2 forced transition at x/c =  1.0000   75

   1   rms: 0.4035E-01   max: -.7030E-01   C at   75  2
       a =  6.000      CL =  1.0072
      Cm = -0.0727     CD =  0.01175   =>   CDf =  0.00663    CDp =  0.00512

 Side 1  free  transition at x/c =  0.2891   51
 Side 2 forced transition at x/c =  1.0000   74

   2   rms: 0.2660E-02   max: -.3210E-01   D at    3  1
       a =  6.000      CL =  1.0078
      Cm = -0.0728     CD =  0.01169   =>   CDf =  0.00676    CDp =  0.00494

 Side 1  free  transition at x/c =  0.2890   51
 Side 2 forced transition at x/c =  1.0000   74

   3   rms: 0.4385E-03   max: -.4708E-02   D at    4  1
       a =  6.000      CL =  1.0078
      Cm = -0.0728     CD =  0.01170   =>   CDf =  0.00676    CDp =  0.00494

 Side 1  free  transition at x/c =  0.2890   51
 Side 2 forced transition at x/c =  1.0000   74

   4   rms: 0.1770E-06   max: -.1580E-05   D at    9  1
       a =  6.000      CL =  1.0078
      Cm = -0.0728     CD =  0.01170   =>   CDf =  0.00676    CDp =  0.00494
      5.000    3.6319   0.011696   0.000000   0.000000   0.000000    0.2890     #

 Point added to stored polar  1
 Point written to save file  clarky_re430000_realistic_model.polar           
 Dump file unspecified or not available
 Calculating wake trajectory ...
 Calculating source influence matrix ...

 Solving BL system ...

 Side 1  free  transition at x/c =  0.2890   51
 Side 2 forced transition at x/c =  1.0000   74

   1   rms: 0.3939E-01   max: -.6022E-01   C at   74  2
       a =  6.250      CL =  1.0332
      Cm = -0.0723     CD =  0.01188   =>   CDf =  0.00676    CDp =  0.00513

 Side 1  free  transition at x/c =  0.2809   51
 Side 2 forced transition at x/c =  1.0000   74

   2   rms: 0.1863E-02   max: -.3148E-01   C at   51  1
       a =  6.250      CL =  1.0327
      Cm = -0.0723     CD =  0.01191   =>   CDf =  0.00675    CDp =  0.00515

 Side 1  free  transition at x/c =  0.2817   51
 Side 2 forced transition at x/c =  1.0000   74

   3   rms: 0.2012E-04   max: -.4197E-03   D at   52  1
       a =  6.250      CL =  1.0327
      Cm = -0.0723     CD =  0.01191   =>   CDf =  0.00675    CDp =  0.00516
      5.000    3.5934   0.011908   0.000000   0.000000   0.000000    0.2817     #

 Point added to stored polar  1
 Point written to save file  clarky_re430000_realistic_model.polar           
 Dump file unspecified or not available
 Calculating wake trajectory ...
 Calculating source influence matrix ...

 Solving BL system ...

 Side 1  free  transition at x/c =  0.2817   51
 Side 2 forced transition at x/c =  1.0000   74

   1   rms: 0.4001E-01   max: -.6459E-01   C at   74  2
       a =  6.500      CL =  1.0571
      Cm = -0.0717     CD =  0.01216   =>   CDf =  0.00675    CDp =  0.00541

 Side 1  free  transition at x/c =  0.2736   50
 Side 2 forced transition at x/c =  1.0000   74

   2   rms: 0.1233E-02   max: -.2086E-01   C at   50  1
       a =  6.500      CL =  1.0564
      Cm = -0.0716     CD =  0.01219   =>   CDf =  0.00678    CDp =  0.00542

 Side 1  free  transition at x/c =  0.2742   51
 Side 2 forced transition at x/c =  1.0000   74

   3   rms: 0.2543E-03   max: -.2969E-02   D at   51  1
       a =  6.500      CL =  1.0564
      Cm = -0.0716     CD =  0.01219   =>   CDf =  0.00677    CDp =  0.00542

 Side 1  free  transition at x/c =  0.2741   51
 Side 2 forced transition at x/c =  1.0000   74

   4   rms: 0.2483E-05   max: -.1677E-04   D at   52  1
       a =  6.500      CL =  1.0564
      Cm = -0.0716     CD =  0.01219   =>   CDf =  0.00677    CDp =  0.00542
      5.000    3.5101   0.012193   0.000000   0.000000   0.000000    0.2741     #

 Point added to stored polar  1
 Point written to save file  clarky_re430000_realistic_model.polar           
 Dump file unspecified or not available
 Calculating wake trajectory ...
 Calculating source influence matrix ...

 Solving BL system ...

 Side 1  free  transition at x/c =  0.2741   51
 Side 2 forced transition at x/c =  1.0000   74

   1   rms: 0.4020E-01   max: -.6953E-01   C at   74  2
       a =  6.750      CL =  1.0798
      Cm = -0.0709     CD =  0.01251   =>   CDf =  0.00663    CDp =  0.00588

 Side 1  free  transition at x/c =  0.2665   51
 Side 2 forced transition at x/c =  1.0000   73

   2   rms: 0.3346E-02   max: -.3590E-01   D at   52  1
       a =  6.750      CL =  1.0814
      Cm = -0.0712     CD =  0.01239   =>   CDf =  0.00673    CDp =  0.00566

 Side 1  free  transition at x/c =  0.2666   51
 Side 2 forced transition at x/c =  1.0000   73

   3   rms: 0.3802E-03   max: -.4180E-02   D at    4  1
       a =  6.750      CL =  1.0814
      Cm = -0.0712     CD =  0.01239   =>   CDf =  0.00673    CDp =  0.00566

 Side 1  free  transition at x/c =  0.2666   51
 Side 2 forced transition at x/c =  1.0000   73

   4   rms: 0.1919E-06   max: 0.3046E-05   D at    8  1
       a =  6.750      CL =  1.0814
      Cm = -0.0712     CD =  0.01239   =>   CDf =  0.00673    CDp =  0.00566
      5.000    3.4738   0.012394   0.000000   0.000000   0.000000    0.2666     #

 Point added to stored polar  1
 Point written to save file  clarky_re430000_realistic_model.polar           
 Dump file unspecified or not available
 Calculating wake trajectory ...
 Calculating source influence matrix ...

 Solving BL system ...

 Side 1  free  transition at x/c =  0.2666   51
 Side 2 forced transition at x/c =  1.0000   73

   1   rms: 0.3998E-01   max: 0.1636E+00   C at   51  1
       a =  7.000      CL =  1.1058
      Cm = -0.0706     CD =  0.01264   =>   CDf =  0.00674    CDp =  0.00591

 Side 1  free  transition at x/c =  0.2544   50
 Side 2 forced transition at x/c =  1.0000   73

   2   rms: 0.3136E-02   max: -.6059E-01   C at   50  1
       a =  7.000      CL =  1.1046
      Cm = -0.0705     CD =  0.01270   =>   CDf =  0.00678    CDp =  0.00592

 Side 1  free  transition at x/c =  0.2559   50
 Side 2 forced transition at x/c =  1.0000   73

   3   rms: 0.2803E-04   max: -.3385E-03   D at   52  1
       a =  7.000      CL =  1.1046
      Cm = -0.0705     CD =  0.01270   =>   CDf =  0.00677    CDp =  0.00593
      5.000    3.3396   0.012702   0.000000   0.000000   0.000000    0.2559     #

 Point added to stored polar  1
 Point written to save file  clarky_re430000_realistic_model.polar           
 Dump file unspecified or not available
 Calculating wake trajectory ...
 Calculating source influence matrix ...

 Solving BL system ...

 Side 1  free  transition at x/c =  0.2559   50
 Side 2 forced transition at x/c =  1.0000   73

   1   rms: 0.3965E-01   max: -.5613E-01   C at   73  2
       a =  7.250      CL =  1.1297
      Cm = -0.0700     CD =  0.01290   =>   CDf =  0.00677    CDp =  0.00613

 Side 1  free  transition at x/c =  0.2387   49
 Side 2 forced transition at x/c =  1.0000   73

   2   rms: 0.4925E-02   max: -.8650E-01   C at   49  1
       a =  7.250      CL =  1.1275
      Cm = -0.0697     CD =  0.01303   =>   CDf =  0.00683    CDp =  0.00620

 Side 1  free  transition at x/c =  0.2438   50
 Side 2 forced transition at x/c =  1.0000   73

   3   rms: 0.5627E-02   max: 0.1039E+00   C at   50  1
       a =  7.250      CL =  1.1282
      Cm = -0.0698     CD =  0.01299   =>   CDf =  0.00677    CDp =  0.00622

 Side 1  free  transition at x/c =  0.2414   50
 Side 2 forced transition at x/c =  1.0000   73

   4   rms: 0.1507E-03   max: -.1827E-02   D at   51  1
       a =  7.250      CL =  1.1280
      Cm = -0.0698     CD =  0.01300   =>   CDf =  0.00680    CDp =  0.00620

 Side 1  free  transition at x/c =  0.2414   50
 Side 2 forced transition at x/c =  1.0000   73

   5   rms: 0.2927E-06   max: -.2125E-05   D at   51  1
       a =  7.250      CL =  1.1280
      Cm = -0.0698     CD =  0.01300   =>   CDf =  0.00680    CDp =  0.00620
      5.000    3.2133   0.012998   0.000000   0.000000   0.000000    0.2414     #

 Point added to stored polar  1
 Point written to save file  clarky_re430000_realistic_model.polar           
 Dump file unspecified or not available
 Calculating wake trajectory ...
 Calculating source influence matrix ...

 Solving BL system ...

 Side 1  free  transition at x/c =  0.2414   50
 Side 2 forced transition at x/c =  1.0000   73

   1   rms: 0.4610E-01   max: 0.3906E+00   C at   50  1
       a =  7.500      CL =  1.1495
      Cm = -0.0688     CD =  0.01344   =>   CDf =  0.00664    CDp =  0.00681

 Side 1  free  transition at x/c =  0.2208   49
 Side 2 forced transition at x/c =  1.0000   72

   2   rms: 0.5918E-02   max: 0.9391E-01   D at   50  1
       a =  7.500      CL =  1.1499
      Cm = -0.0689     CD =  0.01340   =>   CDf =  0.00688    CDp =  0.00651

 Side 1  free  transition at x/c =  0.2220   49
 Side 2 forced transition at x/c =  1.0000   72

   3   rms: 0.5032E-03   max: 0.6584E-02   C at   49  1
       a =  7.500      CL =  1.1499
      Cm = -0.0689     CD =  0.01339   =>   CDf =  0.00687    CDp =  0.00652

 Side 1  free  transition at x/c =  0.2218   49
 Side 2 forced transition at x/c =  1.0000   72

   4   rms: 0.8891E-06   max: -.4414E-05   C at   72  2
       a =  7.500      CL =  1.1499
      Cm = -0.0689     CD =  0.01339   =>   CDf =  0.00687    CDp =  0.00652
      5.000    3.0550   0.013391   0.000000   0.000000   0.000000    0.2218     #

 Point added to stored polar  1
 Point written to save file  clarky_re430000_realistic_model.polar           
 Dump file unspecified or not available
 Calculating wake trajectory ...
 Calculating source influence matrix ...

 Solving BL system ...

 Side 1  free  transition at x/c =  0.2218   49
 Side 2 forced transition at x/c =  1.0000   72

   1   rms: 0.4360E-01   max: 0.4346E+00   C at   49  1
       a =  7.750      CL =  1.1731
      Cm = -0.0682     CD =  0.01372   =>   CDf =  0.00688    CDp =  0.00684

 Side 1  free  transition at x/c =  0.1912   48
 Side 2 forced transition at x/c =  1.0000   72

   2   rms: 0.9607E-02   max: -.1739E+00   C at   48  1
       a =  7.750      CL =  1.1707
      Cm = -0.0679     CD =  0.01386   =>   CDf =  0.00704    CDp =  0.00682

 Side 1  free  transition at x/c =  0.1962   48
 Side 2 forced transition at x/c =  1.0000   72

   3   rms: 0.3542E-03   max: -.6468E-02   D at   49  1
       a =  7.750      CL =  1.1706
      Cm = -0.0679     CD =  0.01387   =>   CDf =  0.00699    CDp =  0.00688

 Side 1  free  transition at x/c =  0.1961   48
 Side 2 forced transition at x/c =  1.0000   72

   4   rms: 0.7153E-06   max: -.1179E-04   D at   49  1
       a =  7.750      CL =  1.1706
      Cm = -0.0679     CD =  0.01387   =>   CDf =  0.00699    CDp =  0.00688
      5.000    3.1072   0.013869   0.000000   0.000000   0.000000    0.1961     #

 Point added to stored polar  1
 Point written to save file  clarky_re430000_realistic_model.polar           
 Dump file unspecified or not available
 Calculating wake trajectory ...
 Calculating source influence matrix ...

 Solving BL system ...

 Side 1  free  transition at x/c =  0.1961   48
 Side 2 forced transition at x/c =  1.0000   72

   1   rms: 0.5877E-01   max: 0.9791E+00   C at   48  1
       a =  8.000      CL =  1.1900
      Cm = -0.0667     CD =  0.01446   =>   CDf =  0.00699    CDp =  0.00748

 Side 1  free  transition at x/c =  0.1671   46
 Side 2 forced transition at x/c =  1.0000   72

   2   rms: 0.7169E-02   max: -.1221E+00   C at   46  1
       a =  8.000      CL =  1.1893
      Cm = -0.0666     CD =  0.01448   =>   CDf =  0.00716    CDp =  0.00733

 Side 1  free  transition at x/c =  0.1695   46
 Side 2 forced transition at x/c =  1.0000   72

   3   rms: 0.3471E-03   max: 0.6658E-02   C at   46  1
       a =  8.000      CL =  1.1893
      Cm = -0.0666     CD =  0.01449   =>   CDf =  0.00714    CDp =  0.00735

 Side 1  free  transition at x/c =  0.1694   46
 Side 2 forced transition at x/c =  1.0000   72

   4   rms: 0.1276E-05   max: 0.1595E-04   C at   46  1
       a =  8.000      CL =  1.1893
      Cm = -0.0666     CD =  0.01449   =>   CDf =  0.00714    CDp =  0.00735
      5.000    3.1627   0.014486   0.000000   0.000000   0.000000    0.1694     #

 Point added to stored polar  1
 Point written to save file  clarky_re430000_realistic_model.polar           
 Dump file unspecified or not available
 Calculating wake trajectory ...
 Calculating source influence matrix ...

 Solving BL system ...

 Side 1  free  transition at x/c =  0.1694   46
 Side 2 forced transition at x/c =  1.0000   72

   1   rms: 0.6229E-01   max: 0.1126E+01   C at   46  1
       a =  8.250      CL =  1.2078
      Cm = -0.0652     CD =  0.01514   =>   CDf =  0.00694    CDp =  0.00820

 Side 1  free  transition at x/c =  0.1439   45
 Side 2 forced transition at x/c =  1.0000   71

   2   rms: 0.6627E-02   max: -.1283E+00   C at   45  1
       a =  8.250      CL =  1.2070
      Cm = -0.0651     CD =  0.01516   =>   CDf =  0.00729    CDp =  0.00787

 Side 1  free  transition at x/c =  0.1460   45
 Side 2 forced transition at x/c =  1.0000   71

   3   rms: 0.6925E-03   max: -.7477E-02   D at    4  1
       a =  8.250      CL =  1.2070
      Cm = -0.0651     CD =  0.01516   =>   CDf =  0.00727    CDp =  0.00789

 Side 1  free  transition at x/c =  0.1460   45
 Side 2 forced transition at x/c =  1.0000   71

   4   rms: 0.1153E-05   max: 0.6015E-05   C at   45  1
       a =  8.250      CL =  1.2070
      Cm = -0.0651     CD =  0.01516   =>   CDf =  0.00727    CDp =  0.00789
      5.000    3.2217   0.015158   0.000000   0.000000   0.000000    0.1460     #

 Point added to stored polar  1
 Point written to save file  clarky_re430000_realistic_model.polar           
 Dump file unspecified or not available
 Calculating wake trajectory ...
 Calculating source influence matrix ...

 Solving BL system ...

 Side 1  free  transition at x/c =  0.1460   45
 Side 2 forced transition at x/c =  1.0000   71

   1   rms: 0.5888E-01   max: 0.1043E+01   C at   45  1
       a =  8.500      CL =  1.2259
      Cm = -0.0639     CD =  0.01577   =>   CDf =  0.00727    CDp =  0.00850

 Side 1  free  transition at x/c =  0.1223   43
 Side 2 forced transition at x/c =  1.0000   71

   2   rms: 0.8267E-02   max: -.1738E+00   C at   43  1
       a =  8.500      CL =  1.2240
      Cm = -0.0636     CD =  0.01587   =>   CDf =  0.00741    CDp =  0.00845

 Side 1  free  transition at x/c =  0.1245   44
 Side 2 forced transition at x/c =  1.0000   71

   3   rms: 0.2088E-02   max: -.3878E-01   C at   44  1
       a =  8.500      CL =  1.2243
      Cm = -0.0636     CD =  0.01585   =>   CDf =  0.00739    CDp =  0.00845

 Side 1  free  transition at x/c =  0.1248   44
 Side 2 forced transition at x/c =  1.0000   71

   4   rms: 0.2072E-04   max: 0.4116E-03   C at   44  1
       a =  8.500      CL =  1.2243
      Cm = -0.0636     CD =  0.01585   =>   CDf =  0.00739    CDp =  0.00846
      5.000    3.2806   0.015849   0.000000   0.000000   0.000000    0.1248     #

 Point added to stored polar  1
 Point written to save file  clarky_re430000_realistic_model.polar           
 Dump file unspecified or not available
 Calculating wake trajectory ...
 Calculating source influence matrix ...

 Solving BL system ...

 Side 1  free  transition at x/c =  0.1248   44
 Side 2 forced transition at x/c =  1.0000   71

   1   rms: 0.5675E-01   max: 0.8449E+00   C at   44  1
       a =  8.750      CL =  1.2403
      Cm = -0.0620     CD =  0.01666   =>   CDf =  0.00739    CDp =  0.00928

 Side 1  free  transition at x/c =  0.1093   42
 Side 2 forced transition at x/c =  1.0000   71

   2   rms: 0.6616E-02   max: 0.9559E-01   D at   43  1
       a =  8.750      CL =  1.2419
      Cm = -0.0622     CD =  0.01649   =>   CDf =  0.00746    CDp =  0.00902

 Side 1  free  transition at x/c =  0.1094   42
 Side 2 forced transition at x/c =  1.0000   71

   3   rms: 0.3787E-03   max: 0.8271E-02   C at   42  1
       a =  8.750      CL =  1.2419
      Cm = -0.0622     CD =  0.01648   =>   CDf =  0.00746    CDp =  0.00902

 Side 1  free  transition at x/c =  0.1093   42
 Side 2 forced transition at x/c =  1.0000   71

   4   rms: 0.2356E-05   max: -.4028E-04   C at   42  1
       a =  8.750      CL =  1.2419
      Cm = -0.0622     CD =  0.01648   =>   CDf =  0.00746    CDp =  0.00902
      5.000    3.3364   0.016483   0.000000   0.000000   0.000000    0.1093     #

 Point added to stored polar  1
 Point written to save file  clarky_re430000_realistic_model.polar           
 Dump file unspecified or not available
 Calculating wake trajectory ...
 Calculating source influence matrix ...

 Solving BL system ...

 Side 1  free  transition at x/c =  0.1093   42
 Side 2 forced transition at x/c =  1.0000   71

   1   rms: 0.4938E-01   max: 0.7347E+00   C at   42  1
       a =  9.000      CL =  1.2602
      Cm = -0.0609     CD =  0.01709   =>   CDf =  0.00746    CDp =  0.00963

 Side 1  free  transition at x/c =  0.0973   41
 Side 2 forced transition at x/c =  1.0000   71

   2   rms: 0.3747E-02   max: -.7112E-01   C at   41  1
       a =  9.000      CL =  1.2590
      Cm = -0.0606     CD =  0.01707   =>   CDf =  0.00751    CDp =  0.00956

 Side 1  free  transition at x/c =  0.0983   41
 Side 2 forced transition at x/c =  1.0000   71

   3   rms: 0.5284E-04   max: -.7399E-03   D at   42  1
       a =  9.000      CL =  1.2590
      Cm = -0.0606     CD =  0.01707   =>   CDf =  0.00750    CDp =  0.00957
      5.000    3.3803   0.017071   0.000000   0.000000   0.000000    0.0983     #

 Point added to stored polar  1
 Point written to save file  clarky_re430000_realistic_model.polar           
 Dump file unspecified or not available
 Calculating wake trajectory ...
 Calculating source influence matrix ...

 Solving BL system ...

 Side 1  free  transition at x/c =  0.0983   41
 Side 2 forced transition at x/c =  1.0000   71

   1   rms: 0.4492E-01   max: 0.5718E+00   C at   41  1
       a =  9.250      CL =  1.2759
      Cm = -0.0591     CD =  0.01767   =>   CDf =  0.00724    CDp =  0.01044

 Side 1  free  transition at x/c =  0.0893   41
 Side 2 forced transition at x/c =  1.0000   70

   2   rms: 0.3528E-02   max: -.4153E-01   D at    3  1
       a =  9.250      CL =  1.2758
      Cm = -0.0590     CD =  0.01765   =>   CDf =  0.00753    CDp =  0.01012

 Side 1  free  transition at x/c =  0.0897   41
 Side 2 forced transition at x/c =  1.0000   70

   3   rms: 0.6509E-03   max: -.6938E-02   D at    4  1
       a =  9.250      CL =  1.2758
      Cm = -0.0590     CD =  0.01765   =>   CDf =  0.00752    CDp =  0.01013

 Side 1  free  transition at x/c =  0.0897   41
 Side 2 forced transition at x/c =  1.0000   70

   4   rms: 0.2574E-06   max: 0.2531E-05   D at    8  1
       a =  9.250      CL =  1.2758
      Cm = -0.0590     CD =  0.01765   =>   CDf =  0.00752    CDp =  0.01013
      5.000    3.4595   0.017651   0.000000   0.000000   0.000000    0.0897     #

 Point added to stored polar  1
 Point written to save file  clarky_re430000_realistic_model.polar           
 Dump file unspecified or not available
 Calculating wake trajectory ...
 Calculating source influence matrix ...

 Solving BL system ...

 Side 1  free  transition at x/c =  0.0897   41
 Side 2 forced transition at x/c =  1.0000   70

   1   rms: 0.4247E-01   max: 0.4754E+00   C at   41  1
       a =  9.500      CL =  1.2927
      Cm = -0.0575     CD =  0.01825   =>   CDf =  0.00752    CDp =  0.01073

 Side 1  free  transition at x/c =  0.0810   40
 Side 2 forced transition at x/c =  1.0000   70

   2   rms: 0.3501E-02   max: -.6770E-01   C at   40  1
       a =  9.500      CL =  1.2918
      Cm = -0.0573     CD =  0.01826   =>   CDf =  0.00755    CDp =  0.01071

 Side 1  free  transition at x/c =  0.0817   40
 Side 2 forced transition at x/c =  1.0000   70

   3   rms: 0.5176E-04   max: -.1016E-02   D at   41  1
       a =  9.500      CL =  1.2918
      Cm = -0.0573     CD =  0.01826   =>   CDf =  0.00754    CDp =  0.01072
      5.000    3.5863   0.018261   0.000000   0.000000   0.000000    0.0817     #

 Point added to stored polar  1
 Point written to save file  clarky_re430000_realistic_model.polar           
 Dump file unspecified or not available
 Calculating wake trajectory ...
 Calculating source influence matrix ...

 Solving BL system ...

 Side 1  free  transition at x/c =  0.0817   40
 Side 2 forced transition at x/c =  1.0000   70

   1   rms: 0.4205E-01   max: 0.4439E+00   C at   40  1
       a =  9.750      CL =  1.3081
      Cm = -0.0558     CD =  0.01889   =>   CDf =  0.00754    CDp =  0.01135

 Side 1  free  transition at x/c =  0.0746   39
 Side 2 forced transition at x/c =  1.0000   70

   2   rms: 0.1577E-02   max: -.1877E-01   C at   39  1
       a =  9.750      CL =  1.3079
      Cm = -0.0557     CD =  0.01887   =>   CDf =  0.00755    CDp =  0.01133

 Side 1  free  transition at x/c =  0.0747   39
 Side 2 forced transition at x/c =  1.0000   70

   3   rms: 0.1762E-04   max: 0.3229E-03   C at   39  1
       a =  9.750      CL =  1.3079
      Cm = -0.0557     CD =  0.01887   =>   CDf =  0.00755    CDp =  0.01133
      5.000    3.7406   0.018874   0.000000   0.000000   0.000000    0.0747     #

 Point added to stored polar  1
 Point written to save file  clarky_re430000_realistic_model.polar           
 Dump file unspecified or not available
 Calculating wake trajectory ...
 Calculating source influence matrix ...

 Solving BL system ...

 Side 1  free  transition at x/c =  0.0747   39
 Side 2 forced transition at x/c =  1.0000   70

   1   rms: 0.3999E-01   max: 0.3564E+00   C at   39  1
       a = 10.000      CL =  1.3244
      Cm = -0.0542     CD =  0.01949   =>   CDf =  0.00724    CDp =  0.01226

 Side 1  free  transition at x/c =  0.0680   39
 Side 2 forced transition at x/c =  1.0000   69

   2   rms: 0.2743E-02   max: -.2616E-01   C at   39  1
       a = 10.000      CL =  1.3236
      Cm = -0.0541     CD =  0.01951   =>   CDf =  0.00754    CDp =  0.01197

 Side 1  free  transition at x/c =  0.0681   39
 Side 2 forced transition at x/c =  1.0000   69

   3   rms: 0.7674E-03   max: -.8977E-02   D at    4  1
       a = 10.000      CL =  1.3236
      Cm = -0.0541     CD =  0.01951   =>   CDf =  0.00754    CDp =  0.01197

 Side 1  free  transition at x/c =  0.0681   39
 Side 2 forced transition at x/c =  1.0000   69

   4   rms: 0.4686E-06   max: 0.5130E-05   D at    8  1
       a = 10.000      CL =  1.3236
      Cm = -0.0541     CD =  0.01951   =>   CDf =  0.00754    CDp =  0.01197
      5.000    3.9319   0.019505   0.000000   0.000000   0.000000    0.0681     #

 Point added to stored polar  1
 Point written to save file  clarky_re430000_realistic_model.polar           
 Dump file unspecified or not available
 Calculating wake trajectory ...
 Calculating source influence matrix ...

 Solving BL system ...

 Side 1  free  transition at x/c =  0.0681   39
 Side 2 forced transition at x/c =  1.0000   69

   1   rms: 0.3981E-01   max: 0.3577E+00   C at   39  1
       a = 10.250      CL =  1.3399
      Cm = -0.0526     CD =  0.02014   =>   CDf =  0.00754    CDp =  0.01260

 Side 1  free  transition at x/c =  0.0599   38
 Side 2 forced transition at x/c =  1.0000   69

   2   rms: 0.3223E-02   max: -.5236E-01   C at   38  1
       a = 10.250      CL =  1.3385
      Cm = -0.0524     CD =  0.02020   =>   CDf =  0.00755    CDp =  0.01265

 Side 1  free  transition at x/c =  0.0602   38
 Side 2 forced transition at x/c =  1.0000   69

   3   rms: 0.5309E-04   max: 0.7875E-03   C at   38  1
       a = 10.250      CL =  1.3384
      Cm = -0.0524     CD =  0.02020   =>   CDf =  0.00755    CDp =  0.01266
      5.000    4.1701   0.020203   0.017931   0.001167  -0.016764    0.0602     #

 Point added to stored polar  1
 Point written to save file  clarky_re430000_realistic_model.polar           
 Dump file unspecified or not available
 Calculating wake trajectory ...
 Calculating source influence matrix ...

 Solving BL system ...

 Side 1  free  transition at x/c =  0.0602   38
 Side 2 forced transition at x/c =  1.0000   69

   1   rms: 0.4866E-01   max: 0.6621E+00   C at   38  1
       a = 10.500      CL =  1.3519
      Cm = -0.0507     CD =  0.02105   =>   CDf =  0.00755    CDp =  0.01351

 Side 1  free  transition at x/c =  0.0492   36
 Side 2 forced transition at x/c =  1.0000   69

   2   rms: 0.4995E-02   max: 0.6644E-01   D at   37  1
       a = 10.500      CL =  1.3511
      Cm = -0.0506     CD =  0.02106   =>   CDf =  0.00759    CDp =  0.01347

 Side 1  free  transition at x/c =  0.0486   36
 Side 2 forced transition at x/c =  1.0000   69

   3   rms: 0.1168E-03   max: -.9630E-03   C at   36  1
       a = 10.500      CL =  1.3510
      Cm = -0.0506     CD =  0.02106   =>   CDf =  0.00759    CDp =  0.01347

 Side 1  free  transition at x/c =  0.0486   36
 Side 2 forced transition at x/c =  1.0000   69

   4   rms: 0.5942E-06   max: -.7999E-05   C at   36  1
       a = 10.500      CL =  1.3510
      Cm = -0.0506     CD =  0.02106   =>   CDf =  0.00759    CDp =  0.01347
      5.000    4.4589   0.021059   0.018193   0.001229  -0.016964    0.0486     #

 Point added to stored polar  1
 Point written to save file  clarky_re430000_realistic_model.polar           
 Dump file unspecified or not available
 Calculating wake trajectory ...
 Calculating source influence matrix ...

 Solving BL system ...

 Side 1  free  transition at x/c =  0.0486   36
 Side 2 forced transition at x/c =  1.0000   69

   1   rms: 0.6501E-01   max: 0.1143E+01   C at   36  1
       a = 10.750      CL =  1.3610
      Cm = -0.0484     CD =  0.02216   =>   CDf =  0.00759    CDp =  0.01457

 Side 1  free  transition at x/c =  0.0185   27
 Side 2 forced transition at x/c =  1.0000   69

   2   rms: 0.3052E-01   max: -.5468E+00   C at   27  1   RLX: 0.914
       a = 10.750      CL =  1.3512
      Cm = -0.0475     CD =  0.02280   =>   CDf =  0.00786    CDp =  0.01494

 Side 1  free  transition at x/c =  0.0195   28
 Side 2 forced transition at x/c =  1.0000   69

   3   rms: 0.2641E-01   max: -.5365E+00   C at   28  1   RLX: 0.932
       a = 10.750      CL =  1.3511
      Cm = -0.0474     CD =  0.02276   =>   CDf =  0.00785    CDp =  0.01491

 Side 1  free  transition at x/c =  0.0218   28
 Side 2 forced transition at x/c =  1.0000   69

   4   rms: 0.2298E-02   max: -.4107E-01   D at   28  1
       a = 10.750      CL =  1.3516
      Cm = -0.0474     CD =  0.02273   =>   CDf =  0.00780    CDp =  0.01493

 Side 1  free  transition at x/c =  0.0212   28
 Side 2 forced transition at x/c =  1.0000   69

   5   rms: 0.2553E-02   max: -.5097E-01   C at   28  1
       a = 10.750      CL =  1.3514
      Cm = -0.0474     CD =  0.02274   =>   CDf =  0.00781    CDp =  0.01493

 Side 1  free  transition at x/c =  0.0213   28
 Side 2 forced transition at x/c =  1.0000   69

   6   rms: 0.2235E-03   max: -.4430E-02   C at   28  1
       a = 10.750      CL =  1.3514
      Cm = -0.0474     CD =  0.02275   =>   CDf =  0.00781    CDp =  0.01494

 Side 1  free  transition at x/c =  0.0213   28
 Side 2 forced transition at x/c =  1.0000   69

   7   rms: 0.1086E-05   max: -.9851E-05   C at   28  1
       a = 10.750      CL =  1.3514
      Cm = -0.0474     CD =  0.02275   =>   CDf =  0.00781    CDp =  0.01494
      5.000    4.6747   0.022746   0.018765   0.001270  -0.017495    0.0213     #

 Point added to stored polar  1
 Point written to save file  clarky_re430000_realistic_model.polar           
 Dump file unspecified or not available
 Calculating wake trajectory ...
 Calculating source influence matrix ...

 Solving BL system ...

 Side 1  free  transition at x/c =  0.0213   28
 Side 2 forced transition at x/c =  1.0000   69

   1   rms: 0.1611E+00   max: 0.3082E+01   C at   28  1   RLX: 0.487
       a = 11.000      CL =  1.3526
      Cm = -0.0460     CD =  0.02358   =>   CDf =  0.00742    CDp =  0.01616

 Side 1  free  transition at x/c =  0.0184   28
 Side 2 forced transition at x/c =  1.0000   68

   2   rms: 0.5544E-01   max: 0.7206E+00   T at    2  1
       a = 11.000      CL =  1.3582
      Cm = -0.0451     CD =  0.02410   =>   CDf =  0.00781    CDp =  0.01628

 Side 1  free  transition at x/c =  0.0167   27
 Side 2 forced transition at x/c =  1.0000   68

   3   rms: 0.3385E-02   max: 0.3853E-01   D at    4  1
       a = 11.000      CL =  1.3582
      Cm = -0.0451     CD =  0.02406   =>   CDf =  0.00780    CDp =  0.01625

 Side 1  free  transition at x/c =  0.0168   27
 Side 2 forced transition at x/c =  1.0000   68

   4   rms: 0.1643E-04   max: 0.3216E-03   C at   27  1
       a = 11.000      CL =  1.3582
      Cm = -0.0451     CD =  0.02405   =>   CDf =  0.00780    CDp =  0.01626
      5.000    4.9104   0.024055   0.019088   0.001305  -0.017782    0.0168     #

 Point added to stored polar  1
 Point written to save file  clarky_re430000_realistic_model.polar           
 Dump file unspecified or not available
 Calculating wake trajectory ...
 Calculating source influence matrix ...

 Solving BL system ...

 Side 1  free  transition at x/c =  0.0168   27
 Side 2 forced transition at x/c =  1.0000   68

   1   rms: 0.4539E-01   max: 0.6021E+00   C at   27  1
       a = 11.250      CL =  1.3689
      Cm = -0.0433     CD =  0.02519   =>   CDf =  0.00780    CDp =  0.01739

 Side 1  free  transition at x/c =  0.0150   27
 Side 2 forced transition at x/c =  1.0000   68

   2   rms: 0.3211E-02   max: -.4195E-01   C at   27  1
       a = 11.250      CL =  1.3682
      Cm = -0.0433     CD =  0.02517   =>   CDf =  0.00774    CDp =  0.01743

 Side 1  free  transition at x/c =  0.0151   27
 Side 2 forced transition at x/c =  1.0000   68

   3   rms: 0.3618E-04   max: -.5421E-03   D at   28  1
       a = 11.250      CL =  1.3682
      Cm = -0.0433     CD =  0.02517   =>   CDf =  0.00774    CDp =  0.01743
      5.000    5.1534   0.025172   0.019286   0.001355  -0.017931    0.0151     #

 Point added to stored polar  1
 Point written to save file  clarky_re430000_realistic_model.polar           
 Dump file unspecified or not available
 Calculating wake trajectory ...
 Calculating source influence matrix ...

 Solving BL system ...

 Side 1  free  transition at x/c =  0.0151   27
 Side 2 forced transition at x/c =  1.0000   68

   1   rms: 0.3970E-01   max: 0.3004E+00   C at   27  1
       a = 11.500      CL =  1.3780
      Cm = -0.0415     CD =  0.02643   =>   CDf =  0.00774    CDp =  0.01868

 Side 1  free  transition at x/c =  0.0141   26
 Side 2 forced transition at x/c =  1.0000   68

   2   rms: 0.3947E-02   max: -.5282E-01   C at   26  1
       a = 11.500      CL =  1.3781
      Cm = -0.0416     CD =  0.02632   =>   CDf =  0.00767    CDp =  0.01866

 Side 1  free  transition at x/c =  0.0141   26
 Side 2 forced transition at x/c =  1.0000   68

   3   rms: 0.8777E-04   max: 0.1442E-02   C at   26  1
       a = 11.500      CL =  1.3781
      Cm = -0.0416     CD =  0.02633   =>   CDf =  0.00767    CDp =  0.01866
      5.000    5.4128   0.026326   0.019450   0.001413  -0.018037    0.0141     #

 Point added to stored polar  1
 Point written to save file  clarky_re430000_realistic_model.polar           
 Dump file unspecified or not available
 Calculating wake trajectory ...
 Calculating source influence matrix ...

 Solving BL system ...

 Side 1  free  transition at x/c =  0.0141   26
 Side 2 forced transition at x/c =  1.0000   68

   1   rms: 0.3525E-01   max: 0.1026E+00   C at   26  1
       a = 11.750      CL =  1.3895
      Cm = -0.0401     CD =  0.02748   =>   CDf =  0.00767    CDp =  0.01981

 Side 1  free  transition at x/c =  0.0133   26
 Side 2 forced transition at x/c =  1.0000   68

   2   rms: 0.2214E-02   max: 0.1956E-01   D at   87  1
       a = 11.750      CL =  1.3882
      Cm = -0.0400     CD =  0.02750   =>   CDf =  0.00759    CDp =  0.01992

 Side 1  free  transition at x/c =  0.0133   26
 Side 2 forced transition at x/c =  1.0000   68

   3   rms: 0.2406E-04   max: 0.1477E-03   D at   87  1
       a = 11.750      CL =  1.3882
      Cm = -0.0400     CD =  0.02750   =>   CDf =  0.00758    CDp =  0.01992
      5.000    5.6718   0.027502   0.019576   0.001485  -0.018091    0.0133     #

 Point added to stored polar  1
 Point written to save file  clarky_re430000_realistic_model.polar           
 Dump file unspecified or not available
 Calculating wake trajectory ...
 Calculating source influence matrix ...

 Solving BL system ...

 Side 1  free  transition at x/c =  0.0133   26
 Side 2 forced transition at x/c =  1.0000   68

   1   rms: 0.3571E-01   max: 0.1124E+00   C at   26  1
       a = 12.000      CL =  1.3981
      Cm = -0.0385     CD =  0.02882   =>   CDf =  0.00716    CDp =  0.02165

 Side 1  free  transition at x/c =  0.0126   27
 Side 2 forced transition at x/c =  1.0000   67

   2   rms: 0.3609E-02   max: -.3542E-01   D at    3  1
       a = 12.000      CL =  1.3966
      Cm = -0.0384     CD =  0.02885   =>   CDf =  0.00750    CDp =  0.02135

 Side 1  free  transition at x/c =  0.0127   27
 Side 2 forced transition at x/c =  1.0000   67

   3   rms: 0.8009E-03   max: -.9186E-02   D at    4  1
       a = 12.000      CL =  1.3966
      Cm = -0.0384     CD =  0.02885   =>   CDf =  0.00750    CDp =  0.02135

 Side 1  free  transition at x/c =  0.0127   27
 Side 2 forced transition at x/c =  1.0000   67

   4   rms: 0.5286E-06   max: 0.4625E-05   D at    8  1
       a = 12.000      CL =  1.3966
      Cm = -0.0384     CD =  0.02885   =>   CDf =  0.00750    CDp =  0.02135
      5.000    5.9503   0.028849   0.019708   0.001554  -0.018153    0.0127     #

 Point added to stored polar  1
 Point written to save file  clarky_re430000_realistic_model.polar           
 Dump file unspecified or not available
 Calculating wake trajectory ...
 Calculating source influence matrix ...

 Solving BL system ...

 Side 1  free  transition at x/c =  0.0127   27
 Side 2 forced transition at x/c =  1.0000   67

   1   rms: 0.3636E-01   max: 0.1077E+00   T at   27  1
       a = 12.250      CL =  1.4045
      Cm = -0.0369     CD =  0.03038   =>   CDf =  0.00750    CDp =  0.02288

 Side 1  free  transition at x/c =  0.0122   26
 Side 2 forced transition at x/c =  1.0000   67

   2   rms: 0.2362E-02   max: -.2869E-01   C at   26  1
       a = 12.250      CL =  1.4042
      Cm = -0.0369     CD =  0.03030   =>   CDf =  0.00742    CDp =  0.02288

 Side 1  free  transition at x/c =  0.0122   26
 Side 2 forced transition at x/c =  1.0000   67

   3   rms: 0.2927E-04   max: 0.2961E-03   D at   26  1
       a = 12.250      CL =  1.4042
      Cm = -0.0369     CD =  0.03030   =>   CDf =  0.00742    CDp =  0.02288
      5.000    6.2370   0.030297   0.019818   0.001624  -0.018194    0.0122     #

 Point added to stored polar  1
 Point written to save file  clarky_re430000_realistic_model.polar           
 Dump file unspecified or not available
 Calculating wake trajectory ...
 Calculating source influence matrix ...

 Solving BL system ...

 Side 1  free  transition at x/c =  0.0122   26
 Side 2 forced transition at x/c =  1.0000   67

   1   rms: 0.3391E-01   max: 0.8697E-01   D at   83  1
       a = 12.500      CL =  1.4139
      Cm = -0.0357     CD =  0.03173   =>   CDf =  0.00742    CDp =  0.02431

 Side 1  free  transition at x/c =  0.0117   26
 Side 2 forced transition at x/c =  1.0000   67

   2   rms: 0.1848E-02   max: 0.1737E-01   D at   85  1
       a = 12.500      CL =  1.4127
      Cm = -0.0356     CD =  0.03174   =>   CDf =  0.00732    CDp =  0.02441

 Side 1  free  transition at x/c =  0.0117   26
 Side 2 forced transition at x/c =  1.0000   67

   3   rms: 0.3562E-04   max: 0.4918E-03   D at   85  1
       a = 12.500      CL =  1.4127
      Cm = -0.0356     CD =  0.03173   =>   CDf =  0.00732    CDp =  0.02441
      5.000    6.5136   0.031732   0.019884   0.001689  -0.018194    0.0117     #

 Point added to stored polar  1
 Point written to save file  clarky_re430000_realistic_model.polar           
 Dump file unspecified or not available
 Calculating wake trajectory ...
 Calculating source influence matrix ...

 Solving BL system ...

 Side 1  free  transition at x/c =  0.0117   26
 Side 2 forced transition at x/c =  1.0000   67

   1   rms: 0.3409E-01   max: 0.9311E-01   D at   83  1   RLX: 0.985
       a = 12.750      CL =  1.4210
      Cm = -0.0345     CD =  0.03332   =>   CDf =  0.00732    CDp =  0.02600

 Side 1  free  transition at x/c =  0.0113   26
 Side 2 forced transition at x/c =  1.0000   67

   2   rms: 0.2235E-02   max: 0.1865E-01   D at   84  1
       a = 12.750      CL =  1.4197
      Cm = -0.0344     CD =  0.03334   =>   CDf =  0.00723    CDp =  0.02611

 Side 1  free  transition at x/c =  0.0113   26
 Side 2 forced transition at x/c =  1.0000   67

   3   rms: 0.7858E-04   max: 0.7723E-03   D at   84  1
       a = 12.750      CL =  1.4197
      Cm = -0.0344     CD =  0.03333   =>   CDf =  0.00722    CDp =  0.02611
      5.000    6.8042   0.033331   0.019935   0.001749  -0.018186    0.0113     #

 Point added to stored polar  1
 Point written to save file  clarky_re430000_realistic_model.polar           
 Dump file unspecified or not available
 Calculating wake trajectory ...
 Calculating source influence matrix ...

 Solving BL system ...

 Side 1  free  transition at x/c =  0.0113   26
 Side 2 forced transition at x/c =  1.0000   67

   1   rms: 0.3448E-01   max: 0.9950E-01   D at   82  1   RLX: 0.941
       a = 13.000      CL =  1.4263
      Cm = -0.0333     CD =  0.03503   =>   CDf =  0.00679    CDp =  0.02825

 Side 1  free  transition at x/c =  0.0109   27
 Side 2 forced transition at x/c =  1.0000   66

   2   rms: 0.3635E-02   max: -.3506E-01   D at    3  1
       a = 13.000      CL =  1.4253
      Cm = -0.0332     CD =  0.03512   =>   CDf =  0.00713    CDp =  0.02798

 Side 1  free  transition at x/c =  0.0109   27
 Side 2 forced transition at x/c =  1.0000   66

   3   rms: 0.7453E-03   max: -.8467E-02   D at    4  1
       a = 13.000      CL =  1.4252
      Cm = -0.0332     CD =  0.03511   =>   CDf =  0.00713    CDp =  0.02798

 Side 1  free  transition at x/c =  0.0109   27
 Side 2 forced transition at x/c =  1.0000   66

   4   rms: 0.2915E-05   max: -.2421E-04   C at   66  2
       a = 13.000      CL =  1.4252
      Cm = -0.0332     CD =  0.03511   =>   CDf =  0.00713    CDp =  0.02798
      5.000    7.1079   0.035107   0.019968   0.001804  -0.018163    0.0109     #

 Point added to stored polar  1
 Point written to save file  clarky_re430000_realistic_model.polar           
 Dump file unspecified or not available
 Calculating wake trajectory ...
 Calculating source influence matrix ...

 Solving BL system ...

 Side 1  free  transition at x/c =  0.0109   27
 Side 2 forced transition at x/c =  1.0000   66

   1   rms: 0.3456E-01   max: 0.1053E+00   D at   82  1   RLX: 0.900
       a = 13.250      CL =  1.4304
      Cm = -0.0323     CD =  0.03692   =>   CDf =  0.00713    CDp =  0.02979

 Side 1  free  transition at x/c =  0.0106   27
 Side 2 forced transition at x/c =  1.0000   66

   2   rms: 0.4209E-02   max: 0.2977E-01   D at   83  1
       a = 13.250      CL =  1.4292
      Cm = -0.0321     CD =  0.03714   =>   CDf =  0.00705    CDp =  0.03009

 Side 1  free  transition at x/c =  0.0106   27
 Side 2 forced transition at x/c =  1.0000   66

   3   rms: 0.2294E-03   max: 0.1984E-02   D at   83  1
       a = 13.250      CL =  1.4290
      Cm = -0.0321     CD =  0.03712   =>   CDf =  0.00704    CDp =  0.03008

 Side 1  free  transition at x/c =  0.0106   27
 Side 2 forced transition at x/c =  1.0000   66

   4   rms: 0.4289E-05   max: 0.3545E-04   D at   75  2
       a = 13.250      CL =  1.4290
      Cm = -0.0321     CD =  0.03712   =>   CDf =  0.00704    CDp =  0.03008
      5.000    7.4266   0.037119   0.019984   0.001863  -0.018121    0.0106     #

 Point added to stored polar  1
 Point written to save file  clarky_re430000_realistic_model.polar           
 Dump file unspecified or not available
 Calculating wake trajectory ...
 Calculating source influence matrix ...

 Solving BL system ...

 Side 1  free  transition at x/c =  0.0106   27
 Side 2 forced transition at x/c =  1.0000   66

   1   rms: 0.3547E-01   max: 0.1163E+00   D at   81  1   RLX: 0.857
       a = 13.500      CL =  1.4320
      Cm = -0.0313     CD =  0.03913   =>   CDf =  0.00704    CDp =  0.03209

 Side 1  free  transition at x/c =  0.0104   27
 Side 2 forced transition at x/c =  1.0000   66

   2   rms: 0.6605E-02   max: 0.4185E-01   D at   82  1
       a = 13.500      CL =  1.4299
      Cm = -0.0311     CD =  0.03954   =>   CDf =  0.00696    CDp =  0.03258

 Side 1  free  transition at x/c =  0.0103   27
 Side 2 forced transition at x/c =  1.0000   66

   3   rms: 0.3590E-03   max: 0.2289E-02   D at   82  1
       a = 13.500      CL =  1.4297
      Cm = -0.0311     CD =  0.03950   =>   CDf =  0.00694    CDp =  0.03256

 Side 1  free  transition at x/c =  0.0103   27
 Side 2 forced transition at x/c =  1.0000   66

   4   rms: 0.5498E-05   max: 0.3898E-04   D at   75  2
       a = 13.500      CL =  1.4297
      Cm = -0.0311     CD =  0.03950   =>   CDf =  0.00694    CDp =  0.03256
      5.000    7.7737   0.039497   0.019984   0.001934  -0.018051    0.0103     #

 Point added to stored polar  1
 Point written to save file  clarky_re430000_realistic_model.polar           
 Dump file unspecified or not available
 Calculating wake trajectory ...
 Calculating source influence matrix ...

 Solving BL system ...

 Side 1  free  transition at x/c =  0.0103   27
 Side 2 forced transition at x/c =  1.0000   66

   1   rms: 0.3726E-01   max: 0.1332E+00   D at   79  1   RLX: 0.813
       a = 13.750      CL =  1.4298
      Cm = -0.0304     CD =  0.04180   =>   CDf =  0.00695    CDp =  0.03486

 Side 1  free  transition at x/c =  0.0101   26
 Side 2 forced transition at x/c =  1.0000   66

   2   rms: 0.7530E-02   max: -.5659E-01   C at   26  1
       a = 13.750      CL =  1.4334
      Cm = -0.0303     CD =  0.04168   =>   CDf =  0.00686    CDp =  0.03482

 Side 1  free  transition at x/c =  0.0101   26
 Side 2 forced transition at x/c =  1.0000   66

   3   rms: 0.2658E-03   max: 0.2226E-02   D at   27  1
       a = 13.750      CL =  1.4333
      Cm = -0.0303     CD =  0.04166   =>   CDf =  0.00684    CDp =  0.03483

 Side 1  free  transition at x/c =  0.0101   26
 Side 2 forced transition at x/c =  1.0000   66

   4   rms: 0.9021E-05   max: 0.4122E-04   D at   76  2
       a = 13.750      CL =  1.4333
      Cm = -0.0303     CD =  0.04166   =>   CDf =  0.00684    CDp =  0.03482
      5.000    8.0794   0.041661   0.019922   0.001989  -0.017933    0.0101     #

 Point added to stored polar  1
 Point written to save file  clarky_re430000_realistic_model.polar           
 Dump file unspecified or not available
 Calculating wake trajectory ...
 Calculating source influence matrix ...

 Solving BL system ...

 Side 1  free  transition at x/c =  0.0101   26
 Side 2 forced transition at x/c =  1.0000   66

   1   rms: 0.3309E-01   max: 0.1077E+00   D at   79  1   RLX: 0.787
       a = 14.000      CL =  1.4369
      Cm = -0.0299     CD =  0.04357   =>   CDf =  0.00638    CDp =  0.03719

 Side 1  free  transition at x/c =  0.0098   27
 Side 2 forced transition at x/c =  1.0000   65

   2   rms: 0.8084E-02   max: 0.4397E-01   D at   81  1
       a = 14.000      CL =  1.4360
      Cm = -0.0297     CD =  0.04410   =>   CDf =  0.00675    CDp =  0.03734

 Side 1  free  transition at x/c =  0.0098   27
 Side 2 forced transition at x/c =  1.0000   65

   3   rms: 0.6633E-03   max: -.4915E-02   D at    4  1
       a = 14.000      CL =  1.4356
      Cm = -0.0297     CD =  0.04404   =>   CDf =  0.00672    CDp =  0.03731

 Side 1  free  transition at x/c =  0.0098   27
 Side 2 forced transition at x/c =  1.0000   65

   4   rms: 0.1380E-04   max: 0.1658E-03   D at   75  2
       a = 14.000      CL =  1.4356
      Cm = -0.0297     CD =  0.04403   =>   CDf =  0.00672    CDp =  0.03731
      5.000    8.3904   0.044034   0.019835   0.002039  -0.017796    0.0098     #

 Point added to stored polar  1
 Point written to save file  clarky_re430000_realistic_model.polar           
 Dump file unspecified or not available
 Calculating wake trajectory ...
 Calculating source influence matrix ...

 Solving BL system ...

 Side 1  free  transition at x/c =  0.0098   27
 Side 2 forced transition at x/c =  1.0000   65

   1   rms: 0.3312E-01   max: 0.1133E+00   D at   79  1   RLX: 0.754
       a = 14.250      CL =  1.4380
      Cm = -0.0294     CD =  0.04605   =>   CDf =  0.00673    CDp =  0.03932

 Side 1  free  transition at x/c =  0.0095   27
 Side 2 forced transition at x/c =  1.0000   65

   2   rms: 0.9142E-02   max: 0.5054E-01   D at   80  1
       a = 14.250      CL =  1.4368
      Cm = -0.0292     CD =  0.04671   =>   CDf =  0.00665    CDp =  0.04007

 Side 1  free  transition at x/c =  0.0095   27
 Side 2 forced transition at x/c =  1.0000   65

   3   rms: 0.4842E-03   max: 0.2724E-02   D at   76  2
       a = 14.250      CL =  1.4364
      Cm = -0.0292     CD =  0.04663   =>   CDf =  0.00662    CDp =  0.04001

 Side 1  free  transition at x/c =  0.0095   27
 Side 2 forced transition at x/c =  1.0000   65

   4   rms: 0.9344E-05   max: 0.5321E-04   D at   75  2
       a = 14.250      CL =  1.4364
      Cm = -0.0292     CD =  0.04663   =>   CDf =  0.00662    CDp =  0.04001
      5.000    8.7062   0.046628   0.019721   0.002081  -0.017640    0.0095     #

 Point added to stored polar  1
 Point written to save file  clarky_re430000_realistic_model.polar           
 Dump file unspecified or not available
 Calculating wake trajectory ...
 Calculating source influence matrix ...

 Solving BL system ...

 Side 1  free  transition at x/c =  0.0095   27
 Side 2 forced transition at x/c =  1.0000   65

   1   rms: 0.3316E-01   max: 0.1182E+00   D at   78  1   RLX: 0.722
       a = 14.500      CL =  1.4379
      Cm = -0.0290     CD =  0.04874   =>   CDf =  0.00662    CDp =  0.04212

 Side 1  free  transition at x/c =  0.0093   27
 Side 2 forced transition at x/c =  1.0000   65

   2   rms: 0.1034E-01   max: 0.5619E-01   D at   79  1
       a = 14.500      CL =  1.4365
      Cm = -0.0289     CD =  0.04957   =>   CDf =  0.00654    CDp =  0.04303

 Side 1  free  transition at x/c =  0.0092   27
 Side 2 forced transition at x/c =  1.0000   65

   3   rms: 0.6942E-03   max: 0.4127E-02   D at   78  1
       a = 14.500      CL =  1.4359
      Cm = -0.0289     CD =  0.04947   =>   CDf =  0.00651    CDp =  0.04296

 Side 1  free  transition at x/c =  0.0092   27
 Side 2 forced transition at x/c =  1.0000   65

   4   rms: 0.1847E-04   max: 0.1153E-03   D at   76  2
       a = 14.500      CL =  1.4359
      Cm = -0.0289     CD =  0.04947   =>   CDf =  0.00651    CDp =  0.04296
      5.000    9.0216   0.049468   0.019578   0.002114  -0.017464    0.0092     #

 Point added to stored polar  1
 Point written to save file  clarky_re430000_realistic_model.polar           
 Dump file unspecified or not available
 Calculating wake trajectory ...
 Calculating source influence matrix ...

 Solving BL system ...

 Side 1  free  transition at x/c =  0.0092   27
 Side 2 forced transition at x/c =  1.0000   65

   1   rms: 0.3359E-01   max: 0.1262E+00   D at   77  1   RLX: 0.692
       a = 14.750      CL =  1.4364
      Cm = -0.0288     CD =  0.05173   =>   CDf =  0.00651    CDp =  0.04521

 Side 1  free  transition at x/c =  0.0091   27
 Side 2 forced transition at x/c =  1.0000   65

   2   rms: 0.1107E-01   max: 0.5154E-01   D at   78  1
       a = 14.750      CL =  1.4350
      Cm = -0.0288     CD =  0.05266   =>   CDf =  0.00644    CDp =  0.04622

 Side 1  free  transition at x/c =  0.0090   27
 Side 2 forced transition at x/c =  1.0000   65

   3   rms: 0.1151E-02   max: 0.8138E-02   D at   77  1
       a = 14.750      CL =  1.4343
      Cm = -0.0288     CD =  0.05257   =>   CDf =  0.00641    CDp =  0.04616

 Side 1  free  transition at x/c =  0.0090   27
 Side 2 forced transition at x/c =  1.0000   65

   4   rms: 0.5200E-04   max: 0.4011E-03   D at   76  2
       a = 14.750      CL =  1.4342
      Cm = -0.0287     CD =  0.05256   =>   CDf =  0.00640    CDp =  0.04616
      5.000    9.3331   0.052560   0.019410   0.002139  -0.017271    0.0090     #

 Point added to stored polar  1
 Point written to save file  clarky_re430000_realistic_model.polar           
 Dump file unspecified or not available
 Calculating wake trajectory ...
 Calculating source influence matrix ...

 Solving BL system ...

 Side 1  free  transition at x/c =  0.0090   27
 Side 2 forced transition at x/c =  1.0000   65

   1   rms: 0.3391E-01   max: 0.1328E+00   D at   76  1   RLX: 0.663
       a = 15.000      CL =  1.4339
      Cm = -0.0289     CD =  0.05495   =>   CDf =  0.00641    CDp =  0.04854

 Side 1  free  transition at x/c =  0.0089   27
 Side 2 forced transition at x/c =  1.0000   65

   2   rms: 0.1207E-01   max: 0.5610E-01   D at   76  1
       a = 15.000      CL =  1.4321
      Cm = -0.0289     CD =  0.05604   =>   CDf =  0.00634    CDp =  0.04971

 Side 1  free  transition at x/c =  0.0088   27
 Side 2 forced transition at x/c =  1.0000   65

   3   rms: 0.1575E-02   max: 0.1254E-01   D at   76  1
       a = 15.000      CL =  1.4310
      Cm = -0.0289     CD =  0.05597   =>   CDf =  0.00630    CDp =  0.04967

 Side 1  free  transition at x/c =  0.0088   27
 Side 2 forced transition at x/c =  1.0000   65

   4   rms: 0.9540E-04   max: 0.4544E-03   D at   77  2
       a = 15.000      CL =  1.4310
      Cm = -0.0288     CD =  0.05595   =>   CDf =  0.00630    CDp =  0.04966
      5.000    9.6411   0.055954   0.019210   0.002158  -0.017052    0.0088     #

 Point added to stored polar  1
 Point written to save file  clarky_re430000_realistic_model.polar           
 Dump file unspecified or not available
 Calculating wake trajectory ...
 Calculating source influence matrix ...

 Solving BL system ...

 Side 1  free  transition at x/c =  0.0088   27
 Side 2 forced transition at x/c =  1.0000   65

   1   rms: 0.3435E-01   max: 0.1399E+00   D at   74  1   RLX: 0.635
       a = 15.250      CL =  1.4298
      Cm = -0.0291     CD =  0.05848   =>   CDf =  0.00630    CDp =  0.05218

 Side 1  free  transition at x/c =  0.0087   27
 Side 2 forced transition at x/c =  1.0000   65

   2   rms: 0.1363E-01   max: 0.6769E-01   D at   75  1
       a = 15.250      CL =  1.4272
      Cm = -0.0292     CD =  0.05985   =>   CDf =  0.00575    CDp =  0.05409

 Side 1  free  transition at x/c =  0.0087   28
 Side 2 forced transition at x/c =  1.0000   64

   3   rms: 0.2308E-02   max: -.3074E-01   D at    2  1
       a = 15.250      CL =  1.4261
      Cm = -0.0292     CD =  0.05970   =>   CDf =  0.00619    CDp =  0.05352

 Side 1  free  transition at x/c =  0.0087   28
 Side 2 forced transition at x/c =  1.0000   64

   4   rms: 0.5104E-03   max: -.6751E-02   D at    4  1
       a = 15.250      CL =  1.4261
      Cm = -0.0292     CD =  0.05968   =>   CDf =  0.00618    CDp =  0.05350

 Side 1  free  transition at x/c =  0.0087   28
 Side 2 forced transition at x/c =  1.0000   64

   5   rms: 0.7803E-06   max: -.8805E-05   C at   64  2
       a = 15.250      CL =  1.4261
      Cm = -0.0292     CD =  0.05968   =>   CDf =  0.00618    CDp =  0.05350
      5.000    9.9430   0.059684   0.018967   0.002175  -0.016793    0.0087     #

 Point added to stored polar  1
 Point written to save file  clarky_re430000_realistic_model.polar           
 Dump file unspecified or not available
 Calculating wake trajectory ...
 Calculating source influence matrix ...

 Solving BL system ...

 Side 1  free  transition at x/c =  0.0087   28
 Side 2 forced transition at x/c =  1.0000   64

   1   rms: 0.3464E-01   max: 0.1453E+00   D at   74  1   RLX: 0.608
       a = 15.500      CL =  1.4242
      Cm = -0.0296     CD =  0.06233   =>   CDf =  0.00619    CDp =  0.05614

 Side 1  free  transition at x/c =  0.0086   28
 Side 2 forced transition at x/c =  1.0000   64

   2   rms: 0.1593E-01   max: 0.8348E-01   D at   75  1
       a = 15.500      CL =  1.4203
      Cm = -0.0299     CD =  0.06409   =>   CDf =  0.00612    CDp =  0.05797

 Side 1  free  transition at x/c =  0.0085   28
 Side 2 forced transition at x/c =  1.0000   64

   3   rms: 0.1621E-02   max: 0.1085E-01   D at   76  2
       a = 15.500      CL =  1.4192
      Cm = -0.0298     CD =  0.06384   =>   CDf =  0.00607    CDp =  0.05777

 Side 1  free  transition at x/c =  0.0085   28
 Side 2 forced transition at x/c =  1.0000   64

   4   rms: 0.5945E-04   max: 0.4159E-03   D at   76  2
       a = 15.500      CL =  1.4191
      Cm = -0.0298     CD =  0.06382   =>   CDf =  0.00607    CDp =  0.05775
      5.000   10.2403   0.063824   0.018682   0.002208  -0.016474    0.0085     #

 Point added to stored polar  1
 Point written to save file  clarky_re430000_realistic_model.polar           
 Dump file unspecified or not available
 Calculating wake trajectory ...
 Calculating source influence matrix ...

 Solving BL system ...

 Side 1  free  transition at x/c =  0.0085   28
 Side 2 forced transition at x/c =  1.0000   64

   1   rms: 0.3629E-01   max: 0.1616E+00   D at   73  1   RLX: 0.581
       a = 15.750      CL =  1.4158
      Cm = -0.0304     CD =  0.06674   =>   CDf =  0.00608    CDp =  0.06067

 Side 1  free  transition at x/c =  0.0085   28
 Side 2 forced transition at x/c =  1.0000   64

   2   rms: 0.1655E-01   max: 0.8018E-01   D at   73  1
       a = 15.750      CL =  1.4114
      Cm = -0.0307     CD =  0.06866   =>   CDf =  0.00601    CDp =  0.06264

 Side 1  free  transition at x/c =  0.0084   28
 Side 2 forced transition at x/c =  1.0000   64

   3   rms: 0.2449E-02   max: 0.1963E-01   D at   73  1
       a = 15.750      CL =  1.4099
      Cm = -0.0307     CD =  0.06847   =>   CDf =  0.00596    CDp =  0.06251

 Side 1  free  transition at x/c =  0.0084   28
 Side 2 forced transition at x/c =  1.0000   64

   4   rms: 0.1160E-03   max: 0.6924E-03   D at   77  2
       a = 15.750      CL =  1.4098
      Cm = -0.0307     CD =  0.06842   =>   CDf =  0.00596    CDp =  0.06247

 Side 1  free  transition at x/c =  0.0084   28
 Side 2 forced transition at x/c =  1.0000   64

   5   rms: 0.2179E-05   max: -.2030E-04   C at   64  2
       a = 15.750      CL =  1.4098
      Cm = -0.0307     CD =  0.06842   =>   CDf =  0.00596    CDp =  0.06247
      5.000   10.5314   0.068423   0.018344   0.002252  -0.016092    0.0084     #

 Point added to stored polar  1
 Point written to save file  clarky_re430000_realistic_model.polar           
 Dump file unspecified or not available
 Calculating wake trajectory ...
 Calculating source influence matrix ...

 Solving BL system ...

 Side 1  free  transition at x/c =  0.0084   28
 Side 2 forced transition at x/c =  1.0000   64

   1   rms: 0.3716E-01   max: 0.1701E+00   D at   71  1   RLX: 0.556
       a = 16.000      CL =  1.4057
      Cm = -0.0314     CD =  0.07151   =>   CDf =  0.00596    CDp =  0.06555

 Side 1  free  transition at x/c =  0.0084   27
 Side 2 forced transition at x/c =  1.0000   64

   2   rms: 0.1567E-01   max: 0.7903E-01   D at   72  1
       a = 16.000      CL =  1.4030
      Cm = -0.0318     CD =  0.07332   =>   CDf =  0.00590    CDp =  0.06742

 Side 1  free  transition at x/c =  0.0083   27
 Side 2 forced transition at x/c =  1.0000   64

   3   rms: 0.2088E-02   max: 0.9395E-02   D at   77  2
       a = 16.000      CL =  1.4016
      Cm = -0.0317     CD =  0.07307   =>   CDf =  0.00584    CDp =  0.06723

 Side 1  free  transition at x/c =  0.0083   27
 Side 2 forced transition at x/c =  1.0000   64

   4   rms: 0.1249E-03   max: 0.1134E-02   D at   77  2
       a = 16.000      CL =  1.4015
      Cm = -0.0317     CD =  0.07303   =>   CDf =  0.00584    CDp =  0.06720

 Side 1  free  transition at x/c =  0.0083   27
 Side 2 forced transition at x/c =  1.0000   64

   5   rms: 0.2790E-05   max: -.3020E-04   C at   64  2
       a = 16.000      CL =  1.4015
      Cm = -0.0317     CD =  0.07303   =>   CDf =  0.00584    CDp =  0.06720
      5.000   10.7960   0.073032   0.017983   0.002292  -0.015691    0.0083     #

 Point added to stored polar  1
 Point written to save file  clarky_re430000_realistic_model.polar           
 Dump file unspecified or not available
 Calculating wake trajectory ...
 Calculating source influence matrix ...

 Solving BL system ...

 Side 1  free  transition at x/c =  0.0083   27
 Side 2 forced transition at x/c =  1.0000   64

   1   rms: 0.3233E-01   max: 0.1432E+00   D at   70  1   RLX: 0.536
       a = 16.250      CL =  1.3997
      Cm = -0.0324     CD =  0.07570   =>   CDf =  0.00584    CDp =  0.06986

 Side 1  free  transition at x/c =  0.0083   27
 Side 2 forced transition at x/c =  1.0000   64

   2   rms: 0.1750E-01   max: 0.9198E-01   D at   71  1
       a = 16.250      CL =  1.3953
      Cm = -0.0330     CD =  0.07806   =>   CDf =  0.00577    CDp =  0.07229

 Side 1  free  transition at x/c =  0.0082   27
 Side 2 forced transition at x/c =  1.0000   64

   3   rms: 0.2105E-02   max: 0.1088E-01   D at   70  1
       a = 16.250      CL =  1.3939
      Cm = -0.0329     CD =  0.07767   =>   CDf =  0.00571    CDp =  0.07196

 Side 1  free  transition at x/c =  0.0083   27
 Side 2 forced transition at x/c =  1.0000   64

   4   rms: 0.1027E-03   max: 0.5785E-03   D at   70  1
       a = 16.250      CL =  1.3938
      Cm = -0.0329     CD =  0.07764   =>   CDf =  0.00571    CDp =  0.07193

 Side 1  free  transition at x/c =  0.0083   27
 Side 2 forced transition at x/c =  1.0000   64

   5   rms: 0.5666E-05   max: -.3414E-04   C at   64  2
       a = 16.250      CL =  1.3938
      Cm = -0.0329     CD =  0.07764   =>   CDf =  0.00571    CDp =  0.07193
      5.000   11.0393   0.077638   0.017624   0.002326  -0.015298    0.0083     #

 Point added to stored polar  1
 Point written to save file  clarky_re430000_realistic_model.polar           
 Dump file unspecified or not available
 Calculating wake trajectory ...
 Calculating source influence matrix ...

 Solving BL system ...

 Side 1  free  transition at x/c =  0.0083   27
 Side 2 forced transition at x/c =  1.0000   64

   1   rms: 0.3328E-01   max: 0.1557E+00   D at   69  1   RLX: 0.515
       a = 16.500      CL =  1.3912
      Cm = -0.0337     CD =  0.08049   =>   CDf =  0.00571    CDp =  0.07478

 Side 1  free  transition at x/c =  0.0082   27
 Side 2 forced transition at x/c =  1.0000   64

   2   rms: 0.1714E-01   max: 0.8430E-01   D at   69  1
       a = 16.500      CL =  1.3871
      Cm = -0.0343     CD =  0.08290   =>   CDf =  0.00565    CDp =  0.07726

 Side 1  free  transition at x/c =  0.0082   27
 Side 2 forced transition at x/c =  1.0000   64

   3   rms: 0.2871E-02   max: 0.1847E-01   D at   69  1
       a = 16.500      CL =  1.3852
      Cm = -0.0343     CD =  0.08259   =>   CDf =  0.00558    CDp =  0.07700

 Side 1  free  transition at x/c =  0.0082   27
 Side 2 forced transition at x/c =  1.0000   64

   4   rms: 0.2179E-03   max: 0.1046E-02   D at   78  2
       a = 16.500      CL =  1.3851
      Cm = -0.0343     CD =  0.08253   =>   CDf =  0.00558    CDp =  0.07695

 Side 1  free  transition at x/c =  0.0082   27
 Side 2 forced transition at x/c =  1.0000   64

   5   rms: 0.1031E-04   max: 0.5844E-04   D at   77  2
       a = 16.500      CL =  1.3851
      Cm = -0.0343     CD =  0.08253   =>   CDf =  0.00558    CDp =  0.07695
      5.000   11.2721   0.082528   0.017228   0.002357  -0.014872    0.0082     #

 Point added to stored polar  1
 Point written to save file  clarky_re430000_realistic_model.polar           
 Dump file unspecified or not available
 Calculating wake trajectory ...
 Calculating source influence matrix ...

 Solving BL system ...

 Side 1  free  transition at x/c =  0.0082   27
 Side 2 forced transition at x/c =  1.0000   64

   1   rms: 0.3328E-01   max: 0.1597E+00   D at   68  1   RLX: 0.496
       a = 16.750      CL =  1.3821
      Cm = -0.0351     CD =  0.08545   =>   CDf =  0.00559    CDp =  0.07987

 Side 1  free  transition at x/c =  0.0081   27
 Side 2 forced transition at x/c =  1.0000   64

   2   rms: 0.1703E-01   max: 0.8412E-01   D at   68  1
       a = 16.750      CL =  1.3782
      Cm = -0.0359     CD =  0.08795   =>   CDf =  0.00552    CDp =  0.08243

 Side 1  free  transition at x/c =  0.0081   27
 Side 2 forced transition at x/c =  1.0000   64

   3   rms: 0.3747E-02   max: 0.2483E-01   D at   68  1
       a = 16.750      CL =  1.3759
      Cm = -0.0358     CD =  0.08771   =>   CDf =  0.00546    CDp =  0.08225

 Side 1  free  transition at x/c =  0.0081   27
 Side 2 forced transition at x/c =  1.0000   64

   4   rms: 0.2898E-03   max: 0.2175E-02   D at   78  2
       a = 16.750      CL =  1.3757
      Cm = -0.0358     CD =  0.08761   =>   CDf =  0.00545    CDp =  0.08216

 Side 1  free  transition at x/c =  0.0081   27
 Side 2 forced transition at x/c =  1.0000   64

   5   rms: 0.5190E-05   max: 0.4991E-04   D at   78  2
       a = 16.750      CL =  1.3757
      Cm = -0.0358     CD =  0.08761   =>   CDf =  0.00545    CDp =  0.08215
      5.000   11.4960   0.087608   0.016812   0.002386  -0.014426    0.0081     #

 Point added to stored polar  1
 Point written to save file  clarky_re430000_realistic_model.polar           
 Dump file unspecified or not available
 Calculating wake trajectory ...
 Calculating source influence matrix ...

 Solving BL system ...

 Side 1  free  transition at x/c =  0.0081   27
 Side 2 forced transition at x/c =  1.0000   64

   1   rms: 0.3236E-01   max: 0.1562E+00   D at   67  1   RLX: 0.478
       a = 17.000      CL =  1.3729
      Cm = -0.0367     CD =  0.09049   =>   CDf =  0.00546    CDp =  0.08503

 Side 1  free  transition at x/c =  0.0080   27
 Side 2 forced transition at x/c =  1.0000   64

   2   rms: 0.1843E-01   max: 0.9597E-01   D at   67  1
       a = 17.000      CL =  1.3679
      Cm = -0.0376     CD =  0.09339   =>   CDf =  0.00540    CDp =  0.08799

 Side 1  free  transition at x/c =  0.0080   27
 Side 2 forced transition at x/c =  1.0000   64

   3   rms: 0.2934E-02   max: 0.1200E-01   D at   66  1
       a = 17.000      CL =  1.3660
      Cm = -0.0375     CD =  0.09290   =>   CDf =  0.00533    CDp =  0.08756

 Side 1  free  transition at x/c =  0.0080   27
 Side 2 forced transition at x/c =  1.0000   64

   4   rms: 0.1531E-03   max: 0.7985E-03   D at   79  2
       a = 17.000      CL =  1.3659
      Cm = -0.0375     CD =  0.09282   =>   CDf =  0.00533    CDp =  0.08749

 Side 1  free  transition at x/c =  0.0080   27
 Side 2 forced transition at x/c =  1.0000   64

   5   rms: 0.2810E-05   max: -.1783E-04   T at   78  2
       a = 17.000      CL =  1.3659
      Cm = -0.0375     CD =  0.09282   =>   CDf =  0.00533    CDp =  0.08748
      5.000   11.7182   0.092815   0.016404   0.002414  -0.013990    0.0080     #

 Point added to stored polar  1
 Point written to save file  clarky_re430000_realistic_model.polar           
 Dump file unspecified or not available
 Calculating wake trajectory ...
 Calculating source influence matrix ...

 Solving BL system ...

 Side 1  free  transition at x/c =  0.0080   27
 Side 2 forced transition at x/c =  1.0000   64

   1   rms: 0.3136E-01   max: 0.1522E+00   D at   66  1   RLX: 0.461
       a = 17.250      CL =  1.3632
      Cm = -0.0384     CD =  0.09564   =>   CDf =  0.00534    CDp =  0.09030

 Side 1  free  transition at x/c =  0.0079   27
 Side 2 forced transition at x/c =  1.0000   64

   2   rms: 0.1935E-01   max: 0.1052E+00   D at   66  1
       a = 17.250      CL =  1.3579
      Cm = -0.0395     CD =  0.09888   =>   CDf =  0.00528    CDp =  0.09360

 Side 1  free  transition at x/c =  0.0079   27
 Side 2 forced transition at x/c =  1.0000   64

   3   rms: 0.2768E-02   max: 0.1226E-01   D at   79  2
       a = 17.250      CL =  1.3561
      Cm = -0.0394     CD =  0.09821   =>   CDf =  0.00521    CDp =  0.09300

 Side 1  free  transition at x/c =  0.0079   27
 Side 2 forced transition at x/c =  1.0000   64

   4   rms: 0.1187E-03   max: 0.7824E-03   D at   79  2
       a = 17.250      CL =  1.3560
      Cm = -0.0394     CD =  0.09813   =>   CDf =  0.00521    CDp =  0.09292

 Side 1  free  transition at x/c =  0.0079   27
 Side 2 forced transition at x/c =  1.0000   64

   5   rms: 0.4155E-05   max: -.3111E-04   C at   64  2
       a = 17.250      CL =  1.3560
      Cm = -0.0394     CD =  0.09813   =>   CDf =  0.00521    CDp =  0.09292
      5.000   11.9322   0.098132   0.015984   0.002441  -0.013543    0.0079     #

 Point added to stored polar  1
 Point written to save file  clarky_re430000_realistic_model.polar           
 Dump file unspecified or not available
 Calculating wake trajectory ...
 Calculating source influence matrix ...

 Solving BL system ...

 Side 1  free  transition at x/c =  0.0079   27
 Side 2 forced transition at x/c =  1.0000   64

   1   rms: 0.3166E-01   max: 0.1582E+00   D at   64  1   RLX: 0.445
       a = 17.500      CL =  1.3531
      Cm = -0.0403     CD =  0.10102   =>   CDf =  0.00522    CDp =  0.09580

 Side 1  free  transition at x/c =  0.0079   27
 Side 2 forced transition at x/c =  1.0000   64

   2   rms: 0.1874E-01   max: 0.9580E-01   D at   64  1
       a = 17.500      CL =  1.3483
      Cm = -0.0415     CD =  0.10427   =>   CDf =  0.00517    CDp =  0.09910

 Side 1  free  transition at x/c =  0.0078   27
 Side 2 forced transition at x/c =  1.0000   64

   3   rms: 0.3202E-02   max: 0.1551E-01   D at   64  1
       a = 17.500      CL =  1.3463
      Cm = -0.0414     CD =  0.10362   =>   CDf =  0.00510    CDp =  0.09852

 Side 1  free  transition at x/c =  0.0078   27
 Side 2 forced transition at x/c =  1.0000   64

   4   rms: 0.2067E-03   max: 0.1676E-02   D at   79  2
       a = 17.500      CL =  1.3462
      Cm = -0.0413     CD =  0.10352   =>   CDf =  0.00510    CDp =  0.09842

 Side 1  free  transition at x/c =  0.0078   27
 Side 2 forced transition at x/c =  1.0000   64

   5   rms: 0.5519E-05   max: 0.3871E-04   D at   79  2
       a = 17.500      CL =  1.3462
      Cm = -0.0413     CD =  0.10352   =>   CDf =  0.00510    CDp =  0.09842
      5.000   12.1419   0.103515   0.015557   0.002466  -0.013090    0.0078     #

 Point added to stored polar  1
 Point written to save file  clarky_re430000_realistic_model.polar           
 Dump file unspecified or not available
 Calculating wake trajectory ...
 Calculating source influence matrix ...

 Solving BL system ...

 Side 1  free  transition at x/c =  0.0078   27
 Side 2 forced transition at x/c =  1.0000   64

   1   rms: 0.3144E-01   max: 0.1598E+00   D at   63  1   RLX: 0.431
       a = 17.750      CL =  1.3432
      Cm = -0.0424     CD =  0.10641   =>   CDf =  0.00464    CDp =  0.10178

 Side 1  free  transition at x/c =  0.0078   28
 Side 2 forced transition at x/c =  1.0000   63

   2   rms: 0.1955E-01   max: 0.1328E+00   D at    2  1
       a = 17.750      CL =  1.3389
      Cm = -0.0435     CD =  0.10964   =>   CDf =  0.00505    CDp =  0.10459

 Side 1  free  transition at x/c =  0.0077   28
 Side 2 forced transition at x/c =  1.0000   63

   3   rms: 0.3267E-02   max: 0.1752E-01   D at   64  1
       a = 17.750      CL =  1.3368
      Cm = -0.0434     CD =  0.10900   =>   CDf =  0.00499    CDp =  0.10401

 Side 1  free  transition at x/c =  0.0078   28
 Side 2 forced transition at x/c =  1.0000   63

   4   rms: 0.2471E-03   max: 0.1177E-02   D at   83  2
       a = 17.750      CL =  1.3367
      Cm = -0.0434     CD =  0.10889   =>   CDf =  0.00498    CDp =  0.10391

 Side 1  free  transition at x/c =  0.0078   28
 Side 2 forced transition at x/c =  1.0000   63

   5   rms: 0.1065E-04   max: 0.6105E-04   D at   83  2
       a = 17.750      CL =  1.3367
      Cm = -0.0434     CD =  0.10888   =>   CDf =  0.00498    CDp =  0.10390
      5.000   12.3485   0.108883   0.015147   0.002491  -0.012655    0.0078     #

 Point added to stored polar  1
 Point written to save file  clarky_re430000_realistic_model.polar           
 Dump file unspecified or not available
 Calculating wake trajectory ...
 Calculating source influence matrix ...

 Solving BL system ...

 Side 1  free  transition at x/c =  0.0078   28
 Side 2 forced transition at x/c =  1.0000   63

   1   rms: 0.3038E-01   max: 0.1550E+00   D at   63  1   RLX: 0.417
       a = 18.000      CL =  1.3341
      Cm = -0.0445     CD =  0.11170   =>   CDf =  0.00499    CDp =  0.10671

 Side 1  free  transition at x/c =  0.0077   28
 Side 2 forced transition at x/c =  1.0000   63

   2   rms: 0.1772E-01   max: 0.8999E-01   D at   63  1
       a = 18.000      CL =  1.3301
      Cm = -0.0457     CD =  0.11502   =>   CDf =  0.00494    CDp =  0.11008

 Side 1  free  transition at x/c =  0.0077   28
 Side 2 forced transition at x/c =  1.0000   63

   3   rms: 0.3358E-02   max: 0.1637E-01   D at   63  1
       a = 18.000      CL =  1.3280
      Cm = -0.0456     CD =  0.11432   =>   CDf =  0.00488    CDp =  0.10944

 Side 1  free  transition at x/c =  0.0077   28
 Side 2 forced transition at x/c =  1.0000   63

   4   rms: 0.2441E-03   max: 0.1309E-02   D at   83  2
       a = 18.000      CL =  1.3279
      Cm = -0.0456     CD =  0.11420   =>   CDf =  0.00488    CDp =  0.10932

 Side 1  free  transition at x/c =  0.0077   28
 Side 2 forced transition at x/c =  1.0000   63

   5   rms: 0.9035E-05   max: 0.5834E-04   D at   84  2
       a = 18.000      CL =  1.3279
      Cm = -0.0456     CD =  0.11419   =>   CDf =  0.00488    CDp =  0.10931
      5.000   12.5550   0.114189   0.014778   0.002517  -0.012261    0.0077     #

 Point added to stored polar  1
 Point written to save file  clarky_re430000_realistic_model.polar           
 Dump file unspecified or not available

.OPERva   c>  
 Polar accumulation disabled

.OPERv   c>  
 XFOIL   c>  
--- STDERR ---
