
 ===================================================
  XFOIL Version 6.99
  Copyright (C) 2000   Mark Drela, Harold Youngren

  This software comes with ABSOLUTELY NO WARRANTY,
    subject to the GNU General Public License.

  Caveat computor
 ===================================================

 File  xfoil.def  not found

   QUIT    Exit program

  .OPER    Direct operating point(s)
  .MDES    Complex mapping design routine
  .QDES    Surface speed design routine
  .GDES    Geometry design routine

   SAVE f  Write airfoil to labeled coordinate file
   PSAV f  Write airfoil to plain coordinate file
   ISAV f  Write airfoil to ISES coordinate file
   MSAV f  Write airfoil to MSES coordinate file
   REVE    Reverse written-airfoil node ordering
   DELI i  Change written-airfoil file delimiters

   LOAD f  Read buffer airfoil from coordinate file
   NACA i  Set NACA 4,5-digit airfoil and buffer airfoil
   INTE    Set buffer airfoil by interpolating two airfoils
   NORM    Buffer airfoil normalization toggle
   HALF    Halve the number of points in buffer airfoil
   XYCM rr Change CM reference location, currently  0.25000 0.00000

   BEND    Display structural properties of current airfoil

   PCOP    Set current-airfoil panel nodes directly from buffer airfoil points
   PANE    Set current-airfoil panel nodes ( 160 ) based on curvature
  .PPAR    Show/change paneling

  .PLOP    Plotting options

   WDEF f  Write  current-settings file
   RDEF f  Reread current-settings file
   NAME s  Specify new airfoil name
   NINC    Increment name version number

   Z       Zoom    | (available in all menus)
   U       Unzoom  | 

 XFOIL   c>  
 Labeled airfoil file.  Name:  Clark Y generated XFOIL input; source clarky.dat

 Number of input coordinate points: 122
 Counterclockwise ordering
 Max thickness =     0.117071  at x =   0.280
 Max camber    =     0.034331  at x =   0.420

  LE  x,y  =   0.00000   0.00000  |   Chord =   1.00000
  TE  x,y  =   1.00000   0.00000  |

 Current airfoil nodes set from buffer airfoil nodes ( 121 )

 XFOIL   c>  
 Sharp leading edge

 Blunt trailing edge.  Gap =  0.00120

 Paneling parameters used...
   Number of panel nodes       160
   Panel bunching parameter    1.000
   TE/LE panel density ratio   0.150
   Refined-area/LE panel density ratio    0.200
   Top    side refined area x/c limits  1.000 1.000
   Bottom side refined area x/c limits  1.000 1.000

 XFOIL   c>  
.OPERi   c>  
 M  =    0.0000
 Re =  0.4300E+06

.OPERv   c>  
 Xtr/c     =  1.0000    top    side
 Xtr/c     =  1.0000    bottom side
 NcritT    =    9.00   ( 0.070 % turb. level )
 NcritB    =    9.00   ( 0.070 % turb. level )
 Vacc      =  0.0100
 WakeL/c   =   1.000

 Klag  =  5.6000     Uxwt  =    1.00       Kdl =  0.9000
 A     =  6.7000     B     =  0.7500       KCt = 0.01485
 CtiniK=  1.8000     CtiniX=  3.3000

..VPAR   c>  
..VPAR   c>  
.OPERv   c>  
.OPERv   c>  
 Polar  1 newly created for accumulation
 Airfoil archived with polar: Clark Y generated XFOIL input; source clarky.dat

Enter  polar save filename  OR  <return> for no file   s>  
 New polar save file available

Enter  polar dump filename  OR  <return> for no file   s>  
 Polar dump file will NOT be written

 Polar accumulation enabled

.OPERva   c>   Calculating unit vorticity distributions ...
 Calculating wake trajectory ...
 Calculating source influence matrix ...

 Solving BL system ...

 Initializing BL ...
    side            1  ...
 MRCHUE: Inverse mode at  58     Hk =   4.106
 MRCHUE: Inverse mode at  59     Hk =   4.770
 MRCHUE: Inverse mode at  60     Hk =   5.421
 MRCHUE: Inverse mode at  61     Hk =   6.060
 MRCHUE: Inverse mode at  62     Hk =   6.691
 MRCHUE: Inverse mode at  63     Hk =   7.314
 MRCHUE: Inverse mode at  64     Hk =   7.931
 MRCHUE: Inverse mode at  65     Hk =   8.541
 MRCHUE: Inverse mode at  66     Hk =   7.543
 MRCHUE: Inverse mode at  67     Hk =   5.181
 MRCHUE: Inverse mode at  68     Hk =   3.700
 MRCHUE: Inverse mode at  69     Hk =   2.642
 MRCHUE: Inverse mode at  72     Hk =   2.500
    side            2  ...
 MRCHUE: Inverse mode at  23     Hk =   4.072
 MRCHUE: Inverse mode at  24     Hk =   4.798
 MRCHUE: Inverse mode at  25     Hk =   5.499
 MRCHUE: Convergence failed at  26  side 2    Res =  0.4406E+01
 MRCHUE: Inverse mode at  27     Hk =   6.206
 MRCHUE: Inverse mode at  28     Hk =   6.911
 MRCHUE: Inverse mode at  29     Hk =   7.619
 MRCHUE: Inverse mode at  30     Hk =   8.337
 MRCHUE: Inverse mode at  31     Hk =   9.071
 MRCHUE: Inverse mode at  32     Hk =   8.036
 MRCHUE: Inverse mode at  33     Hk =   4.981
 MRCHUE: Inverse mode at  34     Hk =   3.171
 MRCHUE: Inverse mode at  91     Hk =   2.500

 MRCHDU: Convergence failed at  34  side 2    Res =  0.1204E+02
 MRCHDU: Convergence failed at  35  side 2    Res =  0.4530E+01
 MRCHDU: Convergence failed at  36  side 2    Res =  0.4207E+01
 MRCHDU: Convergence failed at  37  side 2    Res =  0.2820E+01
 MRCHDU: Convergence failed at  38  side 2    Res =  0.2780E+01
 MRCHDU: Convergence failed at  39  side 2    Res =  0.2846E+01
 MRCHDU: Convergence failed at  40  side 2    Res =  0.4212E+01
 MRCHDU: Convergence failed at  41  side 2    Res =  0.6157E+01
 MRCHDU: Convergence failed at  42  side 2    Res =  0.9586E+01
 MRCHDU: Convergence failed at  43  side 2    Res =  0.1662E+02
 MRCHDU: Convergence failed at  44  side 2    Res =  0.1671E+03
 MRCHDU: Convergence failed at  45  side 2    Res =  0.5157E+02
 MRCHDU: Convergence failed at  46  side 2    Res =  0.2863E+02
 MRCHDU: Convergence failed at  47  side 2    Res =  0.2376E+02
 MRCHDU: Convergence failed at  48  side 2    Res =  0.2335E+02
 MRCHDU: Convergence failed at  49  side 2    Res =  0.2582E+02
 MRCHDU: Convergence failed at  50  side 2    Res =  0.5552E+02
 MRCHDU: Convergence failed at  51  side 2    Res =  0.1247E+03
 MRCHDU: Convergence failed at  52  side 2    Res =  0.3602E+02
 MRCHDU: Convergence failed at  53  side 2    Res =  0.2643E+02
 MRCHDU: Convergence failed at  54  side 2    Res =  0.1091E+03
 MRCHDU: Convergence failed at  55  side 2    Res =  0.5138E+02
 MRCHDU: Convergence failed at  56  side 2    Res =  0.3308E+02
 MRCHDU: Convergence failed at  57  side 2    Res =  0.1106E+02
 MRCHDU: Convergence failed at  58  side 2    Res =  0.1357E+02
 MRCHDU: Convergence failed at  59  side 2    Res =  0.1389E+02
 MRCHDU: Convergence failed at  60  side 2    Res =  0.1428E+02
 MRCHDU: Convergence failed at  61  side 2    Res =  0.1457E+02
 MRCHDU: Convergence failed at  62  side 2    Res =  0.1489E+02
 MRCHDU: Convergence failed at  63  side 2    Res =  0.1311E+02
 MRCHDU: Convergence failed at  64  side 2    Res =  0.1341E+02
 MRCHDU: Convergence failed at  65  side 2    Res =  0.1398E+02
 MRCHDU: Convergence failed at  66  side 2    Res =  0.1457E+02
 MRCHDU: Convergence failed at  67  side 2    Res =  0.1476E+02
 MRCHDU: Convergence failed at  68  side 2    Res =  0.1536E+02
 MRCHDU: Convergence failed at  69  side 2    Res =  0.1270E+02
 MRCHDU: Convergence failed at  70  side 2    Res =  0.1320E+02
 MRCHDU: Convergence failed at  71  side 2    Res =  0.1372E+02
 MRCHDU: Convergence failed at  72  side 2    Res =  0.1428E+02
 MRCHDU: Convergence failed at  73  side 2    Res =  0.1321E+02
 MRCHDU: Convergence failed at  74  side 2    Res =  0.1370E+02
 MRCHDU: Convergence failed at  75  side 2    Res =  0.1419E+02
 MRCHDU: Convergence failed at  76  side 2    Res =  0.1475E+02
 MRCHDU: Convergence failed at  77  side 2    Res =  0.1537E+02
 MRCHDU: Convergence failed at  78  side 2    Res =  0.1261E+02
 MRCHDU: Convergence failed at  79  side 2    Res =  0.1325E+02
 MRCHDU: Convergence failed at  80  side 2    Res =  0.1400E+02
 MRCHDU: Convergence failed at  81  side 2    Res =  0.1489E+02
 MRCHDU: Convergence failed at  82  side 2    Res =  0.1721E+02
 MRCHDU: Convergence failed at  83  side 2    Res =  0.1502E+02
 MRCHDU: Convergence failed at  84  side 2    Res =  0.1607E+02
 MRCHDU: Convergence failed at  85  side 2    Res =  0.2007E+02
 MRCHDU: Convergence failed at  86  side 2    Res =  0.2302E+02
 MRCHDU: Convergence failed at  87  side 2    Res =  0.3309E+02
 MRCHDU: Convergence failed at  88  side 2    Res =  0.4548E+02
 MRCHDU: Convergence failed at  89  side 2    Res =  0.6494E+02
 MRCHDU: Convergence failed at  90  side 2    Res =  0.2776E+02
 MRCHDU: Convergence failed at  91  side 2    Res =  0.8673E+02
 Side 1  free  transition at x/c =  0.8871   66
 Side 2  free  transition at x/c =  0.0513   32

   1   rms: 0.9760E+00   max: 0.1019E+01   D at   93  2   RLX: 0.244
       a = -6.000      CL = -1.4816
      Cm =  0.2976     CD =  0.00487   =>   CDf =  0.00237    CDp =  0.00250

 Side 1  free  transition at x/c =  0.9111   67
 Side 2  free  transition at x/c =  0.0482   32

   2   rms: 0.6273E+00   max: -.7072E+00   U at   91  2   RLX: 0.397
       a = -6.000      CL = -0.9061
      Cm =  0.1127     CD =  0.00632   =>   CDf =  0.01212    CDp = -0.00580

 MRCHDU: Convergence failed at  72  side 1    Res =  0.8381E+01
 MRCHDU: Convergence failed at  32  side 2    Res =  0.9068E+01
 MRCHDU: Convergence failed at  33  side 2    Res =  0.2690E+02
 MRCHDU: Convergence failed at  34  side 2    Res =  0.3160E+02
 MRCHDU: Convergence failed at  35  side 2    Res =  0.7066E+02
 MRCHDU: Convergence failed at  36  side 2    Res =  0.1499E+02
 MRCHDU: Convergence failed at  37  side 2    Res =  0.7959E+01
 MRCHDU: Convergence failed at  38  side 2    Res =  0.6224E+01
 MRCHDU: Convergence failed at  39  side 2    Res =  0.5359E+01
 MRCHDU: Convergence failed at  40  side 2    Res =  0.4792E+01
 MRCHDU: Convergence failed at  41  side 2    Res =  0.4544E+01
 MRCHDU: Convergence failed at  42  side 2    Res =  0.5757E+01
 MRCHDU: Convergence failed at  43  side 2    Res =  0.7018E+01
 MRCHDU: Convergence failed at  44  side 2    Res =  0.8763E+01
 MRCHDU: Convergence failed at  45  side 2    Res =  0.1134E+02
 MRCHDU: Convergence failed at  46  side 2    Res =  0.1505E+02
 MRCHDU: Convergence failed at  47  side 2    Res =  0.2022E+02
 MRCHDU: Convergence failed at  48  side 2    Res =  0.2660E+02
 MRCHDU: Convergence failed at  49  side 2    Res =  0.3248E+02
 MRCHDU: Convergence failed at  50  side 2    Res =  0.3552E+02
 MRCHDU: Convergence failed at  51  side 2    Res =  0.3425E+02
 MRCHDU: Convergence failed at  52  side 2    Res =  0.3040E+02
 MRCHDU: Convergence failed at  53  side 2    Res =  0.2569E+02
 MRCHDU: Convergence failed at  54  side 2    Res =  0.1655E+02
 MRCHDU: Convergence failed at  55  side 2    Res =  0.9377E+01
 MRCHDU: Convergence failed at  56  side 2    Res =  0.6842E+02
 MRCHDU: Convergence failed at  57  side 2    Res =  0.5762E+02
 MRCHDU: Convergence failed at  58  side 2    Res =  0.4998E+02
 MRCHDU: Convergence failed at  59  side 2    Res =  0.4434E+02
 MRCHDU: Convergence failed at  60  side 2    Res =  0.3749E+02
 MRCHDU: Convergence failed at  61  side 2    Res =  0.3481E+02
 MRCHDU: Convergence failed at  62  side 2    Res =  0.3263E+02
 MRCHDU: Convergence failed at  63  side 2    Res =  0.3083E+02
 MRCHDU: Convergence failed at  64  side 2    Res =  0.2933E+02
 MRCHDU: Convergence failed at  65  side 2    Res =  0.2806E+02
 MRCHDU: Convergence failed at  66  side 2    Res =  0.2698E+02
 MRCHDU: Convergence failed at  67  side 2    Res =  0.2607E+02
 MRCHDU: Convergence failed at  68  side 2    Res =  0.2533E+02
 MRCHDU: Convergence failed at  69  side 2    Res =  0.2468E+02
 MRCHDU: Convergence failed at  70  side 2    Res =  0.2410E+02
 MRCHDU: Convergence failed at  71  side 2    Res =  0.2358E+02
 MRCHDU: Convergence failed at  72  side 2    Res =  0.2312E+02
 MRCHDU: Convergence failed at  73  side 2    Res =  0.2270E+02
 MRCHDU: Convergence failed at  74  side 2    Res =  0.2231E+02
 MRCHDU: Convergence failed at  75  side 2    Res =  0.2716E+02
 MRCHDU: Convergence failed at  76  side 2    Res =  0.2754E+02
 MRCHDU: Convergence failed at  77  side 2    Res =  0.2792E+02
 MRCHDU: Convergence failed at  78  side 2    Res =  0.2830E+02
 MRCHDU: Convergence failed at  79  side 2    Res =  0.2867E+02
 MRCHDU: Convergence failed at  80  side 2    Res =  0.2900E+02
 MRCHDU: Convergence failed at  81  side 2    Res =  0.2928E+02
 MRCHDU: Convergence failed at  82  side 2    Res =  0.2947E+02
 MRCHDU: Convergence failed at  83  side 2    Res =  0.2962E+02
 MRCHDU: Convergence failed at  84  side 2    Res =  0.2962E+02
 MRCHDU: Convergence failed at  85  side 2    Res =  0.2943E+02
 MRCHDU: Convergence failed at  86  side 2    Res =  0.2901E+02
 MRCHDU: Convergence failed at  87  side 2    Res =  0.2833E+02
 MRCHDU: Convergence failed at  88  side 2    Res =  0.2727E+02
 MRCHDU: Convergence failed at  89  side 2    Res =  0.8176E+02
 MRCHDU: Convergence failed at  90  side 2    Res =  0.2382E+02
 MRCHDU: Convergence failed at  91  side 2    Res =  0.1226E+03
 Side 1  free  transition at x/c =  0.9250   68
 Side 2  free  transition at x/c =  0.0462   31

   3   rms: 0.2030E+01   max: 0.7118E+01   D at   93  2   RLX: 0.211
       a = -6.000      CL = -1.8254
      Cm =  0.4123     CD =  0.00332   =>   CDf =  0.00221    CDp =  0.00111

 MRCHDU: Convergence failed at  73  side 2    Res =  0.1451E+00
 MRCHDU: Convergence failed at  74  side 2    Res =  0.1898E+00
 MRCHDU: Convergence failed at  75  side 2    Res =  0.2386E+00
 MRCHDU: Convergence failed at  76  side 2    Res =  0.2913E+00
 MRCHDU: Convergence failed at  77  side 2    Res =  0.3450E+00
 MRCHDU: Convergence failed at  78  side 2    Res =  0.3949E+00
 MRCHDU: Convergence failed at  79  side 2    Res =  0.4426E+00
 MRCHDU: Convergence failed at  80  side 2    Res =  0.4888E+00
 MRCHDU: Convergence failed at  81  side 2    Res =  0.5344E+00
 MRCHDU: Convergence failed at  82  side 2    Res =  0.5801E+00
 MRCHDU: Convergence failed at  83  side 2    Res =  0.6279E+00
 MRCHDU: Convergence failed at  84  side 2    Res =  0.6774E+00
 MRCHDU: Convergence failed at  85  side 2    Res =  0.7240E+00
 MRCHDU: Convergence failed at  86  side 2    Res =  0.7719E+00
 MRCHDU: Convergence failed at  87  side 2    Res =  0.8220E+00
 MRCHDU: Convergence failed at  88  side 2    Res =  0.8738E+00
 MRCHDU: Convergence failed at  89  side 2    Res =  0.9285E+00
 MRCHDU: Convergence failed at  90  side 2    Res =  0.9898E+00
 MRCHDU: Convergence failed at  91  side 2    Res =  0.1076E+01
 MRCHDU: Convergence failed at  93  side 2    Res =  0.1489E+02
 MRCHDU: Convergence failed at  94  side 2    Res =  0.7147E+01
 Side 1  free  transition at x/c =  0.9327   69
 Side 2  free  transition at x/c =  0.0438   31

   4   rms: 0.4914E+00   max: -.2942E+01   T at   69  1   RLX: 0.170
       a = -6.000      CL = -0.8059
      Cm =  0.0994     CD =  0.03751   =>   CDf =  0.00267    CDp =  0.03483

 Side 1  free  transition at x/c =  0.9466   70
 Side 2  free  transition at x/c =  0.0440   30

   5   rms: 0.3799E+00   max: -.1522E+01   T at   70  1   RLX: 0.328
       a = -6.000      CL = -0.5610
      Cm =  0.0249     CD =  0.04792   =>   CDf =  0.00257    CDp =  0.04535

 MRCHDU: Convergence failed at  72  side 1    Res =  0.2152E+01
 Side 1  free  transition at x/c =  0.9747   72
 Side 2  free  transition at x/c =  0.0441   30

   6   rms: 0.4777E+00   max: -.1286E+01   D at   35  2   RLX: 0.389
       a = -6.000      CL = -0.3952
      Cm = -0.0401     CD =  0.03955   =>   CDf =  0.00254    CDp =  0.03700

 Side 1  free  transition at x/c =  0.9623   71
 Side 2  free  transition at x/c =  0.0449   30

   7   rms: 0.1908E+01   max: 0.7551E+01   D at   30  2   RLX: 0.187
       a = -6.000      CL = -0.1655
      Cm = -0.0600     CD =  0.07034   =>   CDf =  0.00264    CDp =  0.06770

 Side 1 forced transition at x/c =  1.0000   74
 Side 2  free  transition at x/c =  0.0471   29

   8   rms: 0.5274E+00   max: 0.6409E+01   C at   74  1   RLX: 0.234
       a = -6.000      CL = -0.0675
      Cm = -0.1015     CD =  0.05570   =>   CDf =  0.00258    CDp =  0.05312

 Side 1  free  transition at x/c =  0.9657   72
 Side 2  free  transition at x/c =  0.0460   29

   9   rms: 0.9459E+00   max: 0.2425E+01   T at   29  2   RLX: 0.248
       a = -6.000      CL = -0.1537
      Cm = -0.1113     CD =  0.03806   =>   CDf =  0.00250    CDp =  0.03557

 Side 1  free  transition at x/c =  0.9442   70
 Side 2  free  transition at x/c =  0.0436   30

  10   rms: 0.7536E+00   max: 0.2138E+01   D at   31  2   RLX: 0.543
       a = -6.000      CL = -0.1339
      Cm = -0.0912     CD =  0.06050   =>   CDf =  0.00294    CDp =  0.05756

 TRCHEK2: N2 convergence failed.
 x:  0.14284  0.15264  0.15345  N:  8.965  9.000  9.001  Nx:  17.578   dN:-0.413E+00
 TRCHEK2: N2 convergence failed.
 x:  0.14284  0.15265  0.15345  N:  8.965  9.000  9.001  Nx:  17.330   dN:-0.280E+00
 TRCHEK2: N2 convergence failed.
 x:  0.14284  0.15269  0.15345  N:  8.965  9.000  9.001  Nx:  16.973   dN:-0.157E+00
 TRCHEK2: N2 convergence failed.
 x:  0.14284  0.15273  0.15345  N:  8.965  9.000  9.001  Nx:  16.513   dN:-0.892E-01
 TRCHEK2: N2 convergence failed.
 x:  0.14284  0.15275  0.15345  N:  8.965  9.000  9.000  Nx:  16.069   dN:-0.721E-01
 TRCHEK2: N2 convergence failed.
 x:  0.14284  0.15328  0.15345  N:  8.965  9.000  9.002  Nx:  15.673   dN: 0.182E+00
 Side 1  free  transition at x/c =  0.9448   71
 Side 2  free  transition at x/c =  0.1172   40

  11   rms: 0.1117E+01   max: -.8327E+01   T at   40  2   RLX: 0.060
       a = -6.000      CL = -0.1397
      Cm = -0.0942     CD =  0.02036   =>   CDf =  0.00545    CDp =  0.01491

 Side 1  free  transition at x/c =  0.9435   71
 Side 2  free  transition at x/c =  0.1207   40

  12   rms: 0.4231E+00   max: 0.5804E+01   T at   40  2   RLX: 0.258
       a = -6.000      CL = -0.1826
      Cm = -0.0944     CD =  0.02259   =>   CDf =  0.00494    CDp =  0.01765

 Side 1  free  transition at x/c =  0.9386   70
 Side 2  free  transition at x/c =  0.1082   40

  13   rms: 0.2793E+00   max: 0.2699E+01   T at   40  2   RLX: 0.446
       a = -6.000      CL = -0.2200
      Cm = -0.0950     CD =  0.02433   =>   CDf =  0.00447    CDp =  0.01986

 MRCHDU: Convergence failed at  43  side 2    Res =  0.5314E+01
 MRCHDU: Convergence failed at  44  side 2    Res =  0.4767E+01
 MRCHDU: Convergence failed at  45  side 2    Res =  0.4852E+01
 MRCHDU: Convergence failed at  46  side 2    Res =  0.6621E+01
 MRCHDU: Convergence failed at  47  side 2    Res =  0.1052E+02
 MRCHDU: Convergence failed at  48  side 2    Res =  0.4766E+01
 MRCHDU: Convergence failed at  49  side 2    Res =  0.2398E+01
 MRCHDU: Convergence failed at  50  side 2    Res =  0.2821E+01
 MRCHDU: Convergence failed at  51  side 2    Res =  0.3455E+01
 MRCHDU: Convergence failed at  52  side 2    Res =  0.3986E+01
 MRCHDU: Convergence failed at  53  side 2    Res =  0.4547E+01
 MRCHDU: Convergence failed at  54  side 2    Res =  0.5146E+01
 MRCHDU: Convergence failed at  55  side 2    Res =  0.5793E+01
 MRCHDU: Convergence failed at  56  side 2    Res =  0.6497E+01
 MRCHDU: Convergence failed at  57  side 2    Res =  0.7263E+01
 MRCHDU: Convergence failed at  58  side 2    Res =  0.8103E+01
 MRCHDU: Convergence failed at  59  side 2    Res =  0.1027E+02
 MRCHDU: Convergence failed at  60  side 2    Res =  0.1160E+02
 MRCHDU: Convergence failed at  61  side 2    Res =  0.1314E+02
 MRCHDU: Convergence failed at  62  side 2    Res =  0.1492E+02
 MRCHDU: Convergence failed at  63  side 2    Res =  0.1698E+02
 MRCHDU: Convergence failed at  64  side 2    Res =  0.1933E+02
 MRCHDU: Convergence failed at  65  side 2    Res =  0.2204E+02
 MRCHDU: Convergence failed at  66  side 2    Res =  0.1053E+03
 MRCHDU: Convergence failed at  67  side 2    Res =  0.1051E+03
 MRCHDU: Convergence failed at  68  side 2    Res =  0.3142E+03
 MRCHDU: Convergence failed at  69  side 2    Res =  0.1231E+03
 MRCHDU: Convergence failed at  70  side 2    Res =  0.4854E+03
 MRCHDU: Convergence failed at  71  side 2    Res =  0.2028E+03
 MRCHDU: Convergence failed at  72  side 2    Res =  0.6632E+02
 MRCHDU: Convergence failed at  73  side 2    Res =  0.5422E+02
 MRCHDU: Convergence failed at  74  side 2    Res =  0.4548E+02
 MRCHDU: Convergence failed at  75  side 2    Res =  0.3903E+02
 MRCHDU: Convergence failed at  76  side 2    Res =  0.3410E+02
 MRCHDU: Convergence failed at  77  side 2    Res =  0.3020E+02
 MRCHDU: Convergence failed at  78  side 2    Res =  0.2707E+02
 MRCHDU: Convergence failed at  79  side 2    Res =  0.2709E+02
 MRCHDU: Convergence failed at  80  side 2    Res =  0.6409E+02
 MRCHDU: Convergence failed at  81  side 2    Res =  0.2611E+03
 MRCHDU: Convergence failed at  82  side 2    Res =  0.8460E+02
 MRCHDU: Convergence failed at  83  side 2    Res =  0.1544E+02
 MRCHDU: Convergence failed at  84  side 2    Res =  0.3451E+02
 MRCHDU: Convergence failed at  85  side 2    Res =  0.1807E+02
 MRCHDU: Convergence failed at  86  side 2    Res =  0.2153E+02
 MRCHDU: Convergence failed at  87  side 2    Res =  0.2067E+02
 MRCHDU: Convergence failed at  88  side 2    Res =  0.1818E+02
 MRCHDU: Convergence failed at  89  side 2    Res =  0.7279E+02
 MRCHDU: Convergence failed at  90  side 2    Res =  0.5627E+02
 Side 1  free  transition at x/c =  0.9355   70
 Side 2  free  transition at x/c =  0.1005   39

  14   rms: 0.6477E+00   max: 0.4990E+01   T at   39  2   RLX: 0.301
       a = -6.000      CL = -0.7687
      Cm =  0.1153     CD =  0.01548   =>   CDf =  0.00233    CDp =  0.01315

 Side 1  free  transition at x/c =  0.9458   70
 Side 2  free  transition at x/c =  0.0809   36

  15   rms: 0.4230E+00   max: 0.2581E+01   T at   36  2   RLX: 0.215
       a = -6.000      CL = -0.6536
      Cm =  0.0647     CD =  0.01613   =>   CDf =  0.00808    CDp =  0.00805

 Side 1  free  transition at x/c =  0.9387   70
 Side 2  free  transition at x/c =  0.0716   35

  16   rms: 0.2991E+00   max: 0.1384E+01   T at   35  2   RLX: 0.626
       a = -6.000      CL = -0.4052
      Cm = -0.0364     CD =  0.02392   =>   CDf =  0.00644    CDp =  0.01748

 Side 1  free  transition at x/c =  0.9308   69
 Side 2  free  transition at x/c =  0.0662   34

  17   rms: 0.1266E+00   max: -.6854E+00   D at   38  2   RLX: 0.730
       a = -6.000      CL = -0.2583
      Cm = -0.0810     CD =  0.03141   =>   CDf =  0.00418    CDp =  0.02723

 Side 1  free  transition at x/c =  0.9434   70
 Side 2  free  transition at x/c =  0.0674   34

  18   rms: 0.1410E+00   max: -.6961E+00   T at   34  2   RLX: 0.718
       a = -6.000      CL = -0.2235
      Cm = -0.0928     CD =  0.02894   =>   CDf =  0.00401    CDp =  0.02494

 Side 1  free  transition at x/c =  0.9393   70
 Side 2  free  transition at x/c =  0.0538   32

  19   rms: 0.1258E+00   max: -.8409E+00   T at   32  2   RLX: 0.595
       a = -6.000      CL = -0.2282
      Cm = -0.0944     CD =  0.03071   =>   CDf =  0.00366    CDp =  0.02705

 Side 1  free  transition at x/c =  0.9369   70
 Side 2  free  transition at x/c =  0.0550   32

  20   rms: 0.2601E+00   max: 0.2202E+01   T at   32  2   RLX: 0.630
       a = -6.000      CL = -0.2409
      Cm = -0.0944     CD =  0.02477   =>   CDf =  0.00379    CDp =  0.02097

 Side 1  free  transition at x/c =  0.9333   70
 Side 2  free  transition at x/c =  0.0467   30

  21   rms: 0.2665E+00   max: 0.1751E+01   T at   30  2   RLX: 0.407
       a = -6.000      CL = -0.2583
      Cm = -0.0933     CD =  0.02929   =>   CDf =  0.00355    CDp =  0.02574

 Side 1  free  transition at x/c =  0.9318   70
 Side 2  free  transition at x/c =  0.0458   30

  22   rms: 0.6626E+00   max: 0.2523E+01   T at   30  2   RLX: 0.293
       a = -6.000      CL = -0.3081
      Cm = -0.0917     CD =  0.02665   =>   CDf =  0.00319    CDp =  0.02346

 Side 1  free  transition at x/c =  0.9254   68
 Side 2  free  transition at x/c =  0.0433   31

  23   rms: 0.2027E+00   max: -.1331E+01   T at   31  2   RLX: 0.376
       a = -6.000      CL = -0.3051
      Cm = -0.0883     CD =  0.03089   =>   CDf =  0.00348    CDp =  0.02741

 Side 1  free  transition at x/c =  0.9231   68
 Side 2  free  transition at x/c =  0.0446   31

  24   rms: 0.4882E+00   max: -.4472E+01   T at   31  2   RLX: 0.112
       a = -6.000      CL = -0.2939
      Cm = -0.0881     CD =  0.03523   =>   CDf =  0.00318    CDp =  0.03206

 Side 1  free  transition at x/c =  0.9279   68
 Side 2  free  transition at x/c =  0.0473   31

  25   rms: 0.3187E+00   max: -.1057E+01   D at   81  2   RLX: 0.473
       a = -6.000      CL = -0.3231
      Cm = -0.0884     CD =  0.03142   =>   CDf =  0.00278    CDp =  0.02863

 Side 1  free  transition at x/c =  0.9112   67
 Side 2  free  transition at x/c =  0.0470   31

  26   rms: 0.3425E+00   max: -.1193E+01   D at   81  2   RLX: 0.419
       a = -6.000      CL = -0.3445
      Cm = -0.0871     CD =  0.02898   =>   CDf =  0.00291    CDp =  0.02607

 Side 1  free  transition at x/c =  0.9048   67
 Side 2  free  transition at x/c =  0.0460   31

  27   rms: 0.4517E+00   max: 0.2162E+01   T at   31  2   RLX: 0.345
       a = -6.000      CL = -0.3722
      Cm = -0.0840     CD =  0.02504   =>   CDf =  0.00317    CDp =  0.02187

 Side 1  free  transition at x/c =  0.8970   67
 Side 2  free  transition at x/c =  0.0434   31

  28   rms: 0.2315E+00   max: -.9920E+00   T at   31  2   RLX: 0.504
       a = -6.000      CL = -0.3468
      Cm = -0.0834     CD =  0.02669   =>   CDf =  0.00342    CDp =  0.02327

 Side 1  free  transition at x/c =  0.9015   67
 Side 2  free  transition at x/c =  0.0444   31

  29   rms: 0.2951E+00   max: -.3237E+01   T at   31  2   RLX: 0.154
       a = -6.000      CL = -0.3320
      Cm = -0.0834     CD =  0.02923   =>   CDf =  0.00346    CDp =  0.02577

 Side 1  free  transition at x/c =  0.9063   67
 Side 2  free  transition at x/c =  0.0470   31

  30   rms: 0.2551E+00   max: 0.1229E+01   T at   31  2   RLX: 0.441
       a = -6.000      CL = -0.3212
      Cm = -0.0863     CD =  0.02868   =>   CDf =  0.00310    CDp =  0.02558

 MRCHDU: Convergence failed at  89  side 2    Res =  0.2091E+01
 MRCHDU: Convergence failed at  90  side 2    Res =  0.1972E+01
 MRCHDU: Convergence failed at  91  side 2    Res =  0.1772E+01
 Side 1  free  transition at x/c =  0.9089   67
 Side 2  free  transition at x/c =  0.0464   31

  31   rms: 0.4347E+00   max: 0.1466E+01   T at   31  2   RLX: 0.349
       a = -6.000      CL = -0.3722
      Cm = -0.0819     CD =  0.02675   =>   CDf =  0.00292    CDp =  0.02384

 Side 1  free  transition at x/c =  0.8942   66
 Side 2  free  transition at x/c =  0.0446   31

  32   rms: 0.8443E+01   max: 0.5141E+02   T at   66  1   RLX: 0.012
       a = -6.000      CL = -0.4545
      Cm = -0.0651     CD =  0.02695   =>   CDf =  0.00321    CDp =  0.02374

 MRCHDU: Convergence failed at  87  side 2    Res =  0.8564E+00
 MRCHDU: Convergence failed at  88  side 2    Res =  0.8883E+00
 Side 1  free  transition at x/c =  0.8720   64
 Side 2  free  transition at x/c =  0.0428   31

  33   rms: 0.5600E+01   max: -.2982E+02   T at   64  1   RLX: 0.017
       a = -6.000      CL = -0.4110
      Cm = -0.0705     CD =  0.02172   =>   CDf =  0.00292    CDp =  0.01880

 MRCHDU: Convergence failed at  72  side 1    Res =  0.1249E+01
 MRCHDU: Convergence failed at  93  side 2    Res =  0.3026E-01
 Side 1  free  transition at x/c =  0.8965   67
 Side 2  free  transition at x/c =  0.0425   30

  34   rms: 0.6425E+00   max: 0.4854E+01   T at    2  1   RLX: 0.235
       a = -6.000      CL = -0.4158
      Cm = -0.0812     CD =  0.01974   =>   CDf =  0.00270    CDp =  0.01704

 MRCHDU: Convergence failed at  94  side 2    Res =  0.4002E-01
 Side 1  free  transition at x/c =  0.8917   65
 Side 2  free  transition at x/c =  0.0420   31

  35   rms: 0.3779E+00   max: 0.1459E+01   D at   94  2   RLX: 0.394
       a = -6.000      CL = -0.4576
      Cm = -0.0713     CD =  0.02334   =>   CDf =  0.00317    CDp =  0.02017

 Side 1  free  transition at x/c =  0.8781   65
 Side 2  free  transition at x/c =  0.0419   31

  36   rms: 0.3273E+00   max: -.1158E+01   D at   85  2   RLX: 0.432
       a = -6.000      CL = -0.4218
      Cm = -0.0730     CD =  0.02145   =>   CDf =  0.00378    CDp =  0.01766

 Side 1  free  transition at x/c =  0.8835   65
 Side 2  free  transition at x/c =  0.0416   31

  37   rms: 0.3496E+00   max: -.1005E+01   D at   85  2   RLX: 0.497
       a = -6.000      CL = -0.3362
      Cm = -0.0843     CD =  0.01811   =>   CDf =  0.00473    CDp =  0.01338

 Side 1  free  transition at x/c =  0.9036   67
 Side 2  free  transition at x/c =  0.0425   30

  38   rms: 0.2017E+00   max: -.7582E+00   D at   37  2   RLX: 0.659
       a = -6.000      CL = -0.2827
      Cm = -0.0889     CD =  0.01619   =>   CDf =  0.00566    CDp =  0.01053

 Side 1  free  transition at x/c =  0.9199   68
 Side 2  free  transition at x/c =  0.0429   30

  39   rms: 0.6949E-01   max: -.3561E+00   D at   91  2
       a = -6.000      CL = -0.2559
      Cm = -0.0898     CD =  0.01603   =>   CDf =  0.00618    CDp =  0.00985

 Side 1  free  transition at x/c =  0.9276   68
 Side 2  free  transition at x/c =  0.0431   31

  40   rms: 0.2106E-01   max: -.1356E+00   T at   68  1
       a = -6.000      CL = -0.2406
      Cm = -0.0929     CD =  0.01589   =>   CDf =  0.00645    CDp =  0.00945

 Side 1  free  transition at x/c =  0.9352   69
 Side 2  free  transition at x/c =  0.0431   31

  41   rms: 0.7396E-02   max: 0.1015E+00   D at   69  1
       a = -6.000      CL = -0.2421
      Cm = -0.0926     CD =  0.01596   =>   CDf =  0.00646    CDp =  0.00949

 Side 1  free  transition at x/c =  0.9332   69
 Side 2  free  transition at x/c =  0.0431   31

  42   rms: 0.8683E-03   max: -.8996E-02   D at   72  1
       a = -6.000      CL = -0.2427
      Cm = -0.0925     CD =  0.01597   =>   CDf =  0.00647    CDp =  0.00951

 Side 1  free  transition at x/c =  0.9330   69
 Side 2  free  transition at x/c =  0.0431   31

  43   rms: 0.1390E-04   max: -.1301E-03   D at   72  1
       a = -6.000      CL = -0.2427
      Cm = -0.0925     CD =  0.01597   =>   CDf =  0.00647    CDp =  0.00951
      9.000    5.8272   0.015973   0.002084   0.002801   0.000717    0.9330     #

 Point added to stored polar  1
 Point written to save file  clarky_re430000_clean.polar                     
 Dump file unspecified or not available
 Calculating wake trajectory ...
 Calculating source influence matrix ...

 Solving BL system ...

 Side 1  free  transition at x/c =  0.9330   69
 Side 2  free  transition at x/c =  0.0431   31

   1   rms: 0.6609E-01   max: -.2263E+00   T at   31  2
       a = -5.750      CL = -0.2138
      Cm = -0.0928     CD =  0.01456   =>   CDf =  0.00660    CDp =  0.00796

 Side 1  free  transition at x/c =  0.9292   69
 Side 2  free  transition at x/c =  0.0440   30

   2   rms: 0.1168E-01   max: 0.8885E-01   D at   70  1
       a = -5.750      CL = -0.2189
      Cm = -0.0917     CD =  0.01506   =>   CDf =  0.00644    CDp =  0.00863

 Side 1  free  transition at x/c =  0.9249   69
 Side 2  free  transition at x/c =  0.0437   30

   3   rms: 0.1693E-02   max: -.1655E-01   D at   70  1
       a = -5.750      CL = -0.2179
      Cm = -0.0919     CD =  0.01505   =>   CDf =  0.00646    CDp =  0.00859

 Side 1  free  transition at x/c =  0.9256   69
 Side 2  free  transition at x/c =  0.0438   30

   4   rms: 0.2738E-04   max: -.3938E-03   D at   70  1
       a = -5.750      CL = -0.2179
      Cm = -0.0919     CD =  0.01505   =>   CDf =  0.00646    CDp =  0.00859
      9.000    5.7544   0.015049   0.002092   0.002799   0.000706    0.9256     #

 Point added to stored polar  1
 Point written to save file  clarky_re430000_clean.polar                     
 Dump file unspecified or not available
 Calculating wake trajectory ...
 Calculating source influence matrix ...

 Solving BL system ...

 Side 1  free  transition at x/c =  0.9256   69
 Side 2  free  transition at x/c =  0.0438   30

   1   rms: 0.4697E-01   max: -.2114E+00   T at   30  2
       a = -5.500      CL = -0.1928
      Cm = -0.0914     CD =  0.01435   =>   CDf =  0.00646    CDp =  0.00789

 Side 1  free  transition at x/c =  0.9173   69
 Side 2  free  transition at x/c =  0.0447   30

   2   rms: 0.7354E-02   max: -.5508E-01   D at   69  1
       a = -5.500      CL = -0.1910
      Cm = -0.0917     CD =  0.01443   =>   CDf =  0.00647    CDp =  0.00796

 Side 1  free  transition at x/c =  0.9189   69
 Side 2  free  transition at x/c =  0.0447   30

   3   rms: 0.3002E-03   max: -.2929E-02   D at   71  1
       a = -5.500      CL = -0.1912
      Cm = -0.0916     CD =  0.01444   =>   CDf =  0.00647    CDp =  0.00797

 Side 1  free  transition at x/c =  0.9188   69
 Side 2  free  transition at x/c =  0.0447   30

   4   rms: 0.2298E-05   max: -.2112E-04   D at   69  1
       a = -5.500      CL = -0.1912
      Cm = -0.0916     CD =  0.01444   =>   CDf =  0.00647    CDp =  0.00797
      9.000    5.6709   0.014441   0.002104   0.002744   0.000641    0.9188     #

 Point added to stored polar  1
 Point written to save file  clarky_re430000_clean.polar                     
 Dump file unspecified or not available
 Calculating wake trajectory ...
 Calculating source influence matrix ...

 Solving BL system ...

 Side 1  free  transition at x/c =  0.9188   69
 Side 2  free  transition at x/c =  0.0447   30

   1   rms: 0.4656E-01   max: -.1913E+00   T at   30  2
       a = -5.250      CL = -0.1638
      Cm = -0.0914     CD =  0.01387   =>   CDf =  0.00647    CDp =  0.00739

 Side 1  free  transition at x/c =  0.9129   68
 Side 2  free  transition at x/c =  0.0456   30

   2   rms: 0.1165E-01   max: -.6595E-01   D at   30  2
       a = -5.250      CL = -0.1629
      Cm = -0.0916     CD =  0.01387   =>   CDf =  0.00653    CDp =  0.00734

 Side 1  free  transition at x/c =  0.9133   69
 Side 2  free  transition at x/c =  0.0456   30

   3   rms: 0.2190E-02   max: -.3555E-01   D at   68  1
       a = -5.250      CL = -0.1631
      Cm = -0.0915     CD =  0.01388   =>   CDf =  0.00654    CDp =  0.00733

 Side 1  free  transition at x/c =  0.9134   69
 Side 2  free  transition at x/c =  0.0456   30

   4   rms: 0.1605E-03   max: 0.1800E-02   T at   69  1
       a = -5.250      CL = -0.1631
      Cm = -0.0915     CD =  0.01388   =>   CDf =  0.00654    CDp =  0.00734

 Side 1  free  transition at x/c =  0.9134   69
 Side 2  free  transition at x/c =  0.0456   30

   5   rms: 0.1646E-05   max: -.7997E-05   D at   71  1
       a = -5.250      CL = -0.1631
      Cm = -0.0915     CD =  0.01388   =>   CDf =  0.00654    CDp =  0.00734
      9.000    5.5295   0.013877   0.002118   0.002728   0.000609    0.9134     #

 Point added to stored polar  1
 Point written to save file  clarky_re430000_clean.polar                     
 Dump file unspecified or not available
 Calculating wake trajectory ...
 Calculating source influence matrix ...

 Solving BL system ...

 Side 1  free  transition at x/c =  0.9134   69
 Side 2  free  transition at x/c =  0.0456   30

   1   rms: 0.4909E-01   max: -.1380E+00   T at   30  2
       a = -5.000      CL = -0.1344
      Cm = -0.0916     CD =  0.01331   =>   CDf =  0.00665    CDp =  0.00666

 Side 1  free  transition at x/c =  0.9086   69
 Side 2  free  transition at x/c =  0.0464   29

   2   rms: 0.8680E-02   max: 0.6827E-01   D at   70  1
       a = -5.000      CL = -0.1390
      Cm = -0.0907     CD =  0.01338   =>   CDf =  0.00659    CDp =  0.00679

 Side 1  free  transition at x/c =  0.9040   69
 Side 2  free  transition at x/c =  0.0464   29

   3   rms: 0.1691E-02   max: -.1563E-01   T at   70  1
       a = -5.000      CL = -0.1384
      Cm = -0.0908     CD =  0.01337   =>   CDf =  0.00659    CDp =  0.00678

 Side 1  free  transition at x/c =  0.9048   69
 Side 2  free  transition at x/c =  0.0464   29

   4   rms: 0.2259E-04   max: -.2521E-03   D at   69  1
       a = -5.000      CL = -0.1384
      Cm = -0.0908     CD =  0.01337   =>   CDf =  0.00659    CDp =  0.00678
      9.000    5.5279   0.013369   0.002125   0.002723   0.000598    0.9048     #

 Point added to stored polar  1
 Point written to save file  clarky_re430000_clean.polar                     
 Dump file unspecified or not available
 Calculating wake trajectory ...
 Calculating source influence matrix ...

 Solving BL system ...

 Side 1  free  transition at x/c =  0.9048   69
 Side 2  free  transition at x/c =  0.0464   29

   1   rms: 0.4637E-01   max: -.1235E+00   T at   29  2
       a = -4.750      CL = -0.1124
      Cm = -0.0903     CD =  0.01286   =>   CDf =  0.00659    CDp =  0.00626

 Side 1  free  transition at x/c =  0.8967   69
 Side 2  free  transition at x/c =  0.0471   29

   2   rms: 0.4606E-02   max: -.7148E-01   D at   69  1
       a = -4.750      CL = -0.1115
      Cm = -0.0904     CD =  0.01288   =>   CDf =  0.00668    CDp =  0.00621

 Side 1  free  transition at x/c =  0.8980   69
 Side 2  free  transition at x/c =  0.0471   29

   3   rms: 0.2505E-03   max: -.2602E-02   D at   71  1
       a = -4.750      CL = -0.1116
      Cm = -0.0904     CD =  0.01289   =>   CDf =  0.00667    CDp =  0.00622

 Side 1  free  transition at x/c =  0.8979   69
 Side 2  free  transition at x/c =  0.0471   29

   4   rms: 0.2318E-05   max: -.1504E-04   D at   71  1
       a = -4.750      CL = -0.1116
      Cm = -0.0904     CD =  0.01289   =>   CDf =  0.00667    CDp =  0.00622
      9.000    5.4468   0.012889   0.002136   0.002702   0.000565    0.8979     #

 Point added to stored polar  1
 Point written to save file  clarky_re430000_clean.polar                     
 Dump file unspecified or not available
 Calculating wake trajectory ...
 Calculating source influence matrix ...

 Solving BL system ...

 Side 1  free  transition at x/c =  0.8979   69
 Side 2  free  transition at x/c =  0.0471   29

   1   rms: 0.4738E-01   max: -.1503E+00   T at   29  2
       a = -4.500      CL = -0.0839
      Cm = -0.0901     CD =  0.01244   =>   CDf =  0.00678    CDp =  0.00566

 Side 1  free  transition at x/c =  0.8922   69
 Side 2  free  transition at x/c =  0.0481   29

   2   rms: 0.1137E-01   max: 0.1587E+00   D at   29  2
       a = -4.500      CL = -0.0857
      Cm = -0.0899     CD =  0.01236   =>   CDf =  0.00670    CDp =  0.00565

 Side 1  free  transition at x/c =  0.8905   69
 Side 2  free  transition at x/c =  0.0480   29

   3   rms: 0.1799E-02   max: 0.1653E-01   D at   29  2
       a = -4.500      CL = -0.0857
      Cm = -0.0899     CD =  0.01235   =>   CDf =  0.00669    CDp =  0.00566

 Side 1  free  transition at x/c =  0.8906   69
 Side 2  free  transition at x/c =  0.0480   29

   4   rms: 0.7178E-05   max: 0.4819E-04   D at   29  2
       a = -4.500      CL = -0.0857
      Cm = -0.0899     CD =  0.01235   =>   CDf =  0.00669    CDp =  0.00566
      9.000    5.3987   0.012348   0.002146   0.002702   0.000556    0.8906     #

 Point added to stored polar  1
 Point written to save file  clarky_re430000_clean.polar                     
 Dump file unspecified or not available
 Calculating wake trajectory ...
 Calculating source influence matrix ...

 Solving BL system ...

 Side 1  free  transition at x/c =  0.8906   69
 Side 2  free  transition at x/c =  0.0480   29

   1   rms: 0.4862E-01   max: -.2243E+00   T at   29  2
       a = -4.250      CL = -0.0613
      Cm = -0.0892     CD =  0.01182   =>   CDf =  0.00669    CDp =  0.00513

 Side 1  free  transition at x/c =  0.8800   69
 Side 2  free  transition at x/c =  0.0492   29

   2   rms: 0.7949E-02   max: -.8196E-01   D at   69  1
       a = -4.250      CL = -0.0599
      Cm = -0.0894     CD =  0.01190   =>   CDf =  0.00670    CDp =  0.00520

 Side 1  free  transition at x/c =  0.8822   69
 Side 2  free  transition at x/c =  0.0492   29

   3   rms: 0.4255E-03   max: -.6089E-02   D at   71  1
       a = -4.250      CL = -0.0601
      Cm = -0.0894     CD =  0.01191   =>   CDf =  0.00668    CDp =  0.00523

 Side 1  free  transition at x/c =  0.8820   69
 Side 2  free  transition at x/c =  0.0492   29

   4   rms: 0.4815E-05   max: -.4168E-04   D at   69  1
       a = -4.250      CL = -0.0601
      Cm = -0.0894     CD =  0.01191   =>   CDf =  0.00668    CDp =  0.00523
      9.000    5.3586   0.011910   0.002155   0.002681   0.000526    0.8820     #

 Point added to stored polar  1
 Point written to save file  clarky_re430000_clean.polar                     
 Dump file unspecified or not available
 Calculating wake trajectory ...
 Calculating source influence matrix ...

 Solving BL system ...

 Side 1  free  transition at x/c =  0.8820   69
 Side 2  free  transition at x/c =  0.0492   29

   1   rms: 0.4645E-01   max: -.1894E+00   T at   29  2
       a = -4.000      CL = -0.0336
      Cm = -0.0889     CD =  0.01152   =>   CDf =  0.00668    CDp =  0.00484

 Side 1  free  transition at x/c =  0.8745   68
 Side 2  free  transition at x/c =  0.0506   29

   2   rms: 0.5063E-02   max: -.3414E-01   D at   29  2
       a = -4.000      CL = -0.0330
      Cm = -0.0890     CD =  0.01156   =>   CDf =  0.00673    CDp =  0.00483

 Side 1  free  transition at x/c =  0.8748   68
 Side 2  free  transition at x/c =  0.0507   29

   3   rms: 0.6837E-04   max: 0.6933E-03   D at   69  1
       a = -4.000      CL = -0.0330
      Cm = -0.0890     CD =  0.01156   =>   CDf =  0.00673    CDp =  0.00484
      9.000    5.2600   0.011562   0.002169   0.002677   0.000508    0.8748     #

 Point added to stored polar  1
 Point written to save file  clarky_re430000_clean.polar                     
 Dump file unspecified or not available
 Calculating wake trajectory ...
 Calculating source influence matrix ...

 Solving BL system ...

 Side 1  free  transition at x/c =  0.8748   68
 Side 2  free  transition at x/c =  0.0507   29

   1   rms: 0.4470E-01   max: -.1923E+00   T at   29  2
       a = -3.750      CL = -0.0083
      Cm = -0.0883     CD =  0.01126   =>   CDf =  0.00682    CDp =  0.00444

 Side 1  free  transition at x/c =  0.8620   69
 Side 2  free  transition at x/c =  0.0522   29

   2   rms: 0.1086E-01   max: -.8947E-01   D at   69  1
       a = -3.750      CL = -0.0072
      Cm = -0.0884     CD =  0.01124   =>   CDf =  0.00681    CDp =  0.00443

 Side 1  free  transition at x/c =  0.8650   69
 Side 2  free  transition at x/c =  0.0523   29

   3   rms: 0.7632E-03   max: -.8933E-02   D at   71  1
       a = -3.750      CL = -0.0073
      Cm = -0.0884     CD =  0.01126   =>   CDf =  0.00677    CDp =  0.00449

 Side 1  free  transition at x/c =  0.8648   69
 Side 2  free  transition at x/c =  0.0523   29

   4   rms: 0.5983E-05   max: -.8234E-04   D at   69  1
       a = -3.750      CL = -0.0073
      Cm = -0.0884     CD =  0.01126   =>   CDf =  0.00677    CDp =  0.00449
      9.000    5.2217   0.011260   0.002179   0.002658   0.000479    0.8648     #

 Point added to stored polar  1
 Point written to save file  clarky_re430000_clean.polar                     
 Dump file unspecified or not available
 Calculating wake trajectory ...
 Calculating source influence matrix ...

 Solving BL system ...

 Side 1  free  transition at x/c =  0.8648   69
 Side 2  free  transition at x/c =  0.0523   29

   1   rms: 0.5791E-01   max: -.2917E+00   T at   29  2
       a = -3.500      CL =  0.0176
      Cm = -0.0878     CD =  0.01066   =>   CDf =  0.00677    CDp =  0.00389

 Side 1  free  transition at x/c =  0.8555   68
 Side 2  free  transition at x/c =  0.0546   29

   2   rms: 0.5018E-02   max: -.4355E-01   D at   30  2
       a = -3.500      CL =  0.0194
      Cm = -0.0880     CD =  0.01090   =>   CDf =  0.00679    CDp =  0.00411

 Side 1  free  transition at x/c =  0.8563   68
 Side 2  free  transition at x/c =  0.0544   29

   3   rms: 0.8798E-04   max: -.1081E-02   D at   31  2
       a = -3.500      CL =  0.0194
      Cm = -0.0880     CD =  0.01090   =>   CDf =  0.00679    CDp =  0.00411
      9.000    5.1008   0.010899   0.002194   0.002644   0.000450    0.8563     #

 Point added to stored polar  1
 Point written to save file  clarky_re430000_clean.polar                     
 Dump file unspecified or not available
 Calculating wake trajectory ...
 Calculating source influence matrix ...

 Solving BL system ...

 Side 1  free  transition at x/c =  0.8563   68
 Side 2  free  transition at x/c =  0.0544   29

   1   rms: 0.4601E-01   max: -.2222E+00   T at   29  2
       a = -3.250      CL =  0.0445
      Cm = -0.0874     CD =  0.01062   =>   CDf =  0.00679    CDp =  0.00383

 Side 1  free  transition at x/c =  0.8442   68
 Side 2  free  transition at x/c =  0.0565   29

   2   rms: 0.1160E-01   max: -.9181E-01   D at   29  2
       a = -3.250      CL =  0.0455
      Cm = -0.0875     CD =  0.01063   =>   CDf =  0.00684    CDp =  0.00379

 Side 1  free  transition at x/c =  0.8464   68
 Side 2  free  transition at x/c =  0.0568   29

   3   rms: 0.3602E-03   max: -.4792E-02   D at   70  1
       a = -3.250      CL =  0.0455
      Cm = -0.0875     CD =  0.01064   =>   CDf =  0.00681    CDp =  0.00383

 Side 1  free  transition at x/c =  0.8462   68
 Side 2  free  transition at x/c =  0.0568   29

   4   rms: 0.4233E-05   max: -.1091E-04   T at   65  2
       a = -3.250      CL =  0.0455
      Cm = -0.0875     CD =  0.01064   =>   CDf =  0.00681    CDp =  0.00383
      9.000    5.0730   0.010642   0.002205   0.002638   0.000433    0.8462     #

 Point added to stored polar  1
 Point written to save file  clarky_re430000_clean.polar                     
 Dump file unspecified or not available
 Calculating wake trajectory ...
 Calculating source influence matrix ...

 Solving BL system ...

 Side 1  free  transition at x/c =  0.8462   68
 Side 2  free  transition at x/c =  0.0568   29

   1   rms: 0.4696E-01   max: -.2285E+00   T at   29  2
       a = -3.000      CL =  0.0724
      Cm = -0.0871     CD =  0.01041   =>   CDf =  0.00688    CDp =  0.00352

 Side 1  free  transition at x/c =  0.8378   68
 Side 2  free  transition at x/c =  0.0606   29

   2   rms: 0.1683E-01   max: 0.2935E+00   D at   29  2
       a = -3.000      CL =  0.0728
      Cm = -0.0872     CD =  0.01036   =>   CDf =  0.00685    CDp =  0.00351

 Side 1  free  transition at x/c =  0.8381   68
 Side 2  free  transition at x/c =  0.0603   29

   3   rms: 0.4728E-02   max: -.6578E-01   C at   68  1
       a = -3.000      CL =  0.0729
      Cm = -0.0872     CD =  0.01037   =>   CDf =  0.00687    CDp =  0.00350

 Side 1  free  transition at x/c =  0.8383   69
 Side 2  free  transition at x/c =  0.0602   29

   4   rms: 0.3385E-02   max: -.5124E-01   D at   68  1
       a = -3.000      CL =  0.0727
      Cm = -0.0872     CD =  0.01037   =>   CDf =  0.00687    CDp =  0.00350

 Side 1  free  transition at x/c =  0.8386   69
 Side 2  free  transition at x/c =  0.0602   29

   5   rms: 0.3378E-03   max: -.4389E-02   D at   70  1
       a = -3.000      CL =  0.0727
      Cm = -0.0872     CD =  0.01037   =>   CDf =  0.00684    CDp =  0.00353

 Side 1  free  transition at x/c =  0.8385   69
 Side 2  free  transition at x/c =  0.0602   29

   6   rms: 0.2706E-05   max: -.4508E-04   D at   70  1
       a = -3.000      CL =  0.0727
      Cm = -0.0872     CD =  0.01037   =>   CDf =  0.00684    CDp =  0.00352
      9.000    5.0017   0.010370   0.002219   0.002633   0.000414    0.8385     #

 Point added to stored polar  1
 Point written to save file  clarky_re430000_clean.polar                     
 Dump file unspecified or not available
 Calculating wake trajectory ...
 Calculating source influence matrix ...

 Solving BL system ...

 Side 1  free  transition at x/c =  0.8385   69
 Side 2  free  transition at x/c =  0.0602   29

   1   rms: 0.5027E-01   max: -.2996E+00   T at   29  2
       a = -2.750      CL =  0.1007
      Cm = -0.0871     CD =  0.01018   =>   CDf =  0.00685    CDp =  0.00333

 Side 1  free  transition at x/c =  0.8304   68
 Side 2  free  transition at x/c =  0.0650   30

   2   rms: 0.8727E-02   max: -.9719E-01   D at   68  1
       a = -2.750      CL =  0.0990
      Cm = -0.0868     CD =  0.01012   =>   CDf =  0.00684    CDp =  0.00328

 Side 1  free  transition at x/c =  0.8283   68
 Side 2  free  transition at x/c =  0.0656   30

   3   rms: 0.4208E-03   max: -.5477E-02   C at   68  1
       a = -2.750      CL =  0.0990
      Cm = -0.0868     CD =  0.01013   =>   CDf =  0.00682    CDp =  0.00330

 Side 1  free  transition at x/c =  0.8285   68
 Side 2  free  transition at x/c =  0.0656   30

   4   rms: 0.1664E-05   max: -.1901E-04   D at   70  1
       a = -2.750      CL =  0.0990
      Cm = -0.0868     CD =  0.01013   =>   CDf =  0.00682    CDp =  0.00330
      9.000    4.9869   0.010127   0.002230   0.002634   0.000404    0.8285     #

 Point added to stored polar  1
 Point written to save file  clarky_re430000_clean.polar                     
 Dump file unspecified or not available
 Calculating wake trajectory ...
 Calculating source influence matrix ...

 Solving BL system ...

 Side 1  free  transition at x/c =  0.8285   68
 Side 2  free  transition at x/c =  0.0656   30

   1   rms: 0.5470E-01   max: -.3926E+00   T at   30  2
       a = -2.500      CL =  0.1256
      Cm = -0.0864     CD =  0.00990   =>   CDf =  0.00682    CDp =  0.00308

 Side 1  free  transition at x/c =  0.8183   67
 Side 2  free  transition at x/c =  0.0746   31

   2   rms: 0.1190E-01   max: 0.1105E+00   D at   31  2
       a = -2.500      CL =  0.1263
      Cm = -0.0865     CD =  0.00989   =>   CDf =  0.00686    CDp =  0.00303

 Side 1  free  transition at x/c =  0.8192   67
 Side 2  free  transition at x/c =  0.0792   32

   3   rms: 0.6862E-02   max: 0.9329E-01   D at   32  2
       a = -2.500      CL =  0.1262
      Cm = -0.0865     CD =  0.00987   =>   CDf =  0.00684    CDp =  0.00302

 Side 1  free  transition at x/c =  0.8194   68
 Side 2  free  transition at x/c =  0.0789   32

   4   rms: 0.3617E-02   max: -.5278E-01   D at   67  1
       a = -2.500      CL =  0.1261
      Cm = -0.0864     CD =  0.00986   =>   CDf =  0.00684    CDp =  0.00302

 Side 1  free  transition at x/c =  0.8197   68
 Side 2  free  transition at x/c =  0.0788   32

   5   rms: 0.3738E-03   max: -.5025E-02   D at   69  1
       a = -2.500      CL =  0.1261
      Cm = -0.0864     CD =  0.00987   =>   CDf =  0.00682    CDp =  0.00305

 Side 1  free  transition at x/c =  0.8196   68
 Side 2  free  transition at x/c =  0.0788   32

   6   rms: 0.3318E-05   max: -.5469E-04   D at   69  1
       a = -2.500      CL =  0.1261
      Cm = -0.0864     CD =  0.00987   =>   CDf =  0.00682    CDp =  0.00305
      9.000    4.8983   0.009867   0.002247   0.002622   0.000375    0.8196     #

 Point added to stored polar  1
 Point written to save file  clarky_re430000_clean.polar                     
 Dump file unspecified or not available
 Calculating wake trajectory ...
 Calculating source influence matrix ...

 Solving BL system ...

 Side 1  free  transition at x/c =  0.8196   68
 Side 2  free  transition at x/c =  0.0788   32

   1   rms: 0.8516E-01   max: -.8236E+00   C at   32  2   RLX: 0.607
       a = -2.250      CL =  0.1426
      Cm = -0.0863     CD =  0.00970   =>   CDf =  0.00685    CDp =  0.00284

 Side 1  free  transition at x/c =  0.8151   68
 Side 2  free  transition at x/c =  0.0959   33

   2   rms: 0.5905E-01   max: -.1110E+01   C at   33  2   RLX: 0.450
       a = -2.250      CL =  0.1467
      Cm = -0.0863     CD =  0.00957   =>   CDf =  0.00675    CDp =  0.00282

 Side 1  free  transition at x/c =  0.8122   68
 Side 2  free  transition at x/c =  0.1003   34

   3   rms: 0.3782E-01   max: -.5143E+00   C at   34  2   RLX: 0.972
       a = -2.250      CL =  0.1514
      Cm = -0.0860     CD =  0.00945   =>   CDf =  0.00674    CDp =  0.00271

 Side 1  free  transition at x/c =  0.8092   68
 Side 2  free  transition at x/c =  0.1104   35

   4   rms: 0.1497E-01   max: -.2750E+00   C at   35  2
       a = -2.250      CL =  0.1517
      Cm = -0.0860     CD =  0.00948   =>   CDf =  0.00669    CDp =  0.00279

 Side 1  free  transition at x/c =  0.8094   68
 Side 2  free  transition at x/c =  0.1147   35

   5   rms: 0.1739E-02   max: -.3500E-01   C at   35  2
       a = -2.250      CL =  0.1518
      Cm = -0.0860     CD =  0.00949   =>   CDf =  0.00666    CDp =  0.00282

 Side 1  free  transition at x/c =  0.8094   68
 Side 2  free  transition at x/c =  0.1149   35

   6   rms: 0.2176E-04   max: 0.4524E-03   C at   35  2
       a = -2.250      CL =  0.1518
      Cm = -0.0860     CD =  0.00949   =>   CDf =  0.00666    CDp =  0.00283
      9.000    4.8804   0.009489   0.002259   0.002629   0.000371    0.8094     #

 Point added to stored polar  1
 Point written to save file  clarky_re430000_clean.polar                     
 Dump file unspecified or not available
 Calculating wake trajectory ...
 Calculating source influence matrix ...

 Solving BL system ...

 Side 1  free  transition at x/c =  0.8094   68
 Side 2  free  transition at x/c =  0.1149   35

   1   rms: 0.8959E-01   max: -.1505E+01   C at   35  2   RLX: 0.332
       a = -2.000      CL =  0.1606
      Cm = -0.0859     CD =  0.00940   =>   CDf =  0.00666    CDp =  0.00274

 Side 1  free  transition at x/c =  0.8061   68
 Side 2  free  transition at x/c =  0.1274   37

   2   rms: 0.6620E-01   max: -.8463E+00   C at   37  2   RLX: 0.591
       a = -2.000      CL =  0.1708
      Cm = -0.0857     CD =  0.00924   =>   CDf =  0.00665    CDp =  0.00259

 Side 1  free  transition at x/c =  0.8025   68
 Side 2  free  transition at x/c =  0.1427   38

   3   rms: 0.4096E-01   max: -.7633E+00   C at   38  2   RLX: 0.655
       a = -2.000      CL =  0.1757
      Cm = -0.0857     CD =  0.00922   =>   CDf =  0.00661    CDp =  0.00261

 Side 1  free  transition at x/c =  0.8012   68
 Side 2  free  transition at x/c =  0.1516   39

   4   rms: 0.2613E-01   max: -.4232E+00   C at   39  2
       a = -2.000      CL =  0.1781
      Cm = -0.0857     CD =  0.00916   =>   CDf =  0.00660    CDp =  0.00256

 Side 1  free  transition at x/c =  0.8005   68
 Side 2  free  transition at x/c =  0.1652   40

   5   rms: 0.5075E-02   max: -.9316E-01   C at   40  2
       a = -2.000      CL =  0.1782
      Cm = -0.0857     CD =  0.00918   =>   CDf =  0.00654    CDp =  0.00264

 Side 1  free  transition at x/c =  0.8005   68
 Side 2  free  transition at x/c =  0.1661   40

   6   rms: 0.2758E-03   max: 0.5451E-02   C at   40  2
       a = -2.000      CL =  0.1782
      Cm = -0.0857     CD =  0.00918   =>   CDf =  0.00652    CDp =  0.00266

 Side 1  free  transition at x/c =  0.8005   68
 Side 2  free  transition at x/c =  0.1660   40

   7   rms: 0.1139E-05   max: 0.9998E-05   C at   40  2
       a = -2.000      CL =  0.1782
      Cm = -0.0857     CD =  0.00918   =>   CDf =  0.00652    CDp =  0.00266
      9.000    4.8095   0.009180   0.002275   0.002617   0.000342    0.8005     #

 Point added to stored polar  1
 Point written to save file  clarky_re430000_clean.polar                     
 Dump file unspecified or not available
 Calculating wake trajectory ...
 Calculating source influence matrix ...

 Solving BL system ...

 Side 1  free  transition at x/c =  0.8005   68
 Side 2  free  transition at x/c =  0.1660   40

   1   rms: 0.1128E+00   max: -.1990E+01   C at   40  2   RLX: 0.251
       a = -1.750      CL =  0.1848
      Cm = -0.0857     CD =  0.00909   =>   CDf =  0.00653    CDp =  0.00257

 Side 1  free  transition at x/c =  0.7986   67
 Side 2  free  transition at x/c =  0.1776   40

   2   rms: 0.5068E-01   max: -.7889E+00   C at   40  2   RLX: 0.634
       a = -1.750      CL =  0.1975
      Cm = -0.0855     CD =  0.00904   =>   CDf =  0.00650    CDp =  0.00255

 Side 1  free  transition at x/c =  0.7923   67
 Side 2  free  transition at x/c =  0.2140   43

   3   rms: 0.2497E-01   max: -.4230E+00   C at   43  2
       a = -1.750      CL =  0.2039
      Cm = -0.0853     CD =  0.00887   =>   CDf =  0.00637    CDp =  0.00251

 Side 1  free  transition at x/c =  0.7898   67
 Side 2  free  transition at x/c =  0.2242   43

   4   rms: 0.4616E-02   max: -.1005E+00   C at   43  2
       a = -1.750      CL =  0.2041
      Cm = -0.0854     CD =  0.00890   =>   CDf =  0.00633    CDp =  0.00257

 Side 1  free  transition at x/c =  0.7900   67
 Side 2  free  transition at x/c =  0.2262   43

   5   rms: 0.9072E-04   max: 0.1741E-02   C at   43  2
       a = -1.750      CL =  0.2041
      Cm = -0.0854     CD =  0.00890   =>   CDf =  0.00632    CDp =  0.00258
      9.000    4.7798   0.008900   0.002289   0.002628   0.000338    0.7900     #

 Point added to stored polar  1
 Point written to save file  clarky_re430000_clean.polar                     
 Dump file unspecified or not available
 Calculating wake trajectory ...
 Calculating source influence matrix ...

 Solving BL system ...

 Side 1  free  transition at x/c =  0.7900   67
 Side 2  free  transition at x/c =  0.2261   43

   1   rms: 0.6983E-01   max: -.1141E+01   C at   43  2   RLX: 0.438
       a = -1.500      CL =  0.2159
      Cm = -0.0852     CD =  0.00884   =>   CDf =  0.00629    CDp =  0.00255

 Side 1  free  transition at x/c =  0.7854   68
 Side 2  free  transition at x/c =  0.2566   44

   2   rms: 0.9835E-01   max: -.1563E+01   D at    2  1   RLX: 0.320
       a = -1.500      CL =  0.2198
      Cm = -0.0851     CD =  0.00876   =>   CDf =  0.00625    CDp =  0.00251

 Side 1  free  transition at x/c =  0.7839   68
 Side 2  free  transition at x/c =  0.2647   45

   3   rms: 0.2963E-01   max: -.4552E+00   C at   45  2
       a = -1.500      CL =  0.2306
      Cm = -0.0850     CD =  0.00867   =>   CDf =  0.00624    CDp =  0.00243

 Side 1  free  transition at x/c =  0.7809   67
 Side 2  free  transition at x/c =  0.2772   45

   4   rms: 0.7942E-02   max: -.1689E+00   C at   45  2
       a = -1.500      CL =  0.2308
      Cm = -0.0851     CD =  0.00871   =>   CDf =  0.00625    CDp =  0.00246

 Side 1  free  transition at x/c =  0.7808   67
 Side 2  free  transition at x/c =  0.2814   46

   5   rms: 0.1539E-02   max: -.2727E-01   C at   46  2
       a = -1.500      CL =  0.2307
      Cm = -0.0851     CD =  0.00869   =>   CDf =  0.00622    CDp =  0.00247

 Side 1  free  transition at x/c =  0.7808   67
 Side 2  free  transition at x/c =  0.2816   46

   6   rms: 0.2187E-04   max: 0.4239E-03   C at   46  2
       a = -1.500      CL =  0.2307
      Cm = -0.0851     CD =  0.00869   =>   CDf =  0.00622    CDp =  0.00248
      9.000    4.7152   0.008695   0.002307   0.002613   0.000306    0.7808     #

 Point added to stored polar  1
 Point written to save file  clarky_re430000_clean.polar                     
 Dump file unspecified or not available
 Calculating wake trajectory ...
 Calculating source influence matrix ...

 Solving BL system ...

 Side 1  free  transition at x/c =  0.7808   67
 Side 2  free  transition at x/c =  0.2816   46

   1   rms: 0.8314E-01   max: -.1325E+01   C at   46  2   RLX: 0.377
       a = -1.250      CL =  0.2403
      Cm = -0.0849     CD =  0.00858   =>   CDf =  0.00622    CDp =  0.00237

 Side 1  free  transition at x/c =  0.7767   67
 Side 2  free  transition at x/c =  0.2954   46

   2   rms: 0.3387E-01   max: -.3536E+00   C at   46  2
       a = -1.250      CL =  0.2576
      Cm = -0.0848     CD =  0.00859   =>   CDf =  0.00619    CDp =  0.00240

 Side 1  free  transition at x/c =  0.7700   67
 Side 2  free  transition at x/c =  0.3437   49

   3   rms: 0.7763E-02   max: 0.1307E+00   C at   49  2
       a = -1.250      CL =  0.2567
      Cm = -0.0847     CD =  0.00846   =>   CDf =  0.00603    CDp =  0.00242

 Side 1  free  transition at x/c =  0.7707   67
 Side 2  free  transition at x/c =  0.3375   49

   4   rms: 0.4540E-03   max: 0.7734E-02   C at   49  2
       a = -1.250      CL =  0.2568
      Cm = -0.0847     CD =  0.00847   =>   CDf =  0.00604    CDp =  0.00243

 Side 1  free  transition at x/c =  0.7707   67
 Side 2  free  transition at x/c =  0.3371   49

   5   rms: 0.1686E-05   max: -.2887E-04   C at   49  2
       a = -1.250      CL =  0.2568
      Cm = -0.0847     CD =  0.00847   =>   CDf =  0.00604    CDp =  0.00242
      9.000    4.6940   0.008465   0.002321   0.002632   0.000311    0.7707     #

 Point added to stored polar  1
 Point written to save file  clarky_re430000_clean.polar                     
 Dump file unspecified or not available
 Calculating wake trajectory ...
 Calculating source influence matrix ...

 Solving BL system ...

 Side 1  free  transition at x/c =  0.7707   67
 Side 2  free  transition at x/c =  0.3371   49

   1   rms: 0.9614E-01   max: -.1692E+01   C at   49  2   RLX: 0.296
       a = -1.000      CL =  0.2644
      Cm = -0.0846     CD =  0.00837   =>   CDf =  0.00604    CDp =  0.00233

 Side 1  free  transition at x/c =  0.7677   67
 Side 2  free  transition at x/c =  0.3519   49

   2   rms: 0.5019E-01   max: -.8188E+00   C at   49  2   RLX: 0.611
       a = -1.000      CL =  0.2764
      Cm = -0.0845     CD =  0.00837   =>   CDf =  0.00602    CDp =  0.00235

 Side 1  free  transition at x/c =  0.7639   67
 Side 2  free  transition at x/c =  0.3861   51

   3   rms: 0.2188E-01   max: -.3747E+00   C at   51  2
       a = -1.000      CL =  0.2832
      Cm = -0.0844     CD =  0.00828   =>   CDf =  0.00595    CDp =  0.00232

 Side 1  free  transition at x/c =  0.7620   66
 Side 2  free  transition at x/c =  0.4225   53

   4   rms: 0.9740E-02   max: -.1700E+00   C at   53  2
       a = -1.000      CL =  0.2824
      Cm = -0.0843     CD =  0.00817   =>   CDf =  0.00585    CDp =  0.00233

 Side 1  free  transition at x/c =  0.7618   66
 Side 2  free  transition at x/c =  0.4149   53

   5   rms: 0.2241E-02   max: -.4490E-01   C at   53  2
       a = -1.000      CL =  0.2826
      Cm = -0.0843     CD =  0.00819   =>   CDf =  0.00584    CDp =  0.00235

 Side 1  free  transition at x/c =  0.7618   66
 Side 2  free  transition at x/c =  0.4162   53

   6   rms: 0.1979E-04   max: 0.3386E-03   C at   53  2
       a = -1.000      CL =  0.2826
      Cm = -0.0843     CD =  0.00819   =>   CDf =  0.00584    CDp =  0.00235
      9.000    4.6452   0.008191   0.002339   0.002619   0.000281    0.7618     #

 Point added to stored polar  1
 Point written to save file  clarky_re430000_clean.polar                     
 Dump file unspecified or not available
 Calculating wake trajectory ...
 Calculating source influence matrix ...

 Solving BL system ...

 Side 1  free  transition at x/c =  0.7618   66
 Side 2  free  transition at x/c =  0.4162   53

   1   rms: 0.1279E+00   max: -.2511E+01   C at   53  2   RLX: 0.199
       a = -0.750      CL =  0.2875
      Cm = -0.0842     CD =  0.00812   =>   CDf =  0.00584    CDp =  0.00228

 Side 1  free  transition at x/c =  0.7598   66
 Side 2  free  transition at x/c =  0.4335   54

   2   rms: 0.1107E+00   max: -.2182E+01   C at   54  2   RLX: 0.229
       a = -0.750      CL =  0.2922
      Cm = -0.0841     CD =  0.00805   =>   CDf =  0.00578    CDp =  0.00228

 Side 1  free  transition at x/c =  0.7579   66
 Side 2  free  transition at x/c =  0.4516   55

   3   rms: 0.9461E-01   max: -.1876E+01   C at   55  2   RLX: 0.267
       a = -0.750      CL =  0.2962
      Cm = -0.0841     CD =  0.00799   =>   CDf =  0.00571    CDp =  0.00228

 Side 1  free  transition at x/c =  0.7562   66
 Side 2  free  transition at x/c =  0.4706   56

   4   rms: 0.7761E-01   max: -.1548E+01   C at   56  2   RLX: 0.323
       a = -0.750      CL =  0.2997
      Cm = -0.0840     CD =  0.00792   =>   CDf =  0.00565    CDp =  0.00228

 Side 1  free  transition at x/c =  0.7548   66
 Side 2  free  transition at x/c =  0.4903   57

   5   rms: 0.5808E-01   max: -.1159E+01   C at   57  2   RLX: 0.431
       a = -0.750      CL =  0.3028
      Cm = -0.0838     CD =  0.00786   =>   CDf =  0.00553    CDp =  0.00233

 Side 1  free  transition at x/c =  0.7535   67
 Side 2  free  transition at x/c =  0.5109   57

   6   rms: 0.3714E-01   max: -.7236E+00   C at   57  2   RLX: 0.691
       a = -0.750      CL =  0.3054
      Cm = -0.0837     CD =  0.00779   =>   CDf =  0.00552    CDp =  0.00227

 Side 1  free  transition at x/c =  0.7524   67
 Side 2  free  transition at x/c =  0.5325   58

   7   rms: 0.1231E-01   max: -.2454E+00   C at   58  2
       a = -0.750      CL =  0.3064
      Cm = -0.0836     CD =  0.00776   =>   CDf =  0.00545    CDp =  0.00231

 Side 1  free  transition at x/c =  0.7519   67
 Side 2  free  transition at x/c =  0.5426   59

   8   rms: 0.1481E-02   max: -.3017E-01   C at   59  2
       a = -0.750      CL =  0.3064
      Cm = -0.0836     CD =  0.00775   =>   CDf =  0.00542    CDp =  0.00233

 Side 1  free  transition at x/c =  0.7519   67
 Side 2  free  transition at x/c =  0.5434   59

   9   rms: 0.5289E-05   max: -.6466E-04   D at   63  2
       a = -0.750      CL =  0.3064
      Cm = -0.0836     CD =  0.00775   =>   CDf =  0.00541    CDp =  0.00234
      9.000    4.6334   0.007753   0.002352   0.002642   0.000290    0.7519     #

 Point added to stored polar  1
 Point written to save file  clarky_re430000_clean.polar                     
 Dump file unspecified or not available
 Calculating wake trajectory ...
 Calculating source influence matrix ...

 Solving BL system ...

 Side 1  free  transition at x/c =  0.7519   67
 Side 2  free  transition at x/c =  0.5435   59

   1   rms: 0.1927E+00   max: -.3808E+01   C at   59  2   RLX: 0.131
       a = -0.500      CL =  0.3093
      Cm = -0.0834     CD =  0.00768   =>   CDf =  0.00542    CDp =  0.00226

 Side 1  free  transition at x/c =  0.7507   67
 Side 2  free  transition at x/c =  0.5606   60

   2   rms: 0.1685E+00   max: -.3327E+01   C at   60  2   RLX: 0.150
       a = -0.500      CL =  0.3124
      Cm = -0.0834     CD =  0.00762   =>   CDf =  0.00537    CDp =  0.00226

 Side 1  free  transition at x/c =  0.7495   67
 Side 2  free  transition at x/c =  0.5776   61

   3   rms: 0.1476E+00   max: -.2901E+01   C at   61  2   RLX: 0.172
       a = -0.500      CL =  0.3153
      Cm = -0.0833     CD =  0.00757   =>   CDf =  0.00532    CDp =  0.00225

 Side 1  free  transition at x/c =  0.7484   67
 Side 2  free  transition at x/c =  0.5953   61

   4   rms: 0.1380E+00   max: -.2670E+01   C at   61  2   RLX: 0.187
       a = -0.500      CL =  0.3181
      Cm = -0.0832     CD =  0.00753   =>   CDf =  0.00526    CDp =  0.00228

 Side 1  free  transition at x/c =  0.7474   67
 Side 2  free  transition at x/c =  0.6158   63

   5   rms: 0.1114E+00   max: -.2197E+01   C at   63  2   RLX: 0.228
       a = -0.500      CL =  0.3202
      Cm = -0.0829     CD =  0.00745   =>   CDf =  0.00519    CDp =  0.00226

 Side 1  free  transition at x/c =  0.7465   67
 Side 2  free  transition at x/c =  0.6335   63

   6   rms: 0.8745E-01   max: -.1680E+01   C at   63  2   RLX: 0.298
       a = -0.500      CL =  0.3229
      Cm = -0.0828     CD =  0.00742   =>   CDf =  0.00514    CDp =  0.00228

 Side 1  free  transition at x/c =  0.7455   67
 Side 2  free  transition at x/c =  0.6581   65

   7   rms: 0.6080E-01   max: -.1189E+01   C at   65  2   RLX: 0.420
       a = -0.500      CL =  0.3247
      Cm = -0.0825     CD =  0.00733   =>   CDf =  0.00506    CDp =  0.00227

 Side 1  free  transition at x/c =  0.7446   67
 Side 2  free  transition at x/c =  0.6788   66

   8   rms: 0.3437E-01   max: -.6689E+00   C at   66  2   RLX: 0.747
       a = -0.500      CL =  0.3269
      Cm = -0.0822     CD =  0.00727   =>   CDf =  0.00500    CDp =  0.00228

 Side 1  free  transition at x/c =  0.7438   67
 Side 2  free  transition at x/c =  0.7024   67

   9   rms: 0.8855E-02   max: -.1704E+00   C at   67  2
       a = -0.500      CL =  0.3276
      Cm = -0.0820     CD =  0.00726   =>   CDf =  0.00493    CDp =  0.00233

 Side 1  free  transition at x/c =  0.7435   67
 Side 2  free  transition at x/c =  0.7109   68

  10   rms: 0.1045E-02   max: -.2065E-01   C at   68  2
       a = -0.500      CL =  0.3276
      Cm = -0.0820     CD =  0.00725   =>   CDf =  0.00491    CDp =  0.00235

 Side 1  free  transition at x/c =  0.7435   67
 Side 2  free  transition at x/c =  0.7115   68

  11   rms: 0.5448E-05   max: -.1074E-03   C at   68  2
       a = -0.500      CL =  0.3276
      Cm = -0.0820     CD =  0.00725   =>   CDf =  0.00490    CDp =  0.00235
      9.000    4.5902   0.007254   0.002366   0.002630   0.000264    0.7435     #

 Point added to stored polar  1
 Point written to save file  clarky_re430000_clean.polar                     
 Dump file unspecified or not available
 Calculating wake trajectory ...
 Calculating source influence matrix ...

 Solving BL system ...

 Side 1  free  transition at x/c =  0.7435   67
 Side 2  free  transition at x/c =  0.7115   68

   1   rms: 0.1736E+00   max: -.3353E+01   C at   68  2   RLX: 0.149
       a = -0.250      CL =  0.3305
      Cm = -0.0817     CD =  0.00718   =>   CDf =  0.00490    CDp =  0.00228

 Side 1  free  transition at x/c =  0.7424   66
 Side 2  free  transition at x/c =  0.7292   69

   2   rms: 0.1379E+00   max: -.2648E+01   C at   69  2   RLX: 0.189
       a = -0.250      CL =  0.3340
      Cm = -0.0816     CD =  0.00712   =>   CDf =  0.00485    CDp =  0.00227

 Side 1  free  transition at x/c =  0.7408   66
 Side 2  free  transition at x/c =  0.7477   70

   3   rms: 0.1156E+00   max: -.2217E+01   C at   70  2   RLX: 0.225
       a = -0.250      CL =  0.3372
      Cm = -0.0813     CD =  0.00706   =>   CDf =  0.00478    CDp =  0.00228

 Side 1  free  transition at x/c =  0.7392   66
 Side 2  free  transition at x/c =  0.7665   71

   4   rms: 0.9486E-01   max: -.1821E+01   C at   71  2   RLX: 0.275
       a = -0.250      CL =  0.3402
      Cm = -0.0810     CD =  0.00701   =>   CDf =  0.00465    CDp =  0.00236

 Side 1  free  transition at x/c =  0.7377   67
 Side 2  free  transition at x/c =  0.7853   71

   5   rms: 0.7593E-01   max: -.1398E+01   C at   71  2   RLX: 0.358
       a = -0.250      CL =  0.3430
      Cm = -0.0807     CD =  0.00696   =>   CDf =  0.00465    CDp =  0.00231

 Side 1  free  transition at x/c =  0.7363   67
 Side 2  free  transition at x/c =  0.8041   72

   6   rms: 0.5146E-01   max: -.9844E+00   C at   72  2   RLX: 0.508
       a = -0.250      CL =  0.3456
      Cm = -0.0804     CD =  0.00692   =>   CDf =  0.00459    CDp =  0.00233

 Side 1  free  transition at x/c =  0.7351   67
 Side 2  free  transition at x/c =  0.8230   73

   7   rms: 0.3150E-01   max: -.6017E+00   C at   73  2   RLX: 0.831
       a = -0.250      CL =  0.3478
      Cm = -0.0800     CD =  0.00689   =>   CDf =  0.00454    CDp =  0.00235

 Side 1  free  transition at x/c =  0.7341   67
 Side 2  free  transition at x/c =  0.8419   74

   8   rms: 0.1309E-01   max: -.2501E+00   C at   74  2
       a = -0.250      CL =  0.3484
      Cm = -0.0799     CD =  0.00689   =>   CDf =  0.00449    CDp =  0.00240

 Side 1  free  transition at x/c =  0.7339   67
 Side 2  free  transition at x/c =  0.8523   74

   9   rms: 0.1058E-02   max: -.2017E-01   C at   74  2
       a = -0.250      CL =  0.3485
      Cm = -0.0799     CD =  0.00690   =>   CDf =  0.00445    CDp =  0.00245

 Side 1  free  transition at x/c =  0.7339   67
 Side 2  free  transition at x/c =  0.8533   74

  10   rms: 0.8008E-05   max: -.1479E-03   C at   74  2
       a = -0.250      CL =  0.3485
      Cm = -0.0799     CD =  0.00690   =>   CDf =  0.00445    CDp =  0.00245
      9.000    4.5892   0.006903   0.002378   0.002653   0.000275    0.7339     #

 Point added to stored polar  1
 Point written to save file  clarky_re430000_clean.polar                     
 Dump file unspecified or not available
 Calculating wake trajectory ...
 Calculating source influence matrix ...

 Solving BL system ...

 Side 1  free  transition at x/c =  0.7339   67
 Side 2  free  transition at x/c =  0.8533   74

   1   rms: 0.1088E+00   max: -.1902E+01   C at   74  2   RLX: 0.263
       a =  0.000      CL =  0.3549
      Cm = -0.0795     CD =  0.00686   =>   CDf =  0.00445    CDp =  0.00241

 Side 1  free  transition at x/c =  0.7314   67
 Side 2  free  transition at x/c =  0.8851   76

   2   rms: 0.6697E-01   max: -.9972E+00   C at   76  2   RLX: 0.501
       a =  0.000      CL =  0.3665
      Cm = -0.0794     CD =  0.00684   =>   CDf =  0.00439    CDp =  0.00246

 Side 1  free  transition at x/c =  0.7280   67
 Side 2  free  transition at x/c =  0.9148   77

   3   rms: 0.1741E-01   max: 0.7517E-01   D at   76  2
       a =  0.000      CL =  0.3747
      Cm = -0.0789     CD =  0.00691   =>   CDf =  0.00438    CDp =  0.00252

 Side 1  free  transition at x/c =  0.7250   67
 Side 2  free  transition at x/c =  0.9593   80

   4   rms: 0.3402E-01   max: 0.5570E+00   C at   80  2
       a =  0.000      CL =  0.3808
      Cm = -0.0801     CD =  0.00688   =>   CDf =  0.00440    CDp =  0.00248

 Side 1  free  transition at x/c =  0.7251   67
 Side 2  free  transition at x/c =  0.9406   79

   5   rms: 0.3527E-02   max: 0.1319E-01   D at   77  2
       a =  0.000      CL =  0.3846
      Cm = -0.0809     CD =  0.00690   =>   CDf =  0.00440    CDp =  0.00251

 Side 1  free  transition at x/c =  0.7251   67
 Side 2  free  transition at x/c =  0.9401   79

   6   rms: 0.6589E-04   max: -.5441E-03   D at   80  2
       a =  0.000      CL =  0.3846
      Cm = -0.0809     CD =  0.00690   =>   CDf =  0.00440    CDp =  0.00251
      9.000    4.5113   0.006904   0.002405   0.002648   0.000243    0.7251     #

 Point added to stored polar  1
 Point written to save file  clarky_re430000_clean.polar                     
 Dump file unspecified or not available
 Calculating wake trajectory ...
 Calculating source influence matrix ...

 Solving BL system ...

 Side 1  free  transition at x/c =  0.7251   67
 Side 2  free  transition at x/c =  0.9401   79

   1   rms: 0.7189E-01   max: 0.4016E+00   D at   81  2
       a =  0.250      CL =  0.4315
      Cm = -0.0845     CD =  0.00699   =>   CDf =  0.00438    CDp =  0.00261

 Side 1  free  transition at x/c =  0.7159   67
 Side 2  free  transition at x/c =  0.9671   79

   2   rms: 0.3490E-01   max: -.3555E+00   D at   81  2
       a =  0.250      CL =  0.4092
      Cm = -0.0798     CD =  0.00697   =>   CDf =  0.00444    CDp =  0.00252

 MRCHDU: Convergence failed at  81  side 2    Res =  0.1569E+01
 Side 1  free  transition at x/c =  0.7148   67
 Side 2  free  transition at x/c =  0.9971   81

   3   rms: 0.4011E-01   max: 0.5625E+00   C at   81  2
       a =  0.250      CL =  0.4283
      Cm = -0.0840     CD =  0.00685   =>   CDf =  0.00444    CDp =  0.00242

 Side 1  free  transition at x/c =  0.7146   67
 Side 2  free  transition at x/c =  0.9759   80

   4   rms: 0.4606E-02   max: -.7238E-01   D at   80  2
       a =  0.250      CL =  0.4294
      Cm = -0.0843     CD =  0.00696   =>   CDf =  0.00444    CDp =  0.00252

 Side 1  free  transition at x/c =  0.7146   67
 Side 2  free  transition at x/c =  0.9752   80

   5   rms: 0.9230E-04   max: -.1106E-02   D at   80  2
       a =  0.250      CL =  0.4294
      Cm = -0.0843     CD =  0.00696   =>   CDf =  0.00444    CDp =  0.00252
      9.000    4.4668   0.006957   0.002436   0.002674   0.000239    0.7146     #

 Point added to stored polar  1
 Point written to save file  clarky_re430000_clean.polar                     
 Dump file unspecified or not available
 Calculating wake trajectory ...
 Calculating source influence matrix ...

 Solving BL system ...

 Side 1  free  transition at x/c =  0.7146   67
 Side 2  free  transition at x/c =  0.9752   80

   1   rms: 0.6572E-01   max: 0.2422E+00   D at   81  2
       a =  0.500      CL =  0.4783
      Cm = -0.0885     CD =  0.00701   =>   CDf =  0.00444    CDp =  0.00257

 Side 1  free  transition at x/c =  0.7029   66
 Side 2  free  transition at x/c =  0.9971   81

   2   rms: 0.8910E-02   max: 0.8444E-01   D at   80  2
       a =  0.500      CL =  0.4833
      Cm = -0.0897     CD =  0.00702   =>   CDf =  0.00458    CDp =  0.00244

 Side 1  free  transition at x/c =  0.7039   66
 Side 2  free  transition at x/c =  0.9952   81

   3   rms: 0.1421E-03   max: -.1441E-02   D at   68  1
       a =  0.500      CL =  0.4833
      Cm = -0.0897     CD =  0.00703   =>   CDf =  0.00456    CDp =  0.00246

 Side 1  free  transition at x/c =  0.7038   66
 Side 2  free  transition at x/c =  0.9952   81

   4   rms: 0.3763E-06   max: 0.2336E-05   C at   81  2
       a =  0.500      CL =  0.4833
      Cm = -0.0897     CD =  0.00703   =>   CDf =  0.00456    CDp =  0.00246
      9.000    4.3520   0.007026   0.002479   0.002665   0.000186    0.7038     #

 Point added to stored polar  1
 Point written to save file  clarky_re430000_clean.polar                     
 Dump file unspecified or not available
 Calculating wake trajectory ...
 Calculating source influence matrix ...

 Solving BL system ...

 Side 1  free  transition at x/c =  0.7038   66
 Side 2  free  transition at x/c =  0.9952   81

   1   rms: 0.6889E-01   max: 0.2705E+00   C at   81  2
       a =  0.750      CL =  0.5387
      Cm = -0.0957     CD =  0.00701   =>   CDf =  0.00455    CDp =  0.00246

 Side 1  free  transition at x/c =  0.6896   67
 Side 2 forced transition at x/c =  1.0000   80

   2   rms: 0.2802E-01   max: -.2282E+00   D at   80  2
       a =  0.750      CL =  0.5192
      Cm = -0.0915     CD =  0.00704   =>   CDf =  0.00468    CDp =  0.00236

 Side 1  free  transition at x/c =  0.6923   67
 Side 2 forced transition at x/c =  1.0000   80

   3   rms: 0.6986E-03   max: -.4950E-02   D at   68  1
       a =  0.750      CL =  0.5187
      Cm = -0.0914     CD =  0.00707   =>   CDf =  0.00463    CDp =  0.00244

 Side 1  free  transition at x/c =  0.6922   67
 Side 2 forced transition at x/c =  1.0000   80

   4   rms: 0.5101E-05   max: 0.3742E-04   C at   80  2
       a =  0.750      CL =  0.5187
      Cm = -0.0914     CD =  0.00707   =>   CDf =  0.00463    CDp =  0.00244
      9.000    4.2932   0.007067   0.002505   0.002683   0.000178    0.6922     #

 Point added to stored polar  1
 Point written to save file  clarky_re430000_clean.polar                     
 Dump file unspecified or not available
 Calculating wake trajectory ...
 Calculating source influence matrix ...

 Solving BL system ...

 Side 1  free  transition at x/c =  0.6922   67
 Side 2 forced transition at x/c =  1.0000   80

   1   rms: 0.4383E-01   max: -.9596E-01   n at   79  2
       a =  1.000      CL =  0.5437
      Cm = -0.0907     CD =  0.00714   =>   CDf =  0.00463    CDp =  0.00251

 Side 1  free  transition at x/c =  0.6820   66
 Side 2 forced transition at x/c =  1.0000   80

   2   rms: 0.3022E-02   max: -.4579E-01   C at   66  1
       a =  1.000      CL =  0.5438
      Cm = -0.0908     CD =  0.00713   =>   CDf =  0.00473    CDp =  0.00241

 Side 1  free  transition at x/c =  0.6817   66
 Side 2 forced transition at x/c =  1.0000   80

   3   rms: 0.7242E-04   max: 0.1206E-02   C at   66  1
       a =  1.000      CL =  0.5438
      Cm = -0.0908     CD =  0.00713   =>   CDf =  0.00471    CDp =  0.00242
      9.000    4.2420   0.007133   0.002524   0.002682   0.000159    0.6817     #

 Point added to stored polar  1
 Point written to save file  clarky_re430000_clean.polar                     
 Dump file unspecified or not available
 Calculating wake trajectory ...
 Calculating source influence matrix ...

 Solving BL system ...

 Side 1  free  transition at x/c =  0.6817   66
 Side 2 forced transition at x/c =  1.0000   80

   1   rms: 0.4208E-01   max: -.8514E-01   n at   79  2
       a =  1.250      CL =  0.5688
      Cm = -0.0902     CD =  0.00718   =>   CDf =  0.00471    CDp =  0.00247

 Side 1  free  transition at x/c =  0.6684   66
 Side 2 forced transition at x/c =  1.0000   80

   2   rms: 0.5719E-02   max: -.6794E-01   C at   66  1
       a =  1.250      CL =  0.5686
      Cm = -0.0901     CD =  0.00720   =>   CDf =  0.00483    CDp =  0.00237

 Side 1  free  transition at x/c =  0.6704   66
 Side 2 forced transition at x/c =  1.0000   80

   3   rms: 0.2909E-03   max: -.5410E-02   D at   67  1
       a =  1.250      CL =  0.5687
      Cm = -0.0901     CD =  0.00720   =>   CDf =  0.00479    CDp =  0.00242

 Side 1  free  transition at x/c =  0.6703   66
 Side 2 forced transition at x/c =  1.0000   80

   4   rms: 0.1504E-05   max: -.2013E-04   D at   67  1
       a =  1.250      CL =  0.5687
      Cm = -0.0901     CD =  0.00721   =>   CDf =  0.00479    CDp =  0.00241
      9.000    4.1731   0.007205   0.002545   0.002672   0.000127    0.6703     #

 Point added to stored polar  1
 Point written to save file  clarky_re430000_clean.polar                     
 Dump file unspecified or not available
 Calculating wake trajectory ...
 Calculating source influence matrix ...

 Solving BL system ...

 Side 1  free  transition at x/c =  0.6703   66
 Side 2 forced transition at x/c =  1.0000   80

   1   rms: 0.4269E-01   max: -.6724E-01   n at   79  2
       a =  1.500      CL =  0.5935
      Cm = -0.0894     CD =  0.00732   =>   CDf =  0.00479    CDp =  0.00253

 Side 1  free  transition at x/c =  0.6598   65
 Side 2 forced transition at x/c =  1.0000   80

   2   rms: 0.3556E-02   max: -.5082E-01   D at   65  1
       a =  1.500      CL =  0.5936
      Cm = -0.0895     CD =  0.00727   =>   CDf =  0.00485    CDp =  0.00242

 Side 1  free  transition at x/c =  0.6587   65
 Side 2 forced transition at x/c =  1.0000   80

   3   rms: 0.5044E-04   max: -.6455E-03   C at   65  1
       a =  1.500      CL =  0.5936
      Cm = -0.0895     CD =  0.00727   =>   CDf =  0.00485    CDp =  0.00243
      9.000    4.1326   0.007275   0.002565   0.002678   0.000113    0.6587     #

 Point added to stored polar  1
 Point written to save file  clarky_re430000_clean.polar                     
 Dump file unspecified or not available
 Calculating wake trajectory ...
 Calculating source influence matrix ...

 Solving BL system ...

 Side 1  free  transition at x/c =  0.6587   65
 Side 2 forced transition at x/c =  1.0000   80

   1   rms: 0.4120E-01   max: -.6088E-01   C at   80  2
       a =  1.750      CL =  0.6183
      Cm = -0.0888     CD =  0.00735   =>   CDf =  0.00481    CDp =  0.00254

 Side 1  free  transition at x/c =  0.6457   65
 Side 2 forced transition at x/c =  1.0000   79

   2   rms: 0.3712E-02   max: -.5602E-01   C at   65  1
       a =  1.750      CL =  0.6182
      Cm = -0.0888     CD =  0.00738   =>   CDf =  0.00495    CDp =  0.00242

 Side 1  free  transition at x/c =  0.6470   65
 Side 2 forced transition at x/c =  1.0000   79

   3   rms: 0.2408E-03   max: 0.2615E-02   D at    5  1
       a =  1.750      CL =  0.6182
      Cm = -0.0888     CD =  0.00738   =>   CDf =  0.00493    CDp =  0.00244

 Side 1  free  transition at x/c =  0.6469   65
 Side 2 forced transition at x/c =  1.0000   79

   4   rms: 0.2205E-06   max: 0.2129E-05   D at    6  1
       a =  1.750      CL =  0.6182
      Cm = -0.0888     CD =  0.00738   =>   CDf =  0.00493    CDp =  0.00244
      9.000    4.0558   0.007377   0.002593   0.002667   0.000073    0.6469     #

 Point added to stored polar  1
 Point written to save file  clarky_re430000_clean.polar                     
 Dump file unspecified or not available
 Calculating wake trajectory ...
 Calculating source influence matrix ...

 Solving BL system ...

 Side 1  free  transition at x/c =  0.6469   65
 Side 2 forced transition at x/c =  1.0000   79

   1   rms: 0.4046E-01   max: -.6643E-01   C at   79  2
       a =  2.000      CL =  0.6431
      Cm = -0.0881     CD =  0.00742   =>   CDf =  0.00494    CDp =  0.00249

 Side 1  free  transition at x/c =  0.6308   65
 Side 2 forced transition at x/c =  1.0000   79

   2   rms: 0.7261E-02   max: -.9246E-01   C at   65  1
       a =  2.000      CL =  0.6426
      Cm = -0.0880     CD =  0.00745   =>   CDf =  0.00504    CDp =  0.00242

 Side 1  free  transition at x/c =  0.6337   65
 Side 2 forced transition at x/c =  1.0000   79

   3   rms: 0.4771E-03   max: -.8696E-02   D at   66  1
       a =  2.000      CL =  0.6427
      Cm = -0.0880     CD =  0.00746   =>   CDf =  0.00499    CDp =  0.00247

 Side 1  free  transition at x/c =  0.6335   65
 Side 2 forced transition at x/c =  1.0000   79

   4   rms: 0.2141E-05   max: -.4237E-04   D at   66  1
       a =  2.000      CL =  0.6427
      Cm = -0.0880     CD =  0.00746   =>   CDf =  0.00499    CDp =  0.00247
      9.000    3.9898   0.007462   0.000000   0.000000   0.000000    0.6335     #

 Point added to stored polar  1
 Point written to save file  clarky_re430000_clean.polar                     
 Dump file unspecified or not available
 Calculating wake trajectory ...
 Calculating source influence matrix ...

 Solving BL system ...

 Side 1  free  transition at x/c =  0.6335   65
 Side 2 forced transition at x/c =  1.0000   79

   1   rms: 0.4243E-01   max: -.6640E-01   C at   79  2
       a =  2.250      CL =  0.6669
      Cm = -0.0872     CD =  0.00760   =>   CDf =  0.00499    CDp =  0.00261

 Side 1  free  transition at x/c =  0.6201   64
 Side 2 forced transition at x/c =  1.0000   79

   2   rms: 0.3698E-02   max: -.5079E-01   D at   64  1
       a =  2.250      CL =  0.6671
      Cm = -0.0873     CD =  0.00756   =>   CDf =  0.00506    CDp =  0.00250

 Side 1  free  transition at x/c =  0.6195   64
 Side 2 forced transition at x/c =  1.0000   79

   3   rms: 0.3553E-04   max: 0.5325E-03   C at   64  1
       a =  2.250      CL =  0.6672
      Cm = -0.0873     CD =  0.00756   =>   CDf =  0.00505    CDp =  0.00251
      9.000    3.9317   0.007563   0.000000   0.000000   0.000000    0.6195     #

 Point added to stored polar  1
 Point written to save file  clarky_re430000_clean.polar                     
 Dump file unspecified or not available
 Calculating wake trajectory ...
 Calculating source influence matrix ...

 Solving BL system ...

 Side 1  free  transition at x/c =  0.6195   64
 Side 2 forced transition at x/c =  1.0000   79

   1   rms: 0.4191E-01   max: -.7273E-01   C at   79  2
       a =  2.500      CL =  0.6913
      Cm = -0.0864     CD =  0.00768   =>   CDf =  0.00500    CDp =  0.00268

 Side 1  free  transition at x/c =  0.6045   64
 Side 2 forced transition at x/c =  1.0000   78

   2   rms: 0.3632E-02   max: -.5613E-01   C at   64  1
       a =  2.500      CL =  0.6913
      Cm = -0.0864     CD =  0.00769   =>   CDf =  0.00514    CDp =  0.00255

 Side 1  free  transition at x/c =  0.6051   64
 Side 2 forced transition at x/c =  1.0000   78

   3   rms: 0.6402E-03   max: -.7037E-02   D at    4  1
       a =  2.500      CL =  0.6913
      Cm = -0.0864     CD =  0.00769   =>   CDf =  0.00512    CDp =  0.00256

 Side 1  free  transition at x/c =  0.6051   64
 Side 2 forced transition at x/c =  1.0000   78

   4   rms: 0.7313E-06   max: -.9635E-05   D at    9  1
       a =  2.500      CL =  0.6913
      Cm = -0.0864     CD =  0.00769   =>   CDf =  0.00512    CDp =  0.00256
      9.000    3.8716   0.007686   0.000000   0.000000   0.000000    0.6051     #

 Point added to stored polar  1
 Point written to save file  clarky_re430000_clean.polar                     
 Dump file unspecified or not available
 Calculating wake trajectory ...
 Calculating source influence matrix ...

 Solving BL system ...

 Side 1  free  transition at x/c =  0.6051   64
 Side 2 forced transition at x/c =  1.0000   78

   1   rms: 0.4175E-01   max: -.7696E-01   C at   78  2
       a =  2.750      CL =  0.7158
      Cm = -0.0857     CD =  0.00778   =>   CDf =  0.00512    CDp =  0.00266

 Side 1  free  transition at x/c =  0.5883   63
 Side 2 forced transition at x/c =  1.0000   78

   2   rms: 0.4301E-02   max: -.7340E-01   C at   63  1
       a =  2.750      CL =  0.7151
      Cm = -0.0856     CD =  0.00783   =>   CDf =  0.00523    CDp =  0.00260

 Side 1  free  transition at x/c =  0.5901   63
 Side 2 forced transition at x/c =  1.0000   78

   3   rms: 0.1120E-03   max: -.1933E-02   D at   65  1
       a =  2.750      CL =  0.7152
      Cm = -0.0856     CD =  0.00783   =>   CDf =  0.00521    CDp =  0.00262

 Side 1  free  transition at x/c =  0.5901   63
 Side 2 forced transition at x/c =  1.0000   78

   4   rms: 0.3585E-06   max: -.3306E-05   C at   63  1
       a =  2.750      CL =  0.7152
      Cm = -0.0856     CD =  0.00783   =>   CDf =  0.00521    CDp =  0.00262
      9.000    3.8157   0.007828   0.000000   0.000000   0.000000    0.5901     #

 Point added to stored polar  1
 Point written to save file  clarky_re430000_clean.polar                     
 Dump file unspecified or not available
 Calculating wake trajectory ...
 Calculating source influence matrix ...

 Solving BL system ...

 Side 1  free  transition at x/c =  0.5901   63
 Side 2 forced transition at x/c =  1.0000   78

   1   rms: 0.4129E-01   max: -.7946E-01   C at   78  2
       a =  3.000      CL =  0.7400
      Cm = -0.0849     CD =  0.00791   =>   CDf =  0.00521    CDp =  0.00270

 Side 1  free  transition at x/c =  0.5711   62
 Side 2 forced transition at x/c =  1.0000   78

   2   rms: 0.5322E-02   max: -.7990E-01   C at   62  1
       a =  3.000      CL =  0.7387
      Cm = -0.0846     CD =  0.00799   =>   CDf =  0.00532    CDp =  0.00267

 Side 1  free  transition at x/c =  0.5732   63
 Side 2 forced transition at x/c =  1.0000   78

   3   rms: 0.3745E-02   max: -.5337E-01   C at   63  1
       a =  3.000      CL =  0.7389
      Cm = -0.0847     CD =  0.00797   =>   CDf =  0.00531    CDp =  0.00266

 Side 1  free  transition at x/c =  0.5738   63
 Side 2 forced transition at x/c =  1.0000   78

   4   rms: 0.2446E-03   max: 0.3539E-02   C at   63  1
       a =  3.000      CL =  0.7389
      Cm = -0.0847     CD =  0.00798   =>   CDf =  0.00528    CDp =  0.00270

 Side 1  free  transition at x/c =  0.5737   63
 Side 2 forced transition at x/c =  1.0000   78

   5   rms: 0.6812E-06   max: -.1038E-04   D at   64  1
       a =  3.000      CL =  0.7389
      Cm = -0.0847     CD =  0.00798   =>   CDf =  0.00528    CDp =  0.00270
      9.000    3.7632   0.007975   0.000000   0.000000   0.000000    0.5737     #

 Point added to stored polar  1
 Point written to save file  clarky_re430000_clean.polar                     
 Dump file unspecified or not available
 Calculating wake trajectory ...
 Calculating source influence matrix ...

 Solving BL system ...

 Side 1  free  transition at x/c =  0.5737   63
 Side 2 forced transition at x/c =  1.0000   78

   1   rms: 0.4453E-01   max: 0.2694E+00   C at   63  1
       a =  3.250      CL =  0.7618
      Cm = -0.0836     CD =  0.00821   =>   CDf =  0.00528    CDp =  0.00293

 Side 1  free  transition at x/c =  0.5564   62
 Side 2 forced transition at x/c =  1.0000   78

   2   rms: 0.5088E-02   max: -.6400E-01   D at   63  1
       a =  3.250      CL =  0.7626
      Cm = -0.0838     CD =  0.00813   =>   CDf =  0.00535    CDp =  0.00278

 Side 1  free  transition at x/c =  0.5559   62
 Side 2 forced transition at x/c =  1.0000   78

   3   rms: 0.1894E-03   max: 0.2799E-02   C at   62  1
       a =  3.250      CL =  0.7626
      Cm = -0.0838     CD =  0.00814   =>   CDf =  0.00535    CDp =  0.00278

 Side 1  free  transition at x/c =  0.5558   62
 Side 2 forced transition at x/c =  1.0000   78

   4   rms: 0.4170E-06   max: -.6270E-05   D at   63  1
       a =  3.250      CL =  0.7626
      Cm = -0.0838     CD =  0.00814   =>   CDf =  0.00535    CDp =  0.00278
      9.000    3.7078   0.008137   0.000000   0.000000   0.000000    0.5558     #

 Point added to stored polar  1
 Point written to save file  clarky_re430000_clean.polar                     
 Dump file unspecified or not available
 Calculating wake trajectory ...
 Calculating source influence matrix ...

 Solving BL system ...

 Side 1  free  transition at x/c =  0.5558   62
 Side 2 forced transition at x/c =  1.0000   78

   1   rms: 0.4548E-01   max: 0.3205E+00   C at   62  1
       a =  3.500      CL =  0.7850
      Cm = -0.0826     CD =  0.00839   =>   CDf =  0.00528    CDp =  0.00311

 Side 1  free  transition at x/c =  0.5367   62
 Side 2 forced transition at x/c =  1.0000   77

   2   rms: 0.5279E-02   max: -.6177E-01   D at   63  1
       a =  3.500      CL =  0.7858
      Cm = -0.0828     CD =  0.00833   =>   CDf =  0.00544    CDp =  0.00289

 Side 1  free  transition at x/c =  0.5362   62
 Side 2 forced transition at x/c =  1.0000   77

   3   rms: 0.5423E-03   max: -.5218E-02   D at    4  1
       a =  3.500      CL =  0.7858
      Cm = -0.0828     CD =  0.00833   =>   CDf =  0.00544    CDp =  0.00289

 Side 1  free  transition at x/c =  0.5361   62
 Side 2 forced transition at x/c =  1.0000   77

   4   rms: 0.4615E-06   max: -.5471E-05   D at   63  1
       a =  3.500      CL =  0.7858
      Cm = -0.0828     CD =  0.00833   =>   CDf =  0.00544    CDp =  0.00289
      9.000    3.6453   0.008332   0.000000   0.000000   0.000000    0.5361     #

 Point added to stored polar  1
 Point written to save file  clarky_re430000_clean.polar                     
 Dump file unspecified or not available
 Calculating wake trajectory ...
 Calculating source influence matrix ...

 Solving BL system ...

 Side 1  free  transition at x/c =  0.5361   62
 Side 2 forced transition at x/c =  1.0000   77

   1   rms: 0.4659E-01   max: 0.3563E+00   C at   62  1
       a =  3.750      CL =  0.8077
      Cm = -0.0816     CD =  0.00863   =>   CDf =  0.00544    CDp =  0.00319

 Side 1  free  transition at x/c =  0.5158   60
 Side 2 forced transition at x/c =  1.0000   77

   2   rms: 0.5526E-02   max: 0.6602E-01   D at   61  1
       a =  3.750      CL =  0.8089
      Cm = -0.0818     CD =  0.00855   =>   CDf =  0.00554    CDp =  0.00301

 Side 1  free  transition at x/c =  0.5150   60
 Side 2 forced transition at x/c =  1.0000   77

   3   rms: 0.1575E-03   max: 0.2943E-02   C at   60  1
       a =  3.750      CL =  0.8089
      Cm = -0.0818     CD =  0.00855   =>   CDf =  0.00554    CDp =  0.00301

 Side 1  free  transition at x/c =  0.5148   60
 Side 2 forced transition at x/c =  1.0000   77

   4   rms: 0.3248E-06   max: -.2766E-05   C at   60  1
       a =  3.750      CL =  0.8089
      Cm = -0.0818     CD =  0.00855   =>   CDf =  0.00554    CDp =  0.00301
      9.000    3.6417   0.008550   0.000000   0.000000   0.000000    0.5148     #

 Point added to stored polar  1
 Point written to save file  clarky_re430000_clean.polar                     
 Dump file unspecified or not available
 Calculating wake trajectory ...
 Calculating source influence matrix ...

 Solving BL system ...

 Side 1  free  transition at x/c =  0.5148   60
 Side 2 forced transition at x/c =  1.0000   77

   1   rms: 0.4149E-01   max: -.8097E-01   C at   77  2
       a =  4.000      CL =  0.8337
      Cm = -0.0812     CD =  0.00868   =>   CDf =  0.00554    CDp =  0.00314

 Side 1  free  transition at x/c =  0.4877   59
 Side 2 forced transition at x/c =  1.0000   77

   2   rms: 0.7391E-02   max: -.1278E+00   C at   59  1
       a =  4.000      CL =  0.8319
      Cm = -0.0809     CD =  0.00878   =>   CDf =  0.00566    CDp =  0.00311

 Side 1  free  transition at x/c =  0.4913   59
 Side 2 forced transition at x/c =  1.0000   77

   3   rms: 0.3930E-03   max: 0.6464E-02   C at   59  1
       a =  4.000      CL =  0.8319
      Cm = -0.0809     CD =  0.00878   =>   CDf =  0.00563    CDp =  0.00315

 Side 1  free  transition at x/c =  0.4910   59
 Side 2 forced transition at x/c =  1.0000   77

   4   rms: 0.1521E-05   max: -.2633E-04   C at   59  1
       a =  4.000      CL =  0.8319
      Cm = -0.0809     CD =  0.00878   =>   CDf =  0.00563    CDp =  0.00315
      9.000    3.7718   0.008781   0.000000   0.000000   0.000000    0.4910     #

 Point added to stored polar  1
 Point written to save file  clarky_re430000_clean.polar                     
 Dump file unspecified or not available
 Calculating wake trajectory ...
 Calculating source influence matrix ...

 Solving BL system ...

 Side 1  free  transition at x/c =  0.4910   59
 Side 2 forced transition at x/c =  1.0000   77

   1   rms: 0.4534E-01   max: 0.3971E+00   C at   59  1
       a =  4.250      CL =  0.8553
      Cm = -0.0800     CD =  0.00901   =>   CDf =  0.00554    CDp =  0.00346

 Side 1  free  transition at x/c =  0.4594   59
 Side 2 forced transition at x/c =  1.0000   76

   2   rms: 0.8761E-02   max: -.1208E+00   C at   59  1
       a =  4.250      CL =  0.8541
      Cm = -0.0798     CD =  0.00907   =>   CDf =  0.00582    CDp =  0.00325

 Side 1  free  transition at x/c =  0.4637   59
 Side 2 forced transition at x/c =  1.0000   76

   3   rms: 0.1116E-02   max: -.1544E-01   D at   60  1
       a =  4.250      CL =  0.8541
      Cm = -0.0798     CD =  0.00908   =>   CDf =  0.00575    CDp =  0.00332

 Side 1  free  transition at x/c =  0.4632   59
 Side 2 forced transition at x/c =  1.0000   76

   4   rms: 0.7279E-05   max: -.1483E-03   D at   60  1
       a =  4.250      CL =  0.8541
      Cm = -0.0798     CD =  0.00908   =>   CDf =  0.00576    CDp =  0.00332
      9.000    3.9173   0.009078   0.000000   0.000000   0.000000    0.4632     #

 Point added to stored polar  1
 Point written to save file  clarky_re430000_clean.polar                     
 Dump file unspecified or not available
 Calculating wake trajectory ...
 Calculating source influence matrix ...

 Solving BL system ...

 Side 1  free  transition at x/c =  0.4632   59
 Side 2 forced transition at x/c =  1.0000   76

   1   rms: 0.5295E-01   max: 0.5823E+00   C at   59  1
       a =  4.500      CL =  0.8747
      Cm = -0.0784     CD =  0.00948   =>   CDf =  0.00576    CDp =  0.00372

 Side 1  free  transition at x/c =  0.4344   57
 Side 2 forced transition at x/c =  1.0000   76

   2   rms: 0.9186E-02   max: 0.1593E+00   D at   58  1
       a =  4.500      CL =  0.8760
      Cm = -0.0786     CD =  0.00941   =>   CDf =  0.00591    CDp =  0.00350

 Side 1  free  transition at x/c =  0.4355   57
 Side 2 forced transition at x/c =  1.0000   76

   3   rms: 0.9450E-03   max: 0.1844E-01   C at   57  1
       a =  4.500      CL =  0.8761
      Cm = -0.0787     CD =  0.00941   =>   CDf =  0.00590    CDp =  0.00351

 Side 1  free  transition at x/c =  0.4349   57
 Side 2 forced transition at x/c =  1.0000   76

   4   rms: 0.3299E-05   max: -.5945E-04   D at   58  1
       a =  4.500      CL =  0.8761
      Cm = -0.0787     CD =  0.00941   =>   CDf =  0.00590    CDp =  0.00350
      9.000    4.0719   0.009406   0.002222   0.002356   0.000134    0.4349     #

 Point added to stored polar  1
 Point written to save file  clarky_re430000_clean.polar                     
 Dump file unspecified or not available
 Calculating wake trajectory ...
 Calculating source influence matrix ...

 Solving BL system ...

 Side 1  free  transition at x/c =  0.4349   57
 Side 2 forced transition at x/c =  1.0000   76

   1   rms: 0.4804E-01   max: 0.5204E+00   C at   57  1
       a =  4.750      CL =  0.8991
      Cm = -0.0778     CD =  0.00970   =>   CDf =  0.00590    CDp =  0.00379

 Side 1  free  transition at x/c =  0.4058   56
 Side 2 forced transition at x/c =  1.0000   76

   2   rms: 0.7744E-02   max: -.1188E+00   C at   56  1
       a =  4.750      CL =  0.8984
      Cm = -0.0777     CD =  0.00974   =>   CDf =  0.00608    CDp =  0.00365

 Side 1  free  transition at x/c =  0.4096   56
 Side 2 forced transition at x/c =  1.0000   76

   3   rms: 0.2833E-03   max: -.6182E-02   D at   57  1
       a =  4.750      CL =  0.8983
      Cm = -0.0776     CD =  0.00974   =>   CDf =  0.00604    CDp =  0.00371

 Side 1  free  transition at x/c =  0.4095   56
 Side 2 forced transition at x/c =  1.0000   76

   4   rms: 0.1241E-05   max: -.2287E-04   D at   57  1
       a =  4.750      CL =  0.8983
      Cm = -0.0776     CD =  0.00974   =>   CDf =  0.00604    CDp =  0.00371
      9.000    4.2223   0.009742   0.002213   0.002439   0.000226    0.4095     #

 Point added to stored polar  1
 Point written to save file  clarky_re430000_clean.polar                     
 Dump file unspecified or not available
 Calculating wake trajectory ...
 Calculating source influence matrix ...

 Solving BL system ...

 Side 1  free  transition at x/c =  0.4095   56
 Side 2 forced transition at x/c =  1.0000   76

   1   rms: 0.4904E-01   max: 0.5128E+00   C at   56  1
       a =  5.000      CL =  0.9203
      Cm = -0.0766     CD =  0.01011   =>   CDf =  0.00593    CDp =  0.00418

 Side 1  free  transition at x/c =  0.3887   56
 Side 2 forced transition at x/c =  1.0000   75

   2   rms: 0.3827E-02   max: -.7899E-02   D at    3  2
       a =  5.000      CL =  0.9210
      Cm = -0.0767     CD =  0.01007   =>   CDf =  0.00615    CDp =  0.00392

 Side 1  free  transition at x/c =  0.3895   56
 Side 2 forced transition at x/c =  1.0000   75

   3   rms: 0.4993E-03   max: -.6000E-02   D at    4  1
       a =  5.000      CL =  0.9210
      Cm = -0.0767     CD =  0.01008   =>   CDf =  0.00614    CDp =  0.00393

 Side 1  free  transition at x/c =  0.3895   56
 Side 2 forced transition at x/c =  1.0000   75

   4   rms: 0.2524E-06   max: -.9063E-06   C at   75  2
       a =  5.000      CL =  0.9210
      Cm = -0.0767     CD =  0.01008   =>   CDf =  0.00614    CDp =  0.00393
      9.000    4.3583   0.010076   0.002223   0.002482   0.000259    0.3895     #

 Point added to stored polar  1
 Point written to save file  clarky_re430000_clean.polar                     
 Dump file unspecified or not available
 Calculating wake trajectory ...
 Calculating source influence matrix ...

 Solving BL system ...

 Side 1  free  transition at x/c =  0.3895   56
 Side 2 forced transition at x/c =  1.0000   75

   1   rms: 0.4676E-01   max: 0.3972E+00   C at   56  1
       a =  5.250      CL =  0.9431
      Cm = -0.0757     CD =  0.01046   =>   CDf =  0.00614    CDp =  0.00432

 Side 1  free  transition at x/c =  0.3737   55
 Side 2 forced transition at x/c =  1.0000   75

   2   rms: 0.4137E-02   max: -.4875E-01   D at   56  1
       a =  5.250      CL =  0.9443
      Cm = -0.0759     CD =  0.01038   =>   CDf =  0.00622    CDp =  0.00416

 Side 1  free  transition at x/c =  0.3737   55
 Side 2 forced transition at x/c =  1.0000   75

   3   rms: 0.8670E-04   max: 0.1424E-02   C at   55  1
       a =  5.250      CL =  0.9443
      Cm = -0.0759     CD =  0.01038   =>   CDf =  0.00622    CDp =  0.00416
      9.000    4.4773   0.010383   0.002238   0.002508   0.000270    0.3737     #

 Point added to stored polar  1
 Point written to save file  clarky_re430000_clean.polar                     
 Dump file unspecified or not available
 Calculating wake trajectory ...
 Calculating source influence matrix ...

 Solving BL system ...

 Side 1  free  transition at x/c =  0.3736   55
 Side 2 forced transition at x/c =  1.0000   75

   1   rms: 0.4377E-01   max: 0.3075E+00   C at   55  1
       a =  5.500      CL =  0.9675
      Cm = -0.0751     CD =  0.01071   =>   CDf =  0.00622    CDp =  0.00449

 Side 1  free  transition at x/c =  0.3619   54
 Side 2 forced transition at x/c =  1.0000   75

   2   rms: 0.2733E-02   max: -.3325E-01   C at   54  1
       a =  5.500      CL =  0.9678
      Cm = -0.0752     CD =  0.01068   =>   CDf =  0.00629    CDp =  0.00440

 Side 1  free  transition at x/c =  0.3617   54
 Side 2 forced transition at x/c =  1.0000   75

   3   rms: 0.3619E-04   max: 0.6992E-03   C at   54  1
       a =  5.500      CL =  0.9678
      Cm = -0.0752     CD =  0.01068   =>   CDf =  0.00628    CDp =  0.00440
      9.000    4.5893   0.010685   0.002256   0.002545   0.000289    0.3617     #

 Point added to stored polar  1
 Point written to save file  clarky_re430000_clean.polar                     
 Dump file unspecified or not available
 Calculating wake trajectory ...
 Calculating source influence matrix ...

 Solving BL system ...

 Side 1  free  transition at x/c =  0.3617   54
 Side 2 forced transition at x/c =  1.0000   75

   1   rms: 0.4071E-01   max: -.6721E-01   C at   75  2
       a =  5.750      CL =  0.9926
      Cm = -0.0747     CD =  0.01092   =>   CDf =  0.00628    CDp =  0.00463

 Side 1  free  transition at x/c =  0.3503   54
 Side 2 forced transition at x/c =  1.0000   75

   2   rms: 0.3310E-02   max: -.3652E-01   C at   54  1
       a =  5.750      CL =  0.9917
      Cm = -0.0745     CD =  0.01097   =>   CDf =  0.00634    CDp =  0.00462

 Side 1  free  transition at x/c =  0.3515   54
 Side 2 forced transition at x/c =  1.0000   75

   3   rms: 0.6467E-04   max: -.1184E-02   D at   55  1
       a =  5.750      CL =  0.9917
      Cm = -0.0745     CD =  0.01097   =>   CDf =  0.00632    CDp =  0.00465
      9.000    4.6801   0.010969   0.002279   0.002574   0.000295    0.3515     #

 Point added to stored polar  1
 Point written to save file  clarky_re430000_clean.polar                     
 Dump file unspecified or not available
 Calculating wake trajectory ...
 Calculating source influence matrix ...

 Solving BL system ...

 Side 1  free  transition at x/c =  0.3515   54
 Side 2 forced transition at x/c =  1.0000   75

   1   rms: 0.4220E-01   max: 0.1712E+00   C at   54  1
       a =  6.000      CL =  1.0149
      Cm = -0.0737     CD =  0.01132   =>   CDf =  0.00620    CDp =  0.00513

 Side 1  free  transition at x/c =  0.3429   54
 Side 2 forced transition at x/c =  1.0000   74

   2   rms: 0.5428E-02   max: -.5392E-01   C at   54  1
       a =  6.000      CL =  1.0159
      Cm = -0.0739     CD =  0.01123   =>   CDf =  0.00634    CDp =  0.00489

 Side 1  free  transition at x/c =  0.3428   54
 Side 2 forced transition at x/c =  1.0000   74

   3   rms: 0.4575E-03   max: -.4550E-02   D at    4  1
       a =  6.000      CL =  1.0159
      Cm = -0.0739     CD =  0.01124   =>   CDf =  0.00633    CDp =  0.00491

 Side 1  free  transition at x/c =  0.3428   54
 Side 2 forced transition at x/c =  1.0000   74

   4   rms: 0.7180E-06   max: -.3403E-05   C at   74  2
       a =  6.000      CL =  1.0159
      Cm = -0.0739     CD =  0.01124   =>   CDf =  0.00633    CDp =  0.00491
      9.000    4.7541   0.011239   0.002302   0.002626   0.000324    0.3428     #

 Point added to stored polar  1
 Point written to save file  clarky_re430000_clean.polar                     
 Dump file unspecified or not available
 Calculating wake trajectory ...
 Calculating source influence matrix ...

 Solving BL system ...

 Side 1  free  transition at x/c =  0.3428   54
 Side 2 forced transition at x/c =  1.0000   74

   1   rms: 0.4019E-01   max: -.6313E-01   C at   74  2
       a =  6.250      CL =  1.0409
      Cm = -0.0734     CD =  0.01146   =>   CDf =  0.00633    CDp =  0.00513

 Side 1  free  transition at x/c =  0.3331   54
 Side 2 forced transition at x/c =  1.0000   74

   2   rms: 0.3306E-02   max: -.3529E-01   C at   54  1
       a =  6.250      CL =  1.0400
      Cm = -0.0733     CD =  0.01151   =>   CDf =  0.00636    CDp =  0.00515

 Side 1  free  transition at x/c =  0.3341   54
 Side 2 forced transition at x/c =  1.0000   74

   3   rms: 0.5413E-04   max: -.8110E-03   D at   55  1
       a =  6.250      CL =  1.0400
      Cm = -0.0733     CD =  0.01151   =>   CDf =  0.00635    CDp =  0.00517
      9.000    4.7660   0.011512   0.002329   0.002666   0.000338    0.3341     #

 Point added to stored polar  1
 Point written to save file  clarky_re430000_clean.polar                     
 Dump file unspecified or not available
 Calculating wake trajectory ...
 Calculating source influence matrix ...

 Solving BL system ...

 Side 1  free  transition at x/c =  0.3341   54
 Side 2 forced transition at x/c =  1.0000   74

   1   rms: 0.4128E-01   max: -.7091E-01   C at   74  2
       a =  6.500      CL =  1.0633
      Cm = -0.0726     CD =  0.01185   =>   CDf =  0.00635    CDp =  0.00550

 Side 1  free  transition at x/c =  0.3263   53
 Side 2 forced transition at x/c =  1.0000   74

   2   rms: 0.4031E-02   max: -.5216E-01   C at   53  1
       a =  6.500      CL =  1.0638
      Cm = -0.0726     CD =  0.01181   =>   CDf =  0.00638    CDp =  0.00543

 Side 1  free  transition at x/c =  0.3263   53
 Side 2 forced transition at x/c =  1.0000   74

   3   rms: 0.8897E-04   max: 0.1506E-02   C at   53  1
       a =  6.500      CL =  1.0638
      Cm = -0.0726     CD =  0.01181   =>   CDf =  0.00636    CDp =  0.00544
      9.000    4.8138   0.011808   0.002356   0.002694   0.000339    0.3263     #

 Point added to stored polar  1
 Point written to save file  clarky_re430000_clean.polar                     
 Dump file unspecified or not available
 Calculating wake trajectory ...
 Calculating source influence matrix ...

 Solving BL system ...

 Side 1  free  transition at x/c =  0.3263   53
 Side 2 forced transition at x/c =  1.0000   74

   1   rms: 0.3992E-01   max: -.5767E-01   C at   74  2
       a =  6.750      CL =  1.0892
      Cm = -0.0722     CD =  0.01199   =>   CDf =  0.00623    CDp =  0.00577

 Side 1  free  transition at x/c =  0.3171   54
 Side 2 forced transition at x/c =  1.0000   73

   2   rms: 0.4433E-02   max: -.4409E-01   C at   54  1
       a =  6.750      CL =  1.0883
      Cm = -0.0721     CD =  0.01204   =>   CDf =  0.00635    CDp =  0.00569

 Side 1  free  transition at x/c =  0.3182   54
 Side 2 forced transition at x/c =  1.0000   73

   3   rms: 0.3979E-03   max: -.4085E-02   D at    4  1
       a =  6.750      CL =  1.0883
      Cm = -0.0721     CD =  0.01205   =>   CDf =  0.00634    CDp =  0.00571

 Side 1  free  transition at x/c =  0.3182   54
 Side 2 forced transition at x/c =  1.0000   73

   4   rms: 0.6248E-06   max: 0.3101E-05   C at   73  2
       a =  6.750      CL =  1.0883
      Cm = -0.0721     CD =  0.01205   =>   CDf =  0.00634    CDp =  0.00571
      9.000    4.8187   0.012046   0.002387   0.002748   0.000361    0.3182     #

 Point added to stored polar  1
 Point written to save file  clarky_re430000_clean.polar                     
 Dump file unspecified or not available
 Calculating wake trajectory ...
 Calculating source influence matrix ...

 Solving BL system ...

 Side 1  free  transition at x/c =  0.3182   54
 Side 2 forced transition at x/c =  1.0000   73

   1   rms: 0.4088E-01   max: -.6640E-01   C at   73  2
       a =  7.000      CL =  1.1120
      Cm = -0.0714     CD =  0.01235   =>   CDf =  0.00634    CDp =  0.00601

 Side 1  free  transition at x/c =  0.3085   53
 Side 2 forced transition at x/c =  1.0000   73

   2   rms: 0.3580E-02   max: -.5288E-01   C at   53  1
       a =  7.000      CL =  1.1112
      Cm = -0.0713     CD =  0.01239   =>   CDf =  0.00639    CDp =  0.00600

 Side 1  free  transition at x/c =  0.3093   53
 Side 2 forced transition at x/c =  1.0000   73

   3   rms: 0.7142E-04   max: -.1037E-02   D at   54  1
       a =  7.000      CL =  1.1112
      Cm = -0.0713     CD =  0.01239   =>   CDf =  0.00638    CDp =  0.00601
      9.000    4.7314   0.012391   0.002421   0.002754   0.000332    0.3093     #

 Point added to stored polar  1
 Point written to save file  clarky_re430000_clean.polar                     
 Dump file unspecified or not available
 Calculating wake trajectory ...
 Calculating source influence matrix ...

 Solving BL system ...

 Side 1  free  transition at x/c =  0.3093   53
 Side 2 forced transition at x/c =  1.0000   73

   1   rms: 0.4136E-01   max: -.1603E+00   C at   53  1
       a =  7.250      CL =  1.1373
      Cm = -0.0710     CD =  0.01250   =>   CDf =  0.00638    CDp =  0.00612

 Side 1  free  transition at x/c =  0.2974   53
 Side 2 forced transition at x/c =  1.0000   73

   2   rms: 0.6452E-02   max: -.6588E-01   C at   53  1
       a =  7.250      CL =  1.1357
      Cm = -0.0708     CD =  0.01260   =>   CDf =  0.00637    CDp =  0.00623

 Side 1  free  transition at x/c =  0.2994   53
 Side 2 forced transition at x/c =  1.0000   73

   3   rms: 0.3068E-03   max: -.4306E-02   D at   54  1
       a =  7.250      CL =  1.1357
      Cm = -0.0708     CD =  0.01260   =>   CDf =  0.00634    CDp =  0.00626

 Side 1  free  transition at x/c =  0.2994   53
 Side 2 forced transition at x/c =  1.0000   73

   4   rms: 0.2539E-05   max: 0.1270E-04   C at   73  2
       a =  7.250      CL =  1.1357
      Cm = -0.0708     CD =  0.01260   =>   CDf =  0.00634    CDp =  0.00626
      9.000    4.5426   0.012604   0.002462   0.002764   0.000302    0.2994     #

 Point added to stored polar  1
 Point written to save file  clarky_re430000_clean.polar                     
 Dump file unspecified or not available
 Calculating wake trajectory ...
 Calculating source influence matrix ...

 Solving BL system ...

 Side 1  free  transition at x/c =  0.2994   53
 Side 2 forced transition at x/c =  1.0000   73

   1   rms: 0.4253E-01   max: -.2125E+00   D at   53  1
       a =  7.500      CL =  1.1586
      Cm = -0.0700     CD =  0.01293   =>   CDf =  0.00619    CDp =  0.00674

 Side 1  free  transition at x/c =  0.2882   53
 Side 2 forced transition at x/c =  1.0000   72

   2   rms: 0.5914E-02   max: -.7278E-01   C at   53  1
       a =  7.500      CL =  1.1586
      Cm = -0.0700     CD =  0.01291   =>   CDf =  0.00637    CDp =  0.00654

 Side 1  free  transition at x/c =  0.2887   53
 Side 2 forced transition at x/c =  1.0000   72

   3   rms: 0.4195E-03   max: -.4282E-02   D at    4  1
       a =  7.500      CL =  1.1587
      Cm = -0.0701     CD =  0.01291   =>   CDf =  0.00635    CDp =  0.00656

 Side 1  free  transition at x/c =  0.2886   53
 Side 2 forced transition at x/c =  1.0000   72

   4   rms: 0.1105E-05   max: -.5879E-05   C at   72  2
       a =  7.500      CL =  1.1587
      Cm = -0.0701     CD =  0.01291   =>   CDf =  0.00635    CDp =  0.00656
      9.000    4.3738   0.012912   0.002510   0.002731   0.000222    0.2886     #

 Point added to stored polar  1
 Point written to save file  clarky_re430000_clean.polar                     
 Dump file unspecified or not available
 Calculating wake trajectory ...
 Calculating source influence matrix ...

 Solving BL system ...

 Side 1  free  transition at x/c =  0.2886   53
 Side 2 forced transition at x/c =  1.0000   72

   1   rms: 0.4149E-01   max: -.5528E-01   C at   72  2
       a =  7.750      CL =  1.1838
      Cm = -0.0696     CD =  0.01307   =>   CDf =  0.00635    CDp =  0.00672

 Side 1  free  transition at x/c =  0.2754   53
 Side 2 forced transition at x/c =  1.0000   72

   2   rms: 0.4676E-02   max: 0.5103E-01   D at   54  1
       a =  7.750      CL =  1.1819
      Cm = -0.0693     CD =  0.01319   =>   CDf =  0.00639    CDp =  0.00680

 Side 1  free  transition at x/c =  0.2772   53
 Side 2 forced transition at x/c =  1.0000   72

   3   rms: 0.2175E-03   max: -.3835E-02   D at   54  1
       a =  7.750      CL =  1.1818
      Cm = -0.0693     CD =  0.01320   =>   CDf =  0.00636    CDp =  0.00684

 Side 1  free  transition at x/c =  0.2771   53
 Side 2 forced transition at x/c =  1.0000   72

   4   rms: 0.1422E-05   max: -.8295E-05   C at   72  2
       a =  7.750      CL =  1.1818
      Cm = -0.0693     CD =  0.01320   =>   CDf =  0.00636    CDp =  0.00684
      9.000    4.1021   0.013196   0.002570   0.002690   0.000120    0.2771     #

 Point added to stored polar  1
 Point written to save file  clarky_re430000_clean.polar                     
 Dump file unspecified or not available
 Calculating wake trajectory ...
 Calculating source influence matrix ...

 Solving BL system ...

 Side 1  free  transition at x/c =  0.2771   53
 Side 2 forced transition at x/c =  1.0000   72

   1   rms: 0.4294E-01   max: -.2507E+00   D at   53  1
       a =  8.000      CL =  1.2032
      Cm = -0.0684     CD =  0.01362   =>   CDf =  0.00636    CDp =  0.00726

 Side 1  free  transition at x/c =  0.2659   52
 Side 2 forced transition at x/c =  1.0000   72

   2   rms: 0.7168E-02   max: -.7960E-01   D at   53  1
       a =  8.000      CL =  1.2054
      Cm = -0.0687     CD =  0.01345   =>   CDf =  0.00634    CDp =  0.00711

 Side 1  free  transition at x/c =  0.2655   52
 Side 2 forced transition at x/c =  1.0000   72

   3   rms: 0.1862E-03   max: 0.2844E-02   C at   52  1
       a =  8.000      CL =  1.2053
      Cm = -0.0687     CD =  0.01346   =>   CDf =  0.00634    CDp =  0.00712

 Side 1  free  transition at x/c =  0.2655   52
 Side 2 forced transition at x/c =  1.0000   72

   4   rms: 0.8885E-06   max: -.5481E-05   C at   72  2
       a =  8.000      CL =  1.2053
      Cm = -0.0687     CD =  0.01346   =>   CDf =  0.00634    CDp =  0.00712
      9.000    3.9218   0.013459   0.000000   0.000000   0.000000    0.2655     #

 Point added to stored polar  1
 Point written to save file  clarky_re430000_clean.polar                     
 Dump file unspecified or not available
 Calculating wake trajectory ...
 Calculating source influence matrix ...

 Solving BL system ...

 Side 1  free  transition at x/c =  0.2655   52
 Side 2 forced transition at x/c =  1.0000   72

   1   rms: 0.4201E-01   max: -.1952E+00   D at   52  1
       a =  8.250      CL =  1.2285
      Cm = -0.0680     CD =  0.01375   =>   CDf =  0.00617    CDp =  0.00758

 Side 1  free  transition at x/c =  0.2495   52
 Side 2 forced transition at x/c =  1.0000   71

   2   rms: 0.5392E-02   max: -.8369E-01   C at   52  1
       a =  8.250      CL =  1.2275
      Cm = -0.0678     CD =  0.01379   =>   CDf =  0.00637    CDp =  0.00742

 Side 1  free  transition at x/c =  0.2512   52
 Side 2 forced transition at x/c =  1.0000   71

   3   rms: 0.5629E-03   max: -.6071E-02   D at    4  1
       a =  8.250      CL =  1.2276
      Cm = -0.0679     CD =  0.01379   =>   CDf =  0.00635    CDp =  0.00744

 Side 1  free  transition at x/c =  0.2511   52
 Side 2 forced transition at x/c =  1.0000   71

   4   rms: 0.4450E-06   max: -.2538E-05   C at   52  1
       a =  8.250      CL =  1.2276
      Cm = -0.0679     CD =  0.01379   =>   CDf =  0.00635    CDp =  0.00744
      9.000    3.6384   0.013790   0.000000   0.000000   0.000000    0.2511     #

 Point added to stored polar  1
 Point written to save file  clarky_re430000_clean.polar                     
 Dump file unspecified or not available
 Calculating wake trajectory ...
 Calculating source influence matrix ...

 Solving BL system ...

 Side 1  free  transition at x/c =  0.2511   52
 Side 2 forced transition at x/c =  1.0000   71

   1   rms: 0.4269E-01   max: -.1969E+00   D at   52  1
       a =  8.500      CL =  1.2510
      Cm = -0.0672     CD =  0.01406   =>   CDf =  0.00636    CDp =  0.00771

 Side 1  free  transition at x/c =  0.2288   51
 Side 2 forced transition at x/c =  1.0000   71

   2   rms: 0.5984E-02   max: -.1072E+00   C at   51  1
       a =  8.500      CL =  1.2489
      Cm = -0.0669     CD =  0.01417   =>   CDf =  0.00643    CDp =  0.00774

 Side 1  free  transition at x/c =  0.2317   51
 Side 2 forced transition at x/c =  1.0000   71

   3   rms: 0.1163E-03   max: -.2042E-02   D at   52  1
       a =  8.500      CL =  1.2489
      Cm = -0.0669     CD =  0.01417   =>   CDf =  0.00640    CDp =  0.00777

 Side 1  free  transition at x/c =  0.2317   51
 Side 2 forced transition at x/c =  1.0000   71

   4   rms: 0.6985E-06   max: 0.3466E-05   C at   51  1
       a =  8.500      CL =  1.2489
      Cm = -0.0669     CD =  0.01417   =>   CDf =  0.00640    CDp =  0.00777
      9.000    3.3552   0.014170   0.000000   0.000000   0.000000    0.2317     #

 Point added to stored polar  1
 Point written to save file  clarky_re430000_clean.polar                     
 Dump file unspecified or not available
 Calculating wake trajectory ...
 Calculating source influence matrix ...

 Solving BL system ...

 Side 1  free  transition at x/c =  0.2317   51
 Side 2 forced transition at x/c =  1.0000   71

   1   rms: 0.4620E-01   max: 0.4182E+00   C at   51  1
       a =  8.750      CL =  1.2702
      Cm = -0.0660     CD =  0.01458   =>   CDf =  0.00640    CDp =  0.00817

 Side 1  free  transition at x/c =  0.2040   49
 Side 2 forced transition at x/c =  1.0000   71

   2   rms: 0.7542E-02   max: -.1398E+00   C at   49  1
       a =  8.750      CL =  1.2677
      Cm = -0.0656     CD =  0.01471   =>   CDf =  0.00655    CDp =  0.00816

 Side 1  free  transition at x/c =  0.2069   50
 Side 2 forced transition at x/c =  1.0000   71

   3   rms: 0.2970E-03   max: -.4162E-02   D at   49  1
       a =  8.750      CL =  1.2679
      Cm = -0.0656     CD =  0.01470   =>   CDf =  0.00652    CDp =  0.00817

 Side 1  free  transition at x/c =  0.2067   50
 Side 2 forced transition at x/c =  1.0000   71

   4   rms: 0.2242E-05   max: -.2627E-04   C at   50  1
       a =  8.750      CL =  1.2679
      Cm = -0.0656     CD =  0.01470   =>   CDf =  0.00652    CDp =  0.00817
      9.000    3.4556   0.014699   0.000000   0.000000   0.000000    0.2067     #

 Point added to stored polar  1
 Point written to save file  clarky_re430000_clean.polar                     
 Dump file unspecified or not available
 Calculating wake trajectory ...
 Calculating source influence matrix ...

 Solving BL system ...

 Side 1  free  transition at x/c =  0.2067   50
 Side 2 forced transition at x/c =  1.0000   71

   1   rms: 0.5697E-01   max: 0.6422E+00   C at   50  1
       a =  9.000      CL =  1.2836
      Cm = -0.0639     CD =  0.01547   =>   CDf =  0.00634    CDp =  0.00913

 Side 1  free  transition at x/c =  0.1763   49
 Side 2 forced transition at x/c =  1.0000   70

   2   rms: 0.1238E-01   max: 0.1652E+00   D at   50  1
       a =  9.000      CL =  1.2844
      Cm = -0.0640     CD =  0.01538   =>   CDf =  0.00669    CDp =  0.00869

 Side 1  free  transition at x/c =  0.1775   49
 Side 2 forced transition at x/c =  1.0000   70

   3   rms: 0.1261E-02   max: 0.1750E-01   C at   49  1
       a =  9.000      CL =  1.2843
      Cm = -0.0640     CD =  0.01539   =>   CDf =  0.00667    CDp =  0.00872

 Side 1  free  transition at x/c =  0.1771   49
 Side 2 forced transition at x/c =  1.0000   70

   4   rms: 0.1090E-04   max: -.1366E-03   D at   50  1
       a =  9.000      CL =  1.2843
      Cm = -0.0640     CD =  0.01539   =>   CDf =  0.00668    CDp =  0.00872
      9.000    3.5782   0.015393   0.000000   0.000000   0.000000    0.1771     #

 Point added to stored polar  1
 Point written to save file  clarky_re430000_clean.polar                     
 Dump file unspecified or not available
 Calculating wake trajectory ...
 Calculating source influence matrix ...

 Solving BL system ...

 Side 1  free  transition at x/c =  0.1771   49
 Side 2 forced transition at x/c =  1.0000   70

   1   rms: 0.6345E-01   max: 0.8980E+00   C at   49  1
       a =  9.250      CL =  1.2975
      Cm = -0.0619     CD =  0.01636   =>   CDf =  0.00668    CDp =  0.00968

 Side 1  free  transition at x/c =  0.1510   47
 Side 2 forced transition at x/c =  1.0000   70

   2   rms: 0.1145E-01   max: 0.1505E+00   D at   48  1
       a =  9.250      CL =  1.2989
      Cm = -0.0621     CD =  0.01618   =>   CDf =  0.00684    CDp =  0.00935

 Side 1  free  transition at x/c =  0.1516   47
 Side 2 forced transition at x/c =  1.0000   70

   3   rms: 0.8774E-03   max: 0.1568E-01   C at   47  1
       a =  9.250      CL =  1.2988
      Cm = -0.0621     CD =  0.01619   =>   CDf =  0.00682    CDp =  0.00936

 Side 1  free  transition at x/c =  0.1513   47
 Side 2 forced transition at x/c =  1.0000   70

   4   rms: 0.8649E-05   max: 0.6034E-04   D at   47  1
       a =  9.250      CL =  1.2988
      Cm = -0.0621     CD =  0.01619   =>   CDf =  0.00683    CDp =  0.00936
      9.000    3.7116   0.016189   0.000000   0.000000   0.000000    0.1513     #

 Point added to stored polar  1
 Point written to save file  clarky_re430000_clean.polar                     
 Dump file unspecified or not available
 Calculating wake trajectory ...
 Calculating source influence matrix ...

 Solving BL system ...

 Side 1  free  transition at x/c =  0.1513   47
 Side 2 forced transition at x/c =  1.0000   70

   1   rms: 0.6016E-01   max: 0.8754E+00   C at   47  1
       a =  9.500      CL =  1.3106
      Cm = -0.0598     CD =  0.01714   =>   CDf =  0.00683    CDp =  0.01031

 Side 1  free  transition at x/c =  0.1320   45
 Side 2 forced transition at x/c =  1.0000   70

   2   rms: 0.9148E-02   max: 0.1353E+00   D at   46  1
       a =  9.500      CL =  1.3120
      Cm = -0.0600     CD =  0.01698   =>   CDf =  0.00694    CDp =  0.01003

 Side 1  free  transition at x/c =  0.1322   45
 Side 2 forced transition at x/c =  1.0000   70

   3   rms: 0.8028E-03   max: 0.1699E-01   C at   45  1
       a =  9.500      CL =  1.3121
      Cm = -0.0600     CD =  0.01697   =>   CDf =  0.00693    CDp =  0.01004

 Side 1  free  transition at x/c =  0.1320   45
 Side 2 forced transition at x/c =  1.0000   70

   4   rms: 0.5763E-05   max: -.4111E-04   C at   70  2
       a =  9.500      CL =  1.3121
      Cm = -0.0600     CD =  0.01697   =>   CDf =  0.00693    CDp =  0.01004
      9.000    3.8422   0.016969   0.000000   0.000000   0.000000    0.1320     #

 Point added to stored polar  1
 Point written to save file  clarky_re430000_clean.polar                     
 Dump file unspecified or not available
 Calculating wake trajectory ...
 Calculating source influence matrix ...

 Solving BL system ...

 Side 1  free  transition at x/c =  0.1320   45
 Side 2 forced transition at x/c =  1.0000   70

   1   rms: 0.4855E-01   max: 0.6582E+00   C at   45  1
       a =  9.750      CL =  1.3276
      Cm = -0.0582     CD =  0.01767   =>   CDf =  0.00693    CDp =  0.01074

 Side 1  free  transition at x/c =  0.1163   44
 Side 2 forced transition at x/c =  1.0000   70

   2   rms: 0.5474E-02   max: -.9707E-01   C at   44  1
       a =  9.750      CL =  1.3262
      Cm = -0.0580     CD =  0.01769   =>   CDf =  0.00701    CDp =  0.01068

 Side 1  free  transition at x/c =  0.1178   44
 Side 2 forced transition at x/c =  1.0000   70

   3   rms: 0.1320E-03   max: -.2559E-02   D at   45  1
       a =  9.750      CL =  1.3262
      Cm = -0.0580     CD =  0.01770   =>   CDf =  0.00699    CDp =  0.01071

 Side 1  free  transition at x/c =  0.1178   44
 Side 2 forced transition at x/c =  1.0000   70

   4   rms: 0.2416E-06   max: -.2789E-05   D at   45  1
       a =  9.750      CL =  1.3262
      Cm = -0.0580     CD =  0.01770   =>   CDf =  0.00699    CDp =  0.01070
      9.000    3.9576   0.017699   0.000000   0.000000   0.000000    0.1178     #

 Point added to stored polar  1
 Point written to save file  clarky_re430000_clean.polar                     
 Dump file unspecified or not available
 Calculating wake trajectory ...
 Calculating source influence matrix ...

 Solving BL system ...

 Side 1  free  transition at x/c =  0.1178   44
 Side 2 forced transition at x/c =  1.0000   70

   1   rms: 0.4630E-01   max: 0.5342E+00   C at   44  1
       a = 10.000      CL =  1.3407
      Cm = -0.0561     CD =  0.01846   =>   CDf =  0.00674    CDp =  0.01172

 Side 1  free  transition at x/c =  0.1068   44
 Side 2 forced transition at x/c =  1.0000   69

   2   rms: 0.4526E-02   max: -.4404E-01   C at   44  1
       a = 10.000      CL =  1.3406
      Cm = -0.0561     CD =  0.01841   =>   CDf =  0.00702    CDp =  0.01138

 Side 1  free  transition at x/c =  0.1071   44
 Side 2 forced transition at x/c =  1.0000   69

   3   rms: 0.7159E-03   max: -.7613E-02   D at    4  1
       a = 10.000      CL =  1.3406
      Cm = -0.0561     CD =  0.01841   =>   CDf =  0.00702    CDp =  0.01139

 Side 1  free  transition at x/c =  0.1071   44
 Side 2 forced transition at x/c =  1.0000   69

   4   rms: 0.9257E-06   max: -.5566E-05   C at   44  1
       a = 10.000      CL =  1.3406
      Cm = -0.0561     CD =  0.01841   =>   CDf =  0.00702    CDp =  0.01139
      9.000    4.0311   0.018411   0.001998   0.002085   0.000087    0.1071     #

 Point added to stored polar  1
 Point written to save file  clarky_re430000_clean.polar                     
 Dump file unspecified or not available
 Calculating wake trajectory ...
 Calculating source influence matrix ...

 Solving BL system ...

 Side 1  free  transition at x/c =  0.1071   44
 Side 2 forced transition at x/c =  1.0000   69

   1   rms: 0.4396E-01   max: 0.4284E+00   C at   44  1
       a = 10.250      CL =  1.3549
      Cm = -0.0543     CD =  0.01918   =>   CDf =  0.00702    CDp =  0.01216

 Side 1  free  transition at x/c =  0.0967   43
 Side 2 forced transition at x/c =  1.0000   69

   2   rms: 0.5714E-02   max: -.8266E-01   C at   43  1
       a = 10.250      CL =  1.3546
      Cm = -0.0543     CD =  0.01915   =>   CDf =  0.00706    CDp =  0.01209

 Side 1  free  transition at x/c =  0.0974   43
 Side 2 forced transition at x/c =  1.0000   69

   3   rms: 0.2456E-03   max: 0.4285E-02   C at   43  1
       a = 10.250      CL =  1.3546
      Cm = -0.0543     CD =  0.01915   =>   CDf =  0.00705    CDp =  0.01210

 Side 1  free  transition at x/c =  0.0974   43
 Side 2 forced transition at x/c =  1.0000   69

   4   rms: 0.2550E-05   max: -.1561E-04   C at   43  1
       a = 10.250      CL =  1.3546
      Cm = -0.0543     CD =  0.01915   =>   CDf =  0.00705    CDp =  0.01210
      9.000    4.2915   0.019153   0.002024   0.002105   0.000081    0.0974     #

 Point added to stored polar  1
 Point written to save file  clarky_re430000_clean.polar                     
 Dump file unspecified or not available
 Calculating wake trajectory ...
 Calculating source influence matrix ...

 Solving BL system ...

 Side 1  free  transition at x/c =  0.0974   43
 Side 2 forced transition at x/c =  1.0000   69

   1   rms: 0.4416E-01   max: 0.3883E+00   C at   43  1
       a = 10.500      CL =  1.3683
      Cm = -0.0524     CD =  0.01997   =>   CDf =  0.00705    CDp =  0.01292

 Side 1  free  transition at x/c =  0.0886   42
 Side 2 forced transition at x/c =  1.0000   69

   2   rms: 0.5308E-02   max: -.6564E-01   D at   42  1
       a = 10.500      CL =  1.3685
      Cm = -0.0525     CD =  0.01990   =>   CDf =  0.00706    CDp =  0.01284

 Side 1  free  transition at x/c =  0.0885   42
 Side 2 forced transition at x/c =  1.0000   69

   3   rms: 0.2462E-03   max: 0.3836E-02   C at   42  1
       a = 10.500      CL =  1.3684
      Cm = -0.0525     CD =  0.01991   =>   CDf =  0.00707    CDp =  0.01285

 Side 1  free  transition at x/c =  0.0885   42
 Side 2 forced transition at x/c =  1.0000   69

   4   rms: 0.2527E-05   max: -.1333E-04   C at   42  1
       a = 10.500      CL =  1.3684
      Cm = -0.0525     CD =  0.01991   =>   CDf =  0.00707    CDp =  0.01285
      9.000    4.6385   0.019912   0.017618   0.001260  -0.016358    0.0885     #

 Point added to stored polar  1
 Point written to save file  clarky_re430000_clean.polar                     
 Dump file unspecified or not available
 Calculating wake trajectory ...
 Calculating source influence matrix ...

 Solving BL system ...

 Side 1  free  transition at x/c =  0.0885   42
 Side 2 forced transition at x/c =  1.0000   69

   1   rms: 0.4580E-01   max: 0.3831E+00   C at   42  1
       a = 10.750      CL =  1.3814
      Cm = -0.0506     CD =  0.02079   =>   CDf =  0.00676    CDp =  0.01403

 Side 1  free  transition at x/c =  0.0783   42
 Side 2 forced transition at x/c =  1.0000   68

   2   rms: 0.7223E-02   max: -.7773E-01   D at   42  1
       a = 10.750      CL =  1.3811
      Cm = -0.0506     CD =  0.02076   =>   CDf =  0.00710    CDp =  0.01366

 Side 1  free  transition at x/c =  0.0783   42
 Side 2 forced transition at x/c =  1.0000   68

   3   rms: 0.9866E-03   max: -.9875E-02   D at    4  1
       a = 10.750      CL =  1.3809
      Cm = -0.0506     CD =  0.02078   =>   CDf =  0.00710    CDp =  0.01368

 Side 1  free  transition at x/c =  0.0782   42
 Side 2 forced transition at x/c =  1.0000   68

   4   rms: 0.7455E-05   max: 0.4002E-04   D at   42  1
       a = 10.750      CL =  1.3809
      Cm = -0.0506     CD =  0.02078   =>   CDf =  0.00710    CDp =  0.01367
      9.000    5.1045   0.020776   0.017891   0.001325  -0.016566    0.0782     #

 Point added to stored polar  1
 Point written to save file  clarky_re430000_clean.polar                     
 Dump file unspecified or not available
 Calculating wake trajectory ...
 Calculating source influence matrix ...

 Solving BL system ...

 Side 1  free  transition at x/c =  0.0782   42
 Side 2 forced transition at x/c =  1.0000   68

   1   rms: 0.5239E-01   max: 0.4144E+00   C at   42  1
       a = 11.000      CL =  1.3903
      Cm = -0.0484     CD =  0.02193   =>   CDf =  0.00710    CDp =  0.01482

 Side 1  free  transition at x/c =  0.0663   40
 Side 2 forced transition at x/c =  1.0000   68

   2   rms: 0.1527E-01   max: -.1928E+00   D at   42  1
       a = 11.000      CL =  1.3926
      Cm = -0.0487     CD =  0.02171   =>   CDf =  0.00714    CDp =  0.01457

 Side 1  free  transition at x/c =  0.0641   40
 Side 2 forced transition at x/c =  1.0000   68

   3   rms: 0.9684E-03   max: -.1228E-01   D at   42  1
       a = 11.000      CL =  1.3922
      Cm = -0.0486     CD =  0.02173   =>   CDf =  0.00717    CDp =  0.01456

 Side 1  free  transition at x/c =  0.0641   40
 Side 2 forced transition at x/c =  1.0000   68

   4   rms: 0.4100E-05   max: -.5813E-04   D at   42  1
       a = 11.000      CL =  1.3922
      Cm = -0.0486     CD =  0.02173   =>   CDf =  0.00717    CDp =  0.01456
      9.000    5.7757   0.021731   0.018171   0.001395  -0.016777    0.0641     #

 Point added to stored polar  1
 Point written to save file  clarky_re430000_clean.polar                     
 Dump file unspecified or not available
 Calculating wake trajectory ...
 Calculating source influence matrix ...

 Solving BL system ...

 Side 1  free  transition at x/c =  0.0641   40
 Side 2 forced transition at x/c =  1.0000   68

   1   rms: 0.7249E-01   max: 0.8929E+00   C at   40  1   RLX: 0.867
       a = 11.250      CL =  1.3969
      Cm = -0.0464     CD =  0.02302   =>   CDf =  0.00717    CDp =  0.01585

 Side 1  free  transition at x/c =  0.0463   36
 Side 2 forced transition at x/c =  1.0000   68

   2   rms: 0.2583E-01   max: 0.3421E+00   C at   36  1
       a = 11.250      CL =  1.3992
      Cm = -0.0463     CD =  0.02302   =>   CDf =  0.00728    CDp =  0.01574

 Side 1  free  transition at x/c =  0.0358   34
 Side 2 forced transition at x/c =  1.0000   68

   3   rms: 0.1656E-01   max: -.3498E+00   C at   34  1
       a = 11.250      CL =  1.3972
      Cm = -0.0461     CD =  0.02314   =>   CDf =  0.00738    CDp =  0.01575

 Side 1  free  transition at x/c =  0.0389   35
 Side 2 forced transition at x/c =  1.0000   68

   4   rms: 0.1535E-02   max: -.3257E-01   C at   35  1
       a = 11.250      CL =  1.3972
      Cm = -0.0461     CD =  0.02315   =>   CDf =  0.00735    CDp =  0.01580

 Side 1  free  transition at x/c =  0.0392   35
 Side 2 forced transition at x/c =  1.0000   68

   5   rms: 0.3015E-04   max: -.6375E-03   C at   35  1
       a = 11.250      CL =  1.3972
      Cm = -0.0461     CD =  0.02315   =>   CDf =  0.00734    CDp =  0.01580
      9.000    6.5765   0.023146   0.018590   0.001461  -0.017129    0.0392     #

 Point added to stored polar  1
 Point written to save file  clarky_re430000_clean.polar                     
 Dump file unspecified or not available
 Calculating wake trajectory ...
 Calculating source influence matrix ...

 Solving BL system ...

 Side 1  free  transition at x/c =  0.0392   35
 Side 2 forced transition at x/c =  1.0000   68

   1   rms: 0.1380E+00   max: 0.2805E+01   C at   35  1   RLX: 0.535
       a = 11.500      CL =  1.3955
      Cm = -0.0443     CD =  0.02429   =>   CDf =  0.00734    CDp =  0.01695

 Side 1  free  transition at x/c =  0.0265   31
 Side 2 forced transition at x/c =  1.0000   68

   2   rms: 0.3722E-01   max: 0.6559E+00   C at   31  1
       a = 11.500      CL =  1.3964
      Cm = -0.0431     CD =  0.02507   =>   CDf =  0.00747    CDp =  0.01759

 Side 1  free  transition at x/c =  0.0240   30
 Side 2 forced transition at x/c =  1.0000   68

   3   rms: 0.2596E-02   max: -.5078E-01   C at   30  1
       a = 11.500      CL =  1.3965
      Cm = -0.0431     CD =  0.02501   =>   CDf =  0.00747    CDp =  0.01754

 Side 1  free  transition at x/c =  0.0242   30
 Side 2 forced transition at x/c =  1.0000   68

   4   rms: 0.6286E-04   max: 0.1316E-02   C at   30  1
       a = 11.500      CL =  1.3965
      Cm = -0.0431     CD =  0.02501   =>   CDf =  0.00747    CDp =  0.01754
      9.000    7.1277   0.025010   0.019061   0.001499  -0.017563    0.0242     #

 Point added to stored polar  1
 Point written to save file  clarky_re430000_clean.polar                     
 Dump file unspecified or not available
 Calculating wake trajectory ...
 Calculating source influence matrix ...

 Solving BL system ...

 Side 1  free  transition at x/c =  0.0242   30
 Side 2 forced transition at x/c =  1.0000   68

   1   rms: 0.6620E-01   max: 0.1148E+01   C at   30  1
       a = 11.750      CL =  1.4018
      Cm = -0.0409     CD =  0.02663   =>   CDf =  0.00708    CDp =  0.01955

 Side 1  free  transition at x/c =  0.0212   30
 Side 2 forced transition at x/c =  1.0000   67

   2   rms: 0.7370E-02   max: -.1000E+00   C at   30  1
       a = 11.750      CL =  1.4018
      Cm = -0.0410     CD =  0.02651   =>   CDf =  0.00743    CDp =  0.01908

 Side 1  free  transition at x/c =  0.0214   30
 Side 2 forced transition at x/c =  1.0000   67

   3   rms: 0.9983E-03   max: -.1067E-01   D at    4  1
       a = 11.750      CL =  1.4019
      Cm = -0.0410     CD =  0.02651   =>   CDf =  0.00743    CDp =  0.01908

 Side 1  free  transition at x/c =  0.0213   30
 Side 2 forced transition at x/c =  1.0000   67

   4   rms: 0.3328E-05   max: -.2356E-04   D at   31  1
       a = 11.750      CL =  1.4019
      Cm = -0.0410     CD =  0.02651   =>   CDf =  0.00743    CDp =  0.01908
      9.000    7.7336   0.026509   0.019321   0.001558  -0.017763    0.0213     #

 Point added to stored polar  1
 Point written to save file  clarky_re430000_clean.polar                     
 Dump file unspecified or not available
 Calculating wake trajectory ...
 Calculating source influence matrix ...

 Solving BL system ...

 Side 1  free  transition at x/c =  0.0213   30
 Side 2 forced transition at x/c =  1.0000   67

   1   rms: 0.4086E-01   max: 0.3099E+00   C at   30  1
       a = 12.000      CL =  1.4097
      Cm = -0.0392     CD =  0.02797   =>   CDf =  0.00743    CDp =  0.02054

 Side 1  free  transition at x/c =  0.0197   30
 Side 2 forced transition at x/c =  1.0000   67

   2   rms: 0.6244E-02   max: -.7375E-01   D at   30  1
       a = 12.000      CL =  1.4081
      Cm = -0.0391     CD =  0.02800   =>   CDf =  0.00735    CDp =  0.02066

 Side 1  free  transition at x/c =  0.0198   30
 Side 2 forced transition at x/c =  1.0000   67

   3   rms: 0.1291E-03   max: 0.1453E-02   D at   87  1
       a = 12.000      CL =  1.4080
      Cm = -0.0391     CD =  0.02802   =>   CDf =  0.00735    CDp =  0.02067

 Side 1  free  transition at x/c =  0.0198   30
 Side 2 forced transition at x/c =  1.0000   67

   4   rms: 0.1282E-05   max: -.1500E-04   C at   67  2
       a = 12.000      CL =  1.4080
      Cm = -0.0391     CD =  0.02802   =>   CDf =  0.00735    CDp =  0.02067
      9.000    8.2839   0.028017   0.019521   0.001674  -0.017846    0.0198     #

 Point added to stored polar  1
 Point written to save file  clarky_re430000_clean.polar                     
 Dump file unspecified or not available
 Calculating wake trajectory ...
 Calculating source influence matrix ...

 Solving BL system ...

 Side 1  free  transition at x/c =  0.0198   30
 Side 2 forced transition at x/c =  1.0000   67

   1   rms: 0.4148E-01   max: 0.1831E+00   C at   30  1
       a = 12.250      CL =  1.4130
      Cm = -0.0372     CD =  0.02979   =>   CDf =  0.00735    CDp =  0.02243

 Side 1  free  transition at x/c =  0.0189   29
 Side 2 forced transition at x/c =  1.0000   67

   2   rms: 0.5468E-02   max: -.5977E-01   D at   29  1
       a = 12.250      CL =  1.4130
      Cm = -0.0373     CD =  0.02965   =>   CDf =  0.00726    CDp =  0.02239

 Side 1  free  transition at x/c =  0.0188   29
 Side 2 forced transition at x/c =  1.0000   67

   3   rms: 0.1076E-03   max: 0.9892E-03   D at   29  1
       a = 12.250      CL =  1.4129
      Cm = -0.0373     CD =  0.02967   =>   CDf =  0.00727    CDp =  0.02240

 Side 1  free  transition at x/c =  0.0188   29
 Side 2 forced transition at x/c =  1.0000   67

   4   rms: 0.1211E-05   max: -.1227E-04   C at   67  2
       a = 12.250      CL =  1.4129
      Cm = -0.0373     CD =  0.02967   =>   CDf =  0.00727    CDp =  0.02240
      9.000    8.8281   0.029667   0.019690   0.001779  -0.017911    0.0188     #

 Point added to stored polar  1
 Point written to save file  clarky_re430000_clean.polar                     
 Dump file unspecified or not available
 Calculating wake trajectory ...
 Calculating source influence matrix ...

 Solving BL system ...

 Side 1  free  transition at x/c =  0.0188   29
 Side 2 forced transition at x/c =  1.0000   67

   1   rms: 0.3662E-01   max: 0.1303E+00   T at   29  1
       a = 12.500      CL =  1.4201
      Cm = -0.0357     CD =  0.03132   =>   CDf =  0.00727    CDp =  0.02405

 Side 1  free  transition at x/c =  0.0179   29
 Side 2 forced transition at x/c =  1.0000   67

   2   rms: 0.3992E-02   max: -.4450E-01   D at   29  1
       a = 12.500      CL =  1.4184
      Cm = -0.0357     CD =  0.03134   =>   CDf =  0.00717    CDp =  0.02418

 Side 1  free  transition at x/c =  0.0180   29
 Side 2 forced transition at x/c =  1.0000   67

   3   rms: 0.6912E-04   max: 0.1304E-02   D at   85  1
       a = 12.500      CL =  1.4183
      Cm = -0.0357     CD =  0.03135   =>   CDf =  0.00717    CDp =  0.02418
      9.000    9.3351   0.031347   0.019802   0.001881  -0.017921    0.0180     #

 Point added to stored polar  1
 Point written to save file  clarky_re430000_clean.polar                     
 Dump file unspecified or not available
 Calculating wake trajectory ...
 Calculating source influence matrix ...

 Solving BL system ...

 Side 1  free  transition at x/c =  0.0180   29
 Side 2 forced transition at x/c =  1.0000   67

   1   rms: 0.3766E-01   max: 0.1490E+00   T at   29  1   RLX: 0.989
       a = 12.750      CL =  1.4232
      Cm = -0.0342     CD =  0.03326   =>   CDf =  0.00717    CDp =  0.02610

 Side 1  free  transition at x/c =  0.0173   29
 Side 2 forced transition at x/c =  1.0000   67

   2   rms: 0.5196E-02   max: -.5333E-01   D at   29  1
       a = 12.750      CL =  1.4208
      Cm = -0.0341     CD =  0.03334   =>   CDf =  0.00708    CDp =  0.02626

 Side 1  free  transition at x/c =  0.0173   29
 Side 2 forced transition at x/c =  1.0000   67

   3   rms: 0.1453E-03   max: 0.1925E-02   D at   84  1
       a = 12.750      CL =  1.4207
      Cm = -0.0341     CD =  0.03335   =>   CDf =  0.00708    CDp =  0.02627

 Side 1  free  transition at x/c =  0.0173   29
 Side 2 forced transition at x/c =  1.0000   67

   4   rms: 0.1678E-05   max: -.1427E-04   C at   67  2
       a = 12.750      CL =  1.4207
      Cm = -0.0341     CD =  0.03334   =>   CDf =  0.00707    CDp =  0.02627
      9.000    9.7189   0.033345   0.019899   0.001997  -0.017902    0.0173     #

 Point added to stored polar  1
 Point written to save file  clarky_re430000_clean.polar                     
 Dump file unspecified or not available
 Calculating wake trajectory ...
 Calculating source influence matrix ...

 Solving BL system ...

 Side 1  free  transition at x/c =  0.0173   29
 Side 2 forced transition at x/c =  1.0000   67

   1   rms: 0.4001E-01   max: 0.1522E+00   T at   29  1   RLX: 0.933
       a = 13.000      CL =  1.4216
      Cm = -0.0328     CD =  0.03559   =>   CDf =  0.00665    CDp =  0.02895

 Side 1  free  transition at x/c =  0.0168   30
 Side 2 forced transition at x/c =  1.0000   66

   2   rms: 0.6678E-02   max: 0.4896E-01   D at   84  1
       a = 13.000      CL =  1.4178
      Cm = -0.0325     CD =  0.03597   =>   CDf =  0.00700    CDp =  0.02896

 Side 1  free  transition at x/c =  0.0168   30
 Side 2 forced transition at x/c =  1.0000   66

   3   rms: 0.8401E-03   max: -.1003E-01   D at    4  1
       a = 13.000      CL =  1.4177
      Cm = -0.0325     CD =  0.03593   =>   CDf =  0.00699    CDp =  0.02894

 Side 1  free  transition at x/c =  0.0168   30
 Side 2 forced transition at x/c =  1.0000   66

   4   rms: 0.1706E-05   max: -.8306E-05   C at   66  2
       a = 13.000      CL =  1.4177
      Cm = -0.0325     CD =  0.03593   =>   CDf =  0.00699    CDp =  0.02894
      9.000   10.0670   0.035928   0.019987   0.002137  -0.017850    0.0168     #

 Point added to stored polar  1
 Point written to save file  clarky_re430000_clean.polar                     
 Dump file unspecified or not available
 Calculating wake trajectory ...
 Calculating source influence matrix ...

 Solving BL system ...

 Side 1  free  transition at x/c =  0.0168   30
 Side 2 forced transition at x/c =  1.0000   66

   1   rms: 0.4468E-01   max: 0.1654E+00   D at   81  1   RLX: 0.871
       a = 13.250      CL =  1.4132
      Cm = -0.0313     CD =  0.03872   =>   CDf =  0.00699    CDp =  0.03173

 Side 1  free  transition at x/c =  0.0164   29
 Side 2 forced transition at x/c =  1.0000   66

   2   rms: 0.1210E-01   max: -.1159E+00   D at   29  1
       a = 13.250      CL =  1.4207
      Cm = -0.0314     CD =  0.03802   =>   CDf =  0.00689    CDp =  0.03113

 Side 1  free  transition at x/c =  0.0163   29
 Side 2 forced transition at x/c =  1.0000   66

   3   rms: 0.3311E-03   max: 0.3518E-02   D at   29  1
       a = 13.250      CL =  1.4208
      Cm = -0.0314     CD =  0.03804   =>   CDf =  0.00687    CDp =  0.03117

 Side 1  free  transition at x/c =  0.0163   29
 Side 2 forced transition at x/c =  1.0000   66

   4   rms: 0.6681E-05   max: 0.3175E-04   D at   82  1
       a = 13.250      CL =  1.4208
      Cm = -0.0314     CD =  0.03804   =>   CDf =  0.00687    CDp =  0.03117
      9.000   10.4893   0.038045   0.019973   0.002228  -0.017744    0.0163     #

 Point added to stored polar  1
 Point written to save file  clarky_re430000_clean.polar                     
 Dump file unspecified or not available
 Calculating wake trajectory ...
 Calculating source influence matrix ...

 Solving BL system ...

 Side 1  free  transition at x/c =  0.0163   29
 Side 2 forced transition at x/c =  1.0000   66

   1   rms: 0.3596E-01   max: 0.1261E+00   T at   29  1   RLX: 0.844
       a = 13.500      CL =  1.4231
      Cm = -0.0307     CD =  0.04015   =>   CDf =  0.00688    CDp =  0.03327

 Side 1  free  transition at x/c =  0.0158   29
 Side 2 forced transition at x/c =  1.0000   66

   2   rms: 0.6392E-02   max: 0.3996E-01   D at   82  1
       a = 13.500      CL =  1.4214
      Cm = -0.0305     CD =  0.04054   =>   CDf =  0.00679    CDp =  0.03375

 Side 1  free  transition at x/c =  0.0158   29
 Side 2 forced transition at x/c =  1.0000   66

   3   rms: 0.4326E-03   max: 0.5012E-02   D at   81  1
       a = 13.500      CL =  1.4211
      Cm = -0.0305     CD =  0.04050   =>   CDf =  0.00677    CDp =  0.03374

 Side 1  free  transition at x/c =  0.0158   29
 Side 2 forced transition at x/c =  1.0000   66

   4   rms: 0.1261E-04   max: 0.7784E-04   D at   81  1
       a = 13.500      CL =  1.4211
      Cm = -0.0305     CD =  0.04050   =>   CDf =  0.00677    CDp =  0.03373
      9.000   10.8217   0.040502   0.019926   0.002312  -0.017614    0.0158     #

 Point added to stored polar  1
 Point written to save file  clarky_re430000_clean.polar                     
 Dump file unspecified or not available
 Calculating wake trajectory ...
 Calculating source influence matrix ...

 Solving BL system ...

 Side 1  free  transition at x/c =  0.0158   29
 Side 2 forced transition at x/c =  1.0000   66

   1   rms: 0.3676E-01   max: 0.1322E+00   D at   79  1   RLX: 0.803
       a = 13.750      CL =  1.4215
      Cm = -0.0299     CD =  0.04280   =>   CDf =  0.00677    CDp =  0.03603

 Side 1  free  transition at x/c =  0.0154   29
 Side 2 forced transition at x/c =  1.0000   66

   2   rms: 0.7862E-02   max: 0.4548E-01   D at   80  1
       a = 13.750      CL =  1.4196
      Cm = -0.0297     CD =  0.04334   =>   CDf =  0.00669    CDp =  0.03665

 Side 1  free  transition at x/c =  0.0154   29
 Side 2 forced transition at x/c =  1.0000   66

   3   rms: 0.6114E-03   max: 0.5518E-02   D at   80  1
       a = 13.750      CL =  1.4192
      Cm = -0.0297     CD =  0.04330   =>   CDf =  0.00667    CDp =  0.03663

 Side 1  free  transition at x/c =  0.0154   29
 Side 2 forced transition at x/c =  1.0000   66

   4   rms: 0.1296E-04   max: 0.1011E-03   D at   76  2
       a = 13.750      CL =  1.4192
      Cm = -0.0297     CD =  0.04329   =>   CDf =  0.00667    CDp =  0.03662
      9.000   11.0727   0.043292   0.019852   0.002386  -0.017467    0.0154     #

 Point added to stored polar  1
 Point written to save file  clarky_re430000_clean.polar                     
 Dump file unspecified or not available
 Calculating wake trajectory ...
 Calculating source influence matrix ...

 Solving BL system ...

 Side 1  free  transition at x/c =  0.0154   29
 Side 2 forced transition at x/c =  1.0000   66

   1   rms: 0.3755E-01   max: 0.1414E+00   D at   78  1   RLX: 0.763
       a = 14.000      CL =  1.4180
      Cm = -0.0293     CD =  0.04577   =>   CDf =  0.00667    CDp =  0.03910

 Side 1  free  transition at x/c =  0.0151   29
 Side 2 forced transition at x/c =  1.0000   66

   2   rms: 0.1019E-01   max: 0.6002E-01   D at   79  1
       a = 14.000      CL =  1.4152
      Cm = -0.0291     CD =  0.04654   =>   CDf =  0.00661    CDp =  0.03994

 Side 1  free  transition at x/c =  0.0150   29
 Side 2 forced transition at x/c =  1.0000   66

   3   rms: 0.6363E-03   max: 0.4195E-02   D at   76  2
       a = 14.000      CL =  1.4147
      Cm = -0.0291     CD =  0.04645   =>   CDf =  0.00658    CDp =  0.03987

 Side 1  free  transition at x/c =  0.0150   29
 Side 2 forced transition at x/c =  1.0000   66

   4   rms: 0.7813E-05   max: 0.4749E-04   D at   76  2
       a = 14.000      CL =  1.4147
      Cm = -0.0291     CD =  0.04644   =>   CDf =  0.00658    CDp =  0.03987
      9.000   11.2679   0.046444   0.019745   0.002459  -0.017287    0.0150     #

 Point added to stored polar  1
 Point written to save file  clarky_re430000_clean.polar                     
 Dump file unspecified or not available
 Calculating wake trajectory ...
 Calculating source influence matrix ...

 Solving BL system ...

 Side 1  free  transition at x/c =  0.0150   29
 Side 2 forced transition at x/c =  1.0000   66

   1   rms: 0.3868E-01   max: 0.1522E+00   D at   76  1   RLX: 0.723
       a = 14.250      CL =  1.4118
      Cm = -0.0288     CD =  0.04913   =>   CDf =  0.00613    CDp =  0.04300

 Side 1  free  transition at x/c =  0.0148   30
 Side 2 forced transition at x/c =  1.0000   65

   2   rms: 0.1336E-01   max: 0.7431E-01   D at   79  1
       a = 14.250      CL =  1.4079
      Cm = -0.0287     CD =  0.05021   =>   CDf =  0.00652    CDp =  0.04370

 Side 1  free  transition at x/c =  0.0147   30
 Side 2 forced transition at x/c =  1.0000   65

   3   rms: 0.1056E-02   max: 0.1072E-01   D at   78  1
       a = 14.250      CL =  1.4072
      Cm = -0.0287     CD =  0.05009   =>   CDf =  0.00648    CDp =  0.04361

 Side 1  free  transition at x/c =  0.0147   30
 Side 2 forced transition at x/c =  1.0000   65

   4   rms: 0.2465E-04   max: 0.1830E-03   D at   76  2
       a = 14.250      CL =  1.4072
      Cm = -0.0287     CD =  0.05008   =>   CDf =  0.00648    CDp =  0.04360
      9.000   11.4625   0.050081   0.019605   0.002547  -0.017058    0.0147     #

 Point added to stored polar  1
 Point written to save file  clarky_re430000_clean.polar                     
 Dump file unspecified or not available
 Calculating wake trajectory ...
 Calculating source influence matrix ...

 Solving BL system ...

 Side 1  free  transition at x/c =  0.0147   30
 Side 2 forced transition at x/c =  1.0000   65

   1   rms: 0.4108E-01   max: 0.1710E+00   D at   76  1   RLX: 0.684
       a = 14.500      CL =  1.4022
      Cm = -0.0287     CD =  0.05310   =>   CDf =  0.00648    CDp =  0.04662

 Side 1  free  transition at x/c =  0.0146   30
 Side 2 forced transition at x/c =  1.0000   65

   2   rms: 0.1504E-01   max: 0.7760E-01   D at   77  1
       a = 14.500      CL =  1.3974
      Cm = -0.0287     CD =  0.05441   =>   CDf =  0.00642    CDp =  0.04799

 Side 1  free  transition at x/c =  0.0145   30
 Side 2 forced transition at x/c =  1.0000   65

   3   rms: 0.1117E-02   max: 0.8353E-02   D at   76  2
       a = 14.500      CL =  1.3968
      Cm = -0.0286     CD =  0.05422   =>   CDf =  0.00639    CDp =  0.04783

 Side 1  free  transition at x/c =  0.0145   30
 Side 2 forced transition at x/c =  1.0000   65

   4   rms: 0.1789E-04   max: 0.1413E-03   D at   76  2
       a = 14.500      CL =  1.3968
      Cm = -0.0286     CD =  0.05421   =>   CDf =  0.00639    CDp =  0.04783
      9.000   11.7164   0.054212   0.019457   0.002662  -0.016795    0.0145     #

 Point added to stored polar  1
 Point written to save file  clarky_re430000_clean.polar                     
 Dump file unspecified or not available
 Calculating wake trajectory ...
 Calculating source influence matrix ...

 Solving BL system ...

 Side 1  free  transition at x/c =  0.0145   30
 Side 2 forced transition at x/c =  1.0000   65

   1   rms: 0.4214E-01   max: 0.1773E+00   D at   75  1   RLX: 0.647
       a = 14.750      CL =  1.3906
      Cm = -0.0287     CD =  0.05739   =>   CDf =  0.00639    CDp =  0.05100

 Side 1  free  transition at x/c =  0.0144   29
 Side 2 forced transition at x/c =  1.0000   65

   2   rms: 0.1223E-01   max: 0.5139E-01   D at   76  1
       a = 14.750      CL =  1.3932
      Cm = -0.0287     CD =  0.05788   =>   CDf =  0.00632    CDp =  0.05156

 Side 1  free  transition at x/c =  0.0143   29
 Side 2 forced transition at x/c =  1.0000   65

   3   rms: 0.1030E-02   max: 0.5979E-02   D at   75  1
       a = 14.750      CL =  1.3926
      Cm = -0.0287     CD =  0.05779   =>   CDf =  0.00627    CDp =  0.05152

 Side 1  free  transition at x/c =  0.0143   29
 Side 2 forced transition at x/c =  1.0000   65

   4   rms: 0.6233E-04   max: 0.3018E-03   D at   77  2
       a = 14.750      CL =  1.3925
      Cm = -0.0287     CD =  0.05778   =>   CDf =  0.00627    CDp =  0.05151
      9.000   12.0712   0.057781   0.019287   0.002749  -0.016538    0.0143     #

 Point added to stored polar  1
 Point written to save file  clarky_re430000_clean.polar                     
 Dump file unspecified or not available
 Calculating wake trajectory ...
 Calculating source influence matrix ...

 Solving BL system ...

 Side 1  free  transition at x/c =  0.0143   29
 Side 2 forced transition at x/c =  1.0000   65

   1   rms: 0.3351E-01   max: 0.1327E+00   D at   74  1   RLX: 0.628
       a = 15.000      CL =  1.3919
      Cm = -0.0289     CD =  0.06025   =>   CDf =  0.00628    CDp =  0.05397

 Side 1  free  transition at x/c =  0.0142   29
 Side 2 forced transition at x/c =  1.0000   65

   2   rms: 0.1320E-01   max: 0.5944E-01   D at   74  1
       a = 15.000      CL =  1.3898
      Cm = -0.0290     CD =  0.06158   =>   CDf =  0.00620    CDp =  0.05537

 Side 1  free  transition at x/c =  0.0141   29
 Side 2 forced transition at x/c =  1.0000   65

   3   rms: 0.1639E-02   max: 0.1165E-01   D at   74  1
       a = 15.000      CL =  1.3887
      Cm = -0.0290     CD =  0.06144   =>   CDf =  0.00616    CDp =  0.05528

 Side 1  free  transition at x/c =  0.0141   29
 Side 2 forced transition at x/c =  1.0000   65

   4   rms: 0.8953E-04   max: 0.7464E-03   D at   77  2
       a = 15.000      CL =  1.3887
      Cm = -0.0290     CD =  0.06142   =>   CDf =  0.00616    CDp =  0.05527
      9.000   12.4280   0.061423   0.019108   0.002827  -0.016281    0.0141     #

 Point added to stored polar  1
 Point written to save file  clarky_re430000_clean.polar                     
 Dump file unspecified or not available
 Calculating wake trajectory ...
 Calculating source influence matrix ...

 Solving BL system ...

 Side 1  free  transition at x/c =  0.0141   29
 Side 2 forced transition at x/c =  1.0000   65

   1   rms: 0.3359E-01   max: 0.1373E+00   D at   73  1   RLX: 0.602
       a = 15.250      CL =  1.3873
      Cm = -0.0294     CD =  0.06399   =>   CDf =  0.00616    CDp =  0.05783

 Side 1  free  transition at x/c =  0.0140   29
 Side 2 forced transition at x/c =  1.0000   65

   2   rms: 0.1386E-01   max: 0.6265E-01   D at   73  1
       a = 15.250      CL =  1.3850
      Cm = -0.0295     CD =  0.06546   =>   CDf =  0.00609    CDp =  0.05937

 Side 1  free  transition at x/c =  0.0139   29
 Side 2 forced transition at x/c =  1.0000   65

   3   rms: 0.2049E-02   max: 0.1402E-01   D at   73  1
       a = 15.250      CL =  1.3836
      Cm = -0.0295     CD =  0.06533   =>   CDf =  0.00605    CDp =  0.05928

 Side 1  free  transition at x/c =  0.0139   29
 Side 2 forced transition at x/c =  1.0000   65

   4   rms: 0.9227E-04   max: 0.5159E-03   D at   77  2
       a = 15.250      CL =  1.3836
      Cm = -0.0294     CD =  0.06530   =>   CDf =  0.00605    CDp =  0.05925
      9.000   12.7615   0.065295   0.018917   0.002905  -0.016012    0.0139     #

 Point added to stored polar  1
 Point written to save file  clarky_re430000_clean.polar                     
 Dump file unspecified or not available
 Calculating wake trajectory ...
 Calculating source influence matrix ...

 Solving BL system ...

 Side 1  free  transition at x/c =  0.0139   29
 Side 2 forced transition at x/c =  1.0000   65

   1   rms: 0.3310E-01   max: 0.1373E+00   D at   71  1   RLX: 0.578
       a = 15.500      CL =  1.3819
      Cm = -0.0299     CD =  0.06789   =>   CDf =  0.00605    CDp =  0.06184

 Side 1  free  transition at x/c =  0.0138   29
 Side 2 forced transition at x/c =  1.0000   65

   2   rms: 0.1452E-01   max: 0.6776E-01   D at   72  1
       a = 15.500      CL =  1.3793
      Cm = -0.0301     CD =  0.06955   =>   CDf =  0.00599    CDp =  0.06356

 Side 1  free  transition at x/c =  0.0137   29
 Side 2 forced transition at x/c =  1.0000   65

   3   rms: 0.1841E-02   max: 0.9914E-02   D at   72  1
       a = 15.500      CL =  1.3781
      Cm = -0.0301     CD =  0.06936   =>   CDf =  0.00594    CDp =  0.06341

 Side 1  free  transition at x/c =  0.0137   29
 Side 2 forced transition at x/c =  1.0000   65

   4   rms: 0.7806E-04   max: 0.5104E-03   D at   78  2
       a = 15.500      CL =  1.3780
      Cm = -0.0301     CD =  0.06932   =>   CDf =  0.00594    CDp =  0.06338
      9.000   13.0803   0.069324   0.018733   0.002985  -0.015748    0.0137     #

 Point added to stored polar  1
 Point written to save file  clarky_re430000_clean.polar                     
 Dump file unspecified or not available
 Calculating wake trajectory ...
 Calculating source influence matrix ...

 Solving BL system ...

 Side 1  free  transition at x/c =  0.0137   29
 Side 2 forced transition at x/c =  1.0000   65

   1   rms: 0.3218E-01   max: 0.1339E+00   D at   70  1   RLX: 0.556
       a = 15.750      CL =  1.3764
      Cm = -0.0305     CD =  0.07189   =>   CDf =  0.00594    CDp =  0.06595

 Side 1  free  transition at x/c =  0.0136   29
 Side 2 forced transition at x/c =  1.0000   65

   2   rms: 0.1511E-01   max: 0.7151E-01   D at   71  1
       a = 15.750      CL =  1.3737
      Cm = -0.0309     CD =  0.07375   =>   CDf =  0.00589    CDp =  0.06786

 Side 1  free  transition at x/c =  0.0135   29
 Side 2 forced transition at x/c =  1.0000   65

   3   rms: 0.2064E-02   max: 0.1165E-01   D at   78  2
       a = 15.750      CL =  1.3724
      Cm = -0.0308     CD =  0.07349   =>   CDf =  0.00584    CDp =  0.06765

 Side 1  free  transition at x/c =  0.0136   29
 Side 2 forced transition at x/c =  1.0000   65

   4   rms: 0.9135E-04   max: 0.9683E-03   D at   78  2
       a = 15.750      CL =  1.3723
      Cm = -0.0308     CD =  0.07345   =>   CDf =  0.00584    CDp =  0.06761
      9.000   13.3867   0.073452   0.018564   0.003065  -0.015499    0.0136     #

 Point added to stored polar  1
 Point written to save file  clarky_re430000_clean.polar                     
 Dump file unspecified or not available
 Calculating wake trajectory ...
 Calculating source influence matrix ...

 Solving BL system ...

 Side 1  free  transition at x/c =  0.0136   29
 Side 2 forced transition at x/c =  1.0000   65

   1   rms: 0.3122E-01   max: 0.1298E+00   D at   69  1   RLX: 0.536
       a = 16.000      CL =  1.3707
      Cm = -0.0312     CD =  0.07596   =>   CDf =  0.00584    CDp =  0.07012

 Side 1  free  transition at x/c =  0.0134   29
 Side 2 forced transition at x/c =  1.0000   65

   2   rms: 0.1542E-01   max: 0.7291E-01   D at   70  1
       a = 16.000      CL =  1.3678
      Cm = -0.0317     CD =  0.07796   =>   CDf =  0.00533    CDp =  0.07263

 Side 1  free  transition at x/c =  0.0134   30
 Side 2 forced transition at x/c =  1.0000   64

   3   rms: 0.2464E-02   max: -.2531E-01   D at    2  1
       a = 16.000      CL =  1.3665
      Cm = -0.0316     CD =  0.07767   =>   CDf =  0.00575    CDp =  0.07193

 Side 1  free  transition at x/c =  0.0134   30
 Side 2 forced transition at x/c =  1.0000   64

   4   rms: 0.5160E-03   max: -.6730E-02   D at    4  1
       a = 16.000      CL =  1.3665
      Cm = -0.0316     CD =  0.07763   =>   CDf =  0.00574    CDp =  0.07189

 Side 1  free  transition at x/c =  0.0134   30
 Side 2 forced transition at x/c =  1.0000   64

   5   rms: 0.5244E-05   max: -.1681E-04   D at   80  2
       a = 16.000      CL =  1.3665
      Cm = -0.0316     CD =  0.07763   =>   CDf =  0.00574    CDp =  0.07188
      9.000   13.6784   0.077629   0.018423   0.003145  -0.015277    0.0134     #

 Point added to stored polar  1
 Point written to save file  clarky_re430000_clean.polar                     
 Dump file unspecified or not available
 Calculating wake trajectory ...
 Calculating source influence matrix ...

 Solving BL system ...

 Side 1  free  transition at x/c =  0.0134   30
 Side 2 forced transition at x/c =  1.0000   64

   1   rms: 0.3020E-01   max: 0.1245E+00   D at   69  1   RLX: 0.517
       a = 16.250      CL =  1.3651
      Cm = -0.0321     CD =  0.08007   =>   CDf =  0.00575    CDp =  0.07433

 Side 1  free  transition at x/c =  0.0133   30
 Side 2 forced transition at x/c =  1.0000   64

   2   rms: 0.1537E-01   max: 0.7091E-01   D at   70  1
       a = 16.250      CL =  1.3625
      Cm = -0.0325     CD =  0.08217   =>   CDf =  0.00571    CDp =  0.07646

 Side 1  free  transition at x/c =  0.0132   30
 Side 2 forced transition at x/c =  1.0000   64

   3   rms: 0.2314E-02   max: 0.9743E-02   D at   78  2
       a = 16.250      CL =  1.3610
      Cm = -0.0325     CD =  0.08187   =>   CDf =  0.00566    CDp =  0.07621

 Side 1  free  transition at x/c =  0.0132   30
 Side 2 forced transition at x/c =  1.0000   64

   4   rms: 0.1008E-03   max: 0.6888E-03   D at   78  2
       a = 16.250      CL =  1.3610
      Cm = -0.0325     CD =  0.08182   =>   CDf =  0.00566    CDp =  0.07615

 Side 1  free  transition at x/c =  0.0132   30
 Side 2 forced transition at x/c =  1.0000   64

   5   rms: 0.8248E-05   max: -.2871E-04   D at   80  2
       a = 16.250      CL =  1.3610
      Cm = -0.0325     CD =  0.08181   =>   CDf =  0.00566    CDp =  0.07615
      9.000   13.9587   0.081814   0.018326   0.003227  -0.015099    0.0132     #

 Point added to stored polar  1
 Point written to save file  clarky_re430000_clean.polar                     
 Dump file unspecified or not available
 Calculating wake trajectory ...
 Calculating source influence matrix ...

 Solving BL system ...

 Side 1  free  transition at x/c =  0.0132   30
 Side 2 forced transition at x/c =  1.0000   64

   1   rms: 0.2923E-01   max: 0.1183E+00   D at   68  1   RLX: 0.500
       a = 16.500      CL =  1.3599
      Cm = -0.0329     CD =  0.08417   =>   CDf =  0.00566    CDp =  0.07851

 Side 1  free  transition at x/c =  0.0131   30
 Side 2 forced transition at x/c =  1.0000   64

   2   rms: 0.1503E-01   max: 0.6539E-01   D at   69  1
       a = 16.500      CL =  1.3576
      Cm = -0.0334     CD =  0.08627   =>   CDf =  0.00563    CDp =  0.08064

 Side 1  free  transition at x/c =  0.0130   30
 Side 2 forced transition at x/c =  1.0000   64

   3   rms: 0.2660E-02   max: 0.1353E-01   D at   78  2
       a = 16.500      CL =  1.3560
      Cm = -0.0334     CD =  0.08601   =>   CDf =  0.00559    CDp =  0.08042

 Side 1  free  transition at x/c =  0.0130   30
 Side 2 forced transition at x/c =  1.0000   64

   4   rms: 0.1457E-03   max: 0.1259E-02   D at   78  2
       a = 16.500      CL =  1.3559
      Cm = -0.0334     CD =  0.08594   =>   CDf =  0.00559    CDp =  0.08035

 Side 1  free  transition at x/c =  0.0130   30
 Side 2 forced transition at x/c =  1.0000   64

   5   rms: 0.1261E-04   max: -.4068E-04   D at   80  2
       a = 16.500      CL =  1.3560
      Cm = -0.0334     CD =  0.08594   =>   CDf =  0.00559    CDp =  0.08035
      9.000   14.2281   0.085939   0.018290   0.003310  -0.014979    0.0130     #

 Point added to stored polar  1
 Point written to save file  clarky_re430000_clean.polar                     
 Dump file unspecified or not available
 Calculating wake trajectory ...
 Calculating source influence matrix ...

 Solving BL system ...

 Side 1  free  transition at x/c =  0.0130   30
 Side 2 forced transition at x/c =  1.0000   64

   1   rms: 0.2830E-01   max: 0.1117E+00   D at   67  1   RLX: 0.484
       a = 16.750      CL =  1.3550
      Cm = -0.0338     CD =  0.08819   =>   CDf =  0.00559    CDp =  0.08260

 Side 1  free  transition at x/c =  0.0129   30
 Side 2 forced transition at x/c =  1.0000   64

   2   rms: 0.1460E-01   max: 0.5851E-01   D at   68  1
       a = 16.750      CL =  1.3534
      Cm = -0.0342     CD =  0.09023   =>   CDf =  0.00556    CDp =  0.08467

 Side 1  free  transition at x/c =  0.0129   30
 Side 2 forced transition at x/c =  1.0000   64

   3   rms: 0.2590E-02   max: 0.1271E-01   D at   68  1
       a = 16.750      CL =  1.3518
      Cm = -0.0342     CD =  0.08999   =>   CDf =  0.00553    CDp =  0.08446

 Side 1  free  transition at x/c =  0.0129   30
 Side 2 forced transition at x/c =  1.0000   64

   4   rms: 0.1433E-03   max: 0.7903E-03   D at   79  2
       a = 16.750      CL =  1.3517
      Cm = -0.0342     CD =  0.08992   =>   CDf =  0.00552    CDp =  0.08439

 Side 1  free  transition at x/c =  0.0129   30
 Side 2 forced transition at x/c =  1.0000   64

   5   rms: 0.1264E-04   max: -.4252E-04   D at   67  1
       a = 16.750      CL =  1.3517
      Cm = -0.0342     CD =  0.08991   =>   CDf =  0.00552    CDp =  0.08439
      9.000   14.4904   0.089913   0.018342   0.003399  -0.014943    0.0129     #

 Point added to stored polar  1
 Point written to save file  clarky_re430000_clean.polar                     
 Dump file unspecified or not available
 Calculating wake trajectory ...
 Calculating source influence matrix ...

 Solving BL system ...

 Side 1  free  transition at x/c =  0.0129   30
 Side 2 forced transition at x/c =  1.0000   64

   1   rms: 0.2745E-01   max: 0.1030E+00   D at   67  1   RLX: 0.469
       a = 17.000      CL =  1.3511
      Cm = -0.0346     CD =  0.09203   =>   CDf =  0.00553    CDp =  0.08651

 Side 1  free  transition at x/c =  0.0128   30
 Side 2 forced transition at x/c =  1.0000   64

   2   rms: 0.1452E-01   max: 0.5445E-01   D at   67  1
       a = 17.000      CL =  1.3499
      Cm = -0.0350     CD =  0.09406   =>   CDf =  0.00551    CDp =  0.08855

 Side 1  free  transition at x/c =  0.0127   30
 Side 2 forced transition at x/c =  1.0000   64

   3   rms: 0.2218E-02   max: 0.8742E-02   D at   79  2
       a = 17.000      CL =  1.3485
      Cm = -0.0350     CD =  0.09375   =>   CDf =  0.00549    CDp =  0.08826

 Side 1  free  transition at x/c =  0.0127   30
 Side 2 forced transition at x/c =  1.0000   64

   4   rms: 0.1108E-03   max: -.7203E-03   D at   68  1
       a = 17.000      CL =  1.3485
      Cm = -0.0349     CD =  0.09368   =>   CDf =  0.00548    CDp =  0.08820

 Side 1  free  transition at x/c =  0.0127   30
 Side 2 forced transition at x/c =  1.0000   64

   5   rms: 0.1794E-04   max: -.6747E-04   D at   81  2
       a = 17.000      CL =  1.3485
      Cm = -0.0349     CD =  0.09368   =>   CDf =  0.00548    CDp =  0.08820
      9.000   14.7574   0.093678   0.018518   0.003501  -0.015017    0.0127     #

 Point added to stored polar  1
 Point written to save file  clarky_re430000_clean.polar                     
 Dump file unspecified or not available
 Calculating wake trajectory ...
 Calculating source influence matrix ...

 Solving BL system ...

 Side 1  free  transition at x/c =  0.0127   30
 Side 2 forced transition at x/c =  1.0000   64

   1   rms: 0.2675E-01   max: 0.1096E+00   T at   30  1   RLX: 0.457
       a = 17.250      CL =  1.3488
      Cm = -0.0352     CD =  0.09547   =>   CDf =  0.00548    CDp =  0.08998

 Side 1  free  transition at x/c =  0.0126   30
 Side 2 forced transition at x/c =  1.0000   64

   2   rms: 0.1451E-01   max: 0.6100E-01   T at   30  1
       a = 17.250      CL =  1.3489
      Cm = -0.0353     CD =  0.09718   =>   CDf =  0.00548    CDp =  0.09170

 Side 1  free  transition at x/c =  0.0125   30
 Side 2 forced transition at x/c =  1.0000   64

   3   rms: 0.2248E-02   max: 0.1015E-01   D at   79  2
       a = 17.250      CL =  1.3475
      Cm = -0.0353     CD =  0.09694   =>   CDf =  0.00547    CDp =  0.09147

 Side 1  free  transition at x/c =  0.0125   30
 Side 2 forced transition at x/c =  1.0000   64

   4   rms: 0.1136E-03   max: 0.8863E-03   D at   79  2
       a = 17.250      CL =  1.3475
      Cm = -0.0352     CD =  0.09687   =>   CDf =  0.00547    CDp =  0.09140

 Side 1  free  transition at x/c =  0.0125   30
 Side 2 forced transition at x/c =  1.0000   64

   5   rms: 0.2084E-04   max: -.7046E-04   D at   82  2
       a = 17.250      CL =  1.3475
      Cm = -0.0352     CD =  0.09687   =>   CDf =  0.00547    CDp =  0.09140
      9.000   15.0838   0.096871   0.019021   0.003646  -0.015375    0.0125     #

 Point added to stored polar  1
 Point written to save file  clarky_re430000_clean.polar                     
 Dump file unspecified or not available
 Calculating wake trajectory ...
 Calculating source influence matrix ...

 Solving BL system ...

 Side 1  free  transition at x/c =  0.0125   30
 Side 2 forced transition at x/c =  1.0000   64

   1   rms: 0.2988E-01   max: 0.1444E+00   T at   30  1   RLX: 0.446
       a = 17.500      CL =  1.3494
      Cm = -0.0349     CD =  0.09795   =>   CDf =  0.00547    CDp =  0.09248

 Side 1  free  transition at x/c =  0.0124   30
 Side 2 forced transition at x/c =  1.0000   64

   2   rms: 0.2185E-01   max: 0.1014E+00   T at   30  1
       a = 17.500      CL =  1.3539
      Cm = -0.0336     CD =  0.09806   =>   CDf =  0.00502    CDp =  0.09304

 Side 1  free  transition at x/c =  0.0123   30
 Side 2 forced transition at x/c =  1.0000   63

   3   rms: 0.1373E-01   max: 0.9445E-01   D at   69  1
       a = 17.500      CL =  1.3510
      Cm = -0.0349     CD =  0.09969   =>   CDf =  0.00548    CDp =  0.09421

 Side 1  free  transition at x/c =  0.0123   30
 Side 2 forced transition at x/c =  1.0000   63

   4   rms: 0.2199E-02   max: 0.1236E-01   D at    3  1
       a = 17.500      CL =  1.3498
      Cm = -0.0348     CD =  0.09930   =>   CDf =  0.00592    CDp =  0.09338

 Side 1  free  transition at x/c =  0.0123   29
 Side 2 forced transition at x/c =  1.0000   64

   5   rms: 0.1042E-02   max: -.1776E-01   D at    2  2
       a = 17.500      CL =  1.3497
      Cm = -0.0348     CD =  0.09924   =>   CDf =  0.00547    CDp =  0.09376

 Side 1  free  transition at x/c =  0.0123   29
 Side 2 forced transition at x/c =  1.0000   64

   6   rms: 0.2335E-03   max: 0.2975E-02   D at    4  2
       a = 17.500      CL =  1.3497
      Cm = -0.0348     CD =  0.09923   =>   CDf =  0.00547    CDp =  0.09376

 Side 1  free  transition at x/c =  0.0123   29
 Side 2 forced transition at x/c =  1.0000   64

   7   rms: 0.5387E-06   max: -.2102E-05   D at    6  2
       a = 17.500      CL =  1.3497
      Cm = -0.0348     CD =  0.09923   =>   CDf =  0.00547    CDp =  0.09376
      9.000   15.6255   0.099233   0.019980   0.003880  -0.016100    0.0123     #

 Point added to stored polar  1
 Point written to save file  clarky_re430000_clean.polar                     
 Dump file unspecified or not available
 Calculating wake trajectory ...
 Calculating source influence matrix ...

 Solving BL system ...

 Side 1  free  transition at x/c =  0.0123   29
 Side 2 forced transition at x/c =  1.0000   64

   1   rms: 0.2632E-01   max: 0.1020E+00   D at   66  1   RLX: 0.435
       a = 17.750      CL =  1.3500
      Cm = -0.0354     CD =  0.10127   =>   CDf =  0.00501    CDp =  0.09627

 Side 1  free  transition at x/c =  0.0123   30
 Side 2 forced transition at x/c =  1.0000   63

   2   rms: 0.1552E-01   max: 0.6629E-01   D at    2  1
       a = 17.750      CL =  1.3494
      Cm = -0.0362     CD =  0.10368   =>   CDf =  0.00542    CDp =  0.09826

 Side 1  free  transition at x/c =  0.0122   30
 Side 2 forced transition at x/c =  1.0000   63

   3   rms: 0.2476E-02   max: 0.9606E-02   D at   82  2
       a = 17.750      CL =  1.3477
      Cm = -0.0361     CD =  0.10327   =>   CDf =  0.00535    CDp =  0.09792

 Side 1  free  transition at x/c =  0.0122   30
 Side 2 forced transition at x/c =  1.0000   63

   4   rms: 0.1205E-03   max: -.6978E-03   D at   68  1
       a = 17.750      CL =  1.3477
      Cm = -0.0361     CD =  0.10318   =>   CDf =  0.00535    CDp =  0.09783

 Side 1  free  transition at x/c =  0.0122   30
 Side 2 forced transition at x/c =  1.0000   63

   5   rms: 0.1413E-04   max: -.6049E-04   D at   81  2
       a = 17.750      CL =  1.3477
      Cm = -0.0361     CD =  0.10318   =>   CDf =  0.00535    CDp =  0.09783
      9.000   16.0416   0.103176   0.019927   0.003970  -0.015957    0.0122     #

 Point added to stored polar  1
 Point written to save file  clarky_re430000_clean.polar                     
 Dump file unspecified or not available
 Calculating wake trajectory ...
 Calculating source influence matrix ...

 Solving BL system ...

 Side 1  free  transition at x/c =  0.0122   30
 Side 2 forced transition at x/c =  1.0000   63

   1   rms: 0.2545E-01   max: 0.9165E-01   D at   66  1   RLX: 0.424
       a = 18.000      CL =  1.3483
      Cm = -0.0366     CD =  0.10506   =>   CDf =  0.00535    CDp =  0.09971

 Side 1  free  transition at x/c =  0.0122   30
 Side 2 forced transition at x/c =  1.0000   63

   2   rms: 0.1490E-01   max: 0.5977E-01   D at   67  1
       a = 18.000      CL =  1.3481
      Cm = -0.0374     CD =  0.10747   =>   CDf =  0.00530    CDp =  0.10217

 Side 1  free  transition at x/c =  0.0121   30
 Side 2 forced transition at x/c =  1.0000   63

   3   rms: 0.3171E-02   max: 0.1398E-01   D at   67  1
       a = 18.000      CL =  1.3461
      Cm = -0.0375     CD =  0.10718   =>   CDf =  0.00523    CDp =  0.10195

 Side 1  free  transition at x/c =  0.0121   30
 Side 2 forced transition at x/c =  1.0000   63

   4   rms: 0.1988E-03   max: -.1072E-02   D at   67  1
       a = 18.000      CL =  1.3460
      Cm = -0.0374     CD =  0.10704   =>   CDf =  0.00523    CDp =  0.10181

 Side 1  free  transition at x/c =  0.0121   30
 Side 2 forced transition at x/c =  1.0000   63

   5   rms: 0.2421E-04   max: -.9460E-04   D at   81  2
       a = 18.000      CL =  1.3461
      Cm = -0.0374     CD =  0.10704   =>   CDf =  0.00523    CDp =  0.10181
      9.000   16.4840   0.107040   0.019949   0.004073  -0.015876    0.0121     #

 Point added to stored polar  1
 Point written to save file  clarky_re430000_clean.polar                     
 Dump file unspecified or not available

.OPERva   c>  
 Polar accumulation disabled

.OPERv   c>  
 XFOIL   c>  
--- STDERR ---
